path,git_mode,object_type,git_object_hash,size_bytes,baseline_commit,immutable_legacy,claim_allowed
.gitignore,100644,blob,bd512dcbff3738ec9b030e190209b66b2ff7c370,1054,64175fc355175ff316d0213c811d543865d119d2,False,False
AUTORUN_BLOCKERS.md,100644,blob,a7b5539e5150aab781b5ddddd87669edc04e14ff,442,64175fc355175ff316d0213c811d543865d119d2,False,False
AUTORUN_BLOCKERS_V2.md,100644,blob,b8a767b264f668ecdbd9ba5a0e036c40cea0bf4b,233,64175fc355175ff316d0213c811d543865d119d2,False,False
AUTORUN_LEDGER.jsonl,100644,blob,53f8a845582fd1b7deef13e7b95d2193592baef5,14253,64175fc355175ff316d0213c811d543865d119d2,False,False
AUTORUN_LEDGER_V2.jsonl,100644,blob,ee977dcc331cb33c0c8b599c427b08b05408672b,20495,64175fc355175ff316d0213c811d543865d119d2,False,False
AUTORUN_STATUS.md,100644,blob,d70f43e9cbd9cfcd101520a62bd6f5d757eb4df4,360,64175fc355175ff316d0213c811d543865d119d2,False,False
AUTORUN_STATUS_V2.md,100644,blob,cc13b33ea1165f95d8aa3a0405a5f1a0cb929d58,1009,64175fc355175ff316d0213c811d543865d119d2,False,False
CERTGEN_1K_PILOT_FINAL_EXECUTION_REPORT.md,100644,blob,00582fe9d26ff00cf86cf64d2d7f38cb107d00bb,399,64175fc355175ff316d0213c811d543865d119d2,False,False
CERTGEN_1K_PILOT_STOP_GO_REPORT.md,100644,blob,c8461409b2f3b934033012d6203fbdf54dbb9aec,281,64175fc355175ff316d0213c811d543865d119d2,False,False
CERTGEN_CURRENT_NEXT_ACTION.md,100644,blob,93db10f6b4f31843e9085ffda8fade3769ea49f5,1032,64175fc355175ff316d0213c811d543865d119d2,False,False
CERTGEN_CVPR_100_PERCENT_PRE_RUN_EXECUTION_HANDBOOK.md,100644,blob,26a353c40d927c6e2e32efc923e76694d2678fe2,17513,64175fc355175ff316d0213c811d543865d119d2,False,False
CERTGEN_CVPR_100_PERCENT_PRE_RUN_READINESS_REPORT.md,100644,blob,c9c75219827c110e65b23207e3b7aa94e29bc5eb,4330,64175fc355175ff316d0213c811d543865d119d2,False,False
CERTGEN_CVPR_COMPLETE_EXECUTION_AND_RUN_HANDBOOK.md,100644,blob,66d3e7c834f382f0418bc4695485e6df051d99b7,19958,64175fc355175ff316d0213c811d543865d119d2,False,False
CERTGEN_CVPR_FINAL_EXECUTION_HANDBOOK.md,100644,blob,b049276ea592dd3e8809395f0dd2df9ef0ea1d34,10646,64175fc355175ff316d0213c811d543865d119d2,False,False
CERTGEN_CVPR_FINAL_RUNTIME_HARDENING_REPORT.md,100644,blob,fff5a8928f9fd3d08b5755b24a1a9e5527cf708e,10375,64175fc355175ff316d0213c811d543865d119d2,False,False
CERTGEN_CVPR_FINAL_RUN_READY_CLOSURE_REPORT.md,100644,blob,0fcb2edd021e4737f9e3980055f11f099c1038ab,3210,64175fc355175ff316d0213c811d543865d119d2,False,False
CERTGEN_CVPR_FINAL_RUN_READY_EXECUTION_HANDBOOK.md,100644,blob,76e30ab33c44719c0f7430890fbcaddfe4ef9c7e,16797,64175fc355175ff316d0213c811d543865d119d2,False,False
CERTGEN_CVPR_MAX_PREEXECUTION_BUILD_REPORT.md,100644,blob,6d5b793e75ba38c761c8588f5f77685a9e265716,8355,64175fc355175ff316d0213c811d543865d119d2,False,False
CERTGEN_CVPR_REAL_EXECUTION_CLOSURE_REPORT.md,100644,blob,12bf5369769ac5061dd8d6f3f3cecb09da027ee0,8825,64175fc355175ff316d0213c811d543865d119d2,False,False
CERTGEN_CVPR_RUN_READY_EXECUTION_HANDBOOK.md,100644,blob,4cdc2fecfd18ae2e3a3896467994f20e31d5fda4,24828,64175fc355175ff316d0213c811d543865d119d2,False,False
CERTGEN_EXECUTION_AND_HANDOFF_REPORT.md,100644,blob,74532de27305387eace7af6d2ab98657da136223,1300,64175fc355175ff316d0213c811d543865d119d2,False,False
CERTGEN_FORENSIC_AUDIT_AND_MAXIMUM_CEILING_REPORT.md,100644,blob,9ac44cbe2730b78a520650428c1917f8096667a3,22147,64175fc355175ff316d0213c811d543865d119d2,False,False
CERTGEN_KAGGLE_DEPENDENCY_AND_ASSET_GUIDE.md,100644,blob,1dab9b489118d43e07bd982faedf53c58596d2ef,2447,64175fc355175ff316d0213c811d543865d119d2,False,False
CERTGEN_KAGGLE_INPUT_BUNDLE_CATALOG.md,100644,blob,8133aa0852e161b792f1d4b8e6215036421ae3bd,737,64175fc355175ff316d0213c811d543865d119d2,False,False
CERTGEN_KAGGLE_RUN_LAUNCHBOARD.md,100644,blob,79eb4f15d01d83f52567261ef6e2f554afb59705,3457,64175fc355175ff316d0213c811d543865d119d2,False,False
CERTGEN_KAGGLE_T4X2_EXECUTION_HANDBOOK.md,100644,blob,9ae0e0a755b895c2793819a083875b24bd50204c,1252,64175fc355175ff316d0213c811d543865d119d2,False,False
CERTGEN_KAGGLE_UNIVERSAL_ACCOUNT_HANDBOOK.md,100644,blob,17b26b89805e320eac49caa85238d9aecb03d0f1,5146,64175fc355175ff316d0213c811d543865d119d2,False,False
CERTGEN_MAX_CEILING_EXECUTION_HANDBOOK.md,100644,blob,28828ee422d1e2d8af4349c8243823b053acc8ef,1740,64175fc355175ff316d0213c811d543865d119d2,False,False
CERTGEN_MAX_CEILING_PRE_RUN_READINESS_REPORT.md,100644,blob,c775baab58c4f407b0c59415cff5e6080ac32539,3858,64175fc355175ff316d0213c811d543865d119d2,False,False
CERTGEN_MAX_CEILING_SINGLE_FILE_HANDOFF.md,100644,blob,877fd36822299974410422dcba10b6df82c50d66,1091,64175fc355175ff316d0213c811d543865d119d2,False,False
CERTGEN_PHASE1_NEXT_ACTION.md,100644,blob,f7cb127b77c415efced0d27bdb5948099c7a79aa,359,64175fc355175ff316d0213c811d543865d119d2,False,False
CERTGEN_PHASE1_PRE_GPU_COMPLETION_REPORT.md,100644,blob,c4eed642e2ba095ee5b4427626e48ec083ffefa8,1555,64175fc355175ff316d0213c811d543865d119d2,False,False
CERTGEN_POST_CACHE_FINAL_FIX_REPORT.md,100644,blob,9c3b1d46671d4cbbaf5faa72b0488b1c2dc5b1af,5147,64175fc355175ff316d0213c811d543865d119d2,False,False
CITATION.cff,100644,blob,1f2889d42da9251066bf19618f2db01b3f0837b2,313,64175fc355175ff316d0213c811d543865d119d2,False,False
KAGGLE_ASSET_SETUP.md,100644,blob,8ccad50d1a317bf594b860b7ccc786fde606e26a,2353,64175fc355175ff316d0213c811d543865d119d2,False,False
LICENSE,100644,blob,e3c89aa399478b4a95c780ed89c51a2917537dc5,256,64175fc355175ff316d0213c811d543865d119d2,False,False
README.md,100644,blob,1cefaf05524afe7a86e08ca36e192916618c1ff1,1625,64175fc355175ff316d0213c811d543865d119d2,False,False
artifacts/cvpr/kaggle_inputs/diagnostic/certgen_kaggle_environment_diagnostic_input.zip,100644,blob,d63dcf60719397e7a4c35093c66c4e0d90a0bc72,642545,64175fc355175ff316d0213c811d543865d119d2,True,False
artifacts/cvpr/kaggle_inputs/diagnostic/certgen_kaggle_environment_diagnostic_input.zip.manifest.json,100644,blob,eeec6d4db5d2360f56ccbf54c312afbc23cdb352,110008,64175fc355175ff316d0213c811d543865d119d2,True,False
artifacts/cvpr/kaggle_inputs/diagnostic/certgen_kaggle_environment_diagnostic_input.zip.sha256,100644,blob,82edb8b863a4006ba162559704fbcc8038992cac,114,64175fc355175ff316d0213c811d543865d119d2,True,False
artifacts/cvpr/kaggle_inputs/fixture_only/PHASE1_REHEARSAL.json,100644,blob,c8a3ca7bd2cded02ceb3a7a254551a2b2a694ffd,4663,64175fc355175ff316d0213c811d543865d119d2,True,False
artifacts/cvpr/kaggle_inputs/generation/BUILD_PLAN.json,100644,blob,6e402674734eba5a176de7ce38fcf9b16af6b7af,630,64175fc355175ff316d0213c811d543865d119d2,True,False
artifacts/cvpr/kaggle_inputs/generation/EXPECTED_CONTENTS.json,100644,blob,00295e62b01deca2bcda31e7cc341bdf821ab5f9,446,64175fc355175ff316d0213c811d543865d119d2,True,False
artifacts/cvpr/kaggle_inputs/generation/README_BLOCKED.md,100644,blob,2577ddbe64d6d67b0d7cb8ca82acbcd434c844df,156,64175fc355175ff316d0213c811d543865d119d2,True,False
artifacts/cvpr/kaggle_inputs/preflight/certgen_cvpr_preflight_input.zip,100644,blob,8fbd1814c9ed6922180b4f825da40a859112947f,650144,64175fc355175ff316d0213c811d543865d119d2,True,False
artifacts/cvpr/kaggle_inputs/preflight/certgen_cvpr_preflight_input.zip.manifest.json,100644,blob,505278e1bd3fd3e05947e39eb8b0024134ac66d6,110072,64175fc355175ff316d0213c811d543865d119d2,True,False
artifacts/cvpr/kaggle_inputs/preflight/certgen_cvpr_preflight_input.zip.sha256,100644,blob,ae2682069882a3f6a20975c134cf106dbee8cc79,99,64175fc355175ff316d0213c811d543865d119d2,True,False
artifacts/cvpr/study/cifar_integrity_minimal.yaml,100644,blob,de30656aae924c2200fb6e3a022f5a90fd83b2e2,5255,64175fc355175ff316d0213c811d543865d119d2,True,False
artifacts/max_ceiling/b6882b9e1be0b9f12868c47be44c0f41a522ed45c7a4529ceabd08f38cc991aa/replay/exact_commands.txt,100644,blob,014d91e785032a996b862414ef90ee66559f5deb,2151,64175fc355175ff316d0213c811d543865d119d2,False,False
artifacts/max_ceiling/b6882b9e1be0b9f12868c47be44c0f41a522ed45c7a4529ceabd08f38cc991aa/replay/invalidated_artifacts.json,100644,blob,595583820097041fc5bd96abcf2f0c6cc14dc31e,453,64175fc355175ff316d0213c811d543865d119d2,False,False
artifacts/max_ceiling/b6882b9e1be0b9f12868c47be44c0f41a522ed45c7a4529ceabd08f38cc991aa/replay/replay_plan.json,100644,blob,e984402189806d423b0a08680a8c6b51efd2aefa,1140,64175fc355175ff316d0213c811d543865d119d2,False,False
artifacts/max_ceiling/b6882b9e1be0b9f12868c47be44c0f41a522ed45c7a4529ceabd08f38cc991aa/replay/reusable_artifacts.json,100644,blob,bf9252317409228e9c05afbe52df4188868c62f1,48,64175fc355175ff316d0213c811d543865d119d2,False,False
artifacts/max_ceiling/b6882b9e1be0b9f12868c47be44c0f41a522ed45c7a4529ceabd08f38cc991aa/scale_plan.json,100644,blob,c04b507ba6979022826e7bbd4a1456b1a6784ec7,5167,64175fc355175ff316d0213c811d543865d119d2,False,False
artifacts/max_ceiling/b6882b9e1be0b9f12868c47be44c0f41a522ed45c7a4529ceabd08f38cc991aa/sensitivity_registry.json,100644,blob,c1a206e23ff20b3d93654bffce86d1a95eba5508,2249,64175fc355175ff316d0213c811d543865d119d2,False,False
certGen_report.md,100644,blob,2fb24980aeefa36b3e1650317557a6964f6de2d4,19425,64175fc355175ff316d0213c811d543865d119d2,False,False
certGen_report_v2.md,100644,blob,4248d854ed6fde42c34e5f86f31b2acd4cd4270a,26574,64175fc355175ff316d0213c811d543865d119d2,False,False
certgen/__init__.py,100644,blob,ba294e2d1c2a11e2c72484ed97de25e2972aaecd,46,64175fc355175ff316d0213c811d543865d119d2,False,False
certgen/__main__.py,100644,blob,3d696a4fc80d919a19d2a76d164838b4af9e38ce,61504,64175fc355175ff316d0213c811d543865d119d2,False,False
certgen/analysis/__init__.py,100644,blob,595d2d64ba0c9eae3ec12c74b7de43ea66bd3829,27,64175fc355175ff316d0213c811d543865d119d2,False,False
certgen/analysis/block_size_sensitivity.py,100644,blob,8a5a12c2eb1e368c9396a2c927e126970bab0ff2,4135,64175fc355175ff316d0213c811d543865d119d2,False,False
certgen/analysis/decidedness.py,100644,blob,c54ccf1afe4a8f31ec131b35c229e79cc01c5056,2083,64175fc355175ff316d0213c811d543865d119d2,False,False
certgen/analysis/ranking_stability.py,100644,blob,ab66261f1ba5ea374a195c3af1b8dd900e1996ef,1173,64175fc355175ff316d0213c811d543865d119d2,False,False
certgen/analysis/samples_to_decision.py,100644,blob,7da3a614e98a7f40ee01c5c257bc85838955dbec,1326,64175fc355175ff316d0213c811d543865d119d2,False,False
certgen/audit/__init__.py,100644,blob,2d495ff2099fed2c9885a487cf80b5c2a6a92a10,34,64175fc355175ff316d0213c811d543865d119d2,False,False
certgen/audit/analysis_plan_audit.py,100644,blob,333ff7b43848d08a30f66a57fecdd358ef03b667,4157,64175fc355175ff316d0213c811d543865d119d2,False,False
certgen/audit/claim_contract.py,100644,blob,4785a9bbaca3934bc0880c6ddfe139b8d34638c3,8652,64175fc355175ff316d0213c811d543865d119d2,False,False
certgen/audit/claim_trace_audit_v5.py,100644,blob,e5f0e15603259516b8dd4cd731ff2c1fbb044396,1670,64175fc355175ff316d0213c811d543865d119d2,False,False
certgen/audit/cvpr_final_audit.py,100644,blob,62a8b51908268ddfad2221c88fb700e42f15be58,9016,64175fc355175ff316d0213c811d543865d119d2,False,False
certgen/audit/cvpr_readiness.py,100644,blob,67493da7a29356c8e3cc978a5b2bffb1f1d05a17,3374,64175fc355175ff316d0213c811d543865d119d2,False,False
certgen/audit/final_execution_audit.py,100644,blob,3ef74b2cc5a6a00f3f42c0aadeacd80e9df3ff56,683,64175fc355175ff316d0213c811d543865d119d2,False,False
certgen/audit/final_pre_run_audit.py,100644,blob,dfb9e43b4339effa0478a41fcc5ddb4739b73c90,13211,64175fc355175ff316d0213c811d543865d119d2,False,False
certgen/audit/forensic_final_audit.py,100644,blob,30566aa31b1bfd05a64a336d6b6d035f780f2114,9165,64175fc355175ff316d0213c811d543865d119d2,False,False
certgen/audit/forensic_inventory.py,100644,blob,6479720b5ea147ed2f35d240145ae4fa21288abe,8467,64175fc355175ff316d0213c811d543865d119d2,False,False
certgen/audit/metric_reproduction.py,100644,blob,53aa1a649cda4f26fa2f4b5eeb6449eda3a2e0ff,5694,64175fc355175ff316d0213c811d543865d119d2,False,False
certgen/audit/paper_scaffold_audit.py,100644,blob,f3864e19659e8066403bc5594a640c86fded69b7,2420,64175fc355175ff316d0213c811d543865d119d2,False,False
certgen/audit/preprocessing_lock_audit.py,100644,blob,2f52b30bc9c88fb84630f38bb2b61b57e377a3d4,388,64175fc355175ff316d0213c811d543865d119d2,False,False
certgen/audit/proof_obligation_audit.py,100644,blob,71eb9cc626882aedc4931bafb0f3e6e4e218af2e,3909,64175fc355175ff316d0213c811d543865d119d2,False,False
certgen/audit/r0_cpu_gpu_audit.py,100644,blob,6617e1d9631904c046f595966c8264be736da610,11780,64175fc355175ff316d0213c811d543865d119d2,False,False
certgen/audit/r0_technical_correction_audit.py,100644,blob,098bde60d16bd5e258636614a9b8e7080d0c1b94,297,64175fc355175ff316d0213c811d543865d119d2,False,False
certgen/audit/r1a_sample_materialization_audit.py,100644,blob,9e95bfb69dbe383222dc6b4ca48ff8ba4dca0cec,8027,64175fc355175ff316d0213c811d543865d119d2,False,False
certgen/audit/r1b_generation_package_audit.py,100644,blob,9df0a6a44e4efd1230ec8e2386153c3d1f3d07e5,7586,64175fc355175ff316d0213c811d543865d119d2,False,False
certgen/audit/r1e_first_pilot_audit.py,100644,blob,b16216960b24bc6d42c4983d6a087577f82f8c66,1693,64175fc355175ff316d0213c811d543865d119d2,False,False
certgen/audit/related_work_audit.py,100644,blob,2a80aaae23d41bbd3d87a84e3022beeb53afce02,4405,64175fc355175ff316d0213c811d543865d119d2,False,False
certgen/audit/release_safety_v5.py,100644,blob,3374d0a06e20188e17d6514093038491c00966b6,3656,64175fc355175ff316d0213c811d543865d119d2,False,False
certgen/audit/result_contract_audit.py,100644,blob,a51e90eb4e8824b8b1e9926de0daa563cde684ae,1473,64175fc355175ff316d0213c811d543865d119d2,False,False
certgen/audit/reviewer_harness_audit.py,100644,blob,334e352b968f77f4e55ee32f41d54ce8ec898872,2044,64175fc355175ff316d0213c811d543865d119d2,False,False
certgen/audit/v2_audit.py,100644,blob,2a8dc483e5cd743cd4690b452d04b04003064900,7794,64175fc355175ff316d0213c811d543865d119d2,False,False
certgen/audit/v3_final.py,100644,blob,1def231871392406b235db05ec7679718ce34eb3,11857,64175fc355175ff316d0213c811d543865d119d2,False,False
certgen/audit/v3_intake.py,100644,blob,21355b7f242025037fe450fb1cfc6c575a3ff676,4807,64175fc355175ff316d0213c811d543865d119d2,False,False
certgen/audit/v4_audit.py,100644,blob,bde2841610f3a36d217081868f9640637e8855b8,22193,64175fc355175ff316d0213c811d543865d119d2,False,False
certgen/audit/v4_state_intake.py,100644,blob,b3b95e57b22b958de5f801b616a62078f9ea04e0,5368,64175fc355175ff316d0213c811d543865d119d2,False,False
certgen/audit/v5_audit.py,100644,blob,5d74fe0db78b22072a0a1c37209ba4856f7af8c8,11514,64175fc355175ff316d0213c811d543865d119d2,False,False
certgen/audit/v5_state_intake.py,100644,blob,66c7bc82d7f2362497eba5c5dc82d5bb3705dedd,7422,64175fc355175ff316d0213c811d543865d119d2,False,False
certgen/audit/v7_execution_development_audit.py,100644,blob,9e3eb0d1efd65543d1d0fd8164202dff41356024,3356,64175fc355175ff316d0213c811d543865d119d2,False,False
certgen/audit/v9_execution_supercharger_audit.py,100644,blob,2d4b2f6474d617e51e40ac951cc991fe3184bd20,10880,64175fc355175ff316d0213c811d543865d119d2,False,False
certgen/certs/__init__.py,100644,blob,dc193682bed213c3b4c22be95600bf4356db88c5,36,64175fc355175ff316d0213c811d543865d119d2,False,False
certgen/certs/api.py,100644,blob,efbc1ebc45d55fdf78a4053aa1d9f144015c77ba,12461,64175fc355175ff316d0213c811d543865d119d2,False,False
certgen/certs/batch_certificate.py,100644,blob,9d3833663b2d8a38c5c70b0b0fc02f53c1d105cc,3814,64175fc355175ff316d0213c811d543865d119d2,False,False
certgen/certs/clean_core.py,100644,blob,b5eac18b422aac25139a20c7d5bcf302fa61b7be,3134,64175fc355175ff316d0213c811d543865d119d2,False,False
certgen/certs/confidence_sequence.py,100644,blob,eeff1fc62b44a5b5c61dac9985a48dabcc0a4a45,2806,64175fc355175ff316d0213c811d543865d119d2,False,False
certgen/certs/decision.py,100644,blob,7d6d84715aeb2ac885eea1fb4ad3c2ce6f26de4d,4486,64175fc355175ff316d0213c811d543865d119d2,False,False
certgen/certs/fid_policy.py,100644,blob,02bd86b2409265c179bf97eacd8cd91442f50f9d,1421,64175fc355175ff316d0213c811d543865d119d2,False,False
certgen/certs/io.py,100644,blob,ae89864d93217b175f74ee14e05ce437451137d9,2535,64175fc355175ff316d0213c811d543865d119d2,False,False
certgen/certs/multiple_comparisons.py,100644,blob,6d8004ab71ecd5b4ba09ec57a4ee0c0fe74bf162,5173,64175fc355175ff316d0213c811d543865d119d2,False,False
certgen/certs/replay.py,100644,blob,e6e11fa2c8ae1d92cd91ccad8fe5f1631f3b81ba,3581,64175fc355175ff316d0213c811d543865d119d2,False,False
certgen/certs/sensitivity.py,100644,blob,0573c7c70bec53dfb5595f845818a62abb62eac1,892,64175fc355175ff316d0213c811d543865d119d2,False,False
certgen/certs/stopping.py,100644,blob,fd22165c0cf7840d0799946930e1f3b27e15f5f7,387,64175fc355175ff316d0213c811d543865d119d2,False,False
certgen/cli/__init__.py,100644,blob,e770384c738dfbc143ee721b281de8b3a56a75c6,45,64175fc355175ff316d0213c811d543865d119d2,False,False
certgen/cli/audit_metric_reproduction.py,100644,blob,acb0afea7ab26a561954f683e83a22d2073b92b2,782,64175fc355175ff316d0213c811d543865d119d2,False,False
certgen/cli/build_decidedness_audit.py,100644,blob,b6dff57a60b1191bcbfef5e76d65bf01ff67719e,788,64175fc355175ff316d0213c811d543865d119d2,False,False
certgen/cli/build_paper_artifacts.py,100644,blob,d2fd579676f8d1c02f780dc2707ed28e7f7a2fe7,1515,64175fc355175ff316d0213c811d543865d119d2,False,False
certgen/cli/build_ranking_stability_report.py,100644,blob,ec6b86ce82843d1cb6bd5c3013a347d7b61accba,714,64175fc355175ff316d0213c811d543865d119d2,False,False
certgen/cli/build_real_run_plan.py,100644,blob,5986e97f6340f2616193dbb1514b4b30667945f2,908,64175fc355175ff316d0213c811d543865d119d2,False,False
certgen/cli/build_reference_draw_plan.py,100644,blob,8e37b65c275b6c2c885762623d3addc776049b38,1937,64175fc355175ff316d0213c811d543865d119d2,False,False
certgen/cli/certify_clean_metric.py,100644,blob,b29917f79bd235bcc1b4754aa90117067c2fc24e,2667,64175fc355175ff316d0213c811d543865d119d2,False,False
certgen/cli/check_fid_policy.py,100644,blob,ffe85358264d072c6b2edd808caca1e3864cc2e0,707,64175fc355175ff316d0213c811d543865d119d2,False,False
certgen/cli/generate_feature_notebook.py,100644,blob,71572a1851aaa26fc1ecced12994a1a6d6d855ad,854,64175fc355175ff316d0213c811d543865d119d2,False,False
certgen/cli/lock_preprocessing.py,100644,blob,f32cb1c30c77394f9a468445eb6958422ff6346f,726,64175fc355175ff316d0213c811d543865d119d2,False,False
certgen/cli/make_smoke_artifacts.py,100644,blob,c56b1afdf0d6685687af8a83ab6c9c986647bd74,8550,64175fc355175ff316d0213c811d543865d119d2,False,False
certgen/cli/plan_feature_extraction.py,100644,blob,5be19f215ecedc7c638bbb279a3004ad21db8bbb,2693,64175fc355175ff316d0213c811d543865d119d2,False,False
certgen/cli/plan_first_pilot.py,100644,blob,c015dfedd210a137eaebb44f8f6fcd171787f8a6,1098,64175fc355175ff316d0213c811d543865d119d2,False,False
certgen/cli/plan_first_pilot_v2.py,100644,blob,fa210fffdb98e60da9f338b93612532cdbfbbf6d,920,64175fc355175ff316d0213c811d543865d119d2,False,False
certgen/cli/r0_technical_audit.py,100644,blob,b29e1c22323339e638ccd11b50e87ce8000314e3,10995,64175fc355175ff316d0213c811d543865d119d2,False,False
certgen/cli/render_availability_table.py,100644,blob,c30aa22a67876af417444271ed1d5e9f6775df9f,704,64175fc355175ff316d0213c811d543865d119d2,False,False
certgen/cli/render_certificate_card.py,100644,blob,70c010b9fbd9dd41553a734f0f458961685be7d1,653,64175fc355175ff316d0213c811d543865d119d2,False,False
certgen/cli/render_pilot_report.py,100644,blob,6dace748ab9a0f9eb487460aca4923fb5ee2a42e,636,64175fc355175ff316d0213c811d543865d119d2,False,False
certgen/cli/replay_certificate.py,100644,blob,333e72e63d1274febc55f4c624edd856c444f6c4,769,64175fc355175ff316d0213c811d543865d119d2,False,False
certgen/cli/run_batch_certificates.py,100644,blob,c8e8cb0e364a42ec87826f9f16a5dda404ae84ac,709,64175fc355175ff316d0213c811d543865d119d2,False,False
certgen/cli/run_cifar10_real_pilot.py,100644,blob,bcd59926b9c25eee27abe6fdd4244e7154fc12ab,1491,64175fc355175ff316d0213c811d543865d119d2,False,False
certgen/cli/run_feature_extraction.py,100644,blob,8c22e60bbd4cf0a0b9d36af888a29ee59199e61b,3581,64175fc355175ff316d0213c811d543865d119d2,False,False
certgen/cli/run_first_pilot.py,100644,blob,358623bc3e03e3c38b1bbae73b997b9014fb92d5,821,64175fc355175ff316d0213c811d543865d119d2,False,False
certgen/cli/run_first_real_pilot.py,100644,blob,199b4e00a671a9293662434aa96b3587ef62c2c4,949,64175fc355175ff316d0213c811d543865d119d2,False,False
certgen/cli/run_optional_stopping_lab.py,100644,blob,6c185a570069d0a671405030c8cb484db11b05a0,709,64175fc355175ff316d0213c811d543865d119d2,False,False
certgen/cli/run_release_safety_scan.py,100644,blob,54c9fef3898b20420ad90f0eea7b9581f804c8e7,1503,64175fc355175ff316d0213c811d543865d119d2,False,False
certgen/cli/run_reviewer_attack_harness.py,100644,blob,bc5c36da5dda9963cfae33511fbe142ddefd0253,1166,64175fc355175ff316d0213c811d543865d119d2,False,False
certgen/cli/run_v6_execution_gate.py,100644,blob,4c9238010d54b90fbac7d80298b63a48e15419da,1784,64175fc355175ff316d0213c811d543865d119d2,False,False
certgen/cli/v1_audit.py,100644,blob,8be516e7b2f235afddc82b13f94751a8b64012f7,9648,64175fc355175ff316d0213c811d543865d119d2,False,False
certgen/cli/v2_audit.py,100644,blob,76764ecb5f32f3be41ef54b3ab470934cca762c0,673,64175fc355175ff316d0213c811d543865d119d2,False,False
certgen/cli/v3_audit.py,100644,blob,12725861f5f12b7a790265c35d91beed91030f6c,671,64175fc355175ff316d0213c811d543865d119d2,False,False
certgen/cli/v3_intake_audit.py,100644,blob,09d4120a38a8d0f736db21ef2697bac0429bf261,774,64175fc355175ff316d0213c811d543865d119d2,False,False
certgen/cli/v4_audit.py,100644,blob,e444fa8fb0af2f200e8877ea629be0008eb7e12f,185,64175fc355175ff316d0213c811d543865d119d2,False,False
certgen/cli/v5_audit.py,100644,blob,6ef60b0dcd59bab55cd6871488388d5c5e546c93,193,64175fc355175ff316d0213c811d543865d119d2,False,False
certgen/cli/v5_state_intake.py,100644,blob,f9b2cadb1ace8d757c1ae49601c4660a5b5e3b12,201,64175fc355175ff316d0213c811d543865d119d2,False,False
certgen/cli/validate_config.py,100644,blob,e5a7deef65e097551fa10c0d013b119f07f05ad0,2971,64175fc355175ff316d0213c811d543865d119d2,False,False
certgen/cli/validate_feature_cache.py,100644,blob,a8b6db0c96aefb40e10a9362899d4e6646a71a48,1777,64175fc355175ff316d0213c811d543865d119d2,False,False
certgen/cli/validate_provenance_ledger.py,100644,blob,5ccf6180bfe5f2db463d57116eb79b1416848b22,1098,64175fc355175ff316d0213c811d543865d119d2,False,False
certgen/cli/validate_registry.py,100644,blob,4943e7e538c2bab15212c4d0ecb17213d07b50aa,1044,64175fc355175ff316d0213c811d543865d119d2,False,False
certgen/cli/validate_reported_claims.py,100644,blob,f3306e4c2312de868c10d1a7b53d494f84237d26,1409,64175fc355175ff316d0213c811d543865d119d2,False,False
certgen/cli/validate_repro_capsule.py,100644,blob,7501de233e25b8d98531f14a1e8c0e78dd34667c,1030,64175fc355175ff316d0213c811d543865d119d2,False,False
certgen/cli/validate_v3_registry.py,100644,blob,585129fdb3957b46a536ad33d50358658d2c8a75,1427,64175fc355175ff316d0213c811d543865d119d2,False,False
certgen/commands/__init__.py,100644,blob,d32f3b8e44802da0921606cfc9146cb2ea05dc83,30,64175fc355175ff316d0213c811d543865d119d2,False,False
certgen/commands/generate_v5_command_bundle.py,100644,blob,ce3c2c5d88aed6ca612d3c30d0d68a7adf3a6605,3186,64175fc355175ff316d0213c811d543865d119d2,False,False
certgen/core/__init__.py,100644,blob,3a3d895eb8749313c952fedd886a2f4af0c16735,34,64175fc355175ff316d0213c811d543865d119d2,False,False
certgen/core/enums.py,100644,blob,e80f57dff76df85170db2759a823a9879ef9a5b6,3577,64175fc355175ff316d0213c811d543865d119d2,False,False
certgen/core/hashing.py,100644,blob,00feff5cb948d05d5900b2fd183a190b6265a3e8,1499,64175fc355175ff316d0213c811d543865d119d2,False,False
certgen/core/io.py,100644,blob,e4f49299e44a3ce089492435a08728ac8adb3a85,3826,64175fc355175ff316d0213c811d543865d119d2,False,False
certgen/core/provenance.py,100644,blob,048ff83d3112899b905f62a82517e4b470932608,986,64175fc355175ff316d0213c811d543865d119d2,False,False
certgen/core/status.py,100644,blob,b400497c845427f530c31654d9de6aa38917a630,1712,64175fc355175ff316d0213c811d543865d119d2,False,False
certgen/cvpr/__init__.py,100644,blob,ff109a93d314af72a04d93ab0dd3f447a846a124,376,64175fc355175ff316d0213c811d543865d119d2,False,False
certgen/cvpr/adapter_conformance.py,100644,blob,b508df7abb74584a0f2a39a7be144c9301e27bef,5908,64175fc355175ff316d0213c811d543865d119d2,False,False
certgen/cvpr/analysis.py,100644,blob,89babe9622bc69750704e7a97c29af5f2217e428,15293,64175fc355175ff316d0213c811d543865d119d2,False,False
certgen/cvpr/builder_faithful.py,100644,blob,897677a641fd9dc8c5efa5f82ac92a3bb6c1ef34,32876,64175fc355175ff316d0213c811d543865d119d2,False,False
certgen/cvpr/certificate.py,100644,blob,a690596115ccabdd462e6df9cd5564bda3ec44a8,17694,64175fc355175ff316d0213c811d543865d119d2,False,False
certgen/cvpr/certificate_inputs.py,100644,blob,f831758e21adf5801989bc20b675a7811c7ec784,19172,64175fc355175ff316d0213c811d543865d119d2,False,False
certgen/cvpr/contracts.py,100644,blob,dc8b9671502ceff78dc8c18f8f4db2e1c4933316,8875,64175fc355175ff316d0213c811d543865d119d2,False,False
certgen/cvpr/controls.py,100644,blob,fc10cd20d1c1b81ff44c4e074819c46849aac21c,14994,64175fc355175ff316d0213c811d543865d119d2,False,False
certgen/cvpr/extractor_adapters.py,100644,blob,19dbb28a80138933d3b4d3c2fedbee15d335d1ac,20457,64175fc355175ff316d0213c811d543865d119d2,False,False
certgen/cvpr/family_certificates.py,100644,blob,aa905451947ce6eb687c6f8e0a63ce954bdd270e,7661,64175fc355175ff316d0213c811d543865d119d2,False,False
certgen/cvpr/feature_merge.py,100644,blob,c9bf24de197f138b0b6b20d41f90fa57525f8308,13376,64175fc355175ff316d0213c811d543865d119d2,False,False
certgen/cvpr/fingerprint.py,100644,blob,513988ad4a10642be6c6cd135274d9c5a79f71db,4014,64175fc355175ff316d0213c811d543865d119d2,False,False
certgen/cvpr/gates.py,100644,blob,410b564b68782245834fbb9ed8d050d59a67a259,24755,64175fc355175ff316d0213c811d543865d119d2,False,False
certgen/cvpr/image_manifest.py,100644,blob,2540fd9309c7695d3ffa3a13d8aa6aef80b5e979,12209,64175fc355175ff316d0213c811d543865d119d2,False,False
certgen/cvpr/model_adapters.py,100644,blob,2c540a997088e6809f6ce17b90e0df433ff79706,14674,64175fc355175ff316d0213c811d543865d119d2,False,False
certgen/cvpr/operational.py,100644,blob,cc2b05052e64f12e51ca0663c713efd329b8eb25,7317,64175fc355175ff316d0213c811d543865d119d2,False,False
certgen/cvpr/output_schemas.py,100644,blob,a5a48c12cb71380812ef8e0219be416f1a071be0,14164,64175fc355175ff316d0213c811d543865d119d2,False,False
certgen/cvpr/package.py,100644,blob,987bac6a1ceacec5748cdad4b4f38c5b0c4c748e,23731,64175fc355175ff316d0213c811d543865d119d2,False,False
certgen/cvpr/pilot_stop_go.py,100644,blob,72ec1e0d5b0ef873a571ac32fd29c29158ba44a4,3206,64175fc355175ff316d0213c811d543865d119d2,False,False
certgen/cvpr/post_cache.py,100644,blob,2dd8e84b4c99519d17c4341c45b184729696768e,17156,64175fc355175ff316d0213c811d543865d119d2,False,False
certgen/cvpr/prepare.py,100644,blob,7181e1bc04971c60e6481bbfd9f131e7bc1b40c5,59555,64175fc355175ff316d0213c811d543865d119d2,False,False
certgen/cvpr/profiles.py,100644,blob,fe31def40c3d1711ce8385cace51cd314c470ba0,7044,64175fc355175ff316d0213c811d543865d119d2,False,False
certgen/cvpr/ranking.py,100644,blob,6b3a30dd8ebea257e1dd37af3a4bfa93da4be434,18718,64175fc355175ff316d0213c811d543865d119d2,False,False
certgen/cvpr/readiness.py,100644,blob,e5c55656e3ad2ae8d0f7688af81bdc1ef5b7cc03,6541,64175fc355175ff316d0213c811d543865d119d2,False,False
certgen/cvpr/reference.py,100644,blob,263a2e801595e9c3e97e63107563223387b33147,11965,64175fc355175ff316d0213c811d543865d119d2,False,False
certgen/cvpr/reference_draw.py,100644,blob,da6a5335382d7e5d6b66b48d5bc074d023325ed8,10327,64175fc355175ff316d0213c811d543865d119d2,False,False
certgen/cvpr/registries.py,100644,blob,bfe777429e8538e3ef32f3ab72099ca57b5153e0,14679,64175fc355175ff316d0213c811d543865d119d2,False,False
certgen/cvpr/runtime_planner.py,100644,blob,1e81d241259993963dd24fe409ead2389a2c594c,13948,64175fc355175ff316d0213c811d543865d119d2,False,False
certgen/cvpr/statistical_contract.py,100644,blob,d097658a29d8024e77d26336db8b7d3811da5b7f,1134,64175fc355175ff316d0213c811d543865d119d2,False,False
certgen/cvpr/study.py,100644,blob,62d2cc6581292bcf3223ba8986f3fb9428071937,8612,64175fc355175ff316d0213c811d543865d119d2,False,False
certgen/cvpr/synthetic_runtime.py,100644,blob,dc91e3a3124850d5202a94aaf49ed1514ccfca1d,33163,64175fc355175ff316d0213c811d543865d119d2,False,False
certgen/cvpr/synthetic_validation.py,100644,blob,508e9947f293b3314e0380781d882c32014575e7,3302,64175fc355175ff316d0213c811d543865d119d2,False,False
certgen/data/__init__.py,100644,blob,ad594c7a00adbd956c795e9c0182f4449867dfb9,66,64175fc355175ff316d0213c811d543865d119d2,False,False
certgen/data/autodetect_cifar10_root.py,100644,blob,015fabb217f9f11b875871b0384323baf17e927e,4514,64175fc355175ff316d0213c811d543865d119d2,False,False
certgen/data/build_cifar10_r1_sample_package.py,100644,blob,a991bfa935ff60feab7da94e8757472277fd3517,7892,64175fc355175ff316d0213c811d543865d119d2,False,False
certgen/data/build_cifar10_reference_manifest.py,100644,blob,0c7667b2d8688aa47c747d882e03ebbd817a08e8,12280,64175fc355175ff316d0213c811d543865d119d2,False,False
certgen/data/cifar_reference_super_onramp.py,100644,blob,aaa09f5ecac74dff4ca4a3ccda9e956a66bb75de,16063,64175fc355175ff316d0213c811d543865d119d2,False,False
certgen/discovery/__init__.py,100644,blob,3126a863ca0f13da9161c6502c2413675175bcf7,6294,64175fc355175ff316d0213c811d543865d119d2,False,False
certgen/discovery/audit.py,100644,blob,e282be7813446d4f6db1f2997f08b8980456b3c8,5133,64175fc355175ff316d0213c811d543865d119d2,False,False
certgen/discovery/classify.py,100644,blob,04e4cfc372b2c9f915e4efaf637ad874904e4786,21405,64175fc355175ff316d0213c811d543865d119d2,False,False
certgen/discovery/expected_output.py,100644,blob,00d406fd458efc2e9489955ef2b60dd5851ab4f6,4338,64175fc355175ff316d0213c811d543865d119d2,False,False
certgen/discovery/models.py,100644,blob,258c4f624872465ead478640994ccc732a11af7b,8561,64175fc355175ff316d0213c811d543865d119d2,False,False
certgen/discovery/reports.py,100644,blob,975efbac8ac6f54e9963ec4cc013a0a5debf6d28,509,64175fc355175ff316d0213c811d543865d119d2,False,False
certgen/discovery/roots.py,100644,blob,a1ef9077752f5e50c1de6fb598b1825ef7f987eb,1924,64175fc355175ff316d0213c811d543865d119d2,False,False
certgen/discovery/scan.py,100644,blob,0ae932be07746c863df7448416bc6592d7121b8c,5207,64175fc355175ff316d0213c811d543865d119d2,False,False
certgen/discovery/security.py,100644,blob,678a739fc9f416dc22fb44dd2396f671fc29d548,2687,64175fc355175ff316d0213c811d543865d119d2,False,False
certgen/discovery/select.py,100644,blob,e18983797eb726a8c1c038aa00dea16a983d7866,2159,64175fc355175ff316d0213c811d543865d119d2,False,False
certgen/discovery/simulation.py,100644,blob,cfbb68e08cf72a60e11a5177f8fba46c19d5ab4c,23198,64175fc355175ff316d0213c811d543865d119d2,False,False
certgen/discovery/specialized.py,100644,blob,f4c46a4e5f02d54a9cc892fd544ad432e6f22066,25858,64175fc355175ff316d0213c811d543865d119d2,False,False
certgen/experiments/__init__.py,100644,blob,d243c4dc8e549bc5c6a4be4b59fcd2af09db9c48,50,64175fc355175ff316d0213c811d543865d119d2,False,False
certgen/experiments/optional_stopping_lab.py,100644,blob,d493fa67fc40b0ee64f8701199569a3e9dc0f5bd,5799,64175fc355175ff316d0213c811d543865d119d2,False,False
certgen/experiments/r1_cpu_validation.py,100644,blob,50b2ee34832c021e0631456058f2debca987559d,10058,64175fc355175ff316d0213c811d543865d119d2,False,False
certgen/features/__init__.py,100644,blob,2d8b72534b51b91f9b3d3100677ba837831bc295,41,64175fc355175ff316d0213c811d543865d119d2,False,False
certgen/features/cache_contracts.py,100644,blob,888e34246544349617ade90290fac3914a207e06,383,64175fc355175ff316d0213c811d543865d119d2,False,False
certgen/features/cache_schema.py,100644,blob,18adbdc502707e27ec07e838ee0d6b5b98f54503,732,64175fc355175ff316d0213c811d543865d119d2,False,False
certgen/features/cache_v2.py,100644,blob,8421ad92e6d17742d11b6ef7f721cd078305fbf4,18731,64175fc355175ff316d0213c811d543865d119d2,False,False
certgen/features/cache_validate.py,100644,blob,390123e32255162b161000828c38f266cce6c0bf,5448,64175fc355175ff316d0213c811d543865d119d2,False,False
certgen/features/extract.py,100644,blob,6647d06082ceefb3edfc859cdee1d34095a6ec9c,5498,64175fc355175ff316d0213c811d543865d119d2,False,False
certgen/features/extract_clip.py,100644,blob,18ceaeb52fef3deddc435fd311cbcec4d35f0989,712,64175fc355175ff316d0213c811d543865d119d2,False,False
certgen/features/extract_dinov2.py,100644,blob,7987ffd3ffc517e4ee4dd9a809efbfbc72c11872,720,64175fc355175ff316d0213c811d543865d119d2,False,False
certgen/features/extract_inception.py,100644,blob,f6000dc7928b589abcce7209218987903e1ff86f,732,64175fc355175ff316d0213c811d543865d119d2,False,False
certgen/features/extractors/__init__.py,100644,blob,8f28180bebb69641a5236128190dd1305d6ecdb0,511,64175fc355175ff316d0213c811d543865d119d2,False,False
certgen/features/extractors/base.py,100644,blob,65302628eca311d2e755cdc6a62e99000b5013bf,9095,64175fc355175ff316d0213c811d543865d119d2,False,False
certgen/features/extractors/clip.py,100644,blob,52a8e5930ff480a38104c6f1b4b63a263d3626eb,2448,64175fc355175ff316d0213c811d543865d119d2,False,False
certgen/features/extractors/dinov2.py,100644,blob,3147ebd0a57d0026687df40dcf8290fd19b40d63,1871,64175fc355175ff316d0213c811d543865d119d2,False,False
certgen/features/extractors/inception.py,100644,blob,375d1551edde73edc08d1439333596a7d0c634f6,2699,64175fc355175ff316d0213c811d543865d119d2,False,False
certgen/features/merge_shards.py,100644,blob,5673f3d7ed296d21f5c1131861179ae9d7fca6f1,4690,64175fc355175ff316d0213c811d543865d119d2,False,False
certgen/features/preprocessing.py,100644,blob,5d1f9ba87176e6e4b2ed1dec5563fb84b6ea1686,581,64175fc355175ff316d0213c811d543865d119d2,False,False
certgen/features/protocol_checks.py,100644,blob,12d90779dc2e8fb208f06d2cffe7bcee658cfe00,6846,64175fc355175ff316d0213c811d543865d119d2,False,False
certgen/features/split_by_role.py,100644,blob,60568c0ceb787ed1ac3a251c677a5bfabda4ba87,7143,64175fc355175ff316d0213c811d543865d119d2,False,False
certgen/features/validate_cache.py,100644,blob,208372c9ef64fe9d2b5793189046b929c8794215,2333,64175fc355175ff316d0213c811d543865d119d2,False,False
certgen/fixtures/__init__.py,100644,blob,6431e0af369205c87596d265121a85b145f81c77,49,64175fc355175ff316d0213c811d543865d119d2,False,False
certgen/fixtures/make_v2_feature_fixtures.py,100644,blob,60f7ab9ed268f8a686904531bfa14aae3e35111b,2184,64175fc355175ff316d0213c811d543865d119d2,False,False
certgen/gates/__init__.py,100644,blob,d83f59fc4dcb4d1ea486d442609b9800af32b1b6,51,64175fc355175ff316d0213c811d543865d119d2,False,False
certgen/gates/claim_gate.py,100644,blob,98662453af0c9e2baaab8d9c9a2440572c74dbad,2968,64175fc355175ff316d0213c811d543865d119d2,False,False
certgen/gates/evidence_classification.py,100644,blob,bbc8a765965817da5755303df84f8e2065ad6f74,2462,64175fc355175ff316d0213c811d543865d119d2,False,False
certgen/gates/evidence_gate.py,100644,blob,39e58e6e6457c80230ad2e7d764ca4d640eae027,2641,64175fc355175ff316d0213c811d543865d119d2,False,False
certgen/gates/fid_policy_gate.py,100644,blob,d2c838044db08415c4cee8124761f3e927496214,2329,64175fc355175ff316d0213c811d543865d119d2,False,False
certgen/generation/__init__.py,100644,blob,939bcea67fbfba249cab622716fcd68325480145,47,64175fc355175ff316d0213c811d543865d119d2,False,False
certgen/generation/checkpoint_adapters.py,100644,blob,a4325107466990caf908f64aa9b4feef1f47f646,1174,64175fc355175ff316d0213c811d543865d119d2,False,False
certgen/generation/generate_cifar10_diffusers.py,100644,blob,31497a4440723bc3ce07809f24623dfdec36bda1,10341,64175fc355175ff316d0213c811d543865d119d2,False,False
certgen/generation/generate_samples.py,100644,blob,5f5d60e2d8916076d4d9a1f2b7dcebce486f5bed,1103,64175fc355175ff316d0213c811d543865d119d2,False,False
certgen/generation/merge_sample_manifests.py,100644,blob,744a61537e30c561da094aae0be51e4873056c73,4493,64175fc355175ff316d0213c811d543865d119d2,False,False
certgen/generation/preflight_check_cifar10_checkpoints.py,100644,blob,d49928e8cd684ac75290edb1dd45b8713647dca5,1039,64175fc355175ff316d0213c811d543865d119d2,False,False
certgen/generation/validate_cifar10_generated_pilot.py,100644,blob,1a82c20d03c211b177129f5776fd39168229b948,6286,64175fc355175ff316d0213c811d543865d119d2,False,False
certgen/literature/__init__.py,100644,blob,87450d66231ce3f68a1c73288cbf7ebf3c256907,44,64175fc355175ff316d0213c811d543865d119d2,False,False
certgen/literature/claim_ingest.py,100644,blob,a656b0fbcabdc5e4dd54df8cc35699d32a6b4f83,1477,64175fc355175ff316d0213c811d543865d119d2,False,False
certgen/literature/claim_schema.py,100644,blob,3fc9356bed7ad3d5bb9a87a89a0bdb95c44f94e9,606,64175fc355175ff316d0213c811d543865d119d2,False,False
certgen/literature/claim_trace.py,100644,blob,dd4cdca0cc2a6f9baee9ef3013c3d33a43dda750,1109,64175fc355175ff316d0213c811d543865d119d2,False,False
certgen/max_ceiling/__init__.py,100644,blob,cdfc66c0688a3a34ba8491f759ebd893b4a27fe8,85,64175fc355175ff316d0213c811d543865d119d2,False,False
certgen/max_ceiling/audit.py,100644,blob,0d3133ca1589d6da438932a9e4b408937203d09a,11392,64175fc355175ff316d0213c811d543865d119d2,False,False
certgen/max_ceiling/capsule.py,100644,blob,5c5b6d9d6392c9055daddb766418bd69ba6bab68,12131,64175fc355175ff316d0213c811d543865d119d2,False,False
certgen/max_ceiling/common.py,100644,blob,2903191ba9d4d5da37a0935a231d1d350c72d7e7,3101,64175fc355175ff316d0213c811d543865d119d2,False,False
certgen/max_ceiling/contracts.py,100644,blob,1cceecfbed42728c2703bcebadc0c767d87f43c8,38287,64175fc355175ff316d0213c811d543865d119d2,False,False
certgen/max_ceiling/provenance.py,100644,blob,10b0ff52e7d05643c51a1672d03f281e97b2115d,12187,64175fc355175ff316d0213c811d543865d119d2,False,False
certgen/metrics/__init__.py,100644,blob,90ae2d9d9c7da84da07ea406644f6442ea624b88,59,64175fc355175ff316d0213c811d543865d119d2,False,False
certgen/metrics/cmmd.py,100644,blob,9be7404a2a5a596ec461f5d9d5a5db53169de34c,1049,64175fc355175ff316d0213c811d543865d119d2,False,False
certgen/metrics/fd_dinov2.py,100644,blob,c8a4285cf737fc08c31657e454c02a2aac31e0de,843,64175fc355175ff316d0213c811d543865d119d2,False,False
certgen/metrics/fid.py,100644,blob,3b0225dd7cb7f0de3e93c6ca9f1a713eccb2b6d3,1856,64175fc355175ff316d0213c811d543865d119d2,False,False
certgen/metrics/kernels.py,100644,blob,e2f0a7761d4993ecbe11c25b2e95dcc53fb03202,4991,64175fc355175ff316d0213c811d543865d119d2,False,False
certgen/metrics/kid.py,100644,blob,0af44b13105b9d032d8c3cb153024471cc3b644a,818,64175fc355175ff316d0213c811d543865d119d2,False,False
certgen/metrics/mmd.py,100644,blob,bc4546f26853b1b72b208656a6838d3b4406775c,2556,64175fc355175ff316d0213c811d543865d119d2,False,False
certgen/metrics/registry.py,100644,blob,3937007526cac85d9f8eda1cb44a440fee1467d3,3760,64175fc355175ff316d0213c811d543865d119d2,False,False
certgen/metrics/streams.py,100644,blob,024d8315cba4d05b0b43443830398fd09e2390f5,9103,64175fc355175ff316d0213c811d543865d119d2,False,False
certgen/notebooks/__init__.py,100644,blob,d04d3438e9116c6e380d7e9cb0b756bb813d231a,37,64175fc355175ff316d0213c811d543865d119d2,False,False
certgen/notebooks/cvpr_factory.py,100644,blob,56c0a675a1824f39d1200cccd0936511b03e45ba,24791,64175fc355175ff316d0213c811d543865d119d2,False,False
certgen/notebooks/cvpr_runtime.py,100644,blob,16d69857e86b687fc43f09fe963731e904b7cb5d,3124,64175fc355175ff316d0213c811d543865d119d2,False,False
certgen/notebooks/cvpr_static_analyzer.py,100644,blob,3f917c6c0377b5b465b7c4e885be380aa87e9880,4896,64175fc355175ff316d0213c811d543865d119d2,False,False
certgen/notebooks/environment_bootstrap.py,100644,blob,3a7356aa104a59a1a1d2d9faaf0bdbdba45e77e2,18760,64175fc355175ff316d0213c811d543865d119d2,False,False
certgen/notebooks/final_zip.py,100644,blob,04092e73898bb8ba19ed872e0b6b9b720f24b252,14277,64175fc355175ff316d0213c811d543865d119d2,False,False
certgen/notebooks/generate_feature_notebook.py,100644,blob,2836006fe57d389c5b1842f51b10421df8043bba,1495,64175fc355175ff316d0213c811d543865d119d2,False,False
certgen/notebooks/generation_runtime.py,100644,blob,2bee84afc83a0d77666e8900754ab192a9016bb0,10166,64175fc355175ff316d0213c811d543865d119d2,False,False
certgen/notebooks/kaggle_io.py,100644,blob,32ac41dd201e0a7816faa858294876c4d404c17f,9065,64175fc355175ff316d0213c811d543865d119d2,False,False
certgen/notebooks/model_assets.py,100644,blob,c1e44ce43e1683470c95468e1eeff892105341db,12687,64175fc355175ff316d0213c811d543865d119d2,False,False
certgen/notebooks/network_policy.py,100644,blob,172c099bfddf8ef398ff6c03e15ad8f6ec36eef4,2268,64175fc355175ff316d0213c811d543865d119d2,False,False
certgen/notebooks/preprocessing_contract.py,100644,blob,8920fe991d120733d605c7071e264d1375f10dd7,7138,64175fc355175ff316d0213c811d543865d119d2,False,False
certgen/notebooks/run_state.py,100644,blob,d14ae34524240e88fb23c85e478ed904946ef612,6259,64175fc355175ff316d0213c811d543865d119d2,False,False
certgen/notebooks/subprocess_orchestrator.py,100644,blob,3ef87de06d2cb1c1c2040a0d214ac94d5f4efe45,13679,64175fc355175ff316d0213c811d543865d119d2,False,False
certgen/notebooks/trusted_bootstrap.py,100644,blob,71eb4506d7733394d1b057c705787315d22e7eba,21546,64175fc355175ff316d0213c811d543865d119d2,False,False
certgen/notebooks/v9_static_analyzer.py,100644,blob,b0fff8c821b6d34d7c7174af8a14bd75a04a2744,6557,64175fc355175ff316d0213c811d543865d119d2,False,False
certgen/notebooks/validate_kaggle_notebooks.py,100644,blob,80e849e8ba747ac25804fe2b6a411d1e91ccc5fb,1591,64175fc355175ff316d0213c811d543865d119d2,False,False
certgen/notebooks/worker_contract.py,100644,blob,0ccdd479cee4cb6431c25d08e9b772fb9fb7323d,4862,64175fc355175ff316d0213c811d543865d119d2,False,False
certgen/notebooks/workers/__init__.py,100644,blob,a616a91ee8fc2485441864f7e8828437a130ae5e,89,64175fc355175ff316d0213c811d543865d119d2,False,False
certgen/notebooks/workers/common.py,100644,blob,a91182daf124bb5ffaa56b1c3cc1e15937971ef5,2169,64175fc355175ff316d0213c811d543865d119d2,False,False
certgen/notebooks/workers/diagnostic_worker.py,100644,blob,5034351fd866ec84c8156027e4b4939f96ad86d4,3768,64175fc355175ff316d0213c811d543865d119d2,False,False
certgen/notebooks/workers/extractor_preflight_worker.py,100644,blob,a1aa4601e5c5cad8615e15869a3375fa05a11ca3,7495,64175fc355175ff316d0213c811d543865d119d2,False,False
certgen/notebooks/workers/fake_generation_worker.py,100644,blob,7a04c8a572ae8ade6b992ff8356d4f709ae7fb2f,3775,64175fc355175ff316d0213c811d543865d119d2,False,False
certgen/notebooks/workers/fake_worker.py,100644,blob,54f30820dfb940480202d7189dc8b30d79fa706b,2004,64175fc355175ff316d0213c811d543865d119d2,False,False
certgen/notebooks/workers/feature_worker.py,100644,blob,3f3a6fde5f9bfd120c1a42d86ae281b4f0ba27b8,8770,64175fc355175ff316d0213c811d543865d119d2,False,False
certgen/notebooks/workers/generation_worker.py,100644,blob,4a3f0b70cc7e20dbaa54852a5f3ead3f2641b051,7505,64175fc355175ff316d0213c811d543865d119d2,False,False
certgen/notebooks/workers/preflight_worker.py,100644,blob,9eacf781ee957ea87e5fba95db63161195fb8ba0,12944,64175fc355175ff316d0213c811d543865d119d2,False,False
certgen/packaging/__init__.py,100644,blob,c7a6915198a916b2e807c3cdac7c9ae7a43d3c60,114,64175fc355175ff316d0213c811d543865d119d2,False,False
certgen/packaging/artifact_registry.py,100644,blob,13a008f34d46191754ceab671526b31b66d931f8,7533,64175fc355175ff316d0213c811d543865d119d2,False,False
certgen/packaging/build_kaggle_feature_input_zip.py,100644,blob,fa9d143bf6769445ad7bebf876d8c9918bbfd1f0,10020,64175fc355175ff316d0213c811d543865d119d2,False,False
certgen/packaging/build_kaggle_generation_input_zip.py,100644,blob,392323cec2af0850bf51e64ee4e755cb5747c4eb,7066,64175fc355175ff316d0213c811d543865d119d2,False,False
certgen/packaging/common.py,100644,blob,e49226b1c3ec367f8d243b87064e0de91e4d7135,13013,64175fc355175ff316d0213c811d543865d119d2,False,False
certgen/packaging/import_kaggle_feature_outputs.py,100644,blob,aa721210076724690fff72a8a873d0248f325af5,4774,64175fc355175ff316d0213c811d543865d119d2,False,False
certgen/packaging/import_kaggle_generation_outputs.py,100644,blob,26364500649c67e4daa4983e9a0a079f40a93aa5,4523,64175fc355175ff316d0213c811d543865d119d2,False,False
certgen/packaging/kaggle_dataset_manifest.py,100644,blob,5195066a52aef57cd151a71e9b0e31ed3bd832d3,1285,64175fc355175ff316d0213c811d543865d119d2,False,False
certgen/packaging/prepare_kaggle_dataset_folder.py,100644,blob,a6f816c4cb625abd4ba47ad483c912092458d78f,1407,64175fc355175ff316d0213c811d543865d119d2,False,False
certgen/packaging/v9_import_repair.py,100644,blob,b11ab3dfdf0b45d650684bc218e64d0647507a0a,23926,64175fc355175ff316d0213c811d543865d119d2,False,False
certgen/packaging/validate_cifar10_reference_manifest.py,100644,blob,19b9f29e014ff021088299fd33200b03d9822a57,5279,64175fc355175ff316d0213c811d543865d119d2,False,False
certgen/packaging/validate_kaggle_feature_output_zip.py,100644,blob,9e0e0ee1b319a08d740abd668b7d9fac0129fc7d,4986,64175fc355175ff316d0213c811d543865d119d2,False,False
certgen/packaging/validate_kaggle_generation_output_zip.py,100644,blob,b2757b37cbc9b871eeb2495f9fae9ba306aac7fe,7436,64175fc355175ff316d0213c811d543865d119d2,False,False
certgen/paper/__init__.py,100644,blob,68359d99dcf892c7b5e7e103c96c5bb6dde236d1,31,64175fc355175ff316d0213c811d543865d119d2,False,False
certgen/paper/audit_result_injection_gate.py,100644,blob,9e7c4c39f2695c3007898b0e6c1b6c0e80cb4ea2,1732,64175fc355175ff316d0213c811d543865d119d2,False,False
certgen/paper/result_injection.py,100644,blob,31e110904c9e124a406e1250f7736ba6d35f8ae5,4591,64175fc355175ff316d0213c811d543865d119d2,False,False
certgen/paper/v9_paper_firewall.py,100644,blob,8934e7c358a4a8c87045ea08a3a466ee9df49914,5603,64175fc355175ff316d0213c811d543865d119d2,False,False
certgen/phase1/__init__.py,100644,blob,ce2420df02b2d93151153f82f924e331e29109c6,116,64175fc355175ff316d0213c811d543865d119d2,False,False
certgen/phase1/assets.py,100644,blob,1854abe1bb95196e04100e6612e61fee6335a3dc,2371,64175fc355175ff316d0213c811d543865d119d2,False,False
certgen/phase1/audit.py,100644,blob,fe419e753a3ed5cb8520cdcfb4851b6ecc8d5393,11697,64175fc355175ff316d0213c811d543865d119d2,False,False
certgen/phase1/kaggle.py,100644,blob,e2e68201a635a074ccf4c028d57940fb1a4de067,31717,64175fc355175ff316d0213c811d543865d119d2,False,False
certgen/phase1/notebooks.py,100644,blob,dfdce183c3731d3b3672ba4dd58c44a2c36d7f53,19773,64175fc355175ff316d0213c811d543865d119d2,False,False
certgen/phase1/rehearsal.py,100644,blob,6f08e3563de2eff70c81f432203ef04a8c844259,5782,64175fc355175ff316d0213c811d543865d119d2,False,False
certgen/phase1/reporting.py,100644,blob,06d4579522ad7c582fe7041719eb49c498800a2f,12538,64175fc355175ff316d0213c811d543865d119d2,False,False
certgen/phase1/state.py,100644,blob,5763e55df33f276ed40e6938e237a0562134cd08,3823,64175fc355175ff316d0213c811d543865d119d2,False,False
certgen/pilot/__init__.py,100644,blob,d5445d525f00c955607de1f216a0dac48c2710c0,38,64175fc355175ff316d0213c811d543865d119d2,False,False
certgen/pilot/first_pilot_v2.py,100644,blob,ce6febaaf08494cc29403f8a0d18d2314f441868,3544,64175fc355175ff316d0213c811d543865d119d2,False,False
certgen/pilot/orchestrator.py,100644,blob,71567b99baa2157e4c327427f6a343e6dd547cab,5978,64175fc355175ff316d0213c811d543865d119d2,False,False
certgen/pilots/__init__.py,100644,blob,bef321c1aca326a68aca9046e995b9a162d12769,30,64175fc355175ff316d0213c811d543865d119d2,False,False
certgen/pilots/registry.py,100644,blob,c6a130babb5b4cce80fc3cb454e6f19d539859fa,4906,64175fc355175ff316d0213c811d543865d119d2,False,False
certgen/pipeline/__init__.py,100644,blob,30feb2c6d1e7c5d1fab84c2830f5c66d840500b8,38,64175fc355175ff316d0213c811d543865d119d2,False,False
certgen/pipeline/cifar10_real_pilot.py,100644,blob,c3187d8452265d53ef5786836f8de0952e9d0b33,26485,64175fc355175ff316d0213c811d543865d119d2,False,False
certgen/pipeline/first_real_pilot.py,100644,blob,6b0cbdf5d330aaca7fe95b9b0494e6e8f7ff3c38,2044,64175fc355175ff316d0213c811d543865d119d2,False,False
certgen/pipeline/v6_execution.py,100644,blob,8cc0cb6d0bb7366f02d6469c6f7f828fc82871cf,36258,64175fc355175ff316d0213c811d543865d119d2,False,False
certgen/pipeline/v9_execution_dashboard.py,100644,blob,f917bdb697b3838dd04b9c757172a34e48dc1c5a,4865,64175fc355175ff316d0213c811d543865d119d2,False,False
certgen/pipeline/v9_next_action.py,100644,blob,41e1d2e33f92a1e1498fe04d20244d1597706fa0,44810,64175fc355175ff316d0213c811d543865d119d2,False,False
certgen/pipeline/v9_runtime_budget_planner.py,100644,blob,2e1d8ebe76f489284a9845d5d4c6c9f44495d3b5,3065,64175fc355175ff316d0213c811d543865d119d2,False,False
certgen/preprocess/__init__.py,100644,blob,aaa7a32eb8d7dc4f43bf3eefc252bef2a8af42b6,27,64175fc355175ff316d0213c811d543865d119d2,False,False
certgen/preprocess/locks.py,100644,blob,484e333f11037e6ccd9d6078fcdad49a5d426afa,2300,64175fc355175ff316d0213c811d543865d119d2,False,False
certgen/provenance/__init__.py,100644,blob,f2a4e616e13b4c056702aef305509d5877aa2d31,42,64175fc355175ff316d0213c811d543865d119d2,False,False
certgen/provenance/ledger.py,100644,blob,7574447dd8fa559be949a9027920654cf0ab0e84,926,64175fc355175ff316d0213c811d543865d119d2,False,False
certgen/provenance/real_run_plan.py,100644,blob,bb4d9f221b567ca58cfdf423d223ba1388f2ae44,3811,64175fc355175ff316d0213c811d543865d119d2,False,False
certgen/registry/__init__.py,100644,blob,4384f06fbc54bb11e846b168575b5593844aa0e3,42,64175fc355175ff316d0213c811d543865d119d2,False,False
certgen/registry/provenance.py,100644,blob,28b447b8dd38c832af8e43bc8e4688dc712ccca1,4729,64175fc355175ff316d0213c811d543865d119d2,False,False
certgen/registry/schemas.py,100644,blob,325f3c2d6dfeb9a7853f1cbdafdb9e9cc3ac88e5,975,64175fc355175ff316d0213c811d543865d119d2,False,False
certgen/registry/v3_schema.py,100644,blob,8977d0165f281759626de1a619707b274bd281a3,4257,64175fc355175ff316d0213c811d543865d119d2,False,False
certgen/registry/validate.py,100644,blob,59b46628f1f87f868df8f31e070d48c4f9c000b8,2860,64175fc355175ff316d0213c811d543865d119d2,False,False
certgen/registry/validate_multibench_candidates.py,100644,blob,0aef12c7d495e6ebff84a59f5a3d2bd6fb1e8614,1531,64175fc355175ff316d0213c811d543865d119d2,False,False
certgen/release/__init__.py,100644,blob,381e2bc5975230b2b2b62bb1224aa9b8926ed413,30,64175fc355175ff316d0213c811d543865d119d2,False,False
certgen/release/archive.py,100644,blob,426bf4a1c9be6e3ea43144c11f1850bc9073eaec,16996,64175fc355175ff316d0213c811d543865d119d2,False,False
certgen/release/capsule.py,100644,blob,8aa961bf885d53bfab7384a497cb23f56cebe1d4,1305,64175fc355175ff316d0213c811d543865d119d2,False,False
certgen/release/license_scan.py,100644,blob,406898b9ece77c6c4fd54247e5255957680e62f7,477,64175fc355175ff316d0213c811d543865d119d2,False,False
certgen/release/privacy_scan.py,100644,blob,aa90d5afb3efd87bb4ee2978dd7f16ae918ce64e,807,64175fc355175ff316d0213c811d543865d119d2,False,False
certgen/reporting/__init__.py,100644,blob,c28a3d8237ad66a363cc61d46d992d306b1cbf26,32,64175fc355175ff316d0213c811d543865d119d2,False,False
certgen/reporting/audit_summary.py,100644,blob,eb938685719bc51a1d60db7d01683ae460fbf252,481,64175fc355175ff316d0213c811d543865d119d2,False,False
certgen/reporting/certificate_card.py,100644,blob,ae4a73050f31cf7f56ea58c72b3028cbb664e2dd,2938,64175fc355175ff316d0213c811d543865d119d2,False,False
certgen/reporting/certificate_report.py,100644,blob,ba19b766d73bce577247dad4c182a21319317c4f,1926,64175fc355175ff316d0213c811d543865d119d2,False,False
certgen/reporting/figures.py,100644,blob,866639f3bf76e7a94dcf4ef8cca38885d8f3fc0d,463,64175fc355175ff316d0213c811d543865d119d2,False,False
certgen/reporting/optional_stopping_report.py,100644,blob,71c814030daf1a1b334af7eca09bd5cad3dba132,1244,64175fc355175ff316d0213c811d543865d119d2,False,False
certgen/reporting/pilot_cards.py,100644,blob,bf2141aecd994c0839a7deb20f10c4a8811a6b11,2976,64175fc355175ff316d0213c811d543865d119d2,False,False
certgen/reporting/result_cards.py,100644,blob,b18b7008a190567b9de689c1f76bbea8dcd9348d,505,64175fc355175ff316d0213c811d543865d119d2,False,False
certgen/reporting/result_contracts.py,100644,blob,f1563a68159ebd3eed3fc57cbc06e4b5ea1381ea,5187,64175fc355175ff316d0213c811d543865d119d2,False,False
certgen/reporting/tables.py,100644,blob,a32555ed76590a48d278edb7b705e9768002ce60,360,64175fc355175ff316d0213c811d543865d119d2,False,False
certgen/reporting/v2_summary.py,100644,blob,09a0c93e33d2ac6f36698e187c47d34b42989a5b,182,64175fc355175ff316d0213c811d543865d119d2,False,False
certgen/review/__init__.py,100644,blob,17bc0c7a17b79b1b48442964f681185efe700020,31,64175fc355175ff316d0213c811d543865d119d2,False,False
certgen/review/attacks.py,100644,blob,d702a4c0ef5ebd8070e6d67d6ebd9f1c4dffca47,1673,64175fc355175ff316d0213c811d543865d119d2,False,False
certgen/review/reviewer_simulator.py,100644,blob,ec255e95a5bbeefcf1b40f55f66da0d8425e7863,2753,64175fc355175ff316d0213c811d543865d119d2,False,False
certgen/review/score_simulator.py,100644,blob,07627dba60f7b28e7d1c1054e76307570b0bae73,497,64175fc355175ff316d0213c811d543865d119d2,False,False
certgen/runledger/__init__.py,100644,blob,5fcabf55ce52cd45bb74f9f5536e3f73d86e0ff1,35,64175fc355175ff316d0213c811d543865d119d2,False,False
certgen/runledger/ledger.py,100644,blob,25402a96dcd9a2ce264bb5431609d70e6fed93f1,2658,64175fc355175ff316d0213c811d543865d119d2,False,False
certgen/runledger/render_dashboard.py,100644,blob,9d22cb5484eaf12671bc51eba7f7f53be6ec251d,700,64175fc355175ff316d0213c811d543865d119d2,False,False
certgen/runledger/update_stage.py,100644,blob,86cedf63ef68667f03283954e1dab9f8098d29a1,1037,64175fc355175ff316d0213c811d543865d119d2,False,False
certgen/schemas/__init__.py,100644,blob,af961ee6f426e207f9258d1ad822cff2e1c09c01,598,64175fc355175ff316d0213c811d543865d119d2,False,False
certgen/schemas/audit_record.py,100644,blob,e828ee1c43bf7d110e1509ae3f762c3553b21292,364,64175fc355175ff316d0213c811d543865d119d2,False,False
certgen/schemas/certificate.py,100644,blob,7f9adb272d703d850010e21963bd0fdf318e0f98,516,64175fc355175ff316d0213c811d543865d119d2,False,False
certgen/schemas/comparison.py,100644,blob,10ceb99252d23140c609c00b15878d0ca5f811d7,296,64175fc355175ff316d0213c811d543865d119d2,False,False
certgen/schemas/dataset.py,100644,blob,5714dcedab6d25197558cfa7bf8cf412dc0be044,288,64175fc355175ff316d0213c811d543865d119d2,False,False
certgen/schemas/feature_manifest.py,100644,blob,629b6404f74c772b1ecc3d6e73a5bd696408466c,344,64175fc355175ff316d0213c811d543865d119d2,False,False
certgen/schemas/metric.py,100644,blob,56aa528805bb961c45e0968efe7688f8184c9e02,279,64175fc355175ff316d0213c811d543865d119d2,False,False
certgen/schemas/model.py,100644,blob,28bef3b19a9f4d1b04ad6560a5e4a731c1b61615,262,64175fc355175ff316d0213c811d543865d119d2,False,False
certgen/stats/__init__.py,100644,blob,83f578cb411409463d8b17fbd584ce63fe4099cb,271,64175fc355175ff316d0213c811d543865d119d2,False,False
certgen/stats/bounds.py,100644,blob,3932fe5fa7e1a73d22ec04a5efc9de4708f1e5bf,1712,64175fc355175ff316d0213c811d543865d119d2,False,False
certgen/stats/cs.py,100644,blob,afb276a9926d1ecaf9a4ea4067012d91077c1dcd,7255,64175fc355175ff316d0213c811d543865d119d2,False,False
certgen/stats/dependence_diagnostics.py,100644,blob,56e211a179f7639a75a800d27fefe971a4b651d8,1619,64175fc355175ff316d0213c811d543865d119d2,False,False
certgen/stats/design_contracts.py,100644,blob,d0f56374c15b7220d4ea20435d8714447991d544,2336,64175fc355175ff316d0213c811d543865d119d2,False,False
certgen/stats/e_values.py,100644,blob,46a72cee90772a0ce69c848cda49a8ac750cfa11,3422,64175fc355175ff316d0213c811d543865d119d2,False,False
certgen/stats/optional_stopping_lab.py,100644,blob,6fcc33ea6b48b075303ec99ccc747ac185a37b4d,4315,64175fc355175ff316d0213c811d543865d119d2,False,False
certgen/stats/reference_sampling.py,100644,blob,7f0dd881c4ba6722d607c07d0319b16f59635f9a,9498,64175fc355175ff316d0213c811d543865d119d2,False,False
certgen/stats/streams.py,100644,blob,235f58d27cc99acc8ad9ba0d7e0701c42dab5605,938,64175fc355175ff316d0213c811d543865d119d2,False,False
certgen/visualization/__init__.py,100644,blob,3a1c1996fc4c1cb1da3c5d7831a21c7129c052d5,187,64175fc355175ff316d0213c811d543865d119d2,False,False
certgen/visualization/factory.py,100644,blob,30a3bc7c6cb01461d75b89e8f74dea780dbaf835,12543,64175fc355175ff316d0213c811d543865d119d2,False,False
commands/cpu/run_all_available_cpu_stages.sh,100644,blob,6979d6ee25ab505138fe0303911ae3a7552c9303,153,64175fc355175ff316d0213c811d543865d119d2,False,False
commands/r0_cpu/00_validate_environment_cpu.sh,100755,blob,a4538b5d1d1ba83a6e385fe7c0e1eb0697d23c70,913,64175fc355175ff316d0213c811d543865d119d2,False,False
commands/r0_cpu/01_validate_provenance.sh,100755,blob,c48de3397a156942e64f8c1b6c9fb6ba0402ed8e,430,64175fc355175ff316d0213c811d543865d119d2,False,False
commands/r0_cpu/02_validate_feature_caches.sh,100755,blob,2dc2cdf3f2ac33c2981a17e7b967804005c5737b,816,64175fc355175ff316d0213c811d543865d119d2,False,False
commands/r0_cpu/03_reproduce_metric_from_features.sh,100755,blob,260469d041bfc2c8be4747135791a9c2f8f4e617,408,64175fc355175ff316d0213c811d543865d119d2,False,False
commands/r0_cpu/04_run_clean_core_certificates_cpu.sh,100755,blob,56a7dfb135316ac54f7c8743d7e639612cf98c83,1531,64175fc355175ff316d0213c811d543865d119d2,False,False
commands/r0_cpu/05_run_optional_stopping_lab_cpu.sh,100755,blob,cc24cd2211a7291d8bd1e2cc1bbf18fa6e1da6ae,348,64175fc355175ff316d0213c811d543865d119d2,False,False
commands/r0_cpu/06_generate_pilot_report_cpu.sh,100755,blob,567a726fd10cd911c73caa0b0b416fdfde0b936a,917,64175fc355175ff316d0213c811d543865d119d2,False,False
commands/r0_cpu/07_run_r0_audit_cpu.sh,100755,blob,bdea82d9440c9dc4b6084abaedcec1943b5fc794,266,64175fc355175ff316d0213c811d543865d119d2,False,False
commands/r1b_cpu/00_materialize_cifar10_reference_from_local_root.sh,100755,blob,dade2a82e59ec877c5f4a0a93b4da2148fd8dd77,602,64175fc355175ff316d0213c811d543865d119d2,False,False
commands/r1b_cpu/00b_materialize_cifar10_reference_from_official_archive.sh,100755,blob,1175a2fae2eb85378f26758fdcd453ad87c5617a,632,64175fc355175ff316d0213c811d543865d119d2,False,False
commands/r1b_cpu/00c_validate_reference_manifest.sh,100755,blob,f3b02b67ab149d60f1e6a8d88d37ca8ee9a25700,625,64175fc355175ff316d0213c811d543865d119d2,False,False
commands/r1b_cpu/01_validate_generated_manifests.sh,100755,blob,8178cb857013ee24793fa96eb4bb83585b9a9209,631,64175fc355175ff316d0213c811d543865d119d2,False,False
commands/r1b_cpu/02_build_feature_extraction_package.sh,100755,blob,f3b02b67ab149d60f1e6a8d88d37ca8ee9a25700,625,64175fc355175ff316d0213c811d543865d119d2,False,False
commands/r1b_kaggle_generation/00_generate_1000_per_model_t4x2.sh,100755,blob,fc49c48ac277618ca90a277ce7e135b8b5ae6496,1897,64175fc355175ff316d0213c811d543865d119d2,False,False
commands/r1c_kaggle_feature_extraction/00_extract_inception_clip_t4x2.sh,100755,blob,1686582468ba77938b8e04a2fe696be45bb8726e,3820,64175fc355175ff316d0213c811d543865d119d2,False,False
commands/r1d_cpu/00_validate_feature_caches.sh,100755,blob,497bb91353560272bfc36f978ef63a132d3f8069,229,64175fc355175ff316d0213c811d543865d119d2,False,False
commands/r1d_cpu/01_run_metric_sanity_gates.sh,100755,blob,497bb91353560272bfc36f978ef63a132d3f8069,229,64175fc355175ff316d0213c811d543865d119d2,False,False
commands/r1e_cpu/00_run_first_certificate_pilot.sh,100755,blob,8659248c6e120f51fd358ef156896a7e39c57225,318,64175fc355175ff316d0213c811d543865d119d2,False,False
commands/r2_cpu/00_validate_10k_package.sh,100755,blob,6f8553aead146aadce8bebcc8c950109855b4e30,160,64175fc355175ff316d0213c811d543865d119d2,False,False
commands/r2_cpu/01_run_10k_certificates.sh,100755,blob,6f8553aead146aadce8bebcc8c950109855b4e30,160,64175fc355175ff316d0213c811d543865d119d2,False,False
commands/r2_cpu/02_validate_50k_package.sh,100755,blob,6f8553aead146aadce8bebcc8c950109855b4e30,160,64175fc355175ff316d0213c811d543865d119d2,False,False
commands/r2_cpu/03_run_50k_certificates.sh,100755,blob,6f8553aead146aadce8bebcc8c950109855b4e30,160,64175fc355175ff316d0213c811d543865d119d2,False,False
commands/r2_kaggle_feature_extraction/00_extract_10k_inception_clip_t4x2.sh,100755,blob,19ab62aac1d372b3039cc8761410eb9ef82e78f9,493,64175fc355175ff316d0213c811d543865d119d2,False,False
commands/r2_kaggle_feature_extraction/01_extract_50k_inception_clip_t4x2.sh,100755,blob,d7a6c440677a91f0c11dd92bfa19bc1e37f94c31,489,64175fc355175ff316d0213c811d543865d119d2,False,False
commands/r2_kaggle_generation/00_generate_10000_per_model_t4x2.sh,100755,blob,5294a89ad6284bb736129619bbbfdb877f1ae8c3,1547,64175fc355175ff316d0213c811d543865d119d2,False,False
commands/r2_kaggle_generation/01_generate_50000_per_model_t4x2.sh,100755,blob,64ec35fb21579a8d0f4f949aa1fecc35dc900a1e,409,64175fc355175ff316d0213c811d543865d119d2,False,False
commands/v5/00_validate_state.sh,100755,blob,c88bde9aac60b69451d9955daab14772c6c03b2e,221,64175fc355175ff316d0213c811d543865d119d2,False,False
commands/v5/01_validate_provenance_ledger.sh,100755,blob,a8406452572d9366933ac0239e9d7bc14a586d44,375,64175fc355175ff316d0213c811d543865d119d2,False,False
commands/v5/02_validate_or_materialize_feature_caches.sh,100755,blob,144e6fe8ebe82a9f8cfc9d8ac6daac7d2f138e31,457,64175fc355175ff316d0213c811d543865d119d2,False,False
commands/v5/03_reproduce_metric_point_estimate.sh,100755,blob,860238fd6389a1feb11e0dc5a981d59211fe44ad,357,64175fc355175ff316d0213c811d543865d119d2,False,False
commands/v5/04_run_first_clean_core_pilot_nonclaim.sh,100755,blob,2e12737d98ebfe91acbb27ee5c823c4f8d4d6329,405,64175fc355175ff316d0213c811d543865d119d2,False,False
commands/v5/05_render_pilot_report_card_nonclaim.sh,100755,blob,2ceba5147a6331441191da3edd6a35b8e38576b2,293,64175fc355175ff316d0213c811d543865d119d2,False,False
commands/v5/06_v5_final_audit.sh,100755,blob,7cf5e9d62a2c6ea3a1b5dbad865675cfec586fc0,212,64175fc355175ff316d0213c811d543865d119d2,False,False
commands/v6_cpu_execution/00_check_local_prereqs.sh,100755,blob,a3ad11ef76622f0879410a8b3003da5b87a009cd,456,64175fc355175ff316d0213c811d543865d119d2,False,False
commands/v6_cpu_execution/01_materialize_reference_from_local_root.sh,100755,blob,4dd1ec7e47b041d94ec333c75232264d9e15b827,240,64175fc355175ff316d0213c811d543865d119d2,False,False
commands/v6_cpu_execution/01b_materialize_reference_from_official_archive.sh,100755,blob,da662eb4f47c0fb284c8333ba6dbb2eead18658a,293,64175fc355175ff316d0213c811d543865d119d2,False,False
commands/v6_cpu_execution/02_validate_reference_manifest.sh,100755,blob,8a9e333d0fd270e725a8d468e4ac278855753b44,449,64175fc355175ff316d0213c811d543865d119d2,False,False
commands/v6_cpu_execution/03_create_kaggle_generation_input_zip.sh,100755,blob,ba398691f4aec369b2a8fc9d59d32db5a73969d4,637,64175fc355175ff316d0213c811d543865d119d2,False,False
commands/v6_cpu_execution/04_validate_copied_back_generation_outputs.sh,100755,blob,686dd19de49690479d7875108548478cea154ab1,678,64175fc355175ff316d0213c811d543865d119d2,False,False
commands/v6_cpu_execution/05_build_feature_extraction_sample_package.sh,100755,blob,2d0b0bd777eebc281343f688b1e8049ce18a09d9,160,64175fc355175ff316d0213c811d543865d119d2,False,False
commands/v6_cpu_execution/06_create_kaggle_feature_extraction_input_zip.sh,100755,blob,dbf8c2b986d5322d81010f5d8cedf636b640be7a,1018,64175fc355175ff316d0213c811d543865d119d2,False,False
commands/v6_cpu_execution/07_validate_copied_back_feature_caches.sh,100755,blob,9832df375c836a200a4699464a5916132cd805bd,464,64175fc355175ff316d0213c811d543865d119d2,False,False
commands/v6_cpu_execution/08_split_feature_caches_by_role.sh,100755,blob,e8b99ec0446780f20e71267be1e637b1e089cea6,980,64175fc355175ff316d0213c811d543865d119d2,False,False
commands/v6_cpu_execution/09_run_metric_reproduction_and_sanity_gates.sh,100755,blob,3ef862856aed965d8779ab6cdb55c1e16a22b211,227,64175fc355175ff316d0213c811d543865d119d2,False,False
commands/v6_cpu_execution/10_run_first_certificate_pilot_if_ready.sh,100755,blob,3230325ea1cfe5ed4e4d34d71ba30d3fcf51932d,316,64175fc355175ff316d0213c811d543865d119d2,False,False
commands/v6_cpu_execution/11_run_final_execution_audit.sh,100755,blob,8c3fbe2891e36a5ae2077b0a6ba3a5d8cdcb1641,246,64175fc355175ff316d0213c811d543865d119d2,False,False
commands/v7_cpu_execution/01_auto_materialize_cifar_reference.sh,100755,blob,b200c79a2907b7b6cd4344507c74f23298389b8d,340,64175fc355175ff316d0213c811d543865d119d2,False,False
commands/v7_cpu_execution/02_create_generation_bookrun_zip.sh,100755,blob,39ad70a6f90ec5c96cb703fe643ba3d7ad81eb04,279,64175fc355175ff316d0213c811d543865d119d2,False,False
commands/v7_cpu_execution/03_create_feature_bookrun_zip.sh,100755,blob,ea9cf5fcaa2a48f69fcd142d1493ea9086344227,272,64175fc355175ff316d0213c811d543865d119d2,False,False
commands/v7_cpu_execution/04_import_generation_output_zip.sh,100755,blob,1a9a3b8afbaad07e87fa23ef23e79c365bacf1c0,274,64175fc355175ff316d0213c811d543865d119d2,False,False
commands/v7_cpu_execution/05_import_feature_output_zip.sh,100755,blob,e5a7e7908261f8d0f959c1adf5b7eeb1ad00bf66,266,64175fc355175ff316d0213c811d543865d119d2,False,False
commands/v7_cpu_execution/06_render_execution_dashboard.sh,100755,blob,ec61eab0f61603c662967b1cfbb4e610627523a4,213,64175fc355175ff316d0213c811d543865d119d2,False,False
commands/v7_cpu_execution/07_prepare_10k_generation_zip_if_1k_passed.sh,100755,blob,99e718b73986a20b1abecf7452d1e51ceaa38f27,352,64175fc355175ff316d0213c811d543865d119d2,False,False
commands/v7_cpu_execution/08_prepare_50k_generation_zip_if_10k_passed.sh,100755,blob,40938a1e6cec18721e02354aa54695333ff323db,342,64175fc355175ff316d0213c811d543865d119d2,False,False
commands/v7_cpu_execution/09_prepare_kaggle_generation_dataset_folder.sh,100755,blob,48014948864d7a183d933b6d4c73b8319467dfed,270,64175fc355175ff316d0213c811d543865d119d2,False,False
commands/v7_cpu_execution/10_prepare_kaggle_feature_dataset_folder.sh,100755,blob,c32bec40e8e099ebe74da9873784f4e671975ca1,263,64175fc355175ff316d0213c811d543865d119d2,False,False
commands/v7_cpu_execution/11_repo_health_snapshot.sh,100755,blob,160e3d5368c97b9f397e0ac3b78600a5a7b24b73,103,64175fc355175ff316d0213c811d543865d119d2,False,False
commands/v7_cpu_execution/12_archive_prompt_packs_and_old_reports.sh,100755,blob,4d2a7f164337ad98a79fc4bbc63a778b4120b776,117,64175fc355175ff316d0213c811d543865d119d2,False,False
commands/v8_cpu_execution/02_prepare_generation_bookrun_zip.sh,100755,blob,11f41cea2dfbca0c17a5f3b333495a1371a26150,106,64175fc355175ff316d0213c811d543865d119d2,False,False
commands/v8_cpu_execution/03_prepare_feature_bookrun_zip.sh,100755,blob,62351cc0f7dd014a592dd450e2d2774a5aa5448d,103,64175fc355175ff316d0213c811d543865d119d2,False,False
commands/v8_cpu_execution/05_import_generation_zip_repair.sh,100755,blob,dabcbe7ff9b69abd1426d62187f8f1d8cb5e556f,193,64175fc355175ff316d0213c811d543865d119d2,False,False
commands/v8_cpu_execution/06_import_feature_zip_repair.sh,100755,blob,be4ebd322c3ad3bf29890e3c9ba59d2787742c77,188,64175fc355175ff316d0213c811d543865d119d2,False,False
commands/v9_cpu_execution/01_cifar_reference_super_onramp.sh,100755,blob,9d497897927137c46757ffa83b39d18bd0a28e9d,413,64175fc355175ff316d0213c811d543865d119d2,False,False
commands/v9_cpu_execution/02_import_checkpoint_preflight_zip.sh,100755,blob,31c4b35475133d705701ea6c959d404ee89b76c3,503,64175fc355175ff316d0213c811d543865d119d2,False,False
commands/v9_cpu_execution/03_import_generation_zip_v9.sh,100755,blob,0d29339d862ab1bec29ae9472705a0e010c41c27,500,64175fc355175ff316d0213c811d543865d119d2,False,False
commands/v9_cpu_execution/04_import_feature_zip_v9.sh,100755,blob,856bce38132ced74ed8656e08b5b7a89b5e2b9c8,485,64175fc355175ff316d0213c811d543865d119d2,False,False
commands/v9_cpu_execution/05_print_exact_next_action.sh,100755,blob,518bbea1d249d7333db4f4eb09224f29c2596f9a,247,64175fc355175ff316d0213c811d543865d119d2,False,False
commands/v9_cpu_execution/06_repo_snapshot_status.sh,100755,blob,afafd8e5012d0b4ceb26b088cd1cb9b279acafae,2098,64175fc355175ff316d0213c811d543865d119d2,False,False
configs/certgen_r0_cpu_first.yaml,100644,blob,03ae57453aef46f6df11e414e9a08e64dbb036ef,998,64175fc355175ff316d0213c811d543865d119d2,False,False
configs/certgen_v1_smoke.yaml,100644,blob,484ff4a84f3c56b84a655261418151a6fe54b26b,194,64175fc355175ff316d0213c811d543865d119d2,False,False
configs/cvpr/ablations.yaml,100644,blob,a1f52d2d36ac43d3ad71ca89cf31c6a50129e946,519,64175fc355175ff316d0213c811d543865d119d2,True,False
configs/cvpr/certgen_cvpr_preregistration_template.yaml,100644,blob,96be2b45b425734c00e76d0ce931017fc76ae086,2125,64175fc355175ff316d0213c811d543865d119d2,True,False
configs/cvpr/cross_feature_policy.json,100644,blob,3e8d4782bfa41e01ca38c0c4c3da11fe057c2526,805,64175fc355175ff316d0213c811d543865d119d2,True,False
configs/cvpr/evaluation_baselines.yaml,100644,blob,5ca71cf7039b7e788ae407f2a91921216cd489fc,228,64175fc355175ff316d0213c811d543865d119d2,True,False
configs/cvpr/execution_matrix.yaml,100644,blob,c834dab3af99b2c44192faae4ab16cca24c336c6,23078,64175fc355175ff316d0213c811d543865d119d2,True,False
configs/cvpr/figure_contracts.yaml,100644,blob,f6bf142378517fdcbc134995775a79a3c0c0560f,3286,64175fc355175ff316d0213c811d543865d119d2,True,False
configs/cvpr/metric_reproduction_gate_template.yaml,100644,blob,1163dcdee25a61e5efcdf4186423169e2b016788,1209,64175fc355175ff316d0213c811d543865d119d2,True,False
configs/cvpr/notebooks/checkpoint_preflight_template.yaml,100644,blob,70bc4bb5637f466fabab56e612d7b62eae10a1f1,2387,64175fc355175ff316d0213c811d543865d119d2,True,False
configs/cvpr/notebooks/feature_extraction_template.yaml,100644,blob,204550233d704100ac40da56466b0e02781fcbef,3834,64175fc355175ff316d0213c811d543865d119d2,True,False
configs/cvpr/notebooks/generation_template.yaml,100644,blob,7d21bad6a8efcacb0356afcfb0e90393fd2031ed,2236,64175fc355175ff316d0213c811d543865d119d2,True,False
configs/cvpr/profiles/cifar_full_candidate.yaml,100644,blob,10d31d2bf3431dc6387532897ccf8c4a712b2347,1004,64175fc355175ff316d0213c811d543865d119d2,True,False
configs/cvpr/profiles/cifar_integrity_minimal.yaml,100644,blob,36f9c533d04d0f36b11c9fefd8fbd18dc3380385,872,64175fc355175ff316d0213c811d543865d119d2,True,False
configs/cvpr/profiles/cifar_integrity_modern.yaml,100644,blob,dbab6b745b1dd3c6616179bb02ad2177d1a1ae94,939,64175fc355175ff316d0213c811d543865d119d2,True,False
configs/cvpr/runtime_plan_template.yaml,100644,blob,bdb2ed8b6e411d9b6336a9604e9f446ec42ee3a3,1053,64175fc355175ff316d0213c811d543865d119d2,True,False
configs/cvpr/sanity_gates_template.yaml,100644,blob,39ae9ade31bdd6553e5d1bf5179b681f65fde32a,3285,64175fc355175ff316d0213c811d543865d119d2,True,False
configs/cvpr/statistical_baselines.yaml,100644,blob,1cd987cb3bc3cddd1276d283b94de44b4cbdcba7,249,64175fc355175ff316d0213c811d543865d119d2,True,False
configs/first_pilot_v3.yaml,100644,blob,1293ef72a799d5b0d9afd0e3a17c4b61f6030d81,334,64175fc355175ff316d0213c811d543865d119d2,False,False
configs/metric_reproduction_v3_smoke.yaml,100644,blob,97537e5919a9894159dd34565258b383289aa285,417,64175fc355175ff316d0213c811d543865d119d2,False,False
configs/metric_reproduction_v4_smoke.json,100644,blob,1ef95d7a28c096d452c6bbf6d1313f73eb0388a5,529,64175fc355175ff316d0213c811d543865d119d2,False,False
configs/optional_stopping_lab_v3.yaml,100644,blob,d051ccea5c7991fcf0fc63a435813dc527ec099b,50,64175fc355175ff316d0213c811d543865d119d2,False,False
configs/preprocessing_locks/cifar10_inception_bilinear_299.json,100644,blob,7ba50543639acfacdc8a5523df4b7d033a859fc4,537,64175fc355175ff316d0213c811d543865d119d2,False,False
configs/preprocessing_locks/v4_smoke_inception_lock.json,100644,blob,eacf4167fd6f26f36d38dc70af9a31ac87b8ab7c,559,64175fc355175ff316d0213c811d543865d119d2,False,False
configs/r0_cpu/cifar10_metric_reproduction.yaml,100644,blob,62cecc5eaf695a974e38673af516714a2cbd95ff,451,64175fc355175ff316d0213c811d543865d119d2,False,False
configs/v4_batch_certificates_smoke.json,100644,blob,5aa747315105c01ee1622680c6d46564e9cb8c24,879,64175fc355175ff316d0213c811d543865d119d2,False,False
configs/v4_dependence_smoke.json,100644,blob,5aa747315105c01ee1622680c6d46564e9cb8c24,879,64175fc355175ff316d0213c811d543865d119d2,False,False
configs/v7_scale_lanes/cifar10_10k.yaml,100644,blob,ab463279f92dcd03dd90bfb9f5eebed9234148c9,119,64175fc355175ff316d0213c811d543865d119d2,False,False
configs/v7_scale_lanes/cifar10_1k.yaml,100644,blob,3922dcd256b7d1f7b1526b8a92ee1f3fa9dc291c,119,64175fc355175ff316d0213c811d543865d119d2,False,False
configs/v7_scale_lanes/cifar10_50k.yaml,100644,blob,f370c2b72ea9a1e9473374492bf85966e88e5736,119,64175fc355175ff316d0213c811d543865d119d2,False,False
data/artifact_registry.jsonl,100644,blob,02d71da0c9669cf8f4ba2764a76f36424dc26d53,3310,64175fc355175ff316d0213c811d543865d119d2,False,False
data/contracts/analysis_plan_lock_v5.json,100644,blob,37ef06d799a22a96e5c29f67c603a42ae836ef30,1519,64175fc355175ff316d0213c811d543865d119d2,False,False
data/contracts/claim_contract_v5.json,100644,blob,cd50b3965b54884d9e621ad675d3f9fafebefa8a,3625,64175fc355175ff316d0213c811d543865d119d2,False,False
data/contracts/proof_obligations_v5.json,100644,blob,c74eacedb9d790f12391974adc3ae222bcfd1ab2,2900,64175fc355175ff316d0213c811d543865d119d2,False,False
data/contracts/result_contracts_v5.json,100644,blob,cf37559e7d0ae1d72e096386bda5b1289344a2e6,8479,64175fc355175ff316d0213c811d543865d119d2,False,False
data/contracts/result_injection_contract_v5.json,100644,blob,6397933e4f60e9630c95d138e15945b46294aebf,827,64175fc355175ff316d0213c811d543865d119d2,False,False
data/kaggle_uploads/certgen-features/README.md,100644,blob,9d0dab65aa7f10b066d7da7ee3631df4acca0268,81,64175fc355175ff316d0213c811d543865d119d2,False,False
data/kaggle_uploads/certgen-features/checksums.sha256,100644,blob,3f574e50187e22f8bd15bf81152adbbdc264bdde,76,64175fc355175ff316d0213c811d543865d119d2,False,False
data/kaggle_uploads/certgen-features/manifest.json,100644,blob,289932498f9fa49659ca34a69122491a841bea22,292,64175fc355175ff316d0213c811d543865d119d2,False,False
data/kaggle_uploads/certgen-generation/README.md,100644,blob,7cc374e36282394a7002e5c98b9ec64081cf7ccb,83,64175fc355175ff316d0213c811d543865d119d2,False,False
data/kaggle_uploads/certgen-generation/checksums.sha256,100644,blob,d2e3e4a65aa6b0e326f950bf67a5572f6e375e94,76,64175fc355175ff316d0213c811d543865d119d2,False,False
data/kaggle_uploads/certgen-generation/manifest.json,100644,blob,ed89b3422208898446ce8f9a8bf4e0075dcdc50f,294,64175fc355175ff316d0213c811d543865d119d2,False,False
data/results/analysis_plan_lock_hash_v5.txt,100644,blob,9a448ff08b0bbb8aef91a6162b4a19bd85f7c1e4,65,64175fc355175ff316d0213c811d543865d119d2,True,False
data/results/certificate_replay.json,100644,blob,c72bf0b88b713f43994b69c609998edf632d24bf,381,64175fc355175ff316d0213c811d543865d119d2,True,False
data/results/certificate_replay.replayed_certificate.json,100644,blob,c9b16e7491697ffd659b2c8e8207ef5458bb1b3c,2648,64175fc355175ff316d0213c811d543865d119d2,True,False
data/results/cvpr_paper_firewall.json,100644,blob,ef083c0f1338471c5ed122f186ac1bf2b6ce03e2,2412,64175fc355175ff316d0213c811d543865d119d2,True,False
data/results/cvpr_readiness_scorecard_v5.json,100644,blob,bc463aeff2bb6dce5bea3971ea4e91d978a5620c,1173,64175fc355175ff316d0213c811d543865d119d2,True,False
data/results/cvpr_reference_materialization.json,100644,blob,9eef7c552ad18405eb3312411c25eba6494d6a8e,1048,64175fc355175ff316d0213c811d543865d119d2,True,False
data/results/feature_extraction_plan.json,100644,blob,94b79b23596015204847ed96518590e5fd4de704,561,64175fc355175ff316d0213c811d543865d119d2,True,False
data/results/final_execution_audit.json,100644,blob,8b3989e68f4e25bec6f82c0ecf1904162a364d1b,1467,64175fc355175ff316d0213c811d543865d119d2,True,False
data/results/first_pilot_v3/certificates/smoke_a_vs_b_kid_polynomial.json,100644,blob,cc5782eebbe86650659664667aa613c54f2a7759,1910,64175fc355175ff316d0213c811d543865d119d2,True,False
data/results/first_pilot_v3/certificates/smoke_a_vs_b_mmd_rbf.json,100644,blob,c9b16e7491697ffd659b2c8e8207ef5458bb1b3c,2648,64175fc355175ff316d0213c811d543865d119d2,True,False
data/results/first_pilot_v3/summary.json,100644,blob,b0bcf6abc108c4b79c0c07526de3646a242a716e,739,64175fc355175ff316d0213c811d543865d119d2,True,False
data/results/metric_reproduction_audit.json,100644,blob,f1e76a2642f3439f41673aa6b72513739024e17b,724,64175fc355175ff316d0213c811d543865d119d2,True,False
data/results/optional_stopping_lab_v3.json,100644,blob,f64848c93032aa08880c62a762352354d4efcee2,4694,64175fc355175ff316d0213c811d543865d119d2,True,False
data/results/provenance_ledger_validation.json,100644,blob,0a5ba2248ad8da0495bf6e8f0efe2c695fe19c3c,368,64175fc355175ff316d0213c811d543865d119d2,True,False
data/results/r0_cpu/provenance_validation.json,100644,blob,018715ff46b549f063a119aa450dfc09adb376bb,621,64175fc355175ff316d0213c811d543865d119d2,True,False
data/results/r0_cpu_gpu_audit.json,100644,blob,16b59af6b9407bb7eb6d323f64227385747b9eee,4040,64175fc355175ff316d0213c811d543865d119d2,True,False
data/results/r0_technical_correction_audit.json,100644,blob,bec5c9b04c8b87f66cbc6a06679568f78e7c0b4a,5796,64175fc355175ff316d0213c811d543865d119d2,True,False
data/results/r1_cifar10_status.json,100644,blob,38c4d399b4a452c00082c657bc13bfb4bf3c70f3,15487,64175fc355175ff316d0213c811d543865d119d2,True,False
data/results/r1_cpu_validation.json,100644,blob,e2f1ba043a109d3a41850f1d843380d47596f11e,4300,64175fc355175ff316d0213c811d543865d119d2,True,False
data/results/r1_optional_stopping_lab.json,100644,blob,6684b24a582bf08a376fec60ea038ccdd7575226,8350,64175fc355175ff316d0213c811d543865d119d2,True,False
data/results/r1_source_selection_status.json,100644,blob,63cb2466ed23550ae367444bc9cbdd958abc1b6c,3955,64175fc355175ff316d0213c811d543865d119d2,True,False
data/results/r1a_sample_materialization_audit.json,100644,blob,b37899288e65d0b45c102cd53911b5750cf0d675,2874,64175fc355175ff316d0213c811d543865d119d2,True,False
data/results/r1b_cifar10_reference_summary.json,100644,blob,f3d18d3bfdd956bcedb1afe7d0a6826dce566f5d,558,64175fc355175ff316d0213c811d543865d119d2,True,False
data/results/r1b_feature_extraction_package_summary.json,100644,blob,e83752f4f2d3a43d509e49902dc77f71f5af4ab5,463,64175fc355175ff316d0213c811d543865d119d2,True,False
data/results/r1b_generated_manifest_summary.json,100644,blob,b6cfa8387dd50084335fe73437278a2e1367ef5e,431,64175fc355175ff316d0213c811d543865d119d2,True,False
data/results/r1b_generation_package_audit.json,100644,blob,57eb786e90c91915f9fa0bd82c7580e42aded59b,1806,64175fc355175ff316d0213c811d543865d119d2,True,False
data/results/r1c_feature_extraction_status.json,100644,blob,ec3760a0c99bea120bafa3e6fdf1092a84ee2a4c,813,64175fc355175ff316d0213c811d543865d119d2,True,False
data/results/r1d_metric_reproduction.json,100644,blob,f23011b3f863b4c0060aa61bd18320ff21697fd7,2880,64175fc355175ff316d0213c811d543865d119d2,True,False
data/results/r1e_first_pilot_audit.json,100644,blob,43de5a6483228a25c7bc8425c37c4263525dfda7,1296,64175fc355175ff316d0213c811d543865d119d2,True,False
data/results/r1e_undecided_fraction.json,100644,blob,4bcc0d4d38fbe5d8a21d4b1f03226fa5ed1b896e,806,64175fc355175ff316d0213c811d543865d119d2,True,False
data/results/r2_scale_go_nogo.json,100644,blob,98b7bbe0040ec3c10e725c6d044c6e31bdd7748e,331,64175fc355175ff316d0213c811d543865d119d2,True,False
data/results/r3_multibench_availability.json,100644,blob,f611236c9fc8d6eac743556a9a8eea13079040f4,273,64175fc355175ff316d0213c811d543865d119d2,True,False
data/results/r4_result_eligibility.json,100644,blob,708b0a330032f799c67a4dc5a43b2e4702594343,283,64175fc355175ff316d0213c811d543865d119d2,True,False
data/results/v1_final_audit.json,100644,blob,89464e9d4987da7a2127c2ce548443075f1b03ac,2097,64175fc355175ff316d0213c811d543865d119d2,True,False
data/results/v2_final_audit.json,100644,blob,fa9ff5a53a9dde3e74193b5238b1492caac1f697,2022,64175fc355175ff316d0213c811d543865d119d2,True,False
data/results/v2_first_pilot_plan.json,100644,blob,1647316455256407c57aa39ff78bb2e5995f946a,1074,64175fc355175ff316d0213c811d543865d119d2,True,False
data/results/v2_optional_stopping_lab/summary.json,100644,blob,f896303bd6743f6ce50c1e933fb147d637d3c4ad,2883,64175fc355175ff316d0213c811d543865d119d2,True,False
data/results/v3_availability_table.json,100644,blob,dc11ab9fd35290b229bd2ecbe3b9d8de72a3cb2d,354,64175fc355175ff316d0213c811d543865d119d2,True,False
data/results/v3_final_audit.json,100644,blob,dc058fc8c13af84570249c3fecffe9cef1b8c622,3443,64175fc355175ff316d0213c811d543865d119d2,True,False
data/results/v3_intake_audit.json,100644,blob,c4b7805ffc359269aa65d4129c73f3782b6164b2,2272,64175fc355175ff316d0213c811d543865d119d2,True,False
data/results/v3_registry_validation.json,100644,blob,0f1ebdfd6aeb9ae328246ff099795aa8c905489d,244,64175fc355175ff316d0213c811d543865d119d2,True,False
data/results/v4/batch_certificates.json,100644,blob,7b1ac1f95c1b66f34cf70fae06cc33daaf522037,1569,64175fc355175ff316d0213c811d543865d119d2,True,False
data/results/v4/certificates/v4_smoke_a_close_vs_b_far_kid_polynomial.json,100644,blob,155a6ce5c1be8d4440b83e5718ed7ff1d2b388e6,1918,64175fc355175ff316d0213c811d543865d119d2,True,False
data/results/v4/certificates/v4_smoke_a_close_vs_b_far_mmd_rbf.json,100644,blob,8ecf2330b4183132f642fa492d0466a22e40760a,2695,64175fc355175ff316d0213c811d543865d119d2,True,False
data/results/v4/certificates/v4_smoke_equal_models_kid_polynomial.json,100644,blob,6528950ef9634f69bc4e1f1c503488865a15e2f9,1918,64175fc355175ff316d0213c811d543865d119d2,True,False
data/results/v4/certificates/v4_smoke_equal_models_mmd_rbf.json,100644,blob,9eee1d8b93154478a3e1a5a4d2a594050fa96640,2694,64175fc355175ff316d0213c811d543865d119d2,True,False
data/results/v4/decidedness_audit.csv,100644,blob,e44531140887684c70f667e80759c5735f44a0af,717,64175fc355175ff316d0213c811d543865d119d2,True,False
data/results/v4/decidedness_audit.json,100644,blob,b66da432b23d9b90803193a77cec53be9f160f40,1444,64175fc355175ff316d0213c811d543865d119d2,True,False
data/results/v4/first_real_pilot/summary.json,100644,blob,7caeab5dabb3417d9c6ffd7cf9c284ed25369bb5,366,64175fc355175ff316d0213c811d543865d119d2,True,False
data/results/v4/paper_artifacts/paper_artifacts_spec.json,100644,blob,d4ef6d37c5a1bd30db2499179d1509cf40220119,2091,64175fc355175ff316d0213c811d543865d119d2,True,False
data/results/v4/ranking_stability.json,100644,blob,03b07e206b0bc2fd8c65d442f89c169ecc6b0bc7,213,64175fc355175ff316d0213c811d543865d119d2,True,False
data/results/v4/real_run_plan.json,100644,blob,461c22fdc0bb489a4ce6b0ca91039acdf0677201,1002,64175fc355175ff316d0213c811d543865d119d2,True,False
data/results/v4/reported_claim_traces.json,100644,blob,a151a504ebf6130da6715d64c92183c3dd153706,838,64175fc355175ff316d0213c811d543865d119d2,True,False
data/results/v4/reviewer_attack_harness.json,100644,blob,2132aa320398750399dacb58559c7d4a0a6cf06a,7278,64175fc355175ff316d0213c811d543865d119d2,True,False
data/results/v4_final_audit.json,100644,blob,afc6097921e736dd236bde335014762f629bec38,6313,64175fc355175ff316d0213c811d543865d119d2,True,False
data/results/v4_metric_reproduction_audit.json,100644,blob,c1134c21a5a25e34740018ac7976bdc467d7a5d0,724,64175fc355175ff316d0213c811d543865d119d2,True,False
data/results/v4_release_safety.json,100644,blob,0f64c0a86e66379fb66c2c651e1cb6ba3981adaa,2281,64175fc355175ff316d0213c811d543865d119d2,True,False
data/results/v4_state_intake_audit.json,100644,blob,fd5d280a5ce5602f86a2647fc4d008a891b6ef66,24967,64175fc355175ff316d0213c811d543865d119d2,True,False
data/results/v5_claim_contract_audit.json,100644,blob,999f92a6b70cead4c51eeaf80f71cdfdce013220,162,64175fc355175ff316d0213c811d543865d119d2,True,False
data/results/v5_final_audit.json,100644,blob,c36db4070120b4de695ad5cf04e5998a7087f0c4,4621,64175fc355175ff316d0213c811d543865d119d2,True,False
data/results/v5_related_work_audit.json,100644,blob,e97b508de86d7db6e144e5eb73438816d5d1faa8,133,64175fc355175ff316d0213c811d543865d119d2,True,False
data/results/v5_release_safety.json,100644,blob,5c27f29ff2210851884de0cdcb845204ba8f871d,158,64175fc355175ff316d0213c811d543865d119d2,True,False
data/results/v5_reviewer_harness.json,100644,blob,d80781fe59e352a33df615083179cfc2744cd771,563,64175fc355175ff316d0213c811d543865d119d2,True,False
data/results/v5_state_intake.json,100644,blob,d7a20b2ee8ad2ef8f89e5cb49410d3293a5aa93e,1675,64175fc355175ff316d0213c811d543865d119d2,True,False
data/results/v6_feature_input_zip_manifest.json,100644,blob,5ca3eecf56e62021230bd6d2cab1fa3ff7368439,735,64175fc355175ff316d0213c811d543865d119d2,True,False
data/results/v6_feature_output_validation_summary.json,100644,blob,7a2e6e4530e199caf6044a0f1106b888e6120c5d,350,64175fc355175ff316d0213c811d543865d119d2,True,False
data/results/v6_generation_input_zip_manifest.json,100644,blob,bf55c4b429dc9d56e9767a34c3a6906f838a6474,1772,64175fc355175ff316d0213c811d543865d119d2,True,False
data/results/v6_generation_output_validation_summary.json,100644,blob,3baeff54bf81d13648093585abdb893dac3ec11e,358,64175fc355175ff316d0213c811d543865d119d2,True,False
data/results/v7_checkpoint_preflight_status.json,100644,blob,c92fc307f40bfa41a76d43ff045667c06f189263,835,64175fc355175ff316d0213c811d543865d119d2,True,False
data/results/v7_cifar_reference_materialization_summary.json,100644,blob,69146358fa2acb1dec65e6d849813f757810d5db,241,64175fc355175ff316d0213c811d543865d119d2,True,False
data/results/v7_execution_development_audit.json,100644,blob,811f378e8b047c69604b9326420093dd9ed07645,756,64175fc355175ff316d0213c811d543865d119d2,True,False
data/results/v7_metric_sanity_gates.json,100644,blob,be948b8df7be81380885ab9b0bbbcae020c28bd3,230,64175fc355175ff316d0213c811d543865d119d2,True,False
data/results/v7_multibench_candidate_validation.json,100644,blob,439e5a6757ddf2999e1fd5d6b8a7c1ceb0780501,111,64175fc355175ff316d0213c811d543865d119d2,True,False
data/results/v7_notebook_quality.json,100644,blob,24460c47767aada4f724edbd5d353b34c2010616,358,64175fc355175ff316d0213c811d543865d119d2,True,False
data/results/v7_paper_result_gate.json,100644,blob,7e8207604cdf3b79083e073032db47290c588321,57,64175fc355175ff316d0213c811d543865d119d2,True,False
data/results/v7_run_ledger.jsonl,100644,blob,3b90548d26518094365fd029d6f0e4199c99895e,361,64175fc355175ff316d0213c811d543865d119d2,True,False
data/results/v9_cifar_reference_onramp.json,100644,blob,2bad215c724a190cc91078e75b19789f40f1be82,1439,64175fc355175ff316d0213c811d543865d119d2,True,False
data/results/v9_exact_next_action.json,100644,blob,c84b4e8d8fd2aaa69f72a7b483f9cf72af60eda0,2309,64175fc355175ff316d0213c811d543865d119d2,True,False
data/results/v9_execution_dashboard.json,100644,blob,009c39423da4ad21f558d9dad04720d1b2bd1560,3769,64175fc355175ff316d0213c811d543865d119d2,True,False
data/results/v9_execution_supercharger_audit.json,100644,blob,f6c675441ca55aa88922fde3286f0a59f68478cb,6090,64175fc355175ff316d0213c811d543865d119d2,True,False
data/results/v9_notebook_static_analysis.json,100644,blob,2970af408ab8ac11a9bffe9b4dc78f17da1f9fc0,602,64175fc355175ff316d0213c811d543865d119d2,True,False
data/results/v9_paper_firewall.json,100644,blob,ef083c0f1338471c5ed122f186ac1bf2b6ce03e2,2412,64175fc355175ff316d0213c811d543865d119d2,True,False
data/results/v9_repo_snapshot_status.json,100644,blob,33fce02edb78c92b7398cd90d2ee9a3bc694e371,10921,64175fc355175ff316d0213c811d543865d119d2,True,False
data/results/v9_runtime_budget_plan.json,100644,blob,e81adf5becff71b6dd218e9e859706f852c11278,1679,64175fc355175ff316d0213c811d543865d119d2,True,False
data/smoke/v1/certificates/smoke_kid_certificate.json,100644,blob,653618e3e07c90bfcf8f8f3d4307282edd5f5f73,920,64175fc355175ff316d0213c811d543865d119d2,False,False
data/smoke/v1/features/model_a_features.npz,100644,blob,e0fccb5e69aa1af2eec93db30a7b7fdeb5097499,8084,64175fc355175ff316d0213c811d543865d119d2,False,False
data/smoke/v1/features/model_b_features.npz,100644,blob,6fa2ab12647bbb8511be16d02b948d2f041132cc,8054,64175fc355175ff316d0213c811d543865d119d2,False,False
data/smoke/v1/features/reference_features.npz,100644,blob,b5bec3c68b692c219561bacfb8ebdb06b6473772,8077,64175fc355175ff316d0213c811d543865d119d2,False,False
data/smoke/v1/manifests/model_a_feature_manifest.json,100644,blob,86e6388775e3003093c76709b32186c9d9968b01,443,64175fc355175ff316d0213c811d543865d119d2,False,False
data/smoke/v1/manifests/model_b_feature_manifest.json,100644,blob,7006f2a822f9cb3ae8bb0a7499d9b507beb2abd9,443,64175fc355175ff316d0213c811d543865d119d2,False,False
data/smoke/v1/manifests/reference_feature_manifest.json,100644,blob,22f1607c0241f786f0038f0448013b7c3637e3e0,447,64175fc355175ff316d0213c811d543865d119d2,False,False
data/smoke/v1/metrics/smoke_metrics.json,100644,blob,e69d7c697bed7e4fed57e59f25397cbea531692f,1164,64175fc355175ff316d0213c811d543865d119d2,False,False
data/smoke/v1/provenance.json,100644,blob,e65a5f796b0a016e9ab205346a80f02e2673264e,436,64175fc355175ff316d0213c811d543865d119d2,False,False
data/smoke/v1/reports/smoke_certificate_report.md,100644,blob,5aa8aaf56ae0754f0bdf762bdf88f2e388131ffa,896,64175fc355175ff316d0213c811d543865d119d2,False,False
data/smoke/v1/smoke_artifact.json,100644,blob,cf7d3c5430d1b9452a9ba13aca845f7ad643fcb3,729,64175fc355175ff316d0213c811d543865d119d2,False,False
data/smoke/v2/certificates/audit_smoke_kid.json,100644,blob,5095fa6e21b4cf63c35d9cab95d9c3d8ad2573d7,1887,64175fc355175ff316d0213c811d543865d119d2,False,False
data/smoke/v2/certificates/audit_smoke_mmd_rbf.json,100644,blob,b971998f530f7cf23737a3691ab3359374987728,2666,64175fc355175ff316d0213c811d543865d119d2,False,False
data/smoke/v2/certificates/smoke_pair_001_kid_certificate.json,100644,blob,50b65d3cc379794af7f658790acd615ae0139e8b,1887,64175fc355175ff316d0213c811d543865d119d2,False,False
data/smoke/v2/features/model_a_close.metadata.json,100644,blob,c178824e3c09b2d1f5d1a84ebb165db5c2d781a6,366,64175fc355175ff316d0213c811d543865d119d2,False,False
data/smoke/v2/features/model_a_close.npz,100644,blob,5eb50c77e181d5d352535240e21c8ab5dcc02c9d,3930,64175fc355175ff316d0213c811d543865d119d2,False,False
data/smoke/v2/features/model_a_far.metadata.json,100644,blob,b09911a020e5232a2c851a96894e809be5fcb4ce,362,64175fc355175ff316d0213c811d543865d119d2,False,False
data/smoke/v2/features/model_a_far.npz,100644,blob,0d59e0e6c3e5facb50c3b12b32996f8ef34289ea,3805,64175fc355175ff316d0213c811d543865d119d2,False,False
data/smoke/v2/features/model_b_close.metadata.json,100644,blob,68a3dad8f0d8e44952733dc418d7814038abd15e,366,64175fc355175ff316d0213c811d543865d119d2,False,False
data/smoke/v2/features/model_b_close.npz,100644,blob,0abc287bb2fb901cf9feecf266083d36a48285ba,3932,64175fc355175ff316d0213c811d543865d119d2,False,False
data/smoke/v2/features/model_b_far.metadata.json,100644,blob,f482a8ca6db7e489f63167932300aeccd99a914c,362,64175fc355175ff316d0213c811d543865d119d2,False,False
data/smoke/v2/features/model_b_far.npz,100644,blob,06be424aee7df3faf36fc0264486778b71347685,3792,64175fc355175ff316d0213c811d543865d119d2,False,False
data/smoke/v2/features/model_equal_1.metadata.json,100644,blob,6e59b2fe5b7c908b4b53e3d2f7f2a4981adea2c1,366,64175fc355175ff316d0213c811d543865d119d2,False,False
data/smoke/v2/features/model_equal_1.npz,100644,blob,9854ea4fc3c0385c684cbabfec8fcca176bb6775,3929,64175fc355175ff316d0213c811d543865d119d2,False,False
data/smoke/v2/features/model_equal_2.metadata.json,100644,blob,3ec0d42cec9be8fa930f9de12af306d246313e62,366,64175fc355175ff316d0213c811d543865d119d2,False,False
data/smoke/v2/features/model_equal_2.npz,100644,blob,3e969a6079141cefa44a301cb86365f8a6bfb88c,3935,64175fc355175ff316d0213c811d543865d119d2,False,False
data/smoke/v2/features/reference.metadata.json,100644,blob,7e8f1ff1ec929a4e190615e81a7e7ee814af1a24,358,64175fc355175ff316d0213c811d543865d119d2,False,False
data/smoke/v2/features/reference.npz,100644,blob,41437457d19df9f2001277a8981aa58f279e36f9,3928,64175fc355175ff316d0213c811d543865d119d2,False,False
data/smoke/v3/audit/features/model_a_close.metadata.json,100644,blob,dd50b94158e9bd31e6478f4b8b973b3d6530e962,373,64175fc355175ff316d0213c811d543865d119d2,False,False
data/smoke/v3/audit/features/model_a_close.npz,100644,blob,a9ce58b52a85ab880bcaeb596a5b5b66e8cb9a45,3928,64175fc355175ff316d0213c811d543865d119d2,False,False
data/smoke/v3/audit/features/model_a_close.v3_sidecar.json,100644,blob,f9bda75271a597a6de02a2894b91e8638c4285e0,735,64175fc355175ff316d0213c811d543865d119d2,False,False
data/smoke/v3/audit/features/model_a_far.metadata.json,100644,blob,6e64b707e7e8493fc8d9f99594e17a06f67c8b07,369,64175fc355175ff316d0213c811d543865d119d2,False,False
data/smoke/v3/audit/features/model_a_far.npz,100644,blob,242d3dad223847cfb257731d295fe3d6ea9d3d76,3815,64175fc355175ff316d0213c811d543865d119d2,False,False
data/smoke/v3/audit/features/model_b_close.metadata.json,100644,blob,d026847f56ce856dbaba907b7518915f67add12f,373,64175fc355175ff316d0213c811d543865d119d2,False,False
data/smoke/v3/audit/features/model_b_close.npz,100644,blob,f5a365a6877210f59cb8dbb8eec5b5b1f5454b7b,3939,64175fc355175ff316d0213c811d543865d119d2,False,False
data/smoke/v3/audit/features/model_b_far.metadata.json,100644,blob,a2b02216f7c5bfcd193014639dff214fbe1519d3,369,64175fc355175ff316d0213c811d543865d119d2,False,False
data/smoke/v3/audit/features/model_b_far.npz,100644,blob,4625cff89de07a88bcf4ffe2ce0442800c89565c,3819,64175fc355175ff316d0213c811d543865d119d2,False,False
data/smoke/v3/audit/features/model_b_far.v3_sidecar.json,100644,blob,2ea0dda44b7e93d1fef1f9b90a045671b2944a3c,731,64175fc355175ff316d0213c811d543865d119d2,False,False
data/smoke/v3/audit/features/model_equal_1.metadata.json,100644,blob,a48e27b552b17af487c7cc57a161e4616387dbe2,373,64175fc355175ff316d0213c811d543865d119d2,False,False
data/smoke/v3/audit/features/model_equal_1.npz,100644,blob,74ac63f75ffd242a0a1f0676e75e117ed1cd7e0a,3931,64175fc355175ff316d0213c811d543865d119d2,False,False
data/smoke/v3/audit/features/model_equal_2.metadata.json,100644,blob,8a88c4d4953e1f986a99f77d77fe1dd0b9916c43,373,64175fc355175ff316d0213c811d543865d119d2,False,False
data/smoke/v3/audit/features/model_equal_2.npz,100644,blob,16b756ee158b7ec5557169db7dade8a7665c152e,3929,64175fc355175ff316d0213c811d543865d119d2,False,False
data/smoke/v3/audit/features/nan.npz,100644,blob,f07343a609aa9ebd54bbd872b97549ff7b7431bd,222,64175fc355175ff316d0213c811d543865d119d2,False,False
data/smoke/v3/audit/features/nan.v3_sidecar.json,100644,blob,ef613ab0abc0a6a1c1d7705c20b94617f652eff2,711,64175fc355175ff316d0213c811d543865d119d2,False,False
data/smoke/v3/audit/features/reference.metadata.json,100644,blob,810d67cae94650201bfbbe7ff4a5b72c5f332631,365,64175fc355175ff316d0213c811d543865d119d2,False,False
data/smoke/v3/audit/features/reference.npz,100644,blob,31f416898bc799c173f70388233cf400fffa1173,3929,64175fc355175ff316d0213c811d543865d119d2,False,False
data/smoke/v3/audit/features/reference.v3_sidecar.json,100644,blob,09428aa2bbf7fbd996d85d435ec6e761c3131fc2,729,64175fc355175ff316d0213c811d543865d119d2,False,False
data/smoke/v3/audit/metric_repro.json,100644,blob,8ff66e3c4c384658deb07f0a826fec8e079dc377,446,64175fc355175ff316d0213c811d543865d119d2,False,False
data/smoke/v3/audit/metric_reproduction_gate.json,100644,blob,6d2a032c316a8f93f1dc13da7081853e1b1c408d,141,64175fc355175ff316d0213c811d543865d119d2,False,False
data/smoke/v3/audit/pilot.yaml,100644,blob,2bdbc183a137f6962348ec242066080636800813,689,64175fc355175ff316d0213c811d543865d119d2,False,False
data/smoke/v4/audit/features/model_a_close.metadata.json,100644,blob,a4829b1b18c8f44da74d7c29f437d7136b2baaf1,373,64175fc355175ff316d0213c811d543865d119d2,False,False
data/smoke/v4/audit/features/model_a_close.npz,100644,blob,9fa5322e44dd1dd0c77e813dfa88963c1c4fa1a4,3934,64175fc355175ff316d0213c811d543865d119d2,False,False
data/smoke/v4/audit/features/model_a_far.metadata.json,100644,blob,f8f8a26011712e812d8a96b7908f2a4aaf989c14,369,64175fc355175ff316d0213c811d543865d119d2,False,False
data/smoke/v4/audit/features/model_a_far.npz,100644,blob,f9c481a758ea04ec88b342eae31df659d7a8af91,3813,64175fc355175ff316d0213c811d543865d119d2,False,False
data/smoke/v4/audit/features/model_b_close.metadata.json,100644,blob,9b38f2d6ee27c83e1a199e080198c6855dc7b449,373,64175fc355175ff316d0213c811d543865d119d2,False,False
data/smoke/v4/audit/features/model_b_close.npz,100644,blob,b0481969f0c0edb40828a0cc7e5a603c8e167f6e,3929,64175fc355175ff316d0213c811d543865d119d2,False,False
data/smoke/v4/audit/features/model_b_far.metadata.json,100644,blob,ad1a2b324fb30f5e05d8918860ef03aa4c990ee0,369,64175fc355175ff316d0213c811d543865d119d2,False,False
data/smoke/v4/audit/features/model_b_far.npz,100644,blob,d876be7fc08f732d2cb6d03b70dd26aa665a3c85,3813,64175fc355175ff316d0213c811d543865d119d2,False,False
data/smoke/v4/audit/features/model_equal_1.metadata.json,100644,blob,a3cadbf779b79385629d1cb9ded68149a13f2043,373,64175fc355175ff316d0213c811d543865d119d2,False,False
data/smoke/v4/audit/features/model_equal_1.npz,100644,blob,8d9b8c4f765fc753764b3a08b2cf1cba78619ae5,3928,64175fc355175ff316d0213c811d543865d119d2,False,False
data/smoke/v4/audit/features/model_equal_2.metadata.json,100644,blob,696eda298500240ed1b94e8542e9a7db9593a5fa,373,64175fc355175ff316d0213c811d543865d119d2,False,False
data/smoke/v4/audit/features/model_equal_2.npz,100644,blob,f73fea824de2c5b70110c1ca3c5797e70aac37ec,3932,64175fc355175ff316d0213c811d543865d119d2,False,False
data/smoke/v4/audit/features/reference.metadata.json,100644,blob,3ed991e25c1b3f14919fc92448e22ecd92e992ce,365,64175fc355175ff316d0213c811d543865d119d2,False,False
data/smoke/v4/audit/features/reference.npz,100644,blob,4b620e6bd2f4bc8252f910ac4112607ee492bbd1,3930,64175fc355175ff316d0213c811d543865d119d2,False,False
data/smoke/v4/metric_repro/features/model_a_close.metadata.json,100644,blob,bff1876002e415f5123c3e7c4ac1e6c11048d75d,380,64175fc355175ff316d0213c811d543865d119d2,False,False
data/smoke/v4/metric_repro/features/model_a_close.npz,100644,blob,9488e75f8ccfddf3a50ab1b340dc1a1ddf66b871,3930,64175fc355175ff316d0213c811d543865d119d2,False,False
data/smoke/v4/metric_repro/features/model_a_close.v4_sidecar.json,100644,blob,36780fd457c9d8fa09bddb76287afa01fdb13284,751,64175fc355175ff316d0213c811d543865d119d2,False,False
data/smoke/v4/metric_repro/features/model_a_far.metadata.json,100644,blob,42914d17cc817f8ac46960e4d09dfabcd246d171,376,64175fc355175ff316d0213c811d543865d119d2,False,False
data/smoke/v4/metric_repro/features/model_a_far.npz,100644,blob,c97a915fa65635b499adb4d2c77581026d611e5f,3813,64175fc355175ff316d0213c811d543865d119d2,False,False
data/smoke/v4/metric_repro/features/model_b_close.metadata.json,100644,blob,fb18e3d115609cc3694a10b1a19bf709c18db555,380,64175fc355175ff316d0213c811d543865d119d2,False,False
data/smoke/v4/metric_repro/features/model_b_close.npz,100644,blob,71f713a587411fcaf88cab838443748df0db998f,3922,64175fc355175ff316d0213c811d543865d119d2,False,False
data/smoke/v4/metric_repro/features/model_b_far.metadata.json,100644,blob,59148d917c73d12106faea666ff58aa7e985a90b,376,64175fc355175ff316d0213c811d543865d119d2,False,False
data/smoke/v4/metric_repro/features/model_b_far.npz,100644,blob,471200add15debbfa9d2fcf44ab3870d5578f4b9,3801,64175fc355175ff316d0213c811d543865d119d2,False,False
data/smoke/v4/metric_repro/features/model_equal_1.metadata.json,100644,blob,483092a6983c80f5308f53e77904cefd132ef38e,380,64175fc355175ff316d0213c811d543865d119d2,False,False
data/smoke/v4/metric_repro/features/model_equal_1.npz,100644,blob,c3552d70cd47579fc7f09c0aa559781431a8bfc6,3925,64175fc355175ff316d0213c811d543865d119d2,False,False
data/smoke/v4/metric_repro/features/model_equal_2.metadata.json,100644,blob,a5944c239353da7889c37429de28e5133bc61b34,380,64175fc355175ff316d0213c811d543865d119d2,False,False
data/smoke/v4/metric_repro/features/model_equal_2.npz,100644,blob,646e4ab15bd7925390fcd404062ef8971bbb4be5,3939,64175fc355175ff316d0213c811d543865d119d2,False,False
data/smoke/v4/metric_repro/features/reference.metadata.json,100644,blob,1683413c81b468a089f954c98ee7be7e62e83681,372,64175fc355175ff316d0213c811d543865d119d2,False,False
data/smoke/v4/metric_repro/features/reference.npz,100644,blob,cf03a6e6dbf8a1d84d900d5c3e011512c4f28fc7,3931,64175fc355175ff316d0213c811d543865d119d2,False,False
data/smoke/v4/metric_repro/features/reference.v4_sidecar.json,100644,blob,1bfd99e6fa965d915bd9a859570d31261c591adf,745,64175fc355175ff316d0213c811d543865d119d2,False,False
docs/ANONYMITY_AND_RELEASE_POLICY.md,100644,blob,307ad909b6f131d427db17dc9b4be616669f387b,379,64175fc355175ff316d0213c811d543865d119d2,False,False
docs/AUTHOR_RESPONSE_BANK_V4.md,100644,blob,b1714c1e6d0b755c0031e4d8475d175c6583ae2d,107,64175fc355175ff316d0213c811d543865d119d2,False,False
docs/CERTGEN_CVPR_EVIDENCE_PROMOTION_POLICY.md,100644,blob,13fea29e47515bb931c769a3718dc641f093081f,592,64175fc355175ff316d0213c811d543865d119d2,False,False
docs/CERTGEN_CVPR_EXACT_NEXT_ACTION.md,100644,blob,c580d814f861ce8482d8559f3fd064a02ecf8454,727,64175fc355175ff316d0213c811d543865d119d2,False,False
docs/CERTGEN_CVPR_EXECUTION_CRITICAL_PATH.md,100644,blob,f13e493070b1b228e27294ea76012db25b38b74e,462,64175fc355175ff316d0213c811d543865d119d2,False,False
docs/CERTGEN_CVPR_MAXIMUM_RESEARCH_CEILING.md,100644,blob,f7508b4ee313eb50ebdd27b2e4297eeaffe3ccdf,630,64175fc355175ff316d0213c811d543865d119d2,False,False
docs/CERTGEN_CVPR_PAPER_FIREWALL_REPORT.md,100644,blob,06a8f3500dd5970a4cbbe5c830d0bea02a49fef1,145,64175fc355175ff316d0213c811d543865d119d2,False,False
docs/CERTGEN_CVPR_SINGLE_FILE_HANDOFF.md,100644,blob,40a8e489b7a2930286a3635646a32abd32e364c1,790,64175fc355175ff316d0213c811d543865d119d2,False,False
docs/CERTGEN_CVPR_STAGE_STATE_MACHINE.md,100644,blob,f44e749d95094264eee0e0dddad9791a0e0d9f72,423,64175fc355175ff316d0213c811d543865d119d2,False,False
docs/CERTGEN_EXACT_NEXT_ACTION.md,100644,blob,4f8b798972921c3f6e0e388dedf10a522b756ea8,2323,64175fc355175ff316d0213c811d543865d119d2,False,False
docs/CERTGEN_EXECUTION_CRITICAL_PATH.md,100644,blob,8b9798b7683362fccca392bb3b95a5c00d2b0856,4800,64175fc355175ff316d0213c811d543865d119d2,False,False
docs/CERTGEN_MAXIMUM_RESEARCH_CEILING.md,100644,blob,36e9af32ae3f4dfbf29d76b076289acb66160689,4114,64175fc355175ff316d0213c811d543865d119d2,False,False
docs/CERTGEN_SINGLE_FILE_HANDOFF.md,100644,blob,10b4c7584262ef942bd4073e36c54639f9baaf90,4847,64175fc355175ff316d0213c811d543865d119d2,False,False
docs/CERTGEN_V1_README.md,100644,blob,9120faccdcddefbef630708969d60e2774109fc7,459,64175fc355175ff316d0213c811d543865d119d2,False,False
docs/CERTIFICATE_REPLAY_REPORT.md,100644,blob,b1f55723f377432bdbbb559cd26f9bc0423ea2f0,96,64175fc355175ff316d0213c811d543865d119d2,False,False
docs/CIFAR10_REFERENCE_MATERIALIZATION_R1A.md,100644,blob,2fded176cc8cd8e9e74af6851a100463e9239411,3369,64175fc355175ff316d0213c811d543865d119d2,False,False
docs/CLAIMS_POLICY.md,100644,blob,464a586d00e4909950589e71f310a0bf312e4132,542,64175fc355175ff316d0213c811d543865d119d2,False,False
docs/CLAIM_LANGUAGE_POLICY_V4.md,100644,blob,f5041527c66887898c4c1c63310f5d386b54775a,218,64175fc355175ff316d0213c811d543865d119d2,False,False
docs/CLAIM_POLICY_V3.md,100644,blob,e2b0b13a78490a2c6fe8145cc070057b8e4304e8,748,64175fc355175ff316d0213c811d543865d119d2,False,False
docs/COMMAND_INDEX_R0.md,100644,blob,dfa7880d26115b0ffe6d4e60d7d857350d68e219,1626,64175fc355175ff316d0213c811d543865d119d2,False,False
docs/COMMAND_INDEX_V1.md,100644,blob,68e23d5a682e526c1d418d09aec23979239f7578,1499,64175fc355175ff316d0213c811d543865d119d2,False,False
docs/COMMAND_INDEX_V2.md,100644,blob,29c1fcab7d84fb92298e8e66fd40f80e8fb8892b,1874,64175fc355175ff316d0213c811d543865d119d2,False,False
docs/COMMAND_INDEX_V3.md,100644,blob,f95ba57465b13548c3cdb4d832ef090866c291f1,3911,64175fc355175ff316d0213c811d543865d119d2,False,False
docs/COMMAND_INDEX_V4.md,100644,blob,ab4b6c8ac4394156abcd524346963668c048e843,3183,64175fc355175ff316d0213c811d543865d119d2,False,False
docs/COMMAND_INDEX_V5.md,100644,blob,eaa370762d1b2a804455d068f49e3597f7bdd3ac,1179,64175fc355175ff316d0213c811d543865d119d2,False,False
docs/CVPR_KILL_LIST_V5.md,100644,blob,4273ff76c42924019fcce1a90ccaa6309878ccd9,443,64175fc355175ff316d0213c811d543865d119d2,False,False
docs/CVPR_PAPER_SCAFFOLD_V4.md,100644,blob,984aeeaa551554fcfab3ee5ea6694a74a2f9bb6f,152,64175fc355175ff316d0213c811d543865d119d2,False,False
docs/CVPR_READINESS_SCORECARD_V5.md,100644,blob,f875f6939d3389c5dfe807fad1bf39089fe72537,626,64175fc355175ff316d0213c811d543865d119d2,False,False
docs/DECIDEDNESS_AND_RANKING_STABILITY_V4.md,100644,blob,81bf3a42df1cc73a2e60ec5a413a8ddc9caf14be,175,64175fc355175ff316d0213c811d543865d119d2,False,False
docs/EVIDENCE_STATUS_POLICY.md,100644,blob,b9b6515f041bb6a759fdf929e5e8dce6f3db4dc5,357,64175fc355175ff316d0213c811d543865d119d2,False,False
docs/FEATURE_CACHE_CONTRACT_V3.md,100644,blob,9578d933dfc6537949dbb79bed0f9da74f1b4ef3,388,64175fc355175ff316d0213c811d543865d119d2,False,False
docs/FEATURE_EXTRACTION_NOTEBOOKS_V4.md,100644,blob,0041cc99d72e882645038e2e5ac3cc227f05d301,265,64175fc355175ff316d0213c811d543865d119d2,False,False
docs/FEATURE_EXTRACTION_PLAN.md,100644,blob,59d04e8be3aaac4c3b05c41f7cecf23bd7234e85,315,64175fc355175ff316d0213c811d543865d119d2,False,False
docs/FEATURE_EXTRACTION_RUNBOOK_V3.md,100644,blob,adb00c6845d99adce3489600fbbbfb8e27497cf9,502,64175fc355175ff316d0213c811d543865d119d2,False,False
docs/FID_POLICY.md,100644,blob,de463bc3f296c0c55d1d3d3b4291eaa6696976d6,655,64175fc355175ff316d0213c811d543865d119d2,False,False
docs/FID_POLICY_V3.md,100644,blob,191dc990150c86d12e5f534b9efb7ba19a8c97eb,269,64175fc355175ff316d0213c811d543865d119d2,False,False
docs/FINAL_EXECUTION_AUDIT.md,100644,blob,ef56cfb5eeeae7a388055a1fb6f90e2cda7c41e1,431,64175fc355175ff316d0213c811d543865d119d2,False,False
docs/FIRST_PILOT_CHECKLIST.md,100644,blob,cd7ad773c79497c93fa32d1c0bb5bc4a8dec27d5,381,64175fc355175ff316d0213c811d543865d119d2,False,False
docs/FIRST_PILOT_PLAN.md,100644,blob,1847e1a56f7e127fe9870e10fb6b11aa7802701f,518,64175fc355175ff316d0213c811d543865d119d2,False,False
docs/FIRST_PILOT_V3_REPORT.md,100644,blob,37262da6b5744fbb0c6312a0024a401f81f26cb8,1238,64175fc355175ff316d0213c811d543865d119d2,False,False
docs/FIRST_REAL_PILOT_CHECKLIST.md,100644,blob,13725e042507419781a113447757e2146e253ff9,401,64175fc355175ff316d0213c811d543865d119d2,False,False
docs/FIRST_REAL_PILOT_GO_NO_GO_TEMPLATE.md,100644,blob,49505796d783446b90637ed3e7f8c00f2acbc6d2,158,64175fc355175ff316d0213c811d543865d119d2,False,False
docs/FIRST_REAL_PILOT_RUNBOOK_V4.md,100644,blob,3f9366f26c26029c6c8c2a99bdfb782eaecc4d95,171,64175fc355175ff316d0213c811d543865d119d2,False,False
docs/KAGGLE_CIFAR10_FEATURE_EXTRACTION_T4X2_NOTEBOOK_GUIDE.md,100644,blob,b8c804e1ad3e8137b1c27c24e28e803d1be01593,2202,64175fc355175ff316d0213c811d543865d119d2,False,False
docs/KAGGLE_CIFAR10_GENERATION_T4X2_NOTEBOOK_GUIDE.md,100644,blob,e31f813e53e7db700242d22afc0899796cce3db1,1750,64175fc355175ff316d0213c811d543865d119d2,False,False
docs/KAGGLE_T4X2_CIFAR10_GENERATION_R1A.md,100644,blob,509fb503e34c9a053443e5ed30d2cf41918670fb,5761,64175fc355175ff316d0213c811d543865d119d2,False,False
docs/KAGGLE_T4X2_FEATURE_EXTRACTION_RUNBOOK_R0.md,100644,blob,6bd793fa62a37cf8216d6f46ab25b23c842210e9,3674,64175fc355175ff316d0213c811d543865d119d2,False,False
docs/KAGGLE_T4X2_FEATURE_EXTRACTION_RUNTIME_ESTIMATES_V6.md,100644,blob,e884bb04dcff86ee3eff287302fdeeda2e21b33c,673,64175fc355175ff316d0213c811d543865d119d2,False,False
docs/KAGGLE_T4X2_GENERATION_RUNTIME_ESTIMATES_V6.md,100644,blob,a2901a0ac4b7039572bd3b6c2306b441560c508c,825,64175fc355175ff316d0213c811d543865d119d2,False,False
docs/KAGGLE_T4X2_PARALLEL_SEED_GENERATION_RUNBOOK_R0.md,100644,blob,18a8ba6dd9404c42254aa74314c59fe2ed00959c,2538,64175fc355175ff316d0213c811d543865d119d2,False,False
docs/METRIC_REPRODUCTION_AUDIT.md,100644,blob,9881493c134377ae322a15b0be9bd83bd6cb1891,385,64175fc355175ff316d0213c811d543865d119d2,False,False
docs/METRIC_REPRODUCTION_AUDIT_GUIDE.md,100644,blob,f1f99a7892a1cd8997565987b26944afe2b3e99a,280,64175fc355175ff316d0213c811d543865d119d2,False,False
docs/NO_RESULTS_YET.md,100644,blob,9c3f63b452d941ad630acbdb8da902c2d9373d5d,232,64175fc355175ff316d0213c811d543865d119d2,False,False
docs/OPTIONAL_STOPPING_LAB_V3.md,100644,blob,005f8650f4d8e6607a16b7afee8dc9f6756bbbcb,1642,64175fc355175ff316d0213c811d543865d119d2,False,False
docs/PAPER_ARTIFACTS_V4.md,100644,blob,b8208ed410e8f4ea225464a464a77c551e0d5e20,138,64175fc355175ff316d0213c811d543865d119d2,False,False
docs/PILOT_REPORT_CARD_TEMPLATE.md,100644,blob,341d90dd5694e46a4e9002129c39a6d943315ca4,282,64175fc355175ff316d0213c811d543865d119d2,False,False
docs/PREPROCESSING_LOCKS_V4.md,100644,blob,ca738113d0e65299f9d83c49bb1f621544004b6e,243,64175fc355175ff316d0213c811d543865d119d2,False,False
docs/PROVENANCE_LEDGER_GUIDE.md,100644,blob,fec17377822b66f63cd99db472a6fc070fe109a2,346,64175fc355175ff316d0213c811d543865d119d2,False,False
docs/PROVENANCE_LEDGER_VALIDATION.md,100644,blob,acab7dd4ad39747f514d34ca11c255d5b2549b95,313,64175fc355175ff316d0213c811d543865d119d2,False,False
docs/R0_COMMAND_INDEX.md,100644,blob,11f86fbc52a37a2650898efc53a4cc3dcfc391de,1418,64175fc355175ff316d0213c811d543865d119d2,False,False
docs/R0_CPU_GPU_AUDIT.md,100644,blob,8aec4d32381c615bd7bda63047513f5c955060fd,3534,64175fc355175ff316d0213c811d543865d119d2,False,False
docs/R0_CPU_GPU_EXECUTION_POLICY.md,100644,blob,4d71ea3f4d859cd5f6303947c06c44b59c898bf5,1835,64175fc355175ff316d0213c811d543865d119d2,False,False
docs/R0_CPU_PROVENANCE_VALIDATION.md,100644,blob,19e5021489cb5cb52b61193050313ef02c44ce75,541,64175fc355175ff316d0213c811d543865d119d2,False,False
docs/R0_RUNTIME_ESTIMATES_CPU_AND_KAGGLE_T4X2.md,100644,blob,0a3d1508cca8fdef7c2e4e05b64f774629c210dd,2571,64175fc355175ff316d0213c811d543865d119d2,False,False
docs/R0_TECHNICAL_CORRECTION_AUDIT.md,100644,blob,de7df9fc398541fdd4b83e89776b913e76aa74c6,4876,64175fc355175ff316d0213c811d543865d119d2,False,False
docs/R0_TECHNICAL_CORRECTION_REPORT.md,100644,blob,872f33660d04c5be5eeb13dc806a380db36c0854,4019,64175fc355175ff316d0213c811d543865d119d2,False,False
docs/R1A_CIFAR10_GENERATION_RUNTIME_ESTIMATES.md,100644,blob,7b5b1d8878f7b49bfb9769cbe665e8073cb836c7,1397,64175fc355175ff316d0213c811d543865d119d2,False,False
docs/R1A_CIFAR10_SAMPLE_MATERIALIZATION_POLICY.md,100644,blob,08f7fc206604001da1a5b7c70d433d615ca0b1d5,2079,64175fc355175ff316d0213c811d543865d119d2,False,False
docs/R1A_SAMPLE_MATERIALIZATION_AUDIT.md,100644,blob,b62624397dab7fea3fa8ffae3e2612689ef0c4f9,2106,64175fc355175ff316d0213c811d543865d119d2,False,False
docs/R1B_GENERATION_PACKAGE_AUDIT.md,100644,blob,768cbcb58f2ae29ffe5c2a1cf600d96a8108419a,1359,64175fc355175ff316d0213c811d543865d119d2,False,False
docs/R1C_KAGGLE_FEATURE_EXTRACTION_REPORT.md,100644,blob,ceb8ec00c8a5ba0deeee50fa29d0a022583d035c,406,64175fc355175ff316d0213c811d543865d119d2,False,False
docs/R1D_METRIC_REPRODUCTION_REPORT.md,100644,blob,46592fbf24faedf94d1a2756e570f6896acb1077,2117,64175fc355175ff316d0213c811d543865d119d2,False,False
docs/R1E_FIRST_CERTIFICATE_PILOT_REPORT.md,100644,blob,879cc4d60fb32c470de752f7997f912bbdd4485a,609,64175fc355175ff316d0213c811d543865d119d2,False,False
docs/R1E_FIRST_PILOT_AUDIT.md,100644,blob,30786efae10919a0d7f48137cad784ca5f6dc235,809,64175fc355175ff316d0213c811d543865d119d2,False,False
docs/R1_CIFAR10_REAL_PILOT_READINESS.md,100644,blob,fc4ed3e83ff1a9980993a549732844a6ae663a41,6542,64175fc355175ff316d0213c811d543865d119d2,False,False
docs/R1_CPU_VALIDATION.md,100644,blob,68fcf737433ad7d5a9b9f300e564fb1cd9d768df,1776,64175fc355175ff316d0213c811d543865d119d2,False,False
docs/R1_OPTIONAL_STOPPING_LAB.md,100644,blob,3b4c2f38465826929c3281e9010d700feca470ac,1642,64175fc355175ff316d0213c811d543865d119d2,False,False
docs/R1_SOURCE_SELECTION_AND_PROVENANCE_REPORT.md,100644,blob,80acbbd0c95e4b8c45c7b371d33ac9677378d5de,6501,64175fc355175ff316d0213c811d543865d119d2,False,False
docs/R2_SCALE_GO_NOGO_REPORT.md,100644,blob,b58757cbcb94ea218f684e89d2d78a7d205527d4,274,64175fc355175ff316d0213c811d543865d119d2,False,False
docs/R3_MULTI_BENCHMARK_AVAILABILITY_REPORT.md,100644,blob,bc69033bcd4ec0a13f0a84a1efaf52deaa985baa,296,64175fc355175ff316d0213c811d543865d119d2,False,False
docs/R4_PAPER_INJECTION_AUDIT.md,100644,blob,b732214a45d9a36342038945c79390f7dbbb2a03,252,64175fc355175ff316d0213c811d543865d119d2,False,False
docs/R4_RESULT_ELIGIBILITY_REPORT.md,100644,blob,e9da5f407ac6666fed8b990fec2198f17d54add3,222,64175fc355175ff316d0213c811d543865d119d2,False,False
docs/REAL_RUN_PROVENANCE_PIPELINE_V4.md,100644,blob,86f2383cf50a74775463efd28a152191b8371382,166,64175fc355175ff316d0213c811d543865d119d2,False,False
docs/RELATED_WORK_TASK_BOARD_V4.md,100644,blob,f75fd323d4c9a7822de00a21aa862936ead95c5e,567,64175fc355175ff316d0213c811d543865d119d2,False,False
docs/RELATED_WORK_TODO.md,100644,blob,2de12fb25532ac8519f36391b9a2a8a6bb46a210,397,64175fc355175ff316d0213c811d543865d119d2,False,False
docs/RELEASE_SAFETY_V4.md,100644,blob,9849eed8ce4da6a097febbee1d7c9e90abbac37f,183,64175fc355175ff316d0213c811d543865d119d2,False,False
docs/REPORTED_CLAIM_TRACE_GUIDE_V4.md,100644,blob,870f58657c3a8e7045684bff275b65ae121dc1be,183,64175fc355175ff316d0213c811d543865d119d2,False,False
docs/REPRODUCIBILITY_CAPSULE_V1.md,100644,blob,928ceb27bccc911068b14902fb1042ff5ee3a0c6,666,64175fc355175ff316d0213c811d543865d119d2,False,False
docs/REPRODUCIBILITY_CAPSULE_V3.md,100644,blob,2af88ed6514534560e7988cbc065c3cd8b6a57d2,560,64175fc355175ff316d0213c811d543865d119d2,False,False
docs/REPRODUCIBILITY_CAPSULE_V4.md,100644,blob,09951d6834ba0e9192cd783480382b6ea63cfef0,239,64175fc355175ff316d0213c811d543865d119d2,False,False
docs/REVIEWER_ATTACKS_V1.md,100644,blob,e4073c3ba6d064c382e38d6582bfb59e170e7a5a,707,64175fc355175ff316d0213c811d543865d119d2,False,False
docs/REVIEWER_ATTACKS_V4.md,100644,blob,a9e271b8fe435ce0066de17891da1c6965553020,113,64175fc355175ff316d0213c811d543865d119d2,False,False
docs/RUNBOOK_V1.md,100644,blob,ea878dbc727b7ef51d0c05f16b04b4ee3d17408a,274,64175fc355175ff316d0213c811d543865d119d2,False,False
docs/SMOKE_CERTIFICATE_CARD.md,100644,blob,5df0c763c756dbece38dec68081895db19232bae,931,64175fc355175ff316d0213c811d543865d119d2,False,False
docs/TROUBLESHOOTING_V3.md,100644,blob,837573aee62c71ae1926282bc04225280e38db8d,446,64175fc355175ff316d0213c811d543865d119d2,False,False
docs/V1_CERTIFICATE_CORE_REPORT.md,100644,blob,b94d900cfc63d09fa5626b5fd0fb1d04cc0e9747,585,64175fc355175ff316d0213c811d543865d119d2,False,False
docs/V1_FID_POLICY_REPORT.md,100644,blob,25609250ecbf6d51ccdf5408c2d0b2502ac5d02e,422,64175fc355175ff316d0213c811d543865d119d2,False,False
docs/V1_FINAL_AUDIT.md,100644,blob,14883b9e365c09e2ab68f0ae22af6d03b5bc269a,1346,64175fc355175ff316d0213c811d543865d119d2,False,False
docs/V1_METRICS_FOUNDATION_REPORT.md,100644,blob,43c512f5a5ae6534b8e9e8432e5375294435f6cb,478,64175fc355175ff316d0213c811d543865d119d2,False,False
docs/V1_PILOT_REGISTRY_REPORT.md,100644,blob,59b7327a6f3dbbc026cf10d858d1dc38035f5812,324,64175fc355175ff316d0213c811d543865d119d2,False,False
docs/V1_REPORTING_REPRODUCIBILITY_REPORT.md,100644,blob,ab3c7f5d21da8a33204f194e1442b5a89d68028d,372,64175fc355175ff316d0213c811d543865d119d2,False,False
docs/V1_SCHEMA_AND_GATE_REPORT.md,100644,blob,cbe879e5fa3c2cf114a6075c0810c91601eb2d41,533,64175fc355175ff316d0213c811d543865d119d2,False,False
docs/V1_SINGLE_FILE_HANDOFF.md,100644,blob,3301233f3e0060f8b9542d3d146f349542733f66,2102,64175fc355175ff316d0213c811d543865d119d2,False,False
docs/V2_CLEAN_METRIC_CERTIFICATE_API.md,100644,blob,cec2aad04bdc4d9b3842a128e0736e9ce7fd4b61,628,64175fc355175ff316d0213c811d543865d119d2,False,False
docs/V2_CONFIDENCE_SEQUENCE_CORE.md,100644,blob,32fc803ff44a00fc1ee622ffe081b0c82a820807,676,64175fc355175ff316d0213c811d543865d119d2,False,False
docs/V2_FEATURE_CACHE_CONTRACT.md,100644,blob,5ea973a1fa21f19401a033deea3bdd22226cec4b,391,64175fc355175ff316d0213c811d543865d119d2,False,False
docs/V2_FID_POLICY.md,100644,blob,4e36f8c916d434aaaa6f940357654927f25ab742,669,64175fc355175ff316d0213c811d543865d119d2,False,False
docs/V2_FINAL_AUDIT.md,100644,blob,f29171a1ad8036250bad54f014318f5946cf8a29,1271,64175fc355175ff316d0213c811d543865d119d2,False,False
docs/V2_FIRST_PILOT_DRY_RUN.md,100644,blob,040b861800cf5ea79f45041424388072b30af06c,424,64175fc355175ff316d0213c811d543865d119d2,False,False
docs/V2_FIRST_PILOT_PLAN.md,100644,blob,c06a495a025c6fd26c5a2f722e9530662bd94b86,492,64175fc355175ff316d0213c811d543865d119d2,False,False
docs/V2_FIXTURE_POLICY.md,100644,blob,c35bc5164aa0761aa20b5b498097c5afe3b02d46,271,64175fc355175ff316d0213c811d543865d119d2,False,False
docs/V2_MMD_STREAMS.md,100644,blob,1863e853ef0c807c4043a7493dd31972c373615c,553,64175fc355175ff316d0213c811d543865d119d2,False,False
docs/V2_OPTIONAL_STOPPING_LAB.md,100644,blob,ff28438ba38acd7b2e76f65fe1da73c89d07dfaf,1500,64175fc355175ff316d0213c811d543865d119d2,False,False
docs/V2_REGISTRY_SCHEMA.md,100644,blob,e4c27f8ed933b3535d7dbb5f951c015ae7008037,406,64175fc355175ff316d0213c811d543865d119d2,False,False
docs/V2_REPORTING.md,100644,blob,cbb183ad97f82bed9dd3afe63dab0afe503faf2c,355,64175fc355175ff316d0213c811d543865d119d2,False,False
docs/V2_SINGLE_FILE_HANDOFF.md,100644,blob,9a3af3c479dff79ef45f28ea094f74ba37490742,1528,64175fc355175ff316d0213c811d543865d119d2,False,False
docs/V2_STATISTICAL_CORE_DESIGN.md,100644,blob,9793c69e80a325b68c4234d013a39a3de968ac81,1284,64175fc355175ff316d0213c811d543865d119d2,False,False
docs/V3_AVAILABILITY_TABLE.md,100644,blob,cc63438f2854366d6510aebc0eee3f4a31173b1b,260,64175fc355175ff316d0213c811d543865d119d2,False,False
docs/V3_FINAL_AUDIT.md,100644,blob,ddbaa7ea483353b50bc2044d28735a66ff7712c7,2059,64175fc355175ff316d0213c811d543865d119d2,False,False
docs/V3_GLOBAL_RULES.md,100644,blob,46ca825e50c369922e0d6e0540cf8d9924b03d4c,646,64175fc355175ff316d0213c811d543865d119d2,False,False
docs/V3_INTAKE_AUDIT.md,100644,blob,26073b5aae53b7761a4746f29621a92664188af3,1050,64175fc355175ff316d0213c811d543865d119d2,False,False
docs/V3_REGISTRY_GUIDE.md,100644,blob,49feab11cefd95754d4b413c7b955181de77e885,271,64175fc355175ff316d0213c811d543865d119d2,False,False
docs/V3_REGISTRY_VALIDATION.md,100644,blob,04815d81235bd4a5af746e5f1c0aecec16e10f56,149,64175fc355175ff316d0213c811d543865d119d2,False,False
docs/V3_RUNBOOK.md,100644,blob,bfa8ec21a4b1c6366a991b7a820beb14b2474781,419,64175fc355175ff316d0213c811d543865d119d2,False,False
docs/V3_SINGLE_FILE_HANDOFF.md,100644,blob,9df0af01db87713b86f0b0b15331fb5edf204e1f,1433,64175fc355175ff316d0213c811d543865d119d2,False,False
docs/V4_ADVANCED_CERTIFICATION.md,100644,blob,32cb55d5543f76e2105935a466530dde1ba05581,169,64175fc355175ff316d0213c811d543865d119d2,False,False
docs/V4_BATCH_CERTIFICATE_REPORT.md,100644,blob,ef87c7cb3e523459a403395730039e351e1fd452,518,64175fc355175ff316d0213c811d543865d119d2,False,False
docs/V4_DECIDEDNESS_AUDIT.md,100644,blob,62b579a5b661e84697bf421d5ce9c17c04f13b46,125,64175fc355175ff316d0213c811d543865d119d2,False,False
docs/V4_FINAL_AUDIT.md,100644,blob,73fe1313950449083889cddec24dd4d079862c8a,4844,64175fc355175ff316d0213c811d543865d119d2,False,False
docs/V4_FIRST_REAL_PILOT_REPORT.md,100644,blob,32254f7949a083f5bea26c95faca9f698e9c6f55,161,64175fc355175ff316d0213c811d543865d119d2,False,False
docs/V4_METRIC_REPRODUCTION_AUDIT.md,100644,blob,996964f99b704ebb8ddcf7b55fa67adc2c9138a4,385,64175fc355175ff316d0213c811d543865d119d2,False,False
docs/V4_PAPER_ARTIFACTS_REPORT.md,100644,blob,1b40640fc6b5bb6b863534c8faa360cb44abbc56,120,64175fc355175ff316d0213c811d543865d119d2,False,False
docs/V4_RANKING_STABILITY_REPORT.md,100644,blob,e0b737a357a1c55ab01379829792ba3bb9d231a1,109,64175fc355175ff316d0213c811d543865d119d2,False,False
docs/V4_REAL_RUN_PLAN.md,100644,blob,42e1c8dbe08b0dc21eb02544bb354543e795a97a,355,64175fc355175ff316d0213c811d543865d119d2,False,False
docs/V4_RELEASE_SAFETY_REPORT.md,100644,blob,279c2f52f056af527324623d5de3a52e4cbccf0d,1096,64175fc355175ff316d0213c811d543865d119d2,False,False
docs/V4_SINGLE_FILE_HANDOFF.md,100644,blob,3f7be036d1dd82309e94250bb9dfbad304f573a2,3141,64175fc355175ff316d0213c811d543865d119d2,False,False
docs/V4_STATE_INTAKE_AUDIT.md,100644,blob,61c1598f5989736d9ca23321843e6e2f82283a5a,12614,64175fc355175ff316d0213c811d543865d119d2,False,False
docs/V5_FINAL_AUDIT.md,100644,blob,ecfa17e5f8fbc8f18252ccd63d048f1cc3a94621,2707,64175fc355175ff316d0213c811d543865d119d2,False,False
docs/V5_RELEASE_SAFETY_REPORT.md,100644,blob,83aebf54e5a77af9f2210a6618b19281143d7a33,121,64175fc355175ff316d0213c811d543865d119d2,False,False
docs/V5_SINGLE_FILE_HANDOFF.md,100644,blob,b8d02f40b0135053700220119e9d9806a90ab6c5,3423,64175fc355175ff316d0213c811d543865d119d2,False,False
docs/V5_STATE_INTAKE.md,100644,blob,977f40e0bca61b73fabca89affafba9f2ef975f3,968,64175fc355175ff316d0213c811d543865d119d2,False,False
docs/V5_STOP_CONDITION.md,100644,blob,175940480d893fea78fa268d17c519fb94dd7c95,405,64175fc355175ff316d0213c811d543865d119d2,False,False
docs/V6_CPU_AND_KAGGLE_MASTER_EXECUTION_RUNBOOK.md,100644,blob,6ee6016cec531096bb883d0e46c35b05972a759f,4723,64175fc355175ff316d0213c811d543865d119d2,False,False
docs/V7_CHECKPOINT_ADAPTER_FAILURE_PLAYBOOK.md,100644,blob,f7f0188c1f471b61a8533ab365a3a2fab2038e87,227,64175fc355175ff316d0213c811d543865d119d2,False,False
docs/V7_CIFAR_REFERENCE_ONRAMP_REPORT.md,100644,blob,34bb03418501cf88302346ba1b9efa8d2103bcb9,342,64175fc355175ff316d0213c811d543865d119d2,False,False
docs/V7_EXECUTION_DASHBOARD.md,100644,blob,57fb93ada8b3714a2549daf25b22f6b50531a0b7,299,64175fc355175ff316d0213c811d543865d119d2,False,False
docs/V7_EXECUTION_DEVELOPMENT_AUDIT.md,100644,blob,5b3df616aa419b347cdf92a2a3541e87e64cd65b,402,64175fc355175ff316d0213c811d543865d119d2,False,False
docs/V7_EXECUTION_UPGRADE_PLAN.md,100644,blob,1eda7a1dbe8f1f2a6949bc23bd0163101471852a,337,64175fc355175ff316d0213c811d543865d119d2,False,False
docs/V7_FIRST_PILOT_LIMITATIONS.md,100644,blob,eda7bd572a2cdc4bd012996a6e96bef5b1ea84a0,181,64175fc355175ff316d0213c811d543865d119d2,False,False
docs/V7_FIRST_PILOT_REPORT.md,100644,blob,f441d6f3c6b2329f752853caebe007c6a7707fa7,245,64175fc355175ff316d0213c811d543865d119d2,False,False
docs/V7_IMPORT_RECOVERY_REPORT.md,100644,blob,4125e932aa2e2a428dbd8af78db56b11979c22ae,156,64175fc355175ff316d0213c811d543865d119d2,False,False
docs/V7_KAGGLE_COPYBACK_AND_RECOVERY.md,100644,blob,b0d925d126fb9096c9cc560c9c1bbab8598b5ada,354,64175fc355175ff316d0213c811d543865d119d2,False,False
docs/V7_KAGGLE_DATASET_UPLOAD_GUIDE.md,100644,blob,7c326f0a6964a45ed433acd4013ee67c3376b93b,274,64175fc355175ff316d0213c811d543865d119d2,False,False
docs/V7_KAGGLE_FEATURE_EXTRACTION_BOOKRUN_GUIDE.md,100644,blob,a547fd6392dfb234209674bcbb797b6c4d18e036,280,64175fc355175ff316d0213c811d543865d119d2,False,False
docs/V7_KAGGLE_GENERATION_BOOKRUN_GUIDE.md,100644,blob,7abb10ee40ff8368134ceec6b23d0c54fcf03882,235,64175fc355175ff316d0213c811d543865d119d2,False,False
docs/V7_METRIC_SANITY_GATE_REPORT.md,100644,blob,4b867a55d7b910cf6b5c9798081b50be20650449,185,64175fc355175ff316d0213c811d543865d119d2,False,False
docs/V7_MULTI_BENCHMARK_CANDIDATE_ONRAMP.md,100644,blob,106319ae920c7ab8ec2fd63c80a7f39d94e27b28,159,64175fc355175ff316d0213c811d543865d119d2,False,False
docs/V7_NOTEBOOK_QUALITY_REPORT.md,100644,blob,a0dd2953acca798c073a20147d8dabd4e15d9222,328,64175fc355175ff316d0213c811d543865d119d2,False,False
docs/V7_PAPER_RESULT_GATE_REPORT.md,100644,blob,6598379856960366c12a0b620b41fee97e4b6a6f,95,64175fc355175ff316d0213c811d543865d119d2,False,False
docs/V7_REPO_HEALTH_AND_ARCHIVE_REPORT.md,100644,blob,7d6f46de45aade2b734efb49a6c5efe5b8c163fb,212,64175fc355175ff316d0213c811d543865d119d2,False,False
docs/V7_SCALE_LANES_1K_10K_50K.md,100644,blob,3b57563282a2dac2db3e143b131114bd8e5bbb55,303,64175fc355175ff316d0213c811d543865d119d2,False,False
docs/V7_SINGLE_FILE_HANDOFF.md,100644,blob,c6f52a5d8df851f83b53294d40c8384271f02afb,588,64175fc355175ff316d0213c811d543865d119d2,False,False
docs/V8_KAGGLE_COPYBACK_AND_IMPORT_GUIDE.md,100644,blob,5779f21fcb72250f34e000372d108961ace939f1,533,64175fc355175ff316d0213c811d543865d119d2,False,False
docs/V9_CIFAR_REFERENCE_SUPER_ONRAMP.md,100644,blob,1aefd0323cb2e91c04822028d9e84a85ba8d4df7,1105,64175fc355175ff316d0213c811d543865d119d2,False,False
docs/V9_EXACT_NEXT_ACTION.md,100644,blob,a1cfe79b1dae1f7ab6b510b33150fc5e45fdc27f,899,64175fc355175ff316d0213c811d543865d119d2,False,False
docs/V9_EXECUTION_DASHBOARD.md,100644,blob,c714aed77bdfe2fed44a011fe66e27e553534d1d,1315,64175fc355175ff316d0213c811d543865d119d2,False,False
docs/V9_EXECUTION_SUPERCHARGER_AUDIT.md,100644,blob,ffa136f5c86b99d81dbe357a5a3340298f47f7b4,3109,64175fc355175ff316d0213c811d543865d119d2,False,False
docs/V9_KAGGLE_CHECKPOINT_PREFLIGHT_GUIDE.md,100644,blob,0caed0269e9a42b6c9aed4f66bbabd87fa0cf04a,928,64175fc355175ff316d0213c811d543865d119d2,False,False
docs/V9_KAGGLE_FEATURE_EXTRACTION_HARDENED_GUIDE.md,100644,blob,287d5c81ef20b8d85db063c174f2dffce769684f,903,64175fc355175ff316d0213c811d543865d119d2,False,False
docs/V9_KAGGLE_GENERATION_HARDENED_GUIDE.md,100644,blob,908a8b2bfdba623c9a63fa6ba4ba4c7d2d797051,832,64175fc355175ff316d0213c811d543865d119d2,False,False
docs/V9_NOTEBOOK_STATIC_ANALYSIS.md,100644,blob,290e134f5d585214a060cea8a6a1ce6f4e817ed2,462,64175fc355175ff316d0213c811d543865d119d2,False,False
docs/V9_PAPER_FIREWALL_REPORT.md,100644,blob,06a8f3500dd5970a4cbbe5c830d0bea02a49fef1,145,64175fc355175ff316d0213c811d543865d119d2,False,False
docs/V9_REPO_SNAPSHOT_AND_WORKTREE_STATUS.md,100644,blob,72c27d87b063a5ca373b82e86e6b800696d491c8,919,64175fc355175ff316d0213c811d543865d119d2,False,False
docs/V9_RUNTIME_BUDGET_PLAN.md,100644,blob,1b0ceb4bb76c6e178540f62f2cb3ce19ca4d0598,498,64175fc355175ff316d0213c811d543865d119d2,False,False
docs/analysis/ANALYSIS_PLAN_AMENDMENT_POLICY.md,100644,blob,7f8d5aa4b264b6ca0b400c1165ba1975be465268,368,64175fc355175ff316d0213c811d543865d119d2,False,False
docs/analysis/ANALYSIS_PLAN_LOCK_V5.md,100644,blob,9fa4966d6a4793a6341f88b98043a6d4e3a5803c,377,64175fc355175ff316d0213c811d543865d119d2,False,False
docs/analysis/CERTGEN_CERTIFICATE_LINEAGE_CARD.md,100644,blob,9542cfdfbbd204b0baa50ad5190daeeb0054f765,371,64175fc355175ff316d0213c811d543865d119d2,False,False
docs/analysis/CERTGEN_CLAIM_EVIDENCE_PROTOCOL.md,100644,blob,23fd1aaf5d8904ae84da1d05bb8cff4d714c3863,469,64175fc355175ff316d0213c811d543865d119d2,False,False
docs/analysis/CERTGEN_COMPUTE_ACCOUNTING_CONTRACT.md,100644,blob,37dc7ce58782f78942f3e830fd2d8996637b1233,571,64175fc355175ff316d0213c811d543865d119d2,False,False
docs/analysis/CERTGEN_COMPUTE_ACCOUNTING_PROTOCOL.md,100644,blob,187148fb4df6db6c5c7e8f81a9ecd9f6419f5c5b,511,64175fc355175ff316d0213c811d543865d119d2,False,False
docs/analysis/CERTGEN_CROSS_FEATURE_AGREEMENT_PROTOCOL.md,100644,blob,54cde8799568caf40367b5cc9bef047348017449,736,64175fc355175ff316d0213c811d543865d119d2,False,False
docs/analysis/CERTGEN_CROSS_FEATURE_CONSENSUS_POLICY.md,100644,blob,f446fca8c3a7731b6e886c5982aa30308ce1a68e,491,64175fc355175ff316d0213c811d543865d119d2,False,False
docs/analysis/CERTGEN_FIGURE_TABLE_DATA_CONTRACTS.md,100644,blob,453e292dd2eee573bb82d0ce1116559e6af6881a,529,64175fc355175ff316d0213c811d543865d119d2,False,False
docs/analysis/CERTGEN_PARTIAL_RANKING_PROVENANCE.md,100644,blob,a278fac4387fcf42fbd71854b379233b8c574c71,659,64175fc355175ff316d0213c811d543865d119d2,False,False
docs/analysis/CERTGEN_PILOT_STOP_GO_PROTOCOL.md,100644,blob,231c5605da5e8c4d69c1f2f8d36ba5c0f820cfbe,527,64175fc355175ff316d0213c811d543865d119d2,False,False
docs/analysis/CERTGEN_POINT_VS_CERTIFIED_RANKING_CONTRACT.md,100644,blob,850785407b5472dc29abb5dc6c4c1b78dcabdb4d,528,64175fc355175ff316d0213c811d543865d119d2,False,False
docs/analysis/CERTGEN_QUALITATIVE_GALLERY_CONTRACT.md,100644,blob,abd37af8d556f960f032c715d20d5f97ffe01186,544,64175fc355175ff316d0213c811d543865d119d2,False,False
docs/analysis/CERTGEN_RANKING_STABILITY_PROTOCOL.md,100644,blob,faf716cb2990f75c86fa183be460a4b8ea87e520,572,64175fc355175ff316d0213c811d543865d119d2,False,False
docs/analysis/CERTGEN_RESOLUTION_PLANNING_PROTOCOL.md,100644,blob,58b9dd094974a3a452b4364a53086f267dc3c301,494,64175fc355175ff316d0213c811d543865d119d2,False,False
docs/analysis/PREREGISTRATION_V5.md,100644,blob,20dffd516d47f4f7baad8dbbc7f235e9c596010c,508,64175fc355175ff316d0213c811d543865d119d2,False,False
docs/engineering/CERTGEN_ARCHITECTURE_AUDIT.md,100644,blob,5ce067b6f32105cd9a8bad2392edf529bc0a3af3,5452,64175fc355175ff316d0213c811d543865d119d2,False,False
docs/engineering/CERTGEN_CANONICAL_INTERFACE.md,100644,blob,996e015996bae5406b135a2e69f2c4c90edc64b3,3144,64175fc355175ff316d0213c811d543865d119d2,False,False
docs/engineering/CERTGEN_CVPR_CANONICAL_ARCHITECTURE.md,100644,blob,79c2f9e3346c6b924c5bf63c779788642d695b3a,572,64175fc355175ff316d0213c811d543865d119d2,False,False
docs/engineering/CERTGEN_CVPR_CLI_REFERENCE.md,100644,blob,7a0fa56fefacf39680ec84688200ca92baa51e1b,761,64175fc355175ff316d0213c811d543865d119d2,False,False
docs/execution/CERTGEN_ARTIFACT_DRIVEN_NEXT_ACTION.md,100644,blob,516b0e3947c395e8a32022d853f87ef1dbc7de4d,497,64175fc355175ff316d0213c811d543865d119d2,False,False
docs/execution/CERTGEN_BATCH_AND_OOM_PROTOCOL.md,100644,blob,4def6a44076df15c8ef18af725f7651b94a6b454,751,64175fc355175ff316d0213c811d543865d119d2,False,False
docs/execution/CERTGEN_BUILDER_FAITHFUL_SYNTHETIC_TEST.md,100644,blob,f744726ea45b6f96f4d7ddda95d12da35994b301,1053,64175fc355175ff316d0213c811d543865d119d2,False,False
docs/execution/CERTGEN_CANONICAL_PREPARE_COMMANDS.md,100644,blob,bc39af141418ee94bea93487410fc8a60d68cc75,1045,64175fc355175ff316d0213c811d543865d119d2,False,False
docs/execution/CERTGEN_CERTIFICATE_INPUT_BUNDLE_CONTRACT.md,100644,blob,949f22c51bd3135c9dccb10121f6f40b0ce58f6e,503,64175fc355175ff316d0213c811d543865d119d2,False,False
docs/execution/CERTGEN_CHECKPOINT_REGISTRY.csv,100644,blob,104cf74b6431fa5faf4ea3f941f47ae8c597b1f7,1806,64175fc355175ff316d0213c811d543865d119d2,False,False
docs/execution/CERTGEN_CLEAN_ARCHIVE_GUIDE.md,100644,blob,05ebce82410e051e9c3803f6e74151cefd0e3335,907,64175fc355175ff316d0213c811d543865d119d2,False,False
docs/execution/CERTGEN_CLIP_FEATURE_DEFINITION.md,100644,blob,1141e01daedbea0fc0ade4a7558e8d2568635b28,980,64175fc355175ff316d0213c811d543865d119d2,False,False
docs/execution/CERTGEN_CONTROL_ARTIFACT_PROTOCOL.md,100644,blob,c0449f832286f0055d7a66dee6984471dc97f1a2,429,64175fc355175ff316d0213c811d543865d119d2,False,False
docs/execution/CERTGEN_CVPR_COPYBACK_AND_IMPORT_GUIDE.md,100644,blob,913000f4bf89e8a0024ecf203ba89fbdde2507c2,505,64175fc355175ff316d0213c811d543865d119d2,False,False
docs/execution/CERTGEN_CVPR_FAILURE_RECOVERY_PLAYBOOK.md,100644,blob,a38d96e5dd9e1636890322ef79f16f2061427891,548,64175fc355175ff316d0213c811d543865d119d2,False,False
docs/execution/CERTGEN_CVPR_KAGGLE_T4X2_GUIDE.md,100644,blob,9762473a2a6be3aab3ded2567ab37adde77b1867,450,64175fc355175ff316d0213c811d543865d119d2,False,False
docs/execution/CERTGEN_CVPR_RUNTIME_AND_RESOURCE_PLAN.md,100644,blob,b1fa0a9606dcda87f1e45a6e43ba4225cd65e467,900,64175fc355175ff316d0213c811d543865d119d2,False,False
docs/execution/CERTGEN_DETERMINISTIC_REPLAY_PROTOCOL.md,100644,blob,8b9aca903f07d0991f2eaf011fc170c53bc4d15d,580,64175fc355175ff316d0213c811d543865d119d2,False,False
docs/execution/CERTGEN_FAILURE_AND_RESUME_PLAYBOOK.md,100644,blob,c175243e2b3d37ef1bd5a774fe9639c47b429774,3799,64175fc355175ff316d0213c811d543865d119d2,False,False
docs/execution/CERTGEN_FAILURE_REHEARSAL_PROTOCOL.md,100644,blob,8a4bd7e998f4e216dbc3ac9077aac1f9fe48eb0f,529,64175fc355175ff316d0213c811d543865d119d2,False,False
docs/execution/CERTGEN_FEATURE_IMAGE_PACKAGING_PROTOCOL.md,100644,blob,f8d6c00d7d7edad7ead3135f045b653906a47515,1073,64175fc355175ff316d0213c811d543865d119d2,False,False
docs/execution/CERTGEN_FEATURE_PACKAGE_AND_MERGE_CONTRACT.md,100644,blob,ed8582baa2e0ec93b2dbaaf24fc636425573a334,865,64175fc355175ff316d0213c811d543865d119d2,False,False
docs/execution/CERTGEN_GENERATION_PACKAGE_CONTRACT.md,100644,blob,d0dbb810a5b30cc1c965bdca3ec846f1f4b09a4b,808,64175fc355175ff316d0213c811d543865d119d2,False,False
docs/execution/CERTGEN_GPU_QUEUE_SCHEDULER.md,100644,blob,7ef67ea91cbb267d48980ee568b3afd8f533e0f9,907,64175fc355175ff316d0213c811d543865d119d2,False,False
docs/execution/CERTGEN_IMAGE_MANIFEST_CONTRACT.md,100644,blob,bbb1d4fa764c5391a7057d6a72a18be6a418dca9,957,64175fc355175ff316d0213c811d543865d119d2,False,False
docs/execution/CERTGEN_INCEPTION_ASSET_ADAPTER.md,100644,blob,af0376454fe9401a2a6bb11b69a1290d49f368d0,1016,64175fc355175ff316d0213c811d543865d119d2,False,False
docs/execution/CERTGEN_KAGGLE_ENVIRONMENT_BOOTSTRAP.md,100644,blob,e1e214ad87b6e238663d753fcb331eb7cd1bc095,1023,64175fc355175ff316d0213c811d543865d119d2,False,False
docs/execution/CERTGEN_KAGGLE_NOTEBOOK_FORENSIC_AUDIT.md,100644,blob,f88a525fe1ac1eec4af2dee60899f65517ad4d9f,3441,64175fc355175ff316d0213c811d543865d119d2,False,False
docs/execution/CERTGEN_LOCAL_ASSET_LOADING_CONTRACT.md,100644,blob,56c07bcad7f73cc9e1559426919de30c9beda7ff,639,64175fc355175ff316d0213c811d543865d119d2,False,False
docs/execution/CERTGEN_MODEL_ADAPTER_CONTRACT.md,100644,blob,d03be29236a29deffe18a7d48e3e4cf050e2d6e5,1035,64175fc355175ff316d0213c811d543865d119d2,False,False
docs/execution/CERTGEN_MODEL_ASSET_POLICY.md,100644,blob,7bf45f5273512b709a1bce6ffdc536817cf3a4af,872,64175fc355175ff316d0213c811d543865d119d2,False,False
docs/execution/CERTGEN_OPERATIONAL_FAMILY_GATE.md,100644,blob,9ce20d6fb68b93fa621d8356a776f59d04190e12,393,64175fc355175ff316d0213c811d543865d119d2,False,False
docs/execution/CERTGEN_OUTPUT_SCHEMA_AND_IMPORT_CONTRACT.md,100644,blob,7923760370653277fcaa41d53973248d967da503,797,64175fc355175ff316d0213c811d543865d119d2,False,False
docs/execution/CERTGEN_PILOT_PROFILE_PROTOCOL.md,100644,blob,22e6f64ea47143b2a964ff7908d184671724a8b0,1122,64175fc355175ff316d0213c811d543865d119d2,False,False
docs/execution/CERTGEN_PORTABLE_ARCHIVE_CONTRACT.md,100644,blob,23179d4363f5cbb1312cc28ad54fbf99fabca36b,707,64175fc355175ff316d0213c811d543865d119d2,False,False
docs/execution/CERTGEN_PREPROCESSING_OBSERVED_CONTRACT.md,100644,blob,fb23494023b0bef5230edb5cb1f09e6b2eef438a,705,64175fc355175ff316d0213c811d543865d119d2,False,False
docs/execution/CERTGEN_PROVENANCE_DAG_CONTRACT.md,100644,blob,6eb7cf1a51c135bb82b4297944e975cca3b740df,580,64175fc355175ff316d0213c811d543865d119d2,False,False
docs/execution/CERTGEN_REAL_EXTRACTOR_PREFLIGHT_PROTOCOL.md,100644,blob,2d52ed23d367532f74c8a385d3f3fcf3ba91459c,977,64175fc355175ff316d0213c811d543865d119d2,False,False
docs/execution/CERTGEN_REAL_MODEL_PREFLIGHT_PROTOCOL.md,100644,blob,01362778a0497c0d1e8b3361d4cbeb7601e396e5,1118,64175fc355175ff316d0213c811d543865d119d2,False,False
docs/execution/CERTGEN_REFERENCE_DRAW_PLAN_PROTOCOL.md,100644,blob,862b56f09d343d444b06c76f062981c3a71b81b9,466,64175fc355175ff316d0213c811d543865d119d2,False,False
docs/execution/CERTGEN_RESUME_AND_FINAL_ZIP_RECOVERY.md,100644,blob,6b7cc837ae564ae7170a876426c4a26109b90108,677,64175fc355175ff316d0213c811d543865d119d2,False,False
docs/execution/CERTGEN_RESUME_RESTART_FORCE_PROTOCOL.md,100644,blob,4e484a3eed8bd7536be51bd1feb49ad1511c1428,737,64175fc355175ff316d0213c811d543865d119d2,False,False
docs/execution/CERTGEN_RUNTIME_CALIBRATION_PROTOCOL.md,100644,blob,4b0f441cfcbd76dab4e85206a59ddfadacc2e6e1,824,64175fc355175ff316d0213c811d543865d119d2,False,False
docs/execution/CERTGEN_RUN_CAPSULE_PROTOCOL.md,100644,blob,6d48af2e73130cea8a8a5d1c5c9a3ccdd6ecae11,513,64175fc355175ff316d0213c811d543865d119d2,False,False
docs/execution/CERTGEN_SCALE_LADDER_PROTOCOL.md,100644,blob,7d0bd54be1f00955fd59bf8acb2323f232e6a0fc,522,64175fc355175ff316d0213c811d543865d119d2,False,False
docs/execution/CERTGEN_T4X2_SUBPROCESS_ARCHITECTURE.md,100644,blob,c3e7fcf169ff793f9f5216096f671b076c7a47d9,762,64175fc355175ff316d0213c811d543865d119d2,False,False
docs/execution/CERTGEN_WORKER_VERSION_CONTRACT.md,100644,blob,22f88fe30fe0dbf8faebe033877175fd3be8c5a2,474,64175fc355175ff316d0213c811d543865d119d2,False,False
docs/execution/V5_COMMAND_BUNDLES.md,100644,blob,101850810e270122a0329aa4f3607da08ba910bf,251,64175fc355175ff316d0213c811d543865d119d2,False,False
docs/execution/V5_REAL_PILOT_RUNBOOK.md,100644,blob,fa8d528ca51fffcda617c16c9db654ff4f3ac0d9,537,64175fc355175ff316d0213c811d543865d119d2,False,False
docs/experiments/CERTGEN_BENCHMARK_CANDIDATE_MATRIX.csv,100644,blob,5bcbc4a38445cfd8ac67bfa11db0b5438fb588e1,10230,64175fc355175ff316d0213c811d543865d119d2,False,False
docs/experiments/CERTGEN_CVPR_LITERATURE_AUDIT_PROTOCOL.md,100644,blob,64e356dea51c68216d2c4d2f34ce6fea4d45d3f2,537,64175fc355175ff316d0213c811d543865d119d2,False,False
docs/experiments/CERTGEN_CVPR_MAXIMUM_CEILING_STUDY.md,100644,blob,ebf22e46c7c0aebb80e6b62833d34761e73057e7,326,64175fc355175ff316d0213c811d543865d119d2,False,False
docs/experiments/CERTGEN_CVPR_MINIMUM_CREDIBLE_STUDY.md,100644,blob,c2dabb4abf3e648d8a46849b62dd39fbaa4cb6de,374,64175fc355175ff316d0213c811d543865d119d2,False,False
docs/experiments/CERTGEN_CVPR_PREREGISTRATION_GUIDE.md,100644,blob,e962f84f16a97e4a95acd2c87d092c2072aa2773,477,64175fc355175ff316d0213c811d543865d119d2,False,False
docs/experiments/CERTGEN_CVPR_SCALE_UP_RULES.md,100644,blob,3b7c774b831d75f96f5d84b43c6d75d30eaf15b1,580,64175fc355175ff316d0213c811d543865d119d2,False,False
docs/experiments/CERTGEN_CVPR_STRONG_STUDY.md,100644,blob,8fcfd7c6bf546095a4551d0b9e02aab1c698f3ea,348,64175fc355175ff316d0213c811d543865d119d2,False,False
docs/experiments/CERTGEN_LITERATURE_AUDIT_PROTOCOL.md,100644,blob,40424aa201df000bd10af71508a9352324276b48,4595,64175fc355175ff316d0213c811d543865d119d2,False,False
docs/experiments/CERTGEN_MAXIMUM_CEILING_STUDY.md,100644,blob,e22a348dc727cb6d092335563db7d034b8a36adc,10315,64175fc355175ff316d0213c811d543865d119d2,False,False
docs/experiments/CERTGEN_MINIMUM_CREDIBLE_STUDY.md,100644,blob,2b348db41b8c5ba8ca58ccfcc2133f84f2fe3634,10356,64175fc355175ff316d0213c811d543865d119d2,False,False
docs/experiments/CERTGEN_PREREGISTRATION_PROTOCOL.md,100644,blob,0393bd1f4da1c5070a25ec6f41c1c04f3e0418d6,10549,64175fc355175ff316d0213c811d543865d119d2,False,False
docs/experiments/CERTGEN_PROSPECTIVE_COMPARISON_REGISTRY.csv,100644,blob,57aecf5d65e5384454244d2989809b027542ea84,13610,64175fc355175ff316d0213c811d543865d119d2,False,False
docs/experiments/CERTGEN_SCALE_UP_AND_STOP_RULES.md,100644,blob,191ead580f8bb5763dfdd125ad2024b3431f2784,6411,64175fc355175ff316d0213c811d543865d119d2,False,False
docs/legal/CERTGEN_CLIP_ASSET_AND_REDISTRIBUTION_POLICY.md,100644,blob,9ead5ec72c42c6c5431535737f88629b52d4150f,1581,64175fc355175ff316d0213c811d543865d119d2,False,False
docs/metrics/CERTGEN_CACHE_SCHEMA_V2.md,100644,blob,0e91e61871b5b3ca43950649c260e56a26df3ee3,8621,64175fc355175ff316d0213c811d543865d119d2,False,False
docs/metrics/CERTGEN_FEATURE_PIPELINE_AUDIT.md,100644,blob,33f3b69d13fd0e2847a0aeac1dd5c9ad22eda458,9063,64175fc355175ff316d0213c811d543865d119d2,False,False
docs/metrics/CERTGEN_METRIC_REPRODUCTION_PROTOCOL.md,100644,blob,7207ea8735818261635038727f95a33623874a81,9470,64175fc355175ff316d0213c811d543865d119d2,False,False
docs/paper/ALLOWED_PRE_RUN_CLAIMS.md,100644,blob,376b0d0be737380c41666e1eb92145c087714914,473,64175fc355175ff316d0213c811d543865d119d2,False,False
docs/paper/CLAIM_CONTRACT.md,100644,blob,6f3f5a34d11791dba1ed3e82ee5d1b57e3f113b2,463,64175fc355175ff316d0213c811d543865d119d2,False,False
docs/paper/CLAIM_TRACE_PROTOCOL.md,100644,blob,dae1b2a93a9af17f71b0e15a419e36844050da1a,332,64175fc355175ff316d0213c811d543865d119d2,False,False
docs/paper/CVPR_PAPER_IDENTITY.md,100644,blob,9e7f8dd4b7cc6e27c3b6b5f4e3797e7411f381bc,663,64175fc355175ff316d0213c811d543865d119d2,False,False
docs/paper/FIGURE_MANIFEST_V5.md,100644,blob,b303478703ce1d39ec8d77d03f3aa863e0b90ed1,629,64175fc355175ff316d0213c811d543865d119d2,False,False
docs/paper/FORBIDDEN_CLAIMS.md,100644,blob,3e0d9034ca0d718b23f056cb8c112bfd1c51b375,490,64175fc355175ff316d0213c811d543865d119d2,False,False
docs/paper/PAPER_BUILD_GUIDE.md,100644,blob,fee64783ebe808e72f616bcd7e48370d4cc7ba10,428,64175fc355175ff316d0213c811d543865d119d2,False,False
docs/paper/PROOF_OBLIGATION_TRACKER.md,100644,blob,7e3806c2da552f005139177d6848a5c9c3c6aea7,267,64175fc355175ff316d0213c811d543865d119d2,False,False
docs/paper/RESULT_INJECTION_PROTOCOL.md,100644,blob,1b0c55b0bc19273181253990c06a60c5af13e541,338,64175fc355175ff316d0213c811d543865d119d2,False,False
docs/paper/TABLE_MANIFEST_V5.md,100644,blob,1f41f287d694a905fa092b43363719e8c26c3578,889,64175fc355175ff316d0213c811d543865d119d2,False,False
docs/related_work/CITATION_VERIFICATION_PROTOCOL.md,100644,blob,6d0533eb2db7432a3d1588ffd2035e80e3edd8a0,516,64175fc355175ff316d0213c811d543865d119d2,False,False
docs/related_work/CITATION_VERIFICATION_TODO_V5.md,100644,blob,3df6933951172e14c372cfbee731b1e506bd1442,1184,64175fc355175ff316d0213c811d543865d119d2,False,False
docs/related_work/RELATED_WORK_BOARD_V5.md,100644,blob,e4227e75141392429338534d17fba7ba8214a223,1756,64175fc355175ff316d0213c811d543865d119d2,False,False
docs/related_work/RELATED_WORK_SECTION_SCAFFOLD.md,100644,blob,cdf50dadcdd012f0b20c9c55bcef6dc1003c12fe,610,64175fc355175ff316d0213c811d543865d119d2,False,False
docs/release/ANONYMITY_AND_PRIVACY_AUDIT_V5.md,100644,blob,83aebf54e5a77af9f2210a6618b19281143d7a33,121,64175fc355175ff316d0213c811d543865d119d2,False,False
docs/reproducibility/DATA_AND_SAMPLE_PROVENANCE_POLICY.md,100644,blob,7a79f11e8e0b3da93609d7529e908ef7159b8f3f,276,64175fc355175ff316d0213c811d543865d119d2,False,False
docs/reproducibility/ENVIRONMENT_V5.md,100644,blob,20a4d2d97ac7186e7ae1ff6a5895f487545d4ca3,326,64175fc355175ff316d0213c811d543865d119d2,False,False
docs/reproducibility/FEATURE_CACHE_FORMAT.md,100644,blob,fbc37e3b35783ed695a4c280ec0ccf1c471ac161,314,64175fc355175ff316d0213c811d543865d119d2,False,False
docs/reproducibility/REPRODUCIBILITY_CAPSULE_V5.md,100644,blob,cadae2354b3adf3c252a584248553f1bb6b1dbdd,596,64175fc355175ff316d0213c811d543865d119d2,False,False
docs/reproducibility/ZERO_COST_EXECUTION_GUIDE.md,100644,blob,5b26b8e30488ba4946526ab5512a19410df05fba,277,64175fc355175ff316d0213c811d543865d119d2,False,False
docs/research/CERTGEN_CLAIM_AND_CONTRIBUTION_CONTRACT.md,100644,blob,104f4f066ffea07a1d0d112ea35da8f59a1edef4,4703,64175fc355175ff316d0213c811d543865d119d2,False,False
docs/research/CERTGEN_CLOSEST_WORK_MATRIX.csv,100644,blob,5bc988cf77bdcfb3e0827a08c76388f12a168ab8,6365,64175fc355175ff316d0213c811d543865d119d2,False,False
docs/research/CERTGEN_NOVELTY_FORENSIC_AUDIT.md,100644,blob,5263766ec01cdfacab60ba9940944f60017a50d8,10363,64175fc355175ff316d0213c811d543865d119d2,False,False
docs/review/AUTHOR_RESPONSE_BANK_V5.md,100644,blob,7f6efe47c9486643aa82f58ed5121d4c4bb41eba,344,64175fc355175ff316d0213c811d543865d119d2,False,False
docs/review/REVIEWER_ATTACKS_V5.md,100644,blob,2a56990bf0eac3e51049b9adae7032f153f6f512,683,64175fc355175ff316d0213c811d543865d119d2,False,False
docs/review/REVIEWER_SCORE_SIMULATOR_V5.md,100644,blob,ae4be1d9bd1d52b8ede59f9863bea1159f045349,126,64175fc355175ff316d0213c811d543865d119d2,False,False
docs/theory/CERTGEN_ASSUMPTION_LEDGER.csv,100644,blob,db1cd872ad0dc961d7c39362921ab8319fab18d7,5334,64175fc355175ff316d0213c811d543865d119d2,False,False
docs/theory/CERTGEN_CVPR_STATISTICAL_CORE_AUDIT.md,100644,blob,a7847be0ac87ff6a3e3c880c76e6fabe9251cffe,1536,64175fc355175ff316d0213c811d543865d119d2,False,False
docs/theory/CERTGEN_FORMAL_ESTIMAND_AND_STREAM.md,100644,blob,1846341713f569365f4e3772a719f8687e85212c,7060,64175fc355175ff316d0213c811d543865d119d2,False,False
docs/theory/CERTGEN_FORMAL_STREAM_CONTRACT.md,100644,blob,693cd21afcbb225c7a15bcb8d79ab8f18d420848,830,64175fc355175ff316d0213c811d543865d119d2,False,False
docs/theory/CERTGEN_METRIC_CAPABILITY_REGISTRY.csv,100644,blob,1f80725cc8e824a7da6d0e69700285d63232e473,3062,64175fc355175ff316d0213c811d543865d119d2,False,False
docs/theory/CERTGEN_MULTIPLICITY_FAMILY_PROTOCOL.md,100644,blob,ffad2c0557622d783cb3197abd2fe8c389ec3f9b,816,64175fc355175ff316d0213c811d543865d119d2,False,False
docs/theory/CERTGEN_MULTIPLICITY_PROTOCOL.md,100644,blob,79655d465719c3e386e7919d7f93ff03f780c392,3708,64175fc355175ff316d0213c811d543865d119d2,False,False
docs/theory/CERTGEN_REFERENCE_DRAW_PROTOCOL.md,100644,blob,8b2ae35b2c94bb85a0017a5e8f46aa55df966d8a,763,64175fc355175ff316d0213c811d543865d119d2,False,False
docs/theory/CERTGEN_STATISTICAL_VALIDITY_AUDIT.md,100644,blob,454e47659e347f30809f08d177ff4099f82b7826,8063,64175fc355175ff316d0213c811d543865d119d2,False,False
docs/theory/CERTGEN_THEOREM_AND_PROOF_OBLIGATIONS.md,100644,blob,571aca9d4dd9153d3eee38bbdd87ce2197de3267,6770,64175fc355175ff316d0213c811d543865d119d2,False,False
notebooks/generated/kaggle_inception_features.py,100644,blob,3fef779460b10b5ec5a0a99a97f1169a4bdb8b5f,993,64175fc355175ff316d0213c811d543865d119d2,False,False
notebooks/kaggle/certgen_cifar10_feature_extraction_t4x2_1k.ipynb,100644,blob,1e56b10e805608664f71e89afd28f80dbecdb46c,8041,64175fc355175ff316d0213c811d543865d119d2,False,False
notebooks/kaggle/certgen_cifar10_generation_t4x2_1k.ipynb,100644,blob,423a4f74fda1aea8a70b1aa42a3fe8e165c978fc,6923,64175fc355175ff316d0213c811d543865d119d2,False,False
notebooks/kaggle/certgen_cvpr_checkpoint_preflight_t4x2.ipynb,100644,blob,4abeec878c62d54f5a961322ce52326335874cab,51933,64175fc355175ff316d0213c811d543865d119d2,False,False
notebooks/kaggle/certgen_cvpr_cifar10_generation_t4x2_1k.ipynb,100644,blob,cebca039e10c2436325318704420f68e2efd7344,40079,64175fc355175ff316d0213c811d543865d119d2,False,False
notebooks/kaggle/certgen_cvpr_feature_extraction_t4x2.ipynb,100644,blob,da50d188188832a45824eca3e0fa6e2564278656,49201,64175fc355175ff316d0213c811d543865d119d2,False,False
notebooks/kaggle/certgen_cvpr_feature_extraction_t4x2_1k.ipynb,100644,blob,8bc3795465138a3d79b5329fc5e9f6203aa01249,40930,64175fc355175ff316d0213c811d543865d119d2,False,False
notebooks/kaggle/certgen_cvpr_feature_extraction_t4x2_generic.ipynb,100644,blob,dd4b06d5be7b59757be6b10f850b5b893c773b29,40950,64175fc355175ff316d0213c811d543865d119d2,False,False
notebooks/kaggle/certgen_cvpr_generation_1k_t4x2.ipynb,100644,blob,71356e6504c08071744b980f959d8f032a12d61a,48350,64175fc355175ff316d0213c811d543865d119d2,False,False
notebooks/kaggle/certgen_cvpr_generation_t4x2_generic.ipynb,100644,blob,40613e70d8c34a593616629a04b71deef6c11ccc,40099,64175fc355175ff316d0213c811d543865d119d2,False,False
notebooks/kaggle/certgen_kaggle_environment_diagnostic_t4x2.ipynb,100644,blob,8764f5b5400968c351a2ed771fabb23214f557b7,40796,64175fc355175ff316d0213c811d543865d119d2,False,False
notebooks/kaggle/v7_certgen_cifar10_feature_extraction_t4x2_bookrun.ipynb,100644,blob,1c3e5edcdfc5555953c2667c9134630835f0425f,5256,64175fc355175ff316d0213c811d543865d119d2,False,False
notebooks/kaggle/v7_certgen_cifar10_generation_t4x2_bookrun.ipynb,100644,blob,700a6c24d9ad84d616127be297aebf7ad26adbab,6046,64175fc355175ff316d0213c811d543865d119d2,False,False
notebooks/kaggle/v8_certgen_cifar10_feature_extraction_t4x2_bookrun.ipynb,100644,blob,b6e8acb8ee34c4e83e18214aca6ba4a5b772c5f7,7714,64175fc355175ff316d0213c811d543865d119d2,False,False
notebooks/kaggle/v8_certgen_cifar10_generation_t4x2_bookrun.ipynb,100644,blob,62a5a8c5e7024b7ae6600f2d491fe071182097c7,7741,64175fc355175ff316d0213c811d543865d119d2,False,False
notebooks/kaggle/v8_checkpoint_preflight_t4x2.ipynb,100644,blob,0b12f5371240e5a5cd434512f5b24c74a83dc816,7442,64175fc355175ff316d0213c811d543865d119d2,False,False
notebooks/kaggle/v9_checkpoint_real_load_preflight_t4x2.ipynb,100644,blob,8bd2e0b1e99aebcbbba3fe99482317e86dcb0e06,6947,64175fc355175ff316d0213c811d543865d119d2,False,False
notebooks/kaggle/v9_cifar10_feature_extraction_t4x2_1k_hardened.ipynb,100644,blob,22ac908c176b7d3ec51ea82c73a7cf75ea87e54d,12637,64175fc355175ff316d0213c811d543865d119d2,False,False
notebooks/kaggle/v9_cifar10_generation_t4x2_1k_hardened.ipynb,100644,blob,f76f96e539a639b20133fbdb5d2998cf380981e9,13562,64175fc355175ff316d0213c811d543865d119d2,False,False
paper/CERTGEN_CLAIM_HIERARCHY.md,100644,blob,9c0c7ab70f19e65cf25fc82b84592da6c19b6409,3389,64175fc355175ff316d0213c811d543865d119d2,False,False
paper/CERTGEN_CVPR_CLAIM_CONTRACT.md,100644,blob,ecfef42e1cee2e3c3605614d9a0d830cd4352eb2,628,64175fc355175ff316d0213c811d543865d119d2,False,False
paper/CERTGEN_CVPR_FIGURE_CONTRACTS.md,100644,blob,309b79f92ed2ab3c84dfe53f4c7983840b7632bd,582,64175fc355175ff316d0213c811d543865d119d2,False,False
paper/CERTGEN_CVPR_PAPER_BUILD_REPORT.md,100644,blob,7df55f65b845ef2143faff370501375fc5e7e7f4,545,64175fc355175ff316d0213c811d543865d119d2,False,False
paper/CERTGEN_CVPR_RESULT_TABLE_CONTRACTS.md,100644,blob,ba60c1fce94b8c1ed06a6e0069924da0d1989397,481,64175fc355175ff316d0213c811d543865d119d2,False,False
paper/CERTGEN_CVPR_REVIEWER_REPAIR_MATRIX.csv,100644,blob,dc1c288f18ac151f9813ad075ef0781670ccb885,762,64175fc355175ff316d0213c811d543865d119d2,False,False
paper/CERTGEN_CVPR_REVIEWER_SIMULATION.md,100644,blob,5444f629c436487383e7425990b2078929f0f5ad,5192,64175fc355175ff316d0213c811d543865d119d2,False,False
paper/CERTGEN_FIGURE_AND_TABLE_SPEC.md,100644,blob,3467ada9b58da4d003ee262fdbfe85905c19c939,4193,64175fc355175ff316d0213c811d543865d119d2,False,False
paper/CERTGEN_PAPER_REDESIGN_PLAN.md,100644,blob,1c8b7b26906e2eae1f4c018ea10813335df261e7,5238,64175fc355175ff316d0213c811d543865d119d2,False,False
paper/CERTGEN_REVIEWER_REPAIR_MATRIX.csv,100644,blob,f838b59c15d7a0ab48c8804771f58957d4a1f4dc,2599,64175fc355175ff316d0213c811d543865d119d2,False,False
paper/CERTGEN_REVIEWER_SIMULATION.md,100644,blob,870ca977e0cdb0a58665e415f0393963534c6a04,4940,64175fc355175ff316d0213c811d543865d119d2,False,False
paper/CERTGEN_VENUE_CEILING_MATRIX.md,100644,blob,f7b4e45d4dedea45305e3dc9dad279e3640995b9,3180,64175fc355175ff316d0213c811d543865d119d2,False,False
paper/README.md,100644,blob,e2b34ffdfccbc2a131e095ede4b5b8a4b83e176a,125,64175fc355175ff316d0213c811d543865d119d2,False,False
paper/figures/README.md,100644,blob,3bd9717e323ee570f5e3a5af759696a4dbc77ead,653,64175fc355175ff316d0213c811d543865d119d2,False,False
paper/main.tex,100644,blob,990eb27891817c9919e98be351cd45dd9864dac3,485,64175fc355175ff316d0213c811d543865d119d2,False,False
paper/sections/00_abstract.tex,100644,blob,12af5144b428abf0a85145a5aaa52e4271687312,1335,64175fc355175ff316d0213c811d543865d119d2,False,False
paper/sections/01_introduction.tex,100644,blob,4ab4b4c1fcd3fc3e6b8a850d004c4ae6dba67608,2038,64175fc355175ff316d0213c811d543865d119d2,False,False
paper/sections/02_related_work.tex,100644,blob,da55c0c843c14a1d4b03fa00acd263e38ba6cc01,4488,64175fc355175ff316d0213c811d543865d119d2,False,False
paper/sections/03_method.tex,100644,blob,3f1023811fa428db9d69d468c01fc93f2efe00e4,1845,64175fc355175ff316d0213c811d543865d119d2,False,False
paper/sections/04_experimental_protocol.tex,100644,blob,d7c8a0889558335eebf5e396395d3b9cb2a41358,940,64175fc355175ff316d0213c811d543865d119d2,False,False
paper/sections/05_results_placeholder.tex,100644,blob,5f28d2453a3e0184f2e2eb7a2504500e69128cf0,662,64175fc355175ff316d0213c811d543865d119d2,False,False
paper/sections/06_limitations_ethics.tex,100644,blob,43909f1672a8365132256841405d8b2b7148825e,636,64175fc355175ff316d0213c811d543865d119d2,False,False
paper/sections/07_conclusion.tex,100644,blob,6ec381922fcbbd74631e02ce03b99d583dd5a709,247,64175fc355175ff316d0213c811d543865d119d2,False,False
paper/sections/abstract_placeholder.tex,100644,blob,a3feb80fdea2861af32c9b10cdb215c44e779bef,234,64175fc355175ff316d0213c811d543865d119d2,False,False
paper/sections/ethics_reproducibility.tex,100644,blob,1c4353da00cdf50addf09fc54ceb0ae9af648bbb,113,64175fc355175ff316d0213c811d543865d119d2,False,False
paper/sections/experiments_placeholder.tex,100644,blob,51a2f911745f5eacfd33e0141eba663fcd66ddb0,176,64175fc355175ff316d0213c811d543865d119d2,False,False
paper/sections/introduction.tex,100644,blob,72ab622d5c968e85fac961fc9dea8b14cebfc7e1,121,64175fc355175ff316d0213c811d543865d119d2,False,False
paper/sections/limitations.tex,100644,blob,956e0b6f73bf00ae6a672268558598a653871b99,104,64175fc355175ff316d0213c811d543865d119d2,False,False
paper/sections/method.tex,100644,blob,a35386f328e6242938a66d723e900399da280a4b,153,64175fc355175ff316d0213c811d543865d119d2,False,False
paper/supplement.tex,100644,blob,e28574c70514a3e9e5abde49dba5267901fcb02a,465,64175fc355175ff316d0213c811d543865d119d2,False,False
paper/supplement/01_certificate_details.tex,100644,blob,608ed781d2163cffffe99614d75fd23972fd9ab4,336,64175fc355175ff316d0213c811d543865d119d2,False,False
paper/supplement/02_optional_stopping_validity.tex,100644,blob,a97aace80c4ce2cf4e86c2ceb49dd025b1fba476,402,64175fc355175ff316d0213c811d543865d119d2,False,False
paper/supplement/03_mmd_kid_cmmd_streams.tex,100644,blob,b43a2c19c0b6fb9665db8a4a29666d45f6ccdfde,484,64175fc355175ff316d0213c811d543865d119d2,False,False
paper/supplement/04_multiple_comparisons_dependence.tex,100644,blob,39c76ab7f0a762083923cebdd568a141cfdc3193,650,64175fc355175ff316d0213c811d543865d119d2,False,False
paper/supplement/05_fid_fd_policy.tex,100644,blob,c32560ad474905dde5d8506a1198f6285106d1c3,406,64175fc355175ff316d0213c811d543865d119d2,False,False
paper/supplement/06_reproducibility_details.tex,100644,blob,1e231d4f858649943c4fd848b82b621646711de9,368,64175fc355175ff316d0213c811d543865d119d2,False,False
paper/supplement/07_additional_tables_placeholders.tex,100644,blob,ced355df15fb9d78b0ae637edbbc4528ed5abf02,197,64175fc355175ff316d0213c811d543865d119d2,False,False
paper/tables/README.md,100644,blob,c239db0b9c3ead476f2c8559840dfc9664b61114,69,64175fc355175ff316d0213c811d543865d119d2,False,False
promptpacks/CERTGEN_CODEX_EXECUTE_COMPLETE_1K_AND_PUSH_TO_GITHUB.md,100644,blob,b74dbde867c8133636af48c5d2d0be39fe72e088,38187,64175fc355175ff316d0213c811d543865d119d2,False,False
promptpacks/CERTGEN_CVPR_FINAL_100_PERCENT_PRE_RUN_READINESS_PROMPT.md,100644,blob,37679b079f9c59f8263d6ed78c8b1654875a9e4d,26826,64175fc355175ff316d0213c811d543865d119d2,False,False
promptpacks/CERTGEN_CVPR_FINAL_RUNTIME_HARDENING_PROMPT.md,100644,blob,6852bfd008058192ece3cab02b9cca9e0e883ca0,38257,64175fc355175ff316d0213c811d543865d119d2,False,False
promptpacks/CERTGEN_CVPR_FINAL_RUN_READY_VALUE_UPGRADE_PROMPT.md,100644,blob,380bbce46e2adbb32098ab2a12791fb2df501756,27299,64175fc355175ff316d0213c811d543865d119d2,False,False
promptpacks/CERTGEN_CVPR_MAX_PREEXECUTION_BUILD_PROMPT.md,100644,blob,61e3e617f676b519c5375878498c631c496e176a,59479,64175fc355175ff316d0213c811d543865d119d2,False,False
promptpacks/CERTGEN_FINAL_REPAIR_REFERENCE_AND_COMPLETE_1K_EXECUTION_PROMPT.md,100644,blob,6654878736dfb062dc7076822620c602e1c1f235,39066,64175fc355175ff316d0213c811d543865d119d2,False,False
promptpacks/CERTGEN_PHASE1_PREPARE_CPU_AND_KAGGLE_LAUNCH_PROMPT.md,100644,blob,ee3bdfd5679a048f765c348a4a9a7ab28eadd061,15876,64175fc355175ff316d0213c811d543865d119d2,False,False
promptpacks/CERTGEN_PHASE2_RESUME_AFTER_KAGGLE_AND_FINISH_PROMPT.md,100644,blob,d1e92273b2bb8f2246f7ffe166ab65bd3e8e2c80,13434,64175fc355175ff316d0213c811d543865d119d2,False,False
promptpacks/CERTVIC_FINAL_RUN_READINESS_PATCH_AND_EXECUTION_PROMPT.md,100644,blob,129d1634261669343a943934b1410621c8b4eb18,23141,64175fc355175ff316d0213c811d543865d119d2,False,False
promptpacks/certgen_prompt_pack_v1/00_GLOBAL_RULES_FOR_ALL_PROMPTS.md,100644,blob,a3a7b81e83045a745bc822c17465ba17675ab0e5,3547,64175fc355175ff316d0213c811d543865d119d2,False,False
promptpacks/certgen_prompt_pack_v1/01_BOOTSTRAP_REPO_SCAFFOLD.md,100644,blob,2b0cded034ed953f0b8275d62ee945836452bdb9,3596,64175fc355175ff316d0213c811d543865d119d2,False,False
promptpacks/certgen_prompt_pack_v1/02_SCHEMAS_MANIFESTS_AND_CLAIM_GATES.md,100644,blob,50194595977a9119824d8d6e6b2b39d9f5209109,4090,64175fc355175ff316d0213c811d543865d119d2,False,False
promptpacks/certgen_prompt_pack_v1/03_FEATURES_AND_METRICS_FOUNDATION.md,100644,blob,7c143fec1beb4a44b161976014fb40cfbec76787,3909,64175fc355175ff316d0213c811d543865d119d2,False,False
promptpacks/certgen_prompt_pack_v1/04_CERTIFICATE_CORE_CLEAN_METRICS.md,100644,blob,e96802a2e528955146c311b0505a10687dd6cf50,3891,64175fc355175ff316d0213c811d543865d119d2,False,False
promptpacks/certgen_prompt_pack_v1/05_FID_POLICY_AND_DESCRIPTIVE_HANDLING.md,100644,blob,abcbaf383384fd05e4b48be2ff5201bdfbc22d0d,3041,64175fc355175ff316d0213c811d543865d119d2,False,False
promptpacks/certgen_prompt_pack_v1/06_PILOT_REGISTRY_AND_AUDIT_SCAFFOLD.md,100644,blob,b543d63d089d92fb45fca518d63c4232fe125e76,3523,64175fc355175ff316d0213c811d543865d119d2,False,False
promptpacks/certgen_prompt_pack_v1/07_REPORTING_DOCS_REPRODUCIBILITY.md,100644,blob,25f42e4ec5c4a4abd9c54787c700bd11409dd967,3115,64175fc355175ff316d0213c811d543865d119d2,False,False
promptpacks/certgen_prompt_pack_v1/08_FINAL_V1_AUDIT_AND_HANDOFF.md,100644,blob,1466cee36edb5bcbb6d8f9dd65402ba5dd5404bc,2635,64175fc355175ff316d0213c811d543865d119d2,False,False
promptpacks/certgen_prompt_pack_v1/09_ONE_SHOT_MEGAPROMPT_V1.md,100644,blob,ba5a408a10df0bc8bc45b38205e7745d3a6ab7e7,5963,64175fc355175ff316d0213c811d543865d119d2,False,False
promptpacks/certgen_prompt_pack_v1/10_PROMPT_PACK_V1_CHANGELOG.md,100644,blob,f3377bdfb8176d845b001279809f211bf9ac1771,984,64175fc355175ff316d0213c811d543865d119d2,False,False
promptpacks/certgen_prompt_pack_v1/CERTGEN_PROJECT_MASTER_CONTEXT.md,100644,blob,90457d4f8f2bf628a1a01fbe2cf9f012e48b54c7,28283,64175fc355175ff316d0213c811d543865d119d2,False,False
promptpacks/certgen_prompt_pack_v1/README_PROMPT_PACK_V1.md,100644,blob,958816472ee9cbe5ef5549c078fee9c955fa2294,2346,64175fc355175ff316d0213c811d543865d119d2,False,False
promptpacks/certgen_prompt_pack_v2/00_V2_GLOBAL_RULES_AND_BOUNDARIES.md,100644,blob,ae15dd66471bce79e69c4109c1b5326648c384b3,2623,64175fc355175ff316d0213c811d543865d119d2,False,False
promptpacks/certgen_prompt_pack_v2/01_V2_STATISTICAL_CORE_DESIGN.md,100644,blob,b02045c16e965efe16e9dcc189ce2b649cc4a714,3897,64175fc355175ff316d0213c811d543865d119d2,False,False
promptpacks/certgen_prompt_pack_v2/02_IMPLEMENT_LINEAR_TIME_MMD_STREAMS.md,100644,blob,89fdee1965407f13d1b3634d327a2c404cc728a4,4082,64175fc355175ff316d0213c811d543865d119d2,False,False
promptpacks/certgen_prompt_pack_v2/03_EMPIRICAL_BERNSTEIN_AND_E_PROCESS_CS.md,100644,blob,9c7c6d0379fb476553f3bd257cf38e93b48798e9,4376,64175fc355175ff316d0213c811d543865d119d2,False,False
promptpacks/certgen_prompt_pack_v2/04_OPTIONAL_STOPPING_VALIDITY_LAB.md,100644,blob,81181823b526bd0f859133cd8d7fb778372b9036,3545,64175fc355175ff316d0213c811d543865d119d2,False,False
promptpacks/certgen_prompt_pack_v2/05_CLEAN_METRIC_CERTIFICATE_API.md,100644,blob,caaceabb51106dd8f3400813e878bc1c8ca1ce3c,3714,64175fc355175ff316d0213c811d543865d119d2,False,False
promptpacks/certgen_prompt_pack_v2/06_CMMD_KID_MMD_INTEGRATION_TESTS.md,100644,blob,638c8d1be2c8d63b15ebf84f6315f95d524b6676,2983,64175fc355175ff316d0213c811d543865d119d2,False,False
promptpacks/certgen_prompt_pack_v2/07_FEATURE_CACHE_AND_PREPROCESSING_CONTRACTS.md,100644,blob,9b5e5b5835e5d637f5978b0a5a9ab1b8819697bd,3583,64175fc355175ff316d0213c811d543865d119d2,False,False
promptpacks/certgen_prompt_pack_v2/08_DRY_RUN_FIRST_PILOT_PATH.md,100644,blob,01aaca8e7cc7f29b0730a6537117f51eb9643ad6,3584,64175fc355175ff316d0213c811d543865d119d2,False,False
promptpacks/certgen_prompt_pack_v2/09_REGISTRY_UPGRADES_AND_RELEASED_SAMPLE_AVAILABILITY.md,100644,blob,7b0074e5c29be4cdd4056a70dba14fa26a65d597,3390,64175fc355175ff316d0213c811d543865d119d2,False,False
promptpacks/certgen_prompt_pack_v2/10_FID_POLICY_REINFORCEMENT_AND_BLOCK_EXPERIMENT.md,100644,blob,82f04ca5ab44faceed099e6cff4704c7c27c94e7,3346,64175fc355175ff316d0213c811d543865d119d2,False,False
promptpacks/certgen_prompt_pack_v2/11_REPORTING_CERTIFICATE_CARDS.md,100644,blob,161e160eac51419b4ceb2243d353e4254c4d3f39,3147,64175fc355175ff316d0213c811d543865d119d2,False,False
promptpacks/certgen_prompt_pack_v2/12_V2_FINAL_AUDIT_AND_HANDOFF.md,100644,blob,c82279099ad4d50284e860b01f1404c0bb98ac98,3123,64175fc355175ff316d0213c811d543865d119d2,False,False
promptpacks/certgen_prompt_pack_v2/13_ONE_SHOT_MEGAPROMPT_V2.md,100644,blob,970f71d63f7f265dda9e0da5c9615c181cfb336e,4027,64175fc355175ff316d0213c811d543865d119d2,False,False
promptpacks/certgen_prompt_pack_v2/14_PROMPT_PACK_V2_CHANGELOG.md,100644,blob,e42a16e00f729380df529473a26b23d8cdc52858,1218,64175fc355175ff316d0213c811d543865d119d2,False,False
promptpacks/certgen_prompt_pack_v2/CERTGEN_PROJECT_MASTER_CONTEXT_V2_ADDENDUM.md,100644,blob,66b32be43727051a3ac874c34088eaec76d804d1,3462,64175fc355175ff316d0213c811d543865d119d2,False,False
promptpacks/certgen_prompt_pack_v2/README_PROMPT_PACK_V2.md,100644,blob,ae296542012a7d51f0d3d07c0e0dd4bb08c9b29e,2044,64175fc355175ff316d0213c811d543865d119d2,False,False
promptpacks/certgen_prompt_pack_v3/00_V3_GLOBAL_RULES_AND_BOUNDARIES.md,100644,blob,6de27bbc63b47c4bf56f053240821c5b99d8c0ad,3164,64175fc355175ff316d0213c811d543865d119d2,False,False
promptpacks/certgen_prompt_pack_v3/01_V3_PROJECT_STATE_INTAKE_AUDIT.md,100644,blob,870018acad6cd69688e73c82ecab67f85d1342ca,2298,64175fc355175ff316d0213c811d543865d119d2,False,False
promptpacks/certgen_prompt_pack_v3/02_V3_RELEASED_SAMPLE_PROVENANCE_LEDGER.md,100644,blob,b4f4a0119caa9ab6649a08d1bb0cb3504985605c,2886,64175fc355175ff316d0213c811d543865d119d2,False,False
promptpacks/certgen_prompt_pack_v3/03_V3_REAL_FEATURE_CACHE_CONTRACTS.md,100644,blob,75d1fd852c2a3a004080dd6996e3a9cd895e6b5e,2773,64175fc355175ff316d0213c811d543865d119d2,False,False
promptpacks/certgen_prompt_pack_v3/04_V3_DRY_RUN_FEATURE_EXTRACTION_ADAPTERS.md,100644,blob,47a7785ced495dfd24bb402c63c27da8c091e661,2550,64175fc355175ff316d0213c811d543865d119d2,False,False
promptpacks/certgen_prompt_pack_v3/05_V3_PREPROCESSING_AND_METRIC_REPRODUCTION_AUDIT.md,100644,blob,2b4173e381ce6f40db0ba1ee8df5052940935efa,2284,64175fc355175ff316d0213c811d543865d119d2,False,False
promptpacks/certgen_prompt_pack_v3/06_V3_FIRST_BENCHMARK_PILOT_ORCHESTRATOR.md,100644,blob,cf94b083885b99474f4568fa4f7f51fcaab90b63,2765,64175fc355175ff316d0213c811d543865d119d2,False,False
promptpacks/certgen_prompt_pack_v3/07_V3_CERTIFICATE_REPLAY_AND_DETERMINISM.md,100644,blob,705d949c66b50a777bae3f986f462cac1f0c1d3e,1869,64175fc355175ff316d0213c811d543865d119d2,False,False
promptpacks/certgen_prompt_pack_v3/08_V3_PILOT_REPORT_CARDS_AND_NO_CLAIM_GATES.md,100644,blob,0bda8c4a72f09d0abfe44d210ceccc3acdf7c296,2067,64175fc355175ff316d0213c811d543865d119d2,False,False
promptpacks/certgen_prompt_pack_v3/09_V3_REGISTRY_SCHEMA_AND_AVAILABILITY_TABLES.md,100644,blob,d53df716391b2dc2127a7eb14f0b0f509736e75e,2220,64175fc355175ff316d0213c811d543865d119d2,False,False
promptpacks/certgen_prompt_pack_v3/10_V3_OPTIONAL_STOPPING_LAB_UPGRADE.md,100644,blob,2d6f8c040fac4d1f6d728aca4a40adcc4e263c12,1882,64175fc355175ff316d0213c811d543865d119d2,False,False
promptpacks/certgen_prompt_pack_v3/11_V3_DOCS_COMMANDS_AND_REPRODUCIBILITY_POLISH.md,100644,blob,6d610dfeb7126030deef01152b19c8fe7e9081c2,1649,64175fc355175ff316d0213c811d543865d119d2,False,False
promptpacks/certgen_prompt_pack_v3/12_V3_FINAL_AUDIT_AND_HANDOFF.md,100644,blob,674d4fab0bd0df247ceda2efd5f5b382be3f4396,2783,64175fc355175ff316d0213c811d543865d119d2,False,False
promptpacks/certgen_prompt_pack_v3/13_ONE_SHOT_MEGAPROMPT_V3.md,100644,blob,6f12bccf5f8f41b461f89a0b53881470492b2f4e,3136,64175fc355175ff316d0213c811d543865d119d2,False,False
promptpacks/certgen_prompt_pack_v3/14_PROMPT_PACK_V3_CHANGELOG.md,100644,blob,2fb131fe7149fddde638639e586c0139e96192b3,1626,64175fc355175ff316d0213c811d543865d119d2,False,False
promptpacks/certgen_prompt_pack_v3/CERTGEN_PROJECT_MASTER_CONTEXT_V3_ADDENDUM.md,100644,blob,95f361c118813a3a8d55217b70190033d798b739,2279,64175fc355175ff316d0213c811d543865d119d2,False,False
promptpacks/certgen_prompt_pack_v3/README_PROMPT_PACK_V3.md,100644,blob,a2b6293058e248711378a937747c1c07b83fdb38,3949,64175fc355175ff316d0213c811d543865d119d2,False,False
promptpacks/certgen_prompt_pack_v4/00_V4_GLOBAL_RULES_AND_CVPR_BOUNDARIES.md,100644,blob,3fb3a869b309bb3c47075ccb060b08ceaecbda71,3691,64175fc355175ff316d0213c811d543865d119d2,False,False
promptpacks/certgen_prompt_pack_v4/01_V4_STATE_INTAKE_AND_DESTRUCTIVE_AUDIT.md,100644,blob,feb41be616728e9c7b17d0c707795d0e51de9689,2884,64175fc355175ff316d0213c811d543865d119d2,False,False
promptpacks/certgen_prompt_pack_v4/02_V4_PROVENANCE_TO_REAL_RUN_PIPELINE.md,100644,blob,80b2edcfe5eb0052c8089cd744f0d24cf6856c2c,2807,64175fc355175ff316d0213c811d543865d119d2,False,False
promptpacks/certgen_prompt_pack_v4/03_V4_FEATURE_EXTRACTION_NOTEBOOK_GENERATORS.md,100644,blob,7a7709a8cff7ad0816d8c66af34d0cfcd798b952,2605,64175fc355175ff316d0213c811d543865d119d2,False,False
promptpacks/certgen_prompt_pack_v4/04_V4_PREPROCESSING_LOCKS_AND_METRIC_REPRODUCTION.md,100644,blob,f16a85fbe96bc08adba43419f348c1409d41ab42,2466,64175fc355175ff316d0213c811d543865d119d2,False,False
promptpacks/certgen_prompt_pack_v4/05_V4_ADVANCED_CERTIFICATION_AND_MULTIPLE_COMPARISONS.md,100644,blob,75c9bea3496ce50e1d009a971627e670e593e291,2410,64175fc355175ff316d0213c811d543865d119d2,False,False
promptpacks/certgen_prompt_pack_v4/06_V4_RANKING_STABILITY_AND_DECIDEDNESS_AUDIT.md,100644,blob,907e900194e110b1db8af205e448c978057396c7,2300,64175fc355175ff316d0213c811d543865d119d2,False,False
promptpacks/certgen_prompt_pack_v4/07_V4_FIRST_REAL_PILOT_CONTROLLER_AND_GO_NOGO.md,100644,blob,b8249c23bddf599a81c4bfd09cfa0ae22d8363fa,2458,64175fc355175ff316d0213c811d543865d119d2,False,False
promptpacks/certgen_prompt_pack_v4/08_V4_LITERATURE_AUDIT_INGESTION_AND_CLAIM_TRACE.md,100644,blob,d8083fd37911670a92d22e1b9bc07a60858742b9,2161,64175fc355175ff316d0213c811d543865d119d2,False,False
promptpacks/certgen_prompt_pack_v4/09_V4_PAPER_FIGURES_TABLES_AND_RESULT_CARDS.md,100644,blob,e4d71d778e179414263826ae5534295886c3484c,2043,64175fc355175ff316d0213c811d543865d119d2,False,False
promptpacks/certgen_prompt_pack_v4/10_V4_CVPR_PAPER_SCAFFOLD_AND_RELATED_WORK_BOARD.md,100644,blob,0dba2a4bc10dc6346226700ca3672adf7fd9b4c7,2271,64175fc355175ff316d0213c811d543865d119d2,False,False
promptpacks/certgen_prompt_pack_v4/11_V4_REVIEWER_ATTACK_HARNESS_AND_RESPONSE_BANK.md,100644,blob,37218f4dd534b57b63fd65ffb9cb3346bc3cc165,2009,64175fc355175ff316d0213c811d543865d119d2,False,False
promptpacks/certgen_prompt_pack_v4/12_V4_REPRODUCIBILITY_CAPSULE_AND_RELEASE_SAFETY.md,100644,blob,9a38a562549899a11e00df27964aa800edc679d9,1841,64175fc355175ff316d0213c811d543865d119d2,False,False
promptpacks/certgen_prompt_pack_v4/13_V4_FINAL_AUDIT_AND_HANDOFF.md,100644,blob,18d98b64cf7fdc3c39bd86fe0953552f094731e4,2271,64175fc355175ff316d0213c811d543865d119d2,False,False
promptpacks/certgen_prompt_pack_v4/14_ONE_SHOT_MEGAPROMPT_V4.md,100644,blob,446ad9e3d3f5a8386dee0ecbbaf8329bed4323c6,3014,64175fc355175ff316d0213c811d543865d119d2,False,False
promptpacks/certgen_prompt_pack_v4/15_PROMPT_PACK_V4_CHANGELOG.md,100644,blob,3e7e592ec11588670b8b0bc9c6f46f390dcdc834,2090,64175fc355175ff316d0213c811d543865d119d2,False,False
promptpacks/certgen_prompt_pack_v4/CERTGEN_PROJECT_MASTER_CONTEXT_V4_ADDENDUM.md,100644,blob,3d7b660a275bbe4edd1b3f304a6afe27e002816c,3454,64175fc355175ff316d0213c811d543865d119d2,False,False
promptpacks/certgen_prompt_pack_v4/README_PROMPT_PACK_V4.md,100644,blob,07bfa17dab0699209e1069654d700f7ad40e6cb8,3557,64175fc355175ff316d0213c811d543865d119d2,False,False
promptpacks/certgen_prompt_pack_v5/00_V5_GLOBAL_RULES_AND_STOP_CONDITION.md,100644,blob,afecec82d428881c82dc176e742ae2378d272b7d,2547,64175fc355175ff316d0213c811d543865d119d2,False,False
promptpacks/certgen_prompt_pack_v5/01_V5_STATE_INTAKE_AND_GAP_AUDIT.md,100644,blob,7d0a8259c9acd173261a9909ab54cc8ee2e564dc,2161,64175fc355175ff316d0213c811d543865d119d2,False,False
promptpacks/certgen_prompt_pack_v5/02_V5_CVPR_PAPER_IDENTITY_AND_CLAIM_CONTRACT.md,100644,blob,338a057691038074b5b45937a9928ca5a1ebc719,2844,64175fc355175ff316d0213c811d543865d119d2,False,False
promptpacks/certgen_prompt_pack_v5/03_V5_REAL_CITATION_RELATED_WORK_BOARD.md,100644,blob,eb34d4d101b7a64744ddfe169d2fa464222fe5df,2589,64175fc355175ff316d0213c811d543865d119d2,False,False
promptpacks/certgen_prompt_pack_v5/04_V5_PREREGISTRATION_AND_ANALYSIS_PLAN_LOCK.md,100644,blob,1dbd303aa8f441d8337c58a58d13cfd1807b3e0c,2897,64175fc355175ff316d0213c811d543865d119d2,False,False
promptpacks/certgen_prompt_pack_v5/05_V5_RESULT_CONTRACTS_TABLES_AND_FIGURE_MANIFESTS.md,100644,blob,e539ece7a2eae5d952167b163ebdb34ae26329ba,2634,64175fc355175ff316d0213c811d543865d119d2,False,False
promptpacks/certgen_prompt_pack_v5/06_V5_PAPER_SCAFFOLD_MAIN_TEX.md,100644,blob,20131af9ad3d6ccc31603a69ec16a0fe658d6061,2935,64175fc355175ff316d0213c811d543865d119d2,False,False
promptpacks/certgen_prompt_pack_v5/07_V5_SUPPLEMENT_PROOF_AND_STATISTICAL_APPENDIX.md,100644,blob,3c8344809e0630655d2d10bcf6b3b98692393466,2447,64175fc355175ff316d0213c811d543865d119d2,False,False
promptpacks/certgen_prompt_pack_v5/08_V5_REPRODUCIBILITY_ARTIFACT_AND_ANONYMITY_CAPSULE.md,100644,blob,7835e81e9075ea2c9ddab2b86c1bc01f6fec1aa3,2046,64175fc355175ff316d0213c811d543865d119d2,False,False
promptpacks/certgen_prompt_pack_v5/09_V5_EXECUTION_RUNBOOKS_AND_COMMAND_BUNDLES.md,100644,blob,6ec98a7e26d56d309819f40e26c472c2684a1de7,1995,64175fc355175ff316d0213c811d543865d119d2,False,False
promptpacks/certgen_prompt_pack_v5/10_V5_RESULT_INJECTION_AND_CLAIM_TRACE_SYSTEM.md,100644,blob,901fcadc90c941ddf90a91070b977e84ff570843,1997,64175fc355175ff316d0213c811d543865d119d2,False,False
promptpacks/certgen_prompt_pack_v5/11_V5_REVIEWER_SIMULATOR_AND_AUTHOR_RESPONSE_BANK.md,100644,blob,d7ba6ae33726ff9223f137421509a3c2c53cc378,1910,64175fc355175ff316d0213c811d543865d119d2,False,False
promptpacks/certgen_prompt_pack_v5/12_V5_CVPR_READINESS_SCORECARD_AND_KILL_LIST.md,100644,blob,fe1f7a726438a1687587140a577f69f18e04be35,1841,64175fc355175ff316d0213c811d543865d119d2,False,False
promptpacks/certgen_prompt_pack_v5/13_V5_FINAL_AUDIT_AND_HANDOFF.md,100644,blob,909287f62392033ea7757c0e7b3113f1607b8ced,2580,64175fc355175ff316d0213c811d543865d119d2,False,False
promptpacks/certgen_prompt_pack_v5/14_ONE_SHOT_MEGAPROMPT_V5.md,100644,blob,01d6ae95cccb2e43c4f70d3f9863fc68f5a07d7c,2761,64175fc355175ff316d0213c811d543865d119d2,False,False
promptpacks/certgen_prompt_pack_v5/15_PROMPT_PACK_V5_CHANGELOG.md,100644,blob,2926d75ff9751bf39e1b3466b7b8e544bf3727d6,1275,64175fc355175ff316d0213c811d543865d119d2,False,False
promptpacks/certgen_prompt_pack_v5/CERTGEN_PROJECT_MASTER_CONTEXT_V5_ADDENDUM.md,100644,blob,0b0a7ad5d409bb6fa298e8891d239ed7cbcb06ec,2492,64175fc355175ff316d0213c811d543865d119d2,False,False
promptpacks/certgen_prompt_pack_v5/README_PROMPT_PACK_V5.md,100644,blob,61f355ec2d74aac68f660c79c4b60587b95ec821,4013,64175fc355175ff316d0213c811d543865d119d2,False,False
promptpacks/certgen_prompt_pack_v6/00_GLOBAL_RULES_STOP_INFRASTRUCTURE.md,100644,blob,b55e22205f92e93ba96c4eb70fa9245e3828cf16,2711,64175fc355175ff316d0213c811d543865d119d2,False,False
promptpacks/certgen_prompt_pack_v6/01_R0_TECHNICAL_CORRECTION_BETTING_CS_AND_BOUNDED_KERNELS.md,100644,blob,92815aa6eba621871ac8da15581aa1d344a72c12,3480,64175fc355175ff316d0213c811d543865d119d2,False,False
promptpacks/certgen_prompt_pack_v6/02_R1B_REFERENCE_MATERIALIZATION_AND_PACKAGE_GATE.md,100644,blob,a80d764c1a29ac6316816c6a141d7b637bfeabf4,2929,64175fc355175ff316d0213c811d543865d119d2,False,False
promptpacks/certgen_prompt_pack_v6/03_KAGGLE_T4X2_GENERATION_1K_PER_MODEL.md,100644,blob,ead5a3619a31f736b79a726545e6a521b7349f95,2708,64175fc355175ff316d0213c811d543865d119d2,False,False
promptpacks/certgen_prompt_pack_v6/04_CPU_VALIDATE_GENERATED_MANIFESTS_AND_BUILD_PACKAGE.md,100644,blob,e06300f8bf301dedfe7bedde07f5f0ad852cc15c,3050,64175fc355175ff316d0213c811d543865d119d2,False,False
promptpacks/certgen_prompt_pack_v6/05_KAGGLE_T4X2_FEATURE_EXTRACTION_INCEPTION_CLIP.md,100644,blob,40cb4dda547e077e2299a725ce0e3dd090668adf,2100,64175fc355175ff316d0213c811d543865d119d2,False,False
promptpacks/certgen_prompt_pack_v6/06_CPU_METRIC_REPRODUCTION_AND_SANITY_GATES.md,100644,blob,4198a2bbcc4595491d54155e67f1652623b9bb0a,1973,64175fc355175ff316d0213c811d543865d119d2,False,False
promptpacks/certgen_prompt_pack_v6/07_CPU_FIRST_CERTIFICATE_PILOT_AND_UNDECIDED_FRACTION.md,100644,blob,c502d8936f3b94eef775156a539e376342b6a2ed,2718,64175fc355175ff316d0213c811d543865d119d2,False,False
promptpacks/certgen_prompt_pack_v6/08_SCALE_TO_10K_AND_50K_IF_GATES_PASS.md,100644,blob,314c2b6bf3b83573c6bbe658d5f9a08aabf21b76,1911,64175fc355175ff316d0213c811d543865d119d2,False,False
promptpacks/certgen_prompt_pack_v6/09_MULTI_BENCHMARK_EXPANSION_PLAN.md,100644,blob,594fbfad04aef4d630cdb859242176c022b0338a,1469,64175fc355175ff316d0213c811d543865d119d2,False,False
promptpacks/certgen_prompt_pack_v6/10_CVPR_RESULT_INJECTION_AND_PAPER_POLISH.md,100644,blob,94f79d8ab0270fc42d074ed04e9328075f8ce2ec,1923,64175fc355175ff316d0213c811d543865d119d2,False,False
promptpacks/certgen_prompt_pack_v6/11_FINAL_EXECUTION_AUDIT_AND_STOP_RULE.md,100644,blob,d7cb07fd375aff88d02ad31624e922a0242096d4,1860,64175fc355175ff316d0213c811d543865d119d2,False,False
promptpacks/certgen_prompt_pack_v6/12_ONE_SHOT_MEGA_PROMPT_ALL.md,100644,blob,89bc7723d35aa85dd187dd92f6765f950e7908c3,2284,64175fc355175ff316d0213c811d543865d119d2,False,False
promptpacks/certgen_prompt_pack_v6/13_CHANGELOG_AND_EXPECTED_FINAL_STATE.md,100644,blob,de2c7e23cc178e331d51251e0fe00d38cafd47a5,1353,64175fc355175ff316d0213c811d543865d119d2,False,False
promptpacks/certgen_prompt_pack_v6/README_MEGA_PROMPT_PACK_V6.md,100644,blob,91de2dcede6bded4115460f204126c82d98bb70d,1924,64175fc355175ff316d0213c811d543865d119d2,False,False
promptpacks/certgen_prompt_pack_v7_dev_runs/00_GLOBAL_RULES_AND_OBJECTIVE.md,100644,blob,87d2432b141db2b92d187f0821e6d5dea1a31f41,2711,64175fc355175ff316d0213c811d543865d119d2,False,False
promptpacks/certgen_prompt_pack_v7_dev_runs/01_LOCAL_DATA_ONRAMP_CIFAR_REFERENCE.md,100644,blob,965436b3b3c5ae698af004795518322640ae079a,2760,64175fc355175ff316d0213c811d543865d119d2,False,False
promptpacks/certgen_prompt_pack_v7_dev_runs/02_KAGGLE_BOOKRUN_GENERATION_ORCHESTRATOR.md,100644,blob,337888f6b1ce21d553a5091fe3559cdaca930312,3045,64175fc355175ff316d0213c811d543865d119d2,False,False
promptpacks/certgen_prompt_pack_v7_dev_runs/03_KAGGLE_BOOKRUN_FEATURE_EXTRACTION_ORCHESTRATOR.md,100644,blob,b612b4d557709ee156e4277dab7d6a5cf57638db,2855,64175fc355175ff316d0213c811d543865d119d2,False,False
promptpacks/certgen_prompt_pack_v7_dev_runs/04_CPU_OUTPUT_IMPORT_VALIDATE_RECOVER.md,100644,blob,272b3b08c3b322cfbbf88477b47d7d420edc227d,2632,64175fc355175ff316d0213c811d543865d119d2,False,False
promptpacks/certgen_prompt_pack_v7_dev_runs/05_RUN_LEDGER_AND_STAGE_DASHBOARD.md,100644,blob,64f5ea700fc715d7a8676ff8f4b98a4b7f5843c7,2290,64175fc355175ff316d0213c811d543865d119d2,False,False
promptpacks/certgen_prompt_pack_v7_dev_runs/06_MULTI_SCALE_1K_10K_50K_LANES.md,100644,blob,1dffab4b7a8993e8ab6c24a85ea87df22ed69616,2514,64175fc355175ff316d0213c811d543865d119d2,False,False
promptpacks/certgen_prompt_pack_v7_dev_runs/07_FAILURE_RECOVERY_AND_CHECKPOINT_ADAPTERS.md,100644,blob,e4d1b521c95657ce0ab61c2db6ecc6b2115ca084,2076,64175fc355175ff316d0213c811d543865d119d2,False,False
promptpacks/certgen_prompt_pack_v7_dev_runs/08_METRIC_REPRODUCTION_EXTENSIONS.md,100644,blob,2ebe90abb6a06dc566fcb7451aafc7d39cbc1a72,2173,64175fc355175ff316d0213c811d543865d119d2,False,False
promptpacks/certgen_prompt_pack_v7_dev_runs/09_CERTIFICATE_PILOT_EXPANSION_AND_SENSITIVITY.md,100644,blob,07d18b057c95fe371fe0694876367ed2a197f8c7,2289,64175fc355175ff316d0213c811d543865d119d2,False,False
promptpacks/certgen_prompt_pack_v7_dev_runs/10_MULTI_BENCHMARK_CANDIDATE_ONRAMP.md,100644,blob,a6a55cdefa5d95a538a833fbca475c8531614163,2040,64175fc355175ff316d0213c811d543865d119d2,False,False
promptpacks/certgen_prompt_pack_v7_dev_runs/11_KAGGLE_DATASET_PACKAGING_AUTOMATION.md,100644,blob,c6af71f3026037defcd0d3c885b515da32b37243,2046,64175fc355175ff316d0213c811d543865d119d2,False,False
promptpacks/certgen_prompt_pack_v7_dev_runs/12_NOTEBOOK_QUALITY_AND_IDEMPOTENCE.md,100644,blob,82c8bfd5cd20c40212a2cb4ebf7cdd2328163424,1859,64175fc355175ff316d0213c811d543865d119d2,False,False
promptpacks/certgen_prompt_pack_v7_dev_runs/13_PAPER_RESULT_GATE_AND_DRAFT_PLACEHOLDERS.md,100644,blob,ee9b39ed2ebdd7f19ab8cf9174ff09281cba6b00,2026,64175fc355175ff316d0213c811d543865d119d2,False,False
promptpacks/certgen_prompt_pack_v7_dev_runs/14_DEVOPS_CLEANUP_GIT_ARCHIVE_RELEASE.md,100644,blob,3ba8de41e6a61341791b9cfe180de051c672bb92,2039,64175fc355175ff316d0213c811d543865d119d2,False,False
promptpacks/certgen_prompt_pack_v7_dev_runs/15_FINAL_V7_AUDIT_AND_HANDOFF.md,100644,blob,97c10474ded770b37b3912f76be2e5d855c92290,2754,64175fc355175ff316d0213c811d543865d119d2,False,False
promptpacks/certgen_prompt_pack_v7_dev_runs/16_ONE_SHOT_MEGA_PROMPT_V7.md,100644,blob,7fcb397bade87a450104bf88a129ed25403d53f7,2959,64175fc355175ff316d0213c811d543865d119d2,False,False
promptpacks/certgen_prompt_pack_v7_dev_runs/17_EXPECTED_FINAL_STATE.md,100644,blob,58b8d6c8f59cfa695b3872d2c8dffa6ff20fb30d,1772,64175fc355175ff316d0213c811d543865d119d2,False,False
promptpacks/certgen_prompt_pack_v7_dev_runs/README_PROMPT_PACK_V7.md,100644,blob,e4d4de0f66da3b4bbfce7b1ed00c46d0d01758ba,2054,64175fc355175ff316d0213c811d543865d119d2,False,False
promptpacks/certgen_prompt_pack_v8_final_pre_execution/00_GLOBAL_RULES_FINAL_PRE_EXECUTION_STOP.md,100644,blob,98ea97b2afd9b3ceb8714e9fa9d9554281f4f00f,2153,64175fc355175ff316d0213c811d543865d119d2,False,False
promptpacks/certgen_prompt_pack_v8_final_pre_execution/01_CIFAR_REFERENCE_GOD_TIER_ONRAMP.md,100644,blob,763583b9a28b33813de4b4e0826cceee3a92d525,3034,64175fc355175ff316d0213c811d543865d119d2,False,False
promptpacks/certgen_prompt_pack_v8_final_pre_execution/02_KAGGLE_T4X2_GENERATION_BOOKRUN_PLUS_INPUT_ZIPS.md,100644,blob,f5ab9980cca99629e46561f406fc16cdedd6e3bd,2724,64175fc355175ff316d0213c811d543865d119d2,False,False
promptpacks/certgen_prompt_pack_v8_final_pre_execution/03_KAGGLE_T4X2_FEATURE_BOOKRUN_PLUS_ROLE_CACHES.md,100644,blob,ac251fbad7f811ac0153b7d525354010cc37d4cb,2612,64175fc355175ff316d0213c811d543865d119d2,False,False
promptpacks/certgen_prompt_pack_v8_final_pre_execution/04_LOCAL_IMPORT_RECOVERY_AND_REPAIR.md,100644,blob,d973c07cca65db0fd9877abc7bee4a3ef5ce9e9d,2346,64175fc355175ff316d0213c811d543865d119d2,False,False
promptpacks/certgen_prompt_pack_v8_final_pre_execution/05_RUN_LEDGER_DASHBOARD_AND_EXACT_NEXT_ACTION.md,100644,blob,0bc7192757fa1cb92fd3988e5293b684a60bfaa5,1939,64175fc355175ff316d0213c811d543865d119d2,False,False
promptpacks/certgen_prompt_pack_v8_final_pre_execution/06_MULTI_SCALE_LANES_AND_BUDGET_GATES.md,100644,blob,0d41c745cc286cb3af29591653e257b0b0f77f09,1885,64175fc355175ff316d0213c811d543865d119d2,False,False
promptpacks/certgen_prompt_pack_v8_final_pre_execution/07_CHECKPOINT_ADAPTER_REAL_LOAD_PREFLIGHT.md,100644,blob,3a4d26fce3e3506124a20b1e3119a93b19309252,1898,64175fc355175ff316d0213c811d543865d119d2,False,False
promptpacks/certgen_prompt_pack_v8_final_pre_execution/08_METRIC_SANITY_REPRODUCTION_AND_NO_FAKE_REPRODUCTION.md,100644,blob,3891440c9dc9f8e141160914e24df9a7b7b4d7b0,2056,64175fc355175ff316d0213c811d543865d119d2,False,False
promptpacks/certgen_prompt_pack_v8_final_pre_execution/09_CERTIFICATE_PILOT_EXPANSION_SENSITIVITY_AND_STOP.md,100644,blob,0c7f2225430765f3aab8a13f1dfc8b265a01205c,1995,64175fc355175ff316d0213c811d543865d119d2,False,False
promptpacks/certgen_prompt_pack_v8_final_pre_execution/10_MULTI_BENCHMARK_EXECUTION_READY_ONRAMP.md,100644,blob,362f2034a8618cfd5992a829927cdbf0b4c8ea91,1754,64175fc355175ff316d0213c811d543865d119d2,False,False
promptpacks/certgen_prompt_pack_v8_final_pre_execution/11_KAGGLE_DATASET_UPLOAD_AUTOMATION_AND_SECRETS_SCAN.md,100644,blob,5313050c4d9172f887df8f6bec3ee13f5cdf06e4,1680,64175fc355175ff316d0213c811d543865d119d2,False,False
promptpacks/certgen_prompt_pack_v8_final_pre_execution/12_NOTEBOOK_IDEMPOTENCE_AND_DRYRUN_VALIDATOR.md,100644,blob,ed8c1ea5287c55b2694b9a5802d7fcc874ee70a1,1599,64175fc355175ff316d0213c811d543865d119d2,False,False
promptpacks/certgen_prompt_pack_v8_final_pre_execution/13_PAPER_FIREWALL_AND_RESULT_PLACEHOLDERS_ONLY.md,100644,blob,abea29043661a70ba7880a1337efeb56ad1b9fda,1612,64175fc355175ff316d0213c811d543865d119d2,False,False
promptpacks/certgen_prompt_pack_v8_final_pre_execution/14_DEVOPS_SAFE_SNAPSHOT_AND_DIRTY_WORKTREE_TRIAGE.md,100644,blob,e5b87f4069ed23c56b0b3cae5c48996e70b5a407,1634,64175fc355175ff316d0213c811d543865d119d2,False,False
promptpacks/certgen_prompt_pack_v8_final_pre_execution/15_FINAL_V8_AUDIT_AND_HANDOFF.md,100644,blob,76f4de7166fdf7379d0feadd5cce60142837f286,2571,64175fc355175ff316d0213c811d543865d119d2,False,False
promptpacks/certgen_prompt_pack_v8_final_pre_execution/16_ONE_SHOT_MEGA_PROMPT_V8.md,100644,blob,681e9846b2ba5286ab8fd7aa24de6214d371e8d6,1815,64175fc355175ff316d0213c811d543865d119d2,False,False
promptpacks/certgen_prompt_pack_v8_final_pre_execution/17_EXPECTED_FINAL_STATE.md,100644,blob,c44da57e0f9649dbaaabfd8b5febfd2b36869f15,1285,64175fc355175ff316d0213c811d543865d119d2,False,False
promptpacks/certgen_prompt_pack_v8_final_pre_execution/README_PROMPT_PACK_V8.md,100644,blob,99a79e018b6a156ecede408b538fecb1e4b55360,1864,64175fc355175ff316d0213c811d543865d119d2,False,False
promptpacks/newcertgen.md,100644,blob,f59be549747242528f1bbadc3a79b52053805ed3,37982,64175fc355175ff316d0213c811d543865d119d2,False,False
pyproject.toml,100644,blob,3f8096aa80acf589761dd574a629176a94a51aeb,867,64175fc355175ff316d0213c811d543865d119d2,False,False
registry/audit_claims_template.csv,100644,blob,54475633a7d9cb754a7cb3344b616b0875803241,216,64175fc355175ff316d0213c811d543865d119d2,False,False
registry/candidate_benchmarks_template.csv,100644,blob,a3b4c75a1a4e59190e0efaa183a42ad3809b9db1,192,64175fc355175ff316d0213c811d543865d119d2,False,False
registry/candidate_model_pairs_template.csv,100644,blob,ff52c5293fdf44bc907a3d6e42724ec3e27a2557,362,64175fc355175ff316d0213c811d543865d119d2,False,False
registry/cvpr/benchmark_registry.yaml,100644,blob,7d12c48da08de7cd3c2d696211df57eee85c8168,5812,64175fc355175ff316d0213c811d543865d119d2,True,False
registry/cvpr/comparison_registry.csv,100644,blob,1af031e1713eaefbffce405b65b4235c2acd5b0c,3161,64175fc355175ff316d0213c811d543865d119d2,True,False
registry/cvpr/family_registry.yaml,100644,blob,8ccd63f8040d788ae6dd3630d5028b3e938feec8,693,64175fc355175ff316d0213c811d543865d119d2,True,False
registry/cvpr/feature_space_registry.yaml,100644,blob,f0570d5cd0777963eec5d71d23d55e1b162439e7,5552,64175fc355175ff316d0213c811d543865d119d2,True,False
registry/cvpr/kaggle_asset_registry.yaml,100644,blob,ca1414751310812b48cac5e4bdf668332a12840b,2601,64175fc355175ff316d0213c811d543865d119d2,True,False
registry/cvpr/model_adapter_capabilities.yaml,100644,blob,21953d10c35a05b496f3392826e8f719dbe40414,1044,64175fc355175ff316d0213c811d543865d119d2,True,False
registry/cvpr/model_registry.yaml,100644,blob,a07a152beab266f647432da02131d22f1247d3ce,12297,64175fc355175ff316d0213c811d543865d119d2,True,False
registry/cvpr/optional_extension_lanes.yaml,100644,blob,19fbabf9071441d895ae3b81bbbf95cb38375776,2491,64175fc355175ff316d0213c811d543865d119d2,True,False
registry/cvpr/published_claim_registry.csv,100644,blob,4395b9b192b0c1db1ce15508e81d22db522ffec4,291,64175fc355175ff316d0213c811d543865d119d2,True,False
registry/feature_caches/smoke_feature_cache_manifest.json,100644,blob,8af0f9c3442fc3a5ebf943e8f851857873c2f719,900,64175fc355175ff316d0213c811d543865d119d2,False,False
registry/manifests/cifar10_r1_generated_pilot_1000.jsonl,100644,blob,8b137891791fe96927ad78e64b0aad7bded08bdc,1,64175fc355175ff316d0213c811d543865d119d2,False,False
registry/manifests/cifar10_r1_reference.jsonl,100644,blob,8b137891791fe96927ad78e64b0aad7bded08bdc,1,64175fc355175ff316d0213c811d543865d119d2,False,False
registry/manifests/cifar10_r1_samples.jsonl,100644,blob,21acdcec14d41af56b66ad12c12c8166cec618c4,3190,64175fc355175ff316d0213c811d543865d119d2,False,False
registry/manifests/cvpr/cifar10_reference.jsonl,100644,blob,2c3d020da71cc835fb7c352bf375650337e129bf,7640000,64175fc355175ff316d0213c811d543865d119d2,False,False
registry/manifests/cvpr/reference_draw_plan.json,100644,blob,4a28e5b859a292ae58a09acf3ade96cd7713eec8,736264,64175fc355175ff316d0213c811d543865d119d2,False,False
registry/manifests/first_pilot_samples_template.jsonl,100644,blob,3421d6e0b04b74ac412eaa3396485e230d52accd,125,64175fc355175ff316d0213c811d543865d119d2,False,False
registry/multibench/benchmark_availability_r3.csv,100644,blob,168264a87c9e17ed75c3672b433be80e58f6ddc0,1064,64175fc355175ff316d0213c811d543865d119d2,False,False
registry/provenance/cifar10_r1_ledger.csv,100644,blob,25dadf3c3c6395580603832c9a86056a8b737eaf,2691,64175fc355175ff316d0213c811d543865d119d2,False,False
registry/provenance/multibench_candidate_sources.csv,100644,blob,d52b69590c1771432dd5a75d8cbe5801e2e08728,711,64175fc355175ff316d0213c811d543865d119d2,False,False
registry/provenance/released_sample_ledger_template.csv,100644,blob,ede32681b2c216441f65fb88f5cbcb136eaa9bf7,653,64175fc355175ff316d0213c811d543865d119d2,False,False
registry/provenance/v4_plan_ledger_template.csv,100644,blob,cf8f3cf9a6138b70537c52a6c54eb3492e0f5353,697,64175fc355175ff316d0213c811d543865d119d2,False,False
registry/real_run_plan_template.json,100644,blob,42d4db4c5717d68bffd6b805fda42a6788b1bb81,183,64175fc355175ff316d0213c811d543865d119d2,False,False
registry/related_work/related_work_board_v5.csv,100644,blob,97b619d6c5c98fc3c092bea98571f0862a9294d4,4021,64175fc355175ff316d0213c811d543865d119d2,False,False
registry/released_sample_ledger_template.csv,100644,blob,5fc91287df50f9d5df79fc8044754a3eb6f98856,612,64175fc355175ff316d0213c811d543865d119d2,False,False
registry/reported_metric_claims_v4_smoke.csv,100644,blob,3794397e56811e594f76e2df26e63552ac4e9f78,679,64175fc355175ff316d0213c811d543865d119d2,False,False
registry/reported_metric_claims_v4_template.csv,100644,blob,7424f943660e5cb26d8a2d8b31de6055d8c6b878,575,64175fc355175ff316d0213c811d543865d119d2,False,False
registry/templates/candidate_model_pairs_template.csv,100644,blob,da712d753c81e547702c584e23ebae6b6134f57c,513,64175fc355175ff316d0213c811d543865d119d2,False,False
registry/templates/feature_cache_manifest_template.json,100644,blob,506101435bd7fd3d5e5a0f9498636cde20e5173f,626,64175fc355175ff316d0213c811d543865d119d2,False,False
registry/templates/reported_metric_claims_template.csv,100644,blob,28f649d961385f511cfaa2d3a66384ab5bdb9ebd,262,64175fc355175ff316d0213c811d543865d119d2,False,False
registry/v3/benchmarks_template.csv,100644,blob,3139a5a64e5cfccb96e73ed888fd0338e9ca66f4,149,64175fc355175ff316d0213c811d543865d119d2,False,False
registry/v3/feature_caches_template.csv,100644,blob,2de462e2e7f29ef9800c873fc6cb0365f9538669,232,64175fc355175ff316d0213c811d543865d119d2,False,False
registry/v3/model_pairs_template.csv,100644,blob,b14d69b0b05e00aa83313acdf3658dd4c257be50,418,64175fc355175ff316d0213c811d543865d119d2,False,False
release/CERTGEN_CVPR_INTERNAL_ARCHIVE_CANDIDATES.txt,100644,blob,5ca236b1e7aff5ac8e6ae3a86f9a95f6ad142785,383,64175fc355175ff316d0213c811d543865d119d2,False,False
release/CERTGEN_CVPR_PUBLIC_RELEASE_MANIFEST.txt,100644,blob,66a1a78d048dd3ba1250cfb09e6f0c3fb1c74dcf,387,64175fc355175ff316d0213c811d543865d119d2,False,False
release/CERTGEN_INTERNAL_ARCHIVE_CANDIDATES.txt,100644,blob,0f3c42f5ed6bc21641a8bd7f00b780a7f2da6485,918,64175fc355175ff316d0213c811d543865d119d2,False,False
release/CERTGEN_PORTABLE_TEST_MANIFEST.json,100644,blob,7926f6a8c1d87a8eac0504cb836a2da1d1a775ee,775,64175fc355175ff316d0213c811d543865d119d2,False,False
release/CERTGEN_PUBLIC_RELEASE_MANIFEST.txt,100644,blob,9d9b3e648ecf3d4418406f4509906d54a10dadcc,1303,64175fc355175ff316d0213c811d543865d119d2,False,False
release/README.md,100644,blob,6b2ecf0c157b68e49505d7687520e1b3b52849a2,134,64175fc355175ff316d0213c811d543865d119d2,False,False
release/capsule_manifest_v4.json,100644,blob,4a5ca0e17ecab158ad54b7682468152cae3ad8a6,348,64175fc355175ff316d0213c811d543865d119d2,False,False
reports/CERTGEN_ADAPTER_CONFORMANCE_MATRIX.csv,100644,blob,a21acdc6e0dafbc7237940369c68e826e951cf84,2031,64175fc355175ff316d0213c811d543865d119d2,False,False
reports/CERTGEN_ASSET_RESOLUTION_AUDIT.md,100644,blob,07f0080278480f606b985ee96f28a19c1de4d758,514,64175fc355175ff316d0213c811d543865d119d2,False,False
reports/CERTGEN_BASELINE_REPRODUCTION.md,100644,blob,f905f0783a18a021efe7311dafde01b535b78112,6519,64175fc355175ff316d0213c811d543865d119d2,False,False
reports/CERTGEN_CERTIFICATE_COVERAGE_REPORT.md,100644,blob,b336b9b661fc057d79dfebdb674bb664bfaaa93b,292,64175fc355175ff316d0213c811d543865d119d2,False,False
reports/CERTGEN_CLAIM_EVIDENCE_LEDGER.csv,100644,blob,0eff5357a098c4a1b22c77d8dd79547ded748e66,7010,64175fc355175ff316d0213c811d543865d119d2,False,False
reports/CERTGEN_CLAIM_EVIDENCE_MATRIX.csv,100644,blob,2f700fc36bda85ecabe8115f234eb36dc137c5f6,1765,64175fc355175ff316d0213c811d543865d119d2,False,False
reports/CERTGEN_COMMAND_LEDGER.csv,100644,blob,3c88dd40dc5f092b09999df5e0b56cabf6dab49d,8511,64175fc355175ff316d0213c811d543865d119d2,False,False
reports/CERTGEN_CONFIRMATORY_FAMILY_REPORT.md,100644,blob,00dda6d9a88f0a603c2f0f7cdc7d9f56289579c8,555,64175fc355175ff316d0213c811d543865d119d2,False,False
reports/CERTGEN_CROSS_FEATURE_REPORT.md,100644,blob,d7f63b57de45109ce9101acd1b3f58dbb72a02cb,248,64175fc355175ff316d0213c811d543865d119d2,False,False
reports/CERTGEN_CURRENT_STATE.json,100644,blob,f21f8a919911c339b3c4cc0b5577760c734d6e21,3295,64175fc355175ff316d0213c811d543865d119d2,False,False
reports/CERTGEN_CVPR_BASELINE_REPRODUCTION.md,100644,blob,0e45c9d8b9a4e6b15b5806fe6fc1e11f38afd82b,1223,64175fc355175ff316d0213c811d543865d119d2,False,False
reports/CERTGEN_CVPR_COMMAND_LEDGER.csv,100644,blob,5454960752360e6decb7cf5ea3c5ffcecf4a428a,6938,64175fc355175ff316d0213c811d543865d119d2,False,False
reports/CERTGEN_CVPR_CURRENT_STATE.json,100644,blob,71634ffef23a32a05906e4f0f287321aaf1671b0,1386,64175fc355175ff316d0213c811d543865d119d2,False,False
reports/CERTGEN_CVPR_FINAL_AUDIT.json,100644,blob,851490d2ce1f337cd358d29fbad786208afc6ace,8763,64175fc355175ff316d0213c811d543865d119d2,False,False
reports/CERTGEN_CVPR_FINAL_AUDIT.md,100644,blob,219e4e6587f34d41afeb4fe781e275ca83f57475,522,64175fc355175ff316d0213c811d543865d119d2,False,False
reports/CERTGEN_CVPR_NOTEBOOK_READINESS.md,100644,blob,4f8aac57a214abed89b7d30cd1de687308b3ae0d,952,64175fc355175ff316d0213c811d543865d119d2,False,False
reports/CERTGEN_CVPR_REMAINING_WORK_PRIORITIZED.csv,100644,blob,c99430bd2ac2a222e0cf60d876ac6ae6148a8a20,1468,64175fc355175ff316d0213c811d543865d119d2,False,False
reports/CERTGEN_CVPR_REMAINING_WORK_PRIORITIZED.md,100644,blob,0fe8418d51455f5870620ec098fe20258025d3ed,336,64175fc355175ff316d0213c811d543865d119d2,False,False
reports/CERTGEN_CVPR_REPAIR_CHANGELOG.md,100644,blob,32141081b97c0dc456e7a306b915f6011e137012,3694,64175fc355175ff316d0213c811d543865d119d2,False,False
reports/CERTGEN_CVPR_REPOSITORY_SAFETY_INVENTORY.md,100644,blob,241d2cacb5a988d0343d57a429a64dfabbe787dd,2108,64175fc355175ff316d0213c811d543865d119d2,False,False
reports/CERTGEN_CVPR_RUN_CLASSIFICATION.csv,100644,blob,68d00804d9dbe0d29bccffda5f3544653147a4b9,6314,64175fc355175ff316d0213c811d543865d119d2,False,False
reports/CERTGEN_DEPENDENCY_CLOSURE_MATRIX.csv,100644,blob,4e6d06f7897ecd9b47e3e5444befc52be83949f3,629,64175fc355175ff316d0213c811d543865d119d2,False,False
reports/CERTGEN_DEPENDENCY_CLOSURE_REPORT.md,100644,blob,4bc22e93849409d02851e0dd9df787e61804537f,551,64175fc355175ff316d0213c811d543865d119d2,False,False
reports/CERTGEN_EVIDENCE_BOUNDARY_AUDIT.md,100644,blob,7e48b04ecf0182856b67042f5b6f7667b8d9d298,4161,64175fc355175ff316d0213c811d543865d119d2,False,False
reports/CERTGEN_EXECUTION_ARTIFACT_INVENTORY.csv,100644,blob,153cd9e9f706524e8fc6c6e517ae3a6004829e1f,1774,64175fc355175ff316d0213c811d543865d119d2,False,False
reports/CERTGEN_EXECUTION_BASELINE.md,100644,blob,94222fb9e39d111e2af1ec8e2085ae462793bb38,797,64175fc355175ff316d0213c811d543865d119d2,False,False
reports/CERTGEN_EXECUTION_COMMAND_LEDGER.csv,100644,blob,8b10be5c5bfe99e7f86b1726260e43f2987f54af,42457,64175fc355175ff316d0213c811d543865d119d2,False,False
reports/CERTGEN_EXECUTION_COMMAND_LEDGER.jsonl,100644,blob,40031688ba2b1529ab3ade3212a500c6681cb2b2,65245,64175fc355175ff316d0213c811d543865d119d2,False,False
reports/CERTGEN_EXECUTION_CURRENT_STATE.json,100644,blob,411aaf8bf131a96f4469cb236f40d8173c8896e0,2677,64175fc355175ff316d0213c811d543865d119d2,False,False
reports/CERTGEN_EXPECTED_IDENTITY_BINDING_AUDIT.md,100644,blob,1b72177d44fa64d85f223537d04bd29585999f37,588,64175fc355175ff316d0213c811d543865d119d2,False,False
reports/CERTGEN_FAILURE_INJECTION_MATRIX.csv,100644,blob,633229175ae876ac84dafb8e4e07378b4ef5a05d,2222,64175fc355175ff316d0213c811d543865d119d2,False,False
reports/CERTGEN_FINAL_100_PERCENT_BASELINE.md,100644,blob,5a53599e53dc62fe5a4ee0dd9cee8ca310d6df78,2398,64175fc355175ff316d0213c811d543865d119d2,False,False
reports/CERTGEN_FINAL_100_PERCENT_COMMAND_LEDGER.csv,100644,blob,4cb37c42c04bd09f4f8435ea4b905f28a706cd9a,6049,64175fc355175ff316d0213c811d543865d119d2,False,False
reports/CERTGEN_FINAL_100_PERCENT_CURRENT_STATE.json,100644,blob,73988deb4b32e21b3270294d923c118d457be7c2,2067,64175fc355175ff316d0213c811d543865d119d2,False,False
reports/CERTGEN_FINAL_100_PERCENT_HANDOFF_AUDIT.md,100644,blob,0c5a618a69b5b13cee5092793e83861233b1b6ed,1190,64175fc355175ff316d0213c811d543865d119d2,False,False
reports/CERTGEN_FINAL_100_PERCENT_NOTEBOOK_READINESS.md,100644,blob,f2ea1944152386995604c0b4fa148478dbf6a411,531,64175fc355175ff316d0213c811d543865d119d2,False,False
reports/CERTGEN_FINAL_100_PERCENT_REPAIR_CHANGELOG.md,100644,blob,39f8cdaba03cd90635d68a2025420e6f74f71ffe,1008,64175fc355175ff316d0213c811d543865d119d2,False,False
reports/CERTGEN_FINAL_100_PERCENT_TEST_MATRIX.md,100644,blob,3cc6c3b07d0d6be990b7d05acef53e58c35db6a0,1537,64175fc355175ff316d0213c811d543865d119d2,False,False
reports/CERTGEN_FINAL_AUDIT.md,100644,blob,3ceff0e443c8b12e3c89aeb630c6429d03ab987a,455,64175fc355175ff316d0213c811d543865d119d2,False,False
reports/CERTGEN_FINAL_DEPENDENCY_CLOSURE_MATRIX.csv,100644,blob,28d643a7baaa92e258e70e0adf01e426dc22e34f,1600,64175fc355175ff316d0213c811d543865d119d2,False,False
reports/CERTGEN_FINAL_DEPENDENCY_CLOSURE_REPORT.md,100644,blob,14253aeb60454b33e5cb4a82c15fdff34f31244f,571,64175fc355175ff316d0213c811d543865d119d2,False,False
reports/CERTGEN_FINAL_EXECUTION_PATH_ARTIFACT_INVENTORY.csv,100644,blob,78cdb7b79ae3425401507bdbc04fda66864078a3,4655,64175fc355175ff316d0213c811d543865d119d2,False,False
reports/CERTGEN_FINAL_EXECUTION_PATH_BASELINE.md,100644,blob,59939428b2d26c0322f4fe9a9d425d2773834458,598,64175fc355175ff316d0213c811d543865d119d2,False,False
reports/CERTGEN_FINAL_EXECUTION_PATH_COMMAND_LEDGER.csv,100644,blob,3334ce15c988626e5fb0ceaf96234e6692fb22d7,56812,64175fc355175ff316d0213c811d543865d119d2,False,False
reports/CERTGEN_FINAL_EXECUTION_PATH_COMMAND_LEDGER.jsonl,100644,blob,e8a9fcc909979e324cf555e9fec0740a9df2079b,90159,64175fc355175ff316d0213c811d543865d119d2,False,False
reports/CERTGEN_FINAL_EXECUTION_PATH_CURRENT_STATE.json,100644,blob,dc543adf4414b6d16303850e9233ee229abba7b2,898,64175fc355175ff316d0213c811d543865d119d2,False,False
reports/CERTGEN_FINAL_HARDENING_ARCHIVE_AUDIT.md,100644,blob,a877573c3e930da02a34340a04fcfef7056f232f,978,64175fc355175ff316d0213c811d543865d119d2,False,False
reports/CERTGEN_FINAL_HARDENING_BASELINE.md,100644,blob,4619f3c684ed9d530c1ae4db8ef40bd6d32d50d5,1206,64175fc355175ff316d0213c811d543865d119d2,False,False
reports/CERTGEN_FINAL_HARDENING_COMMAND_LEDGER.csv,100644,blob,773b2af4a6125256e3c077781c59d5ef8a45008c,4721,64175fc355175ff316d0213c811d543865d119d2,False,False
reports/CERTGEN_FINAL_HARDENING_CURRENT_STATE.json,100644,blob,50caa2d856b144bce0c9e0bf9f7fbb7ef3f6a573,1288,64175fc355175ff316d0213c811d543865d119d2,False,False
reports/CERTGEN_FINAL_HARDENING_NOTEBOOK_READINESS.md,100644,blob,634d8abce89e3de8e5bb208ccb6d188de1927b87,1599,64175fc355175ff316d0213c811d543865d119d2,False,False
reports/CERTGEN_FINAL_HARDENING_REPAIR_CHANGELOG.md,100644,blob,5788f9a459370b53918588172e446dfbd6aad122,3867,64175fc355175ff316d0213c811d543865d119d2,False,False
reports/CERTGEN_FINAL_HARDENING_TEST_MATRIX.md,100644,blob,373adcd143cc3aad5928a404d913449ffbf3a289,1902,64175fc355175ff316d0213c811d543865d119d2,False,False
reports/CERTGEN_FINAL_KAGGLE_EXECUTION_PATH_AUDIT.md,100644,blob,52dc5028a82befca0714282df7939a5d9c35b25f,537,64175fc355175ff316d0213c811d543865d119d2,False,False
reports/CERTGEN_FINAL_PACKAGE_SECURITY_AUDIT.md,100644,blob,deea3267eeeb03e4140fdad13384860535bfe7e8,425,64175fc355175ff316d0213c811d543865d119d2,False,False
reports/CERTGEN_FINAL_RUN_READY_BASELINE.md,100644,blob,fd63e4b5b018ba15fe8811887c3eb6d68e41ddff,2032,64175fc355175ff316d0213c811d543865d119d2,False,False
reports/CERTGEN_FINAL_RUN_READY_COMMAND_LEDGER.csv,100644,blob,666035a5cf086f1c3a1586edc86554a9efcffa0d,8890,64175fc355175ff316d0213c811d543865d119d2,False,False
reports/CERTGEN_FINAL_RUN_READY_CURRENT_STATE.json,100644,blob,f447199c034e7166d37d78438088c121eb11b69e,1305,64175fc355175ff316d0213c811d543865d119d2,False,False
reports/CERTGEN_FINAL_RUN_READY_HANDOFF_AUDIT.md,100644,blob,01c0e4c4f6431b19a5fcc715233ffc8fa535b470,1160,64175fc355175ff316d0213c811d543865d119d2,False,False
reports/CERTGEN_FINAL_RUN_READY_NOTEBOOK_READINESS.md,100644,blob,9e83596385ad44695ebc055c1c1eb5fdf97cec73,887,64175fc355175ff316d0213c811d543865d119d2,False,False
reports/CERTGEN_FINAL_RUN_READY_REPAIR_CHANGELOG.md,100644,blob,f4f22ed6d3f959d72da8195f801d8175f6b60190,1515,64175fc355175ff316d0213c811d543865d119d2,False,False
reports/CERTGEN_FINAL_RUN_READY_TEST_MATRIX.md,100644,blob,780a79833a6c4effae7402a61ef9a9e1f341e281,1627,64175fc355175ff316d0213c811d543865d119d2,False,False
reports/CERTGEN_FORENSIC_MACHINE_AUDIT.json,100644,blob,3b9604a5ccb1cedd3e5c8e6ec0da7a4921d8723f,1671,64175fc355175ff316d0213c811d543865d119d2,False,False
reports/CERTGEN_FORENSIC_MACHINE_AUDIT.md,100644,blob,fd76cbe5be2d0dc2de214e1a65deb21f2c14da0f,1199,64175fc355175ff316d0213c811d543865d119d2,False,False
reports/CERTGEN_FOUR_ACCOUNT_EXECUTION_PATH_MATRIX.csv,100644,blob,89563359743c80defe89b81c4799d6fc701105f8,10881,64175fc355175ff316d0213c811d543865d119d2,False,False
reports/CERTGEN_FOUR_ACCOUNT_EXECUTION_PATH_REPORT.md,100644,blob,2950ebf3e99b7b704e743b6e05936d5d0e482ae5,1135,64175fc355175ff316d0213c811d543865d119d2,False,False
reports/CERTGEN_FOUR_ACCOUNT_PORTABILITY_MATRIX.csv,100644,blob,1295c1b5e734751f022238eaa23fa4b60e40ac08,8970,64175fc355175ff316d0213c811d543865d119d2,False,False
reports/CERTGEN_FOUR_ACCOUNT_PORTABILITY_REPORT.md,100644,blob,df5e26ad4df2d0a5cb1edd2754d958fc3c3ebeee,843,64175fc355175ff316d0213c811d543865d119d2,False,False
reports/CERTGEN_GITHUB_PUBLICATION_REPORT.md,100644,blob,82d24041d615d360728d9cde16ed49d0a309bb23,947,64175fc355175ff316d0213c811d543865d119d2,False,False
reports/CERTGEN_GITHUB_PUSH_LEDGER.jsonl,100644,blob,7792f959125254097f7ac24931cb7d4df91ceb7a,418,64175fc355175ff316d0213c811d543865d119d2,False,False
reports/CERTGEN_GIT_LARGE_FILE_AUDIT.csv,100644,blob,25eeba3e911a30f429b74984f4029881caa4fa66,5335,64175fc355175ff316d0213c811d543865d119d2,False,False
reports/CERTGEN_KAGGLE_FINAL_LAUNCH_AUDIT.json,100644,blob,623cf7060a9e7cea9e23c6312155ee9866ed13c7,7149,64175fc355175ff316d0213c811d543865d119d2,False,False
reports/CERTGEN_KAGGLE_FINAL_LAUNCH_AUDIT.md,100644,blob,db7cedc4743b91365f1d4d705d7aa2a216be9367,716,64175fc355175ff316d0213c811d543865d119d2,False,False
reports/CERTGEN_KAGGLE_RUNTIME_ASSUMPTIONS.md,100644,blob,211fc5d80627b66870f54710f93b76ef9ba079b3,453,64175fc355175ff316d0213c811d543865d119d2,False,False
reports/CERTGEN_KAGGLE_RUNTIME_ESTIMATES.csv,100644,blob,09cebe5da2de350b14fd063627d70f498401c9f7,596,64175fc355175ff316d0213c811d543865d119d2,False,False
reports/CERTGEN_LOCAL_RESUME_IDENTITY_AUDIT.md,100644,blob,5d3adcfa71d7239c4efd974b3b940a67b9b83e53,397,64175fc355175ff316d0213c811d543865d119d2,False,False
reports/CERTGEN_MAX_CEILING_BASELINE.md,100644,blob,8469666fe0bc4451ca38e7aa15d4cf0d301580c0,1227,64175fc355175ff316d0213c811d543865d119d2,False,False
reports/CERTGEN_MAX_CEILING_COMMAND_LEDGER.csv,100644,blob,a15cad4abf1f0e6ed342aac62b977dbf2a768dd9,5167,64175fc355175ff316d0213c811d543865d119d2,False,False
reports/CERTGEN_MAX_CEILING_CURRENT_STATE.json,100644,blob,1856528b6a34cd06cb0465b6deccbbaa058d6ee4,909,64175fc355175ff316d0213c811d543865d119d2,False,False
reports/CERTGEN_MAX_CEILING_NOTEBOOK_READINESS.md,100644,blob,ea0fc5886731d5c6ad3cd8363709e2d1c2358fa3,689,64175fc355175ff316d0213c811d543865d119d2,False,False
reports/CERTGEN_MAX_CEILING_REPAIR_AND_UPGRADE_CHANGELOG.md,100644,blob,8cad415ac4ce76a4dbf43a7c7a2ab49e501f1c8a,3860,64175fc355175ff316d0213c811d543865d119d2,False,False
reports/CERTGEN_MAX_CEILING_TEST_MATRIX.md,100644,blob,4580556584e0c8699e51f72354418842fe3790ff,1031,64175fc355175ff316d0213c811d543865d119d2,False,False
reports/CERTGEN_OPERATIONAL_HYPOTHESIS_COVERAGE.csv,100644,blob,e28936e631cd439ae9f676c36943f1916e8b2a44,1539,64175fc355175ff316d0213c811d543865d119d2,False,False
reports/CERTGEN_PACKAGE_SECURITY_AUDIT.md,100644,blob,0f294e27693432b4b8a8539eed679672933c4c43,431,64175fc355175ff316d0213c811d543865d119d2,False,False
reports/CERTGEN_PHASE1_ARTIFACT_INVENTORY.csv,100644,blob,e2d114d24607d1365d6a5b7c9d6e2354b612c72b,2001,64175fc355175ff316d0213c811d543865d119d2,False,False
reports/CERTGEN_PHASE1_AUTORUN_STATUS.json,100644,blob,d68dc7e212dd713d22aed3938aa387826c194123,19169,64175fc355175ff316d0213c811d543865d119d2,False,False
reports/CERTGEN_PHASE1_BASELINE.md,100644,blob,8f0bea26c8d2da5afd3755569c744e66ce150e73,23333,64175fc355175ff316d0213c811d543865d119d2,False,False
reports/CERTGEN_PHASE1_COMMAND_LEDGER.csv,100644,blob,ef2b149128196c98c38e6efcb6d1418413279b68,41549,64175fc355175ff316d0213c811d543865d119d2,False,False
reports/CERTGEN_PHASE1_CPU_EXECUTION_AUDIT.json,100644,blob,701143f3ad838f8402ee0c7af9a16b9aaab44297,11841,64175fc355175ff316d0213c811d543865d119d2,False,False
reports/CERTGEN_PHASE1_CURRENT_STATE.json,100644,blob,0dd7cd6d98208bc370cbf75cff2328cae4f2435e,3728,64175fc355175ff316d0213c811d543865d119d2,False,False
reports/CERTGEN_PHASE1_TEST_MATRIX.md,100644,blob,d2fdb94d29424d8fb61e1dc1da87f23005fde653,18213,64175fc355175ff316d0213c811d543865d119d2,False,False
reports/CERTGEN_PREIMPORT_AUTHENTICATION_AUDIT.md,100644,blob,dbd2f6be77c0635ed4bba4c5fa3ee56887aff8b4,621,64175fc355175ff316d0213c811d543865d119d2,False,False
reports/CERTGEN_PROVENANCE_VERIFICATION.md,100644,blob,47f8d26993e48abb24181a43a2694d510dc95e8b,546,64175fc355175ff316d0213c811d543865d119d2,False,False
reports/CERTGEN_REAL_EXECUTION_CLOSURE_ARCHIVE_AUDIT.md,100644,blob,f7095ae713d52bcb05ba7dcf34b6010e8b3b2f2d,873,64175fc355175ff316d0213c811d543865d119d2,False,False
reports/CERTGEN_REAL_EXECUTION_CLOSURE_BASELINE.md,100644,blob,b85806f7f3c2c8fbc3d26b570476c5a305942435,1283,64175fc355175ff316d0213c811d543865d119d2,False,False
reports/CERTGEN_REAL_EXECUTION_CLOSURE_COMMAND_LEDGER.csv,100644,blob,23bda72ef7f230bc6612750c2e95b73851208913,37008,64175fc355175ff316d0213c811d543865d119d2,False,False
reports/CERTGEN_REAL_EXECUTION_CLOSURE_CURRENT_STATE.json,100644,blob,ec3934ccdffa168f9b79e58e54c2c6d0a6611e9c,2644,64175fc355175ff316d0213c811d543865d119d2,False,False
reports/CERTGEN_REAL_EXECUTION_CLOSURE_HANDOFF_AUDIT.md,100644,blob,1d81ee4226bb103c1a571527dc291bdeb70993a4,1153,64175fc355175ff316d0213c811d543865d119d2,False,False
reports/CERTGEN_REAL_EXECUTION_CLOSURE_NOTEBOOK_READINESS.md,100644,blob,0c2763e0fadd8b3942f86d2d929edc26c26cff55,1191,64175fc355175ff316d0213c811d543865d119d2,False,False
reports/CERTGEN_REAL_EXECUTION_CLOSURE_REPAIR_CHANGELOG.md,100644,blob,af9bbc55237339067721fa6f372009b37208b594,2490,64175fc355175ff316d0213c811d543865d119d2,False,False
reports/CERTGEN_REAL_EXECUTION_CLOSURE_TEST_MATRIX.md,100644,blob,1b7d23dd329c82939ef1c9b292f529b5b55d03f7,2312,64175fc355175ff316d0213c811d543865d119d2,False,False
reports/CERTGEN_REFERENCE_VALIDATION_REPORT.md,100644,blob,13b5ad3d9839debc1eb5e74eff9d5e816089ef12,619,64175fc355175ff316d0213c811d543865d119d2,False,False
reports/CERTGEN_RELEASE_VERIFICATION.md,100644,blob,7e8c3c83e2d3edc0587cbf746f1e2142e4708736,1160,64175fc355175ff316d0213c811d543865d119d2,False,False
reports/CERTGEN_REMAINING_WORK_PRIORITIZED.md,100644,blob,450a96b992f43942a2191c6c703ded7dde92d8c3,7173,64175fc355175ff316d0213c811d543865d119d2,False,False
reports/CERTGEN_REPAIR_CHANGELOG.md,100644,blob,4107d6b37afdf7a0195a15604dcb70070aa54836,7901,64175fc355175ff316d0213c811d543865d119d2,False,False
reports/CERTGEN_REPLACEMENT_AUDIT.json,100644,blob,427ebb9a841cd70dda1862cd4e92c28d50165444,1019,64175fc355175ff316d0213c811d543865d119d2,False,False
reports/CERTGEN_REPLACEMENT_AUDIT.md,100644,blob,7367aeceed396b8fc05ac4daa2311d9f412bb1fb,986,64175fc355175ff316d0213c811d543865d119d2,False,False
reports/CERTGEN_REPLAY_REPORT.md,100644,blob,91547da793a6d8980db628c55c276d9485046a20,375,64175fc355175ff316d0213c811d543865d119d2,False,False
reports/CERTGEN_REPOSITORY_INVENTORY.csv,100644,blob,fda4d09bed6e0082d9f1215517dc0100bde751e8,161534,64175fc355175ff316d0213c811d543865d119d2,False,False
reports/CERTGEN_REPOSITORY_INVENTORY.json,100644,blob,a2fd22ac853b08d3b8c847c822b03c2aae648460,415611,64175fc355175ff316d0213c811d543865d119d2,False,False
reports/CERTGEN_SANITY_GATE_REPORT.md,100644,blob,0eed182e7d6032459af91fb60f933d0967cac9ba,523,64175fc355175ff316d0213c811d543865d119d2,False,False
reports/CERTGEN_SENSITIVITY_MATRIX.csv,100644,blob,d8c07493760e69d9ac16b33bc92ee746225d4656,834,64175fc355175ff316d0213c811d543865d119d2,False,False
reports/CERTGEN_UNIVERSAL_DISCOVERY_AUDIT.md,100644,blob,d35e97f3671c81c76a851682d3c54401c8f0c2aa,491,64175fc355175ff316d0213c811d543865d119d2,False,False
reports/CERTGEN_UNIVERSAL_KAGGLE_ARTIFACT_INVENTORY.csv,100644,blob,95f8890ad3c64cd3366e8313c03c2ee6d4ff9fe7,2062,64175fc355175ff316d0213c811d543865d119d2,False,False
reports/CERTGEN_UNIVERSAL_KAGGLE_BASELINE.md,100644,blob,9e01aff873fac002fd94a8e6d5d0ad2aaf94434a,2232,64175fc355175ff316d0213c811d543865d119d2,False,False
reports/CERTGEN_UNIVERSAL_KAGGLE_COMMAND_LEDGER.csv,100644,blob,4091dcb3b1ed743abfd08b93abab5ae0818457b8,34511,64175fc355175ff316d0213c811d543865d119d2,False,False
reports/CERTGEN_UNIVERSAL_KAGGLE_COMMAND_LEDGER.jsonl,100644,blob,40c43463d5083a335391875a81790a6b4d0b069a,52783,64175fc355175ff316d0213c811d543865d119d2,False,False
reports/CERTGEN_UNIVERSAL_KAGGLE_CURRENT_STATE.json,100644,blob,b106c4da2a13fa2cd1c3106883486921d2cda06f,606,64175fc355175ff316d0213c811d543865d119d2,False,False
reports/CERTGEN_UNIVERSAL_KAGGLE_FINAL_AUDIT.md,100644,blob,b57a34f9c02f0370e65def7c4084b04f7bf32ea9,520,64175fc355175ff316d0213c811d543865d119d2,False,False
reports/CERTGEN_WHEELHOUSE_COMPATIBILITY_AUDIT.md,100644,blob,624ee4513ed99fc8c7198b51963e1376751a0a21,459,64175fc355175ff316d0213c811d543865d119d2,False,False
reports/final_pre_run_audit/audit.json,100644,blob,d98d01f54c41c9498d187848ddc64d8bccadb203,21706,64175fc355175ff316d0213c811d543865d119d2,False,False
requirements/kaggle-base.lock,100644,blob,1cd0f5d1824730749e0ec87ad387969b5ea6342d,296,64175fc355175ff316d0213c811d543865d119d2,False,False
requirements/kaggle-constraints.txt,100644,blob,55272a27ace4fd1ada9b93505947c32b2df3658c,333,64175fc355175ff316d0213c811d543865d119d2,False,False
requirements/kaggle-diagnostic.lock,100644,blob,37ecdd7144b73bcf32b47f67a12fe9616e0602a0,99,64175fc355175ff316d0213c811d543865d119d2,False,False
requirements/kaggle-features.lock,100644,blob,71de7d67271fb778ad6ed68efe4986d91c4fb411,147,64175fc355175ff316d0213c811d543865d119d2,False,False
requirements/kaggle-generation.lock,100644,blob,1bf289e6b7895fc7d780ecdcda6fe086475f7cff,183,64175fc355175ff316d0213c811d543865d119d2,False,False
requirements/kaggle-preflight.lock,100644,blob,1bf289e6b7895fc7d780ecdcda6fe086475f7cff,183,64175fc355175ff316d0213c811d543865d119d2,False,False
schemas/cvpr/figures/compute_vs_resolution.schema.json,100644,blob,2d7f5a0e3ce464ac65703bc18d22b12a2f3135fa,642,64175fc355175ff316d0213c811d543865d119d2,False,False
schemas/cvpr/figures/cross_feature_agreement.schema.json,100644,blob,b1d9c3547423a67de25cb4e912ae109ff7e248e7,539,64175fc355175ff316d0213c811d543865d119d2,False,False
schemas/cvpr/figures/first_crossing_curves.schema.json,100644,blob,c7d3387078e77c6fa6578e1f687008484ff7da1c,564,64175fc355175ff316d0213c811d543865d119d2,False,False
schemas/cvpr/figures/point_leaderboard_vs_partial_order.schema.json,100644,blob,b493c7b5e785a8f99186bfe1ad6fc260545b6d72,615,64175fc355175ff316d0213c811d543865d119d2,False,False
schemas/cvpr/image_manifest.schema.json,100644,blob,172630423113572ba5c3af704842c68f7327b551,1403,64175fc355175ff316d0213c811d543865d119d2,False,False
schemas/cvpr/tables/budget_stability.schema.json,100644,blob,4b29b820ae68268f1826f6d75a998aa0d7cf57a6,514,64175fc355175ff316d0213c811d543865d119d2,False,False
schemas/cvpr/tables/control_validity.schema.json,100644,blob,16556c98e30e333db3f2deca0711120d3c066dd6,516,64175fc355175ff316d0213c811d543865d119d2,False,False
schemas/cvpr/tables/qualitative_gallery.schema.json,100644,blob,eb92a3a1dc4cbbd3763994d6eb1067664619d248,590,64175fc355175ff316d0213c811d543865d119d2,False,False
schemas/cvpr/tables/unresolved_pair_summary.schema.json,100644,blob,ead84c4c03bbe1240499fd77bf8d94e45b8e9aa1,564,64175fc355175ff316d0213c811d543865d119d2,False,False
scripts/build_cvpr_preexecution_assets.py,100644,blob,c9158bf342dd239cddde9eb69b5577287a62955f,113205,64175fc355175ff316d0213c811d543865d119d2,False,False
scripts/execution_command_runner.py,100644,blob,7ea31735e844eb3ac4c90970cd0199b30a9ff4a4,4296,64175fc355175ff316d0213c811d543865d119d2,False,False
scripts/final_execution_path_command_runner.py,100644,blob,88ec552985453833b440a1196853887bc5ebc6ee,4288,64175fc355175ff316d0213c811d543865d119d2,False,False
scripts/generate_execution_reports.py,100644,blob,8778d8b9183c66ab8ec432e2c587f92866667250,27225,64175fc355175ff316d0213c811d543865d119d2,False,False
scripts/generate_final_execution_path_reports.py,100644,blob,b7526dbc695b645a8a9417c582338fec5a8e2164,13349,64175fc355175ff316d0213c811d543865d119d2,False,False
scripts/generate_universal_kaggle_reports.py,100644,blob,19142bc344d1a1dec4fa58467d114417705558b7,6832,64175fc355175ff316d0213c811d543865d119d2,False,False
scripts/phase1_command_runner.py,100644,blob,d4890d5016faf53c044cb07b0b0123938bbb8b2b,3831,64175fc355175ff316d0213c811d543865d119d2,False,False
scripts/real_execution_closure_runner.py,100644,blob,823875b7a8ac17192eff1579686a807d2417e078,5206,64175fc355175ff316d0213c811d543865d119d2,False,False
scripts/run_all_available_cpu_stages.py,100644,blob,1ebe7730b16cbb4e15f6aceba6834598390f2269,13020,64175fc355175ff316d0213c811d543865d119d2,False,False
scripts/universal_kaggle_command_runner.py,100644,blob,baa8938fbd3c9b6ad75d9d07247aa688d54f22f4,4344,64175fc355175ff316d0213c811d543865d119d2,False,False
tests/test_archive_portable.py,100644,blob,afdd4b4689f633e62dde573095687ce6977f28ef,771,64175fc355175ff316d0213c811d543865d119d2,False,False
tests/test_certificate.py,100644,blob,3c34025ef454c9df6bf3b838c0a8a5039f4081c3,2932,64175fc355175ff316d0213c811d543865d119d2,False,False
tests/test_certificate_reporting.py,100644,blob,24adfe77d77d29bd8ece8b4ff57ccfa49170f275,1718,64175fc355175ff316d0213c811d543865d119d2,False,False
tests/test_certify_clean_metric_cli.py,100644,blob,ca051a0413b7db714ae52526668695c31e52d05f,4132,64175fc355175ff316d0213c811d543865d119d2,False,False
tests/test_claim_gate.py,100644,blob,97ef71f0e1b4e9b4007a8e10281d058b9ff62024,976,64175fc355175ff316d0213c811d543865d119d2,False,False
tests/test_clean_core_certificate.py,100644,blob,e0dfdb55cc508c4ec5fe3b870fbb10df7b52cab4,2068,64175fc355175ff316d0213c811d543865d119d2,False,False
tests/test_confidence_sequences.py,100644,blob,e140fc7386409e9d7ba99dc94b588ed9a6df9270,1635,64175fc355175ff316d0213c811d543865d119d2,False,False
tests/test_confirmatory_family_contract.py,100644,blob,ab68b50e7d5252cdd076b3a45057aa3c2f5c7827,1204,64175fc355175ff316d0213c811d543865d119d2,False,False
tests/test_controls_repository_paths.py,100644,blob,3a661c358b2178508406ae918bc9b6c7bed60a96,725,64175fc355175ff316d0213c811d543865d119d2,False,False
tests/test_cvpr_architecture.py,100644,blob,851f92ae3104273ede60dc6857afa296c05495ac,12216,64175fc355175ff316d0213c811d543865d119d2,False,False
tests/test_cvpr_extended_synthetic.py,100644,blob,58af9c4e9d40ee3a8e06844927a8f63665bf971a,571,64175fc355175ff316d0213c811d543865d119d2,False,False
tests/test_cvpr_gates.py,100644,blob,16097033022198aba50b6b11093ac162235c0f16,9517,64175fc355175ff316d0213c811d543865d119d2,False,False
tests/test_cvpr_runtime_planner.py,100644,blob,7a76e395ed04379dd69e43545d145981ae30420d,2578,64175fc355175ff316d0213c811d543865d119d2,False,False
tests/test_cvpr_statistical_contract.py,100644,blob,04df1fb582d42c4f21244bf83de34ed5ab8eb16e,7716,64175fc355175ff316d0213c811d543865d119d2,False,False
tests/test_engineering_evidence_safety.py,100644,blob,17cd820af2627c55b9adc23d0611bfd45377c955,11184,64175fc355175ff316d0213c811d543865d119d2,False,False
tests/test_evidence_status.py,100644,blob,8b29be93fe5214a6522d844af05e4aa06432fd33,853,64175fc355175ff316d0213c811d543865d119d2,False,False
tests/test_feature_cache_schema.py,100644,blob,295726ee81671a569de3b37c4b0292b29e1d7076,2515,64175fc355175ff316d0213c811d543865d119d2,False,False
tests/test_feature_cache_v2_contract.py,100644,blob,3dbbc3ca643c9e58a8a96fe5af93706113dd616f,4069,64175fc355175ff316d0213c811d543865d119d2,False,False
tests/test_feature_cache_v3.py,100644,blob,e99556fe1abf2342f0acfa2b67177afe7a2771a7,2186,64175fc355175ff316d0213c811d543865d119d2,False,False
tests/test_feature_extraction_plan.py,100644,blob,8e726c7b24b2660cb336c9cfd85d99406dd80946,1588,64175fc355175ff316d0213c811d543865d119d2,False,False
tests/test_feature_protocol_checks.py,100644,blob,29e311319f45af72317bb708c1947d957d934067,2448,64175fc355175ff316d0213c811d543865d119d2,False,False
tests/test_fid_policy_gate.py,100644,blob,fb624498810a400389b2e7e9685adca930aa06c6,1542,64175fc355175ff316d0213c811d543865d119d2,False,False
tests/test_fid_policy_v2.py,100644,blob,4ecfe3f6e2dfd848fc3d2cff8644f1ef4f3bc788,1080,64175fc355175ff316d0213c811d543865d119d2,False,False
tests/test_final_100_percent_pre_run.py,100644,blob,d2d24887af8ec03f4afc8ac50c13aa18bc60d1be,6578,64175fc355175ff316d0213c811d543865d119d2,False,False
tests/test_final_execution_path_seal.py,100644,blob,2d70ffe1b75cc169f7e104acda2b19ec13d0c8c7,16406,64175fc355175ff316d0213c811d543865d119d2,False,False
tests/test_final_run_ready_closure.py,100644,blob,f1f7cd1f596319225c1d61bf658d47895aa43a3d,14967,64175fc355175ff316d0213c811d543865d119d2,False,False
tests/test_final_runtime_hardening.py,100644,blob,812328961d626dc815c8b20b4f9b84189d888963,14659,64175fc355175ff316d0213c811d543865d119d2,False,False
tests/test_first_pilot_v2.py,100644,blob,f5ebaec6c2baf0db1f2a89d914fe74a3504be54e,2820,64175fc355175ff316d0213c811d543865d119d2,False,False
tests/test_first_pilot_v3.py,100644,blob,059d59d135cf9fbf9977fd48eca82fce69255505,2751,64175fc355175ff316d0213c811d543865d119d2,False,False
tests/test_forensic_final_audit.py,100644,blob,9c6079a9d23b271cc0d517db7c4d7bb4ba5da65d,612,64175fc355175ff316d0213c811d543865d119d2,False,False
tests/test_forensic_inventory.py,100644,blob,8426f2c5904b2698c3e7a5c03571ef33452def1a,1200,64175fc355175ff316d0213c811d543865d119d2,False,False
tests/test_imports.py,100644,blob,f6a33672fd301c94c56f2728bb2ded226638bddf,339,64175fc355175ff316d0213c811d543865d119d2,False,False
tests/test_maximum_ceiling.py,100644,blob,786cda63c7fe7cfc513918458163bdb093d948fa,10175,64175fc355175ff316d0213c811d543865d119d2,False,False
tests/test_metric_reproduction_v3.py,100644,blob,2ad6b03afe127f6abe149f5e6dd67388f3c0ab31,4147,64175fc355175ff316d0213c811d543865d119d2,False,False
tests/test_metrics.py,100644,blob,61d63ff9ec44ac0c01442ad8199db63129b9dcd1,1608,64175fc355175ff316d0213c811d543865d119d2,False,False
tests/test_mmd_streams.py,100644,blob,3be918e4cca7a5c263fc8077a90a485b1d70a256,2737,64175fc355175ff316d0213c811d543865d119d2,False,False
tests/test_optional_stopping_lab.py,100644,blob,bee25926934f4bab4e2f83c6109d1de2e0184450,916,64175fc355175ff316d0213c811d543865d119d2,False,False
tests/test_phase1_closure.py,100644,blob,bdeb5c887d370174d01c4dc16a871758a8d83c6b,3731,64175fc355175ff316d0213c811d543865d119d2,False,False
tests/test_post_cache_final_closure.py,100644,blob,d571007f5ab0b20c9e5c6ff71e4dfe0dd1b066d4,2960,64175fc355175ff316d0213c811d543865d119d2,False,False
tests/test_provenance_ledger.py,100644,blob,28689572cdd0bf5d182b2a88a7a0fa83e8be221c,2618,64175fc355175ff316d0213c811d543865d119d2,False,False
tests/test_r0_cpu_gpu_execution.py,100644,blob,be078d99c839d05c9a2b5fa795126f8d8e15e0df,4702,64175fc355175ff316d0213c811d543865d119d2,False,False
tests/test_r0_technical_correction.py,100644,blob,4c4af6624d93c329ff5264046aef71a5cc25d518,4211,64175fc355175ff316d0213c811d543865d119d2,False,False
tests/test_r1_source_selection.py,100644,blob,a12ec877f6b7ebf2d2dc034f8ce940cfb6544d31,3643,64175fc355175ff316d0213c811d543865d119d2,False,False
tests/test_r1_upgrades.py,100644,blob,aae0c97b42161e0b44c8cb52840a32869b757e39,7053,64175fc355175ff316d0213c811d543865d119d2,False,False
tests/test_r1a_sample_materialization.py,100644,blob,cbf84082396f968760e4346296ef34e7fc83cd3f,8242,64175fc355175ff316d0213c811d543865d119d2,False,False
tests/test_r1b_generation_package.py,100644,blob,1542ae07b88d2cc35fe6667213663cb2328e9447,8711,64175fc355175ff316d0213c811d543865d119d2,False,False
tests/test_real_execution_closure.py,100644,blob,d20bda329c4d11264694e9d079cb13639ff4ac68,14439,64175fc355175ff316d0213c811d543865d119d2,False,False
tests/test_reference_draw_plan.py,100644,blob,752b9325f73b28a45f9b2b28dd129e7990b05407,4330,64175fc355175ff316d0213c811d543865d119d2,False,False
tests/test_registry_reporting.py,100644,blob,86afd9eaecfc1280f2c0f2499a48a7421e0b43d2,2149,64175fc355175ff316d0213c811d543865d119d2,False,False
tests/test_registry_v2.py,100644,blob,b1260419565a7fc57101fe54f43fea326487dcb3,2417,64175fc355175ff316d0213c811d543865d119d2,False,False
tests/test_registry_v3_and_lab.py,100644,blob,32439323829e7d0db38721beb8aafae47d139261,1207,64175fc355175ff316d0213c811d543865d119d2,False,False
tests/test_replay_and_pilot_report_v3.py,100644,blob,462b50bb8880fddfb53dcb425f209d33920d3079,1861,64175fc355175ff316d0213c811d543865d119d2,False,False
tests/test_schemas.py,100644,blob,7a8f1a8ee3e959feaa2bf0f1cd9b8ea71f9008a4,1844,64175fc355175ff316d0213c811d543865d119d2,False,False
tests/test_smoke_artifact_non_evidence.py,100644,blob,f786f1008f7fc4ed00b5de3848022f8b22a11ccc,1220,64175fc355175ff316d0213c811d543865d119d2,False,False
tests/test_smoke_config.py,100644,blob,a83e9f49558fb61e792533adf7c57a54b87b39e1,301,64175fc355175ff316d0213c811d543865d119d2,False,False
tests/test_universal_kaggle_discovery.py,100644,blob,cdc0697d8aba41d03ccba8078ea85015fbbd84c2,13689,64175fc355175ff316d0213c811d543865d119d2,False,False
tests/test_v2_audit.py,100644,blob,2189a6c776341b2555dcd7d5deb4b7b5f84e2da0,693,64175fc355175ff316d0213c811d543865d119d2,False,False
tests/test_v2_clean_metric_integration.py,100644,blob,19c6f365e8bcbb9cb03f1b3b25e199803e0a4101,1871,64175fc355175ff316d0213c811d543865d119d2,False,False
tests/test_v3_docs_and_audit.py,100644,blob,3bb14f7d41010b38de9354f4bcefae64e9a44ac3,1573,64175fc355175ff316d0213c811d543865d119d2,False,False
tests/test_v3_intake_audit.py,100644,blob,bfbb5badd9dba2f9f775f9992c224452dda106c5,1114,64175fc355175ff316d0213c811d543865d119d2,False,False
tests/test_v3_status_policy.py,100644,blob,fbf1e268c3df922ddc57464cd9ffe68ce02d4911,389,64175fc355175ff316d0213c811d543865d119d2,False,False
tests/test_v4_audit.py,100644,blob,0d343ccd87868f19bc01ed07771829f5caf7cf63,556,64175fc355175ff316d0213c811d543865d119d2,False,False
tests/test_v4_batch_and_analysis.py,100644,blob,5391507b0e7347a0d6b6ec65ed025d1ec612ea58,3574,64175fc355175ff316d0213c811d543865d119d2,False,False
tests/test_v4_claims_paper_review_release.py,100644,blob,675e3337a98336e07d3482598a4cff48d06e3b25,2302,64175fc355175ff316d0213c811d543865d119d2,False,False
tests/test_v4_state_and_planning.py,100644,blob,c964247ffd73a3799cbde77958af858276d45ee6,2913,64175fc355175ff316d0213c811d543865d119d2,False,False
tests/test_v5_audit.py,100644,blob,79a25b10bebfb44de5a3e5368a7324eae833b65b,610,64175fc355175ff316d0213c811d543865d119d2,False,False
tests/test_v5_claim_contract.py,100644,blob,a8e361695cffa88e167419d6687ac9901ac81b65,797,64175fc355175ff316d0213c811d543865d119d2,False,False
tests/test_v5_command_bundle.py,100644,blob,154a1cc0decb4864ccf5765a5b640e7cac30abac,597,64175fc355175ff316d0213c811d543865d119d2,False,False
tests/test_v5_paper_proof_release.py,100644,blob,73889459e68dee344b5b3b1ed722002c5f94c8ec,941,64175fc355175ff316d0213c811d543865d119d2,False,False
tests/test_v5_related_work_and_analysis.py,100644,blob,8f89fbe84cf83024910df4659af9962091545869,1583,64175fc355175ff316d0213c811d543865d119d2,False,False
tests/test_v5_result_contracts_and_injection.py,100644,blob,8400c63e5415495a066ad96c9f2888fb7bbd0cc7,2046,64175fc355175ff316d0213c811d543865d119d2,False,False
tests/test_v5_reviewer_readiness.py,100644,blob,8c5e5ed4395a22fd6dd1b9564c4e2ddcb150f3a2,860,64175fc355175ff316d0213c811d543865d119d2,False,False
tests/test_v5_state_intake.py,100644,blob,d0962700ae44209506e4112ec59c4a81fe4c4ceb,507,64175fc355175ff316d0213c811d543865d119d2,False,False
tests/test_v6_cpu_kaggle_packaging.py,100644,blob,5b130b919f79f264ba0648dc80ee6a94ebd52440,11980,64175fc355175ff316d0213c811d543865d119d2,False,False
tests/test_v6_execution_gates.py,100644,blob,0fddc46a3888ad4e794f752e727d2c73557dcc3d,5630,64175fc355175ff316d0213c811d543865d119d2,False,False
tests/test_v7_cifar_autodetect.py,100644,blob,5b6abfbb68b258f5adfee7f75e813221350879e3,1186,64175fc355175ff316d0213c811d543865d119d2,False,False
tests/test_v7_importers.py,100644,blob,fe65fbc47ef5e7979015e64d88ba06f71b9bd675,2375,64175fc355175ff316d0213c811d543865d119d2,False,False
tests/test_v7_multibench_candidates.py,100644,blob,3390cdf6115fc881fb39bee4b1b37ffd87ae24e0,1363,64175fc355175ff316d0213c811d543865d119d2,False,False
tests/test_v7_notebook_quality.py,100644,blob,ca32521ac8bd6d184010fad0bd8c84ff59f4f442,1071,64175fc355175ff316d0213c811d543865d119d2,False,False
tests/test_v7_runledger.py,100644,blob,89b1f37c8a633300a58bea5c2fbb970595edd8e5,866,64175fc355175ff316d0213c811d543865d119d2,False,False
tests/test_v9_execution_supercharger.py,100644,blob,388329d4da1e194303db1beb950d723656a75696,10530,64175fc355175ff316d0213c811d543865d119d2,False,False
