simulation_id,scenario_id,scenario_family,replicate_id,seed,dimension,sample_budget,effect_size,alpha,kernel,bandwidth,stopping_rule,multiplicity_rule,representation_count,model_count,reference_reuse,decision,stopping_time,coverage,false_positive,false_negative,runtime_seconds,true_mean,confidence_width,synthetic_validation_only,not_real_generator_evidence,not_empirical_paper_evidence,claim_allowed
361455708576802b579b,multiplicity,multiplicity,0,1763437989,16,5000,0.0,0.05,rbf,median,anytime,bonferroni,3,10,False,UNRESOLVED,5000,True,False,False,0.00040495803114026785,0.0,0.18209213411654696,True,True,True,False
a3995ac49b07b8f8f0a0,multiplicity,multiplicity,1,3281081984,16,5000,0.0,0.05,rbf,median,anytime,bonferroni,3,10,False,UNRESOLVED,5000,True,False,False,0.00040437502320855856,0.0,0.18209213411654696,True,True,True,False
fff3061e786ccd69a89e,multiplicity,multiplicity,2,780284512,16,5000,0.0,0.05,rbf,median,anytime,bonferroni,3,10,False,UNRESOLVED,5000,True,False,False,0.0004040839849039912,0.0,0.18209213411654696,True,True,True,False
eebd68d00e6276603e41,multiplicity,multiplicity,3,717257898,16,5000,0.0,0.05,rbf,median,anytime,bonferroni,3,10,False,UNRESOLVED,5000,True,False,False,0.0004042079672217369,0.0,0.18209213411654696,True,True,True,False
4ed87b7341fdf0cf2f3f,multiplicity,multiplicity,4,4074064532,16,5000,0.0,0.05,rbf,median,anytime,bonferroni,3,10,False,UNRESOLVED,5000,True,False,False,0.0004016669699922204,0.0,0.18209213411654696,True,True,True,False
193b2ded0bd47a38374a,multiplicity,multiplicity,5,2336795876,16,5000,0.0,0.05,rbf,median,anytime,bonferroni,3,10,False,UNRESOLVED,5000,True,False,False,0.00040095800068229437,0.0,0.18209213411654696,True,True,True,False
33b21f600342d4bf96f2,multiplicity,multiplicity,6,394105932,16,5000,0.0,0.05,rbf,median,anytime,bonferroni,3,10,False,UNRESOLVED,5000,True,False,False,0.0004030829877592623,0.0,0.18209213411654696,True,True,True,False
6c1c8b2ef424e27c8a3c,multiplicity,multiplicity,7,3258901136,16,5000,0.0,0.05,rbf,median,anytime,bonferroni,3,10,False,UNRESOLVED,5000,True,False,False,0.0004015419981442392,0.0,0.18209213411654696,True,True,True,False
b7d8e351c95da6939d59,multiplicity,multiplicity,8,853733757,16,5000,0.0,0.05,rbf,median,anytime,bonferroni,3,10,False,UNRESOLVED,5000,True,False,False,0.00040054204873740673,0.0,0.18209213411654696,True,True,True,False
b90cdc2a74687b2aefbb,multiplicity,multiplicity,9,2044185984,16,5000,0.0,0.05,rbf,median,anytime,bonferroni,3,10,False,UNRESOLVED,5000,True,False,False,0.0004017089959233999,0.0,0.18209213411654696,True,True,True,False
fa7c384a25fc3c5cda4c,multiplicity,multiplicity,10,2541650758,16,5000,0.0,0.05,rbf,median,anytime,bonferroni,3,10,False,UNRESOLVED,5000,True,False,False,0.0004015839658677578,0.0,0.18209213411654696,True,True,True,False
0aa78ca1ac78288d2998,multiplicity,multiplicity,11,4020467993,16,5000,0.0,0.05,rbf,median,anytime,bonferroni,3,10,False,UNRESOLVED,5000,True,False,False,0.0004005419905297458,0.0,0.18209213411654696,True,True,True,False
dd2c646fb974c26e52b1,multiplicity,multiplicity,12,290056333,16,5000,0.0,0.05,rbf,median,anytime,bonferroni,3,10,False,UNRESOLVED,5000,True,False,False,0.0004029169795103371,0.0,0.18209213411654696,True,True,True,False
d7faa0d069a27d17917d,multiplicity,multiplicity,13,3882828034,16,5000,0.0,0.05,rbf,median,anytime,bonferroni,3,10,False,UNRESOLVED,5000,True,False,False,0.00040220795199275017,0.0,0.18209213411654696,True,True,True,False
e14527af2d64763f0e0a,multiplicity,multiplicity,14,3286527610,16,5000,0.0,0.05,rbf,median,anytime,bonferroni,3,10,False,UNRESOLVED,5000,True,False,False,0.0004027499817311764,0.0,0.18209213411654696,True,True,True,False
690dba4d7420a1922796,multiplicity,multiplicity,15,240241577,16,5000,0.0,0.05,rbf,median,anytime,bonferroni,3,10,False,UNRESOLVED,5000,True,False,False,0.00040008401265367866,0.0,0.18209213411654696,True,True,True,False
0d7a279fd1739e9f0ab4,multiplicity,multiplicity,16,1795195726,16,5000,0.0,0.05,rbf,median,anytime,bonferroni,3,10,False,UNRESOLVED,5000,True,False,False,0.00040133303264155984,0.0,0.18209213411654696,True,True,True,False
e2181bc0580cf009f66e,multiplicity,multiplicity,17,3752269381,16,5000,0.0,0.05,rbf,median,anytime,bonferroni,3,10,False,UNRESOLVED,5000,True,False,False,0.00035212503280490637,0.0,0.18209213411654696,True,True,True,False
6f603b033670c70a150e,multiplicity,multiplicity,18,1928449053,16,5000,0.0,0.05,rbf,median,anytime,bonferroni,3,10,False,UNRESOLVED,5000,True,False,False,0.0003459579893387854,0.0,0.18209213411654696,True,True,True,False
51968e57f494eb35ed70,multiplicity,multiplicity,19,3788843768,16,5000,0.0,0.05,rbf,median,anytime,bonferroni,3,10,False,UNRESOLVED,5000,True,False,False,0.0003464160254225135,0.0,0.18209213411654696,True,True,True,False
49a991e957fa598fbfcc,multiplicity,multiplicity,20,1864448962,16,5000,0.0,0.05,rbf,median,anytime,bonferroni,3,10,False,UNRESOLVED,5000,True,False,False,0.0003444169997237623,0.0,0.18209213411654696,True,True,True,False
77dd9ecb291a88bb8a4d,multiplicity,multiplicity,21,1542045906,16,5000,0.0,0.05,rbf,median,anytime,bonferroni,3,10,False,UNRESOLVED,5000,True,False,False,0.0003465829649940133,0.0,0.18209213411654696,True,True,True,False
e48b37e38aab514b8d38,multiplicity,multiplicity,22,3866962616,16,5000,0.0,0.05,rbf,median,anytime,bonferroni,3,10,False,UNRESOLVED,5000,True,False,False,0.0003470000228844583,0.0,0.18209213411654696,True,True,True,False
31469db94a57b5b0a362,multiplicity,multiplicity,23,1547611171,16,5000,0.0,0.05,rbf,median,anytime,bonferroni,3,10,False,UNRESOLVED,5000,True,False,False,0.000343833991792053,0.0,0.18209213411654696,True,True,True,False
43c45fb36e4c46dc919b,multiplicity,multiplicity,24,3449621921,16,5000,0.0,0.05,rbf,median,anytime,bonferroni,3,10,False,UNRESOLVED,5000,True,False,False,0.00034491700353100896,0.0,0.18209213411654696,True,True,True,False
d0a7e427784625c4e4cc,multiplicity,multiplicity,25,1993969427,16,5000,0.0,0.05,rbf,median,anytime,bonferroni,3,10,False,UNRESOLVED,5000,True,False,False,0.0003452079836279154,0.0,0.18209213411654696,True,True,True,False
9a9ffd4772c76a26c4a0,multiplicity,multiplicity,26,52082664,16,5000,0.0,0.05,rbf,median,anytime,bonferroni,3,10,False,UNRESOLVED,5000,True,False,False,0.00034737499663606286,0.0,0.18209213411654696,True,True,True,False
9d138fb0cfdd1c246e2d,multiplicity,multiplicity,27,3410034663,16,5000,0.0,0.05,rbf,median,anytime,bonferroni,3,10,False,UNRESOLVED,5000,True,False,False,0.00034845800837501884,0.0,0.18209213411654696,True,True,True,False
def66ba7e4f36a661f19,multiplicity,multiplicity,28,1368669632,16,5000,0.0,0.05,rbf,median,anytime,bonferroni,3,10,False,UNRESOLVED,5000,True,False,False,0.0005484159919433296,0.0,0.18209213411654696,True,True,True,False
ad8adb3dfe106ae0ed80,multiplicity,multiplicity,29,1058585685,16,5000,0.0,0.05,rbf,median,anytime,bonferroni,3,10,False,UNRESOLVED,5000,True,False,False,0.0005315000307746232,0.0,0.18209213411654696,True,True,True,False
6402242b71a8fb8573f6,multiplicity,multiplicity,30,2161918079,16,5000,0.0,0.05,rbf,median,anytime,bonferroni,3,10,False,UNRESOLVED,5000,True,False,False,0.0004843749920837581,0.0,0.18209213411654696,True,True,True,False
ce1ec037762140da02e1,multiplicity,multiplicity,31,4020060620,16,5000,0.0,0.05,rbf,median,anytime,bonferroni,3,10,False,UNRESOLVED,5000,True,False,False,0.0005064159631729126,0.0,0.18209213411654696,True,True,True,False
607fd812c13dece201ae,multiplicity,multiplicity,32,3754790687,16,5000,0.0,0.05,rbf,median,anytime,bonferroni,3,10,False,UNRESOLVED,5000,True,False,False,0.000508541997987777,0.0,0.18209213411654696,True,True,True,False
e681babfc6f30c189d54,multiplicity,multiplicity,33,2932233930,16,5000,0.0,0.05,rbf,median,anytime,bonferroni,3,10,False,UNRESOLVED,5000,True,False,False,0.0004873750149272382,0.0,0.18209213411654696,True,True,True,False
c8fd96941aacaa1c893a,multiplicity,multiplicity,34,827899000,16,5000,0.0,0.05,rbf,median,anytime,bonferroni,3,10,False,UNRESOLVED,5000,True,False,False,0.0003690409939736128,0.0,0.18209213411654696,True,True,True,False
56e373d8edf568e443af,multiplicity,multiplicity,35,3550742503,16,5000,0.0,0.05,rbf,median,anytime,bonferroni,3,10,False,UNRESOLVED,5000,True,False,False,0.00035275000846013427,0.0,0.18209213411654696,True,True,True,False
37ec1935bdac2d408fcd,multiplicity,multiplicity,36,2600295497,16,5000,0.0,0.05,rbf,median,anytime,bonferroni,3,10,False,UNRESOLVED,5000,True,False,False,0.0003493339754641056,0.0,0.18209213411654696,True,True,True,False
522145343a5d8f849010,multiplicity,multiplicity,37,2543701897,16,5000,0.0,0.05,rbf,median,anytime,bonferroni,3,10,False,UNRESOLVED,5000,True,False,False,0.0003477080026641488,0.0,0.18209213411654696,True,True,True,False
7f4bda914575b566df5f,multiplicity,multiplicity,38,3390108480,16,5000,0.0,0.05,rbf,median,anytime,bonferroni,3,10,False,UNRESOLVED,5000,True,False,False,0.0003498750156722963,0.0,0.18209213411654696,True,True,True,False
1fca86a1ab4b125e02ec,multiplicity,multiplicity,39,3453877834,16,5000,0.0,0.05,rbf,median,anytime,bonferroni,3,10,False,UNRESOLVED,5000,True,False,False,0.00034841697197407484,0.0,0.18209213411654696,True,True,True,False
5e7d4c7cf67843dbcee9,multiplicity,multiplicity,40,932499330,16,5000,0.0,0.05,rbf,median,anytime,bonferroni,3,10,False,UNRESOLVED,5000,True,False,False,0.00034783396404236555,0.0,0.18209213411654696,True,True,True,False
bfab8434c144afa3ffe1,multiplicity,multiplicity,41,4232846833,16,5000,0.0,0.05,rbf,median,anytime,bonferroni,3,10,False,UNRESOLVED,5000,True,False,False,0.0003469579969532788,0.0,0.18209213411654696,True,True,True,False
8f97e1b12f061ce2b165,multiplicity,multiplicity,42,1837732825,16,5000,0.0,0.05,rbf,median,anytime,bonferroni,3,10,False,UNRESOLVED,5000,True,False,False,0.00034849997609853745,0.0,0.18209213411654696,True,True,True,False
5706c431233becbd7364,multiplicity,multiplicity,43,1554985403,16,5000,0.0,0.05,rbf,median,anytime,bonferroni,3,10,False,UNRESOLVED,5000,True,False,False,0.0003482920001260936,0.0,0.18209213411654696,True,True,True,False
860ef66501c35f7aa6f0,multiplicity,multiplicity,44,3011506797,16,5000,0.0,0.05,rbf,median,anytime,bonferroni,3,10,False,UNRESOLVED,5000,True,False,False,0.00034679099917411804,0.0,0.18209213411654696,True,True,True,False
03d09b107d0441849f29,multiplicity,multiplicity,45,1138275536,16,5000,0.0,0.05,rbf,median,anytime,bonferroni,3,10,False,UNRESOLVED,5000,True,False,False,0.0003476249985396862,0.0,0.18209213411654696,True,True,True,False
61c1e950cb7723ec8cfd,multiplicity,multiplicity,46,2960529826,16,5000,0.0,0.05,rbf,median,anytime,bonferroni,3,10,False,UNRESOLVED,5000,True,False,False,0.00035420898348093033,0.0,0.18209213411654696,True,True,True,False
e038b871cff86ede1185,multiplicity,multiplicity,47,3559428930,16,5000,0.0,0.05,rbf,median,anytime,bonferroni,3,10,False,UNRESOLVED,5000,True,False,False,0.00040437496500089765,0.0,0.18209213411654696,True,True,True,False
7ebc5d4a514d61ba96c9,multiplicity,multiplicity,48,2753296526,16,5000,0.0,0.05,rbf,median,anytime,bonferroni,3,10,False,UNRESOLVED,5000,True,False,False,0.0004020839696750045,0.0,0.18209213411654696,True,True,True,False
e7ba37006d5c92a4aa88,multiplicity,multiplicity,49,3924720497,16,5000,0.0,0.05,rbf,median,anytime,bonferroni,3,10,False,UNRESOLVED,5000,True,False,False,0.0004022920038551092,0.0,0.18209213411654696,True,True,True,False
e1308dc9b9b5f158627f,multiplicity,multiplicity,50,2903913298,16,5000,0.0,0.05,rbf,median,anytime,bonferroni,3,10,False,UNRESOLVED,5000,True,False,False,0.0004012080025859177,0.0,0.18209213411654696,True,True,True,False
63aef1afeff0e1237177,multiplicity,multiplicity,51,2441662969,16,5000,0.0,0.05,rbf,median,anytime,bonferroni,3,10,False,UNRESOLVED,5000,True,False,False,0.0004047909751534462,0.0,0.18209213411654696,True,True,True,False
1e634ff0dfb00e0f7eb1,multiplicity,multiplicity,52,1138031393,16,5000,0.0,0.05,rbf,median,anytime,bonferroni,3,10,False,UNRESOLVED,5000,True,False,False,0.000401749974116683,0.0,0.18209213411654696,True,True,True,False
0dc7d55eb395ef44a3a7,multiplicity,multiplicity,53,1116486603,16,5000,0.0,0.05,rbf,median,anytime,bonferroni,3,10,False,UNRESOLVED,5000,True,False,False,0.0004021250060759485,0.0,0.18209213411654696,True,True,True,False
2c86240d2eaae04b2750,multiplicity,multiplicity,54,2311632485,16,5000,0.0,0.05,rbf,median,anytime,bonferroni,3,10,False,UNRESOLVED,5000,True,False,False,0.0004035409656353295,0.0,0.18209213411654696,True,True,True,False
6ece2a5207442a98674e,multiplicity,multiplicity,55,2001660742,16,5000,0.0,0.05,rbf,median,anytime,bonferroni,3,10,False,UNRESOLVED,5000,True,False,False,0.00040233402978628874,0.0,0.18209213411654696,True,True,True,False
8888e489e3ebe6155f79,multiplicity,multiplicity,56,583578473,16,5000,0.0,0.05,rbf,median,anytime,bonferroni,3,10,False,UNRESOLVED,5000,True,False,False,0.00040187500417232513,0.0,0.18209213411654696,True,True,True,False
769e0ad28f1b73e1fc24,multiplicity,multiplicity,57,3055383983,16,5000,0.0,0.05,rbf,median,anytime,bonferroni,3,10,False,UNRESOLVED,5000,True,False,False,0.00040249997982755303,0.0,0.18209213411654696,True,True,True,False
40f96a17e3859bf193e7,multiplicity,multiplicity,58,1802093506,16,5000,0.0,0.05,rbf,median,anytime,bonferroni,3,10,False,UNRESOLVED,5000,True,False,False,0.00040266598807647824,0.0,0.18209213411654696,True,True,True,False
eaa4491c48712204b8d3,multiplicity,multiplicity,59,2432172062,16,5000,0.0,0.05,rbf,median,anytime,bonferroni,3,10,False,UNRESOLVED,5000,True,False,False,0.0004015000304207206,0.0,0.18209213411654696,True,True,True,False
6c3ac5da2b48fd17c61a,multiplicity,multiplicity,60,2880334312,16,5000,0.0,0.05,rbf,median,anytime,bonferroni,3,10,False,UNRESOLVED,5000,True,False,False,0.000402791949454695,0.0,0.18209213411654696,True,True,True,False
60122fb50cec521159ae,multiplicity,multiplicity,61,1343910725,16,5000,0.0,0.05,rbf,median,anytime,bonferroni,3,10,False,UNRESOLVED,5000,True,False,False,0.0004015000304207206,0.0,0.18209213411654696,True,True,True,False
576aadaf143d87c2ccb6,multiplicity,multiplicity,62,559243938,16,5000,0.0,0.05,rbf,median,anytime,bonferroni,3,10,False,UNRESOLVED,5000,True,False,False,0.0004002920468337834,0.0,0.18209213411654696,True,True,True,False
dab371dbf62ae6eda461,multiplicity,multiplicity,63,4060980381,16,5000,0.0,0.05,rbf,median,anytime,bonferroni,3,10,False,UNRESOLVED,5000,True,False,False,0.0004011249984614551,0.0,0.18209213411654696,True,True,True,False
fd5cb525229a0ee1a47f,multiplicity,multiplicity,64,4216919191,16,5000,0.0,0.05,rbf,median,anytime,bonferroni,3,10,False,UNRESOLVED,5000,True,False,False,0.00040354201337322593,0.0,0.18209213411654696,True,True,True,False
edddbc529db8be9bfdce,multiplicity,multiplicity,65,3407706633,16,5000,0.0,0.05,rbf,median,anytime,bonferroni,3,10,False,UNRESOLVED,5000,True,False,False,0.0004010419943369925,0.0,0.18209213411654696,True,True,True,False
bef4ad4123d7ca31c6c0,multiplicity,multiplicity,66,852950687,16,5000,0.0,0.05,rbf,median,anytime,bonferroni,3,10,False,UNRESOLVED,5000,True,False,False,0.0004012499703094363,0.0,0.18209213411654696,True,True,True,False
a8d5106ad85df33d1945,multiplicity,multiplicity,67,3778298518,16,5000,0.0,0.05,rbf,median,anytime,bonferroni,3,10,False,UNRESOLVED,5000,True,False,False,0.00040033296681940556,0.0,0.18209213411654696,True,True,True,False
4be16f116dee5e0e3d82,multiplicity,multiplicity,68,1716540226,16,5000,0.0,0.05,rbf,median,anytime,bonferroni,3,10,False,UNRESOLVED,5000,True,False,False,0.0004005000228062272,0.0,0.18209213411654696,True,True,True,False
f2cff083563a271555f8,multiplicity,multiplicity,69,1061555232,16,5000,0.0,0.05,rbf,median,anytime,bonferroni,3,10,False,UNRESOLVED,5000,True,False,False,0.00040241703391075134,0.0,0.18209213411654696,True,True,True,False
7a00ab45ede25efad1fc,multiplicity,multiplicity,70,685780559,16,5000,0.0,0.05,rbf,median,anytime,bonferroni,3,10,False,UNRESOLVED,5000,True,False,False,0.00039962504524737597,0.0,0.18209213411654696,True,True,True,False
e283ee4c033bd26c2fa4,multiplicity,multiplicity,71,1850142972,16,5000,0.0,0.05,rbf,median,anytime,bonferroni,3,10,False,UNRESOLVED,5000,True,False,False,0.00040233402978628874,0.0,0.18209213411654696,True,True,True,False
9fe36a36dd86b8026e5c,multiplicity,multiplicity,72,1006275358,16,5000,0.0,0.05,rbf,median,anytime,bonferroni,3,10,False,UNRESOLVED,5000,True,False,False,0.0004010830307379365,0.0,0.18209213411654696,True,True,True,False
bb34a48a90c80b846980,multiplicity,multiplicity,73,4063457554,16,5000,0.0,0.05,rbf,median,anytime,bonferroni,3,10,False,UNRESOLVED,5000,True,False,False,0.00040137500036507845,0.0,0.18209213411654696,True,True,True,False
759fce500dd66d1f7b8d,multiplicity,multiplicity,74,1389903619,16,5000,0.0,0.05,rbf,median,anytime,bonferroni,3,10,False,UNRESOLVED,5000,True,False,False,0.0004010419943369925,0.0,0.18209213411654696,True,True,True,False
90ae246dd43b1681ec0f,multiplicity,multiplicity,75,3198003678,16,5000,0.0,0.05,rbf,median,anytime,bonferroni,3,10,False,UNRESOLVED,5000,True,False,False,0.000667833024635911,0.0,0.18209213411654696,True,True,True,False
074ba392e2aaf3dfa2f0,multiplicity,multiplicity,76,3229877569,16,5000,0.0,0.05,rbf,median,anytime,bonferroni,3,10,False,UNRESOLVED,5000,True,False,False,0.0005196249694563448,0.0,0.18209213411654696,True,True,True,False
d3bf917f6084b3c9d0cb,multiplicity,multiplicity,77,1916790688,16,5000,0.0,0.05,rbf,median,anytime,bonferroni,3,10,False,UNRESOLVED,5000,True,False,False,0.0004879999905824661,0.0,0.18209213411654696,True,True,True,False
10d17b2c357f4e4810cc,multiplicity,multiplicity,78,982288274,16,5000,0.0,0.05,rbf,median,anytime,bonferroni,3,10,False,UNRESOLVED,5000,True,False,False,0.000489792029839009,0.0,0.18209213411654696,True,True,True,False
bcad26644fb15de92ea0,multiplicity,multiplicity,79,1940424036,16,5000,0.0,0.05,rbf,median,anytime,bonferroni,3,10,False,UNRESOLVED,5000,True,False,False,0.0004972919705323875,0.0,0.18209213411654696,True,True,True,False
bfddd64b809fa781c021,multiplicity,multiplicity,80,1844465133,16,5000,0.0,0.05,rbf,median,anytime,bonferroni,3,10,False,UNRESOLVED,5000,True,False,False,0.0004891669959761202,0.0,0.18209213411654696,True,True,True,False
89d13f6cba9c52b4c7b2,multiplicity,multiplicity,81,4143024178,16,5000,0.0,0.05,rbf,median,anytime,bonferroni,3,10,False,UNRESOLVED,5000,True,False,False,0.00047858298057690263,0.0,0.18209213411654696,True,True,True,False
074a5dadf795d93415b8,multiplicity,multiplicity,82,2875421979,16,5000,0.0,0.05,rbf,median,anytime,bonferroni,3,10,False,UNRESOLVED,5000,True,False,False,0.000476707995403558,0.0,0.18209213411654696,True,True,True,False
93dc1dc8fa9939a60451,multiplicity,multiplicity,83,3018235490,16,5000,0.0,0.05,rbf,median,anytime,bonferroni,3,10,False,UNRESOLVED,5000,True,False,False,0.00048316695028916,0.0,0.18209213411654696,True,True,True,False
bd06527268011babd369,multiplicity,multiplicity,84,48245330,16,5000,0.0,0.05,rbf,median,anytime,bonferroni,3,10,False,UNRESOLVED,5000,True,False,False,0.00048116600373759866,0.0,0.18209213411654696,True,True,True,False
88eec209c5b604be6e50,multiplicity,multiplicity,85,802061733,16,5000,0.0,0.05,rbf,median,anytime,bonferroni,3,10,False,UNRESOLVED,5000,True,False,False,0.0004759170114994049,0.0,0.18209213411654696,True,True,True,False
8e3d94c4488a903f3324,multiplicity,multiplicity,86,565148982,16,5000,0.0,0.05,rbf,median,anytime,bonferroni,3,10,False,UNRESOLVED,5000,True,False,False,0.00047604204155504704,0.0,0.18209213411654696,True,True,True,False
7b1c9d42b97f0ca180d1,multiplicity,multiplicity,87,1160411001,16,5000,0.0,0.05,rbf,median,anytime,bonferroni,3,10,False,UNRESOLVED,5000,True,False,False,0.0004820000031031668,0.0,0.18209213411654696,True,True,True,False
3d02ac694ecf9156307c,multiplicity,multiplicity,88,4060743435,16,5000,0.0,0.05,rbf,median,anytime,bonferroni,3,10,False,UNRESOLVED,5000,True,False,False,0.0004889160045422614,0.0,0.18209213411654696,True,True,True,False
5ad6f10273e3d2fde6c2,multiplicity,multiplicity,89,880352586,16,5000,0.0,0.05,rbf,median,anytime,bonferroni,3,10,False,UNRESOLVED,5000,True,False,False,0.0004562090034596622,0.0,0.18209213411654696,True,True,True,False
41d6089fd6582935fde2,multiplicity,multiplicity,90,4231233100,16,5000,0.0,0.05,rbf,median,anytime,bonferroni,3,10,False,UNRESOLVED,5000,True,False,False,0.00041137501830235124,0.0,0.18209213411654696,True,True,True,False
e78b7851c298bbf49aff,multiplicity,multiplicity,91,2623357891,16,5000,0.0,0.05,rbf,median,anytime,bonferroni,3,10,False,UNRESOLVED,5000,True,False,False,0.000407207990065217,0.0,0.18209213411654696,True,True,True,False
979ac73b6e814d0847e5,multiplicity,multiplicity,92,4163365914,16,5000,0.0,0.05,rbf,median,anytime,bonferroni,3,10,False,UNRESOLVED,5000,True,False,False,0.00040495797293260694,0.0,0.18209213411654696,True,True,True,False
2bbf9a4517b46c36ca80,multiplicity,multiplicity,93,599760628,16,5000,0.0,0.05,rbf,median,anytime,bonferroni,3,10,False,UNRESOLVED,5000,True,False,False,0.0004141249810345471,0.0,0.18209213411654696,True,True,True,False
33a8a0ab8b25db56d85a,multiplicity,multiplicity,94,260181975,16,5000,0.0,0.05,rbf,median,anytime,bonferroni,3,10,False,UNRESOLVED,5000,True,False,False,0.00040362501749768853,0.0,0.18209213411654696,True,True,True,False
69d5323c7674dd783206,multiplicity,multiplicity,95,185920244,16,5000,0.0,0.05,rbf,median,anytime,bonferroni,3,10,False,UNRESOLVED,5000,True,False,False,0.00040670798625797033,0.0,0.18209213411654696,True,True,True,False
4b2d99e3238e6c3bf27c,multiplicity,multiplicity,96,3891253506,16,5000,0.0,0.05,rbf,median,anytime,bonferroni,3,10,False,UNRESOLVED,5000,True,False,False,0.00040116702439263463,0.0,0.18209213411654696,True,True,True,False
34282be6866132320857,multiplicity,multiplicity,97,221741451,16,5000,0.0,0.05,rbf,median,anytime,bonferroni,3,10,False,UNRESOLVED,5000,True,False,False,0.000401749974116683,0.0,0.18209213411654696,True,True,True,False
20598afa90803446093f,multiplicity,multiplicity,98,2373916261,16,5000,0.0,0.05,rbf,median,anytime,bonferroni,3,10,False,UNRESOLVED,5000,True,False,False,0.00040008395444601774,0.0,0.18209213411654696,True,True,True,False
5b38e27b12d1a06b8b84,multiplicity,multiplicity,99,3715730982,16,5000,0.0,0.05,rbf,median,anytime,bonferroni,3,10,False,UNRESOLVED,5000,True,False,False,0.0004015000304207206,0.0,0.18209213411654696,True,True,True,False
b7f9ef73073f0b26de38,multiplicity,multiplicity,100,3858824300,16,5000,0.0,0.05,rbf,median,anytime,bonferroni,3,10,False,UNRESOLVED,5000,True,False,False,0.0004017080063931644,0.0,0.18209213411654696,True,True,True,False
1f03e6ccd729c6505580,multiplicity,multiplicity,101,1491355189,16,5000,0.0,0.05,rbf,median,anytime,bonferroni,3,10,False,UNRESOLVED,5000,True,False,False,0.0004024159861728549,0.0,0.18209213411654696,True,True,True,False
77aff2b3efe01db9d885,multiplicity,multiplicity,102,2791569184,16,5000,0.0,0.05,rbf,median,anytime,bonferroni,3,10,False,UNRESOLVED,5000,True,False,False,0.00039970799116417766,0.0,0.18209213411654696,True,True,True,False
1784014020c9561ae679,multiplicity,multiplicity,103,2343228524,16,5000,0.0,0.05,rbf,median,anytime,bonferroni,3,10,False,UNRESOLVED,5000,True,False,False,0.0004016250022687018,0.0,0.18209213411654696,True,True,True,False
39c2e0b7735e120bbc98,multiplicity,multiplicity,104,1160967480,16,5000,0.0,0.05,rbf,median,anytime,bonferroni,3,10,False,UNRESOLVED,5000,True,False,False,0.0004017079481855035,0.0,0.18209213411654696,True,True,True,False
0732572e68809fa4fd94,multiplicity,multiplicity,105,499697924,16,5000,0.0,0.05,rbf,median,anytime,bonferroni,3,10,False,UNRESOLVED,5000,True,False,False,0.00040279101813212037,0.0,0.18209213411654696,True,True,True,False
48be46a463657d3706b7,multiplicity,multiplicity,106,158441069,16,5000,0.0,0.05,rbf,median,anytime,bonferroni,3,10,False,UNRESOLVED,5000,True,False,False,0.00040183396777138114,0.0,0.18209213411654696,True,True,True,False
a8a90388bc69613ad800,multiplicity,multiplicity,107,339072066,16,5000,0.0,0.05,rbf,median,anytime,bonferroni,3,10,False,UNRESOLVED,5000,True,False,False,0.00040258397348225117,0.0,0.18209213411654696,True,True,True,False
5ced4e6d654b7e7d26a2,multiplicity,multiplicity,108,3733012630,16,5000,0.0,0.05,rbf,median,anytime,bonferroni,3,10,False,UNRESOLVED,5000,True,False,False,0.0004009170224890113,0.0,0.18209213411654696,True,True,True,False
b26ba459c7c2810b5ee8,multiplicity,multiplicity,109,2406581152,16,5000,0.0,0.05,rbf,median,anytime,bonferroni,3,10,False,UNRESOLVED,5000,True,False,False,0.00040095800068229437,0.0,0.18209213411654696,True,True,True,False
a31b52594b5cd36ee48c,multiplicity,multiplicity,110,3920997890,16,5000,0.0,0.05,rbf,median,anytime,bonferroni,3,10,False,UNRESOLVED,5000,True,False,False,0.0004009589902125299,0.0,0.18209213411654696,True,True,True,False
c3c4e1650b5d6fa433b7,multiplicity,multiplicity,111,1547648682,16,5000,0.0,0.05,rbf,median,anytime,bonferroni,3,10,False,UNRESOLVED,5000,True,False,False,0.00039899995317682624,0.0,0.18209213411654696,True,True,True,False
d400652218444ba95d59,multiplicity,multiplicity,112,1023986373,16,5000,0.0,0.05,rbf,median,anytime,bonferroni,3,10,False,UNRESOLVED,5000,True,False,False,0.0004004589864052832,0.0,0.18209213411654696,True,True,True,False
359786bd7e1bb0f3f2cd,multiplicity,multiplicity,113,3899333467,16,5000,0.0,0.05,rbf,median,anytime,bonferroni,3,10,False,UNRESOLVED,5000,True,False,False,0.0004002919886261225,0.0,0.18209213411654696,True,True,True,False
e30bb8c620f1e5882338,multiplicity,multiplicity,114,114508444,16,5000,0.0,0.05,rbf,median,anytime,bonferroni,3,10,False,UNRESOLVED,5000,True,False,False,0.0004004579968750477,0.0,0.18209213411654696,True,True,True,False
e71fb767708424a6ac6d,multiplicity,multiplicity,115,1313016314,16,5000,0.0,0.05,rbf,median,anytime,bonferroni,3,10,False,UNRESOLVED,5000,True,False,False,0.00039979099528864026,0.0,0.18209213411654696,True,True,True,False
68c7059b119104c8f28f,multiplicity,multiplicity,116,1342733853,16,5000,0.0,0.05,rbf,median,anytime,bonferroni,3,10,False,UNRESOLVED,5000,True,False,False,0.00040616700425744057,0.0,0.18209213411654696,True,True,True,False
f3c6e6f8fb42172be991,multiplicity,multiplicity,117,3993154540,16,5000,0.0,0.05,rbf,median,anytime,bonferroni,3,10,False,UNRESOLVED,5000,True,False,False,0.0004038339830003679,0.0,0.18209213411654696,True,True,True,False
b3ca8a74e6f53ebe694b,multiplicity,multiplicity,118,587265990,16,5000,0.0,0.05,rbf,median,anytime,bonferroni,3,10,False,UNRESOLVED,5000,True,False,False,0.0004052079748362303,0.0,0.18209213411654696,True,True,True,False
a9ce27d3806c4c5eaafa,multiplicity,multiplicity,119,1909619737,16,5000,0.0,0.05,rbf,median,anytime,bonferroni,3,10,False,UNRESOLVED,5000,True,False,False,0.00040258298395201564,0.0,0.18209213411654696,True,True,True,False
7bfa288dd301eb6c2f49,multiplicity,multiplicity,120,3282825428,16,5000,0.0,0.05,rbf,median,anytime,bonferroni,3,10,False,UNRESOLVED,5000,True,False,False,0.00040025002090260386,0.0,0.18209213411654696,True,True,True,False
77480693cc5fea8b3cba,multiplicity,multiplicity,121,1848893360,16,5000,0.0,0.05,rbf,median,anytime,bonferroni,3,10,False,UNRESOLVED,5000,True,False,False,0.0004022499779239297,0.0,0.18209213411654696,True,True,True,False
9a53013781d4320fa249,multiplicity,multiplicity,122,861282171,16,5000,0.0,0.05,rbf,median,anytime,bonferroni,3,10,False,UNRESOLVED,5000,True,False,False,0.0004024580121040344,0.0,0.18209213411654696,True,True,True,False
88a212f2a5ab11cffb85,multiplicity,multiplicity,123,2872082768,16,5000,0.0,0.05,rbf,median,anytime,bonferroni,3,10,False,UNRESOLVED,5000,True,False,False,0.00039958296110853553,0.0,0.18209213411654696,True,True,True,False
b488cfb78312ae04d407,multiplicity,multiplicity,124,3697801381,16,5000,0.0,0.05,rbf,median,anytime,bonferroni,3,10,False,UNRESOLVED,5000,True,False,False,0.0004034169833175838,0.0,0.18209213411654696,True,True,True,False
b221e5d486faea8d3cf0,multiplicity,multiplicity,125,3442980360,16,5000,0.0,0.05,rbf,median,anytime,bonferroni,3,10,False,UNRESOLVED,5000,True,False,False,0.00039941701106727123,0.0,0.18209213411654696,True,True,True,False
6cc818bc18231a014fe8,multiplicity,multiplicity,126,4028101887,16,5000,0.0,0.05,rbf,median,anytime,bonferroni,3,10,False,UNRESOLVED,5000,True,False,False,0.0005332920118235052,0.0,0.18209213411654696,True,True,True,False
20982786f7ce46e59bbd,multiplicity,multiplicity,127,2653861001,16,5000,0.0,0.05,rbf,median,anytime,bonferroni,3,10,False,UNRESOLVED,5000,True,False,False,0.0005867500440217555,0.0,0.18209213411654696,True,True,True,False
842d577a0398046a68ea,multiplicity,multiplicity,128,99896254,16,5000,0.0,0.05,rbf,median,anytime,bonferroni,3,10,False,UNRESOLVED,5000,True,False,False,0.0004927919944748282,0.0,0.18209213411654696,True,True,True,False
e6e29e4aeadd5c55d946,multiplicity,multiplicity,129,2334501323,16,5000,0.0,0.05,rbf,median,anytime,bonferroni,3,10,False,UNRESOLVED,5000,True,False,False,0.00048379204235970974,0.0,0.18209213411654696,True,True,True,False
39899f133227df6c166c,multiplicity,multiplicity,130,3450211901,16,5000,0.0,0.05,rbf,median,anytime,bonferroni,3,10,False,UNRESOLVED,5000,True,False,False,0.0004837089800275862,0.0,0.18209213411654696,True,True,True,False
092740801c65e7924458,multiplicity,multiplicity,131,1711367625,16,5000,0.0,0.05,rbf,median,anytime,bonferroni,3,10,False,UNRESOLVED,5000,True,False,False,0.00048404198605567217,0.0,0.18209213411654696,True,True,True,False
2018da588cfbc2b02701,multiplicity,multiplicity,132,1884578958,16,5000,0.0,0.05,rbf,median,anytime,bonferroni,3,10,False,UNRESOLVED,5000,True,False,False,0.0004923340165987611,0.0,0.18209213411654696,True,True,True,False
41d452687448de8df51c,multiplicity,multiplicity,133,438502843,16,5000,0.0,0.05,rbf,median,anytime,bonferroni,3,10,False,UNRESOLVED,5000,True,False,False,0.00047566700959578156,0.0,0.18209213411654696,True,True,True,False
6ff13563cc98df773be5,multiplicity,multiplicity,134,2085330860,16,5000,0.0,0.05,rbf,median,anytime,bonferroni,3,10,False,UNRESOLVED,5000,True,False,False,0.0004747089697048068,0.0,0.18209213411654696,True,True,True,False
f1c12733e0d005ef6782,multiplicity,multiplicity,135,3230746484,16,5000,0.0,0.05,rbf,median,anytime,bonferroni,3,10,False,UNRESOLVED,5000,True,False,False,0.0004812090191990137,0.0,0.18209213411654696,True,True,True,False
057a8f0b50b5a4f0123e,multiplicity,multiplicity,136,1838099176,16,5000,0.0,0.05,rbf,median,anytime,bonferroni,3,10,False,UNRESOLVED,5000,True,False,False,0.0004740840522572398,0.0,0.18209213411654696,True,True,True,False
7f2f7dc238c15be7b226,multiplicity,multiplicity,137,1761538980,16,5000,0.0,0.05,rbf,median,anytime,bonferroni,3,10,False,UNRESOLVED,5000,True,False,False,0.0004741250304505229,0.0,0.18209213411654696,True,True,True,False
91bbdc1a5615c397f2f5,multiplicity,multiplicity,138,3573063733,16,5000,0.0,0.05,rbf,median,anytime,bonferroni,3,10,False,UNRESOLVED,5000,True,False,False,0.0004770000232383609,0.0,0.18209213411654696,True,True,True,False
637e18b126183d84d731,multiplicity,multiplicity,139,1151568537,16,5000,0.0,0.05,rbf,median,anytime,bonferroni,3,10,False,UNRESOLVED,5000,True,False,False,0.0004741669981740415,0.0,0.18209213411654696,True,True,True,False
ba70df549d90619131f9,multiplicity,multiplicity,140,1747030915,16,5000,0.0,0.05,rbf,median,anytime,bonferroni,3,10,False,UNRESOLVED,5000,True,False,False,0.0004902920336462557,0.0,0.18209213411654696,True,True,True,False
a7605ba5fa78013c30c0,multiplicity,multiplicity,141,172147684,16,5000,0.0,0.05,rbf,median,anytime,bonferroni,3,10,False,UNRESOLVED,5000,True,False,False,0.00048049999168142676,0.0,0.18209213411654696,True,True,True,False
96c80dff7261ac042ee9,multiplicity,multiplicity,142,1443718456,16,5000,0.0,0.05,rbf,median,anytime,bonferroni,3,10,False,UNRESOLVED,5000,True,False,False,0.000483207986690104,0.0,0.18209213411654696,True,True,True,False
985dd451b03a5d5cc9f2,multiplicity,multiplicity,143,3362844044,16,5000,0.0,0.05,rbf,median,anytime,bonferroni,3,10,False,UNRESOLVED,5000,True,False,False,0.0004908749833703041,0.0,0.18209213411654696,True,True,True,False
8260b45c2e61b5086dc3,multiplicity,multiplicity,144,1012396347,16,5000,0.0,0.05,rbf,median,anytime,bonferroni,3,10,False,UNRESOLVED,5000,True,False,False,0.0005012080073356628,0.0,0.18209213411654696,True,True,True,False
b0bff5bb83a4b1592880,multiplicity,multiplicity,145,141154780,16,5000,0.0,0.05,rbf,median,anytime,bonferroni,3,10,False,UNRESOLVED,5000,True,False,False,0.0005284160142764449,0.0,0.18209213411654696,True,True,True,False
af687cdb6f8af8c460e3,multiplicity,multiplicity,146,2857163719,16,5000,0.0,0.05,rbf,median,anytime,bonferroni,3,10,False,UNRESOLVED,5000,True,False,False,0.0003868750063702464,0.0,0.18209213411654696,True,True,True,False
271c7ce74a564ed13fc2,multiplicity,multiplicity,147,1967984781,16,5000,0.0,0.05,rbf,median,anytime,bonferroni,3,10,False,UNRESOLVED,5000,True,False,False,0.0003690409939736128,0.0,0.18209213411654696,True,True,True,False
63c23d5a351526977f1b,multiplicity,multiplicity,148,3577689588,16,5000,0.0,0.05,rbf,median,anytime,bonferroni,3,10,False,UNRESOLVED,5000,True,False,False,0.00035862502409145236,0.0,0.18209213411654696,True,True,True,False
65031337abdd54f2048d,multiplicity,multiplicity,149,2699320881,16,5000,0.0,0.05,rbf,median,anytime,bonferroni,3,10,False,UNRESOLVED,5000,True,False,False,0.0003530000103637576,0.0,0.18209213411654696,True,True,True,False
2bce6511ecefc2621c4f,multiplicity,multiplicity,150,324068681,16,5000,0.0,0.05,rbf,median,anytime,bonferroni,3,10,False,UNRESOLVED,5000,True,False,False,0.0003525000065565109,0.0,0.18209213411654696,True,True,True,False
c6599b2a095bba981207,multiplicity,multiplicity,151,142367846,16,5000,0.0,0.05,rbf,median,anytime,bonferroni,3,10,False,UNRESOLVED,5000,True,False,False,0.00035262503661215305,0.0,0.18209213411654696,True,True,True,False
1f8956bbb375b06bf51c,multiplicity,multiplicity,152,3094314172,16,5000,0.0,0.05,rbf,median,anytime,bonferroni,3,10,False,UNRESOLVED,5000,True,False,False,0.0003490840317681432,0.0,0.18209213411654696,True,True,True,False
7e317c9dbda276eeaeaf,multiplicity,multiplicity,153,3585023219,16,5000,0.0,0.05,rbf,median,anytime,bonferroni,3,10,False,UNRESOLVED,5000,True,False,False,0.00034729199251160026,0.0,0.18209213411654696,True,True,True,False
b4e5fe2011e7c02f4033,multiplicity,multiplicity,154,1661365858,16,5000,0.0,0.05,rbf,median,anytime,bonferroni,3,10,False,UNRESOLVED,5000,True,False,False,0.0003462919848971069,0.0,0.18209213411654696,True,True,True,False
41fdce81c759d87803e8,multiplicity,multiplicity,155,142463817,16,5000,0.0,0.05,rbf,median,anytime,bonferroni,3,10,False,UNRESOLVED,5000,True,False,False,0.000350042013451457,0.0,0.18209213411654696,True,True,True,False
bfa6cef6857071c5cf8f,multiplicity,multiplicity,156,2064255157,16,5000,0.0,0.05,rbf,median,anytime,bonferroni,3,10,False,UNRESOLVED,5000,True,False,False,0.00034725002478808165,0.0,0.18209213411654696,True,True,True,False
3bcfbcb243ad813d0bb6,multiplicity,multiplicity,157,3787649561,16,5000,0.0,0.05,rbf,median,anytime,bonferroni,3,10,False,UNRESOLVED,5000,True,False,False,0.0004015000304207206,0.0,0.18209213411654696,True,True,True,False
68b116b6690f085478a3,multiplicity,multiplicity,158,2341804132,16,5000,0.0,0.05,rbf,median,anytime,bonferroni,3,10,False,UNRESOLVED,5000,True,False,False,0.00040083302883431315,0.0,0.18209213411654696,True,True,True,False
4c5847045dd534a1c45b,multiplicity,multiplicity,159,2624204705,16,5000,0.0,0.05,rbf,median,anytime,bonferroni,3,10,False,UNRESOLVED,5000,True,False,False,0.00040491699473932385,0.0,0.18209213411654696,True,True,True,False
7ce62aeb631125262073,multiplicity,multiplicity,160,2009485556,16,5000,0.0,0.05,rbf,median,anytime,bonferroni,3,10,False,UNRESOLVED,5000,True,False,False,0.0004003749927505851,0.0,0.18209213411654696,True,True,True,False
3c4f86085b18f2bbd21c,multiplicity,multiplicity,161,2531518707,16,5000,0.0,0.05,rbf,median,anytime,bonferroni,3,10,False,UNRESOLVED,5000,True,False,False,0.000401084020268172,0.0,0.18209213411654696,True,True,True,False
33e428e6ab568b67cd12,multiplicity,multiplicity,162,547833529,16,5000,0.0,0.05,rbf,median,anytime,bonferroni,3,10,False,UNRESOLVED,5000,True,False,False,0.0004024159861728549,0.0,0.18209213411654696,True,True,True,False
f804ac38ff85488570db,multiplicity,multiplicity,163,4063664657,16,5000,0.0,0.05,rbf,median,anytime,bonferroni,3,10,False,UNRESOLVED,5000,True,False,False,0.00040604203240945935,0.0,0.18209213411654696,True,True,True,False
4610249eac3e2b0d3baf,multiplicity,multiplicity,164,3720472291,16,5000,0.0,0.05,rbf,median,anytime,bonferroni,3,10,False,UNRESOLVED,5000,True,False,False,0.00040074996650218964,0.0,0.18209213411654696,True,True,True,False
afa1e06b72010a208ad1,multiplicity,multiplicity,165,375628565,16,5000,0.0,0.05,rbf,median,anytime,bonferroni,3,10,False,UNRESOLVED,5000,True,False,False,0.0004029999836347997,0.0,0.18209213411654696,True,True,True,False
6c305148eedddf9f02b5,multiplicity,multiplicity,166,1513782340,16,5000,0.0,0.05,rbf,median,anytime,bonferroni,3,10,False,UNRESOLVED,5000,True,False,False,0.00040199997602030635,0.0,0.18209213411654696,True,True,True,False
26b971293bd5a867ab56,multiplicity,multiplicity,167,905784397,16,5000,0.0,0.05,rbf,median,anytime,bonferroni,3,10,False,UNRESOLVED,5000,True,False,False,0.00040499999886378646,0.0,0.18209213411654696,True,True,True,False
d07f798abce12af3f85a,multiplicity,multiplicity,168,1824081938,16,5000,0.0,0.05,rbf,median,anytime,bonferroni,3,10,False,UNRESOLVED,5000,True,False,False,0.00040020799497142434,0.0,0.18209213411654696,True,True,True,False
ac5eb7dec317331d0c94,multiplicity,multiplicity,169,3465346480,16,5000,0.0,0.05,rbf,median,anytime,bonferroni,3,10,False,UNRESOLVED,5000,True,False,False,0.0004000000189989805,0.0,0.18209213411654696,True,True,True,False
9e81fbb8503745050907,multiplicity,multiplicity,170,3332098583,16,5000,0.0,0.05,rbf,median,anytime,bonferroni,3,10,False,UNRESOLVED,5000,True,False,False,0.0004936669720336795,0.0,0.18209213411654696,True,True,True,False
881eba8f96823ce76040,multiplicity,multiplicity,171,404672242,16,5000,0.0,0.05,rbf,median,anytime,bonferroni,3,10,False,UNRESOLVED,5000,True,False,False,0.0005542919971048832,0.0,0.18209213411654696,True,True,True,False
723bda8a4166d7ec78b9,multiplicity,multiplicity,172,906044782,16,5000,0.0,0.05,rbf,median,anytime,bonferroni,3,10,False,UNRESOLVED,5000,True,False,False,0.0004853749996982515,0.0,0.18209213411654696,True,True,True,False
bcf6f7e41e0fe4c2b329,multiplicity,multiplicity,173,2426840123,16,5000,0.0,0.05,rbf,median,anytime,bonferroni,3,10,False,UNRESOLVED,5000,True,False,False,0.00048212497495114803,0.0,0.18209213411654696,True,True,True,False
a14a40ae8c4c273e63ff,multiplicity,multiplicity,174,4264648937,16,5000,0.0,0.05,rbf,median,anytime,bonferroni,3,10,False,UNRESOLVED,5000,True,False,False,0.0004754170076921582,0.0,0.18209213411654696,True,True,True,False
47cb93e3dee73e4b66df,multiplicity,multiplicity,175,764951180,16,5000,0.0,0.05,rbf,median,anytime,bonferroni,3,10,False,UNRESOLVED,5000,True,False,False,0.00048108299961313605,0.0,0.18209213411654696,True,True,True,False
ea3f439f17b6cafc0fb7,multiplicity,multiplicity,176,4156204991,16,5000,0.0,0.05,rbf,median,anytime,bonferroni,3,10,False,UNRESOLVED,5000,True,False,False,0.00047145900316536427,0.0,0.18209213411654696,True,True,True,False
7a0721be4034a9964097,multiplicity,multiplicity,177,3872876776,16,5000,0.0,0.05,rbf,median,anytime,bonferroni,3,10,False,UNRESOLVED,5000,True,False,False,0.0004837079904973507,0.0,0.18209213411654696,True,True,True,False
acca3ce9dcc94836a11f,multiplicity,multiplicity,178,2695919207,16,5000,0.0,0.05,rbf,median,anytime,bonferroni,3,10,False,UNRESOLVED,5000,True,False,False,0.00048562500160187483,0.0,0.18209213411654696,True,True,True,False
f0728efeb9ec84373c08,multiplicity,multiplicity,179,3782716218,16,5000,0.0,0.05,rbf,median,anytime,bonferroni,3,10,False,UNRESOLVED,5000,True,False,False,0.0004836249863728881,0.0,0.18209213411654696,True,True,True,False
24e84683b53b7a85e677,multiplicity,multiplicity,180,3311582633,16,5000,0.0,0.05,rbf,median,anytime,bonferroni,3,10,False,UNRESOLVED,5000,True,False,False,0.0004914169549010694,0.0,0.18209213411654696,True,True,True,False
582e9c9fb1eb83ce327a,multiplicity,multiplicity,181,900715089,16,5000,0.0,0.05,rbf,median,anytime,bonferroni,3,10,False,UNRESOLVED,5000,True,False,False,0.0005566250183619559,0.0,0.18209213411654696,True,True,True,False
d6bdd38646d47875503f,multiplicity,multiplicity,182,3115266983,16,5000,0.0,0.05,rbf,median,anytime,bonferroni,3,10,False,UNRESOLVED,5000,True,False,False,0.0005461249966174364,0.0,0.18209213411654696,True,True,True,False
0cff4b1d8d8a65215a33,multiplicity,multiplicity,183,2264576851,16,5000,0.0,0.05,rbf,median,anytime,bonferroni,3,10,False,UNRESOLVED,5000,True,False,False,0.0005211249808780849,0.0,0.18209213411654696,True,True,True,False
eb1bf383dae963f70ce9,multiplicity,multiplicity,184,3406010687,16,5000,0.0,0.05,rbf,median,anytime,bonferroni,3,10,False,UNRESOLVED,5000,True,False,False,0.0004924159729853272,0.0,0.18209213411654696,True,True,True,False
c7ded13c64e7fbd249a3,multiplicity,multiplicity,185,621645445,16,5000,0.0,0.05,rbf,median,anytime,bonferroni,3,10,False,UNRESOLVED,5000,True,False,False,0.0004879169864580035,0.0,0.18209213411654696,True,True,True,False
ca80e6b1a02c3bc4cdd2,multiplicity,multiplicity,186,1437846444,16,5000,0.0,0.05,rbf,median,anytime,bonferroni,3,10,False,UNRESOLVED,5000,True,False,False,0.0004801669856533408,0.0,0.18209213411654696,True,True,True,False
f4575d30235bfd2bb51c,multiplicity,multiplicity,187,2569721100,16,5000,0.0,0.05,rbf,median,anytime,bonferroni,3,10,False,UNRESOLVED,5000,True,False,False,0.0004772079992108047,0.0,0.18209213411654696,True,True,True,False
64365a0447a0427ab643,multiplicity,multiplicity,188,2038423940,16,5000,0.0,0.05,rbf,median,anytime,bonferroni,3,10,False,UNRESOLVED,5000,True,False,False,0.00047620799159631133,0.0,0.18209213411654696,True,True,True,False
20b2b07a7336f96d6b2f,multiplicity,multiplicity,189,4256952775,16,5000,0.0,0.05,rbf,median,anytime,bonferroni,3,10,False,UNRESOLVED,5000,True,False,False,0.00047429202822968364,0.0,0.18209213411654696,True,True,True,False
04418e662e3a837df682,multiplicity,multiplicity,190,538851600,16,5000,0.0,0.05,rbf,median,anytime,bonferroni,3,10,False,UNRESOLVED,5000,True,False,False,0.0004270420176908374,0.0,0.18209213411654696,True,True,True,False
0419eb27c8688135c6b4,multiplicity,multiplicity,191,273625447,16,5000,0.0,0.05,rbf,median,anytime,bonferroni,3,10,False,UNRESOLVED,5000,True,False,False,0.0004119580262340605,0.0,0.18209213411654696,True,True,True,False
6991d1e57a6aec6ee62d,multiplicity,multiplicity,192,445317238,16,5000,0.0,0.05,rbf,median,anytime,bonferroni,3,10,False,UNRESOLVED,5000,True,False,False,0.00040620798245072365,0.0,0.18209213411654696,True,True,True,False
5f92e946f9735a4aad93,multiplicity,multiplicity,193,4172001166,16,5000,0.0,0.05,rbf,median,anytime,bonferroni,3,10,False,UNRESOLVED,5000,True,False,False,0.00040312501369044185,0.0,0.18209213411654696,True,True,True,False
950b84c548b335e51ec6,multiplicity,multiplicity,194,1234571662,16,5000,0.0,0.05,rbf,median,anytime,bonferroni,3,10,False,UNRESOLVED,5000,True,False,False,0.00040545902447775006,0.0,0.18209213411654696,True,True,True,False
3e452ae6cf877eeae0fe,multiplicity,multiplicity,195,3092229836,16,5000,0.0,0.05,rbf,median,anytime,bonferroni,3,10,False,UNRESOLVED,5000,True,False,False,0.0004039580235257745,0.0,0.18209213411654696,True,True,True,False
00de9a190bb3df5e2061,multiplicity,multiplicity,196,2938048708,16,5000,0.0,0.05,rbf,median,anytime,bonferroni,3,10,False,UNRESOLVED,5000,True,False,False,0.00040308397728949785,0.0,0.18209213411654696,True,True,True,False
9af5fa9f01351ed11d0a,multiplicity,multiplicity,197,463778081,16,5000,0.0,0.05,rbf,median,anytime,bonferroni,3,10,False,UNRESOLVED,5000,True,False,False,0.0004009590484201908,0.0,0.18209213411654696,True,True,True,False
83a1b2cc06ae4daaeb2d,multiplicity,multiplicity,198,2849759698,16,5000,0.0,0.05,rbf,median,anytime,bonferroni,3,10,False,UNRESOLVED,5000,True,False,False,0.00040216598426923156,0.0,0.18209213411654696,True,True,True,False
26ec806e13b9b792e037,multiplicity,multiplicity,199,973541717,16,5000,0.0,0.05,rbf,median,anytime,bonferroni,3,10,False,UNRESOLVED,5000,True,False,False,0.0004048329428769648,0.0,0.18209213411654696,True,True,True,False
cbe180702a876d501c31,multiplicity,multiplicity,200,866170433,16,5000,0.0,0.05,rbf,median,anytime,bonferroni,3,10,False,UNRESOLVED,5000,True,False,False,0.000401084020268172,0.0,0.18209213411654696,True,True,True,False
62dfdb20407387adf280,multiplicity,multiplicity,201,555817041,16,5000,0.0,0.05,rbf,median,anytime,bonferroni,3,10,False,UNRESOLVED,5000,True,False,False,0.00040433299727737904,0.0,0.18209213411654696,True,True,True,False
c3661d915aef5860709f,multiplicity,multiplicity,202,920964516,16,5000,0.0,0.05,rbf,median,anytime,bonferroni,3,10,False,UNRESOLVED,5000,True,False,False,0.00040241703391075134,0.0,0.18209213411654696,True,True,True,False
3a7349074bb38a7bb4f5,multiplicity,multiplicity,203,398884156,16,5000,0.0,0.05,rbf,median,anytime,bonferroni,3,10,False,UNRESOLVED,5000,True,False,False,0.0004021250060759485,0.0,0.18209213411654696,True,True,True,False
28890cf74f6bf379a7ef,multiplicity,multiplicity,204,4056860191,16,5000,0.0,0.05,rbf,median,anytime,bonferroni,3,10,False,UNRESOLVED,5000,True,False,False,0.000402832985855639,0.0,0.18209213411654696,True,True,True,False
f5108ea3a42be89e05a9,multiplicity,multiplicity,205,1332990528,16,5000,0.0,0.05,rbf,median,anytime,bonferroni,3,10,False,UNRESOLVED,5000,True,False,False,0.0004012080025859177,0.0,0.18209213411654696,True,True,True,False
372665e18c396c7cd4ff,multiplicity,multiplicity,206,671681565,16,5000,0.0,0.05,rbf,median,anytime,bonferroni,3,10,False,UNRESOLVED,5000,True,False,False,0.00040254200575873256,0.0,0.18209213411654696,True,True,True,False
4160530771198f9c963c,multiplicity,multiplicity,207,3572270883,16,5000,0.0,0.05,rbf,median,anytime,bonferroni,3,10,False,UNRESOLVED,5000,True,False,False,0.00040370802162215114,0.0,0.18209213411654696,True,True,True,False
1e11fe8c5547fae4aa3f,multiplicity,multiplicity,208,2982517134,16,5000,0.0,0.05,rbf,median,anytime,bonferroni,3,10,False,UNRESOLVED,5000,True,False,False,0.0004030829877592623,0.0,0.18209213411654696,True,True,True,False
ecd87da6497f3f89db3f,multiplicity,multiplicity,209,2560427370,16,5000,0.0,0.05,rbf,median,anytime,bonferroni,3,10,False,UNRESOLVED,5000,True,False,False,0.0004011249984614551,0.0,0.18209213411654696,True,True,True,False
a6a952cfa77c74ce6bdd,multiplicity,multiplicity,210,1528735981,16,5000,0.0,0.05,rbf,median,anytime,bonferroni,3,10,False,UNRESOLVED,5000,True,False,False,0.00040087499655783176,0.0,0.18209213411654696,True,True,True,False
f6575e60c80353f8ae21,multiplicity,multiplicity,211,4202015794,16,5000,0.0,0.05,rbf,median,anytime,bonferroni,3,10,False,UNRESOLVED,5000,True,False,False,0.0004027499817311764,0.0,0.18209213411654696,True,True,True,False
4e7edfa0904e19e64d86,multiplicity,multiplicity,212,827850702,16,5000,0.0,0.05,rbf,median,anytime,bonferroni,3,10,False,UNRESOLVED,5000,True,False,False,0.0004027090035378933,0.0,0.18209213411654696,True,True,True,False
6cfa92f8f22056c49dbf,multiplicity,multiplicity,213,572736318,16,5000,0.0,0.05,rbf,median,anytime,bonferroni,3,10,False,UNRESOLVED,5000,True,False,False,0.00040570797864347696,0.0,0.18209213411654696,True,True,True,False
7ab372724f14a4bbdbe2,multiplicity,multiplicity,214,3854787531,16,5000,0.0,0.05,rbf,median,anytime,bonferroni,3,10,False,UNRESOLVED,5000,True,False,False,0.0004026670358143747,0.0,0.18209213411654696,True,True,True,False
47d357efce0a857d329c,multiplicity,multiplicity,215,1311773845,16,5000,0.0,0.05,rbf,median,anytime,bonferroni,3,10,False,UNRESOLVED,5000,True,False,False,0.00040362501749768853,0.0,0.18209213411654696,True,True,True,False
57fda623ff7b9a415b49,multiplicity,multiplicity,216,850408820,16,5000,0.0,0.05,rbf,median,anytime,bonferroni,3,10,False,UNRESOLVED,5000,True,False,False,0.0004069590358994901,0.0,0.18209213411654696,True,True,True,False
37e5a5d22b16d7d18f07,multiplicity,multiplicity,217,1295604747,16,5000,0.0,0.05,rbf,median,anytime,bonferroni,3,10,False,UNRESOLVED,5000,True,False,False,0.0004039169871248305,0.0,0.18209213411654696,True,True,True,False
e433c8409a54d260a71a,multiplicity,multiplicity,218,452120669,16,5000,0.0,0.05,rbf,median,anytime,bonferroni,3,10,False,UNRESOLVED,5000,True,False,False,0.0004021250060759485,0.0,0.18209213411654696,True,True,True,False
65bb41e6caa69b3bd619,multiplicity,multiplicity,219,2988702449,16,5000,0.0,0.05,rbf,median,anytime,bonferroni,3,10,False,UNRESOLVED,5000,True,False,False,0.00040379195706918836,0.0,0.18209213411654696,True,True,True,False
0b6abf960a2c781e4908,multiplicity,multiplicity,220,2076030555,16,5000,0.0,0.05,rbf,median,anytime,bonferroni,3,10,False,UNRESOLVED,5000,True,False,False,0.00040216604247689247,0.0,0.18209213411654696,True,True,True,False
38fca5f4ae4ec33f004c,multiplicity,multiplicity,221,1422110201,16,5000,0.0,0.05,rbf,median,anytime,bonferroni,3,10,False,UNRESOLVED,5000,True,False,False,0.00040424999315291643,0.0,0.18209213411654696,True,True,True,False
e2c6a9c3b11340b8fb47,multiplicity,multiplicity,222,363603925,16,5000,0.0,0.05,rbf,median,anytime,bonferroni,3,10,False,UNRESOLVED,5000,True,False,False,0.0004041249630972743,0.0,0.18209213411654696,True,True,True,False
88e9121721d453aca2e8,multiplicity,multiplicity,223,483514433,16,5000,0.0,0.05,rbf,median,anytime,bonferroni,3,10,False,UNRESOLVED,5000,True,False,False,0.0004022499779239297,0.0,0.18209213411654696,True,True,True,False
2668e4ab806acbdcedec,multiplicity,multiplicity,224,94275816,16,5000,0.0,0.05,rbf,median,anytime,bonferroni,3,10,False,UNRESOLVED,5000,True,False,False,0.00040324998553842306,0.0,0.18209213411654696,True,True,True,False
09e9cb69dafa1a0ddd69,multiplicity,multiplicity,225,2404696353,16,5000,0.0,0.05,rbf,median,anytime,bonferroni,3,10,False,UNRESOLVED,5000,True,False,False,0.00040191703010350466,0.0,0.18209213411654696,True,True,True,False
8d65fff728f976ff7321,multiplicity,multiplicity,226,3657203611,16,5000,0.0,0.05,rbf,median,anytime,bonferroni,3,10,False,UNRESOLVED,5000,True,False,False,0.00040195899782702327,0.0,0.18209213411654696,True,True,True,False
b2ee62383b646a114c87,multiplicity,multiplicity,227,3737079765,16,5000,0.0,0.05,rbf,median,anytime,bonferroni,3,10,False,UNRESOLVED,5000,True,False,False,0.00040020799497142434,0.0,0.18209213411654696,True,True,True,False
8d4a15fdad51def0bb2e,multiplicity,multiplicity,228,1512035713,16,5000,0.0,0.05,rbf,median,anytime,bonferroni,3,10,False,UNRESOLVED,5000,True,False,False,0.00040208298014476895,0.0,0.18209213411654696,True,True,True,False
725546f9a0b274ffa1ec,multiplicity,multiplicity,229,2186396078,16,5000,0.0,0.05,rbf,median,anytime,bonferroni,3,10,False,UNRESOLVED,5000,True,False,False,0.00040095800068229437,0.0,0.18209213411654696,True,True,True,False
9c3d6622d232c5b363fb,multiplicity,multiplicity,230,329877510,16,5000,0.0,0.05,rbf,median,anytime,bonferroni,3,10,False,UNRESOLVED,5000,True,False,False,0.0004022920038551092,0.0,0.18209213411654696,True,True,True,False
68ce688566c2183db913,multiplicity,multiplicity,231,4133149360,16,5000,0.0,0.05,rbf,median,anytime,bonferroni,3,10,False,UNRESOLVED,5000,True,False,False,0.00040200003422796726,0.0,0.18209213411654696,True,True,True,False
762f670162e0c24202a5,multiplicity,multiplicity,232,736815549,16,5000,0.0,0.05,rbf,median,anytime,bonferroni,3,10,False,UNRESOLVED,5000,True,False,False,0.0004034580197185278,0.0,0.18209213411654696,True,True,True,False
075e1e4cfb6441495e80,multiplicity,multiplicity,233,1017356825,16,5000,0.0,0.05,rbf,median,anytime,bonferroni,3,10,False,UNRESOLVED,5000,True,False,False,0.00040404096944257617,0.0,0.18209213411654696,True,True,True,False
71b2085b07b09a5b0891,multiplicity,multiplicity,234,2809533805,16,5000,0.0,0.05,rbf,median,anytime,bonferroni,3,10,False,UNRESOLVED,5000,True,False,False,0.0004046250251121819,0.0,0.18209213411654696,True,True,True,False
d194f3a637ab0a3ce845,multiplicity,multiplicity,235,1489939871,16,5000,0.0,0.05,rbf,median,anytime,bonferroni,3,10,False,UNRESOLVED,5000,True,False,False,0.0004017080063931644,0.0,0.18209213411654696,True,True,True,False
891d7dd5bcb22319ee88,multiplicity,multiplicity,236,3993773582,16,5000,0.0,0.05,rbf,median,anytime,bonferroni,3,10,False,UNRESOLVED,5000,True,False,False,0.0003718750085681677,0.0,0.18209213411654696,True,True,True,False
2dcb8d61d11b13bf8d87,multiplicity,multiplicity,237,1948116894,16,5000,0.0,0.05,rbf,median,anytime,bonferroni,3,10,False,UNRESOLVED,5000,True,False,False,0.00034508301177993417,0.0,0.18209213411654696,True,True,True,False
c0c0338fc9788dd7f3f0,multiplicity,multiplicity,238,1008399844,16,5000,0.0,0.05,rbf,median,anytime,bonferroni,3,10,False,UNRESOLVED,5000,True,False,False,0.00034612504532560706,0.0,0.18209213411654696,True,True,True,False
48868684f2f469030940,multiplicity,multiplicity,239,1459149914,16,5000,0.0,0.05,rbf,median,anytime,bonferroni,3,10,False,UNRESOLVED,5000,True,False,False,0.00034558301558718085,0.0,0.18209213411654696,True,True,True,False
25e68a4f026ef93aca6f,multiplicity,multiplicity,240,830876293,16,5000,0.0,0.05,rbf,median,anytime,bonferroni,3,10,False,UNRESOLVED,5000,True,False,False,0.0003472079988569021,0.0,0.18209213411654696,True,True,True,False
1b86cc20163dcd6c4400,multiplicity,multiplicity,241,3755462944,16,5000,0.0,0.05,rbf,median,anytime,bonferroni,3,10,False,UNRESOLVED,5000,True,False,False,0.00034795800456777215,0.0,0.18209213411654696,True,True,True,False
9856e1246bf74cfb7c18,multiplicity,multiplicity,242,1690228400,16,5000,0.0,0.05,rbf,median,anytime,bonferroni,3,10,False,UNRESOLVED,5000,True,False,False,0.00034591701114550233,0.0,0.18209213411654696,True,True,True,False
19c1389fae23af8779fa,multiplicity,multiplicity,243,3492656626,16,5000,0.0,0.05,rbf,median,anytime,bonferroni,3,10,False,UNRESOLVED,5000,True,False,False,0.00034554098965600133,0.0,0.18209213411654696,True,True,True,False
ba71fffda072781f3c13,multiplicity,multiplicity,244,1460774944,16,5000,0.0,0.05,rbf,median,anytime,bonferroni,3,10,False,UNRESOLVED,5000,True,False,False,0.00035658403066918254,0.0,0.18209213411654696,True,True,True,False
9a74fce69ed6572695f2,multiplicity,multiplicity,245,119375017,16,5000,0.0,0.05,rbf,median,anytime,bonferroni,3,10,False,UNRESOLVED,5000,True,False,False,0.0003476670244708657,0.0,0.18209213411654696,True,True,True,False
c568cb12fa6b8a82e191,multiplicity,multiplicity,246,207227055,16,5000,0.0,0.05,rbf,median,anytime,bonferroni,3,10,False,UNRESOLVED,5000,True,False,False,0.0003465409972704947,0.0,0.18209213411654696,True,True,True,False
81c075627cd006b7e469,multiplicity,multiplicity,247,860255588,16,5000,0.0,0.05,rbf,median,anytime,bonferroni,3,10,False,UNRESOLVED,5000,True,False,False,0.0003460829611867666,0.0,0.18209213411654696,True,True,True,False
03818896b30307679438,multiplicity,multiplicity,248,3258400796,16,5000,0.0,0.05,rbf,median,anytime,bonferroni,3,10,False,UNRESOLVED,5000,True,False,False,0.0003458750434219837,0.0,0.18209213411654696,True,True,True,False
2e622330fc8bde0d032e,multiplicity,multiplicity,249,1789577359,16,5000,0.0,0.05,rbf,median,anytime,bonferroni,3,10,False,UNRESOLVED,5000,True,False,False,0.0003457500133663416,0.0,0.18209213411654696,True,True,True,False
cb1bbef4b22bf4ae3b6e,multiplicity,multiplicity,250,1982022364,16,5000,0.0,0.05,rbf,median,anytime,bonferroni,3,10,False,UNRESOLVED,5000,True,False,False,0.00034729199251160026,0.0,0.18209213411654696,True,True,True,False
091b6c9f0a1b4fb4eff7,multiplicity,multiplicity,251,1116113709,16,5000,0.0,0.05,rbf,median,anytime,bonferroni,3,10,False,UNRESOLVED,5000,True,False,False,0.00034600001526996493,0.0,0.18209213411654696,True,True,True,False
67ecbe475f6bead7ff2a,multiplicity,multiplicity,252,58072465,16,5000,0.0,0.05,rbf,median,anytime,bonferroni,3,10,False,UNRESOLVED,5000,True,False,False,0.00034487497759982944,0.0,0.18209213411654696,True,True,True,False
fbf701a5d5a59a5d5241,multiplicity,multiplicity,253,238783167,16,5000,0.0,0.05,rbf,median,anytime,bonferroni,3,10,False,UNRESOLVED,5000,True,False,False,0.0003471660311333835,0.0,0.18209213411654696,True,True,True,False
0f1cd41792917ee88c88,multiplicity,multiplicity,254,3502177386,16,5000,0.0,0.05,rbf,median,anytime,bonferroni,3,10,False,UNRESOLVED,5000,True,False,False,0.00034491694532334805,0.0,0.18209213411654696,True,True,True,False
dec3b54d9918adb661ba,multiplicity,multiplicity,255,3244376292,16,5000,0.0,0.05,rbf,median,anytime,bonferroni,3,10,False,UNRESOLVED,5000,True,False,False,0.0003463330212980509,0.0,0.18209213411654696,True,True,True,False
bc0beeba1cc2164e47ac,multiplicity,multiplicity,256,4142793248,16,5000,0.0,0.05,rbf,median,anytime,bonferroni,3,10,False,UNRESOLVED,5000,True,False,False,0.0003470410010777414,0.0,0.18209213411654696,True,True,True,False
43d950046d3ff3b5abb5,multiplicity,multiplicity,257,3262789543,16,5000,0.0,0.05,rbf,median,anytime,bonferroni,3,10,False,UNRESOLVED,5000,True,False,False,0.0003450419753789902,0.0,0.18209213411654696,True,True,True,False
2d842a52736d5dc117f0,multiplicity,multiplicity,258,1256296799,16,5000,0.0,0.05,rbf,median,anytime,bonferroni,3,10,False,UNRESOLVED,5000,True,False,False,0.00034783303271979094,0.0,0.18209213411654696,True,True,True,False
732c3c100dbc1d47c525,multiplicity,multiplicity,259,464884204,16,5000,0.0,0.05,rbf,median,anytime,bonferroni,3,10,False,UNRESOLVED,5000,True,False,False,0.00034666695864871144,0.0,0.18209213411654696,True,True,True,False
fd8e27654746cf59b564,multiplicity,multiplicity,260,1529719596,16,5000,0.0,0.05,rbf,median,anytime,bonferroni,3,10,False,UNRESOLVED,5000,True,False,False,0.0003451670054346323,0.0,0.18209213411654696,True,True,True,False
fcab1941c85c86f561ae,multiplicity,multiplicity,261,1988746156,16,5000,0.0,0.05,rbf,median,anytime,bonferroni,3,10,False,UNRESOLVED,5000,True,False,False,0.0003452079836279154,0.0,0.18209213411654696,True,True,True,False
4179a3f9954aad7d3704,multiplicity,multiplicity,262,3347371636,16,5000,0.0,0.05,rbf,median,anytime,bonferroni,3,10,False,UNRESOLVED,5000,True,False,False,0.0003457920392975211,0.0,0.18209213411654696,True,True,True,False
14225bbe95d72b66f0ea,multiplicity,multiplicity,263,1484977140,16,5000,0.0,0.05,rbf,median,anytime,bonferroni,3,10,False,UNRESOLVED,5000,True,False,False,0.0003457920392975211,0.0,0.18209213411654696,True,True,True,False
2442c00bd0289f84e6c3,multiplicity,multiplicity,264,4215660789,16,5000,0.0,0.05,rbf,median,anytime,bonferroni,3,10,False,UNRESOLVED,5000,True,False,False,0.00034783402225002646,0.0,0.18209213411654696,True,True,True,False
e3360367fb7c8a360287,multiplicity,multiplicity,265,2017677939,16,5000,0.0,0.05,rbf,median,anytime,bonferroni,3,10,False,UNRESOLVED,5000,True,False,False,0.00034554197918623686,0.0,0.18209213411654696,True,True,True,False
aa1fa5d9b14bcfa051a9,multiplicity,multiplicity,266,2807620151,16,5000,0.0,0.05,rbf,median,anytime,bonferroni,3,10,False,UNRESOLVED,5000,True,False,False,0.0003453330136835575,0.0,0.18209213411654696,True,True,True,False
a0fd9d5eefe4d0101d91,multiplicity,multiplicity,267,797365793,16,5000,0.0,0.05,rbf,median,anytime,bonferroni,3,10,False,UNRESOLVED,5000,True,False,False,0.0003463330212980509,0.0,0.18209213411654696,True,True,True,False
84d508161276e64d2c2d,multiplicity,multiplicity,268,2182915299,16,5000,0.0,0.05,rbf,median,anytime,bonferroni,3,10,False,UNRESOLVED,5000,True,False,False,0.00034620804945006967,0.0,0.18209213411654696,True,True,True,False
865b6b72d2825a79f87f,multiplicity,multiplicity,269,2219253385,16,5000,0.0,0.05,rbf,median,anytime,bonferroni,3,10,False,UNRESOLVED,5000,True,False,False,0.0003884999896399677,0.0,0.18209213411654696,True,True,True,False
1cd6c79a64431993300d,multiplicity,multiplicity,270,2458603804,16,5000,0.0,0.05,rbf,median,anytime,bonferroni,3,10,False,UNRESOLVED,5000,True,False,False,0.00040158297633752227,0.0,0.18209213411654696,True,True,True,False
21525f11ab93e63b4708,multiplicity,multiplicity,271,1730427786,16,5000,0.0,0.05,rbf,median,anytime,bonferroni,3,10,False,UNRESOLVED,5000,True,False,False,0.0004005419905297458,0.0,0.18209213411654696,True,True,True,False
fc38ae6a33a248b909ba,multiplicity,multiplicity,272,3674179421,16,5000,0.0,0.05,rbf,median,anytime,bonferroni,3,10,False,UNRESOLVED,5000,True,False,False,0.0004022920038551092,0.0,0.18209213411654696,True,True,True,False
574f2f318bac7d0cfb3c,multiplicity,multiplicity,273,12018115,16,5000,0.0,0.05,rbf,median,anytime,bonferroni,3,10,False,UNRESOLVED,5000,True,False,False,0.00040079199243336916,0.0,0.18209213411654696,True,True,True,False
ac75188a428cab8eafdc,multiplicity,multiplicity,274,2068496251,16,5000,0.0,0.05,rbf,median,anytime,bonferroni,3,10,False,UNRESOLVED,5000,True,False,False,0.0003999170148745179,0.0,0.18209213411654696,True,True,True,False
3b07cdc1d3cc9e5c62a5,multiplicity,multiplicity,275,2536755719,16,5000,0.0,0.05,rbf,median,anytime,bonferroni,3,10,False,UNRESOLVED,5000,True,False,False,0.0004006249946542084,0.0,0.18209213411654696,True,True,True,False
423f09385045c62679ae,multiplicity,multiplicity,276,4226115256,16,5000,0.0,0.05,rbf,median,anytime,bonferroni,3,10,False,UNRESOLVED,5000,True,False,False,0.00039904197910800576,0.0,0.18209213411654696,True,True,True,False
56876763f1382098ad25,multiplicity,multiplicity,277,342170861,16,5000,0.0,0.05,rbf,median,anytime,bonferroni,3,10,False,UNRESOLVED,5000,True,False,False,0.00040208298014476895,0.0,0.18209213411654696,True,True,True,False
b85406a673902a50a444,multiplicity,multiplicity,278,1288986749,16,5000,0.0,0.05,rbf,median,anytime,bonferroni,3,10,False,UNRESOLVED,5000,True,False,False,0.0004023339715786278,0.0,0.18209213411654696,True,True,True,False
8e0bc3287a3f54498c98,multiplicity,multiplicity,279,2262356761,16,5000,0.0,0.05,rbf,median,anytime,bonferroni,3,10,False,UNRESOLVED,5000,True,False,False,0.0004006660310551524,0.0,0.18209213411654696,True,True,True,False
2545498e79295034d4a0,multiplicity,multiplicity,280,1030497102,16,5000,0.0,0.05,rbf,median,anytime,bonferroni,3,10,False,UNRESOLVED,5000,True,False,False,0.00040137500036507845,0.0,0.18209213411654696,True,True,True,False
ba34aa65f7455a9a9500,multiplicity,multiplicity,281,710205533,16,5000,0.0,0.05,rbf,median,anytime,bonferroni,3,10,False,UNRESOLVED,5000,True,False,False,0.00039958301931619644,0.0,0.18209213411654696,True,True,True,False
c5a5aa0cd42bcf00db42,multiplicity,multiplicity,282,4267058275,16,5000,0.0,0.05,rbf,median,anytime,bonferroni,3,10,False,UNRESOLVED,5000,True,False,False,0.0004005830269306898,0.0,0.18209213411654696,True,True,True,False
29dd9162676a18c2362e,multiplicity,multiplicity,283,1834043929,16,5000,0.0,0.05,rbf,median,anytime,bonferroni,3,10,False,UNRESOLVED,5000,True,False,False,0.0004015419981442392,0.0,0.18209213411654696,True,True,True,False
0ba018fad339b71ac2a1,multiplicity,multiplicity,284,3402172137,16,5000,0.0,0.05,rbf,median,anytime,bonferroni,3,10,False,UNRESOLVED,5000,True,False,False,0.00040145800448954105,0.0,0.18209213411654696,True,True,True,False
daab58544f78fc0ad8cf,multiplicity,multiplicity,285,3904260353,16,5000,0.0,0.05,rbf,median,anytime,bonferroni,3,10,False,UNRESOLVED,5000,True,False,False,0.0004017500323243439,0.0,0.18209213411654696,True,True,True,False
ec7d7e5a44d2dcc365b9,multiplicity,multiplicity,286,1004291271,16,5000,0.0,0.05,rbf,median,anytime,bonferroni,3,10,False,UNRESOLVED,5000,True,False,False,0.0004024580121040344,0.0,0.18209213411654696,True,True,True,False
c98dc56f49cfa33066b9,multiplicity,multiplicity,287,3579112253,16,5000,0.0,0.05,rbf,median,anytime,bonferroni,3,10,False,UNRESOLVED,5000,True,False,False,0.00040204095421358943,0.0,0.18209213411654696,True,True,True,False
57efa6c3125dde037e2c,multiplicity,multiplicity,288,1794505660,16,5000,0.0,0.05,rbf,median,anytime,bonferroni,3,10,False,UNRESOLVED,5000,True,False,False,0.00040670804446563125,0.0,0.18209213411654696,True,True,True,False
2fb9619ba5109bb1fe62,multiplicity,multiplicity,289,418676923,16,5000,0.0,0.05,rbf,median,anytime,bonferroni,3,10,False,UNRESOLVED,5000,True,False,False,0.00040266697760671377,0.0,0.18209213411654696,True,True,True,False
28426f4f5b1b8afe2741,multiplicity,multiplicity,290,374434114,16,5000,0.0,0.05,rbf,median,anytime,bonferroni,3,10,False,UNRESOLVED,5000,True,False,False,0.00040129199624061584,0.0,0.18209213411654696,True,True,True,False
a747bb6ac422c4878d1b,multiplicity,multiplicity,291,718018897,16,5000,0.0,0.05,rbf,median,anytime,bonferroni,3,10,False,UNRESOLVED,5000,True,False,False,0.00040079100290313363,0.0,0.18209213411654696,True,True,True,False
d9364a4496685502e8db,multiplicity,multiplicity,292,3240362714,16,5000,0.0,0.05,rbf,median,anytime,bonferroni,3,10,False,UNRESOLVED,5000,True,False,False,0.000401791010517627,0.0,0.18209213411654696,True,True,True,False
a5bef2f51507c5b718d8,multiplicity,multiplicity,293,3114058964,16,5000,0.0,0.05,rbf,median,anytime,bonferroni,3,10,False,UNRESOLVED,5000,True,False,False,0.0005166670307517052,0.0,0.18209213411654696,True,True,True,False
fe83cef29b2423224f2d,multiplicity,multiplicity,294,3806668129,16,5000,0.0,0.05,rbf,median,anytime,bonferroni,3,10,False,UNRESOLVED,5000,True,False,False,0.0005135000101290643,0.0,0.18209213411654696,True,True,True,False
e7ebfc62dc09d54e664a,multiplicity,multiplicity,295,1594376582,16,5000,0.0,0.05,rbf,median,anytime,bonferroni,3,10,False,UNRESOLVED,5000,True,False,False,0.0004802909679710865,0.0,0.18209213411654696,True,True,True,False
a94f4de3da04cce2121b,multiplicity,multiplicity,296,1175601990,16,5000,0.0,0.05,rbf,median,anytime,bonferroni,3,10,False,UNRESOLVED,5000,True,False,False,0.0004789579543285072,0.0,0.18209213411654696,True,True,True,False
372db0a23bdf331f8a56,multiplicity,multiplicity,297,1999697276,16,5000,0.0,0.05,rbf,median,anytime,bonferroni,3,10,False,UNRESOLVED,5000,True,False,False,0.0005072919884696603,0.0,0.18209213411654696,True,True,True,False
a50e6b8533e64db522a4,multiplicity,multiplicity,298,3932799654,16,5000,0.0,0.05,rbf,median,anytime,bonferroni,3,10,False,UNRESOLVED,5000,True,False,False,0.0004778750007972121,0.0,0.18209213411654696,True,True,True,False
8a00c514c0401f19deb7,multiplicity,multiplicity,299,3775987426,16,5000,0.0,0.05,rbf,median,anytime,bonferroni,3,10,False,UNRESOLVED,5000,True,False,False,0.0004870839766226709,0.0,0.18209213411654696,True,True,True,False
24895fe1786ddec414f6,multiplicity,multiplicity,300,2295219973,16,5000,0.0,0.05,rbf,median,anytime,bonferroni,3,10,False,UNRESOLVED,5000,True,False,False,0.0005182089516893029,0.0,0.18209213411654696,True,True,True,False
ecb5fa1d3511e903e33c,multiplicity,multiplicity,301,4083552458,16,5000,0.0,0.05,rbf,median,anytime,bonferroni,3,10,False,UNRESOLVED,5000,True,False,False,0.00037587498081848025,0.0,0.18209213411654696,True,True,True,False
eb14646d8f1b71ccfac3,multiplicity,multiplicity,302,589536074,16,5000,0.0,0.05,rbf,median,anytime,bonferroni,3,10,False,UNRESOLVED,5000,True,False,False,0.00035212497459724545,0.0,0.18209213411654696,True,True,True,False
66511365888042838c2b,multiplicity,multiplicity,303,3982315046,16,5000,0.0,0.05,rbf,median,anytime,bonferroni,3,10,False,UNRESOLVED,5000,True,False,False,0.000348208996001631,0.0,0.18209213411654696,True,True,True,False
032cca9e60a11182c552,multiplicity,multiplicity,304,3295662503,16,5000,0.0,0.05,rbf,median,anytime,bonferroni,3,10,False,UNRESOLVED,5000,True,False,False,0.00034970801789313555,0.0,0.18209213411654696,True,True,True,False
d9e2cfdd70361b90cdc9,multiplicity,multiplicity,305,603298709,16,5000,0.0,0.05,rbf,median,anytime,bonferroni,3,10,False,UNRESOLVED,5000,True,False,False,0.00034916697768494487,0.0,0.18209213411654696,True,True,True,False
1426413169fdf7a5b1e9,multiplicity,multiplicity,306,2493297163,16,5000,0.0,0.05,rbf,median,anytime,bonferroni,3,10,False,UNRESOLVED,5000,True,False,False,0.00034662504913285375,0.0,0.18209213411654696,True,True,True,False
fb7ef3e508ae16e452ba,multiplicity,multiplicity,307,3920504040,16,5000,0.0,0.05,rbf,median,anytime,bonferroni,3,10,False,UNRESOLVED,5000,True,False,False,0.0003459579893387854,0.0,0.18209213411654696,True,True,True,False
fb6fd5e790bc834ad700,multiplicity,multiplicity,308,1978125609,16,5000,0.0,0.05,rbf,median,anytime,bonferroni,3,10,False,UNRESOLVED,5000,True,False,False,0.0003459579893387854,0.0,0.18209213411654696,True,True,True,False
b755372b37c5b14bb803,multiplicity,multiplicity,309,467735790,16,5000,0.0,0.05,rbf,median,anytime,bonferroni,3,10,False,UNRESOLVED,5000,True,False,False,0.00034850003430619836,0.0,0.18209213411654696,True,True,True,False
2b63d55db9a7aa2c0165,multiplicity,multiplicity,310,925157475,16,5000,0.0,0.05,rbf,median,anytime,bonferroni,3,10,False,UNRESOLVED,5000,True,False,False,0.00034608395071700215,0.0,0.18209213411654696,True,True,True,False
166a42d2df87eaf1a612,multiplicity,multiplicity,311,2540832188,16,5000,0.0,0.05,rbf,median,anytime,bonferroni,3,10,False,UNRESOLVED,5000,True,False,False,0.0003472910029813647,0.0,0.18209213411654696,True,True,True,False
71975099b2f768bdcff9,multiplicity,multiplicity,312,3136985956,16,5000,0.0,0.05,rbf,median,anytime,bonferroni,3,10,False,UNRESOLVED,5000,True,False,False,0.00034654198680073023,0.0,0.18209213411654696,True,True,True,False
f48984bf4a67e92fdd0f,multiplicity,multiplicity,313,1429362249,16,5000,0.0,0.05,rbf,median,anytime,bonferroni,3,10,False,UNRESOLVED,5000,True,False,False,0.000346040993463248,0.0,0.18209213411654696,True,True,True,False
4d13a94ec51730fd5bbd,multiplicity,multiplicity,314,1959749497,16,5000,0.0,0.05,rbf,median,anytime,bonferroni,3,10,False,UNRESOLVED,5000,True,False,False,0.00034624995896592736,0.0,0.18209213411654696,True,True,True,False
f6b376fd7e55e835c1bd,multiplicity,multiplicity,315,1285371006,16,5000,0.0,0.05,rbf,median,anytime,bonferroni,3,10,False,UNRESOLVED,5000,True,False,False,0.0003445420297794044,0.0,0.18209213411654696,True,True,True,False
bcbf0572a6cf05c8f111,multiplicity,multiplicity,316,818769689,16,5000,0.0,0.05,rbf,median,anytime,bonferroni,3,10,False,UNRESOLVED,5000,True,False,False,0.00034725002478808165,0.0,0.18209213411654696,True,True,True,False
4735b9562c16f67cc162,multiplicity,multiplicity,317,3357815443,16,5000,0.0,0.05,rbf,median,anytime,bonferroni,3,10,False,UNRESOLVED,5000,True,False,False,0.00034733297070488334,0.0,0.18209213411654696,True,True,True,False
ee13beb59198b8991916,multiplicity,multiplicity,318,2959399169,16,5000,0.0,0.05,rbf,median,anytime,bonferroni,3,10,False,UNRESOLVED,5000,True,False,False,0.0003482080064713955,0.0,0.18209213411654696,True,True,True,False
d712eff09b5b3ac0defa,multiplicity,multiplicity,319,3850800682,16,5000,0.0,0.05,rbf,median,anytime,bonferroni,3,10,False,UNRESOLVED,5000,True,False,False,0.00034545903326943517,0.0,0.18209213411654696,True,True,True,False
e827b20817587b3fd090,multiplicity,multiplicity,320,3252262516,16,5000,0.0,0.05,rbf,median,anytime,bonferroni,3,10,False,UNRESOLVED,5000,True,False,False,0.00034783402225002646,0.0,0.18209213411654696,True,True,True,False
2e62b91bd3e00e16446a,multiplicity,multiplicity,321,1026409243,16,5000,0.0,0.05,rbf,median,anytime,bonferroni,3,10,False,UNRESOLVED,5000,True,False,False,0.000344583997502923,0.0,0.18209213411654696,True,True,True,False
58e0964bf0747cad0508,multiplicity,multiplicity,322,2273902512,16,5000,0.0,0.05,rbf,median,anytime,bonferroni,3,10,False,UNRESOLVED,5000,True,False,False,0.00034654204500839114,0.0,0.18209213411654696,True,True,True,False
25c399f341b6c899b5b0,multiplicity,multiplicity,323,962567846,16,5000,0.0,0.05,rbf,median,anytime,bonferroni,3,10,False,UNRESOLVED,5000,True,False,False,0.0003474999684840441,0.0,0.18209213411654696,True,True,True,False
5f849fd8fcf60814a11a,multiplicity,multiplicity,324,1334065136,16,5000,0.0,0.05,rbf,median,anytime,bonferroni,3,10,False,UNRESOLVED,5000,True,False,False,0.00034616701304912567,0.0,0.18209213411654696,True,True,True,False
258141d36d9591f45d41,multiplicity,multiplicity,325,502516541,16,5000,0.0,0.05,rbf,median,anytime,bonferroni,3,10,False,UNRESOLVED,5000,True,False,False,0.00034633296309038997,0.0,0.18209213411654696,True,True,True,False
b6164eeffb2ea83546b5,multiplicity,multiplicity,326,4152905025,16,5000,0.0,0.05,rbf,median,anytime,bonferroni,3,10,False,UNRESOLVED,5000,True,False,False,0.0003440000000409782,0.0,0.18209213411654696,True,True,True,False
d9887f7b3a1be5c33dfc,multiplicity,multiplicity,327,1030012146,16,5000,0.0,0.05,rbf,median,anytime,bonferroni,3,10,False,UNRESOLVED,5000,True,False,False,0.0003458749852143228,0.0,0.18209213411654696,True,True,True,False
cd080d95f67b235ccb93,multiplicity,multiplicity,328,1609801397,16,5000,0.0,0.05,rbf,median,anytime,bonferroni,3,10,False,UNRESOLVED,5000,True,False,False,0.00034545804373919964,0.0,0.18209213411654696,True,True,True,False
9326c718ac9d836107a5,multiplicity,multiplicity,329,2747964347,16,5000,0.0,0.05,rbf,median,anytime,bonferroni,3,10,False,UNRESOLVED,5000,True,False,False,0.00034679198870435357,0.0,0.18209213411654696,True,True,True,False
eca75c641b8e57472b69,multiplicity,multiplicity,330,4162235074,16,5000,0.0,0.05,rbf,median,anytime,bonferroni,3,10,False,UNRESOLVED,5000,True,False,False,0.00034612498711794615,0.0,0.18209213411654696,True,True,True,False
59ee7d58afdc9db3d611,multiplicity,multiplicity,331,199111747,16,5000,0.0,0.05,rbf,median,anytime,bonferroni,3,10,False,UNRESOLVED,5000,True,False,False,0.00034608301939442754,0.0,0.18209213411654696,True,True,True,False
25dd6b37b74ce4a1d45a,multiplicity,multiplicity,332,1694763090,16,5000,0.0,0.05,rbf,median,anytime,bonferroni,3,10,False,UNRESOLVED,5000,True,False,False,0.0003689579898491502,0.0,0.18209213411654696,True,True,True,False
c57377c66fb0ed626c40,multiplicity,multiplicity,333,3869256475,16,5000,0.0,0.05,rbf,median,anytime,bonferroni,3,10,False,UNRESOLVED,5000,True,False,False,0.0004055839963257313,0.0,0.18209213411654696,True,True,True,False
eb53dc530e79661acd3b,multiplicity,multiplicity,334,1039370800,16,5000,0.0,0.05,rbf,median,anytime,bonferroni,3,10,False,UNRESOLVED,5000,True,False,False,0.0004029580159112811,0.0,0.18209213411654696,True,True,True,False
020b1449094ba1fa705b,multiplicity,multiplicity,335,3210651175,16,5000,0.0,0.05,rbf,median,anytime,bonferroni,3,10,False,UNRESOLVED,5000,True,False,False,0.0004015830345451832,0.0,0.18209213411654696,True,True,True,False
93e94e53c0088a8699c9,multiplicity,multiplicity,336,1392203521,16,5000,0.0,0.05,rbf,median,anytime,bonferroni,3,10,False,UNRESOLVED,5000,True,False,False,0.00040004198672249913,0.0,0.18209213411654696,True,True,True,False
2e068e999eef3cdbeb81,multiplicity,multiplicity,337,3272968014,16,5000,0.0,0.05,rbf,median,anytime,bonferroni,3,10,False,UNRESOLVED,5000,True,False,False,0.00039900001138448715,0.0,0.18209213411654696,True,True,True,False
6dcb6d2cfdefcdc20ef1,multiplicity,multiplicity,338,2627723604,16,5000,0.0,0.05,rbf,median,anytime,bonferroni,3,10,False,UNRESOLVED,5000,True,False,False,0.00039854203350842,0.0,0.18209213411654696,True,True,True,False
1d42eac24744a4559b0c,multiplicity,multiplicity,339,925005470,16,5000,0.0,0.05,rbf,median,anytime,bonferroni,3,10,False,UNRESOLVED,5000,True,False,False,0.00040145800448954105,0.0,0.18209213411654696,True,True,True,False
349c0ee5cae1d450112a,multiplicity,multiplicity,340,1721557177,16,5000,0.0,0.05,rbf,median,anytime,bonferroni,3,10,False,UNRESOLVED,5000,True,False,False,0.0003994160215370357,0.0,0.18209213411654696,True,True,True,False
fe6c6b468a35e82c7bcc,multiplicity,multiplicity,341,47945012,16,5000,0.0,0.05,rbf,median,anytime,bonferroni,3,10,False,UNRESOLVED,5000,True,False,False,0.00040083297062665224,0.0,0.18209213411654696,True,True,True,False
06520c2943fac745e345,multiplicity,multiplicity,342,2911119687,16,5000,0.0,0.05,rbf,median,anytime,bonferroni,3,10,False,UNRESOLVED,5000,True,False,False,0.00040204200195148587,0.0,0.18209213411654696,True,True,True,False
e4579f0e6e7f2aa33ea8,multiplicity,multiplicity,343,3381489680,16,5000,0.0,0.05,rbf,median,anytime,bonferroni,3,10,False,UNRESOLVED,5000,True,False,False,0.00040333298966288567,0.0,0.18209213411654696,True,True,True,False
2fdd5d055a5c2f2c5cf3,multiplicity,multiplicity,344,4021411703,16,5000,0.0,0.05,rbf,median,anytime,bonferroni,3,10,False,UNRESOLVED,5000,True,False,False,0.00039883400313556194,0.0,0.18209213411654696,True,True,True,False
382f9332e25be710657a,multiplicity,multiplicity,345,3381021934,16,5000,0.0,0.05,rbf,median,anytime,bonferroni,3,10,False,UNRESOLVED,5000,True,False,False,0.0004017089959233999,0.0,0.18209213411654696,True,True,True,False
eb594b30bb4c4bd8c253,multiplicity,multiplicity,346,3511587405,16,5000,0.0,0.05,rbf,median,anytime,bonferroni,3,10,False,UNRESOLVED,5000,True,False,False,0.0004011669661849737,0.0,0.18209213411654696,True,True,True,False
fefdac13bfc0c2c0353c,multiplicity,multiplicity,347,2139304432,16,5000,0.0,0.05,rbf,median,anytime,bonferroni,3,10,False,UNRESOLVED,5000,True,False,False,0.0003991250414401293,0.0,0.18209213411654696,True,True,True,False
a8f4d05a75e1890121ae,multiplicity,multiplicity,348,3349580828,16,5000,0.0,0.05,rbf,median,anytime,bonferroni,3,10,False,UNRESOLVED,5000,True,False,False,0.00040133402217179537,0.0,0.18209213411654696,True,True,True,False
b25df65fb5563876a659,multiplicity,multiplicity,349,628045371,16,5000,0.0,0.05,rbf,median,anytime,bonferroni,3,10,False,UNRESOLVED,5000,True,False,False,0.0004004170186817646,0.0,0.18209213411654696,True,True,True,False
e5a1442a1090abcc6738,multiplicity,multiplicity,350,2857834445,16,5000,0.0,0.05,rbf,median,anytime,bonferroni,3,10,False,UNRESOLVED,5000,True,False,False,0.0004034169833175838,0.0,0.18209213411654696,True,True,True,False
b4715de82057d4ea50db,multiplicity,multiplicity,351,1392251346,16,5000,0.0,0.05,rbf,median,anytime,bonferroni,3,10,False,UNRESOLVED,5000,True,False,False,0.0004034590092487633,0.0,0.18209213411654696,True,True,True,False
5de91ed6625bda97cbb0,multiplicity,multiplicity,352,446347284,16,5000,0.0,0.05,rbf,median,anytime,bonferroni,3,10,False,UNRESOLVED,5000,True,False,False,0.0004795000422745943,0.0,0.18209213411654696,True,True,True,False
064e1da76e7f3b8c48bc,multiplicity,multiplicity,353,3266517085,16,5000,0.0,0.05,rbf,median,anytime,bonferroni,3,10,False,UNRESOLVED,5000,True,False,False,0.000533208018168807,0.0,0.18209213411654696,True,True,True,False
1f461cc6d681fd42b820,multiplicity,multiplicity,354,3782716280,16,5000,0.0,0.05,rbf,median,anytime,bonferroni,3,10,False,UNRESOLVED,5000,True,False,False,0.00048091699136421084,0.0,0.18209213411654696,True,True,True,False
ced16efef5ae207f8bee,multiplicity,multiplicity,355,1774813864,16,5000,0.0,0.05,rbf,median,anytime,bonferroni,3,10,False,UNRESOLVED,5000,True,False,False,0.00047820800682529807,0.0,0.18209213411654696,True,True,True,False
05849570b8d74d47450a,multiplicity,multiplicity,356,846896208,16,5000,0.0,0.05,rbf,median,anytime,bonferroni,3,10,False,UNRESOLVED,5000,True,False,False,0.0004736669943667948,0.0,0.18209213411654696,True,True,True,False
ccbf64e31ddd0cb31541,multiplicity,multiplicity,357,3452316076,16,5000,0.0,0.05,rbf,median,anytime,bonferroni,3,10,False,UNRESOLVED,5000,True,False,False,0.0004749579820781946,0.0,0.18209213411654696,True,True,True,False
1d0b2e68c02c5d0b3b34,multiplicity,multiplicity,358,1204650581,16,5000,0.0,0.05,rbf,median,anytime,bonferroni,3,10,False,UNRESOLVED,5000,True,False,False,0.0004735830007120967,0.0,0.18209213411654696,True,True,True,False
18b4249458ebe64b8b32,multiplicity,multiplicity,359,869654733,16,5000,0.0,0.05,rbf,median,anytime,bonferroni,3,10,False,UNRESOLVED,5000,True,False,False,0.0004975000047124922,0.0,0.18209213411654696,True,True,True,False
32c12ed659b958c8b78e,multiplicity,multiplicity,360,2620408509,16,5000,0.0,0.05,rbf,median,anytime,bonferroni,3,10,False,UNRESOLVED,5000,True,False,False,0.0006254169857129455,0.0,0.18209213411654696,True,True,True,False
3b1e7bf5979127481a3d,multiplicity,multiplicity,361,1460362014,16,5000,0.0,0.05,rbf,median,anytime,bonferroni,3,10,False,UNRESOLVED,5000,True,False,False,0.0005484580178745091,0.0,0.18209213411654696,True,True,True,False
97a48b8f8c2cde457915,multiplicity,multiplicity,362,3585399675,16,5000,0.0,0.05,rbf,median,anytime,bonferroni,3,10,False,UNRESOLVED,5000,True,False,False,0.0005669160163961351,0.0,0.18209213411654696,True,True,True,False
82a4bd40c19992cd7282,multiplicity,multiplicity,363,2730298137,16,5000,0.0,0.05,rbf,median,anytime,bonferroni,3,10,False,UNRESOLVED,5000,True,False,False,0.0005314159789122641,0.0,0.18209213411654696,True,True,True,False
11a308861765bf56e432,multiplicity,multiplicity,364,2274534805,16,5000,0.0,0.05,rbf,median,anytime,bonferroni,3,10,False,UNRESOLVED,5000,True,False,False,0.0005058330134488642,0.0,0.18209213411654696,True,True,True,False
6a1c67316d59294f3317,multiplicity,multiplicity,365,445985122,16,5000,0.0,0.05,rbf,median,anytime,bonferroni,3,10,False,UNRESOLVED,5000,True,False,False,0.0004884590161964297,0.0,0.18209213411654696,True,True,True,False
c4a3c13c1beabc0c0916,multiplicity,multiplicity,366,1278528981,16,5000,0.0,0.05,rbf,median,anytime,bonferroni,3,10,False,UNRESOLVED,5000,True,False,False,0.0004812919651158154,0.0,0.18209213411654696,True,True,True,False
382cf37b3e543b6c8b0f,multiplicity,multiplicity,367,187349327,16,5000,0.0,0.05,rbf,median,anytime,bonferroni,3,10,False,UNRESOLVED,5000,True,False,False,0.00047758297296240926,0.0,0.18209213411654696,True,True,True,False
91742e2743433ab63282,multiplicity,multiplicity,368,414307944,16,5000,0.0,0.05,rbf,median,anytime,bonferroni,3,10,False,UNRESOLVED,5000,True,False,False,0.00047591596376150846,0.0,0.18209213411654696,True,True,True,False
d055bdbe01faa72f8eac,multiplicity,multiplicity,369,723152632,16,5000,0.0,0.05,rbf,median,anytime,bonferroni,3,10,False,UNRESOLVED,5000,True,False,False,0.00047591596376150846,0.0,0.18209213411654696,True,True,True,False
98194136eb13a0babf2a,multiplicity,multiplicity,370,2089542381,16,5000,0.0,0.05,rbf,median,anytime,bonferroni,3,10,False,UNRESOLVED,5000,True,False,False,0.0004754579858854413,0.0,0.18209213411654696,True,True,True,False
23352c712db0630e7c74,multiplicity,multiplicity,371,1051714551,16,5000,0.0,0.05,rbf,median,anytime,bonferroni,3,10,False,UNRESOLVED,5000,True,False,False,0.0004605419817380607,0.0,0.18209213411654696,True,True,True,False
98e1a15a0ded0b6744cc,multiplicity,multiplicity,372,1449203146,16,5000,0.0,0.05,rbf,median,anytime,bonferroni,3,10,False,UNRESOLVED,5000,True,False,False,0.0004194580251350999,0.0,0.18209213411654696,True,True,True,False
ea98793f7f6fae940323,multiplicity,multiplicity,373,1721015462,16,5000,0.0,0.05,rbf,median,anytime,bonferroni,3,10,False,UNRESOLVED,5000,True,False,False,0.0004082919913344085,0.0,0.18209213411654696,True,True,True,False
9dd2cd3b08de684d3dec,multiplicity,multiplicity,374,1058204188,16,5000,0.0,0.05,rbf,median,anytime,bonferroni,3,10,False,UNRESOLVED,5000,True,False,False,0.0004058749764226377,0.0,0.18209213411654696,True,True,True,False
af6afd6d8891e069bb7c,multiplicity,multiplicity,375,928284623,16,5000,0.0,0.05,rbf,median,anytime,bonferroni,3,10,False,UNRESOLVED,5000,True,False,False,0.0004039999912492931,0.0,0.18209213411654696,True,True,True,False
38e48409e796d9ab2275,multiplicity,multiplicity,376,1335850403,16,5000,0.0,0.05,rbf,median,anytime,bonferroni,3,10,False,UNRESOLVED,5000,True,False,False,0.0004058750346302986,0.0,0.18209213411654696,True,True,True,False
cd09b2ef3f17fe838433,multiplicity,multiplicity,377,2445838564,16,5000,0.0,0.05,rbf,median,anytime,bonferroni,3,10,False,UNRESOLVED,5000,True,False,False,0.00040141597855836153,0.0,0.18209213411654696,True,True,True,False
9c5e5caf3b42b3607f9c,multiplicity,multiplicity,378,2083856964,16,5000,0.0,0.05,rbf,median,anytime,bonferroni,3,10,False,UNRESOLVED,5000,True,False,False,0.00040024996269494295,0.0,0.18209213411654696,True,True,True,False
6f941434f872299ca34c,multiplicity,multiplicity,379,2543564225,16,5000,0.0,0.05,rbf,median,anytime,bonferroni,3,10,False,UNRESOLVED,5000,True,False,False,0.00040191697189584374,0.0,0.18209213411654696,True,True,True,False
013689042eb753145964,multiplicity,multiplicity,380,1188026642,16,5000,0.0,0.05,rbf,median,anytime,bonferroni,3,10,False,UNRESOLVED,5000,True,False,False,0.00040395796531811357,0.0,0.18209213411654696,True,True,True,False
1e4a7a00438ccc3bff76,multiplicity,multiplicity,381,995330272,16,5000,0.0,0.05,rbf,median,anytime,bonferroni,3,10,False,UNRESOLVED,5000,True,False,False,0.0004000000189989805,0.0,0.18209213411654696,True,True,True,False
f2f3c4b1b5946d46874d,multiplicity,multiplicity,382,2458386661,16,5000,0.0,0.05,rbf,median,anytime,bonferroni,3,10,False,UNRESOLVED,5000,True,False,False,0.00040079100290313363,0.0,0.18209213411654696,True,True,True,False
df27d6c8b81412904b21,multiplicity,multiplicity,383,1166555076,16,5000,0.0,0.05,rbf,median,anytime,bonferroni,3,10,False,UNRESOLVED,5000,True,False,False,0.00040033296681940556,0.0,0.18209213411654696,True,True,True,False
f315074ce190dd77aadb,multiplicity,multiplicity,384,3022774360,16,5000,0.0,0.05,rbf,median,anytime,bonferroni,3,10,False,UNRESOLVED,5000,True,False,False,0.00040316698141396046,0.0,0.18209213411654696,True,True,True,False
58f71b66a36efe983b32,multiplicity,multiplicity,385,1024250812,16,5000,0.0,0.05,rbf,median,anytime,bonferroni,3,10,False,UNRESOLVED,5000,True,False,False,0.00040025002090260386,0.0,0.18209213411654696,True,True,True,False
f3b0428dedcc2ad153e7,multiplicity,multiplicity,386,3078519328,16,5000,0.0,0.05,rbf,median,anytime,bonferroni,3,10,False,UNRESOLVED,5000,True,False,False,0.0004004999645985663,0.0,0.18209213411654696,True,True,True,False
980acdb2c28f004996de,multiplicity,multiplicity,387,122435068,16,5000,0.0,0.05,rbf,median,anytime,bonferroni,3,10,False,UNRESOLVED,5000,True,False,False,0.00040304200956597924,0.0,0.18209213411654696,True,True,True,False
b0fd03873763bac8a631,multiplicity,multiplicity,388,444241221,16,5000,0.0,0.05,rbf,median,anytime,bonferroni,3,10,False,UNRESOLVED,5000,True,False,False,0.000404624966904521,0.0,0.18209213411654696,True,True,True,False
36db58e35cbaef2c20b0,multiplicity,multiplicity,389,436855332,16,5000,0.0,0.05,rbf,median,anytime,bonferroni,3,10,False,UNRESOLVED,5000,True,False,False,0.000400334014557302,0.0,0.18209213411654696,True,True,True,False
4612e242885f1a149bed,multiplicity,multiplicity,390,3722751976,16,5000,0.0,0.05,rbf,median,anytime,bonferroni,3,10,False,UNRESOLVED,5000,True,False,False,0.00039879203541204333,0.0,0.18209213411654696,True,True,True,False
39fdff31e5b180c59bef,multiplicity,multiplicity,391,2377093179,16,5000,0.0,0.05,rbf,median,anytime,bonferroni,3,10,False,UNRESOLVED,5000,True,False,False,0.00040095800068229437,0.0,0.18209213411654696,True,True,True,False
29bc4da411d40c0684db,multiplicity,multiplicity,392,330253256,16,5000,0.0,0.05,rbf,median,anytime,bonferroni,3,10,False,UNRESOLVED,5000,True,False,False,0.00040454097324982285,0.0,0.18209213411654696,True,True,True,False
cbb95dd20d186cdb2d32,multiplicity,multiplicity,393,446079446,16,5000,0.0,0.05,rbf,median,anytime,bonferroni,3,10,False,UNRESOLVED,5000,True,False,False,0.00040145800448954105,0.0,0.18209213411654696,True,True,True,False
74396942d7c035a390ca,multiplicity,multiplicity,394,2846892652,16,5000,0.0,0.05,rbf,median,anytime,bonferroni,3,10,False,UNRESOLVED,5000,True,False,False,0.0004034999874420464,0.0,0.18209213411654696,True,True,True,False
d1fecbc2ed38323bbd64,multiplicity,multiplicity,395,222562791,16,5000,0.0,0.05,rbf,median,anytime,bonferroni,3,10,False,UNRESOLVED,5000,True,False,False,0.0004010419943369925,0.0,0.18209213411654696,True,True,True,False
0673aa99c1a626c862da,multiplicity,multiplicity,396,2666798669,16,5000,0.0,0.05,rbf,median,anytime,bonferroni,3,10,False,UNRESOLVED,5000,True,False,False,0.0004041669890284538,0.0,0.18209213411654696,True,True,True,False
dcbd143034ec536160b6,multiplicity,multiplicity,397,3319257558,16,5000,0.0,0.05,rbf,median,anytime,bonferroni,3,10,False,UNRESOLVED,5000,True,False,False,0.00039908301550894976,0.0,0.18209213411654696,True,True,True,False
c9d86f38e5ee86a18f17,multiplicity,multiplicity,398,34492663,16,5000,0.0,0.05,rbf,median,anytime,bonferroni,3,10,False,UNRESOLVED,5000,True,False,False,0.0003998749889433384,0.0,0.18209213411654696,True,True,True,False
d20a5a5f74498f0d574c,multiplicity,multiplicity,399,990651125,16,5000,0.0,0.05,rbf,median,anytime,bonferroni,3,10,False,UNRESOLVED,5000,True,False,False,0.0004004170186817646,0.0,0.18209213411654696,True,True,True,False
57fc5c7d1173e2a365d8,multiplicity,multiplicity,400,2688808621,16,5000,0.0,0.05,rbf,median,anytime,bonferroni,3,10,False,UNRESOLVED,5000,True,False,False,0.00040395901305601,0.0,0.18209213411654696,True,True,True,False
0a8bd050d5f24d64e708,multiplicity,multiplicity,401,2655596064,16,5000,0.0,0.05,rbf,median,anytime,bonferroni,3,10,False,UNRESOLVED,5000,True,False,False,0.0004000409971922636,0.0,0.18209213411654696,True,True,True,False
bf369c9f3e7810e7b19c,multiplicity,multiplicity,402,1113209565,16,5000,0.0,0.05,rbf,median,anytime,bonferroni,3,10,False,UNRESOLVED,5000,True,False,False,0.00039858301170170307,0.0,0.18209213411654696,True,True,True,False
2ba13783df5c60cd1735,multiplicity,multiplicity,403,3233897670,16,5000,0.0,0.05,rbf,median,anytime,bonferroni,3,10,False,UNRESOLVED,5000,True,False,False,0.0004001659690402448,0.0,0.18209213411654696,True,True,True,False
16c17b144198522a95a7,multiplicity,multiplicity,404,3273104835,16,5000,0.0,0.05,rbf,median,anytime,bonferroni,3,10,False,UNRESOLVED,5000,True,False,False,0.00040250003803521395,0.0,0.18209213411654696,True,True,True,False
7b598e46f10251e976fa,multiplicity,multiplicity,405,2154797734,16,5000,0.0,0.05,rbf,median,anytime,bonferroni,3,10,False,UNRESOLVED,5000,True,False,False,0.00040079199243336916,0.0,0.18209213411654696,True,True,True,False
e090286da1249fb385b8,multiplicity,multiplicity,406,2395848641,16,5000,0.0,0.05,rbf,median,anytime,bonferroni,3,10,False,UNRESOLVED,5000,True,False,False,0.0004009590484201908,0.0,0.18209213411654696,True,True,True,False
dbcbc355274186cf7123,multiplicity,multiplicity,407,1164216566,16,5000,0.0,0.05,rbf,median,anytime,bonferroni,3,10,False,UNRESOLVED,5000,True,False,False,0.000399957993067801,0.0,0.18209213411654696,True,True,True,False
a8cf87b441ac92177d30,multiplicity,multiplicity,408,1716853647,16,5000,0.0,0.05,rbf,median,anytime,bonferroni,3,10,False,UNRESOLVED,5000,True,False,False,0.00040504196658730507,0.0,0.18209213411654696,True,True,True,False
ceb28afb669a87ab7515,multiplicity,multiplicity,409,768929484,16,5000,0.0,0.05,rbf,median,anytime,bonferroni,3,10,False,UNRESOLVED,5000,True,False,False,0.00040258304215967655,0.0,0.18209213411654696,True,True,True,False
a08dd5928072b5507cae,multiplicity,multiplicity,410,915852599,16,5000,0.0,0.05,rbf,median,anytime,bonferroni,3,10,False,UNRESOLVED,5000,True,False,False,0.0004006249946542084,0.0,0.18209213411654696,True,True,True,False
f83f287897ee06da4211,multiplicity,multiplicity,411,1176820757,16,5000,0.0,0.05,rbf,median,anytime,bonferroni,3,10,False,UNRESOLVED,5000,True,False,False,0.00039287505205720663,0.0,0.18209213411654696,True,True,True,False
0e4eed061054b11e8b9e,multiplicity,multiplicity,412,3776201798,16,5000,0.0,0.05,rbf,median,anytime,bonferroni,3,10,False,UNRESOLVED,5000,True,False,False,0.0003476249985396862,0.0,0.18209213411654696,True,True,True,False
8184177c77d0252497b1,multiplicity,multiplicity,413,420111885,16,5000,0.0,0.05,rbf,median,anytime,bonferroni,3,10,False,UNRESOLVED,5000,True,False,False,0.0003453749814070761,0.0,0.18209213411654696,True,True,True,False
2297b8120f208cc2ad34,multiplicity,multiplicity,414,1767950764,16,5000,0.0,0.05,rbf,median,anytime,bonferroni,3,10,False,UNRESOLVED,5000,True,False,False,0.0003429169883020222,0.0,0.18209213411654696,True,True,True,False
65bd661a20eeec5a0326,multiplicity,multiplicity,415,798392669,16,5000,0.0,0.05,rbf,median,anytime,bonferroni,3,10,False,UNRESOLVED,5000,True,False,False,0.0003440830041654408,0.0,0.18209213411654696,True,True,True,False
852df6fb2b4edeb66994,multiplicity,multiplicity,416,19751424,16,5000,0.0,0.05,rbf,median,anytime,bonferroni,3,10,False,UNRESOLVED,5000,True,False,False,0.00034729199251160026,0.0,0.18209213411654696,True,True,True,False
bab40746e260a581e28f,multiplicity,multiplicity,417,1988379849,16,5000,0.0,0.05,rbf,median,anytime,bonferroni,3,10,False,UNRESOLVED,5000,True,False,False,0.00034324999433010817,0.0,0.18209213411654696,True,True,True,False
03ed98afd287c22bb0d5,multiplicity,multiplicity,418,2382252423,16,5000,0.0,0.05,rbf,median,anytime,bonferroni,3,10,False,UNRESOLVED,5000,True,False,False,0.0003454160178080201,0.0,0.18209213411654696,True,True,True,False
baeb9faf2152f86ec5f0,multiplicity,multiplicity,419,4183612616,16,5000,0.0,0.05,rbf,median,anytime,bonferroni,3,10,False,UNRESOLVED,5000,True,False,False,0.00034870795207098126,0.0,0.18209213411654696,True,True,True,False
e030f55a9eaa4eb1157a,multiplicity,multiplicity,420,3103911915,16,5000,0.0,0.05,rbf,median,anytime,bonferroni,3,10,False,UNRESOLVED,5000,True,False,False,0.00034895900171250105,0.0,0.18209213411654696,True,True,True,False
b3377c10f7f8a8f3942e,multiplicity,multiplicity,421,1786215631,16,5000,0.0,0.05,rbf,median,anytime,bonferroni,3,10,False,UNRESOLVED,5000,True,False,False,0.0003463749890215695,0.0,0.18209213411654696,True,True,True,False
d395ff9afb72966d9469,multiplicity,multiplicity,422,2370565193,16,5000,0.0,0.05,rbf,median,anytime,bonferroni,3,10,False,UNRESOLVED,5000,True,False,False,0.00034545804373919964,0.0,0.18209213411654696,True,True,True,False
1da1ed79e12554d6cae9,multiplicity,multiplicity,423,1653037311,16,5000,0.0,0.05,rbf,median,anytime,bonferroni,3,10,False,UNRESOLVED,5000,True,False,False,0.0003464999608695507,0.0,0.18209213411654696,True,True,True,False
b8a60a769f98d1bc336b,multiplicity,multiplicity,424,605725523,16,5000,0.0,0.05,rbf,median,anytime,bonferroni,3,10,False,UNRESOLVED,5000,True,False,False,0.0003482499741949141,0.0,0.18209213411654696,True,True,True,False
ddb35b06968fe7c3801e,multiplicity,multiplicity,425,1092332245,16,5000,0.0,0.05,rbf,median,anytime,bonferroni,3,10,False,UNRESOLVED,5000,True,False,False,0.00034491700353100896,0.0,0.18209213411654696,True,True,True,False
37c98df156630e35f73c,multiplicity,multiplicity,426,1103492180,16,5000,0.0,0.05,rbf,median,anytime,bonferroni,3,10,False,UNRESOLVED,5000,True,False,False,0.00034624995896592736,0.0,0.18209213411654696,True,True,True,False
ea04b32263a551c0e231,multiplicity,multiplicity,427,2682910557,16,5000,0.0,0.05,rbf,median,anytime,bonferroni,3,10,False,UNRESOLVED,5000,True,False,False,0.00034504104405641556,0.0,0.18209213411654696,True,True,True,False
7bc4b237ddbf7d1e81e4,multiplicity,multiplicity,428,305631281,16,5000,0.0,0.05,rbf,median,anytime,bonferroni,3,10,False,UNRESOLVED,5000,True,False,False,0.0003487080102786422,0.0,0.18209213411654696,True,True,True,False
9f0b9f389202e505fcce,multiplicity,multiplicity,429,333426677,16,5000,0.0,0.05,rbf,median,anytime,bonferroni,3,10,False,UNRESOLVED,5000,True,False,False,0.00034550001146271825,0.0,0.18209213411654696,True,True,True,False
2842bd155af99942e7fb,multiplicity,multiplicity,430,2160952616,16,5000,0.0,0.05,rbf,median,anytime,bonferroni,3,10,False,UNRESOLVED,5000,True,False,False,0.00034612498711794615,0.0,0.18209213411654696,True,True,True,False
1402419cfdf3551bb7da,multiplicity,multiplicity,431,3126705194,16,5000,0.0,0.05,rbf,median,anytime,bonferroni,3,10,False,UNRESOLVED,5000,True,False,False,0.0003458750434219837,0.0,0.18209213411654696,True,True,True,False
8aa34e6591309aaa9c35,multiplicity,multiplicity,432,2667772014,16,5000,0.0,0.05,rbf,median,anytime,bonferroni,3,10,False,UNRESOLVED,5000,True,False,False,0.00035029102582484484,0.0,0.18209213411654696,True,True,True,False
9ce1a3c97cbb5af94f37,multiplicity,multiplicity,433,857628565,16,5000,0.0,0.05,rbf,median,anytime,bonferroni,3,10,False,UNRESOLVED,5000,True,False,False,0.0003457500133663416,0.0,0.18209213411654696,True,True,True,False
0f7ba5ce52f6fc412516,multiplicity,multiplicity,434,1131558833,16,5000,0.0,0.05,rbf,median,anytime,bonferroni,3,10,False,UNRESOLVED,5000,True,False,False,0.00034616701304912567,0.0,0.18209213411654696,True,True,True,False
2bd8c8a7897a4e606506,multiplicity,multiplicity,435,3953135788,16,5000,0.0,0.05,rbf,median,anytime,bonferroni,3,10,False,UNRESOLVED,5000,True,False,False,0.00034554197918623686,0.0,0.18209213411654696,True,True,True,False
9a1901caf8dd5c2871dd,multiplicity,multiplicity,436,1453426107,16,5000,0.0,0.05,rbf,median,anytime,bonferroni,3,10,False,UNRESOLVED,5000,True,False,False,0.0003474999684840441,0.0,0.18209213411654696,True,True,True,False
79d626c9a3a4f108396e,multiplicity,multiplicity,437,165998455,16,5000,0.0,0.05,rbf,median,anytime,bonferroni,3,10,False,UNRESOLVED,5000,True,False,False,0.0003570829867385328,0.0,0.18209213411654696,True,True,True,False
a3caf51b44c1c58ab2b4,multiplicity,multiplicity,438,4166894037,16,5000,0.0,0.05,rbf,median,anytime,bonferroni,3,10,False,UNRESOLVED,5000,True,False,False,0.0003458329592831433,0.0,0.18209213411654696,True,True,True,False
1febe28b084e5fd5c731,multiplicity,multiplicity,439,143106439,16,5000,0.0,0.05,rbf,median,anytime,bonferroni,3,10,False,UNRESOLVED,5000,True,False,False,0.0003457090351730585,0.0,0.18209213411654696,True,True,True,False
b642bc346f80b90f42e6,multiplicity,multiplicity,440,1284612416,16,5000,0.0,0.05,rbf,median,anytime,bonferroni,3,10,False,UNRESOLVED,5000,True,False,False,0.00035033299354836345,0.0,0.18209213411654696,True,True,True,False
43e5aad1ccb609069faf,multiplicity,multiplicity,441,3697681954,16,5000,0.0,0.05,rbf,median,anytime,bonferroni,3,10,False,UNRESOLVED,5000,True,False,False,0.0003450419753789902,0.0,0.18209213411654696,True,True,True,False
63d2c2b2cb860165e541,multiplicity,multiplicity,442,1760297279,16,5000,0.0,0.05,rbf,median,anytime,bonferroni,3,10,False,UNRESOLVED,5000,True,False,False,0.00034662499092519283,0.0,0.18209213411654696,True,True,True,False
16954ec9360360b7e16a,multiplicity,multiplicity,443,3215629661,16,5000,0.0,0.05,rbf,median,anytime,bonferroni,3,10,False,UNRESOLVED,5000,True,False,False,0.00034716702066361904,0.0,0.18209213411654696,True,True,True,False
d17b69d886eb5a01cd39,multiplicity,multiplicity,444,1696768474,16,5000,0.0,0.05,rbf,median,anytime,bonferroni,3,10,False,UNRESOLVED,5000,True,False,False,0.0003987079835496843,0.0,0.18209213411654696,True,True,True,False
143eda0cdc51ae166353,multiplicity,multiplicity,445,3294956649,16,5000,0.0,0.05,rbf,median,anytime,bonferroni,3,10,False,UNRESOLVED,5000,True,False,False,0.0003998749889433384,0.0,0.18209213411654696,True,True,True,False
efade68bd115075df4b0,multiplicity,multiplicity,446,728782888,16,5000,0.0,0.05,rbf,median,anytime,bonferroni,3,10,False,UNRESOLVED,5000,True,False,False,0.00040558300679549575,0.0,0.18209213411654696,True,True,True,False
686ce072fd2619c71574,multiplicity,multiplicity,447,2465129413,16,5000,0.0,0.05,rbf,median,anytime,bonferroni,3,10,False,UNRESOLVED,5000,True,False,False,0.00039870903128758073,0.0,0.18209213411654696,True,True,True,False
be64a26843b77abcfeac,multiplicity,multiplicity,448,281295283,16,5000,0.0,0.05,rbf,median,anytime,bonferroni,3,10,False,UNRESOLVED,5000,True,False,False,0.0004030410200357437,0.0,0.18209213411654696,True,True,True,False
6ef337ef5d8487171d92,multiplicity,multiplicity,449,124235824,16,5000,0.0,0.05,rbf,median,anytime,bonferroni,3,10,False,UNRESOLVED,5000,True,False,False,0.0003997089806944132,0.0,0.18209213411654696,True,True,True,False
f6e0fef66f71b09dee2a,multiplicity,multiplicity,450,2518027195,16,5000,0.0,0.05,rbf,median,anytime,bonferroni,3,10,False,UNRESOLVED,5000,True,False,False,0.0004002919886261225,0.0,0.18209213411654696,True,True,True,False
654755ea070246f1848f,multiplicity,multiplicity,451,2744296324,16,5000,0.0,0.05,rbf,median,anytime,bonferroni,3,10,False,UNRESOLVED,5000,True,False,False,0.0004006249946542084,0.0,0.18209213411654696,True,True,True,False
339486c69fc394006da2,multiplicity,multiplicity,452,2632877156,16,5000,0.0,0.05,rbf,median,anytime,bonferroni,3,10,False,UNRESOLVED,5000,True,False,False,0.0004052920266985893,0.0,0.18209213411654696,True,True,True,False
e328e5b74690532c37c2,multiplicity,multiplicity,453,493808689,16,5000,0.0,0.05,rbf,median,anytime,bonferroni,3,10,False,UNRESOLVED,5000,True,False,False,0.00040083302883431315,0.0,0.18209213411654696,True,True,True,False
56d657732a348051dfd9,multiplicity,multiplicity,454,1794107803,16,5000,0.0,0.05,rbf,median,anytime,bonferroni,3,10,False,UNRESOLVED,5000,True,False,False,0.0004002919886261225,0.0,0.18209213411654696,True,True,True,False
6f7451b9b470be9849a8,multiplicity,multiplicity,455,2442621816,16,5000,0.0,0.05,rbf,median,anytime,bonferroni,3,10,False,UNRESOLVED,5000,True,False,False,0.0004005000228062272,0.0,0.18209213411654696,True,True,True,False
7b0af98384e6b6c9af41,multiplicity,multiplicity,456,4184863193,16,5000,0.0,0.05,rbf,median,anytime,bonferroni,3,10,False,UNRESOLVED,5000,True,False,False,0.0004057499463669956,0.0,0.18209213411654696,True,True,True,False
185d00987f2c7c7a2c06,multiplicity,multiplicity,457,2351628544,16,5000,0.0,0.05,rbf,median,anytime,bonferroni,3,10,False,UNRESOLVED,5000,True,False,False,0.00040083302883431315,0.0,0.18209213411654696,True,True,True,False
6af34b10b7f86e0ef225,multiplicity,multiplicity,458,58465324,16,5000,0.0,0.05,rbf,median,anytime,bonferroni,3,10,False,UNRESOLVED,5000,True,False,False,0.0004011249984614551,0.0,0.18209213411654696,True,True,True,False
b426ab7630895a95d82e,multiplicity,multiplicity,459,1232455595,16,5000,0.0,0.05,rbf,median,anytime,bonferroni,3,10,False,UNRESOLVED,5000,True,False,False,0.00040058395825326443,0.0,0.18209213411654696,True,True,True,False
a843ce43b183c2bce7a2,multiplicity,multiplicity,460,2930532599,16,5000,0.0,0.05,rbf,median,anytime,bonferroni,3,10,False,UNRESOLVED,5000,True,False,False,0.00040316703962162137,0.0,0.18209213411654696,True,True,True,False
70cf5c3e025c85eb654d,multiplicity,multiplicity,461,748774784,16,5000,0.0,0.05,rbf,median,anytime,bonferroni,3,10,False,UNRESOLVED,5000,True,False,False,0.00039979099528864026,0.0,0.18209213411654696,True,True,True,False
6af5e482cc40a1613b97,multiplicity,multiplicity,462,3780633305,16,5000,0.0,0.05,rbf,median,anytime,bonferroni,3,10,False,UNRESOLVED,5000,True,False,False,0.0004017080063931644,0.0,0.18209213411654696,True,True,True,False
52dbb521992418953955,multiplicity,multiplicity,463,194705305,16,5000,0.0,0.05,rbf,median,anytime,bonferroni,3,10,False,UNRESOLVED,5000,True,False,False,0.00039983296301215887,0.0,0.18209213411654696,True,True,True,False
d98f954fb41df3d514a2,multiplicity,multiplicity,464,40880507,16,5000,0.0,0.05,rbf,median,anytime,bonferroni,3,10,False,UNRESOLVED,5000,True,False,False,0.0004027090035378933,0.0,0.18209213411654696,True,True,True,False
8fbd8b73bf8568260ea2,multiplicity,multiplicity,465,1706045166,16,5000,0.0,0.05,rbf,median,anytime,bonferroni,3,10,False,UNRESOLVED,5000,True,False,False,0.000403582991566509,0.0,0.18209213411654696,True,True,True,False
bc3e5fbbba8ae369f546,multiplicity,multiplicity,466,1797135986,16,5000,0.0,0.05,rbf,median,anytime,bonferroni,3,10,False,UNRESOLVED,5000,True,False,False,0.0004023339715786278,0.0,0.18209213411654696,True,True,True,False
ec7150d09e978456c5b8,multiplicity,multiplicity,467,1336038133,16,5000,0.0,0.05,rbf,median,anytime,bonferroni,3,10,False,UNRESOLVED,5000,True,False,False,0.00040075002470985055,0.0,0.18209213411654696,True,True,True,False
4f6b2dd90be85a940b9f,multiplicity,multiplicity,468,1092716387,16,5000,0.0,0.05,rbf,median,anytime,bonferroni,3,10,False,UNRESOLVED,5000,True,False,False,0.0004046250251121819,0.0,0.18209213411654696,True,True,True,False
72ec0342494164e529c5,multiplicity,multiplicity,469,3402613309,16,5000,0.0,0.05,rbf,median,anytime,bonferroni,3,10,False,UNRESOLVED,5000,True,False,False,0.0004040420171804726,0.0,0.18209213411654696,True,True,True,False
89f93b35a2380db4eedf,multiplicity,multiplicity,470,2086331740,16,5000,0.0,0.05,rbf,median,anytime,bonferroni,3,10,False,UNRESOLVED,5000,True,False,False,0.0004011249984614551,0.0,0.18209213411654696,True,True,True,False
6f649d45f518b99d6cb9,multiplicity,multiplicity,471,3364300735,16,5000,0.0,0.05,rbf,median,anytime,bonferroni,3,10,False,UNRESOLVED,5000,True,False,False,0.0004034999874420464,0.0,0.18209213411654696,True,True,True,False
cb21880cd7ea1e838ea3,multiplicity,multiplicity,472,1917470609,16,5000,0.0,0.05,rbf,median,anytime,bonferroni,3,10,False,UNRESOLVED,5000,True,False,False,0.0004047499969601631,0.0,0.18209213411654696,True,True,True,False
84334cc09ec4b7d623c6,multiplicity,multiplicity,473,3782189085,16,5000,0.0,0.05,rbf,median,anytime,bonferroni,3,10,False,UNRESOLVED,5000,True,False,False,0.00040141603676602244,0.0,0.18209213411654696,True,True,True,False
7e6f75e0aefda2563ee5,multiplicity,multiplicity,474,3693126874,16,5000,0.0,0.05,rbf,median,anytime,bonferroni,3,10,False,UNRESOLVED,5000,True,False,False,0.000400334014557302,0.0,0.18209213411654696,True,True,True,False
a27f7c31d1f42f9ccf42,multiplicity,multiplicity,475,3671632864,16,5000,0.0,0.05,rbf,median,anytime,bonferroni,3,10,False,UNRESOLVED,5000,True,False,False,0.0003987500094808638,0.0,0.18209213411654696,True,True,True,False
e72db23008ea60fc038f,multiplicity,multiplicity,476,3715125554,16,5000,0.0,0.05,rbf,median,anytime,bonferroni,3,10,False,UNRESOLVED,5000,True,False,False,0.0004627920570783317,0.0,0.18209213411654696,True,True,True,False
3649866a1e4156553644,multiplicity,multiplicity,477,834185532,16,5000,0.0,0.05,rbf,median,anytime,bonferroni,3,10,False,UNRESOLVED,5000,True,False,False,0.0005314169684424996,0.0,0.18209213411654696,True,True,True,False
f9b01266e69fb54d3f73,multiplicity,multiplicity,478,3724082236,16,5000,0.0,0.05,rbf,median,anytime,bonferroni,3,10,False,UNRESOLVED,5000,True,False,False,0.0005037919618189335,0.0,0.18209213411654696,True,True,True,False
236c48d371583e12e60d,multiplicity,multiplicity,479,2183428459,16,5000,0.0,0.05,rbf,median,anytime,bonferroni,3,10,False,UNRESOLVED,5000,True,False,False,0.0005297919851727784,0.0,0.18209213411654696,True,True,True,False
df3cb7c0fb69d8fc5c48,multiplicity,multiplicity,480,3133560449,16,5000,0.0,0.05,rbf,median,anytime,bonferroni,3,10,False,UNRESOLVED,5000,True,False,False,0.0005319590563885868,0.0,0.18209213411654696,True,True,True,False
bfe59df455ad6ac5ed83,multiplicity,multiplicity,481,4278424866,16,5000,0.0,0.05,rbf,median,anytime,bonferroni,3,10,False,UNRESOLVED,5000,True,False,False,0.0004796250141225755,0.0,0.18209213411654696,True,True,True,False
78957c9decb334f4c3b4,multiplicity,multiplicity,482,3778009940,16,5000,0.0,0.05,rbf,median,anytime,bonferroni,3,10,False,UNRESOLVED,5000,True,False,False,0.0004771249950863421,0.0,0.18209213411654696,True,True,True,False
852a7f1d43a9f2b72a63,multiplicity,multiplicity,483,8583924,16,5000,0.0,0.05,rbf,median,anytime,bonferroni,3,10,False,UNRESOLVED,5000,True,False,False,0.0004716250114142895,0.0,0.18209213411654696,True,True,True,False
3713125cd59e0454753e,multiplicity,multiplicity,484,3573580037,16,5000,0.0,0.05,rbf,median,anytime,bonferroni,3,10,False,UNRESOLVED,5000,True,False,False,0.0004734169924631715,0.0,0.18209213411654696,True,True,True,False
0a741145d68ad3c3d49d,multiplicity,multiplicity,485,2833135805,16,5000,0.0,0.05,rbf,median,anytime,bonferroni,3,10,False,UNRESOLVED,5000,True,False,False,0.0004775840207003057,0.0,0.18209213411654696,True,True,True,False
2ba292bd3e9fd00048e3,multiplicity,multiplicity,486,720213799,16,5000,0.0,0.05,rbf,median,anytime,bonferroni,3,10,False,UNRESOLVED,5000,True,False,False,0.0004723339807242155,0.0,0.18209213411654696,True,True,True,False
ce9c3e464a1b67c93f12,multiplicity,multiplicity,487,1564300587,16,5000,0.0,0.05,rbf,median,anytime,bonferroni,3,10,False,UNRESOLVED,5000,True,False,False,0.0004718750133179128,0.0,0.18209213411654696,True,True,True,False
bd844a7b8d3a62c0ad68,multiplicity,multiplicity,488,189240375,16,5000,0.0,0.05,rbf,median,anytime,bonferroni,3,10,False,UNRESOLVED,5000,True,False,False,0.00047283299500122666,0.0,0.18209213411654696,True,True,True,False
8a80c49c9549aec9f865,multiplicity,multiplicity,489,3577385044,16,5000,0.0,0.05,rbf,median,anytime,bonferroni,3,10,False,UNRESOLVED,5000,True,False,False,0.0004701659781858325,0.0,0.18209213411654696,True,True,True,False
9229a053792800141ec7,multiplicity,multiplicity,490,1933950575,16,5000,0.0,0.05,rbf,median,anytime,bonferroni,3,10,False,UNRESOLVED,5000,True,False,False,0.0004717920091934502,0.0,0.18209213411654696,True,True,True,False
ff741aff7310a7979029,multiplicity,multiplicity,491,3597972696,16,5000,0.0,0.05,rbf,median,anytime,bonferroni,3,10,False,UNRESOLVED,5000,True,False,False,0.00047250004718080163,0.0,0.18209213411654696,True,True,True,False
ab0ba03f820b22402e2b,multiplicity,multiplicity,492,461020588,16,5000,0.0,0.05,rbf,median,anytime,bonferroni,3,10,False,UNRESOLVED,5000,True,False,False,0.0004801669856533408,0.0,0.18209213411654696,True,True,True,False
1b725e7d69ff087218d1,multiplicity,multiplicity,493,3205565675,16,5000,0.0,0.05,rbf,median,anytime,bonferroni,3,10,False,UNRESOLVED,5000,True,False,False,0.0004812910337932408,0.0,0.18209213411654696,True,True,True,False
c20fb86425c75a178834,multiplicity,multiplicity,494,972371480,16,5000,0.0,0.05,rbf,median,anytime,bonferroni,3,10,False,UNRESOLVED,5000,True,False,False,0.000476666959002614,0.0,0.18209213411654696,True,True,True,False
bee43967d6909f04c2af,multiplicity,multiplicity,495,3031596269,16,5000,0.0,0.05,rbf,median,anytime,bonferroni,3,10,False,UNRESOLVED,5000,True,False,False,0.0004983330145478249,0.0,0.18209213411654696,True,True,True,False
efa8245a12f5d0d792e0,multiplicity,multiplicity,496,751597113,16,5000,0.0,0.05,rbf,median,anytime,bonferroni,3,10,False,UNRESOLVED,5000,True,False,False,0.00043391698272898793,0.0,0.18209213411654696,True,True,True,False
1f94b24089cb8119736f,multiplicity,multiplicity,497,39683609,16,5000,0.0,0.05,rbf,median,anytime,bonferroni,3,10,False,UNRESOLVED,5000,True,False,False,0.0003598339972086251,0.0,0.18209213411654696,True,True,True,False
f0b2316f456213a92db2,multiplicity,multiplicity,498,2652811802,16,5000,0.0,0.05,rbf,median,anytime,bonferroni,3,10,False,UNRESOLVED,5000,True,False,False,0.00035258400021120906,0.0,0.18209213411654696,True,True,True,False
122c03ce94132dfa9b3b,multiplicity,multiplicity,499,3885120465,16,5000,0.0,0.05,rbf,median,anytime,bonferroni,3,10,False,UNRESOLVED,5000,True,False,False,0.0003487920039333403,0.0,0.18209213411654696,True,True,True,False
fcce0a5c231cca342a89,multiplicity,multiplicity,500,2503351737,16,5000,0.0,0.05,rbf,median,anytime,bonferroni,3,10,False,UNRESOLVED,5000,True,False,False,0.0003494580159895122,0.0,0.18209213411654696,True,True,True,False
6139d2d5fa27bfe3cb6c,multiplicity,multiplicity,501,3828473632,16,5000,0.0,0.05,rbf,median,anytime,bonferroni,3,10,False,UNRESOLVED,5000,True,False,False,0.00034783297451213,0.0,0.18209213411654696,True,True,True,False
c061e33488b2b63ccc52,multiplicity,multiplicity,502,631665817,16,5000,0.0,0.05,rbf,median,anytime,bonferroni,3,10,False,UNRESOLVED,5000,True,False,False,0.0003476249985396862,0.0,0.18209213411654696,True,True,True,False
c0599d599ab786bf8955,multiplicity,multiplicity,503,1711548580,16,5000,0.0,0.05,rbf,median,anytime,bonferroni,3,10,False,UNRESOLVED,5000,True,False,False,0.0003473750548437238,0.0,0.18209213411654696,True,True,True,False
d480a0b3f06da85a8055,multiplicity,multiplicity,504,2402092773,16,5000,0.0,0.05,rbf,median,anytime,bonferroni,3,10,False,UNRESOLVED,5000,True,False,False,0.00034779199631884694,0.0,0.18209213411654696,True,True,True,False
f2a10562365f097db7cd,multiplicity,multiplicity,505,3394230916,16,5000,0.0,0.05,rbf,median,anytime,bonferroni,3,10,False,UNRESOLVED,5000,True,False,False,0.0003476670244708657,0.0,0.18209213411654696,True,True,True,False
790f72f4f06233352281,multiplicity,multiplicity,506,4189271654,16,5000,0.0,0.05,rbf,median,anytime,bonferroni,3,10,False,UNRESOLVED,5000,True,False,False,0.0003480840241536498,0.0,0.18209213411654696,True,True,True,False
c7c3294994fd764cff55,multiplicity,multiplicity,507,3432918729,16,5000,0.0,0.05,rbf,median,anytime,bonferroni,3,10,False,UNRESOLVED,5000,True,False,False,0.00034716702066361904,0.0,0.18209213411654696,True,True,True,False
f6845e928fc6036b8541,multiplicity,multiplicity,508,1554652470,16,5000,0.0,0.05,rbf,median,anytime,bonferroni,3,10,False,UNRESOLVED,5000,True,False,False,0.00034783297451213,0.0,0.18209213411654696,True,True,True,False
abe6fe930c787749876a,multiplicity,multiplicity,509,1215572556,16,5000,0.0,0.05,rbf,median,anytime,bonferroni,3,10,False,UNRESOLVED,5000,True,False,False,0.00034604198299348354,0.0,0.18209213411654696,True,True,True,False
bd6f71be60b6ac390024,multiplicity,multiplicity,510,4005526893,16,5000,0.0,0.05,rbf,median,anytime,bonferroni,3,10,False,UNRESOLVED,5000,True,False,False,0.0003465829649940133,0.0,0.18209213411654696,True,True,True,False
0f3d5e8a51952d9af945,multiplicity,multiplicity,511,442316970,16,5000,0.0,0.05,rbf,median,anytime,bonferroni,3,10,False,UNRESOLVED,5000,True,False,False,0.00034566695103421807,0.0,0.18209213411654696,True,True,True,False
fcf20aaa8005579f7c79,multiplicity,multiplicity,512,3451471143,16,5000,0.0,0.05,rbf,median,anytime,bonferroni,3,10,False,UNRESOLVED,5000,True,False,False,0.0003470419906079769,0.0,0.18209213411654696,True,True,True,False
ad34df67311eb506bbcf,multiplicity,multiplicity,513,2442725055,16,5000,0.0,0.05,rbf,median,anytime,bonferroni,3,10,False,UNRESOLVED,5000,True,False,False,0.0003453330136835575,0.0,0.18209213411654696,True,True,True,False
0e194145410430188ec1,multiplicity,multiplicity,514,1411709675,16,5000,0.0,0.05,rbf,median,anytime,bonferroni,3,10,False,UNRESOLVED,5000,True,False,False,0.00034558301558718085,0.0,0.18209213411654696,True,True,True,False
748d08973599392fc855,multiplicity,multiplicity,515,636082771,16,5000,0.0,0.05,rbf,median,anytime,bonferroni,3,10,False,UNRESOLVED,5000,True,False,False,0.00034629099536687136,0.0,0.18209213411654696,True,True,True,False
206f2bc4c3a90f7165ec,multiplicity,multiplicity,516,2910943905,16,5000,0.0,0.05,rbf,median,anytime,bonferroni,3,10,False,UNRESOLVED,5000,True,False,False,0.0003453749814070761,0.0,0.18209213411654696,True,True,True,False
b606f3603358f6ba2579,multiplicity,multiplicity,517,3093896573,16,5000,0.0,0.05,rbf,median,anytime,bonferroni,3,10,False,UNRESOLVED,5000,True,False,False,0.000346417014952749,0.0,0.18209213411654696,True,True,True,False
848bc994fd81edaef6ad,multiplicity,multiplicity,518,3223666461,16,5000,0.0,0.05,rbf,median,anytime,bonferroni,3,10,False,UNRESOLVED,5000,True,False,False,0.0003445420297794044,0.0,0.18209213411654696,True,True,True,False
fd56005f4de20111c6be,multiplicity,multiplicity,519,2746583299,16,5000,0.0,0.05,rbf,median,anytime,bonferroni,3,10,False,UNRESOLVED,5000,True,False,False,0.0003470419906079769,0.0,0.18209213411654696,True,True,True,False
6728a9df8b77218176af,multiplicity,multiplicity,520,1714186808,16,5000,0.0,0.05,rbf,median,anytime,bonferroni,3,10,False,UNRESOLVED,5000,True,False,False,0.00034629099536687136,0.0,0.18209213411654696,True,True,True,False
118117a7dfb8f7b3c17a,multiplicity,multiplicity,521,1159291694,16,5000,0.0,0.05,rbf,median,anytime,bonferroni,3,10,False,UNRESOLVED,5000,True,False,False,0.00034837500425055623,0.0,0.18209213411654696,True,True,True,False
c10033580a509298fdbe,multiplicity,multiplicity,522,1194506118,16,5000,0.0,0.05,rbf,median,anytime,bonferroni,3,10,False,UNRESOLVED,5000,True,False,False,0.0003522089682519436,0.0,0.18209213411654696,True,True,True,False
9be3e3aa7141a06eea04,multiplicity,multiplicity,523,3873256290,16,5000,0.0,0.05,rbf,median,anytime,bonferroni,3,10,False,UNRESOLVED,5000,True,False,False,0.0003493329859338701,0.0,0.18209213411654696,True,True,True,False
adfea1b1289416f341c9,multiplicity,multiplicity,524,1068754318,16,5000,0.0,0.05,rbf,median,anytime,bonferroni,3,10,False,UNRESOLVED,5000,True,False,False,0.00034725002478808165,0.0,0.18209213411654696,True,True,True,False
8bb29791a0c887ce0898,multiplicity,multiplicity,525,3210517075,16,5000,0.0,0.05,rbf,median,anytime,bonferroni,3,10,False,UNRESOLVED,5000,True,False,False,0.00034620799124240875,0.0,0.18209213411654696,True,True,True,False
e604fff87321f5c8b62e,multiplicity,multiplicity,526,323325057,16,5000,0.0,0.05,rbf,median,anytime,bonferroni,3,10,False,UNRESOLVED,5000,True,False,False,0.0003471249947324395,0.0,0.18209213411654696,True,True,True,False
88b368f65b9d9036ccdd,multiplicity,multiplicity,527,609573180,16,5000,0.0,0.05,rbf,median,anytime,bonferroni,3,10,False,UNRESOLVED,5000,True,False,False,0.0003460829611867666,0.0,0.18209213411654696,True,True,True,False
71b147df3929429776a2,multiplicity,multiplicity,528,330013917,16,5000,0.0,0.05,rbf,median,anytime,bonferroni,3,10,False,UNRESOLVED,5000,True,False,False,0.0003690000157803297,0.0,0.18209213411654696,True,True,True,False
69d85f5dda6e75fef188,multiplicity,multiplicity,529,1768039734,16,5000,0.0,0.05,rbf,median,anytime,bonferroni,3,10,False,UNRESOLVED,5000,True,False,False,0.000399957993067801,0.0,0.18209213411654696,True,True,True,False
8dffb3b4d831f3e48610,multiplicity,multiplicity,530,1724034643,16,5000,0.0,0.05,rbf,median,anytime,bonferroni,3,10,False,UNRESOLVED,5000,True,False,False,0.00040204101242125034,0.0,0.18209213411654696,True,True,True,False
9f727107e3a622cd40a5,multiplicity,multiplicity,531,2419513741,16,5000,0.0,0.05,rbf,median,anytime,bonferroni,3,10,False,UNRESOLVED,5000,True,False,False,0.0004016669699922204,0.0,0.18209213411654696,True,True,True,False
f7a86441cecac14e4540,multiplicity,multiplicity,532,3284459909,16,5000,0.0,0.05,rbf,median,anytime,bonferroni,3,10,False,UNRESOLVED,5000,True,False,False,0.000402832985855639,0.0,0.18209213411654696,True,True,True,False
026a0ef38e078722c1ce,multiplicity,multiplicity,533,1034464713,16,5000,0.0,0.05,rbf,median,anytime,bonferroni,3,10,False,UNRESOLVED,5000,True,False,False,0.00040129199624061584,0.0,0.18209213411654696,True,True,True,False
81e9d2d2670fd1e3ff6d,multiplicity,multiplicity,534,3525412615,16,5000,0.0,0.05,rbf,median,anytime,bonferroni,3,10,False,UNRESOLVED,5000,True,False,False,0.00041633303044363856,0.0,0.18209213411654696,True,True,True,False
7a1f29b2e26fc6676f62,multiplicity,multiplicity,535,2237795339,16,5000,0.0,0.05,rbf,median,anytime,bonferroni,3,10,False,UNRESOLVED,5000,True,False,False,0.00040254200575873256,0.0,0.18209213411654696,True,True,True,False
b185b3204f2d211b1801,multiplicity,multiplicity,536,2506294484,16,5000,0.0,0.05,rbf,median,anytime,bonferroni,3,10,False,UNRESOLVED,5000,True,False,False,0.00040183402597904205,0.0,0.18209213411654696,True,True,True,False
507fbbc4e772044515e3,multiplicity,multiplicity,537,3348991450,16,5000,0.0,0.05,rbf,median,anytime,bonferroni,3,10,False,UNRESOLVED,5000,True,False,False,0.0004028330440632999,0.0,0.18209213411654696,True,True,True,False
bb85870c8142c6fea635,multiplicity,multiplicity,538,1981087922,16,5000,0.0,0.05,rbf,median,anytime,bonferroni,3,10,False,UNRESOLVED,5000,True,False,False,0.0004017500323243439,0.0,0.18209213411654696,True,True,True,False
2cdbeec7e8ccb5b6fd69,multiplicity,multiplicity,539,1027605628,16,5000,0.0,0.05,rbf,median,anytime,bonferroni,3,10,False,UNRESOLVED,5000,True,False,False,0.0004012080025859177,0.0,0.18209213411654696,True,True,True,False
6c0e66b0e90f3f55fbe4,multiplicity,multiplicity,540,4036213668,16,5000,0.0,0.05,rbf,median,anytime,bonferroni,3,10,False,UNRESOLVED,5000,True,False,False,0.0004010829725302756,0.0,0.18209213411654696,True,True,True,False
e3eee712ce9941abb05e,multiplicity,multiplicity,541,1115578211,16,5000,0.0,0.05,rbf,median,anytime,bonferroni,3,10,False,UNRESOLVED,5000,True,False,False,0.0004021250060759485,0.0,0.18209213411654696,True,True,True,False
78cbb6593ef4aaffe0eb,multiplicity,multiplicity,542,2245626411,16,5000,0.0,0.05,rbf,median,anytime,bonferroni,3,10,False,UNRESOLVED,5000,True,False,False,0.00040204200195148587,0.0,0.18209213411654696,True,True,True,False
7cbb6ca961f65049f03d,multiplicity,multiplicity,543,362743411,16,5000,0.0,0.05,rbf,median,anytime,bonferroni,3,10,False,UNRESOLVED,5000,True,False,False,0.00040604203240945935,0.0,0.18209213411654696,True,True,True,False
c730a7ee645223055ecf,multiplicity,multiplicity,544,3594795026,16,5000,0.0,0.05,rbf,median,anytime,bonferroni,3,10,False,UNRESOLVED,5000,True,False,False,0.0004037079634144902,0.0,0.18209213411654696,True,True,True,False
240fadfd0d2ff1ddd7e9,multiplicity,multiplicity,545,2024364710,16,5000,0.0,0.05,rbf,median,anytime,bonferroni,3,10,False,UNRESOLVED,5000,True,False,False,0.00040179200004786253,0.0,0.18209213411654696,True,True,True,False
14f72bdfd6f48ff91526,multiplicity,multiplicity,546,1941482102,16,5000,0.0,0.05,rbf,median,anytime,bonferroni,3,10,False,UNRESOLVED,5000,True,False,False,0.00040095800068229437,0.0,0.18209213411654696,True,True,True,False
a8d5364f58249c49f6e3,multiplicity,multiplicity,547,52108121,16,5000,0.0,0.05,rbf,median,anytime,bonferroni,3,10,False,UNRESOLVED,5000,True,False,False,0.0004022499779239297,0.0,0.18209213411654696,True,True,True,False
b63fd87ff4119dbfa633,multiplicity,multiplicity,548,2561297950,16,5000,0.0,0.05,rbf,median,anytime,bonferroni,3,10,False,UNRESOLVED,5000,True,False,False,0.0004045829991810024,0.0,0.18209213411654696,True,True,True,False
db7d42d2690e33e07d8e,multiplicity,multiplicity,549,1313625524,16,5000,0.0,0.05,rbf,median,anytime,bonferroni,3,10,False,UNRESOLVED,5000,True,False,False,0.00040249997982755303,0.0,0.18209213411654696,True,True,True,False
70a06c8144cf3bc401b3,multiplicity,multiplicity,550,4279349998,16,5000,0.0,0.05,rbf,median,anytime,bonferroni,3,10,False,UNRESOLVED,5000,True,False,False,0.0004040829953737557,0.0,0.18209213411654696,True,True,True,False
4269ca3eb69f25405ba0,multiplicity,multiplicity,551,1324687103,16,5000,0.0,0.05,rbf,median,anytime,bonferroni,3,10,False,UNRESOLVED,5000,True,False,False,0.0004058330086991191,0.0,0.18209213411654696,True,True,True,False
41967b635bf28e5e68a1,multiplicity,multiplicity,552,3477956371,16,5000,0.0,0.05,rbf,median,anytime,bonferroni,3,10,False,UNRESOLVED,5000,True,False,False,0.0004011669661849737,0.0,0.18209213411654696,True,True,True,False
43a88196f6289df302b2,multiplicity,multiplicity,553,4291266703,16,5000,0.0,0.05,rbf,median,anytime,bonferroni,3,10,False,UNRESOLVED,5000,True,False,False,0.00040424999315291643,0.0,0.18209213411654696,True,True,True,False
44cfc6d90651cc2e425f,multiplicity,multiplicity,554,2863376466,16,5000,0.0,0.05,rbf,median,anytime,bonferroni,3,10,False,UNRESOLVED,5000,True,False,False,0.00040404096944257617,0.0,0.18209213411654696,True,True,True,False
91fdc3558517d75586d9,multiplicity,multiplicity,555,2450824502,16,5000,0.0,0.05,rbf,median,anytime,bonferroni,3,10,False,UNRESOLVED,5000,True,False,False,0.0004023329820483923,0.0,0.18209213411654696,True,True,True,False
c1a1cde0b5a551c9c7af,multiplicity,multiplicity,556,3572177120,16,5000,0.0,0.05,rbf,median,anytime,bonferroni,3,10,False,UNRESOLVED,5000,True,False,False,0.00039479200495406985,0.0,0.18209213411654696,True,True,True,False
01c78b458d7d69267eb3,multiplicity,multiplicity,557,912679541,16,5000,0.0,0.05,rbf,median,anytime,bonferroni,3,10,False,UNRESOLVED,5000,True,False,False,0.00034970801789313555,0.0,0.18209213411654696,True,True,True,False
b042c61dcd7b7f303c0e,multiplicity,multiplicity,558,2263053737,16,5000,0.0,0.05,rbf,median,anytime,bonferroni,3,10,False,UNRESOLVED,5000,True,False,False,0.0003482910105958581,0.0,0.18209213411654696,True,True,True,False
e60a45716767d691c0fc,multiplicity,multiplicity,559,1976831384,16,5000,0.0,0.05,rbf,median,anytime,bonferroni,3,10,False,UNRESOLVED,5000,True,False,False,0.0003487910144031048,0.0,0.18209213411654696,True,True,True,False
9a003b91194ebeb21f52,multiplicity,multiplicity,560,4011113766,16,5000,0.0,0.05,rbf,median,anytime,bonferroni,3,10,False,UNRESOLVED,5000,True,False,False,0.00034562498331069946,0.0,0.18209213411654696,True,True,True,False
f8060a740dfe17614f44,multiplicity,multiplicity,561,2045513516,16,5000,0.0,0.05,rbf,median,anytime,bonferroni,3,10,False,UNRESOLVED,5000,True,False,False,0.0003481250023469329,0.0,0.18209213411654696,True,True,True,False
df1cd347e05137ba9d55,multiplicity,multiplicity,562,3217898234,16,5000,0.0,0.05,rbf,median,anytime,bonferroni,3,10,False,UNRESOLVED,5000,True,False,False,0.00034562498331069946,0.0,0.18209213411654696,True,True,True,False
2f021670d02cfc4ace1c,multiplicity,multiplicity,563,2398155842,16,5000,0.0,0.05,rbf,median,anytime,bonferroni,3,10,False,UNRESOLVED,5000,True,False,False,0.00034654198680073023,0.0,0.18209213411654696,True,True,True,False
134dd439f4d371ee77e7,multiplicity,multiplicity,564,220515834,16,5000,0.0,0.05,rbf,median,anytime,bonferroni,3,10,False,UNRESOLVED,5000,True,False,False,0.0003469589864835143,0.0,0.18209213411654696,True,True,True,False
9ff78601371352c3d0f2,multiplicity,multiplicity,565,1951576457,16,5000,0.0,0.05,rbf,median,anytime,bonferroni,3,10,False,UNRESOLVED,5000,True,False,False,0.0003453330136835575,0.0,0.18209213411654696,True,True,True,False
00245cee729a4fbd0e3e,multiplicity,multiplicity,566,570598656,16,5000,0.0,0.05,rbf,median,anytime,bonferroni,3,10,False,UNRESOLVED,5000,True,False,False,0.00034733297070488334,0.0,0.18209213411654696,True,True,True,False
77fda522955c91c4be5b,multiplicity,multiplicity,567,2255983656,16,5000,0.0,0.05,rbf,median,anytime,bonferroni,3,10,False,UNRESOLVED,5000,True,False,False,0.0003476670244708657,0.0,0.18209213411654696,True,True,True,False
51e9ac8872b9a44ea6bb,multiplicity,multiplicity,568,2965190663,16,5000,0.0,0.05,rbf,median,anytime,bonferroni,3,10,False,UNRESOLVED,5000,True,False,False,0.0003476659767329693,0.0,0.18209213411654696,True,True,True,False
1ef25b9acc4f92ef0d5c,multiplicity,multiplicity,569,3740546643,16,5000,0.0,0.05,rbf,median,anytime,bonferroni,3,10,False,UNRESOLVED,5000,True,False,False,0.00034608301939442754,0.0,0.18209213411654696,True,True,True,False
7211b5875cc2a878219e,multiplicity,multiplicity,570,2871273492,16,5000,0.0,0.05,rbf,median,anytime,bonferroni,3,10,False,UNRESOLVED,5000,True,False,False,0.000347500026691705,0.0,0.18209213411654696,True,True,True,False
292613f4b41531aa1167,multiplicity,multiplicity,571,788962774,16,5000,0.0,0.05,rbf,median,anytime,bonferroni,3,10,False,UNRESOLVED,5000,True,False,False,0.00034558301558718085,0.0,0.18209213411654696,True,True,True,False
2ef2dd4ea433036d9a9b,multiplicity,multiplicity,572,3948952988,16,5000,0.0,0.05,rbf,median,anytime,bonferroni,3,10,False,UNRESOLVED,5000,True,False,False,0.00034554197918623686,0.0,0.18209213411654696,True,True,True,False
bdd48d1e4e5ac376b2a5,multiplicity,multiplicity,573,3289951201,16,5000,0.0,0.05,rbf,median,anytime,bonferroni,3,10,False,UNRESOLVED,5000,True,False,False,0.00034666701685637236,0.0,0.18209213411654696,True,True,True,False
a1885303d17ffd2a5a96,multiplicity,multiplicity,574,1029708025,16,5000,0.0,0.05,rbf,median,anytime,bonferroni,3,10,False,UNRESOLVED,5000,True,False,False,0.0003469589864835143,0.0,0.18209213411654696,True,True,True,False
fc78234dccaf4fdebe12,multiplicity,multiplicity,575,2866762027,16,5000,0.0,0.05,rbf,median,anytime,bonferroni,3,10,False,UNRESOLVED,5000,True,False,False,0.0003471660311333835,0.0,0.18209213411654696,True,True,True,False
22f2d280c1b839699a86,multiplicity,multiplicity,576,1814643259,16,5000,0.0,0.05,rbf,median,anytime,bonferroni,3,10,False,UNRESOLVED,5000,True,False,False,0.0003477499703876674,0.0,0.18209213411654696,True,True,True,False
d927659d4fd7308d5002,multiplicity,multiplicity,577,3641880203,16,5000,0.0,0.05,rbf,median,anytime,bonferroni,3,10,False,UNRESOLVED,5000,True,False,False,0.00034674996277317405,0.0,0.18209213411654696,True,True,True,False
fc09060bc7e77a4dbb91,multiplicity,multiplicity,578,532388966,16,5000,0.0,0.05,rbf,median,anytime,bonferroni,3,10,False,UNRESOLVED,5000,True,False,False,0.00034791603684425354,0.0,0.18209213411654696,True,True,True,False
7cb5c514fb29a45e5eae,multiplicity,multiplicity,579,3239185547,16,5000,0.0,0.05,rbf,median,anytime,bonferroni,3,10,False,UNRESOLVED,5000,True,False,False,0.00034729199251160026,0.0,0.18209213411654696,True,True,True,False
167d85eb79062fd3761b,multiplicity,multiplicity,580,107432795,16,5000,0.0,0.05,rbf,median,anytime,bonferroni,3,10,False,UNRESOLVED,5000,True,False,False,0.00034616701304912567,0.0,0.18209213411654696,True,True,True,False
5f927ff0342a9a06216e,multiplicity,multiplicity,581,1437944878,16,5000,0.0,0.05,rbf,median,anytime,bonferroni,3,10,False,UNRESOLVED,5000,True,False,False,0.00034670799504965544,0.0,0.18209213411654696,True,True,True,False
f9203d828d8fb889abcd,multiplicity,multiplicity,582,3206586393,16,5000,0.0,0.05,rbf,median,anytime,bonferroni,3,10,False,UNRESOLVED,5000,True,False,False,0.00034770899219438434,0.0,0.18209213411654696,True,True,True,False
2310a0fceabab3c6f0c2,multiplicity,multiplicity,583,3129322754,16,5000,0.0,0.05,rbf,median,anytime,bonferroni,3,10,False,UNRESOLVED,5000,True,False,False,0.00034841703018173575,0.0,0.18209213411654696,True,True,True,False
583cac30cc142944127e,multiplicity,multiplicity,584,580378895,16,5000,0.0,0.05,rbf,median,anytime,bonferroni,3,10,False,UNRESOLVED,5000,True,False,False,0.0003463749890215695,0.0,0.18209213411654696,True,True,True,False
6f43e6e1aa9beaaba47c,multiplicity,multiplicity,585,722151751,16,5000,0.0,0.05,rbf,median,anytime,bonferroni,3,10,False,UNRESOLVED,5000,True,False,False,0.0003494999837130308,0.0,0.18209213411654696,True,True,True,False
6a2d7d2592a0f8bfce22,multiplicity,multiplicity,586,1760768670,16,5000,0.0,0.05,rbf,median,anytime,bonferroni,3,10,False,UNRESOLVED,5000,True,False,False,0.00034562498331069946,0.0,0.18209213411654696,True,True,True,False
4d6781207ace3683fa47,multiplicity,multiplicity,587,189617367,16,5000,0.0,0.05,rbf,median,anytime,bonferroni,3,10,False,UNRESOLVED,5000,True,False,False,0.00034612498711794615,0.0,0.18209213411654696,True,True,True,False
206df1da503fc0d512b5,multiplicity,multiplicity,588,374353288,16,5000,0.0,0.05,rbf,median,anytime,bonferroni,3,10,False,UNRESOLVED,5000,True,False,False,0.00034795800456777215,0.0,0.18209213411654696,True,True,True,False
a805f97e58d1b0542c06,multiplicity,multiplicity,589,4162271276,16,5000,0.0,0.05,rbf,median,anytime,bonferroni,3,10,False,UNRESOLVED,5000,True,False,False,0.000370624999050051,0.0,0.18209213411654696,True,True,True,False
8aa955676f3d3dec7446,multiplicity,multiplicity,590,2349097667,16,5000,0.0,0.05,rbf,median,anytime,bonferroni,3,10,False,UNRESOLVED,5000,True,False,False,0.0004039169871248305,0.0,0.18209213411654696,True,True,True,False
aa6fec9486be83252c67,multiplicity,multiplicity,591,1987854727,16,5000,0.0,0.05,rbf,median,anytime,bonferroni,3,10,False,UNRESOLVED,5000,True,False,False,0.00040312495548278093,0.0,0.18209213411654696,True,True,True,False
1af635956906665acf14,multiplicity,multiplicity,592,2902713275,16,5000,0.0,0.05,rbf,median,anytime,bonferroni,3,10,False,UNRESOLVED,5000,True,False,False,0.00040304200956597924,0.0,0.18209213411654696,True,True,True,False
e8f293baa758a840164e,multiplicity,multiplicity,593,502202170,16,5000,0.0,0.05,rbf,median,anytime,bonferroni,3,10,False,UNRESOLVED,5000,True,False,False,0.00040354201337322593,0.0,0.18209213411654696,True,True,True,False
c2fa201bcd8ad3334c20,multiplicity,multiplicity,594,2134439227,16,5000,0.0,0.05,rbf,median,anytime,bonferroni,3,10,False,UNRESOLVED,5000,True,False,False,0.00040499999886378646,0.0,0.18209213411654696,True,True,True,False
513d987cc6b8b22bc533,multiplicity,multiplicity,595,2203644229,16,5000,0.0,0.05,rbf,median,anytime,bonferroni,3,10,False,UNRESOLVED,5000,True,False,False,0.00040125002851709723,0.0,0.18209213411654696,True,True,True,False
65c9916fd0aa754b6094,multiplicity,multiplicity,596,4042637526,16,5000,0.0,0.05,rbf,median,anytime,bonferroni,3,10,False,UNRESOLVED,5000,True,False,False,0.00040374998934566975,0.0,0.18209213411654696,True,True,True,False
4178e3b1382b25d2762a,multiplicity,multiplicity,597,221111821,16,5000,0.0,0.05,rbf,median,anytime,bonferroni,3,10,False,UNRESOLVED,5000,True,False,False,0.00040270801400765777,0.0,0.18209213411654696,True,True,True,False
650fc0cb198763f37bc7,multiplicity,multiplicity,598,623762848,16,5000,0.0,0.05,rbf,median,anytime,bonferroni,3,10,False,UNRESOLVED,5000,True,False,False,0.0004012080025859177,0.0,0.18209213411654696,True,True,True,False
a38ffc9e9a1174e6ec4a,multiplicity,multiplicity,599,3061435007,16,5000,0.0,0.05,rbf,median,anytime,bonferroni,3,10,False,UNRESOLVED,5000,True,False,False,0.00040258304215967655,0.0,0.18209213411654696,True,True,True,False
3b319e3ca720039cad1f,multiplicity,multiplicity,600,3915126977,16,5000,0.0,0.05,rbf,median,anytime,bonferroni,3,10,False,UNRESOLVED,5000,True,False,False,0.0004029169795103371,0.0,0.18209213411654696,True,True,True,False
c733a906758913e62b94,multiplicity,multiplicity,601,3227742167,16,5000,0.0,0.05,rbf,median,anytime,bonferroni,3,10,False,UNRESOLVED,5000,True,False,False,0.0004022910143248737,0.0,0.18209213411654696,True,True,True,False
06e372a45a7ed6130059,multiplicity,multiplicity,602,2743263507,16,5000,0.0,0.05,rbf,median,anytime,bonferroni,3,10,False,UNRESOLVED,5000,True,False,False,0.00040304200956597924,0.0,0.18209213411654696,True,True,True,False
d8aca42e6e025b148ffd,multiplicity,multiplicity,603,3831997662,16,5000,0.0,0.05,rbf,median,anytime,bonferroni,3,10,False,UNRESOLVED,5000,True,False,False,0.000402832985855639,0.0,0.18209213411654696,True,True,True,False
887f873b0d47e390e2ff,multiplicity,multiplicity,604,3060685964,16,5000,0.0,0.05,rbf,median,anytime,bonferroni,3,10,False,UNRESOLVED,5000,True,False,False,0.00040191703010350466,0.0,0.18209213411654696,True,True,True,False
36275f87d2499a4c3be5,multiplicity,multiplicity,605,2962908059,16,5000,0.0,0.05,rbf,median,anytime,bonferroni,3,10,False,UNRESOLVED,5000,True,False,False,0.00040312501369044185,0.0,0.18209213411654696,True,True,True,False
f77de04e8be88b44df30,multiplicity,multiplicity,606,279546479,16,5000,0.0,0.05,rbf,median,anytime,bonferroni,3,10,False,UNRESOLVED,5000,True,False,False,0.0004034169833175838,0.0,0.18209213411654696,True,True,True,False
70d6b0099a8eae19bf4f,multiplicity,multiplicity,607,2205597329,16,5000,0.0,0.05,rbf,median,anytime,bonferroni,3,10,False,UNRESOLVED,5000,True,False,False,0.0004082089872099459,0.0,0.18209213411654696,True,True,True,False
ce80335fd80b446b1809,multiplicity,multiplicity,608,1614072273,16,5000,0.0,0.05,rbf,median,anytime,bonferroni,3,10,False,UNRESOLVED,5000,True,False,False,0.00040270795579999685,0.0,0.18209213411654696,True,True,True,False
270ce329e049197bc5bd,multiplicity,multiplicity,609,3252312289,16,5000,0.0,0.05,rbf,median,anytime,bonferroni,3,10,False,UNRESOLVED,5000,True,False,False,0.0004022080102004111,0.0,0.18209213411654696,True,True,True,False
4e0034fe3d745ee2e23c,multiplicity,multiplicity,610,202081524,16,5000,0.0,0.05,rbf,median,anytime,bonferroni,3,10,False,UNRESOLVED,5000,True,False,False,0.00040362501749768853,0.0,0.18209213411654696,True,True,True,False
7ca0dbe9b5b3b0ba4826,multiplicity,multiplicity,611,853171081,16,5000,0.0,0.05,rbf,median,anytime,bonferroni,3,10,False,UNRESOLVED,5000,True,False,False,0.00039879203541204333,0.0,0.18209213411654696,True,True,True,False
737ccb4a04e8ff83fc8a,multiplicity,multiplicity,612,520942412,16,5000,0.0,0.05,rbf,median,anytime,bonferroni,3,10,False,UNRESOLVED,5000,True,False,False,0.0004027499817311764,0.0,0.18209213411654696,True,True,True,False
3cadfdc90af88c993fae,multiplicity,multiplicity,613,2795848458,16,5000,0.0,0.05,rbf,median,anytime,bonferroni,3,10,False,UNRESOLVED,5000,True,False,False,0.00040066702058538795,0.0,0.18209213411654696,True,True,True,False
c295aef355946ba5db23,multiplicity,multiplicity,614,3242335647,16,5000,0.0,0.05,rbf,median,anytime,bonferroni,3,10,False,UNRESOLVED,5000,True,False,False,0.00040470901876688004,0.0,0.18209213411654696,True,True,True,False
441f26602158908efa0e,multiplicity,multiplicity,615,3123710255,16,5000,0.0,0.05,rbf,median,anytime,bonferroni,3,10,False,UNRESOLVED,5000,True,False,False,0.00040379096753895283,0.0,0.18209213411654696,True,True,True,False
ab08f820f5252f9b6a1e,multiplicity,multiplicity,616,3664263894,16,5000,0.0,0.05,rbf,median,anytime,bonferroni,3,10,False,UNRESOLVED,5000,True,False,False,0.0004016669699922204,0.0,0.18209213411654696,True,True,True,False
03dbae2daadd1d141c6f,multiplicity,multiplicity,617,167583119,16,5000,0.0,0.05,rbf,median,anytime,bonferroni,3,10,False,UNRESOLVED,5000,True,False,False,0.0004012080025859177,0.0,0.18209213411654696,True,True,True,False
9b4f2be5ae4758953202,multiplicity,multiplicity,618,2050260032,16,5000,0.0,0.05,rbf,median,anytime,bonferroni,3,10,False,UNRESOLVED,5000,True,False,False,0.0004004579968750477,0.0,0.18209213411654696,True,True,True,False
9e5249a6c3e7da965b92,multiplicity,multiplicity,619,1598717031,16,5000,0.0,0.05,rbf,median,anytime,bonferroni,3,10,False,UNRESOLVED,5000,True,False,False,0.00040249997982755303,0.0,0.18209213411654696,True,True,True,False
fbd616994b79009f3316,multiplicity,multiplicity,620,3303992848,16,5000,0.0,0.05,rbf,median,anytime,bonferroni,3,10,False,UNRESOLVED,5000,True,False,False,0.00040258298395201564,0.0,0.18209213411654696,True,True,True,False
13e6e3d703657dfe91a3,multiplicity,multiplicity,621,3505755174,16,5000,0.0,0.05,rbf,median,anytime,bonferroni,3,10,False,UNRESOLVED,5000,True,False,False,0.00040295900544151664,0.0,0.18209213411654696,True,True,True,False
01e710d35b74b5fce086,multiplicity,multiplicity,622,1542994556,16,5000,0.0,0.05,rbf,median,anytime,bonferroni,3,10,False,UNRESOLVED,5000,True,False,False,0.0004016670281998813,0.0,0.18209213411654696,True,True,True,False
9a5f08d0773159497961,multiplicity,multiplicity,623,3488829774,16,5000,0.0,0.05,rbf,median,anytime,bonferroni,3,10,False,UNRESOLVED,5000,True,False,False,0.0004076670156791806,0.0,0.18209213411654696,True,True,True,False
6b40fbf9542f704706c0,multiplicity,multiplicity,624,3857981909,16,5000,0.0,0.05,rbf,median,anytime,bonferroni,3,10,False,UNRESOLVED,5000,True,False,False,0.00040208298014476895,0.0,0.18209213411654696,True,True,True,False
79516d4283557ebee61e,multiplicity,multiplicity,625,1878432000,16,5000,0.0,0.05,rbf,median,anytime,bonferroni,3,10,False,UNRESOLVED,5000,True,False,False,0.00040300004184246063,0.0,0.18209213411654696,True,True,True,False
2e82d8085191066651bb,multiplicity,multiplicity,626,1106381348,16,5000,0.0,0.05,rbf,median,anytime,bonferroni,3,10,False,UNRESOLVED,5000,True,False,False,0.0004013329744338989,0.0,0.18209213411654696,True,True,True,False
33b5770ddd9dc636243e,multiplicity,multiplicity,627,4057527523,16,5000,0.0,0.05,rbf,median,anytime,bonferroni,3,10,False,UNRESOLVED,5000,True,False,False,0.0004003749927505851,0.0,0.18209213411654696,True,True,True,False
14af75d0d996be272110,multiplicity,multiplicity,628,1708383353,16,5000,0.0,0.05,rbf,median,anytime,bonferroni,3,10,False,UNRESOLVED,5000,True,False,False,0.0004076249897480011,0.0,0.18209213411654696,True,True,True,False
3a334d7d5faeb116f7d3,multiplicity,multiplicity,629,1555582857,16,5000,0.0,0.05,rbf,median,anytime,bonferroni,3,10,False,UNRESOLVED,5000,True,False,False,0.0004030829877592623,0.0,0.18209213411654696,True,True,True,False
a03b776d4c7efa8f7712,multiplicity,multiplicity,630,13505137,16,5000,0.0,0.05,rbf,median,anytime,bonferroni,3,10,False,UNRESOLVED,5000,True,False,False,0.00040316698141396046,0.0,0.18209213411654696,True,True,True,False
3ea1cda0a34a2d2cf22a,multiplicity,multiplicity,631,1610733780,16,5000,0.0,0.05,rbf,median,anytime,bonferroni,3,10,False,UNRESOLVED,5000,True,False,False,0.00040366698522120714,0.0,0.18209213411654696,True,True,True,False
90c8184d7aa0e17c1a63,multiplicity,multiplicity,632,1652436900,16,5000,0.0,0.05,rbf,median,anytime,bonferroni,3,10,False,UNRESOLVED,5000,True,False,False,0.0004029999836347997,0.0,0.18209213411654696,True,True,True,False
d81b19c070eebb0bd554,multiplicity,multiplicity,633,844943767,16,5000,0.0,0.05,rbf,median,anytime,bonferroni,3,10,False,UNRESOLVED,5000,True,False,False,0.0004016250022687018,0.0,0.18209213411654696,True,True,True,False
1b69d6c04f46d8fe33af,multiplicity,multiplicity,634,3776129381,16,5000,0.0,0.05,rbf,median,anytime,bonferroni,3,10,False,UNRESOLVED,5000,True,False,False,0.00040066702058538795,0.0,0.18209213411654696,True,True,True,False
d37c974112caa6f509f8,multiplicity,multiplicity,635,1595847401,16,5000,0.0,0.05,rbf,median,anytime,bonferroni,3,10,False,UNRESOLVED,5000,True,False,False,0.0004015419981442392,0.0,0.18209213411654696,True,True,True,False
ce45c4f80338fcdcf8e4,multiplicity,multiplicity,636,2493413888,16,5000,0.0,0.05,rbf,median,anytime,bonferroni,3,10,False,UNRESOLVED,5000,True,False,False,0.00040195800829678774,0.0,0.18209213411654696,True,True,True,False
e00d901ccabc13e726cd,multiplicity,multiplicity,637,3795836530,16,5000,0.0,0.05,rbf,median,anytime,bonferroni,3,10,False,UNRESOLVED,5000,True,False,False,0.0004038750194013119,0.0,0.18209213411654696,True,True,True,False
75d4063ff52c55418087,multiplicity,multiplicity,638,2660068263,16,5000,0.0,0.05,rbf,median,anytime,bonferroni,3,10,False,UNRESOLVED,5000,True,False,False,0.00040304200956597924,0.0,0.18209213411654696,True,True,True,False
79f48c1d6c206422ac42,multiplicity,multiplicity,639,1597146103,16,5000,0.0,0.05,rbf,median,anytime,bonferroni,3,10,False,UNRESOLVED,5000,True,False,False,0.0004004169604741037,0.0,0.18209213411654696,True,True,True,False
5578aebf29c0e0fbd7b5,multiplicity,multiplicity,640,2377781338,16,5000,0.0,0.05,rbf,median,anytime,bonferroni,3,10,False,UNRESOLVED,5000,True,False,False,0.000401791010517627,0.0,0.18209213411654696,True,True,True,False
30a02d3e918065fd8245,multiplicity,multiplicity,641,3178980668,16,5000,0.0,0.05,rbf,median,anytime,bonferroni,3,10,False,UNRESOLVED,5000,True,False,False,0.00040295900544151664,0.0,0.18209213411654696,True,True,True,False
f0d09b62ea33da275325,multiplicity,multiplicity,642,2229826253,16,5000,0.0,0.05,rbf,median,anytime,bonferroni,3,10,False,UNRESOLVED,5000,True,False,False,0.00040333298966288567,0.0,0.18209213411654696,True,True,True,False
a5d109289c1a435a78f7,multiplicity,multiplicity,643,3473879126,16,5000,0.0,0.05,rbf,median,anytime,bonferroni,3,10,False,UNRESOLVED,5000,True,False,False,0.0004008340183645487,0.0,0.18209213411654696,True,True,True,False
61f839c9497bd6a59afa,multiplicity,multiplicity,644,857610376,16,5000,0.0,0.05,rbf,median,anytime,bonferroni,3,10,False,UNRESOLVED,5000,True,False,False,0.0004023339715786278,0.0,0.18209213411654696,True,True,True,False
d6e368ee3b0415dca392,multiplicity,multiplicity,645,3155250734,16,5000,0.0,0.05,rbf,median,anytime,bonferroni,3,10,False,UNRESOLVED,5000,True,False,False,0.0004005419905297458,0.0,0.18209213411654696,True,True,True,False
75899901a76b023b60d7,multiplicity,multiplicity,646,1060351348,16,5000,0.0,0.05,rbf,median,anytime,bonferroni,3,10,False,UNRESOLVED,5000,True,False,False,0.0004004169604741037,0.0,0.18209213411654696,True,True,True,False
faeb1404546592f435dc,multiplicity,multiplicity,647,58653815,16,5000,0.0,0.05,rbf,median,anytime,bonferroni,3,10,False,UNRESOLVED,5000,True,False,False,0.0004058750346302986,0.0,0.18209213411654696,True,True,True,False
af0eb82116e2022b4287,multiplicity,multiplicity,648,3274234014,16,5000,0.0,0.05,rbf,median,anytime,bonferroni,3,10,False,UNRESOLVED,5000,True,False,False,0.00040033302502706647,0.0,0.18209213411654696,True,True,True,False
7262fa855f260cfcb26d,multiplicity,multiplicity,649,2527062737,16,5000,0.0,0.05,rbf,median,anytime,bonferroni,3,10,False,UNRESOLVED,5000,True,False,False,0.000405792030505836,0.0,0.18209213411654696,True,True,True,False
a2d168160d99d0ae387a,multiplicity,multiplicity,650,3532251079,16,5000,0.0,0.05,rbf,median,anytime,bonferroni,3,10,False,UNRESOLVED,5000,True,False,False,0.0003914170083589852,0.0,0.18209213411654696,True,True,True,False
e11256efbde33353fe3c,multiplicity,multiplicity,651,3561010720,16,5000,0.0,0.05,rbf,median,anytime,bonferroni,3,10,False,UNRESOLVED,5000,True,False,False,0.0003458329592831433,0.0,0.18209213411654696,True,True,True,False
4d2dcd4b5d90f81e81b1,multiplicity,multiplicity,652,793921581,16,5000,0.0,0.05,rbf,median,anytime,bonferroni,3,10,False,UNRESOLVED,5000,True,False,False,0.00034508301177993417,0.0,0.18209213411654696,True,True,True,False
2b446e65d2c015d741eb,multiplicity,multiplicity,653,3695833076,16,5000,0.0,0.05,rbf,median,anytime,bonferroni,3,10,False,UNRESOLVED,5000,True,False,False,0.0003458329592831433,0.0,0.18209213411654696,True,True,True,False
f6c5d0e8b0f6a6fba91b,multiplicity,multiplicity,654,2230932309,16,5000,0.0,0.05,rbf,median,anytime,bonferroni,3,10,False,UNRESOLVED,5000,True,False,False,0.00034662499092519283,0.0,0.18209213411654696,True,True,True,False
980f6d8c303a3ac6a7cc,multiplicity,multiplicity,655,2996694391,16,5000,0.0,0.05,rbf,median,anytime,bonferroni,3,10,False,UNRESOLVED,5000,True,False,False,0.0003476669662632048,0.0,0.18209213411654696,True,True,True,False
a1f9c6ea1848982ad2e9,multiplicity,multiplicity,656,627229024,16,5000,0.0,0.05,rbf,median,anytime,bonferroni,3,10,False,UNRESOLVED,5000,True,False,False,0.0003457090351730585,0.0,0.18209213411654696,True,True,True,False
ad823bf937ecb4c34f4a,multiplicity,multiplicity,657,2178242942,16,5000,0.0,0.05,rbf,median,anytime,bonferroni,3,10,False,UNRESOLVED,5000,True,False,False,0.000346417014952749,0.0,0.18209213411654696,True,True,True,False
33222611b621697e83c0,multiplicity,multiplicity,658,1291503062,16,5000,0.0,0.05,rbf,median,anytime,bonferroni,3,10,False,UNRESOLVED,5000,True,False,False,0.0003458330174908042,0.0,0.18209213411654696,True,True,True,False
b4818f467246179d3d55,multiplicity,multiplicity,659,975928510,16,5000,0.0,0.05,rbf,median,anytime,bonferroni,3,10,False,UNRESOLVED,5000,True,False,False,0.00034624995896592736,0.0,0.18209213411654696,True,True,True,False
b94747a3af7bcd1f8197,multiplicity,multiplicity,660,1422010730,16,5000,0.0,0.05,rbf,median,anytime,bonferroni,3,10,False,UNRESOLVED,5000,True,False,False,0.0003452919772826135,0.0,0.18209213411654696,True,True,True,False
1d2005fb5454fc9b2445,multiplicity,multiplicity,661,2322536321,16,5000,0.0,0.05,rbf,median,anytime,bonferroni,3,10,False,UNRESOLVED,5000,True,False,False,0.00034554197918623686,0.0,0.18209213411654696,True,True,True,False
44cb7dcac694c05ab60f,multiplicity,multiplicity,662,4102706573,16,5000,0.0,0.05,rbf,median,anytime,bonferroni,3,10,False,UNRESOLVED,5000,True,False,False,0.0003464589826762676,0.0,0.18209213411654696,True,True,True,False
ce6221df9292d6664d3c,multiplicity,multiplicity,663,423847011,16,5000,0.0,0.05,rbf,median,anytime,bonferroni,3,10,False,UNRESOLVED,5000,True,False,False,0.00034720898838713765,0.0,0.18209213411654696,True,True,True,False
432327997150c52e3e84,multiplicity,multiplicity,664,2069259290,16,5000,0.0,0.05,rbf,median,anytime,bonferroni,3,10,False,UNRESOLVED,5000,True,False,False,0.00034616701304912567,0.0,0.18209213411654696,True,True,True,False
c1129c401f49a64eae45,multiplicity,multiplicity,665,3795620534,16,5000,0.0,0.05,rbf,median,anytime,bonferroni,3,10,False,UNRESOLVED,5000,True,False,False,0.0003458330174908042,0.0,0.18209213411654696,True,True,True,False
65bec0d65cedbb1d553a,multiplicity,multiplicity,666,3905088629,16,5000,0.0,0.05,rbf,median,anytime,bonferroni,3,10,False,UNRESOLVED,5000,True,False,False,0.00034604198299348354,0.0,0.18209213411654696,True,True,True,False
fc4829d430290ccf9d6e,multiplicity,multiplicity,667,2968482238,16,5000,0.0,0.05,rbf,median,anytime,bonferroni,3,10,False,UNRESOLVED,5000,True,False,False,0.00034612504532560706,0.0,0.18209213411654696,True,True,True,False
58fb41415f7da06071c2,multiplicity,multiplicity,668,1319075311,16,5000,0.0,0.05,rbf,median,anytime,bonferroni,3,10,False,UNRESOLVED,5000,True,False,False,0.0003476659767329693,0.0,0.18209213411654696,True,True,True,False
e0bbcf72f3910a75e003,multiplicity,multiplicity,669,1763246298,16,5000,0.0,0.05,rbf,median,anytime,bonferroni,3,10,False,UNRESOLVED,5000,True,False,False,0.00034720904659479856,0.0,0.18209213411654696,True,True,True,False
303e8ba2b0a711599cb0,multiplicity,multiplicity,670,3502884071,16,5000,0.0,0.05,rbf,median,anytime,bonferroni,3,10,False,UNRESOLVED,5000,True,False,False,0.0005405420088209212,0.0,0.18209213411654696,True,True,True,False
e3daafb95b09631eed85,multiplicity,multiplicity,671,890536009,16,5000,0.0,0.05,rbf,median,anytime,bonferroni,3,10,False,UNRESOLVED,5000,True,False,False,0.0005258329911157489,0.0,0.18209213411654696,True,True,True,False
66801d9250a35ca4cd12,multiplicity,multiplicity,672,4146765175,16,5000,0.0,0.05,rbf,median,anytime,bonferroni,3,10,False,UNRESOLVED,5000,True,False,False,0.0004827079828828573,0.0,0.18209213411654696,True,True,True,False
9796a840b1fc72a43bf5,multiplicity,multiplicity,673,3694970114,16,5000,0.0,0.05,rbf,median,anytime,bonferroni,3,10,False,UNRESOLVED,5000,True,False,False,0.00047562504187226295,0.0,0.18209213411654696,True,True,True,False
ce4d4e6eaba62e43bdd5,multiplicity,multiplicity,674,1331290050,16,5000,0.0,0.05,rbf,median,anytime,bonferroni,3,10,False,UNRESOLVED,5000,True,False,False,0.00048337498446926475,0.0,0.18209213411654696,True,True,True,False
6b4169b51e9728c5bcfa,multiplicity,multiplicity,675,1758949997,16,5000,0.0,0.05,rbf,median,anytime,bonferroni,3,10,False,UNRESOLVED,5000,True,False,False,0.0004759170114994049,0.0,0.18209213411654696,True,True,True,False
438cf9433a9c56cbf1e9,multiplicity,multiplicity,676,2624670029,16,5000,0.0,0.05,rbf,median,anytime,bonferroni,3,10,False,UNRESOLVED,5000,True,False,False,0.00047316699055954814,0.0,0.18209213411654696,True,True,True,False
358b33ceae123bee47b7,multiplicity,multiplicity,677,807379371,16,5000,0.0,0.05,rbf,median,anytime,bonferroni,3,10,False,UNRESOLVED,5000,True,False,False,0.00047395803267136216,0.0,0.18209213411654696,True,True,True,False
42058c2eb7b3a024931d,multiplicity,multiplicity,678,2100563756,16,5000,0.0,0.05,rbf,median,anytime,bonferroni,3,10,False,UNRESOLVED,5000,True,False,False,0.00047379202442243695,0.0,0.18209213411654696,True,True,True,False
18e7c4ad8d9ba8077f21,multiplicity,multiplicity,679,3563054212,16,5000,0.0,0.05,rbf,median,anytime,bonferroni,3,10,False,UNRESOLVED,5000,True,False,False,0.00048029201570898294,0.0,0.18209213411654696,True,True,True,False
25d0fd0269e1ca976c5d,multiplicity,multiplicity,680,750156000,16,5000,0.0,0.05,rbf,median,anytime,bonferroni,3,10,False,UNRESOLVED,5000,True,False,False,0.00046954199206084013,0.0,0.18209213411654696,True,True,True,False
ffe931934895e0eaec35,multiplicity,multiplicity,681,4031791333,16,5000,0.0,0.05,rbf,median,anytime,bonferroni,3,10,False,UNRESOLVED,5000,True,False,False,0.0004917090409435332,0.0,0.18209213411654696,True,True,True,False
54940e73eb4df7835ac4,multiplicity,multiplicity,682,1231944806,16,5000,0.0,0.05,rbf,median,anytime,bonferroni,3,10,False,UNRESOLVED,5000,True,False,False,0.000524458009749651,0.0,0.18209213411654696,True,True,True,False
05c54993cec0df59d757,multiplicity,multiplicity,683,4024429704,16,5000,0.0,0.05,rbf,median,anytime,bonferroni,3,10,False,UNRESOLVED,5000,True,False,False,0.0005667919758707285,0.0,0.18209213411654696,True,True,True,False
59e3b5659a3d82e44939,multiplicity,multiplicity,684,321822672,16,5000,0.0,0.05,rbf,median,anytime,bonferroni,3,10,False,UNRESOLVED,5000,True,False,False,0.0005307499668560922,0.0,0.18209213411654696,True,True,True,False
4a5bd30f5299c51252bb,multiplicity,multiplicity,685,1545637928,16,5000,0.0,0.05,rbf,median,anytime,bonferroni,3,10,False,UNRESOLVED,5000,True,False,False,0.0004876669845543802,0.0,0.18209213411654696,True,True,True,False
d0ccdb3a4a256e3c3eb2,multiplicity,multiplicity,686,1729170803,16,5000,0.0,0.05,rbf,median,anytime,bonferroni,3,10,False,UNRESOLVED,5000,True,False,False,0.0004800829919986427,0.0,0.18209213411654696,True,True,True,False
c08c82a666e5492cad25,multiplicity,multiplicity,687,712171802,16,5000,0.0,0.05,rbf,median,anytime,bonferroni,3,10,False,UNRESOLVED,5000,True,False,False,0.0004812080296687782,0.0,0.18209213411654696,True,True,True,False
694c728198a881357410,multiplicity,multiplicity,688,548674079,16,5000,0.0,0.05,rbf,median,anytime,bonferroni,3,10,False,UNRESOLVED,5000,True,False,False,0.0004770000232383609,0.0,0.18209213411654696,True,True,True,False
f35298ff3d765b9081fb,multiplicity,multiplicity,689,791942131,16,5000,0.0,0.05,rbf,median,anytime,bonferroni,3,10,False,UNRESOLVED,5000,True,False,False,0.0004928329726681113,0.0,0.18209213411654696,True,True,True,False
a2aac089d9906cb41f22,multiplicity,multiplicity,690,2484223899,16,5000,0.0,0.05,rbf,median,anytime,bonferroni,3,10,False,UNRESOLVED,5000,True,False,False,0.00043958297464996576,0.0,0.18209213411654696,True,True,True,False
9b6cc2f4517f670e4ba7,multiplicity,multiplicity,691,362314446,16,5000,0.0,0.05,rbf,median,anytime,bonferroni,3,10,False,UNRESOLVED,5000,True,False,False,0.00041749997762963176,0.0,0.18209213411654696,True,True,True,False
effe35d1d80fca82ed95,multiplicity,multiplicity,692,381992008,16,5000,0.0,0.05,rbf,median,anytime,bonferroni,3,10,False,UNRESOLVED,5000,True,False,False,0.0004110420122742653,0.0,0.18209213411654696,True,True,True,False
d04d5962d7cb76eabf7c,multiplicity,multiplicity,693,2035625361,16,5000,0.0,0.05,rbf,median,anytime,bonferroni,3,10,False,UNRESOLVED,5000,True,False,False,0.00040854199323803186,0.0,0.18209213411654696,True,True,True,False
aaefdc9c9ab2a3b3b101,multiplicity,multiplicity,694,1443606438,16,5000,0.0,0.05,rbf,median,anytime,bonferroni,3,10,False,UNRESOLVED,5000,True,False,False,0.0004107499844394624,0.0,0.18209213411654696,True,True,True,False
ad403c035edf1cc433ee,multiplicity,multiplicity,695,3803357938,16,5000,0.0,0.05,rbf,median,anytime,bonferroni,3,10,False,UNRESOLVED,5000,True,False,False,0.0004041250213049352,0.0,0.18209213411654696,True,True,True,False
855a7bb3612484073bef,multiplicity,multiplicity,696,2460721356,16,5000,0.0,0.05,rbf,median,anytime,bonferroni,3,10,False,UNRESOLVED,5000,True,False,False,0.00040499999886378646,0.0,0.18209213411654696,True,True,True,False
f817c200c32c542edb84,multiplicity,multiplicity,697,4063328908,16,5000,0.0,0.05,rbf,median,anytime,bonferroni,3,10,False,UNRESOLVED,5000,True,False,False,0.00040204101242125034,0.0,0.18209213411654696,True,True,True,False
37f2b2ec80b19dedc452,multiplicity,multiplicity,698,2220333213,16,5000,0.0,0.05,rbf,median,anytime,bonferroni,3,10,False,UNRESOLVED,5000,True,False,False,0.00040795799577608705,0.0,0.18209213411654696,True,True,True,False
de17e6d1aa529ff02382,multiplicity,multiplicity,699,698085423,16,5000,0.0,0.05,rbf,median,anytime,bonferroni,3,10,False,UNRESOLVED,5000,True,False,False,0.0004033750155940652,0.0,0.18209213411654696,True,True,True,False
54232ef6a92d82a3e7aa,multiplicity,multiplicity,700,1243693026,16,5000,0.0,0.05,rbf,median,anytime,bonferroni,3,10,False,UNRESOLVED,5000,True,False,False,0.00040308304596692324,0.0,0.18209213411654696,True,True,True,False
8984f7bdaa3d8a0f2357,multiplicity,multiplicity,701,1096541878,16,5000,0.0,0.05,rbf,median,anytime,bonferroni,3,10,False,UNRESOLVED,5000,True,False,False,0.0004044999950565398,0.0,0.18209213411654696,True,True,True,False
0fe28ae192b35f8ad578,multiplicity,multiplicity,702,3418510093,16,5000,0.0,0.05,rbf,median,anytime,bonferroni,3,10,False,UNRESOLVED,5000,True,False,False,0.0004069170099683106,0.0,0.18209213411654696,True,True,True,False
7f90cfec35b8e4b8d60b,multiplicity,multiplicity,703,3456838108,16,5000,0.0,0.05,rbf,median,anytime,bonferroni,3,10,False,UNRESOLVED,5000,True,False,False,0.0004034580197185278,0.0,0.18209213411654696,True,True,True,False
6be2b0512f69a19f5d38,multiplicity,multiplicity,704,1614840303,16,5000,0.0,0.05,rbf,median,anytime,bonferroni,3,10,False,UNRESOLVED,5000,True,False,False,0.00036812498001381755,0.0,0.18209213411654696,True,True,True,False
382783f6203e3f76925d,multiplicity,multiplicity,705,1698122445,16,5000,0.0,0.05,rbf,median,anytime,bonferroni,3,10,False,UNRESOLVED,5000,True,False,False,0.00034837500425055623,0.0,0.18209213411654696,True,True,True,False
7287e43e0a8b99a03ae4,multiplicity,multiplicity,706,1229137602,16,5000,0.0,0.05,rbf,median,anytime,bonferroni,3,10,False,UNRESOLVED,5000,True,False,False,0.00034912500996142626,0.0,0.18209213411654696,True,True,True,False
190fc5e5424d17784b60,multiplicity,multiplicity,707,3319783897,16,5000,0.0,0.05,rbf,median,anytime,bonferroni,3,10,False,UNRESOLVED,5000,True,False,False,0.00034666602732613683,0.0,0.18209213411654696,True,True,True,False
f4487dc9142184fd9248,multiplicity,multiplicity,708,1632555577,16,5000,0.0,0.05,rbf,median,anytime,bonferroni,3,10,False,UNRESOLVED,5000,True,False,False,0.00034708296880126,0.0,0.18209213411654696,True,True,True,False
57b2c62bb5246b83208e,multiplicity,multiplicity,709,2477657355,16,5000,0.0,0.05,rbf,median,anytime,bonferroni,3,10,False,UNRESOLVED,5000,True,False,False,0.0003469579969532788,0.0,0.18209213411654696,True,True,True,False
9653d7a5f1fecb22f3f1,multiplicity,multiplicity,710,342459947,16,5000,0.0,0.05,rbf,median,anytime,bonferroni,3,10,False,UNRESOLVED,5000,True,False,False,0.00034970801789313555,0.0,0.18209213411654696,True,True,True,False
15c1aec14f4f22470f47,multiplicity,multiplicity,711,3548089842,16,5000,0.0,0.05,rbf,median,anytime,bonferroni,3,10,False,UNRESOLVED,5000,True,False,False,0.0003469999646767974,0.0,0.18209213411654696,True,True,True,False
330fac73a0cf92951a35,multiplicity,multiplicity,712,1657432271,16,5000,0.0,0.05,rbf,median,anytime,bonferroni,3,10,False,UNRESOLVED,5000,True,False,False,0.00034716696245595813,0.0,0.18209213411654696,True,True,True,False
7990fd843a7c19ca2ad1,multiplicity,multiplicity,713,2631746849,16,5000,0.0,0.05,rbf,median,anytime,bonferroni,3,10,False,UNRESOLVED,5000,True,False,False,0.0003497920115478337,0.0,0.18209213411654696,True,True,True,False
a3efe9d1222e8ce1bf0e,multiplicity,multiplicity,714,655463319,16,5000,0.0,0.05,rbf,median,anytime,bonferroni,3,10,False,UNRESOLVED,5000,True,False,False,0.000351125025190413,0.0,0.18209213411654696,True,True,True,False
a8feb5dfab0259e4103a,multiplicity,multiplicity,715,2862418892,16,5000,0.0,0.05,rbf,median,anytime,bonferroni,3,10,False,UNRESOLVED,5000,True,False,False,0.0003464579931460321,0.0,0.18209213411654696,True,True,True,False
831595f5d500b3316d40,multiplicity,multiplicity,716,302050982,16,5000,0.0,0.05,rbf,median,anytime,bonferroni,3,10,False,UNRESOLVED,5000,True,False,False,0.000345999957062304,0.0,0.18209213411654696,True,True,True,False
684bd4a84ff471100bba,multiplicity,multiplicity,717,3377805077,16,5000,0.0,0.05,rbf,median,anytime,bonferroni,3,10,False,UNRESOLVED,5000,True,False,False,0.0003464169567450881,0.0,0.18209213411654696,True,True,True,False
4bd52339dab684cd9df3,multiplicity,multiplicity,718,1451389015,16,5000,0.0,0.05,rbf,median,anytime,bonferroni,3,10,False,UNRESOLVED,5000,True,False,False,0.0003487080102786422,0.0,0.18209213411654696,True,True,True,False
b8b18e8fe3f8dfa15594,multiplicity,multiplicity,719,1063509150,16,5000,0.0,0.05,rbf,median,anytime,bonferroni,3,10,False,UNRESOLVED,5000,True,False,False,0.000345708045642823,0.0,0.18209213411654696,True,True,True,False
9fa2b82f57a98d49ada1,multiplicity,multiplicity,720,3303538079,16,5000,0.0,0.05,rbf,median,anytime,bonferroni,3,10,False,UNRESOLVED,5000,True,False,False,0.0003447500057518482,0.0,0.18209213411654696,True,True,True,False
08c70533427c48ff1b72,multiplicity,multiplicity,721,3208118999,16,5000,0.0,0.05,rbf,median,anytime,bonferroni,3,10,False,UNRESOLVED,5000,True,False,False,0.0003457500133663416,0.0,0.18209213411654696,True,True,True,False
57cc9f172210903edbeb,multiplicity,multiplicity,722,243189415,16,5000,0.0,0.05,rbf,median,anytime,bonferroni,3,10,False,UNRESOLVED,5000,True,False,False,0.0003497920115478337,0.0,0.18209213411654696,True,True,True,False
39656591cdfa1666cd2c,multiplicity,multiplicity,723,52163502,16,5000,0.0,0.05,rbf,median,anytime,bonferroni,3,10,False,UNRESOLVED,5000,True,False,False,0.00034675002098083496,0.0,0.18209213411654696,True,True,True,False
83244ebcc87c41e806ba,multiplicity,multiplicity,724,3756595610,16,5000,0.0,0.05,rbf,median,anytime,bonferroni,3,10,False,UNRESOLVED,5000,True,False,False,0.0003458749852143228,0.0,0.18209213411654696,True,True,True,False
f627e5de6a94b5c3b2c5,multiplicity,multiplicity,725,2124203203,16,5000,0.0,0.05,rbf,median,anytime,bonferroni,3,10,False,UNRESOLVED,5000,True,False,False,0.0003451249795034528,0.0,0.18209213411654696,True,True,True,False
39de699c41368e10b74d,multiplicity,multiplicity,726,1035861030,16,5000,0.0,0.05,rbf,median,anytime,bonferroni,3,10,False,UNRESOLVED,5000,True,False,False,0.00035070901503786445,0.0,0.18209213411654696,True,True,True,False
385af993e04e84d29bd0,multiplicity,multiplicity,727,732285576,16,5000,0.0,0.05,rbf,median,anytime,bonferroni,3,10,False,UNRESOLVED,5000,True,False,False,0.000349292007740587,0.0,0.18209213411654696,True,True,True,False
35c9a13c1d73b7b215ef,multiplicity,multiplicity,728,350883938,16,5000,0.0,0.05,rbf,median,anytime,bonferroni,3,10,False,UNRESOLVED,5000,True,False,False,0.0003469579969532788,0.0,0.18209213411654696,True,True,True,False
f0c77b382dbf32204f23,multiplicity,multiplicity,729,973201786,16,5000,0.0,0.05,rbf,median,anytime,bonferroni,3,10,False,UNRESOLVED,5000,True,False,False,0.0003458329592831433,0.0,0.18209213411654696,True,True,True,False
c02dcb5a643b286ca868,multiplicity,multiplicity,730,2001829059,16,5000,0.0,0.05,rbf,median,anytime,bonferroni,3,10,False,UNRESOLVED,5000,True,False,False,0.00035058404318988323,0.0,0.18209213411654696,True,True,True,False
d6b5b4855486a3397821,multiplicity,multiplicity,731,557016262,16,5000,0.0,0.05,rbf,median,anytime,bonferroni,3,10,False,UNRESOLVED,5000,True,False,False,0.00034616602351889014,0.0,0.18209213411654696,True,True,True,False
311c5ea0776ab7bd7161,multiplicity,multiplicity,732,1667873555,16,5000,0.0,0.05,rbf,median,anytime,bonferroni,3,10,False,UNRESOLVED,5000,True,False,False,0.00034779199631884694,0.0,0.18209213411654696,True,True,True,False
b11491eddafaae63c2c4,multiplicity,multiplicity,733,531257220,16,5000,0.0,0.05,rbf,median,anytime,bonferroni,3,10,False,UNRESOLVED,5000,True,False,False,0.0003481250023469329,0.0,0.18209213411654696,True,True,True,False
1e755fe1ad627bcacebf,multiplicity,multiplicity,734,30933165,16,5000,0.0,0.05,rbf,median,anytime,bonferroni,3,10,False,UNRESOLVED,5000,True,False,False,0.00034900003811344504,0.0,0.18209213411654696,True,True,True,False
619001a466abc38baf72,multiplicity,multiplicity,735,934626479,16,5000,0.0,0.05,rbf,median,anytime,bonferroni,3,10,False,UNRESOLVED,5000,True,False,False,0.00034604198299348354,0.0,0.18209213411654696,True,True,True,False
9320add2d8d26f1d62a7,multiplicity,multiplicity,736,3338881527,16,5000,0.0,0.05,rbf,median,anytime,bonferroni,3,10,False,UNRESOLVED,5000,True,False,False,0.0003592920256778598,0.0,0.18209213411654696,True,True,True,False
3e67e442e9473e89d9f8,multiplicity,multiplicity,737,2008901093,16,5000,0.0,0.05,rbf,median,anytime,bonferroni,3,10,False,UNRESOLVED,5000,True,False,False,0.0004005830269306898,0.0,0.18209213411654696,True,True,True,False
86c222c6e9ea97804054,multiplicity,multiplicity,738,1429860706,16,5000,0.0,0.05,rbf,median,anytime,bonferroni,3,10,False,UNRESOLVED,5000,True,False,False,0.0004058330086991191,0.0,0.18209213411654696,True,True,True,False
6b3bc7b64bc041bf305c,multiplicity,multiplicity,739,3938395227,16,5000,0.0,0.05,rbf,median,anytime,bonferroni,3,10,False,UNRESOLVED,5000,True,False,False,0.00040079199243336916,0.0,0.18209213411654696,True,True,True,False
76f6d1f0095420bfc9d6,multiplicity,multiplicity,740,970118847,16,5000,0.0,0.05,rbf,median,anytime,bonferroni,3,10,False,UNRESOLVED,5000,True,False,False,0.0004057080368511379,0.0,0.18209213411654696,True,True,True,False
0f3e62da11fbdab9076b,multiplicity,multiplicity,741,1170747249,16,5000,0.0,0.05,rbf,median,anytime,bonferroni,3,10,False,UNRESOLVED,5000,True,False,False,0.00040308397728949785,0.0,0.18209213411654696,True,True,True,False
8a970b021d5bb8fd6bdd,multiplicity,multiplicity,742,3573361990,16,5000,0.0,0.05,rbf,median,anytime,bonferroni,3,10,False,UNRESOLVED,5000,True,False,False,0.00040570797864347696,0.0,0.18209213411654696,True,True,True,False
0f78dd5dd1cd238a4345,multiplicity,multiplicity,743,506412699,16,5000,0.0,0.05,rbf,median,anytime,bonferroni,3,10,False,UNRESOLVED,5000,True,False,False,0.0003994999569840729,0.0,0.18209213411654696,True,True,True,False
5f6404f0c2d8c8d8ea54,multiplicity,multiplicity,744,2525026066,16,5000,0.0,0.05,rbf,median,anytime,bonferroni,3,10,False,UNRESOLVED,5000,True,False,False,0.0004021669737994671,0.0,0.18209213411654696,True,True,True,False
59dbe7084a563e7f9f83,multiplicity,multiplicity,745,627709986,16,5000,0.0,0.05,rbf,median,anytime,bonferroni,3,10,False,UNRESOLVED,5000,True,False,False,0.0004022089997306466,0.0,0.18209213411654696,True,True,True,False
0759a3e45d75d0e03b61,multiplicity,multiplicity,746,1514884492,16,5000,0.0,0.05,rbf,median,anytime,bonferroni,3,10,False,UNRESOLVED,5000,True,False,False,0.00040433299727737904,0.0,0.18209213411654696,True,True,True,False
570232a3d4dc4f5333b4,multiplicity,multiplicity,747,2642653211,16,5000,0.0,0.05,rbf,median,anytime,bonferroni,3,10,False,UNRESOLVED,5000,True,False,False,0.0004010419943369925,0.0,0.18209213411654696,True,True,True,False
19b15219ec16050e45c9,multiplicity,multiplicity,748,4000193746,16,5000,0.0,0.05,rbf,median,anytime,bonferroni,3,10,False,UNRESOLVED,5000,True,False,False,0.0004010829725302756,0.0,0.18209213411654696,True,True,True,False
54994e1a90be8da7b5e4,multiplicity,multiplicity,749,3929238231,16,5000,0.0,0.05,rbf,median,anytime,bonferroni,3,10,False,UNRESOLVED,5000,True,False,False,0.0004134170012548566,0.0,0.18209213411654696,True,True,True,False
a5ef8dcf4c71bc89cdac,multiplicity,multiplicity,750,4140770872,16,5000,0.0,0.05,rbf,median,anytime,bonferroni,3,10,False,UNRESOLVED,5000,True,False,False,0.00040837505366653204,0.0,0.18209213411654696,True,True,True,False
58ca94fff6c8f0ee71b7,multiplicity,multiplicity,751,857694292,16,5000,0.0,0.05,rbf,median,anytime,bonferroni,3,10,False,UNRESOLVED,5000,True,False,False,0.0004017089959233999,0.0,0.18209213411654696,True,True,True,False
968f1abab949d4323711,multiplicity,multiplicity,752,2277454604,16,5000,0.0,0.05,rbf,median,anytime,bonferroni,3,10,False,UNRESOLVED,5000,True,False,False,0.00040199997602030635,0.0,0.18209213411654696,True,True,True,False
f797cf24c17d724b51c7,multiplicity,multiplicity,753,1172465029,16,5000,0.0,0.05,rbf,median,anytime,bonferroni,3,10,False,UNRESOLVED,5000,True,False,False,0.00039883400313556194,0.0,0.18209213411654696,True,True,True,False
7911345437ea1f6052ca,multiplicity,multiplicity,754,2921373459,16,5000,0.0,0.05,rbf,median,anytime,bonferroni,3,10,False,UNRESOLVED,5000,True,False,False,0.0004070419818162918,0.0,0.18209213411654696,True,True,True,False
908f1dfdf0bd985ea96f,multiplicity,multiplicity,755,125748882,16,5000,0.0,0.05,rbf,median,anytime,bonferroni,3,10,False,UNRESOLVED,5000,True,False,False,0.00040258298395201564,0.0,0.18209213411654696,True,True,True,False
83052c029d104d4620d0,multiplicity,multiplicity,756,3141413699,16,5000,0.0,0.05,rbf,median,anytime,bonferroni,3,10,False,UNRESOLVED,5000,True,False,False,0.0004024580121040344,0.0,0.18209213411654696,True,True,True,False
92a2bd4d5ec842c2279f,multiplicity,multiplicity,757,857287051,16,5000,0.0,0.05,rbf,median,anytime,bonferroni,3,10,False,UNRESOLVED,5000,True,False,False,0.00040004198672249913,0.0,0.18209213411654696,True,True,True,False
ef7cd34894fd34774677,multiplicity,multiplicity,758,1936180835,16,5000,0.0,0.05,rbf,median,anytime,bonferroni,3,10,False,UNRESOLVED,5000,True,False,False,0.0004064170061610639,0.0,0.18209213411654696,True,True,True,False
492ef42b85039bf47f68,multiplicity,multiplicity,759,2702591004,16,5000,0.0,0.05,rbf,median,anytime,bonferroni,3,10,False,UNRESOLVED,5000,True,False,False,0.0004016250022687018,0.0,0.18209213411654696,True,True,True,False
e1c13f1c7fcee9bc1517,multiplicity,multiplicity,760,1142084901,16,5000,0.0,0.05,rbf,median,anytime,bonferroni,3,10,False,UNRESOLVED,5000,True,False,False,0.00040016701677814126,0.0,0.18209213411654696,True,True,True,False
9dfe0187dc7ee35ed937,multiplicity,multiplicity,761,3563781374,16,5000,0.0,0.05,rbf,median,anytime,bonferroni,3,10,False,UNRESOLVED,5000,True,False,False,0.0004004579968750477,0.0,0.18209213411654696,True,True,True,False
8a7c40da4e610953220c,multiplicity,multiplicity,762,1423700126,16,5000,0.0,0.05,rbf,median,anytime,bonferroni,3,10,False,UNRESOLVED,5000,True,False,False,0.0004051669966429472,0.0,0.18209213411654696,True,True,True,False
2fad56d0a8c81932df09,multiplicity,multiplicity,763,3612511307,16,5000,0.0,0.05,rbf,median,anytime,bonferroni,3,10,False,UNRESOLVED,5000,True,False,False,0.00040441600140184164,0.0,0.18209213411654696,True,True,True,False
cb9768f6f4c5ff113643,multiplicity,multiplicity,764,3674027966,16,5000,0.0,0.05,rbf,median,anytime,bonferroni,3,10,False,UNRESOLVED,5000,True,False,False,0.00039966602344065905,0.0,0.18209213411654696,True,True,True,False
79516dee6af77e74afcc,multiplicity,multiplicity,765,1456023535,16,5000,0.0,0.05,rbf,median,anytime,bonferroni,3,10,False,UNRESOLVED,5000,True,False,False,0.0004005000228062272,0.0,0.18209213411654696,True,True,True,False
69b8c7cfdd94066beddb,multiplicity,multiplicity,766,664726239,16,5000,0.0,0.05,rbf,median,anytime,bonferroni,3,10,False,UNRESOLVED,5000,True,False,False,0.000405042024794966,0.0,0.18209213411654696,True,True,True,False
c071e60f9f10b55eaaa4,multiplicity,multiplicity,767,329100208,16,5000,0.0,0.05,rbf,median,anytime,bonferroni,3,10,False,UNRESOLVED,5000,True,False,False,0.0004002919886261225,0.0,0.18209213411654696,True,True,True,False
be1e81af435486ae3199,multiplicity,multiplicity,768,2397838033,16,5000,0.0,0.05,rbf,median,anytime,bonferroni,3,10,False,UNRESOLVED,5000,True,False,False,0.0004017089959233999,0.0,0.18209213411654696,True,True,True,False
d3e49ed6dae44ba6dcb9,multiplicity,multiplicity,769,48421594,16,5000,0.0,0.05,rbf,median,anytime,bonferroni,3,10,False,UNRESOLVED,5000,True,False,False,0.00040129199624061584,0.0,0.18209213411654696,True,True,True,False
5152c67c1f365e4cb21b,multiplicity,multiplicity,770,1506847691,16,5000,0.0,0.05,rbf,median,anytime,bonferroni,3,10,False,UNRESOLVED,5000,True,False,False,0.00040674995398148894,0.0,0.18209213411654696,True,True,True,False
be9b45e01fe6206901bb,multiplicity,multiplicity,771,3943868515,16,5000,0.0,0.05,rbf,median,anytime,bonferroni,3,10,False,UNRESOLVED,5000,True,False,False,0.00040095800068229437,0.0,0.18209213411654696,True,True,True,False
523ede43cc7f01b3316c,multiplicity,multiplicity,772,2451741785,16,5000,0.0,0.05,rbf,median,anytime,bonferroni,3,10,False,UNRESOLVED,5000,True,False,False,0.0004017080063931644,0.0,0.18209213411654696,True,True,True,False
f1eb0e28d0a6a7fd1138,multiplicity,multiplicity,773,3265306021,16,5000,0.0,0.05,rbf,median,anytime,bonferroni,3,10,False,UNRESOLVED,5000,True,False,False,0.0004010419943369925,0.0,0.18209213411654696,True,True,True,False
0ee9a50e08691431d51f,multiplicity,multiplicity,774,1349255882,16,5000,0.0,0.05,rbf,median,anytime,bonferroni,3,10,False,UNRESOLVED,5000,True,False,False,0.00040483399061486125,0.0,0.18209213411654696,True,True,True,False
b6a2020af5dbab7f2d55,multiplicity,multiplicity,775,1974206026,16,5000,0.0,0.05,rbf,median,anytime,bonferroni,3,10,False,UNRESOLVED,5000,True,False,False,0.0004016250022687018,0.0,0.18209213411654696,True,True,True,False
2736787004f123a5a41b,multiplicity,multiplicity,776,3783497420,16,5000,0.0,0.05,rbf,median,anytime,bonferroni,3,10,False,UNRESOLVED,5000,True,False,False,0.000401791010517627,0.0,0.18209213411654696,True,True,True,False
4586ea13204f128295b8,multiplicity,multiplicity,777,1412286710,16,5000,0.0,0.05,rbf,median,anytime,bonferroni,3,10,False,UNRESOLVED,5000,True,False,False,0.0004000829649157822,0.0,0.18209213411654696,True,True,True,False
9a1fca4db0407e609668,multiplicity,multiplicity,778,1190552660,16,5000,0.0,0.05,rbf,median,anytime,bonferroni,3,10,False,UNRESOLVED,5000,True,False,False,0.00040429201908409595,0.0,0.18209213411654696,True,True,True,False
d66254f9686426cefe7f,multiplicity,multiplicity,779,2223739809,16,5000,0.0,0.05,rbf,median,anytime,bonferroni,3,10,False,UNRESOLVED,5000,True,False,False,0.00040266697760671377,0.0,0.18209213411654696,True,True,True,False
cb113e66b17e9d254120,multiplicity,multiplicity,780,2776718493,16,5000,0.0,0.05,rbf,median,anytime,bonferroni,3,10,False,UNRESOLVED,5000,True,False,False,0.00040137500036507845,0.0,0.18209213411654696,True,True,True,False
fe2879b58d3d22c7d02c,multiplicity,multiplicity,781,3009384055,16,5000,0.0,0.05,rbf,median,anytime,bonferroni,3,10,False,UNRESOLVED,5000,True,False,False,0.00040149997221305966,0.0,0.18209213411654696,True,True,True,False
7a05293f50980fc6a70b,multiplicity,multiplicity,782,3355915131,16,5000,0.0,0.05,rbf,median,anytime,bonferroni,3,10,False,UNRESOLVED,5000,True,False,False,0.00040499999886378646,0.0,0.18209213411654696,True,True,True,False
d2a278d300852ba1f977,multiplicity,multiplicity,783,3101876632,16,5000,0.0,0.05,rbf,median,anytime,bonferroni,3,10,False,UNRESOLVED,5000,True,False,False,0.00040204200195148587,0.0,0.18209213411654696,True,True,True,False
95e85c8b3c515e930be4,multiplicity,multiplicity,784,932138204,16,5000,0.0,0.05,rbf,median,anytime,bonferroni,3,10,False,UNRESOLVED,5000,True,False,False,0.00040266604628413916,0.0,0.18209213411654696,True,True,True,False
8789ec1a5354fe2ef6e7,multiplicity,multiplicity,785,3657730336,16,5000,0.0,0.05,rbf,median,anytime,bonferroni,3,10,False,UNRESOLVED,5000,True,False,False,0.0004026670358143747,0.0,0.18209213411654696,True,True,True,False
47527d06dac9a4dd6953,multiplicity,multiplicity,786,3641794693,16,5000,0.0,0.05,rbf,median,anytime,bonferroni,3,10,False,UNRESOLVED,5000,True,False,False,0.00040595902828499675,0.0,0.18209213411654696,True,True,True,False
f7ad6a347da2b23d35e9,multiplicity,multiplicity,787,3271346660,16,5000,0.0,0.05,rbf,median,anytime,bonferroni,3,10,False,UNRESOLVED,5000,True,False,False,0.00040629098657518625,0.0,0.18209213411654696,True,True,True,False
33de2c5f55ee90711f4a,multiplicity,multiplicity,788,2412182343,16,5000,0.0,0.05,rbf,median,anytime,bonferroni,3,10,False,UNRESOLVED,5000,True,False,False,0.0004005830269306898,0.0,0.18209213411654696,True,True,True,False
8c58dfdab9858fc2f3ac,multiplicity,multiplicity,789,961493691,16,5000,0.0,0.05,rbf,median,anytime,bonferroni,3,10,False,UNRESOLVED,5000,True,False,False,0.00040154100861400366,0.0,0.18209213411654696,True,True,True,False
6558d2890d0ab62a7101,multiplicity,multiplicity,790,2922352709,16,5000,0.0,0.05,rbf,median,anytime,bonferroni,3,10,False,UNRESOLVED,5000,True,False,False,0.0004034579615108669,0.0,0.18209213411654696,True,True,True,False
395a5f980da8d94f4a84,multiplicity,multiplicity,791,1145660972,16,5000,0.0,0.05,rbf,median,anytime,bonferroni,3,10,False,UNRESOLVED,5000,True,False,False,0.00040266598807647824,0.0,0.18209213411654696,True,True,True,False
dc5a5ef56adf34f68c06,multiplicity,multiplicity,792,1391272998,16,5000,0.0,0.05,rbf,median,anytime,bonferroni,3,10,False,UNRESOLVED,5000,True,False,False,0.00040200003422796726,0.0,0.18209213411654696,True,True,True,False
49ec669753db4f7d65c7,multiplicity,multiplicity,793,3686078018,16,5000,0.0,0.05,rbf,median,anytime,bonferroni,3,10,False,UNRESOLVED,5000,True,False,False,0.0004029159899801016,0.0,0.18209213411654696,True,True,True,False
def39092c8ba5569961f,multiplicity,multiplicity,794,1355067270,16,5000,0.0,0.05,rbf,median,anytime,bonferroni,3,10,False,UNRESOLVED,5000,True,False,False,0.0004049160052090883,0.0,0.18209213411654696,True,True,True,False
f7680a3d7df0a04fb3db,multiplicity,multiplicity,795,4086520198,16,5000,0.0,0.05,rbf,median,anytime,bonferroni,3,10,False,UNRESOLVED,5000,True,False,False,0.0004015000304207206,0.0,0.18209213411654696,True,True,True,False
efbedf9b14201ff4eb95,multiplicity,multiplicity,796,3311387995,16,5000,0.0,0.05,rbf,median,anytime,bonferroni,3,10,False,UNRESOLVED,5000,True,False,False,0.00040308403549715877,0.0,0.18209213411654696,True,True,True,False
ce24bb658fcfb5d492b2,multiplicity,multiplicity,797,3616397355,16,5000,0.0,0.05,rbf,median,anytime,bonferroni,3,10,False,UNRESOLVED,5000,True,False,False,0.0004023750079795718,0.0,0.18209213411654696,True,True,True,False
7c2296e989f4c5a58f99,multiplicity,multiplicity,798,4012439579,16,5000,0.0,0.05,rbf,median,anytime,bonferroni,3,10,False,UNRESOLVED,5000,True,False,False,0.0004059170023538172,0.0,0.18209213411654696,True,True,True,False
0e0b1c8cd28ff88a54b1,multiplicity,multiplicity,799,4024018559,16,5000,0.0,0.05,rbf,median,anytime,bonferroni,3,10,False,UNRESOLVED,5000,True,False,False,0.0004018329782411456,0.0,0.18209213411654696,True,True,True,False
509a6ec717c6414c885c,multiplicity,multiplicity,800,522035697,16,5000,0.0,0.05,rbf,median,anytime,bonferroni,3,10,False,UNRESOLVED,5000,True,False,False,0.00040200003422796726,0.0,0.18209213411654696,True,True,True,False
4d7647e0a83386d98029,multiplicity,multiplicity,801,1166362014,16,5000,0.0,0.05,rbf,median,anytime,bonferroni,3,10,False,UNRESOLVED,5000,True,False,False,0.000402167032007128,0.0,0.18209213411654696,True,True,True,False
1754fa1e0a1851228e6f,multiplicity,multiplicity,802,1841828225,16,5000,0.0,0.05,rbf,median,anytime,bonferroni,3,10,False,UNRESOLVED,5000,True,False,False,0.0004045829991810024,0.0,0.18209213411654696,True,True,True,False
32e78b0b532a33f74eb9,multiplicity,multiplicity,803,233421713,16,5000,0.0,0.05,rbf,median,anytime,bonferroni,3,10,False,UNRESOLVED,5000,True,False,False,0.0004005419905297458,0.0,0.18209213411654696,True,True,True,False
68af8b09cde95a499f28,multiplicity,multiplicity,804,3782544607,16,5000,0.0,0.05,rbf,median,anytime,bonferroni,3,10,False,UNRESOLVED,5000,True,False,False,0.00040004204493016005,0.0,0.18209213411654696,True,True,True,False
43f2de217d4c1710b82a,multiplicity,multiplicity,805,201728764,16,5000,0.0,0.05,rbf,median,anytime,bonferroni,3,10,False,UNRESOLVED,5000,True,False,False,0.0003999170148745179,0.0,0.18209213411654696,True,True,True,False
9a093164ff243de0ce5c,multiplicity,multiplicity,806,3855625486,16,5000,0.0,0.05,rbf,median,anytime,bonferroni,3,10,False,UNRESOLVED,5000,True,False,False,0.00041195901576429605,0.0,0.18209213411654696,True,True,True,False
7c873459108d7a503e4e,multiplicity,multiplicity,807,394607623,16,5000,0.0,0.05,rbf,median,anytime,bonferroni,3,10,False,UNRESOLVED,5000,True,False,False,0.0004022499779239297,0.0,0.18209213411654696,True,True,True,False
350f2c6a1222cb510c97,multiplicity,multiplicity,808,4226908072,16,5000,0.0,0.05,rbf,median,anytime,bonferroni,3,10,False,UNRESOLVED,5000,True,False,False,0.00040195899782702327,0.0,0.18209213411654696,True,True,True,False
313da38c67cc37520349,multiplicity,multiplicity,809,1655174099,16,5000,0.0,0.05,rbf,median,anytime,bonferroni,3,10,False,UNRESOLVED,5000,True,False,False,0.00040033302502706647,0.0,0.18209213411654696,True,True,True,False
6dbd49633b35fe8d4491,multiplicity,multiplicity,810,3890948886,16,5000,0.0,0.05,rbf,median,anytime,bonferroni,3,10,False,UNRESOLVED,5000,True,False,False,0.0004074170137755573,0.0,0.18209213411654696,True,True,True,False
5ca0ee388727cf72f1b8,multiplicity,multiplicity,811,1115115259,16,5000,0.0,0.05,rbf,median,anytime,bonferroni,3,10,False,UNRESOLVED,5000,True,False,False,0.0004023339715786278,0.0,0.18209213411654696,True,True,True,False
b051468bc3ffd6ac0030,multiplicity,multiplicity,812,2647447748,16,5000,0.0,0.05,rbf,median,anytime,bonferroni,3,10,False,UNRESOLVED,5000,True,False,False,0.00040250003803521395,0.0,0.18209213411654696,True,True,True,False
027e22aef371b58cfd36,multiplicity,multiplicity,813,3659207520,16,5000,0.0,0.05,rbf,median,anytime,bonferroni,3,10,False,UNRESOLVED,5000,True,False,False,0.0004029580159112811,0.0,0.18209213411654696,True,True,True,False
a801d65e45534206555f,multiplicity,multiplicity,814,1643520066,16,5000,0.0,0.05,rbf,median,anytime,bonferroni,3,10,False,UNRESOLVED,5000,True,False,False,0.0004036659956909716,0.0,0.18209213411654696,True,True,True,False
02d57f6d650291351528,multiplicity,multiplicity,815,1210571263,16,5000,0.0,0.05,rbf,median,anytime,bonferroni,3,10,False,UNRESOLVED,5000,True,False,False,0.00040204101242125034,0.0,0.18209213411654696,True,True,True,False
4034078e5a60f19c85e6,multiplicity,multiplicity,816,206052671,16,5000,0.0,0.05,rbf,median,anytime,bonferroni,3,10,False,UNRESOLVED,5000,True,False,False,0.0003990840050391853,0.0,0.18209213411654696,True,True,True,False
210b14664746b2038828,multiplicity,multiplicity,817,331686589,16,5000,0.0,0.05,rbf,median,anytime,bonferroni,3,10,False,UNRESOLVED,5000,True,False,False,0.000401749974116683,0.0,0.18209213411654696,True,True,True,False
04e417ddcbbe27f9c252,multiplicity,multiplicity,818,3201897666,16,5000,0.0,0.05,rbf,median,anytime,bonferroni,3,10,False,UNRESOLVED,5000,True,False,False,0.00040379195706918836,0.0,0.18209213411654696,True,True,True,False
858f356f5b118c3fde93,multiplicity,multiplicity,819,1521666008,16,5000,0.0,0.05,rbf,median,anytime,bonferroni,3,10,False,UNRESOLVED,5000,True,False,False,0.0004010829725302756,0.0,0.18209213411654696,True,True,True,False
3233a3e6d3ec64659553,multiplicity,multiplicity,820,85731772,16,5000,0.0,0.05,rbf,median,anytime,bonferroni,3,10,False,UNRESOLVED,5000,True,False,False,0.0004024159861728549,0.0,0.18209213411654696,True,True,True,False
c11c7ffe7427c723ce30,multiplicity,multiplicity,821,2129901178,16,5000,0.0,0.05,rbf,median,anytime,bonferroni,3,10,False,UNRESOLVED,5000,True,False,False,0.0004009590484201908,0.0,0.18209213411654696,True,True,True,False
a32084f8b73cacce1168,multiplicity,multiplicity,822,3145514227,16,5000,0.0,0.05,rbf,median,anytime,bonferroni,3,10,False,UNRESOLVED,5000,True,False,False,0.0004030829877592623,0.0,0.18209213411654696,True,True,True,False
749a048e17809512647a,multiplicity,multiplicity,823,2183426357,16,5000,0.0,0.05,rbf,median,anytime,bonferroni,3,10,False,UNRESOLVED,5000,True,False,False,0.00040016602724790573,0.0,0.18209213411654696,True,True,True,False
6722c0a0a9a4f9f1dd9a,multiplicity,multiplicity,824,4081070547,16,5000,0.0,0.05,rbf,median,anytime,bonferroni,3,10,False,UNRESOLVED,5000,True,False,False,0.00039962504524737597,0.0,0.18209213411654696,True,True,True,False
dd22b2e823346e771d2c,multiplicity,multiplicity,825,771446187,16,5000,0.0,0.05,rbf,median,anytime,bonferroni,3,10,False,UNRESOLVED,5000,True,False,False,0.0003999160253442824,0.0,0.18209213411654696,True,True,True,False
810c709b356084156cda,multiplicity,multiplicity,826,1731043728,16,5000,0.0,0.05,rbf,median,anytime,bonferroni,3,10,False,UNRESOLVED,5000,True,False,False,0.00040483399061486125,0.0,0.18209213411654696,True,True,True,False
5bb4bbca8328df0b7301,multiplicity,multiplicity,827,2226245997,16,5000,0.0,0.05,rbf,median,anytime,bonferroni,3,10,False,UNRESOLVED,5000,True,False,False,0.0004004169604741037,0.0,0.18209213411654696,True,True,True,False
73aea4af976e8bd1c902,multiplicity,multiplicity,828,440135165,16,5000,0.0,0.05,rbf,median,anytime,bonferroni,3,10,False,UNRESOLVED,5000,True,False,False,0.0004034999874420464,0.0,0.18209213411654696,True,True,True,False
8433a99ce52301d811f1,multiplicity,multiplicity,829,2917123054,16,5000,0.0,0.05,rbf,median,anytime,bonferroni,3,10,False,UNRESOLVED,5000,True,False,False,0.0004027499817311764,0.0,0.18209213411654696,True,True,True,False
d43fb94f9c9043f75b3e,multiplicity,multiplicity,830,733688860,16,5000,0.0,0.05,rbf,median,anytime,bonferroni,3,10,False,UNRESOLVED,5000,True,False,False,0.0004052090225741267,0.0,0.18209213411654696,True,True,True,False
53a841e621fa319edcf8,multiplicity,multiplicity,831,4246097988,16,5000,0.0,0.05,rbf,median,anytime,bonferroni,3,10,False,UNRESOLVED,5000,True,False,False,0.0004037079634144902,0.0,0.18209213411654696,True,True,True,False
bac7e89435d0e6cb392b,multiplicity,multiplicity,832,2757446074,16,5000,0.0,0.05,rbf,median,anytime,bonferroni,3,10,False,UNRESOLVED,5000,True,False,False,0.0004013329744338989,0.0,0.18209213411654696,True,True,True,False
1f39656c21b8035c5d8d,multiplicity,multiplicity,833,4213826762,16,5000,0.0,0.05,rbf,median,anytime,bonferroni,3,10,False,UNRESOLVED,5000,True,False,False,0.00040029099909588695,0.0,0.18209213411654696,True,True,True,False
ede7cddd4db5645f5648,multiplicity,multiplicity,834,1618390386,16,5000,0.0,0.05,rbf,median,anytime,bonferroni,3,10,False,UNRESOLVED,5000,True,False,False,0.00040841696318238974,0.0,0.18209213411654696,True,True,True,False
67932fc5b63131fd2e97,multiplicity,multiplicity,835,1061001764,16,5000,0.0,0.05,rbf,median,anytime,bonferroni,3,10,False,UNRESOLVED,5000,True,False,False,0.00039954198291525245,0.0,0.18209213411654696,True,True,True,False
3d11004bde5bef9fba21,multiplicity,multiplicity,836,2419222603,16,5000,0.0,0.05,rbf,median,anytime,bonferroni,3,10,False,UNRESOLVED,5000,True,False,False,0.0004147080471739173,0.0,0.18209213411654696,True,True,True,False
aa030103c9463182f5f6,multiplicity,multiplicity,837,2737475987,16,5000,0.0,0.05,rbf,median,anytime,bonferroni,3,10,False,UNRESOLVED,5000,True,False,False,0.0004012080025859177,0.0,0.18209213411654696,True,True,True,False
b1f2686a5e8486260780,multiplicity,multiplicity,838,531029951,16,5000,0.0,0.05,rbf,median,anytime,bonferroni,3,10,False,UNRESOLVED,5000,True,False,False,0.00040550000267103314,0.0,0.18209213411654696,True,True,True,False
531aa333a7fb15a5bafe,multiplicity,multiplicity,839,2913089465,16,5000,0.0,0.05,rbf,median,anytime,bonferroni,3,10,False,UNRESOLVED,5000,True,False,False,0.00039850000757724047,0.0,0.18209213411654696,True,True,True,False
2d9dcd996eb75712d453,multiplicity,multiplicity,840,2785381625,16,5000,0.0,0.05,rbf,median,anytime,bonferroni,3,10,False,UNRESOLVED,5000,True,False,False,0.00040137500036507845,0.0,0.18209213411654696,True,True,True,False
4a88777a4793de45b3d3,multiplicity,multiplicity,841,2190723128,16,5000,0.0,0.05,rbf,median,anytime,bonferroni,3,10,False,UNRESOLVED,5000,True,False,False,0.00040204200195148587,0.0,0.18209213411654696,True,True,True,False
c77385ce083dac361384,multiplicity,multiplicity,842,3614687287,16,5000,0.0,0.05,rbf,median,anytime,bonferroni,3,10,False,UNRESOLVED,5000,True,False,False,0.0004059999482706189,0.0,0.18209213411654696,True,True,True,False
cdb2c0e7f791c2de2eb0,multiplicity,multiplicity,843,1000048660,16,5000,0.0,0.05,rbf,median,anytime,bonferroni,3,10,False,UNRESOLVED,5000,True,False,False,0.0004021250060759485,0.0,0.18209213411654696,True,True,True,False
7ad27cdd8ca31dff4113,multiplicity,multiplicity,844,3895291678,16,5000,0.0,0.05,rbf,median,anytime,bonferroni,3,10,False,UNRESOLVED,5000,True,False,False,0.0004022089997306466,0.0,0.18209213411654696,True,True,True,False
411f5ec3e435cd2f4939,multiplicity,multiplicity,845,1656898011,16,5000,0.0,0.05,rbf,median,anytime,bonferroni,3,10,False,UNRESOLVED,5000,True,False,False,0.0004005000228062272,0.0,0.18209213411654696,True,True,True,False
76800d9998e33279e603,multiplicity,multiplicity,846,1083321210,16,5000,0.0,0.05,rbf,median,anytime,bonferroni,3,10,False,UNRESOLVED,5000,True,False,False,0.0004059170023538172,0.0,0.18209213411654696,True,True,True,False
f8e3005e457d1b74c704,multiplicity,multiplicity,847,3642720840,16,5000,0.0,0.05,rbf,median,anytime,bonferroni,3,10,False,UNRESOLVED,5000,True,False,False,0.00040204200195148587,0.0,0.18209213411654696,True,True,True,False
292f73b5cf3beb2b5f37,multiplicity,multiplicity,848,632398089,16,5000,0.0,0.05,rbf,median,anytime,bonferroni,3,10,False,UNRESOLVED,5000,True,False,False,0.0004005830269306898,0.0,0.18209213411654696,True,True,True,False
2a928fd9eeb76d930b1e,multiplicity,multiplicity,849,947388020,16,5000,0.0,0.05,rbf,median,anytime,bonferroni,3,10,False,UNRESOLVED,5000,True,False,False,0.0005154999671503901,0.0,0.18209213411654696,True,True,True,False
21c9bc0f7b3c31985167,multiplicity,multiplicity,850,3544904170,16,5000,0.0,0.05,rbf,median,anytime,bonferroni,3,10,False,UNRESOLVED,5000,True,False,False,0.0005708750104531646,0.0,0.18209213411654696,True,True,True,False
18e7a725822b322662b0,multiplicity,multiplicity,851,2490163816,16,5000,0.0,0.05,rbf,median,anytime,bonferroni,3,10,False,UNRESOLVED,5000,True,False,False,0.0005068330210633576,0.0,0.18209213411654696,True,True,True,False
c7e2a397c60e65338ad4,multiplicity,multiplicity,852,4042510366,16,5000,0.0,0.05,rbf,median,anytime,bonferroni,3,10,False,UNRESOLVED,5000,True,False,False,0.0005085000302642584,0.0,0.18209213411654696,True,True,True,False
1f8e68f52ec73e0ce803,multiplicity,multiplicity,853,3286073642,16,5000,0.0,0.05,rbf,median,anytime,bonferroni,3,10,False,UNRESOLVED,5000,True,False,False,0.0005020829848945141,0.0,0.18209213411654696,True,True,True,False
a19a10631c8011b2e0e6,multiplicity,multiplicity,854,3292142382,16,5000,0.0,0.05,rbf,median,anytime,bonferroni,3,10,False,UNRESOLVED,5000,True,False,False,0.0004827079828828573,0.0,0.18209213411654696,True,True,True,False
67e0cebcdf7de6cb4771,multiplicity,multiplicity,855,1193025763,16,5000,0.0,0.05,rbf,median,anytime,bonferroni,3,10,False,UNRESOLVED,5000,True,False,False,0.00041291600791737437,0.0,0.18209213411654696,True,True,True,False
a3f5815b96df534ac71b,multiplicity,multiplicity,856,3287110400,16,5000,0.0,0.05,rbf,median,anytime,bonferroni,3,10,False,UNRESOLVED,5000,True,False,False,0.00040441699093207717,0.0,0.18209213411654696,True,True,True,False
4494de53a27dbcad2a06,multiplicity,multiplicity,857,3232824399,16,5000,0.0,0.05,rbf,median,anytime,bonferroni,3,10,False,UNRESOLVED,5000,True,False,False,0.00040562497451901436,0.0,0.18209213411654696,True,True,True,False
cea72053d199cdf72268,multiplicity,multiplicity,858,268155567,16,5000,0.0,0.05,rbf,median,anytime,bonferroni,3,10,False,UNRESOLVED,5000,True,False,False,0.00040420895675197244,0.0,0.18209213411654696,True,True,True,False
dc5a2f77d183b9585ffe,multiplicity,multiplicity,859,1702220765,16,5000,0.0,0.05,rbf,median,anytime,bonferroni,3,10,False,UNRESOLVED,5000,True,False,False,0.00040433299727737904,0.0,0.18209213411654696,True,True,True,False
a7bf45c22273b29c26ff,multiplicity,multiplicity,860,2491393690,16,5000,0.0,0.05,rbf,median,anytime,bonferroni,3,10,False,UNRESOLVED,5000,True,False,False,0.00040320801781490445,0.0,0.18209213411654696,True,True,True,False
0d5fb260095a5cc3161a,multiplicity,multiplicity,861,3087184851,16,5000,0.0,0.05,rbf,median,anytime,bonferroni,3,10,False,UNRESOLVED,5000,True,False,False,0.00040208298014476895,0.0,0.18209213411654696,True,True,True,False
d37c8882706a4f9e0a52,multiplicity,multiplicity,862,548127478,16,5000,0.0,0.05,rbf,median,anytime,bonferroni,3,10,False,UNRESOLVED,5000,True,False,False,0.0004016250022687018,0.0,0.18209213411654696,True,True,True,False
eba9d377647353593c82,multiplicity,multiplicity,863,3287638400,16,5000,0.0,0.05,rbf,median,anytime,bonferroni,3,10,False,UNRESOLVED,5000,True,False,False,0.00040204200195148587,0.0,0.18209213411654696,True,True,True,False
5891aebe827e77715f6a,multiplicity,multiplicity,864,3108593347,16,5000,0.0,0.05,rbf,median,anytime,bonferroni,3,10,False,UNRESOLVED,5000,True,False,False,0.0004028750117868185,0.0,0.18209213411654696,True,True,True,False
4ba3e1af16c801a114f5,multiplicity,multiplicity,865,1699523543,16,5000,0.0,0.05,rbf,median,anytime,bonferroni,3,10,False,UNRESOLVED,5000,True,False,False,0.00040145800448954105,0.0,0.18209213411654696,True,True,True,False
8e034e8209d16828a4e0,multiplicity,multiplicity,866,2017871709,16,5000,0.0,0.05,rbf,median,anytime,bonferroni,3,10,False,UNRESOLVED,5000,True,False,False,0.0004015840240754187,0.0,0.18209213411654696,True,True,True,False
fa5a196756f260782d19,multiplicity,multiplicity,867,3442805988,16,5000,0.0,0.05,rbf,median,anytime,bonferroni,3,10,False,UNRESOLVED,5000,True,False,False,0.00040241697570309043,0.0,0.18209213411654696,True,True,True,False
ce4712a0a8227ee7e373,multiplicity,multiplicity,868,51533583,16,5000,0.0,0.05,rbf,median,anytime,bonferroni,3,10,False,UNRESOLVED,5000,True,False,False,0.0004006249946542084,0.0,0.18209213411654696,True,True,True,False
dc64a6eaac2f611a0c14,multiplicity,multiplicity,869,2771883912,16,5000,0.0,0.05,rbf,median,anytime,bonferroni,3,10,False,UNRESOLVED,5000,True,False,False,0.00040262500988319516,0.0,0.18209213411654696,True,True,True,False
32f2b64ab57f4528b39b,multiplicity,multiplicity,870,891939005,16,5000,0.0,0.05,rbf,median,anytime,bonferroni,3,10,False,UNRESOLVED,5000,True,False,False,0.00040245900163426995,0.0,0.18209213411654696,True,True,True,False
552f57a0610f84029faf,multiplicity,multiplicity,871,3117125770,16,5000,0.0,0.05,rbf,median,anytime,bonferroni,3,10,False,UNRESOLVED,5000,True,False,False,0.00040374998934566975,0.0,0.18209213411654696,True,True,True,False
67ddd40f3c55e2d33e87,multiplicity,multiplicity,872,1773611764,16,5000,0.0,0.05,rbf,median,anytime,bonferroni,3,10,False,UNRESOLVED,5000,True,False,False,0.00040004198672249913,0.0,0.18209213411654696,True,True,True,False
792cde253f07fd557318,multiplicity,multiplicity,873,2516153488,16,5000,0.0,0.05,rbf,median,anytime,bonferroni,3,10,False,UNRESOLVED,5000,True,False,False,0.0004011659766547382,0.0,0.18209213411654696,True,True,True,False
5a13543966e6af05b1f2,multiplicity,multiplicity,874,1989858502,16,5000,0.0,0.05,rbf,median,anytime,bonferroni,3,10,False,UNRESOLVED,5000,True,False,False,0.00039895798545330763,0.0,0.18209213411654696,True,True,True,False
c426cccf2ffe7f497078,multiplicity,multiplicity,875,4142568505,16,5000,0.0,0.05,rbf,median,anytime,bonferroni,3,10,False,UNRESOLVED,5000,True,False,False,0.0003996670129708946,0.0,0.18209213411654696,True,True,True,False
8db354a019c3d77b91f3,multiplicity,multiplicity,876,2876362158,16,5000,0.0,0.05,rbf,median,anytime,bonferroni,3,10,False,UNRESOLVED,5000,True,False,False,0.0004012499703094363,0.0,0.18209213411654696,True,True,True,False
4d5f2e2a65bd59ab5d50,multiplicity,multiplicity,877,3615159973,16,5000,0.0,0.05,rbf,median,anytime,bonferroni,3,10,False,UNRESOLVED,5000,True,False,False,0.0005210420349612832,0.0,0.18209213411654696,True,True,True,False
7b5a8782712a03bc9371,multiplicity,multiplicity,878,3668955835,16,5000,0.0,0.05,rbf,median,anytime,bonferroni,3,10,False,UNRESOLVED,5000,True,False,False,0.0006437909905798733,0.0,0.18209213411654696,True,True,True,False
78638791e77df6726c6a,multiplicity,multiplicity,879,3122826545,16,5000,0.0,0.05,rbf,median,anytime,bonferroni,3,10,False,UNRESOLVED,5000,True,False,False,0.0005567920161411166,0.0,0.18209213411654696,True,True,True,False
0d82ba5a20fe51227198,multiplicity,multiplicity,880,2102184311,16,5000,0.0,0.05,rbf,median,anytime,bonferroni,3,10,False,UNRESOLVED,5000,True,False,False,0.0005021669785492122,0.0,0.18209213411654696,True,True,True,False
6d08b8f372d8a51484ad,multiplicity,multiplicity,881,4183199145,16,5000,0.0,0.05,rbf,median,anytime,bonferroni,3,10,False,UNRESOLVED,5000,True,False,False,0.0004784579505212605,0.0,0.18209213411654696,True,True,True,False
3950da8be50667a4206e,multiplicity,multiplicity,882,3898456305,16,5000,0.0,0.05,rbf,median,anytime,bonferroni,3,10,False,UNRESOLVED,5000,True,False,False,0.00047745800111442804,0.0,0.18209213411654696,True,True,True,False
942b5d5b969d44b35f0f,multiplicity,multiplicity,883,2607390746,16,5000,0.0,0.05,rbf,median,anytime,bonferroni,3,10,False,UNRESOLVED,5000,True,False,False,0.0005318329785950482,0.0,0.18209213411654696,True,True,True,False
c71487927fb178cd0872,multiplicity,multiplicity,884,2303032103,16,5000,0.0,0.05,rbf,median,anytime,bonferroni,3,10,False,UNRESOLVED,5000,True,False,False,0.0005158749991096556,0.0,0.18209213411654696,True,True,True,False
76c8f2b7357230d3b64c,multiplicity,multiplicity,885,2775525303,16,5000,0.0,0.05,rbf,median,anytime,bonferroni,3,10,False,UNRESOLVED,5000,True,False,False,0.0004934999742545187,0.0,0.18209213411654696,True,True,True,False
9eb02b3595c9f60405b0,multiplicity,multiplicity,886,3360045972,16,5000,0.0,0.05,rbf,median,anytime,bonferroni,3,10,False,UNRESOLVED,5000,True,False,False,0.0004812919651158154,0.0,0.18209213411654696,True,True,True,False
6db0328474d4f488bc13,multiplicity,multiplicity,887,3129356351,16,5000,0.0,0.05,rbf,median,anytime,bonferroni,3,10,False,UNRESOLVED,5000,True,False,False,0.00048512499779462814,0.0,0.18209213411654696,True,True,True,False
85ced6174ab17c9ec09e,multiplicity,multiplicity,888,1960394201,16,5000,0.0,0.05,rbf,median,anytime,bonferroni,3,10,False,UNRESOLVED,5000,True,False,False,0.0004834159626625478,0.0,0.18209213411654696,True,True,True,False
7f0c62705d085303b3aa,multiplicity,multiplicity,889,1142831533,16,5000,0.0,0.05,rbf,median,anytime,bonferroni,3,10,False,UNRESOLVED,5000,True,False,False,0.0004740830045193434,0.0,0.18209213411654696,True,True,True,False
b5c163a746cb6b299e39,multiplicity,multiplicity,890,2410333576,16,5000,0.0,0.05,rbf,median,anytime,bonferroni,3,10,False,UNRESOLVED,5000,True,False,False,0.0004935000324621797,0.0,0.18209213411654696,True,True,True,False
169e8381abd48524185b,multiplicity,multiplicity,891,3589481955,16,5000,0.0,0.05,rbf,median,anytime,bonferroni,3,10,False,UNRESOLVED,5000,True,False,False,0.0004765830235555768,0.0,0.18209213411654696,True,True,True,False
9330fd13e87da1a38fb8,multiplicity,multiplicity,892,1568899216,16,5000,0.0,0.05,rbf,median,anytime,bonferroni,3,10,False,UNRESOLVED,5000,True,False,False,0.0004802910261787474,0.0,0.18209213411654696,True,True,True,False
0e34c712a1a32756957d,multiplicity,multiplicity,893,3220243319,16,5000,0.0,0.05,rbf,median,anytime,bonferroni,3,10,False,UNRESOLVED,5000,True,False,False,0.0004934170283377171,0.0,0.18209213411654696,True,True,True,False
a13baab626f80118f775,multiplicity,multiplicity,894,2474996871,16,5000,0.0,0.05,rbf,median,anytime,bonferroni,3,10,False,UNRESOLVED,5000,True,False,False,0.0005014170310460031,0.0,0.18209213411654696,True,True,True,False
cf9845f2cb48e84c2516,multiplicity,multiplicity,895,3563868047,16,5000,0.0,0.05,rbf,median,anytime,bonferroni,3,10,False,UNRESOLVED,5000,True,False,False,0.0004921670188196003,0.0,0.18209213411654696,True,True,True,False
19ed103b287cafddcb20,multiplicity,multiplicity,896,1531789512,16,5000,0.0,0.05,rbf,median,anytime,bonferroni,3,10,False,UNRESOLVED,5000,True,False,False,0.0004652079660445452,0.0,0.18209213411654696,True,True,True,False
40f5fc77147b34b3068c,multiplicity,multiplicity,897,292038094,16,5000,0.0,0.05,rbf,median,anytime,bonferroni,3,10,False,UNRESOLVED,5000,True,False,False,0.0004124169936403632,0.0,0.18209213411654696,True,True,True,False
92c3df9573020d7d5705,multiplicity,multiplicity,898,108396560,16,5000,0.0,0.05,rbf,median,anytime,bonferroni,3,10,False,UNRESOLVED,5000,True,False,False,0.00040729198371991515,0.0,0.18209213411654696,True,True,True,False
b65c5e18beee47b4ad82,multiplicity,multiplicity,899,412292810,16,5000,0.0,0.05,rbf,median,anytime,bonferroni,3,10,False,UNRESOLVED,5000,True,False,False,0.00040670798625797033,0.0,0.18209213411654696,True,True,True,False
5194978bc68deaaf8d3b,multiplicity,multiplicity,900,1059874272,16,5000,0.0,0.05,rbf,median,anytime,bonferroni,3,10,False,UNRESOLVED,5000,True,False,False,0.0004092089948244393,0.0,0.18209213411654696,True,True,True,False
e91c2e96c5fbc1021939,multiplicity,multiplicity,901,3293722838,16,5000,0.0,0.05,rbf,median,anytime,bonferroni,3,10,False,UNRESOLVED,5000,True,False,False,0.00040187500417232513,0.0,0.18209213411654696,True,True,True,False
fe5fe227c203a6f4a799,multiplicity,multiplicity,902,1730281424,16,5000,0.0,0.05,rbf,median,anytime,bonferroni,3,10,False,UNRESOLVED,5000,True,False,False,0.0004010830307379365,0.0,0.18209213411654696,True,True,True,False
8f495e8cefcf2bba99ff,multiplicity,multiplicity,903,4249427687,16,5000,0.0,0.05,rbf,median,anytime,bonferroni,3,10,False,UNRESOLVED,5000,True,False,False,0.0004025840316899121,0.0,0.18209213411654696,True,True,True,False
db854cedbcce540a0ea0,multiplicity,multiplicity,904,4098430169,16,5000,0.0,0.05,rbf,median,anytime,bonferroni,3,10,False,UNRESOLVED,5000,True,False,False,0.00040662498213350773,0.0,0.18209213411654696,True,True,True,False
9ce6867c3015c7c6adf8,multiplicity,multiplicity,905,1546923936,16,5000,0.0,0.05,rbf,median,anytime,bonferroni,3,10,False,UNRESOLVED,5000,True,False,False,0.00039958400884643197,0.0,0.18209213411654696,True,True,True,False
8a87132b88e2bb5e7737,multiplicity,multiplicity,906,296862895,16,5000,0.0,0.05,rbf,median,anytime,bonferroni,3,10,False,UNRESOLVED,5000,True,False,False,0.0004006249946542084,0.0,0.18209213411654696,True,True,True,False
15c7aff3fe63a4277ae7,multiplicity,multiplicity,907,1700407392,16,5000,0.0,0.05,rbf,median,anytime,bonferroni,3,10,False,UNRESOLVED,5000,True,False,False,0.00040095800068229437,0.0,0.18209213411654696,True,True,True,False
5a218f4d4b236c550a48,multiplicity,multiplicity,908,3065633396,16,5000,0.0,0.05,rbf,median,anytime,bonferroni,3,10,False,UNRESOLVED,5000,True,False,False,0.0004053330048918724,0.0,0.18209213411654696,True,True,True,False
c8e264e66376b57f8810,multiplicity,multiplicity,909,3304632311,16,5000,0.0,0.05,rbf,median,anytime,bonferroni,3,10,False,UNRESOLVED,5000,True,False,False,0.00040004198672249913,0.0,0.18209213411654696,True,True,True,False
60d600292495ccd76cfd,multiplicity,multiplicity,910,162943132,16,5000,0.0,0.05,rbf,median,anytime,bonferroni,3,10,False,UNRESOLVED,5000,True,False,False,0.0004000830231234431,0.0,0.18209213411654696,True,True,True,False
90f80880c6cb7b9a0d72,multiplicity,multiplicity,911,2357188819,16,5000,0.0,0.05,rbf,median,anytime,bonferroni,3,10,False,UNRESOLVED,5000,True,False,False,0.000399166950955987,0.0,0.18209213411654696,True,True,True,False
d4a9ec40beeb6e717e37,multiplicity,multiplicity,912,1064277843,16,5000,0.0,0.05,rbf,median,anytime,bonferroni,3,10,False,UNRESOLVED,5000,True,False,False,0.000404666003305465,0.0,0.18209213411654696,True,True,True,False
21bf5a16430ed339a654,multiplicity,multiplicity,913,3527154293,16,5000,0.0,0.05,rbf,median,anytime,bonferroni,3,10,False,UNRESOLVED,5000,True,False,False,0.00039970799116417766,0.0,0.18209213411654696,True,True,True,False
51281b07fd1e39b10f7a,multiplicity,multiplicity,914,3850255602,16,5000,0.0,0.05,rbf,median,anytime,bonferroni,3,10,False,UNRESOLVED,5000,True,False,False,0.000399957993067801,0.0,0.18209213411654696,True,True,True,False
273053d4493d3505e1d0,multiplicity,multiplicity,915,3808262822,16,5000,0.0,0.05,rbf,median,anytime,bonferroni,3,10,False,UNRESOLVED,5000,True,False,False,0.0004000000189989805,0.0,0.18209213411654696,True,True,True,False
954efdc3530702a1cb0e,multiplicity,multiplicity,916,2646565803,16,5000,0.0,0.05,rbf,median,anytime,bonferroni,3,10,False,UNRESOLVED,5000,True,False,False,0.00040316698141396046,0.0,0.18209213411654696,True,True,True,False
2cbee0584fa6339f54f8,multiplicity,multiplicity,917,966969563,16,5000,0.0,0.05,rbf,median,anytime,bonferroni,3,10,False,UNRESOLVED,5000,True,False,False,0.00040204200195148587,0.0,0.18209213411654696,True,True,True,False
c2c135ea99510c17e207,multiplicity,multiplicity,918,1786321276,16,5000,0.0,0.05,rbf,median,anytime,bonferroni,3,10,False,UNRESOLVED,5000,True,False,False,0.0004015419981442392,0.0,0.18209213411654696,True,True,True,False
871f460ad92d84844a1a,multiplicity,multiplicity,919,1476660731,16,5000,0.0,0.05,rbf,median,anytime,bonferroni,3,10,False,UNRESOLVED,5000,True,False,False,0.0004035000456497073,0.0,0.18209213411654696,True,True,True,False
b9600fdc00fb31f227e1,multiplicity,multiplicity,920,4127658526,16,5000,0.0,0.05,rbf,median,anytime,bonferroni,3,10,False,UNRESOLVED,5000,True,False,False,0.00040366704342886806,0.0,0.18209213411654696,True,True,True,False
b38432ff90325607f459,multiplicity,multiplicity,921,1786208189,16,5000,0.0,0.05,rbf,median,anytime,bonferroni,3,10,False,UNRESOLVED,5000,True,False,False,0.000401041004806757,0.0,0.18209213411654696,True,True,True,False
c58be81ce9d55396cc17,multiplicity,multiplicity,922,1266059413,16,5000,0.0,0.05,rbf,median,anytime,bonferroni,3,10,False,UNRESOLVED,5000,True,False,False,0.00039900001138448715,0.0,0.18209213411654696,True,True,True,False
915726fa38af0103c1fd,multiplicity,multiplicity,923,114831697,16,5000,0.0,0.05,rbf,median,anytime,bonferroni,3,10,False,UNRESOLVED,5000,True,False,False,0.00039895798545330763,0.0,0.18209213411654696,True,True,True,False
f416253daa0919602de2,multiplicity,multiplicity,924,1405127568,16,5000,0.0,0.05,rbf,median,anytime,bonferroni,3,10,False,UNRESOLVED,5000,True,False,False,0.00040300004184246063,0.0,0.18209213411654696,True,True,True,False
637eff1ebb4d7dd90f4f,multiplicity,multiplicity,925,215917305,16,5000,0.0,0.05,rbf,median,anytime,bonferroni,3,10,False,UNRESOLVED,5000,True,False,False,0.00040004198672249913,0.0,0.18209213411654696,True,True,True,False
e82a311eff5f9ec77ac1,multiplicity,multiplicity,926,2589812888,16,5000,0.0,0.05,rbf,median,anytime,bonferroni,3,10,False,UNRESOLVED,5000,True,False,False,0.0004004579968750477,0.0,0.18209213411654696,True,True,True,False
56c06a575f5bd194691f,multiplicity,multiplicity,927,1379368572,16,5000,0.0,0.05,rbf,median,anytime,bonferroni,3,10,False,UNRESOLVED,5000,True,False,False,0.000400707998778671,0.0,0.18209213411654696,True,True,True,False
fe9d5d2e15534ccf9662,multiplicity,multiplicity,928,781278461,16,5000,0.0,0.05,rbf,median,anytime,bonferroni,3,10,False,UNRESOLVED,5000,True,False,False,0.00040320900734514,0.0,0.18209213411654696,True,True,True,False
a9b3f6055366ca03cad5,multiplicity,multiplicity,929,3433914273,16,5000,0.0,0.05,rbf,median,anytime,bonferroni,3,10,False,UNRESOLVED,5000,True,False,False,0.00040241697570309043,0.0,0.18209213411654696,True,True,True,False
52cff38b6f722da47db6,multiplicity,multiplicity,930,2708311426,16,5000,0.0,0.05,rbf,median,anytime,bonferroni,3,10,False,UNRESOLVED,5000,True,False,False,0.000399957993067801,0.0,0.18209213411654696,True,True,True,False
67566cc2050022d42d5a,multiplicity,multiplicity,931,3168346420,16,5000,0.0,0.05,rbf,median,anytime,bonferroni,3,10,False,UNRESOLVED,5000,True,False,False,0.00039950001519173384,0.0,0.18209213411654696,True,True,True,False
2d9638f61c93eefd7887,multiplicity,multiplicity,932,2578882433,16,5000,0.0,0.05,rbf,median,anytime,bonferroni,3,10,False,UNRESOLVED,5000,True,False,False,0.00040233402978628874,0.0,0.18209213411654696,True,True,True,False
345ff54d85d28596d042,multiplicity,multiplicity,933,1875852069,16,5000,0.0,0.05,rbf,median,anytime,bonferroni,3,10,False,UNRESOLVED,5000,True,False,False,0.0003995409933850169,0.0,0.18209213411654696,True,True,True,False
7539a7c72232c9e76547,multiplicity,multiplicity,934,4052081641,16,5000,0.0,0.05,rbf,median,anytime,bonferroni,3,10,False,UNRESOLVED,5000,True,False,False,0.00039954198291525245,0.0,0.18209213411654696,True,True,True,False
433c05d2ac2966964358,multiplicity,multiplicity,935,3667767192,16,5000,0.0,0.05,rbf,median,anytime,bonferroni,3,10,False,UNRESOLVED,5000,True,False,False,0.00040020799497142434,0.0,0.18209213411654696,True,True,True,False
742ba836bbbcab0122ad,multiplicity,multiplicity,936,145325508,16,5000,0.0,0.05,rbf,median,anytime,bonferroni,3,10,False,UNRESOLVED,5000,True,False,False,0.0004040829953737557,0.0,0.18209213411654696,True,True,True,False
d030dad867991b260aee,multiplicity,multiplicity,937,2826297145,16,5000,0.0,0.05,rbf,median,anytime,bonferroni,3,10,False,UNRESOLVED,5000,True,False,False,0.00039962498703971505,0.0,0.18209213411654696,True,True,True,False
5e049828324e3ec344f2,multiplicity,multiplicity,938,3533148423,16,5000,0.0,0.05,rbf,median,anytime,bonferroni,3,10,False,UNRESOLVED,5000,True,False,False,0.0003982079797424376,0.0,0.18209213411654696,True,True,True,False
a8216c85bf8e15e6536a,multiplicity,multiplicity,939,2365213249,16,5000,0.0,0.05,rbf,median,anytime,bonferroni,3,10,False,UNRESOLVED,5000,True,False,False,0.0004006660310551524,0.0,0.18209213411654696,True,True,True,False
10a2e78de5f026f8f4a3,multiplicity,multiplicity,940,2093776645,16,5000,0.0,0.05,rbf,median,anytime,bonferroni,3,10,False,UNRESOLVED,5000,True,False,False,0.0004045420209877193,0.0,0.18209213411654696,True,True,True,False
c890f25bd0a5841ac578,multiplicity,multiplicity,941,167118244,16,5000,0.0,0.05,rbf,median,anytime,bonferroni,3,10,False,UNRESOLVED,5000,True,False,False,0.00039841601392254233,0.0,0.18209213411654696,True,True,True,False
e7421d2ad91ec4a6035c,multiplicity,multiplicity,942,3504962632,16,5000,0.0,0.05,rbf,median,anytime,bonferroni,3,10,False,UNRESOLVED,5000,True,False,False,0.00040091603295877576,0.0,0.18209213411654696,True,True,True,False
9b923a79c831dc66a3bc,multiplicity,multiplicity,943,891782314,16,5000,0.0,0.05,rbf,median,anytime,bonferroni,3,10,False,UNRESOLVED,5000,True,False,False,0.00040258298395201564,0.0,0.18209213411654696,True,True,True,False
c6d454b09e12de582f67,multiplicity,multiplicity,944,3374627210,16,5000,0.0,0.05,rbf,median,anytime,bonferroni,3,10,False,UNRESOLVED,5000,True,False,False,0.00040495797293260694,0.0,0.18209213411654696,True,True,True,False
74f65f04378f17f6ef21,multiplicity,multiplicity,945,3240774182,16,5000,0.0,0.05,rbf,median,anytime,bonferroni,3,10,False,UNRESOLVED,5000,True,False,False,0.00040208298014476895,0.0,0.18209213411654696,True,True,True,False
f663ca98165c16162a0c,multiplicity,multiplicity,946,2436717513,16,5000,0.0,0.05,rbf,median,anytime,bonferroni,3,10,False,UNRESOLVED,5000,True,False,False,0.0003993749851360917,0.0,0.18209213411654696,True,True,True,False
ad5965d32607fab46694,multiplicity,multiplicity,947,2221809138,16,5000,0.0,0.05,rbf,median,anytime,bonferroni,3,10,False,UNRESOLVED,5000,True,False,False,0.0004021250060759485,0.0,0.18209213411654696,True,True,True,False
bd9243e9b04fd70e8d18,multiplicity,multiplicity,948,3587653461,16,5000,0.0,0.05,rbf,median,anytime,bonferroni,3,10,False,UNRESOLVED,5000,True,False,False,0.0004047909751534462,0.0,0.18209213411654696,True,True,True,False
0351284f2939695c34a2,multiplicity,multiplicity,949,2481830641,16,5000,0.0,0.05,rbf,median,anytime,bonferroni,3,10,False,UNRESOLVED,5000,True,False,False,0.00040258298395201564,0.0,0.18209213411654696,True,True,True,False
d788a78689e1643ae324,multiplicity,multiplicity,950,1683053472,16,5000,0.0,0.05,rbf,median,anytime,bonferroni,3,10,False,UNRESOLVED,5000,True,False,False,0.00039900001138448715,0.0,0.18209213411654696,True,True,True,False
7b67931e430ba4d843b9,multiplicity,multiplicity,951,1415228462,16,5000,0.0,0.05,rbf,median,anytime,bonferroni,3,10,False,UNRESOLVED,5000,True,False,False,0.00039954198291525245,0.0,0.18209213411654696,True,True,True,False
9c10a9de6875c6b3089e,multiplicity,multiplicity,952,2445512679,16,5000,0.0,0.05,rbf,median,anytime,bonferroni,3,10,False,UNRESOLVED,5000,True,False,False,0.0004014590522274375,0.0,0.18209213411654696,True,True,True,False
0e1a4ca959ae98efa1f1,multiplicity,multiplicity,953,1090225575,16,5000,0.0,0.05,rbf,median,anytime,bonferroni,3,10,False,UNRESOLVED,5000,True,False,False,0.0003979590255767107,0.0,0.18209213411654696,True,True,True,False
34afb42913b87beb2744,multiplicity,multiplicity,954,1826594725,16,5000,0.0,0.05,rbf,median,anytime,bonferroni,3,10,False,UNRESOLVED,5000,True,False,False,0.0004005000228062272,0.0,0.18209213411654696,True,True,True,False
500b9fc4d33a91db6a97,multiplicity,multiplicity,955,138583010,16,5000,0.0,0.05,rbf,median,anytime,bonferroni,3,10,False,UNRESOLVED,5000,True,False,False,0.0003993749851360917,0.0,0.18209213411654696,True,True,True,False
8e49bc33bf5a2edb9dd8,multiplicity,multiplicity,956,1579503648,16,5000,0.0,0.05,rbf,median,anytime,bonferroni,3,10,False,UNRESOLVED,5000,True,False,False,0.00040262500988319516,0.0,0.18209213411654696,True,True,True,False
a4ac692b1d16389e4326,multiplicity,multiplicity,957,2687392876,16,5000,0.0,0.05,rbf,median,anytime,bonferroni,3,10,False,UNRESOLVED,5000,True,False,False,0.0003987919772043824,0.0,0.18209213411654696,True,True,True,False
b8011bc1481683c616e4,multiplicity,multiplicity,958,2175908952,16,5000,0.0,0.05,rbf,median,anytime,bonferroni,3,10,False,UNRESOLVED,5000,True,False,False,0.00039712502621114254,0.0,0.18209213411654696,True,True,True,False
bd1b8e904824e3ba962c,multiplicity,multiplicity,959,3181219608,16,5000,0.0,0.05,rbf,median,anytime,bonferroni,3,10,False,UNRESOLVED,5000,True,False,False,0.0003982079797424376,0.0,0.18209213411654696,True,True,True,False
dc6ad6b46b2214b32c19,multiplicity,multiplicity,960,4177549722,16,5000,0.0,0.05,rbf,median,anytime,bonferroni,3,10,False,UNRESOLVED,5000,True,False,False,0.0004023339715786278,0.0,0.18209213411654696,True,True,True,False
3fc92e1f86e40d1501e5,multiplicity,multiplicity,961,1046551980,16,5000,0.0,0.05,rbf,median,anytime,bonferroni,3,10,False,UNRESOLVED,5000,True,False,False,0.00039833300979807973,0.0,0.18209213411654696,True,True,True,False
a2278ff1c9ebc3df400c,multiplicity,multiplicity,962,3417218376,16,5000,0.0,0.05,rbf,median,anytime,bonferroni,3,10,False,UNRESOLVED,5000,True,False,False,0.0004082919913344085,0.0,0.18209213411654696,True,True,True,False
fd23c0ce8b82e65d84fa,multiplicity,multiplicity,963,3766703175,16,5000,0.0,0.05,rbf,median,anytime,bonferroni,3,10,False,UNRESOLVED,5000,True,False,False,0.0004006249946542084,0.0,0.18209213411654696,True,True,True,False
5ade927f7f29bd1194ec,multiplicity,multiplicity,964,3178810510,16,5000,0.0,0.05,rbf,median,anytime,bonferroni,3,10,False,UNRESOLVED,5000,True,False,False,0.0004021250060759485,0.0,0.18209213411654696,True,True,True,False
0c7f9bb99d92a525d8d4,multiplicity,multiplicity,965,189849280,16,5000,0.0,0.05,rbf,median,anytime,bonferroni,3,10,False,UNRESOLVED,5000,True,False,False,0.00039941701106727123,0.0,0.18209213411654696,True,True,True,False
eb256ade06c80723545b,multiplicity,multiplicity,966,1186075525,16,5000,0.0,0.05,rbf,median,anytime,bonferroni,3,10,False,UNRESOLVED,5000,True,False,False,0.00040366698522120714,0.0,0.18209213411654696,True,True,True,False
6f4b366f713fb9a9ff38,multiplicity,multiplicity,967,755781046,16,5000,0.0,0.05,rbf,median,anytime,bonferroni,3,10,False,UNRESOLVED,5000,True,False,False,0.00040083297062665224,0.0,0.18209213411654696,True,True,True,False
3dc3c7498f5df8a34dd4,multiplicity,multiplicity,968,2394544495,16,5000,0.0,0.05,rbf,median,anytime,bonferroni,3,10,False,UNRESOLVED,5000,True,False,False,0.00040395901305601,0.0,0.18209213411654696,True,True,True,False
3774b46a5c0ca79ecbd7,multiplicity,multiplicity,969,4280481726,16,5000,0.0,0.05,rbf,median,anytime,bonferroni,3,10,False,UNRESOLVED,5000,True,False,False,0.00039912498323246837,0.0,0.18209213411654696,True,True,True,False
f23a7aa8c77e48607e32,multiplicity,multiplicity,970,4255152820,16,5000,0.0,0.05,rbf,median,anytime,bonferroni,3,10,False,UNRESOLVED,5000,True,False,False,0.0004003749927505851,0.0,0.18209213411654696,True,True,True,False
6ce2acd71c3bcd24e319,multiplicity,multiplicity,971,4161880563,16,5000,0.0,0.05,rbf,median,anytime,bonferroni,3,10,False,UNRESOLVED,5000,True,False,False,0.000398874981328845,0.0,0.18209213411654696,True,True,True,False
3973e821f09dcdcb34d1,multiplicity,multiplicity,972,1697399563,16,5000,0.0,0.05,rbf,median,anytime,bonferroni,3,10,False,UNRESOLVED,5000,True,False,False,0.0004049160052090883,0.0,0.18209213411654696,True,True,True,False
ef35433c38da3e1e50f8,multiplicity,multiplicity,973,1667514016,16,5000,0.0,0.05,rbf,median,anytime,bonferroni,3,10,False,UNRESOLVED,5000,True,False,False,0.00040024996269494295,0.0,0.18209213411654696,True,True,True,False
4b0ada1bb7793a1024a3,multiplicity,multiplicity,974,3880973943,16,5000,0.0,0.05,rbf,median,anytime,bonferroni,3,10,False,UNRESOLVED,5000,True,False,False,0.0003987910458818078,0.0,0.18209213411654696,True,True,True,False
096c1623a7ea4c3a28ac,multiplicity,multiplicity,975,918895808,16,5000,0.0,0.05,rbf,median,anytime,bonferroni,3,10,False,UNRESOLVED,5000,True,False,False,0.000400707998778671,0.0,0.18209213411654696,True,True,True,False
3390b7fd25118807d86c,multiplicity,multiplicity,976,547839596,16,5000,0.0,0.05,rbf,median,anytime,bonferroni,3,10,False,UNRESOLVED,5000,True,False,False,0.00040504097705706954,0.0,0.18209213411654696,True,True,True,False
d2f41c75c0e924370bbb,multiplicity,multiplicity,977,3835386029,16,5000,0.0,0.05,rbf,median,anytime,bonferroni,3,10,False,UNRESOLVED,5000,True,False,False,0.00040016701677814126,0.0,0.18209213411654696,True,True,True,False
b3148225ce233d47a48d,multiplicity,multiplicity,978,3932103802,16,5000,0.0,0.05,rbf,median,anytime,bonferroni,3,10,False,UNRESOLVED,5000,True,False,False,0.0004010839620605111,0.0,0.18209213411654696,True,True,True,False
4a643a70e83914ab20ee,multiplicity,multiplicity,979,2785283221,16,5000,0.0,0.05,rbf,median,anytime,bonferroni,3,10,False,UNRESOLVED,5000,True,False,False,0.00039908301550894976,0.0,0.18209213411654696,True,True,True,False
7ef669c23e4d1a07b9d4,multiplicity,multiplicity,980,232811450,16,5000,0.0,0.05,rbf,median,anytime,bonferroni,3,10,False,UNRESOLVED,5000,True,False,False,0.0004024159861728549,0.0,0.18209213411654696,True,True,True,False
f3da3c966f053e37351b,multiplicity,multiplicity,981,3698802529,16,5000,0.0,0.05,rbf,median,anytime,bonferroni,3,10,False,UNRESOLVED,5000,True,False,False,0.0004017080063931644,0.0,0.18209213411654696,True,True,True,False
4cf5e50b41adf8fa6a76,multiplicity,multiplicity,982,3692371923,16,5000,0.0,0.05,rbf,median,anytime,bonferroni,3,10,False,UNRESOLVED,5000,True,False,False,0.000402832985855639,0.0,0.18209213411654696,True,True,True,False
d8607db3a9b5bdc9f7e4,multiplicity,multiplicity,983,2563916261,16,5000,0.0,0.05,rbf,median,anytime,bonferroni,3,10,False,UNRESOLVED,5000,True,False,False,0.00040016701677814126,0.0,0.18209213411654696,True,True,True,False
18a8b8024009e5bbde1b,multiplicity,multiplicity,984,2050617406,16,5000,0.0,0.05,rbf,median,anytime,bonferroni,3,10,False,UNRESOLVED,5000,True,False,False,0.000403250043746084,0.0,0.18209213411654696,True,True,True,False
8df446117e201511edd5,multiplicity,multiplicity,985,991230188,16,5000,0.0,0.05,rbf,median,anytime,bonferroni,3,10,False,UNRESOLVED,5000,True,False,False,0.00039970799116417766,0.0,0.18209213411654696,True,True,True,False
01ce579729dfa42efde2,multiplicity,multiplicity,986,4201907941,16,5000,0.0,0.05,rbf,median,anytime,bonferroni,3,10,False,UNRESOLVED,5000,True,False,False,0.000401041004806757,0.0,0.18209213411654696,True,True,True,False
915403460f0fa10a432a,multiplicity,multiplicity,987,3520288245,16,5000,0.0,0.05,rbf,median,anytime,bonferroni,3,10,False,UNRESOLVED,5000,True,False,False,0.00040012499084696174,0.0,0.18209213411654696,True,True,True,False
4397022fa673ab9efe4f,multiplicity,multiplicity,988,2918294449,16,5000,0.0,0.05,rbf,median,anytime,bonferroni,3,10,False,UNRESOLVED,5000,True,False,False,0.00040179200004786253,0.0,0.18209213411654696,True,True,True,False
161a102a957ab0be8c93,multiplicity,multiplicity,989,2669597658,16,5000,0.0,0.05,rbf,median,anytime,bonferroni,3,10,False,UNRESOLVED,5000,True,False,False,0.0003994579892605543,0.0,0.18209213411654696,True,True,True,False
bf1574554aaaea98426c,multiplicity,multiplicity,990,1061882228,16,5000,0.0,0.05,rbf,median,anytime,bonferroni,3,10,False,UNRESOLVED,5000,True,False,False,0.00040537503082305193,0.0,0.18209213411654696,True,True,True,False
ced83e5adf3394c27103,multiplicity,multiplicity,991,2183097052,16,5000,0.0,0.05,rbf,median,anytime,bonferroni,3,10,False,UNRESOLVED,5000,True,False,False,0.0003986250376328826,0.0,0.18209213411654696,True,True,True,False
da2e1436ca01a19e5aac,multiplicity,multiplicity,992,3779168246,16,5000,0.0,0.05,rbf,median,anytime,bonferroni,3,10,False,UNRESOLVED,5000,True,False,False,0.00040445802733302116,0.0,0.18209213411654696,True,True,True,False
25fd07e66176d1dd0188,multiplicity,multiplicity,993,662353652,16,5000,0.0,0.05,rbf,median,anytime,bonferroni,3,10,False,UNRESOLVED,5000,True,False,False,0.0003982909838669002,0.0,0.18209213411654696,True,True,True,False
fe33437d3851517917f5,multiplicity,multiplicity,994,4057107958,16,5000,0.0,0.05,rbf,median,anytime,bonferroni,3,10,False,UNRESOLVED,5000,True,False,False,0.0003999160253442824,0.0,0.18209213411654696,True,True,True,False
d74744fbfe7b6608b9c5,multiplicity,multiplicity,995,1742386218,16,5000,0.0,0.05,rbf,median,anytime,bonferroni,3,10,False,UNRESOLVED,5000,True,False,False,0.00040008401265367866,0.0,0.18209213411654696,True,True,True,False
9831b31fdb57fce4f3a2,multiplicity,multiplicity,996,3950237680,16,5000,0.0,0.05,rbf,median,anytime,bonferroni,3,10,False,UNRESOLVED,5000,True,False,False,0.0004045420209877193,0.0,0.18209213411654696,True,True,True,False
9145fd436f47b01eb64b,multiplicity,multiplicity,997,508869268,16,5000,0.0,0.05,rbf,median,anytime,bonferroni,3,10,False,UNRESOLVED,5000,True,False,False,0.00048700004117563367,0.0,0.18209213411654696,True,True,True,False
ad006354d25dd80c23b4,multiplicity,multiplicity,998,2406414185,16,5000,0.0,0.05,rbf,median,anytime,bonferroni,3,10,False,UNRESOLVED,5000,True,False,False,0.0005488749593496323,0.0,0.18209213411654696,True,True,True,False
93c3655152e1a72f15fb,multiplicity,multiplicity,999,4079302609,16,5000,0.0,0.05,rbf,median,anytime,bonferroni,3,10,False,UNRESOLVED,5000,True,False,False,0.00048683304339647293,0.0,0.18209213411654696,True,True,True,False
dc35e2313cab65435319,multiplicity,multiplicity,1000,2794188377,16,5000,0.0,0.05,rbf,median,anytime,bonferroni,3,10,False,UNRESOLVED,5000,True,False,False,0.0006338750245049596,0.0,0.18209213411654696,True,True,True,False
4cca9f6dac9cdcfe71a2,multiplicity,multiplicity,1001,4018130723,16,5000,0.0,0.05,rbf,median,anytime,bonferroni,3,10,False,UNRESOLVED,5000,True,False,False,0.0005479159881360829,0.0,0.18209213411654696,True,True,True,False
6088c5ae2df541a0a039,multiplicity,multiplicity,1002,864757339,16,5000,0.0,0.05,rbf,median,anytime,bonferroni,3,10,False,UNRESOLVED,5000,True,False,False,0.0004931670264340937,0.0,0.18209213411654696,True,True,True,False
61d833d010212a2c3a0a,multiplicity,multiplicity,1003,4288723975,16,5000,0.0,0.05,rbf,median,anytime,bonferroni,3,10,False,UNRESOLVED,5000,True,False,False,0.0004806250217370689,0.0,0.18209213411654696,True,True,True,False
c36cb832c18ecea6bfa5,multiplicity,multiplicity,1004,4108564983,16,5000,0.0,0.05,rbf,median,anytime,bonferroni,3,10,False,UNRESOLVED,5000,True,False,False,0.0004818330053240061,0.0,0.18209213411654696,True,True,True,False
b8d3ca6997700ea323df,multiplicity,multiplicity,1005,1450326152,16,5000,0.0,0.05,rbf,median,anytime,bonferroni,3,10,False,UNRESOLVED,5000,True,False,False,0.0004777080030180514,0.0,0.18209213411654696,True,True,True,False
0627909d7f6a37bc3615,multiplicity,multiplicity,1006,1911513874,16,5000,0.0,0.05,rbf,median,anytime,bonferroni,3,10,False,UNRESOLVED,5000,True,False,False,0.0004854999715462327,0.0,0.18209213411654696,True,True,True,False
92900222e2943ab49bf1,multiplicity,multiplicity,1007,1243684660,16,5000,0.0,0.05,rbf,median,anytime,bonferroni,3,10,False,UNRESOLVED,5000,True,False,False,0.0004876669845543802,0.0,0.18209213411654696,True,True,True,False
9a6822563e7e448a5c75,multiplicity,multiplicity,1008,4149559809,16,5000,0.0,0.05,rbf,median,anytime,bonferroni,3,10,False,UNRESOLVED,5000,True,False,False,0.000494042003992945,0.0,0.18209213411654696,True,True,True,False
d8dc1b04201f4da783e5,multiplicity,multiplicity,1009,2228209820,16,5000,0.0,0.05,rbf,median,anytime,bonferroni,3,10,False,UNRESOLVED,5000,True,False,False,0.0005417910288088024,0.0,0.18209213411654696,True,True,True,False
d1787c81e1c64de80e9a,multiplicity,multiplicity,1010,2257853822,16,5000,0.0,0.05,rbf,median,anytime,bonferroni,3,10,False,UNRESOLVED,5000,True,False,False,0.0006154160364530981,0.0,0.18209213411654696,True,True,True,False
a1d89f3857094eb6101f,multiplicity,multiplicity,1011,2960791226,16,5000,0.0,0.05,rbf,median,anytime,bonferroni,3,10,False,UNRESOLVED,5000,True,False,False,0.0005489999894052744,0.0,0.18209213411654696,True,True,True,False
4834dfb54f8d61a47372,multiplicity,multiplicity,1012,2291858770,16,5000,0.0,0.05,rbf,median,anytime,bonferroni,3,10,False,UNRESOLVED,5000,True,False,False,0.0004243750008754432,0.0,0.18209213411654696,True,True,True,False
d5fa6f5bee987eabc739,multiplicity,multiplicity,1013,1667621058,16,5000,0.0,0.05,rbf,median,anytime,bonferroni,3,10,False,UNRESOLVED,5000,True,False,False,0.00040841702139005065,0.0,0.18209213411654696,True,True,True,False
fbe7899a8e7b52370f4d,multiplicity,multiplicity,1014,2725521600,16,5000,0.0,0.05,rbf,median,anytime,bonferroni,3,10,False,UNRESOLVED,5000,True,False,False,0.0004077909979969263,0.0,0.18209213411654696,True,True,True,False
9ee8f01ce0947d6934ba,multiplicity,multiplicity,1015,3840404940,16,5000,0.0,0.05,rbf,median,anytime,bonferroni,3,10,False,UNRESOLVED,5000,True,False,False,0.00040437496500089765,0.0,0.18209213411654696,True,True,True,False
cb1c5be4426121708b00,multiplicity,multiplicity,1016,2365149320,16,5000,0.0,0.05,rbf,median,anytime,bonferroni,3,10,False,UNRESOLVED,5000,True,False,False,0.0004042079672217369,0.0,0.18209213411654696,True,True,True,False
9fa4cc989cae5bbd1782,multiplicity,multiplicity,1017,2991005790,16,5000,0.0,0.05,rbf,median,anytime,bonferroni,3,10,False,UNRESOLVED,5000,True,False,False,0.00040166598046198487,0.0,0.18209213411654696,True,True,True,False
735cf75dae70033d1f89,multiplicity,multiplicity,1018,1828357239,16,5000,0.0,0.05,rbf,median,anytime,bonferroni,3,10,False,UNRESOLVED,5000,True,False,False,0.0004050839925184846,0.0,0.18209213411654696,True,True,True,False
c8aa92a59e2bf5b43f6d,multiplicity,multiplicity,1019,2507359430,16,5000,0.0,0.05,rbf,median,anytime,bonferroni,3,10,False,UNRESOLVED,5000,True,False,False,0.000401084020268172,0.0,0.18209213411654696,True,True,True,False
4dddaa9aaea30d1891d9,multiplicity,multiplicity,1020,2455675740,16,5000,0.0,0.05,rbf,median,anytime,bonferroni,3,10,False,UNRESOLVED,5000,True,False,False,0.000400707998778671,0.0,0.18209213411654696,True,True,True,False
52523c77dafc850e8d79,multiplicity,multiplicity,1021,1349824857,16,5000,0.0,0.05,rbf,median,anytime,bonferroni,3,10,False,UNRESOLVED,5000,True,False,False,0.0004021250060759485,0.0,0.18209213411654696,True,True,True,False
b319ba81047f04466ca8,multiplicity,multiplicity,1022,2668506732,16,5000,0.0,0.05,rbf,median,anytime,bonferroni,3,10,False,UNRESOLVED,5000,True,False,False,0.0004034169833175838,0.0,0.18209213411654696,True,True,True,False
5cd963103dcdddf3141b,multiplicity,multiplicity,1023,2678324480,16,5000,0.0,0.05,rbf,median,anytime,bonferroni,3,10,False,UNRESOLVED,5000,True,False,False,0.0003987919772043824,0.0,0.18209213411654696,True,True,True,False
3ec9d6d1c6f0ceb78258,multiplicity,multiplicity,1024,43672284,16,5000,0.0,0.05,rbf,median,anytime,bonferroni,3,10,False,UNRESOLVED,5000,True,False,False,0.0003993330174125731,0.0,0.18209213411654696,True,True,True,False
c20bbad48883d09bce1b,multiplicity,multiplicity,1025,822262461,16,5000,0.0,0.05,rbf,median,anytime,bonferroni,3,10,False,UNRESOLVED,5000,True,False,False,0.00039904098957777023,0.0,0.18209213411654696,True,True,True,False
886dafba62630e7526ed,multiplicity,multiplicity,1026,2654595726,16,5000,0.0,0.05,rbf,median,anytime,bonferroni,3,10,False,UNRESOLVED,5000,True,False,False,0.0004033750155940652,0.0,0.18209213411654696,True,True,True,False
cf48f4468714398b662b,multiplicity,multiplicity,1027,4200042876,16,5000,0.0,0.05,rbf,median,anytime,bonferroni,3,10,False,UNRESOLVED,5000,True,False,False,0.00040033302502706647,0.0,0.18209213411654696,True,True,True,False
ffdc96b76157f547245a,multiplicity,multiplicity,1028,687851243,16,5000,0.0,0.05,rbf,median,anytime,bonferroni,3,10,False,UNRESOLVED,5000,True,False,False,0.000400375050958246,0.0,0.18209213411654696,True,True,True,False
56a2ccaad18662ff76a7,multiplicity,multiplicity,1029,2331361278,16,5000,0.0,0.05,rbf,median,anytime,bonferroni,3,10,False,UNRESOLVED,5000,True,False,False,0.00039620796451345086,0.0,0.18209213411654696,True,True,True,False
85589774943f007ebde0,multiplicity,multiplicity,1030,67844340,16,5000,0.0,0.05,rbf,median,anytime,bonferroni,3,10,False,UNRESOLVED,5000,True,False,False,0.0004009589902125299,0.0,0.18209213411654696,True,True,True,False
f8b3e6fd7d7efb193b6e,multiplicity,multiplicity,1031,3255363232,16,5000,0.0,0.05,rbf,median,anytime,bonferroni,3,10,False,UNRESOLVED,5000,True,False,False,0.00039591698441654444,0.0,0.18209213411654696,True,True,True,False
889f85444814ea5d3e2a,multiplicity,multiplicity,1032,2186464285,16,5000,0.0,0.05,rbf,median,anytime,bonferroni,3,10,False,UNRESOLVED,5000,True,False,False,0.0003964580246247351,0.0,0.18209213411654696,True,True,True,False
50057278c5a7f9dd6c39,multiplicity,multiplicity,1033,2080132452,16,5000,0.0,0.05,rbf,median,anytime,bonferroni,3,10,False,UNRESOLVED,5000,True,False,False,0.00039454095531255007,0.0,0.18209213411654696,True,True,True,False
9b83b4beaa3f4bd7ebdc,multiplicity,multiplicity,1034,573685014,16,5000,0.0,0.05,rbf,median,anytime,bonferroni,3,10,False,UNRESOLVED,5000,True,False,False,0.0003968340461142361,0.0,0.18209213411654696,True,True,True,False
95b46de9f85cd3290820,multiplicity,multiplicity,1035,211679654,16,5000,0.0,0.05,rbf,median,anytime,bonferroni,3,10,False,UNRESOLVED,5000,True,False,False,0.000393416965380311,0.0,0.18209213411654696,True,True,True,False
9e66e8edf53354f24d28,multiplicity,multiplicity,1036,2006073377,16,5000,0.0,0.05,rbf,median,anytime,bonferroni,3,10,False,UNRESOLVED,5000,True,False,False,0.00039491598727181554,0.0,0.18209213411654696,True,True,True,False
18b0c9225d7eafcbff40,multiplicity,multiplicity,1037,2854876585,16,5000,0.0,0.05,rbf,median,anytime,bonferroni,3,10,False,UNRESOLVED,5000,True,False,False,0.00039475003723055124,0.0,0.18209213411654696,True,True,True,False
668673bba1b510073944,multiplicity,multiplicity,1038,4286469620,16,5000,0.0,0.05,rbf,median,anytime,bonferroni,3,10,False,UNRESOLVED,5000,True,False,False,0.00039858301170170307,0.0,0.18209213411654696,True,True,True,False
16026b38cc18ff58fa0f,multiplicity,multiplicity,1039,693679047,16,5000,0.0,0.05,rbf,median,anytime,bonferroni,3,10,False,UNRESOLVED,5000,True,False,False,0.00038745900383219123,0.0,0.18209213411654696,True,True,True,False
b624a0480e7d959244d6,multiplicity,multiplicity,1040,4166576759,16,5000,0.0,0.05,rbf,median,anytime,bonferroni,3,10,False,UNRESOLVED,5000,True,False,False,0.0003403750015422702,0.0,0.18209213411654696,True,True,True,False
a9f81bc18f370fd0a4c8,multiplicity,multiplicity,1041,3944056630,16,5000,0.0,0.05,rbf,median,anytime,bonferroni,3,10,False,UNRESOLVED,5000,True,False,False,0.00034149998100474477,0.0,0.18209213411654696,True,True,True,False
d4a0cc2a853418e67f4e,multiplicity,multiplicity,1042,1870331159,16,5000,0.0,0.05,rbf,median,anytime,bonferroni,3,10,False,UNRESOLVED,5000,True,False,False,0.00034425000194460154,0.0,0.18209213411654696,True,True,True,False
3824f7ee33068e4febb9,multiplicity,multiplicity,1043,4066823728,16,5000,0.0,0.05,rbf,median,anytime,bonferroni,3,10,False,UNRESOLVED,5000,True,False,False,0.00034204096300527453,0.0,0.18209213411654696,True,True,True,False
91d80059cc9519127b70,multiplicity,multiplicity,1044,2725954890,16,5000,0.0,0.05,rbf,median,anytime,bonferroni,3,10,False,UNRESOLVED,5000,True,False,False,0.0003409169730730355,0.0,0.18209213411654696,True,True,True,False
e0833a79558a283ec8ca,multiplicity,multiplicity,1045,3835537779,16,5000,0.0,0.05,rbf,median,anytime,bonferroni,3,10,False,UNRESOLVED,5000,True,False,False,0.0003412499791011214,0.0,0.18209213411654696,True,True,True,False
d3ac21011897177682a5,multiplicity,multiplicity,1046,3341140951,16,5000,0.0,0.05,rbf,median,anytime,bonferroni,3,10,False,UNRESOLVED,5000,True,False,False,0.0003459579893387854,0.0,0.18209213411654696,True,True,True,False
ca4c59495077800704d4,multiplicity,multiplicity,1047,478809402,16,5000,0.0,0.05,rbf,median,anytime,bonferroni,3,10,False,UNRESOLVED,5000,True,False,False,0.0003408340271562338,0.0,0.18209213411654696,True,True,True,False
5dbd4b87d648ac1b12f6,multiplicity,multiplicity,1048,1692034698,16,5000,0.0,0.05,rbf,median,anytime,bonferroni,3,10,False,UNRESOLVED,5000,True,False,False,0.00034016702556982636,0.0,0.18209213411654696,True,True,True,False
000367aa340b5cb2f161,multiplicity,multiplicity,1049,2179497429,16,5000,0.0,0.05,rbf,median,anytime,bonferroni,3,10,False,UNRESOLVED,5000,True,False,False,0.00034208298893645406,0.0,0.18209213411654696,True,True,True,False
616d8ce694ef58ca2e2a,multiplicity,multiplicity,1050,25662882,16,5000,0.0,0.05,rbf,median,anytime,bonferroni,3,10,False,UNRESOLVED,5000,True,False,False,0.00034425000194460154,0.0,0.18209213411654696,True,True,True,False
b381949f8fe8ea6c4f34,multiplicity,multiplicity,1051,945544923,16,5000,0.0,0.05,rbf,median,anytime,bonferroni,3,10,False,UNRESOLVED,5000,True,False,False,0.00034212495665997267,0.0,0.18209213411654696,True,True,True,False
bdc7d57052ab0f3f0d22,multiplicity,multiplicity,1052,3922275959,16,5000,0.0,0.05,rbf,median,anytime,bonferroni,3,10,False,UNRESOLVED,5000,True,False,False,0.00034166598925367,0.0,0.18209213411654696,True,True,True,False
cff29098dc2021078067,multiplicity,multiplicity,1053,2932442578,16,5000,0.0,0.05,rbf,median,anytime,bonferroni,3,10,False,UNRESOLVED,5000,True,False,False,0.0003415420069359243,0.0,0.18209213411654696,True,True,True,False
e2f0e8111165fb3d811a,multiplicity,multiplicity,1054,74041546,16,5000,0.0,0.05,rbf,median,anytime,bonferroni,3,10,False,UNRESOLVED,5000,True,False,False,0.0003446670016273856,0.0,0.18209213411654696,True,True,True,False
fecb151e60eee5d4a859,multiplicity,multiplicity,1055,1050596445,16,5000,0.0,0.05,rbf,median,anytime,bonferroni,3,10,False,UNRESOLVED,5000,True,False,False,0.0003415420069359243,0.0,0.18209213411654696,True,True,True,False
e6c5f3ff26c5bedb558b,multiplicity,multiplicity,1056,3238624003,16,5000,0.0,0.05,rbf,median,anytime,bonferroni,3,10,False,UNRESOLVED,5000,True,False,False,0.00034316699020564556,0.0,0.18209213411654696,True,True,True,False
35a386ae66e0b323e7fd,multiplicity,multiplicity,1057,1796862342,16,5000,0.0,0.05,rbf,median,anytime,bonferroni,3,10,False,UNRESOLVED,5000,True,False,False,0.0003416250110603869,0.0,0.18209213411654696,True,True,True,False
0bd1730c83b6ef5381b5,multiplicity,multiplicity,1058,33288429,16,5000,0.0,0.05,rbf,median,anytime,bonferroni,3,10,False,UNRESOLVED,5000,True,False,False,0.0003451249795034528,0.0,0.18209213411654696,True,True,True,False
0bf0d7d2afc7ae2b0b64,multiplicity,multiplicity,1059,2680540693,16,5000,0.0,0.05,rbf,median,anytime,bonferroni,3,10,False,UNRESOLVED,5000,True,False,False,0.00034241704270243645,0.0,0.18209213411654696,True,True,True,False
3edb1cdb85d3e5b1b620,multiplicity,multiplicity,1060,756558766,16,5000,0.0,0.05,rbf,median,anytime,bonferroni,3,10,False,UNRESOLVED,5000,True,False,False,0.00034158298512920737,0.0,0.18209213411654696,True,True,True,False
5c06f9d0ce321e624f4d,multiplicity,multiplicity,1061,1085306297,16,5000,0.0,0.05,rbf,median,anytime,bonferroni,3,10,False,UNRESOLVED,5000,True,False,False,0.0003423330490477383,0.0,0.18209213411654696,True,True,True,False
c0a9db5a894b426e843e,multiplicity,multiplicity,1062,91092729,16,5000,0.0,0.05,rbf,median,anytime,bonferroni,3,10,False,UNRESOLVED,5000,True,False,False,0.0005223749903962016,0.0,0.18209213411654696,True,True,True,False
f613c2c3dbe288dffd59,multiplicity,multiplicity,1063,4291322854,16,5000,0.0,0.05,rbf,median,anytime,bonferroni,3,10,False,UNRESOLVED,5000,True,False,False,0.0005151249933987856,0.0,0.18209213411654696,True,True,True,False
a1eee1b566d1ac31a513,multiplicity,multiplicity,1064,1332930509,16,5000,0.0,0.05,rbf,median,anytime,bonferroni,3,10,False,UNRESOLVED,5000,True,False,False,0.00048416596837341785,0.0,0.18209213411654696,True,True,True,False
c453a18e63fe334f2db1,multiplicity,multiplicity,1065,2452545859,16,5000,0.0,0.05,rbf,median,anytime,bonferroni,3,10,False,UNRESOLVED,5000,True,False,False,0.00047666701721027493,0.0,0.18209213411654696,True,True,True,False
c88ccdd5d7240f9efc71,multiplicity,multiplicity,1066,799732634,16,5000,0.0,0.05,rbf,median,anytime,bonferroni,3,10,False,UNRESOLVED,5000,True,False,False,0.0004947080160491168,0.0,0.18209213411654696,True,True,True,False
5407d0984d394afaf58d,multiplicity,multiplicity,1067,2800559222,16,5000,0.0,0.05,rbf,median,anytime,bonferroni,3,10,False,UNRESOLVED,5000,True,False,False,0.0004802079638466239,0.0,0.18209213411654696,True,True,True,False
664cfee82595807f03c2,multiplicity,multiplicity,1068,2485324991,16,5000,0.0,0.05,rbf,median,anytime,bonferroni,3,10,False,UNRESOLVED,5000,True,False,False,0.0004905419773422182,0.0,0.18209213411654696,True,True,True,False
7d90489d63211356b04f,multiplicity,multiplicity,1069,1369794812,16,5000,0.0,0.05,rbf,median,anytime,bonferroni,3,10,False,UNRESOLVED,5000,True,False,False,0.0005080419941805303,0.0,0.18209213411654696,True,True,True,False
9d11d4b2188f4c26902b,multiplicity,multiplicity,1070,2877000531,16,5000,0.0,0.05,rbf,median,anytime,bonferroni,3,10,False,UNRESOLVED,5000,True,False,False,0.000493708997964859,0.0,0.18209213411654696,True,True,True,False
5c99647075663c341ec0,multiplicity,multiplicity,1071,3710884440,16,5000,0.0,0.05,rbf,median,anytime,bonferroni,3,10,False,UNRESOLVED,5000,True,False,False,0.0004963339888490736,0.0,0.18209213411654696,True,True,True,False
95e2c33eb2ba02f31295,multiplicity,multiplicity,1072,3152944787,16,5000,0.0,0.05,rbf,median,anytime,bonferroni,3,10,False,UNRESOLVED,5000,True,False,False,0.00047750002704560757,0.0,0.18209213411654696,True,True,True,False
81c7c930703c09c35a4a,multiplicity,multiplicity,1073,2378492969,16,5000,0.0,0.05,rbf,median,anytime,bonferroni,3,10,False,UNRESOLVED,5000,True,False,False,0.0004765420453622937,0.0,0.18209213411654696,True,True,True,False
4c2e5528248710613c2f,multiplicity,multiplicity,1074,4214836440,16,5000,0.0,0.05,rbf,median,anytime,bonferroni,3,10,False,UNRESOLVED,5000,True,False,False,0.0004733340465463698,0.0,0.18209213411654696,True,True,True,False
1ed1b7c40939c65a9b00,multiplicity,multiplicity,1075,1138053947,16,5000,0.0,0.05,rbf,median,anytime,bonferroni,3,10,False,UNRESOLVED,5000,True,False,False,0.0004711249493993819,0.0,0.18209213411654696,True,True,True,False
376cc716e0228cd943b6,multiplicity,multiplicity,1076,4095537521,16,5000,0.0,0.05,rbf,median,anytime,bonferroni,3,10,False,UNRESOLVED,5000,True,False,False,0.00048504199367016554,0.0,0.18209213411654696,True,True,True,False
f32f54fe96caef824d97,multiplicity,multiplicity,1077,2926306417,16,5000,0.0,0.05,rbf,median,anytime,bonferroni,3,10,False,UNRESOLVED,5000,True,False,False,0.00047483399976044893,0.0,0.18209213411654696,True,True,True,False
d6cf02bad78c81d295e3,multiplicity,multiplicity,1078,3011431828,16,5000,0.0,0.05,rbf,median,anytime,bonferroni,3,10,False,UNRESOLVED,5000,True,False,False,0.00047358404844999313,0.0,0.18209213411654696,True,True,True,False
994341b1baa8a87fac87,multiplicity,multiplicity,1079,3102435638,16,5000,0.0,0.05,rbf,median,anytime,bonferroni,3,10,False,UNRESOLVED,5000,True,False,False,0.00047320901649072766,0.0,0.18209213411654696,True,True,True,False
16639109b90eb7cbabf0,multiplicity,multiplicity,1080,2305661678,16,5000,0.0,0.05,rbf,median,anytime,bonferroni,3,10,False,UNRESOLVED,5000,True,False,False,0.00047975004417821765,0.0,0.18209213411654696,True,True,True,False
066f01463767a7876d89,multiplicity,multiplicity,1081,2363302004,16,5000,0.0,0.05,rbf,median,anytime,bonferroni,3,10,False,UNRESOLVED,5000,True,False,False,0.0004635830409824848,0.0,0.18209213411654696,True,True,True,False
8024a9b90506437db602,multiplicity,multiplicity,1082,2454601569,16,5000,0.0,0.05,rbf,median,anytime,bonferroni,3,10,False,UNRESOLVED,5000,True,False,False,0.0004161660326644778,0.0,0.18209213411654696,True,True,True,False
35491ac0e6c5b49a491f,multiplicity,multiplicity,1083,1961441070,16,5000,0.0,0.05,rbf,median,anytime,bonferroni,3,10,False,UNRESOLVED,5000,True,False,False,0.0004047080292366445,0.0,0.18209213411654696,True,True,True,False
057eb725676d6cfe905c,multiplicity,multiplicity,1084,3309288377,16,5000,0.0,0.05,rbf,median,anytime,bonferroni,3,10,False,UNRESOLVED,5000,True,False,False,0.0004040829953737557,0.0,0.18209213411654696,True,True,True,False
4a3c54216ccd291da52f,multiplicity,multiplicity,1085,2011797994,16,5000,0.0,0.05,rbf,median,anytime,bonferroni,3,10,False,UNRESOLVED,5000,True,False,False,0.0003994579892605543,0.0,0.18209213411654696,True,True,True,False
bb22b0ec80b6178163c7,multiplicity,multiplicity,1086,2899323926,16,5000,0.0,0.05,rbf,median,anytime,bonferroni,3,10,False,UNRESOLVED,5000,True,False,False,0.0004004589864052832,0.0,0.18209213411654696,True,True,True,False
dd0c0c8aabc9a76657e5,multiplicity,multiplicity,1087,2525446003,16,5000,0.0,0.05,rbf,median,anytime,bonferroni,3,10,False,UNRESOLVED,5000,True,False,False,0.00039724999805912375,0.0,0.18209213411654696,True,True,True,False
8ae6b1f672ccca3d1519,multiplicity,multiplicity,1088,2157442972,16,5000,0.0,0.05,rbf,median,anytime,bonferroni,3,10,False,UNRESOLVED,5000,True,False,False,0.00040300004184246063,0.0,0.18209213411654696,True,True,True,False
2745f76c3e4f61bbde52,multiplicity,multiplicity,1089,3549631286,16,5000,0.0,0.05,rbf,median,anytime,bonferroni,3,10,False,UNRESOLVED,5000,True,False,False,0.0003956669825129211,0.0,0.18209213411654696,True,True,True,False
4be526b37c74167a3313,multiplicity,multiplicity,1090,1594858983,16,5000,0.0,0.05,rbf,median,anytime,bonferroni,3,10,False,UNRESOLVED,5000,True,False,False,0.00039766699774190784,0.0,0.18209213411654696,True,True,True,False
e33ce622998ff5ce5b0b,multiplicity,multiplicity,1091,64694945,16,5000,0.0,0.05,rbf,median,anytime,bonferroni,3,10,False,UNRESOLVED,5000,True,False,False,0.0003967919619753957,0.0,0.18209213411654696,True,True,True,False
d42e3c2e15ee16eef292,multiplicity,multiplicity,1092,1591586155,16,5000,0.0,0.05,rbf,median,anytime,bonferroni,3,10,False,UNRESOLVED,5000,True,False,False,0.00040025002090260386,0.0,0.18209213411654696,True,True,True,False
bc7a5f15a3c710ea64ce,multiplicity,multiplicity,1093,4109877530,16,5000,0.0,0.05,rbf,median,anytime,bonferroni,3,10,False,UNRESOLVED,5000,True,False,False,0.0003956250147894025,0.0,0.18209213411654696,True,True,True,False
64ad4a5ec634260566cd,multiplicity,multiplicity,1094,4039301609,16,5000,0.0,0.05,rbf,median,anytime,bonferroni,3,10,False,UNRESOLVED,5000,True,False,False,0.0003838330158032477,0.0,0.18209213411654696,True,True,True,False
c0237256a49475b4b1d1,multiplicity,multiplicity,1095,1196071291,16,5000,0.0,0.05,rbf,median,anytime,bonferroni,3,10,False,UNRESOLVED,5000,True,False,False,0.0003427089541219175,0.0,0.18209213411654696,True,True,True,False
a845e5d9540339bc8268,multiplicity,multiplicity,1096,1470678575,16,5000,0.0,0.05,rbf,median,anytime,bonferroni,3,10,False,UNRESOLVED,5000,True,False,False,0.0003462500171735883,0.0,0.18209213411654696,True,True,True,False
c27c97d1da6cac5d41ab,multiplicity,multiplicity,1097,4094848978,16,5000,0.0,0.05,rbf,median,anytime,bonferroni,3,10,False,UNRESOLVED,5000,True,False,False,0.0003415840328671038,0.0,0.18209213411654696,True,True,True,False
bdbb56e6cd3eadc45aa0,multiplicity,multiplicity,1098,2926192007,16,5000,0.0,0.05,rbf,median,anytime,bonferroni,3,10,False,UNRESOLVED,5000,True,False,False,0.0003412499791011214,0.0,0.18209213411654696,True,True,True,False
f781d38878ae08de6b8f,multiplicity,multiplicity,1099,1399643504,16,5000,0.0,0.05,rbf,median,anytime,bonferroni,3,10,False,UNRESOLVED,5000,True,False,False,0.00034366699401289225,0.0,0.18209213411654696,True,True,True,False
e7d198bafa01c426ade0,multiplicity,multiplicity,1100,1719784790,16,5000,0.0,0.05,rbf,median,anytime,bonferroni,3,10,False,UNRESOLVED,5000,True,False,False,0.0003465830232016742,0.0,0.18209213411654696,True,True,True,False
79cef8d08fb5c504e0b3,multiplicity,multiplicity,1101,3828264544,16,5000,0.0,0.05,rbf,median,anytime,bonferroni,3,10,False,UNRESOLVED,5000,True,False,False,0.00034320802660658956,0.0,0.18209213411654696,True,True,True,False
b9129813ea9776e88acd,multiplicity,multiplicity,1102,805916392,16,5000,0.0,0.05,rbf,median,anytime,bonferroni,3,10,False,UNRESOLVED,5000,True,False,False,0.0003429169883020222,0.0,0.18209213411654696,True,True,True,False
562a996c6c744c15118f,multiplicity,multiplicity,1103,3209633489,16,5000,0.0,0.05,rbf,median,anytime,bonferroni,3,10,False,UNRESOLVED,5000,True,False,False,0.00034329103073105216,0.0,0.18209213411654696,True,True,True,False
5fd816c313026287b1b1,multiplicity,multiplicity,1104,543672853,16,5000,0.0,0.05,rbf,median,anytime,bonferroni,3,10,False,UNRESOLVED,5000,True,False,False,0.00034799997229129076,0.0,0.18209213411654696,True,True,True,False
1e337d854b3095c4ff82,multiplicity,multiplicity,1105,4242625149,16,5000,0.0,0.05,rbf,median,anytime,bonferroni,3,10,False,UNRESOLVED,5000,True,False,False,0.0003432920202612877,0.0,0.18209213411654696,True,True,True,False
0243c9401ba6413c8a74,multiplicity,multiplicity,1106,344772768,16,5000,0.0,0.05,rbf,median,anytime,bonferroni,3,10,False,UNRESOLVED,5000,True,False,False,0.00034529203549027443,0.0,0.18209213411654696,True,True,True,False
f30711f5b8da702ce5da,multiplicity,multiplicity,1107,3570327836,16,5000,0.0,0.05,rbf,median,anytime,bonferroni,3,10,False,UNRESOLVED,5000,True,False,False,0.0003440000000409782,0.0,0.18209213411654696,True,True,True,False
1704e4e4bc1a6f473d50,multiplicity,multiplicity,1108,602693780,16,5000,0.0,0.05,rbf,median,anytime,bonferroni,3,10,False,UNRESOLVED,5000,True,False,False,0.00034579099155962467,0.0,0.18209213411654696,True,True,True,False
0dfe2e8fc34b5ec20204,multiplicity,multiplicity,1109,266352245,16,5000,0.0,0.05,rbf,median,anytime,bonferroni,3,10,False,UNRESOLVED,5000,True,False,False,0.00034320796839892864,0.0,0.18209213411654696,True,True,True,False
8ba58126d693128b7bc2,multiplicity,multiplicity,1110,3380263745,16,5000,0.0,0.05,rbf,median,anytime,bonferroni,3,10,False,UNRESOLVED,5000,True,False,False,0.00034270802279934287,0.0,0.18209213411654696,True,True,True,False
cea6d30904ea1747b1e3,multiplicity,multiplicity,1111,2099801072,16,5000,0.0,0.05,rbf,median,anytime,bonferroni,3,10,False,UNRESOLVED,5000,True,False,False,0.0003405000315979123,0.0,0.18209213411654696,True,True,True,False
84f8d5c657b06498fdbc,multiplicity,multiplicity,1112,3290886758,16,5000,0.0,0.05,rbf,median,anytime,bonferroni,3,10,False,UNRESOLVED,5000,True,False,False,0.00034566596150398254,0.0,0.18209213411654696,True,True,True,False
8702506a6050f8fefabb,multiplicity,multiplicity,1113,3961339779,16,5000,0.0,0.05,rbf,median,anytime,bonferroni,3,10,False,UNRESOLVED,5000,True,False,False,0.00034208298893645406,0.0,0.18209213411654696,True,True,True,False
d47ff32ce830a7d9f4d5,multiplicity,multiplicity,1114,1253641424,16,5000,0.0,0.05,rbf,median,anytime,bonferroni,3,10,False,UNRESOLVED,5000,True,False,False,0.0003525000065565109,0.0,0.18209213411654696,True,True,True,False
6cd87679c66da0a2249c,multiplicity,multiplicity,1115,1777188142,16,5000,0.0,0.05,rbf,median,anytime,bonferroni,3,10,False,UNRESOLVED,5000,True,False,False,0.0003415420069359243,0.0,0.18209213411654696,True,True,True,False
4251f46ed105edcb0178,multiplicity,multiplicity,1116,3356747917,16,5000,0.0,0.05,rbf,median,anytime,bonferroni,3,10,False,UNRESOLVED,5000,True,False,False,0.0003439580323174596,0.0,0.18209213411654696,True,True,True,False
f06ab39b2eb98751a0fb,multiplicity,multiplicity,1117,1311523355,16,5000,0.0,0.05,rbf,median,anytime,bonferroni,3,10,False,UNRESOLVED,5000,True,False,False,0.00034304201835766435,0.0,0.18209213411654696,True,True,True,False
42a87f94869078c56471,multiplicity,multiplicity,1118,2895149051,16,5000,0.0,0.05,rbf,median,anytime,bonferroni,3,10,False,UNRESOLVED,5000,True,False,False,0.0003433749661780894,0.0,0.18209213411654696,True,True,True,False
ed8b4c8e02907d8098b3,multiplicity,multiplicity,1119,696047226,16,5000,0.0,0.05,rbf,median,anytime,bonferroni,3,10,False,UNRESOLVED,5000,True,False,False,0.00034270796459168196,0.0,0.18209213411654696,True,True,True,False
59fe05209879617c7515,multiplicity,multiplicity,1120,1018222565,16,5000,0.0,0.05,rbf,median,anytime,bonferroni,3,10,False,UNRESOLVED,5000,True,False,False,0.0003469579969532788,0.0,0.18209213411654696,True,True,True,False
0483d9f7dbe8a62b19c6,multiplicity,multiplicity,1121,2464390401,16,5000,0.0,0.05,rbf,median,anytime,bonferroni,3,10,False,UNRESOLVED,5000,True,False,False,0.00034200004301965237,0.0,0.18209213411654696,True,True,True,False
2124b910c57622683846,multiplicity,multiplicity,1122,2245723523,16,5000,0.0,0.05,rbf,median,anytime,bonferroni,3,10,False,UNRESOLVED,5000,True,False,False,0.0003409580094739795,0.0,0.18209213411654696,True,True,True,False
a7d92aa864bc5185c7b3,multiplicity,multiplicity,1123,3216052234,16,5000,0.0,0.05,rbf,median,anytime,bonferroni,3,10,False,UNRESOLVED,5000,True,False,False,0.00034187501296401024,0.0,0.18209213411654696,True,True,True,False
35763ebb8dcdf64f7906,multiplicity,multiplicity,1124,1200627208,16,5000,0.0,0.05,rbf,median,anytime,bonferroni,3,10,False,UNRESOLVED,5000,True,False,False,0.0003451250377111137,0.0,0.18209213411654696,True,True,True,False
1f33f45c03645d6c78b9,multiplicity,multiplicity,1125,555888260,16,5000,0.0,0.05,rbf,median,anytime,bonferroni,3,10,False,UNRESOLVED,5000,True,False,False,0.0003426669863983989,0.0,0.18209213411654696,True,True,True,False
8b45442e287caa1cec8c,multiplicity,multiplicity,1126,918423383,16,5000,0.0,0.05,rbf,median,anytime,bonferroni,3,10,False,UNRESOLVED,5000,True,False,False,0.0003421669825911522,0.0,0.18209213411654696,True,True,True,False
75124ceaea8d9c00ba25,multiplicity,multiplicity,1127,2429793245,16,5000,0.0,0.05,rbf,median,anytime,bonferroni,3,10,False,UNRESOLVED,5000,True,False,False,0.0003683749819174409,0.0,0.18209213411654696,True,True,True,False
2570333e26fe872afc1e,multiplicity,multiplicity,1128,2827296233,16,5000,0.0,0.05,rbf,median,anytime,bonferroni,3,10,False,UNRESOLVED,5000,True,False,False,0.0003988330136053264,0.0,0.18209213411654696,True,True,True,False
9977e5b867614e162663,multiplicity,multiplicity,1129,2616446362,16,5000,0.0,0.05,rbf,median,anytime,bonferroni,3,10,False,UNRESOLVED,5000,True,False,False,0.00039666699012741446,0.0,0.18209213411654696,True,True,True,False
71c9c88445513ffbaa67,multiplicity,multiplicity,1130,3607667187,16,5000,0.0,0.05,rbf,median,anytime,bonferroni,3,10,False,UNRESOLVED,5000,True,False,False,0.0003962499904446304,0.0,0.18209213411654696,True,True,True,False
e8898424fc8d1144f839,multiplicity,multiplicity,1131,4080159296,16,5000,0.0,0.05,rbf,median,anytime,bonferroni,3,10,False,UNRESOLVED,5000,True,False,False,0.000397083000279963,0.0,0.18209213411654696,True,True,True,False
72d0fd966fab8a780fd2,multiplicity,multiplicity,1132,3104853102,16,5000,0.0,0.05,rbf,median,anytime,bonferroni,3,10,False,UNRESOLVED,5000,True,False,False,0.0004010419943369925,0.0,0.18209213411654696,True,True,True,False
1d4fce2678340397be1b,multiplicity,multiplicity,1133,292573809,16,5000,0.0,0.05,rbf,median,anytime,bonferroni,3,10,False,UNRESOLVED,5000,True,False,False,0.0004005410009995103,0.0,0.18209213411654696,True,True,True,False
ccbed22647ead3b286ed,multiplicity,multiplicity,1134,3527052120,16,5000,0.0,0.05,rbf,median,anytime,bonferroni,3,10,False,UNRESOLVED,5000,True,False,False,0.0003950829850509763,0.0,0.18209213411654696,True,True,True,False
f6c44263df9ba36ace59,multiplicity,multiplicity,1135,2809913216,16,5000,0.0,0.05,rbf,median,anytime,bonferroni,3,10,False,UNRESOLVED,5000,True,False,False,0.00039662502240389585,0.0,0.18209213411654696,True,True,True,False
dfb7d55f604df4c5427b,multiplicity,multiplicity,1136,3371014505,16,5000,0.0,0.05,rbf,median,anytime,bonferroni,3,10,False,UNRESOLVED,5000,True,False,False,0.00039966695476323366,0.0,0.18209213411654696,True,True,True,False
6e7f39edc061699fe43b,multiplicity,multiplicity,1137,1125419678,16,5000,0.0,0.05,rbf,median,anytime,bonferroni,3,10,False,UNRESOLVED,5000,True,False,False,0.00039545795880258083,0.0,0.18209213411654696,True,True,True,False
23acddf63d4faf098ac3,multiplicity,multiplicity,1138,106026516,16,5000,0.0,0.05,rbf,median,anytime,bonferroni,3,10,False,UNRESOLVED,5000,True,False,False,0.0003967920201830566,0.0,0.18209213411654696,True,True,True,False
7c89c0ec81100a4b4853,multiplicity,multiplicity,1139,28202297,16,5000,0.0,0.05,rbf,median,anytime,bonferroni,3,10,False,UNRESOLVED,5000,True,False,False,0.0003961669863201678,0.0,0.18209213411654696,True,True,True,False
0c7fb931bf078682e105,multiplicity,multiplicity,1140,831581635,16,5000,0.0,0.05,rbf,median,anytime,bonferroni,3,10,False,UNRESOLVED,5000,True,False,False,0.0003997500170953572,0.0,0.18209213411654696,True,True,True,False
d1bf4c48ae67e2c56fb4,multiplicity,multiplicity,1141,1833062336,16,5000,0.0,0.05,rbf,median,anytime,bonferroni,3,10,False,UNRESOLVED,5000,True,False,False,0.00039595802081748843,0.0,0.18209213411654696,True,True,True,False
aaa0692462d8ee7be1ff,multiplicity,multiplicity,1142,1459893892,16,5000,0.0,0.05,rbf,median,anytime,bonferroni,3,10,False,UNRESOLVED,5000,True,False,False,0.00039529200876131654,0.0,0.18209213411654696,True,True,True,False
1449fa0136ede355b970,multiplicity,multiplicity,1143,3051981826,16,5000,0.0,0.05,rbf,median,anytime,bonferroni,3,10,False,UNRESOLVED,5000,True,False,False,0.00039658398600295186,0.0,0.18209213411654696,True,True,True,False
f800694972e21bb93f6e,multiplicity,multiplicity,1144,443497310,16,5000,0.0,0.05,rbf,median,anytime,bonferroni,3,10,False,UNRESOLVED,5000,True,False,False,0.0004003749927505851,0.0,0.18209213411654696,True,True,True,False
7a58f6ad4d9ff8e8f497,multiplicity,multiplicity,1145,1770639089,16,5000,0.0,0.05,rbf,median,anytime,bonferroni,3,10,False,UNRESOLVED,5000,True,False,False,0.0003980000037699938,0.0,0.18209213411654696,True,True,True,False
642c83d4d1756a41cd80,multiplicity,multiplicity,1146,4116246405,16,5000,0.0,0.05,rbf,median,anytime,bonferroni,3,10,False,UNRESOLVED,5000,True,False,False,0.0003955840365961194,0.0,0.18209213411654696,True,True,True,False
d55a44bef13519d01621,multiplicity,multiplicity,1147,941951061,16,5000,0.0,0.05,rbf,median,anytime,bonferroni,3,10,False,UNRESOLVED,5000,True,False,False,0.00039454095531255007,0.0,0.18209213411654696,True,True,True,False
5cf73c35c049792ca962,multiplicity,multiplicity,1148,1385471124,16,5000,0.0,0.05,rbf,median,anytime,bonferroni,3,10,False,UNRESOLVED,5000,True,False,False,0.00039983296301215887,0.0,0.18209213411654696,True,True,True,False
8121638992d491fa45b3,multiplicity,multiplicity,1149,4120694766,16,5000,0.0,0.05,rbf,median,anytime,bonferroni,3,10,False,UNRESOLVED,5000,True,False,False,0.0003970409743487835,0.0,0.18209213411654696,True,True,True,False
8bcb9c2e486ffc7c6370,multiplicity,multiplicity,1150,1757004076,16,5000,0.0,0.05,rbf,median,anytime,bonferroni,3,10,False,UNRESOLVED,5000,True,False,False,0.00039674999425187707,0.0,0.18209213411654696,True,True,True,False
e23880cfd7505eae9dd0,multiplicity,multiplicity,1151,1749608995,16,5000,0.0,0.05,rbf,median,anytime,bonferroni,3,10,False,UNRESOLVED,5000,True,False,False,0.0003964999923482537,0.0,0.18209213411654696,True,True,True,False
cbc154bd75a055942ca4,multiplicity,multiplicity,1152,3662392212,16,5000,0.0,0.05,rbf,median,anytime,bonferroni,3,10,False,UNRESOLVED,5000,True,False,False,0.0003992090350948274,0.0,0.18209213411654696,True,True,True,False
92fa8c7da121e51f0cfe,multiplicity,multiplicity,1153,961295774,16,5000,0.0,0.05,rbf,median,anytime,bonferroni,3,10,False,UNRESOLVED,5000,True,False,False,0.0003947080112993717,0.0,0.18209213411654696,True,True,True,False
4e68dceba30da3d53d2f,multiplicity,multiplicity,1154,3209960819,16,5000,0.0,0.05,rbf,median,anytime,bonferroni,3,10,False,UNRESOLVED,5000,True,False,False,0.0003964999923482537,0.0,0.18209213411654696,True,True,True,False
f61bae58a7eb0696eb16,multiplicity,multiplicity,1155,3846227093,16,5000,0.0,0.05,rbf,median,anytime,bonferroni,3,10,False,UNRESOLVED,5000,True,False,False,0.0003968750243075192,0.0,0.18209213411654696,True,True,True,False
3d366578438c20badf07,multiplicity,multiplicity,1156,3731659024,16,5000,0.0,0.05,rbf,median,anytime,bonferroni,3,10,False,UNRESOLVED,5000,True,False,False,0.0003999170148745179,0.0,0.18209213411654696,True,True,True,False
91da559e697991c1ff96,multiplicity,multiplicity,1157,1561730469,16,5000,0.0,0.05,rbf,median,anytime,bonferroni,3,10,False,UNRESOLVED,5000,True,False,False,0.0003980000037699938,0.0,0.18209213411654696,True,True,True,False
141451257e3381347e5b,multiplicity,multiplicity,1158,619004607,16,5000,0.0,0.05,rbf,median,anytime,bonferroni,3,10,False,UNRESOLVED,5000,True,False,False,0.0003961669863201678,0.0,0.18209213411654696,True,True,True,False
847b6b5e87ed5b1d687c,multiplicity,multiplicity,1159,830879230,16,5000,0.0,0.05,rbf,median,anytime,bonferroni,3,10,False,UNRESOLVED,5000,True,False,False,0.0003952080151066184,0.0,0.18209213411654696,True,True,True,False
da9aeb02af0ab9100f4e,multiplicity,multiplicity,1160,1865533983,16,5000,0.0,0.05,rbf,median,anytime,bonferroni,3,10,False,UNRESOLVED,5000,True,False,False,0.00040066702058538795,0.0,0.18209213411654696,True,True,True,False
6acfbc35cdc0b3ff9867,multiplicity,multiplicity,1161,2684701846,16,5000,0.0,0.05,rbf,median,anytime,bonferroni,3,10,False,UNRESOLVED,5000,True,False,False,0.00040625000838190317,0.0,0.18209213411654696,True,True,True,False
3763c058eff2721e31b8,multiplicity,multiplicity,1162,3559493473,16,5000,0.0,0.05,rbf,median,anytime,bonferroni,3,10,False,UNRESOLVED,5000,True,False,False,0.00039766699774190784,0.0,0.18209213411654696,True,True,True,False
e985bf0d14758b408f3e,multiplicity,multiplicity,1163,128697058,16,5000,0.0,0.05,rbf,median,anytime,bonferroni,3,10,False,UNRESOLVED,5000,True,False,False,0.0003969169920310378,0.0,0.18209213411654696,True,True,True,False
99fe287708c5739d69fe,multiplicity,multiplicity,1164,665087701,16,5000,0.0,0.05,rbf,median,anytime,bonferroni,3,10,False,UNRESOLVED,5000,True,False,False,0.000400707998778671,0.0,0.18209213411654696,True,True,True,False
fedbff3fc57256d42a85,multiplicity,multiplicity,1165,4084676973,16,5000,0.0,0.05,rbf,median,anytime,bonferroni,3,10,False,UNRESOLVED,5000,True,False,False,0.0003963749622926116,0.0,0.18209213411654696,True,True,True,False
c8cb116fcfbfc3cceb65,multiplicity,multiplicity,1166,3557840796,16,5000,0.0,0.05,rbf,median,anytime,bonferroni,3,10,False,UNRESOLVED,5000,True,False,False,0.0003962080227211118,0.0,0.18209213411654696,True,True,True,False
dc6c08f0da82fcf700d9,multiplicity,multiplicity,1167,1791378655,16,5000,0.0,0.05,rbf,median,anytime,bonferroni,3,10,False,UNRESOLVED,5000,True,False,False,0.00039674999425187707,0.0,0.18209213411654696,True,True,True,False
4294ff8d18f4c86dd5bd,multiplicity,multiplicity,1168,189257302,16,5000,0.0,0.05,rbf,median,anytime,bonferroni,3,10,False,UNRESOLVED,5000,True,False,False,0.0004004589864052832,0.0,0.18209213411654696,True,True,True,False
702922dec4912e62d030,multiplicity,multiplicity,1169,3370221456,16,5000,0.0,0.05,rbf,median,anytime,bonferroni,3,10,False,UNRESOLVED,5000,True,False,False,0.0003969579702243209,0.0,0.18209213411654696,True,True,True,False
37890a6ca0069f473a4d,multiplicity,multiplicity,1170,1551161017,16,5000,0.0,0.05,rbf,median,anytime,bonferroni,3,10,False,UNRESOLVED,5000,True,False,False,0.0003964999923482537,0.0,0.18209213411654696,True,True,True,False
20e99237328040c2c1f8,multiplicity,multiplicity,1171,3544506208,16,5000,0.0,0.05,rbf,median,anytime,bonferroni,3,10,False,UNRESOLVED,5000,True,False,False,0.0003975830040872097,0.0,0.18209213411654696,True,True,True,False
46156f85f37c887e8d9e,multiplicity,multiplicity,1172,3955664222,16,5000,0.0,0.05,rbf,median,anytime,bonferroni,3,10,False,UNRESOLVED,5000,True,False,False,0.00040012504905462265,0.0,0.18209213411654696,True,True,True,False
5880c54138aec8550c92,multiplicity,multiplicity,1173,4022456336,16,5000,0.0,0.05,rbf,median,anytime,bonferroni,3,10,False,UNRESOLVED,5000,True,False,False,0.0003952919505536556,0.0,0.18209213411654696,True,True,True,False
4738c9554f5e49373f12,multiplicity,multiplicity,1174,3388565566,16,5000,0.0,0.05,rbf,median,anytime,bonferroni,3,10,False,UNRESOLVED,5000,True,False,False,0.00039537501288577914,0.0,0.18209213411654696,True,True,True,False
3955ea945120bdc863b6,multiplicity,multiplicity,1175,2579379487,16,5000,0.0,0.05,rbf,median,anytime,bonferroni,3,10,False,UNRESOLVED,5000,True,False,False,0.0003980830078944564,0.0,0.18209213411654696,True,True,True,False
da853aac45fce83b3b50,multiplicity,multiplicity,1176,1842509602,16,5000,0.0,0.05,rbf,median,anytime,bonferroni,3,10,False,UNRESOLVED,5000,True,False,False,0.00039900001138448715,0.0,0.18209213411654696,True,True,True,False
22ffe9cfb830153142c0,multiplicity,multiplicity,1177,2149582539,16,5000,0.0,0.05,rbf,median,anytime,bonferroni,3,10,False,UNRESOLVED,5000,True,False,False,0.0003956669825129211,0.0,0.18209213411654696,True,True,True,False
8e0c908821320093623e,multiplicity,multiplicity,1178,3010548201,16,5000,0.0,0.05,rbf,median,anytime,bonferroni,3,10,False,UNRESOLVED,5000,True,False,False,0.00039645901415497065,0.0,0.18209213411654696,True,True,True,False
bbf8df05a347ceb4f628,multiplicity,multiplicity,1179,687975234,16,5000,0.0,0.05,rbf,median,anytime,bonferroni,3,10,False,UNRESOLVED,5000,True,False,False,0.0003933340194635093,0.0,0.18209213411654696,True,True,True,False
a2e803fd575309bfbef8,multiplicity,multiplicity,1180,1247645694,16,5000,0.0,0.05,rbf,median,anytime,bonferroni,3,10,False,UNRESOLVED,5000,True,False,False,0.0004006660310551524,0.0,0.18209213411654696,True,True,True,False
26e4e79f444ec9de8e65,multiplicity,multiplicity,1181,3370178984,16,5000,0.0,0.05,rbf,median,anytime,bonferroni,3,10,False,UNRESOLVED,5000,True,False,False,0.0005636250134557486,0.0,0.18209213411654696,True,True,True,False
3077f1f669654ecac84e,multiplicity,multiplicity,1182,3392384105,16,5000,0.0,0.05,rbf,median,anytime,bonferroni,3,10,False,UNRESOLVED,5000,True,False,False,0.0005261249607428908,0.0,0.18209213411654696,True,True,True,False
da5173887b3f6a910700,multiplicity,multiplicity,1183,3451528739,16,5000,0.0,0.05,rbf,median,anytime,bonferroni,3,10,False,UNRESOLVED,5000,True,False,False,0.00048279104521498084,0.0,0.18209213411654696,True,True,True,False
c66e9daa5dbc88a61e02,multiplicity,multiplicity,1184,3806946011,16,5000,0.0,0.05,rbf,median,anytime,bonferroni,3,10,False,UNRESOLVED,5000,True,False,False,0.0004823750350624323,0.0,0.18209213411654696,True,True,True,False
c846df69ee80d2d8e075,multiplicity,multiplicity,1185,3446166762,16,5000,0.0,0.05,rbf,median,anytime,bonferroni,3,10,False,UNRESOLVED,5000,True,False,False,0.0004937920020893216,0.0,0.18209213411654696,True,True,True,False
806ade123cfb83c9ee0e,multiplicity,multiplicity,1186,868747059,16,5000,0.0,0.05,rbf,median,anytime,bonferroni,3,10,False,UNRESOLVED,5000,True,False,False,0.00047979102237150073,0.0,0.18209213411654696,True,True,True,False
fc97343851f1a55c60f0,multiplicity,multiplicity,1187,1901988502,16,5000,0.0,0.05,rbf,median,anytime,bonferroni,3,10,False,UNRESOLVED,5000,True,False,False,0.0004883749643340707,0.0,0.18209213411654696,True,True,True,False
f63daeee41075d7eb751,multiplicity,multiplicity,1188,1219500077,16,5000,0.0,0.05,rbf,median,anytime,bonferroni,3,10,False,UNRESOLVED,5000,True,False,False,0.0005059579852968454,0.0,0.18209213411654696,True,True,True,False
10676da0a7054c1d4c57,multiplicity,multiplicity,1189,3952990131,16,5000,0.0,0.05,rbf,median,anytime,bonferroni,3,10,False,UNRESOLVED,5000,True,False,False,0.0005138749838806689,0.0,0.18209213411654696,True,True,True,False
902f9971b3324304fd75,multiplicity,multiplicity,1190,3166014822,16,5000,0.0,0.05,rbf,median,anytime,bonferroni,3,10,False,UNRESOLVED,5000,True,False,False,0.0004711249493993819,0.0,0.18209213411654696,True,True,True,False
1fbed8c0b2ba977eecbd,multiplicity,multiplicity,1191,2531972301,16,5000,0.0,0.05,rbf,median,anytime,bonferroni,3,10,False,UNRESOLVED,5000,True,False,False,0.0004820409812964499,0.0,0.18209213411654696,True,True,True,False
275fb149f8e5bf3c0bdb,multiplicity,multiplicity,1192,1593679788,16,5000,0.0,0.05,rbf,median,anytime,bonferroni,3,10,False,UNRESOLVED,5000,True,False,False,0.0004787920042872429,0.0,0.18209213411654696,True,True,True,False
aa5a76ea3faaf51c54aa,multiplicity,multiplicity,1193,1998583589,16,5000,0.0,0.05,rbf,median,anytime,bonferroni,3,10,False,UNRESOLVED,5000,True,False,False,0.0004728749627247453,0.0,0.18209213411654696,True,True,True,False
a542836d22e892a9588c,multiplicity,multiplicity,1194,2185485673,16,5000,0.0,0.05,rbf,median,anytime,bonferroni,3,10,False,UNRESOLVED,5000,True,False,False,0.000470584025606513,0.0,0.18209213411654696,True,True,True,False
ab19ba5c5b6a46fba613,multiplicity,multiplicity,1195,696267881,16,5000,0.0,0.05,rbf,median,anytime,bonferroni,3,10,False,UNRESOLVED,5000,True,False,False,0.0004792920080944896,0.0,0.18209213411654696,True,True,True,False
594eeae4a99566d09b2f,multiplicity,multiplicity,1196,2522027374,16,5000,0.0,0.05,rbf,median,anytime,bonferroni,3,10,False,UNRESOLVED,5000,True,False,False,0.00047458300832659006,0.0,0.18209213411654696,True,True,True,False
70a53c5537d78df9e13e,multiplicity,multiplicity,1197,1637986124,16,5000,0.0,0.05,rbf,median,anytime,bonferroni,3,10,False,UNRESOLVED,5000,True,False,False,0.00047212501522153616,0.0,0.18209213411654696,True,True,True,False
96161a6911bb4c54fd40,multiplicity,multiplicity,1198,3169609400,16,5000,0.0,0.05,rbf,median,anytime,bonferroni,3,10,False,UNRESOLVED,5000,True,False,False,0.0004703340237028897,0.0,0.18209213411654696,True,True,True,False
0d3322c8b4022e2c2f12,multiplicity,multiplicity,1199,2695950570,16,5000,0.0,0.05,rbf,median,anytime,bonferroni,3,10,False,UNRESOLVED,5000,True,False,False,0.00047154200728982687,0.0,0.18209213411654696,True,True,True,False
61aa577288034edac0c9,multiplicity,multiplicity,1200,918178054,16,5000,0.0,0.05,rbf,median,anytime,bonferroni,3,10,False,UNRESOLVED,5000,True,False,False,0.0004419589531607926,0.0,0.18209213411654696,True,True,True,False
a1fd367a3b74fef696d0,multiplicity,multiplicity,1201,1312863225,16,5000,0.0,0.05,rbf,median,anytime,bonferroni,3,10,False,UNRESOLVED,5000,True,False,False,0.00036695797462016344,0.0,0.18209213411654696,True,True,True,False
d0d0f196168d43981f45,multiplicity,multiplicity,1202,1941349023,16,5000,0.0,0.05,rbf,median,anytime,bonferroni,3,10,False,UNRESOLVED,5000,True,False,False,0.00035229098284617066,0.0,0.18209213411654696,True,True,True,False
7b599e4ff231502c87ba,multiplicity,multiplicity,1203,3784128041,16,5000,0.0,0.05,rbf,median,anytime,bonferroni,3,10,False,UNRESOLVED,5000,True,False,False,0.00034966698149219155,0.0,0.18209213411654696,True,True,True,False
a3af62e4ee6ae2606718,multiplicity,multiplicity,1204,2866064634,16,5000,0.0,0.05,rbf,median,anytime,bonferroni,3,10,False,UNRESOLVED,5000,True,False,False,0.00034612498711794615,0.0,0.18209213411654696,True,True,True,False
4aaeb487aa6dd8aa25ec,multiplicity,multiplicity,1205,1991570431,16,5000,0.0,0.05,rbf,median,anytime,bonferroni,3,10,False,UNRESOLVED,5000,True,False,False,0.0003465830232016742,0.0,0.18209213411654696,True,True,True,False
46bab3454a0674fbf37e,multiplicity,multiplicity,1206,2703683379,16,5000,0.0,0.05,rbf,median,anytime,bonferroni,3,10,False,UNRESOLVED,5000,True,False,False,0.00034729199251160026,0.0,0.18209213411654696,True,True,True,False
c3fcdb5c4e1c5a1c02be,multiplicity,multiplicity,1207,3572468868,16,5000,0.0,0.05,rbf,median,anytime,bonferroni,3,10,False,UNRESOLVED,5000,True,False,False,0.0003572499845176935,0.0,0.18209213411654696,True,True,True,False
aa07d1f5cb46bd8c4798,multiplicity,multiplicity,1208,4014636695,16,5000,0.0,0.05,rbf,median,anytime,bonferroni,3,10,False,UNRESOLVED,5000,True,False,False,0.0004017080063931644,0.0,0.18209213411654696,True,True,True,False
7ffd37ebdb8a5f9f1d69,multiplicity,multiplicity,1209,2611588078,16,5000,0.0,0.05,rbf,median,anytime,bonferroni,3,10,False,UNRESOLVED,5000,True,False,False,0.000400375050958246,0.0,0.18209213411654696,True,True,True,False
ac336b09b2c8da996c71,multiplicity,multiplicity,1210,2730286030,16,5000,0.0,0.05,rbf,median,anytime,bonferroni,3,10,False,UNRESOLVED,5000,True,False,False,0.00039850000757724047,0.0,0.18209213411654696,True,True,True,False
0ae93271618fe5c6f1a4,multiplicity,multiplicity,1211,2981775901,16,5000,0.0,0.05,rbf,median,anytime,bonferroni,3,10,False,UNRESOLVED,5000,True,False,False,0.00040066696237772703,0.0,0.18209213411654696,True,True,True,False
331c8b687e2ab3702040,multiplicity,multiplicity,1212,1999300763,16,5000,0.0,0.05,rbf,median,anytime,bonferroni,3,10,False,UNRESOLVED,5000,True,False,False,0.000400707998778671,0.0,0.18209213411654696,True,True,True,False
6d707448a8601f0e5947,multiplicity,multiplicity,1213,2941926842,16,5000,0.0,0.05,rbf,median,anytime,bonferroni,3,10,False,UNRESOLVED,5000,True,False,False,0.0004012080025859177,0.0,0.18209213411654696,True,True,True,False
acff9bd19a1271def605,multiplicity,multiplicity,1214,1610883116,16,5000,0.0,0.05,rbf,median,anytime,bonferroni,3,10,False,UNRESOLVED,5000,True,False,False,0.0003980000037699938,0.0,0.18209213411654696,True,True,True,False
b5cf1ded707ca3790ca0,multiplicity,multiplicity,1215,3799498550,16,5000,0.0,0.05,rbf,median,anytime,bonferroni,3,10,False,UNRESOLVED,5000,True,False,False,0.00040012504905462265,0.0,0.18209213411654696,True,True,True,False
f602d9f4dd7755331313,multiplicity,multiplicity,1216,2072561797,16,5000,0.0,0.05,rbf,median,anytime,bonferroni,3,10,False,UNRESOLVED,5000,True,False,False,0.00039891694905236363,0.0,0.18209213411654696,True,True,True,False
c6fbe742d94702f0a094,multiplicity,multiplicity,1217,3113038193,16,5000,0.0,0.05,rbf,median,anytime,bonferroni,3,10,False,UNRESOLVED,5000,True,False,False,0.00039904098957777023,0.0,0.18209213411654696,True,True,True,False
2ac8bab57a1d1df659fe,multiplicity,multiplicity,1218,2338965352,16,5000,0.0,0.05,rbf,median,anytime,bonferroni,3,10,False,UNRESOLVED,5000,True,False,False,0.0003991250414401293,0.0,0.18209213411654696,True,True,True,False
c8e438a79a0ead82266e,multiplicity,multiplicity,1219,2799061335,16,5000,0.0,0.05,rbf,median,anytime,bonferroni,3,10,False,UNRESOLVED,5000,True,False,False,0.00039729097625240684,0.0,0.18209213411654696,True,True,True,False
75d430fe83cf4a9df597,multiplicity,multiplicity,1220,3955168406,16,5000,0.0,0.05,rbf,median,anytime,bonferroni,3,10,False,UNRESOLVED,5000,True,False,False,0.00039787497371435165,0.0,0.18209213411654696,True,True,True,False
b04b4c599bdb300772f7,multiplicity,multiplicity,1221,3332858426,16,5000,0.0,0.05,rbf,median,anytime,bonferroni,3,10,False,UNRESOLVED,5000,True,False,False,0.00039962498703971505,0.0,0.18209213411654696,True,True,True,False
0d44ab304ccf38f21083,multiplicity,multiplicity,1222,4116700649,16,5000,0.0,0.05,rbf,median,anytime,bonferroni,3,10,False,UNRESOLVED,5000,True,False,False,0.00039833300979807973,0.0,0.18209213411654696,True,True,True,False
fec226223e20b2f596ee,multiplicity,multiplicity,1223,2983225776,16,5000,0.0,0.05,rbf,median,anytime,bonferroni,3,10,False,UNRESOLVED,5000,True,False,False,0.0003980000037699938,0.0,0.18209213411654696,True,True,True,False
c77c7d509c57992f5ac6,multiplicity,multiplicity,1224,4147253690,16,5000,0.0,0.05,rbf,median,anytime,bonferroni,3,10,False,UNRESOLVED,5000,True,False,False,0.0003963750205002725,0.0,0.18209213411654696,True,True,True,False
03a610e02810be65bdf3,multiplicity,multiplicity,1225,2291325839,16,5000,0.0,0.05,rbf,median,anytime,bonferroni,3,10,False,UNRESOLVED,5000,True,False,False,0.0004005829687230289,0.0,0.18209213411654696,True,True,True,False
efdd37e499fb1dd737be,multiplicity,multiplicity,1226,3993910501,16,5000,0.0,0.05,rbf,median,anytime,bonferroni,3,10,False,UNRESOLVED,5000,True,False,False,0.0003980839974246919,0.0,0.18209213411654696,True,True,True,False
56caa1bef4cbdb64c5e9,multiplicity,multiplicity,1227,2823727545,16,5000,0.0,0.05,rbf,median,anytime,bonferroni,3,10,False,UNRESOLVED,5000,True,False,False,0.0003993749851360917,0.0,0.18209213411654696,True,True,True,False
760c535a2eb4a966a5db,multiplicity,multiplicity,1228,3491476634,16,5000,0.0,0.05,rbf,median,anytime,bonferroni,3,10,False,UNRESOLVED,5000,True,False,False,0.00039954198291525245,0.0,0.18209213411654696,True,True,True,False
364058aa2d71b1f63f4d,multiplicity,multiplicity,1229,874843400,16,5000,0.0,0.05,rbf,median,anytime,bonferroni,3,10,False,UNRESOLVED,5000,True,False,False,0.00039837503572925925,0.0,0.18209213411654696,True,True,True,False
42e80bed6f865671f441,multiplicity,multiplicity,1230,4041109380,16,5000,0.0,0.05,rbf,median,anytime,bonferroni,3,10,False,UNRESOLVED,5000,True,False,False,0.00040133396396413445,0.0,0.18209213411654696,True,True,True,False
70dbd609ce7084b4b1ec,multiplicity,multiplicity,1231,618206394,16,5000,0.0,0.05,rbf,median,anytime,bonferroni,3,10,False,UNRESOLVED,5000,True,False,False,0.00039770803414285183,0.0,0.18209213411654696,True,True,True,False
9b63b17ee3454e5cca8b,multiplicity,multiplicity,1232,2671657776,16,5000,0.0,0.05,rbf,median,anytime,bonferroni,3,10,False,UNRESOLVED,5000,True,False,False,0.0003968749660998583,0.0,0.18209213411654696,True,True,True,False
5490fe7d863000f513cf,multiplicity,multiplicity,1233,2431330325,16,5000,0.0,0.05,rbf,median,anytime,bonferroni,3,10,False,UNRESOLVED,5000,True,False,False,0.00039658398600295186,0.0,0.18209213411654696,True,True,True,False
3d06bab8d9e61ff7d672,multiplicity,multiplicity,1234,2051350015,16,5000,0.0,0.05,rbf,median,anytime,bonferroni,3,10,False,UNRESOLVED,5000,True,False,False,0.00039850000757724047,0.0,0.18209213411654696,True,True,True,False
f2908d2ada5bfbae40ad,multiplicity,multiplicity,1235,3883215887,16,5000,0.0,0.05,rbf,median,anytime,bonferroni,3,10,False,UNRESOLVED,5000,True,False,False,0.0003962920163758099,0.0,0.18209213411654696,True,True,True,False
8fd081d51eff1d413a08,multiplicity,multiplicity,1236,2370044486,16,5000,0.0,0.05,rbf,median,anytime,bonferroni,3,10,False,UNRESOLVED,5000,True,False,False,0.0003976249718107283,0.0,0.18209213411654696,True,True,True,False
0005babdc045268ec9dc,multiplicity,multiplicity,1237,2277208995,16,5000,0.0,0.05,rbf,median,anytime,bonferroni,3,10,False,UNRESOLVED,5000,True,False,False,0.0003979169996455312,0.0,0.18209213411654696,True,True,True,False
9acd947f50fddb1c2f35,multiplicity,multiplicity,1238,2703952784,16,5000,0.0,0.05,rbf,median,anytime,bonferroni,3,10,False,UNRESOLVED,5000,True,False,False,0.00039724999805912375,0.0,0.18209213411654696,True,True,True,False
9137bace849ac35e7317,multiplicity,multiplicity,1239,2656430385,16,5000,0.0,0.05,rbf,median,anytime,bonferroni,3,10,False,UNRESOLVED,5000,True,False,False,0.00039779103826731443,0.0,0.18209213411654696,True,True,True,False
e268df1c8c16b19bfe8d,multiplicity,multiplicity,1240,2765390890,16,5000,0.0,0.05,rbf,median,anytime,bonferroni,3,10,False,UNRESOLVED,5000,True,False,False,0.00039795803604647517,0.0,0.18209213411654696,True,True,True,False
11c3b6a9a37dbc01474e,multiplicity,multiplicity,1241,2759477041,16,5000,0.0,0.05,rbf,median,anytime,bonferroni,3,10,False,UNRESOLVED,5000,True,False,False,0.00039724999805912375,0.0,0.18209213411654696,True,True,True,False
60e9791f2b59fb403b06,multiplicity,multiplicity,1242,872089485,16,5000,0.0,0.05,rbf,median,anytime,bonferroni,3,10,False,UNRESOLVED,5000,True,False,False,0.00039841700345277786,0.0,0.18209213411654696,True,True,True,False
c698e1174698531a9fa4,multiplicity,multiplicity,1243,3647157984,16,5000,0.0,0.05,rbf,median,anytime,bonferroni,3,10,False,UNRESOLVED,5000,True,False,False,0.00039833300979807973,0.0,0.18209213411654696,True,True,True,False
a89a2d796819cb75f52e,multiplicity,multiplicity,1244,340205905,16,5000,0.0,0.05,rbf,median,anytime,bonferroni,3,10,False,UNRESOLVED,5000,True,False,False,0.0003964169882237911,0.0,0.18209213411654696,True,True,True,False
95ecd8a61c26b19a56a1,multiplicity,multiplicity,1245,1326443383,16,5000,0.0,0.05,rbf,median,anytime,bonferroni,3,10,False,UNRESOLVED,5000,True,False,False,0.0003985840012319386,0.0,0.18209213411654696,True,True,True,False
e3f118db9e7027510b39,multiplicity,multiplicity,1246,1799944666,16,5000,0.0,0.05,rbf,median,anytime,bonferroni,3,10,False,UNRESOLVED,5000,True,False,False,0.0004064170061610639,0.0,0.18209213411654696,True,True,True,False
9adb80c6c73d1b75e505,multiplicity,multiplicity,1247,2864696130,16,5000,0.0,0.05,rbf,median,anytime,bonferroni,3,10,False,UNRESOLVED,5000,True,False,False,0.00040087499655783176,0.0,0.18209213411654696,True,True,True,False
a5563c44e742ba8c5b63,multiplicity,multiplicity,1248,4210701528,16,5000,0.0,0.05,rbf,median,anytime,bonferroni,3,10,False,UNRESOLVED,5000,True,False,False,0.0003987919772043824,0.0,0.18209213411654696,True,True,True,False
8a1b53d63cf4588fc25d,multiplicity,multiplicity,1249,1694241506,16,5000,0.0,0.05,rbf,median,anytime,bonferroni,3,10,False,UNRESOLVED,5000,True,False,False,0.00040058395825326443,0.0,0.18209213411654696,True,True,True,False
ec725d56e9bee3d42d7a,multiplicity,multiplicity,1250,1112234737,16,5000,0.0,0.05,rbf,median,anytime,bonferroni,3,10,False,UNRESOLVED,5000,True,False,False,0.0003990420373156667,0.0,0.18209213411654696,True,True,True,False
c76e2bae13ba769ebb2e,multiplicity,multiplicity,1251,342534042,16,5000,0.0,0.05,rbf,median,anytime,bonferroni,3,10,False,UNRESOLVED,5000,True,False,False,0.00040254194755107164,0.0,0.18209213411654696,True,True,True,False
6792bfecb7d81aaeb501,multiplicity,multiplicity,1252,3446669804,16,5000,0.0,0.05,rbf,median,anytime,bonferroni,3,10,False,UNRESOLVED,5000,True,False,False,0.00039895798545330763,0.0,0.18209213411654696,True,True,True,False
b938870a1997c0fba4d8,multiplicity,multiplicity,1253,2163360113,16,5000,0.0,0.05,rbf,median,anytime,bonferroni,3,10,False,UNRESOLVED,5000,True,False,False,0.00040087499655783176,0.0,0.18209213411654696,True,True,True,False
852a2a2e82822d2dd5a9,multiplicity,multiplicity,1254,2626259298,16,5000,0.0,0.05,rbf,median,anytime,bonferroni,3,10,False,UNRESOLVED,5000,True,False,False,0.0003987919772043824,0.0,0.18209213411654696,True,True,True,False
a84a09d377260a86e8f9,multiplicity,multiplicity,1255,2430631041,16,5000,0.0,0.05,rbf,median,anytime,bonferroni,3,10,False,UNRESOLVED,5000,True,False,False,0.00039979099528864026,0.0,0.18209213411654696,True,True,True,False
5fee1c871174ec08a705,multiplicity,multiplicity,1256,2339574006,16,5000,0.0,0.05,rbf,median,anytime,bonferroni,3,10,False,UNRESOLVED,5000,True,False,False,0.00039945897879078984,0.0,0.18209213411654696,True,True,True,False
59b2979e7b5a75d201fc,multiplicity,multiplicity,1257,550251797,16,5000,0.0,0.05,rbf,median,anytime,bonferroni,3,10,False,UNRESOLVED,5000,True,False,False,0.0003987909876741469,0.0,0.18209213411654696,True,True,True,False
928442af8a5aee5c0326,multiplicity,multiplicity,1258,343359625,16,5000,0.0,0.05,rbf,median,anytime,bonferroni,3,10,False,UNRESOLVED,5000,True,False,False,0.00040249997982755303,0.0,0.18209213411654696,True,True,True,False
4cba4035f8c547e05ca6,multiplicity,multiplicity,1259,3738608690,16,5000,0.0,0.05,rbf,median,anytime,bonferroni,3,10,False,UNRESOLVED,5000,True,False,False,0.0004023330402560532,0.0,0.18209213411654696,True,True,True,False
03eb0abbf9903499c3ac,multiplicity,multiplicity,1260,633883378,16,5000,0.0,0.05,rbf,median,anytime,bonferroni,3,10,False,UNRESOLVED,5000,True,False,False,0.0006278330110944808,0.0,0.18209213411654696,True,True,True,False
2b97a142d0e714f6804d,multiplicity,multiplicity,1261,2555261310,16,5000,0.0,0.05,rbf,median,anytime,bonferroni,3,10,False,UNRESOLVED,5000,True,False,False,0.0005254170391708612,0.0,0.18209213411654696,True,True,True,False
6e1e0b52dc52950c6554,multiplicity,multiplicity,1262,2664625736,16,5000,0.0,0.05,rbf,median,anytime,bonferroni,3,10,False,UNRESOLVED,5000,True,False,False,0.0005099999834783375,0.0,0.18209213411654696,True,True,True,False
0a74ad945b90e0723f1d,multiplicity,multiplicity,1263,1231084234,16,5000,0.0,0.05,rbf,median,anytime,bonferroni,3,10,False,UNRESOLVED,5000,True,False,False,0.0005140829598531127,0.0,0.18209213411654696,True,True,True,False
f7155691515a52da6859,multiplicity,multiplicity,1264,3871095958,16,5000,0.0,0.05,rbf,median,anytime,bonferroni,3,10,False,UNRESOLVED,5000,True,False,False,0.0005178339779376984,0.0,0.18209213411654696,True,True,True,False
f96fdcd55f5c8d4ccf89,multiplicity,multiplicity,1265,2429812920,16,5000,0.0,0.05,rbf,median,anytime,bonferroni,3,10,False,UNRESOLVED,5000,True,False,False,0.0004938750062137842,0.0,0.18209213411654696,True,True,True,False
48179c4c5904193bf2b7,multiplicity,multiplicity,1266,2639825354,16,5000,0.0,0.05,rbf,median,anytime,bonferroni,3,10,False,UNRESOLVED,5000,True,False,False,0.0004270420176908374,0.0,0.18209213411654696,True,True,True,False
068980620275e95967a9,multiplicity,multiplicity,1267,3545054456,16,5000,0.0,0.05,rbf,median,anytime,bonferroni,3,10,False,UNRESOLVED,5000,True,False,False,0.00041279097786173224,0.0,0.18209213411654696,True,True,True,False
04a1ae118189079d7248,multiplicity,multiplicity,1268,3169243017,16,5000,0.0,0.05,rbf,median,anytime,bonferroni,3,10,False,UNRESOLVED,5000,True,False,False,0.00040625000838190317,0.0,0.18209213411654696,True,True,True,False
d7012264bc8c1ac5f435,multiplicity,multiplicity,1269,2369568008,16,5000,0.0,0.05,rbf,median,anytime,bonferroni,3,10,False,UNRESOLVED,5000,True,False,False,0.0004038750194013119,0.0,0.18209213411654696,True,True,True,False
6cf27e2f95d6ff846ade,multiplicity,multiplicity,1270,3219163890,16,5000,0.0,0.05,rbf,median,anytime,bonferroni,3,10,False,UNRESOLVED,5000,True,False,False,0.0004383749910630286,0.0,0.18209213411654696,True,True,True,False
a87bae33ed72d02f9277,multiplicity,multiplicity,1271,4240376562,16,5000,0.0,0.05,rbf,median,anytime,bonferroni,3,10,False,UNRESOLVED,5000,True,False,False,0.00041670899372547865,0.0,0.18209213411654696,True,True,True,False
7241d1fe7762a5db3e03,multiplicity,multiplicity,1272,334265503,16,5000,0.0,0.05,rbf,median,anytime,bonferroni,3,10,False,UNRESOLVED,5000,True,False,False,0.0004082079976797104,0.0,0.18209213411654696,True,True,True,False
bbe56b553b5138fa01d3,multiplicity,multiplicity,1273,2602596633,16,5000,0.0,0.05,rbf,median,anytime,bonferroni,3,10,False,UNRESOLVED,5000,True,False,False,0.00040683295810595155,0.0,0.18209213411654696,True,True,True,False
f7c6e9480855fd232f9c,multiplicity,multiplicity,1274,2066310463,16,5000,0.0,0.05,rbf,median,anytime,bonferroni,3,10,False,UNRESOLVED,5000,True,False,False,0.0004034999874420464,0.0,0.18209213411654696,True,True,True,False
3398a87dbbfa1b0f3351,multiplicity,multiplicity,1275,19632172,16,5000,0.0,0.05,rbf,median,anytime,bonferroni,3,10,False,UNRESOLVED,5000,True,False,False,0.00040329102193936706,0.0,0.18209213411654696,True,True,True,False
9345a5ddae5538b1b505,multiplicity,multiplicity,1276,2591269449,16,5000,0.0,0.05,rbf,median,anytime,bonferroni,3,10,False,UNRESOLVED,5000,True,False,False,0.0003981250338256359,0.0,0.18209213411654696,True,True,True,False
f8ce9b64adabcba72948,multiplicity,multiplicity,1277,61120227,16,5000,0.0,0.05,rbf,median,anytime,bonferroni,3,10,False,UNRESOLVED,5000,True,False,False,0.0004009170224890113,0.0,0.18209213411654696,True,True,True,False
fbf582b2e42c31ea3800,multiplicity,multiplicity,1278,4274903669,16,5000,0.0,0.05,rbf,median,anytime,bonferroni,3,10,False,UNRESOLVED,5000,True,False,False,0.00040120899211615324,0.0,0.18209213411654696,True,True,True,False
22ee9cf0e4804ad96031,multiplicity,multiplicity,1279,3407701246,16,5000,0.0,0.05,rbf,median,anytime,bonferroni,3,10,False,UNRESOLVED,5000,True,False,False,0.0003997089806944132,0.0,0.18209213411654696,True,True,True,False
8bc9a83e82108c395967,multiplicity,multiplicity,1280,4250940756,16,5000,0.0,0.05,rbf,median,anytime,bonferroni,3,10,False,UNRESOLVED,5000,True,False,False,0.0005385419935919344,0.0,0.18209213411654696,True,True,True,False
1776dd9e51c2c62cad7d,multiplicity,multiplicity,1281,4099111326,16,5000,0.0,0.05,rbf,median,anytime,bonferroni,3,10,False,UNRESOLVED,5000,True,False,False,0.0005288750398904085,0.0,0.18209213411654696,True,True,True,False
7c915a1d93aed4c43e05,multiplicity,multiplicity,1282,2450759804,16,5000,0.0,0.05,rbf,median,anytime,bonferroni,3,10,False,UNRESOLVED,5000,True,False,False,0.0004945420078001916,0.0,0.18209213411654696,True,True,True,False
8d77daf2ae00e4ce953d,multiplicity,multiplicity,1283,1357794334,16,5000,0.0,0.05,rbf,median,anytime,bonferroni,3,10,False,UNRESOLVED,5000,True,False,False,0.000543624977581203,0.0,0.18209213411654696,True,True,True,False
c5df4872f2536f2c75c5,multiplicity,multiplicity,1284,3048115253,16,5000,0.0,0.05,rbf,median,anytime,bonferroni,3,10,False,UNRESOLVED,5000,True,False,False,0.0004301250446587801,0.0,0.18209213411654696,True,True,True,False
6cf8956dda0182f84e4b,multiplicity,multiplicity,1285,4011489484,16,5000,0.0,0.05,rbf,median,anytime,bonferroni,3,10,False,UNRESOLVED,5000,True,False,False,0.0004505830002017319,0.0,0.18209213411654696,True,True,True,False
6dfe3903471fee8926fa,multiplicity,multiplicity,1286,1528619198,16,5000,0.0,0.05,rbf,median,anytime,bonferroni,3,10,False,UNRESOLVED,5000,True,False,False,0.0004094159812666476,0.0,0.18209213411654696,True,True,True,False
d224b51f20d86ac9e943,multiplicity,multiplicity,1287,4102695573,16,5000,0.0,0.05,rbf,median,anytime,bonferroni,3,10,False,UNRESOLVED,5000,True,False,False,0.0004083749954588711,0.0,0.18209213411654696,True,True,True,False
37c625b113639874f6d7,multiplicity,multiplicity,1288,3851681756,16,5000,0.0,0.05,rbf,median,anytime,bonferroni,3,10,False,UNRESOLVED,5000,True,False,False,0.00040600000647827983,0.0,0.18209213411654696,True,True,True,False
ed11786b3a2825c5c28b,multiplicity,multiplicity,1289,2806662192,16,5000,0.0,0.05,rbf,median,anytime,bonferroni,3,10,False,UNRESOLVED,5000,True,False,False,0.00040333298966288567,0.0,0.18209213411654696,True,True,True,False
4f8af21f3a06c32e6c62,multiplicity,multiplicity,1290,1522540086,16,5000,0.0,0.05,rbf,median,anytime,bonferroni,3,10,False,UNRESOLVED,5000,True,False,False,0.00039970799116417766,0.0,0.18209213411654696,True,True,True,False
6bb69c7a8b1f99a1c12d,multiplicity,multiplicity,1291,1898214851,16,5000,0.0,0.05,rbf,median,anytime,bonferroni,3,10,False,UNRESOLVED,5000,True,False,False,0.000400707998778671,0.0,0.18209213411654696,True,True,True,False
55e7983695cfe80b84e8,multiplicity,multiplicity,1292,1240699303,16,5000,0.0,0.05,rbf,median,anytime,bonferroni,3,10,False,UNRESOLVED,5000,True,False,False,0.00040062505286186934,0.0,0.18209213411654696,True,True,True,False
8e8f52bcf67ac334b729,multiplicity,multiplicity,1293,1610012871,16,5000,0.0,0.05,rbf,median,anytime,bonferroni,3,10,False,UNRESOLVED,5000,True,False,False,0.0003645409597083926,0.0,0.18209213411654696,True,True,True,False
81d6d0611293c7b8890e,multiplicity,multiplicity,1294,3264696577,16,5000,0.0,0.05,rbf,median,anytime,bonferroni,3,10,False,UNRESOLVED,5000,True,False,False,0.0003458330174908042,0.0,0.18209213411654696,True,True,True,False
e713e5793de3f5dcb6ff,multiplicity,multiplicity,1295,2477964586,16,5000,0.0,0.05,rbf,median,anytime,bonferroni,3,10,False,UNRESOLVED,5000,True,False,False,0.00034479197347536683,0.0,0.18209213411654696,True,True,True,False
38f50a2c0982be181cb6,multiplicity,multiplicity,1296,1853621571,16,5000,0.0,0.05,rbf,median,anytime,bonferroni,3,10,False,UNRESOLVED,5000,True,False,False,0.0003449590294621885,0.0,0.18209213411654696,True,True,True,False
9550465a6059213f60d7,multiplicity,multiplicity,1297,1448252973,16,5000,0.0,0.05,rbf,median,anytime,bonferroni,3,10,False,UNRESOLVED,5000,True,False,False,0.0003440419677644968,0.0,0.18209213411654696,True,True,True,False
62b593205bd6191f3e9c,multiplicity,multiplicity,1298,1007472418,16,5000,0.0,0.05,rbf,median,anytime,bonferroni,3,10,False,UNRESOLVED,5000,True,False,False,0.0003910829545930028,0.0,0.18209213411654696,True,True,True,False
f0318017d4a806042fea,multiplicity,multiplicity,1299,1462749788,16,5000,0.0,0.05,rbf,median,anytime,bonferroni,3,10,False,UNRESOLVED,5000,True,False,False,0.000355791999027133,0.0,0.18209213411654696,True,True,True,False
d1effa1fcc5c407f4c9f,multiplicity,multiplicity,1300,3405753245,16,5000,0.0,0.05,rbf,median,anytime,bonferroni,3,10,False,UNRESOLVED,5000,True,False,False,0.00035391596611589193,0.0,0.18209213411654696,True,True,True,False
1bfd8b4a40a495fcf113,multiplicity,multiplicity,1301,2133041888,16,5000,0.0,0.05,rbf,median,anytime,bonferroni,3,10,False,UNRESOLVED,5000,True,False,False,0.0003474999684840441,0.0,0.18209213411654696,True,True,True,False
f9b4485fd9dc37be281a,multiplicity,multiplicity,1302,697652408,16,5000,0.0,0.05,rbf,median,anytime,bonferroni,3,10,False,UNRESOLVED,5000,True,False,False,0.0003470419906079769,0.0,0.18209213411654696,True,True,True,False
25c84aed8d28330fe8ca,multiplicity,multiplicity,1303,3955374994,16,5000,0.0,0.05,rbf,median,anytime,bonferroni,3,10,False,UNRESOLVED,5000,True,False,False,0.0003468340146355331,0.0,0.18209213411654696,True,True,True,False
6d93da788339561106d8,multiplicity,multiplicity,1304,78881812,16,5000,0.0,0.05,rbf,median,anytime,bonferroni,3,10,False,UNRESOLVED,5000,True,False,False,0.00034566596150398254,0.0,0.18209213411654696,True,True,True,False
e43e83bbf2bb34ea1073,multiplicity,multiplicity,1305,1037408293,16,5000,0.0,0.05,rbf,median,anytime,bonferroni,3,10,False,UNRESOLVED,5000,True,False,False,0.0003452919772826135,0.0,0.18209213411654696,True,True,True,False
dd97b59671c6812bda46,multiplicity,multiplicity,1306,3743084090,16,5000,0.0,0.05,rbf,median,anytime,bonferroni,3,10,False,UNRESOLVED,5000,True,False,False,0.0003445830079726875,0.0,0.18209213411654696,True,True,True,False
11ebd949c31035f5b5aa,multiplicity,multiplicity,1307,149103795,16,5000,0.0,0.05,rbf,median,anytime,bonferroni,3,10,False,UNRESOLVED,5000,True,False,False,0.0003452500095590949,0.0,0.18209213411654696,True,True,True,False
1164d0a800a76fc5ae09,multiplicity,multiplicity,1308,4167936219,16,5000,0.0,0.05,rbf,median,anytime,bonferroni,3,10,False,UNRESOLVED,5000,True,False,False,0.0004106659907847643,0.0,0.18209213411654696,True,True,True,False
61cac97ba62d298befc7,multiplicity,multiplicity,1309,3718182704,16,5000,0.0,0.05,rbf,median,anytime,bonferroni,3,10,False,UNRESOLVED,5000,True,False,False,0.0003857499687001109,0.0,0.18209213411654696,True,True,True,False
4f60fb1995647bc284be,multiplicity,multiplicity,1310,1769211352,16,5000,0.0,0.05,rbf,median,anytime,bonferroni,3,10,False,UNRESOLVED,5000,True,False,False,0.00035870802821591496,0.0,0.18209213411654696,True,True,True,False
3ec92da404c886d284f6,multiplicity,multiplicity,1311,869299714,16,5000,0.0,0.05,rbf,median,anytime,bonferroni,3,10,False,UNRESOLVED,5000,True,False,False,0.0003548329696059227,0.0,0.18209213411654696,True,True,True,False
6443870c9a75d23a9318,multiplicity,multiplicity,1312,4088884146,16,5000,0.0,0.05,rbf,median,anytime,bonferroni,3,10,False,UNRESOLVED,5000,True,False,False,0.000365958025213331,0.0,0.18209213411654696,True,True,True,False
871827cbfa8ee161808d,multiplicity,multiplicity,1313,950451630,16,5000,0.0,0.05,rbf,median,anytime,bonferroni,3,10,False,UNRESOLVED,5000,True,False,False,0.00034566596150398254,0.0,0.18209213411654696,True,True,True,False
42a151d5dd210392e0e5,multiplicity,multiplicity,1314,3004008345,16,5000,0.0,0.05,rbf,median,anytime,bonferroni,3,10,False,UNRESOLVED,5000,True,False,False,0.00034420902375131845,0.0,0.18209213411654696,True,True,True,False
2622d2ee95933273ad8c,multiplicity,multiplicity,1315,1577612508,16,5000,0.0,0.05,rbf,median,anytime,bonferroni,3,10,False,UNRESOLVED,5000,True,False,False,0.00034416699782013893,0.0,0.18209213411654696,True,True,True,False
778c9b0076831a7d6dc8,multiplicity,multiplicity,1316,425888791,16,5000,0.0,0.05,rbf,median,anytime,bonferroni,3,10,False,UNRESOLVED,5000,True,False,False,0.00034333299845457077,0.0,0.18209213411654696,True,True,True,False
1de202760954a08bf79f,multiplicity,multiplicity,1317,4161571047,16,5000,0.0,0.05,rbf,median,anytime,bonferroni,3,10,False,UNRESOLVED,5000,True,False,False,0.0003429999924264848,0.0,0.18209213411654696,True,True,True,False
f3ee05748cd22af03772,multiplicity,multiplicity,1318,3633642185,16,5000,0.0,0.05,rbf,median,anytime,bonferroni,3,10,False,UNRESOLVED,5000,True,False,False,0.0004145420389249921,0.0,0.18209213411654696,True,True,True,False
fcc523364748f1cafebc,multiplicity,multiplicity,1319,1806875511,16,5000,0.0,0.05,rbf,median,anytime,bonferroni,3,10,False,UNRESOLVED,5000,True,False,False,0.0006403750157915056,0.0,0.18209213411654696,True,True,True,False
544a0975ec6a3d00eefb,multiplicity,multiplicity,1320,1860750517,16,5000,0.0,0.05,rbf,median,anytime,bonferroni,3,10,False,UNRESOLVED,5000,True,False,False,0.0006134160212241113,0.0,0.18209213411654696,True,True,True,False
d90bda020cea7c1e4464,multiplicity,multiplicity,1321,465642001,16,5000,0.0,0.05,rbf,median,anytime,bonferroni,3,10,False,UNRESOLVED,5000,True,False,False,0.0004026670358143747,0.0,0.18209213411654696,True,True,True,False
1387cc771ea11bc902f7,multiplicity,multiplicity,1322,3780955606,16,5000,0.0,0.05,rbf,median,anytime,bonferroni,3,10,False,UNRESOLVED,5000,True,False,False,0.0003767500165849924,0.0,0.18209213411654696,True,True,True,False
6836d8ed8a408a55ae21,multiplicity,multiplicity,1323,4118848451,16,5000,0.0,0.05,rbf,median,anytime,bonferroni,3,10,False,UNRESOLVED,5000,True,False,False,0.00036345800617709756,0.0,0.18209213411654696,True,True,True,False
6c6a80bb2fe7ef4141c7,multiplicity,multiplicity,1324,943136523,16,5000,0.0,0.05,rbf,median,anytime,bonferroni,3,10,False,UNRESOLVED,5000,True,False,False,0.0003504580236040056,0.0,0.18209213411654696,True,True,True,False
befc612ed9fdf18c26d7,multiplicity,multiplicity,1325,217880509,16,5000,0.0,0.05,rbf,median,anytime,bonferroni,3,10,False,UNRESOLVED,5000,True,False,False,0.0003504169872030616,0.0,0.18209213411654696,True,True,True,False
08721e4dbdff01edfac2,multiplicity,multiplicity,1326,2394691915,16,5000,0.0,0.05,rbf,median,anytime,bonferroni,3,10,False,UNRESOLVED,5000,True,False,False,0.00034495798172429204,0.0,0.18209213411654696,True,True,True,False
ec3aa299c90d406346be,multiplicity,multiplicity,1327,193672545,16,5000,0.0,0.05,rbf,median,anytime,bonferroni,3,10,False,UNRESOLVED,5000,True,False,False,0.0006507079815492034,0.0,0.18209213411654696,True,True,True,False
92d6635d394202f3f5da,multiplicity,multiplicity,1328,2501293661,16,5000,0.0,0.05,rbf,median,anytime,bonferroni,3,10,False,UNRESOLVED,5000,True,False,False,0.000517625012435019,0.0,0.18209213411654696,True,True,True,False
f43a0ffb7674b0845b1a,multiplicity,multiplicity,1329,3878985212,16,5000,0.0,0.05,rbf,median,anytime,bonferroni,3,10,False,UNRESOLVED,5000,True,False,False,0.00048816599883139133,0.0,0.18209213411654696,True,True,True,False
8d11e8b0d472276b2035,multiplicity,multiplicity,1330,818389084,16,5000,0.0,0.05,rbf,median,anytime,bonferroni,3,10,False,UNRESOLVED,5000,True,False,False,0.00048091699136421084,0.0,0.18209213411654696,True,True,True,False
6a0dc29db9eab5d86b6a,multiplicity,multiplicity,1331,3211662253,16,5000,0.0,0.05,rbf,median,anytime,bonferroni,3,10,False,UNRESOLVED,5000,True,False,False,0.00044999999227002263,0.0,0.18209213411654696,True,True,True,False
511d15a644d471cded0f,multiplicity,multiplicity,1332,2804049661,16,5000,0.0,0.05,rbf,median,anytime,bonferroni,3,10,False,UNRESOLVED,5000,True,False,False,0.00037470803363248706,0.0,0.18209213411654696,True,True,True,False
5383acefff288954db1b,multiplicity,multiplicity,1333,2999682000,16,5000,0.0,0.05,rbf,median,anytime,bonferroni,3,10,False,UNRESOLVED,5000,True,False,False,0.00035758299054577947,0.0,0.18209213411654696,True,True,True,False
75ce26f7f9a5dd5694c1,multiplicity,multiplicity,1334,3712122721,16,5000,0.0,0.05,rbf,median,anytime,bonferroni,3,10,False,UNRESOLVED,5000,True,False,False,0.0003499999875202775,0.0,0.18209213411654696,True,True,True,False
46d5c2cddde5ebb8d570,multiplicity,multiplicity,1335,3889200164,16,5000,0.0,0.05,rbf,median,anytime,bonferroni,3,10,False,UNRESOLVED,5000,True,False,False,0.00035370903788134456,0.0,0.18209213411654696,True,True,True,False
85d7aebee7a20a55ff8d,multiplicity,multiplicity,1336,1208976353,16,5000,0.0,0.05,rbf,median,anytime,bonferroni,3,10,False,UNRESOLVED,5000,True,False,False,0.0003459579893387854,0.0,0.18209213411654696,True,True,True,False
b140ab707a83046aa7a1,multiplicity,multiplicity,1337,2389231183,16,5000,0.0,0.05,rbf,median,anytime,bonferroni,3,10,False,UNRESOLVED,5000,True,False,False,0.0003450420335866511,0.0,0.18209213411654696,True,True,True,False
ab563dcf82e9bf2ebd1e,multiplicity,multiplicity,1338,1388130493,16,5000,0.0,0.05,rbf,median,anytime,bonferroni,3,10,False,UNRESOLVED,5000,True,False,False,0.0003425840404815972,0.0,0.18209213411654696,True,True,True,False
37b7459f7c11bc2fde82,multiplicity,multiplicity,1339,3890599250,16,5000,0.0,0.05,rbf,median,anytime,bonferroni,3,10,False,UNRESOLVED,5000,True,False,False,0.0003589999978430569,0.0,0.18209213411654696,True,True,True,False
98d57a77ab4625d49719,multiplicity,multiplicity,1340,2862168813,16,5000,0.0,0.05,rbf,median,anytime,bonferroni,3,10,False,UNRESOLVED,5000,True,False,False,0.00034333299845457077,0.0,0.18209213411654696,True,True,True,False
9c2ad6f2e8b9349ba76f,multiplicity,multiplicity,1341,1247255066,16,5000,0.0,0.05,rbf,median,anytime,bonferroni,3,10,False,UNRESOLVED,5000,True,False,False,0.0003434169921092689,0.0,0.18209213411654696,True,True,True,False
71b4aaffeace795f42b7,multiplicity,multiplicity,1342,279864594,16,5000,0.0,0.05,rbf,median,anytime,bonferroni,3,10,False,UNRESOLVED,5000,True,False,False,0.0003426669863983989,0.0,0.18209213411654696,True,True,True,False
54612e2a02deddad7a73,multiplicity,multiplicity,1343,3134216155,16,5000,0.0,0.05,rbf,median,anytime,bonferroni,3,10,False,UNRESOLVED,5000,True,False,False,0.0003447500057518482,0.0,0.18209213411654696,True,True,True,False
61698a22591234ccdece,multiplicity,multiplicity,1344,215913503,16,5000,0.0,0.05,rbf,median,anytime,bonferroni,3,10,False,UNRESOLVED,5000,True,False,False,0.0003424579626880586,0.0,0.18209213411654696,True,True,True,False
1cf120b742a146bc6aaf,multiplicity,multiplicity,1345,34720765,16,5000,0.0,0.05,rbf,median,anytime,bonferroni,3,10,False,UNRESOLVED,5000,True,False,False,0.00034495803993195295,0.0,0.18209213411654696,True,True,True,False
611e4e0b41ff835421aa,multiplicity,multiplicity,1346,890199723,16,5000,0.0,0.05,rbf,median,anytime,bonferroni,3,10,False,UNRESOLVED,5000,True,False,False,0.00034258299274370074,0.0,0.18209213411654696,True,True,True,False
fd471ddde25718ea7771,multiplicity,multiplicity,1347,2224715881,16,5000,0.0,0.05,rbf,median,anytime,bonferroni,3,10,False,UNRESOLVED,5000,True,False,False,0.0003451250377111137,0.0,0.18209213411654696,True,True,True,False
cbd0a715b4330db93f29,multiplicity,multiplicity,1348,2348085176,16,5000,0.0,0.05,rbf,median,anytime,bonferroni,3,10,False,UNRESOLVED,5000,True,False,False,0.00034316699020564556,0.0,0.18209213411654696,True,True,True,False
2fab20830ddf87b6e5f9,multiplicity,multiplicity,1349,299958982,16,5000,0.0,0.05,rbf,median,anytime,bonferroni,3,10,False,UNRESOLVED,5000,True,False,False,0.00034141598735004663,0.0,0.18209213411654696,True,True,True,False
7ecd125377fd9c376a25,multiplicity,multiplicity,1350,2229679649,16,5000,0.0,0.05,rbf,median,anytime,bonferroni,3,10,False,UNRESOLVED,5000,True,False,False,0.00034333299845457077,0.0,0.18209213411654696,True,True,True,False
398e40e23959dbf82b5d,multiplicity,multiplicity,1351,3355399331,16,5000,0.0,0.05,rbf,median,anytime,bonferroni,3,10,False,UNRESOLVED,5000,True,False,False,0.00034683296689763665,0.0,0.18209213411654696,True,True,True,False
e18f4d1620fd2b916301,multiplicity,multiplicity,1352,2410451770,16,5000,0.0,0.05,rbf,median,anytime,bonferroni,3,10,False,UNRESOLVED,5000,True,False,False,0.0003831669455394149,0.0,0.18209213411654696,True,True,True,False
1dbcda81560dfe3c0862,multiplicity,multiplicity,1353,3695950242,16,5000,0.0,0.05,rbf,median,anytime,bonferroni,3,10,False,UNRESOLVED,5000,True,False,False,0.00039616599678993225,0.0,0.18209213411654696,True,True,True,False
6e73e1d2ff4afe2ef56c,multiplicity,multiplicity,1354,4220894856,16,5000,0.0,0.05,rbf,median,anytime,bonferroni,3,10,False,UNRESOLVED,5000,True,False,False,0.00039629096863791347,0.0,0.18209213411654696,True,True,True,False
90114b8c79a2ab0e14e9,multiplicity,multiplicity,1355,2835810962,16,5000,0.0,0.05,rbf,median,anytime,bonferroni,3,10,False,UNRESOLVED,5000,True,False,False,0.00040016701677814126,0.0,0.18209213411654696,True,True,True,False
cafc9bc32403cdb93da6,multiplicity,multiplicity,1356,2438452847,16,5000,0.0,0.05,rbf,median,anytime,bonferroni,3,10,False,UNRESOLVED,5000,True,False,False,0.00039604195626452565,0.0,0.18209213411654696,True,True,True,False
6e4b4628633940c4c54c,multiplicity,multiplicity,1357,847153734,16,5000,0.0,0.05,rbf,median,anytime,bonferroni,3,10,False,UNRESOLVED,5000,True,False,False,0.0004004170186817646,0.0,0.18209213411654696,True,True,True,False
a7084394db9472d04132,multiplicity,multiplicity,1358,397444192,16,5000,0.0,0.05,rbf,median,anytime,bonferroni,3,10,False,UNRESOLVED,5000,True,False,False,0.0003968329983763397,0.0,0.18209213411654696,True,True,True,False
352dba4b6d647d49335d,multiplicity,multiplicity,1359,148548170,16,5000,0.0,0.05,rbf,median,anytime,bonferroni,3,10,False,UNRESOLVED,5000,True,False,False,0.0005792919546365738,0.0,0.18209213411654696,True,True,True,False
80d890a8c5246d56806f,multiplicity,multiplicity,1360,611961665,16,5000,0.0,0.05,rbf,median,anytime,bonferroni,3,10,False,UNRESOLVED,5000,True,False,False,0.0004965830012224615,0.0,0.18209213411654696,True,True,True,False
35f738c7ccdcd775c6e2,multiplicity,multiplicity,1361,1570950994,16,5000,0.0,0.05,rbf,median,anytime,bonferroni,3,10,False,UNRESOLVED,5000,True,False,False,0.0004860839690081775,0.0,0.18209213411654696,True,True,True,False
9ee83e36fb1a1d5cffa1,multiplicity,multiplicity,1362,3240577439,16,5000,0.0,0.05,rbf,median,anytime,bonferroni,3,10,False,UNRESOLVED,5000,True,False,False,0.0004859999753534794,0.0,0.18209213411654696,True,True,True,False
3bf0ae229b4c2ce2aca2,multiplicity,multiplicity,1363,4088265674,16,5000,0.0,0.05,rbf,median,anytime,bonferroni,3,10,False,UNRESOLVED,5000,True,False,False,0.0006883339956402779,0.0,0.18209213411654696,True,True,True,False
2fc747a517a3df4dd11e,multiplicity,multiplicity,1364,1451873422,16,5000,0.0,0.05,rbf,median,anytime,bonferroni,3,10,False,UNRESOLVED,5000,True,False,False,0.000504916999489069,0.0,0.18209213411654696,True,True,True,False
5abb69b5b0106b9ce397,multiplicity,multiplicity,1365,3369220875,16,5000,0.0,0.05,rbf,median,anytime,bonferroni,3,10,False,UNRESOLVED,5000,True,False,False,0.0004946250119246542,0.0,0.18209213411654696,True,True,True,False
ee1a60db74831ccc1089,multiplicity,multiplicity,1366,1573267074,16,5000,0.0,0.05,rbf,median,anytime,bonferroni,3,10,False,UNRESOLVED,5000,True,False,False,0.00047637498937547207,0.0,0.18209213411654696,True,True,True,False
820f9f991487d4d06c1b,multiplicity,multiplicity,1367,1566219897,16,5000,0.0,0.05,rbf,median,anytime,bonferroni,3,10,False,UNRESOLVED,5000,True,False,False,0.00047862500650808215,0.0,0.18209213411654696,True,True,True,False
17bb584b481dae982cb9,multiplicity,multiplicity,1368,2584167522,16,5000,0.0,0.05,rbf,median,anytime,bonferroni,3,10,False,UNRESOLVED,5000,True,False,False,0.00047383300261572003,0.0,0.18209213411654696,True,True,True,False
c3968bf6ee5c01bd985e,multiplicity,multiplicity,1369,876830771,16,5000,0.0,0.05,rbf,median,anytime,bonferroni,3,10,False,UNRESOLVED,5000,True,False,False,0.00047324999468401074,0.0,0.18209213411654696,True,True,True,False
70c99274b1a33f752bab,multiplicity,multiplicity,1370,1354162342,16,5000,0.0,0.05,rbf,median,anytime,bonferroni,3,10,False,UNRESOLVED,5000,True,False,False,0.0004808329977095127,0.0,0.18209213411654696,True,True,True,False
013e0739044ca65c34c5,multiplicity,multiplicity,1371,3520834881,16,5000,0.0,0.05,rbf,median,anytime,bonferroni,3,10,False,UNRESOLVED,5000,True,False,False,0.00047291599912568927,0.0,0.18209213411654696,True,True,True,False
a857717bdf5995110750,multiplicity,multiplicity,1372,636692958,16,5000,0.0,0.05,rbf,median,anytime,bonferroni,3,10,False,UNRESOLVED,5000,True,False,False,0.00047212501522153616,0.0,0.18209213411654696,True,True,True,False
5d6355c0b21d832f7b6d,multiplicity,multiplicity,1373,3662275593,16,5000,0.0,0.05,rbf,median,anytime,bonferroni,3,10,False,UNRESOLVED,5000,True,False,False,0.00047729199286550283,0.0,0.18209213411654696,True,True,True,False
4c5a5611757d4092f25c,multiplicity,multiplicity,1374,1464112991,16,5000,0.0,0.05,rbf,median,anytime,bonferroni,3,10,False,UNRESOLVED,5000,True,False,False,0.00048524996964260936,0.0,0.18209213411654696,True,True,True,False
cf2347ef62d0b4ac7d36,multiplicity,multiplicity,1375,1892784104,16,5000,0.0,0.05,rbf,median,anytime,bonferroni,3,10,False,UNRESOLVED,5000,True,False,False,0.0004948339774273336,0.0,0.18209213411654696,True,True,True,False
cf96c301134a0c90e8f3,multiplicity,multiplicity,1376,1454659646,16,5000,0.0,0.05,rbf,median,anytime,bonferroni,3,10,False,UNRESOLVED,5000,True,False,False,0.0004830000107176602,0.0,0.18209213411654696,True,True,True,False
fd4f1118ecb06bfd8615,multiplicity,multiplicity,1377,2138400972,16,5000,0.0,0.05,rbf,median,anytime,bonferroni,3,10,False,UNRESOLVED,5000,True,False,False,0.000485417025629431,0.0,0.18209213411654696,True,True,True,False
371a307ca80f20e992aa,multiplicity,multiplicity,1378,720674227,16,5000,0.0,0.05,rbf,median,anytime,bonferroni,3,10,False,UNRESOLVED,5000,True,False,False,0.00048579199938103557,0.0,0.18209213411654696,True,True,True,False
809f69e93eaed9ab5fe3,multiplicity,multiplicity,1379,325807530,16,5000,0.0,0.05,rbf,median,anytime,bonferroni,3,10,False,UNRESOLVED,5000,True,False,False,0.00042441696859896183,0.0,0.18209213411654696,True,True,True,False
601af0fa4877be85c236,multiplicity,multiplicity,1380,2151384268,16,5000,0.0,0.05,rbf,median,anytime,bonferroni,3,10,False,UNRESOLVED,5000,True,False,False,0.0004045420209877193,0.0,0.18209213411654696,True,True,True,False
2f3207e50c2fdd05200b,multiplicity,multiplicity,1381,161645624,16,5000,0.0,0.05,rbf,median,anytime,bonferroni,3,10,False,UNRESOLVED,5000,True,False,False,0.0005852499743923545,0.0,0.18209213411654696,True,True,True,False
eb40934dcb523370207c,multiplicity,multiplicity,1382,1408793359,16,5000,0.0,0.05,rbf,median,anytime,bonferroni,3,10,False,UNRESOLVED,5000,True,False,False,0.0004928749985992908,0.0,0.18209213411654696,True,True,True,False
c4936d29ec413993f6d8,multiplicity,multiplicity,1383,3332200271,16,5000,0.0,0.05,rbf,median,anytime,bonferroni,3,10,False,UNRESOLVED,5000,True,False,False,0.0004277499974705279,0.0,0.18209213411654696,True,True,True,False
c9580485a564e55055db,multiplicity,multiplicity,1384,3565000311,16,5000,0.0,0.05,rbf,median,anytime,bonferroni,3,10,False,UNRESOLVED,5000,True,False,False,0.0004183750133961439,0.0,0.18209213411654696,True,True,True,False
b2ffec37b0a9ae20fc96,multiplicity,multiplicity,1385,1732545280,16,5000,0.0,0.05,rbf,median,anytime,bonferroni,3,10,False,UNRESOLVED,5000,True,False,False,0.0004122499958612025,0.0,0.18209213411654696,True,True,True,False
48289fc7d319e1bbe764,multiplicity,multiplicity,1386,652473119,16,5000,0.0,0.05,rbf,median,anytime,bonferroni,3,10,False,UNRESOLVED,5000,True,False,False,0.0004103340324945748,0.0,0.18209213411654696,True,True,True,False
8763591c126679224b4b,multiplicity,multiplicity,1387,3806179054,16,5000,0.0,0.05,rbf,median,anytime,bonferroni,3,10,False,UNRESOLVED,5000,True,False,False,0.0004072909941896796,0.0,0.18209213411654696,True,True,True,False
9c06c3863c0d7909eb53,multiplicity,multiplicity,1388,720977335,16,5000,0.0,0.05,rbf,median,anytime,bonferroni,3,10,False,UNRESOLVED,5000,True,False,False,0.00040808296762406826,0.0,0.18209213411654696,True,True,True,False
5c7349a72566c20b6876,multiplicity,multiplicity,1389,1190905180,16,5000,0.0,0.05,rbf,median,anytime,bonferroni,3,10,False,UNRESOLVED,5000,True,False,False,0.0004034580197185278,0.0,0.18209213411654696,True,True,True,False
e31ac976288c2a03179c,multiplicity,multiplicity,1390,1296711908,16,5000,0.0,0.05,rbf,median,anytime,bonferroni,3,10,False,UNRESOLVED,5000,True,False,False,0.00040141702629625797,0.0,0.18209213411654696,True,True,True,False
e3a4c8c41e397caeb0ca,multiplicity,multiplicity,1391,3549894199,16,5000,0.0,0.05,rbf,median,anytime,bonferroni,3,10,False,UNRESOLVED,5000,True,False,False,0.0004011249984614551,0.0,0.18209213411654696,True,True,True,False
6f719783bbfd3471cd79,multiplicity,multiplicity,1392,790642917,16,5000,0.0,0.05,rbf,median,anytime,bonferroni,3,10,False,UNRESOLVED,5000,True,False,False,0.0004021250060759485,0.0,0.18209213411654696,True,True,True,False
84c07233d13c7c75e741,multiplicity,multiplicity,1393,2514346809,16,5000,0.0,0.05,rbf,median,anytime,bonferroni,3,10,False,UNRESOLVED,5000,True,False,False,0.00040145800448954105,0.0,0.18209213411654696,True,True,True,False
13b21e42e9c3617c8790,multiplicity,multiplicity,1394,2875677069,16,5000,0.0,0.05,rbf,median,anytime,bonferroni,3,10,False,UNRESOLVED,5000,True,False,False,0.0003992909914813936,0.0,0.18209213411654696,True,True,True,False
092ad7284554efb54c0b,multiplicity,multiplicity,1395,3262148669,16,5000,0.0,0.05,rbf,median,anytime,bonferroni,3,10,False,UNRESOLVED,5000,True,False,False,0.0005259170429781079,0.0,0.18209213411654696,True,True,True,False
b708575b82e35398cbcb,multiplicity,multiplicity,1396,1587669975,16,5000,0.0,0.05,rbf,median,anytime,bonferroni,3,10,False,UNRESOLVED,5000,True,False,False,0.00048408302245661616,0.0,0.18209213411654696,True,True,True,False
d4b01c5eb2f4a85e2776,multiplicity,multiplicity,1397,2523535045,16,5000,0.0,0.05,rbf,median,anytime,bonferroni,3,10,False,UNRESOLVED,5000,True,False,False,0.0004295000107958913,0.0,0.18209213411654696,True,True,True,False
dbff77a944bebb1d28e9,multiplicity,multiplicity,1398,16264500,16,5000,0.0,0.05,rbf,median,anytime,bonferroni,3,10,False,UNRESOLVED,5000,True,False,False,0.0004140830133110285,0.0,0.18209213411654696,True,True,True,False
b0991938152512db5c83,multiplicity,multiplicity,1399,3862718519,16,5000,0.0,0.05,rbf,median,anytime,bonferroni,3,10,False,UNRESOLVED,5000,True,False,False,0.00040204101242125034,0.0,0.18209213411654696,True,True,True,False
3b9755f81ede4345b4ea,multiplicity,multiplicity,1400,533097200,16,5000,0.0,0.05,rbf,median,anytime,bonferroni,3,10,False,UNRESOLVED,5000,True,False,False,0.0004015830345451832,0.0,0.18209213411654696,True,True,True,False
e7d76c38115f5f375b5c,multiplicity,multiplicity,1401,339067559,16,5000,0.0,0.05,rbf,median,anytime,bonferroni,3,10,False,UNRESOLVED,5000,True,False,False,0.0003707080031745136,0.0,0.18209213411654696,True,True,True,False
7de0dc8ff1d254acaa0a,multiplicity,multiplicity,1402,1691983793,16,5000,0.0,0.05,rbf,median,anytime,bonferroni,3,10,False,UNRESOLVED,5000,True,False,False,0.00034495897125452757,0.0,0.18209213411654696,True,True,True,False
6decd2a2f2168389482b,multiplicity,multiplicity,1403,2866005960,16,5000,0.0,0.05,rbf,median,anytime,bonferroni,3,10,False,UNRESOLVED,5000,True,False,False,0.00044237496331334114,0.0,0.18209213411654696,True,True,True,False
bf95c568143b9094e27a,multiplicity,multiplicity,1404,2556451544,16,5000,0.0,0.05,rbf,median,anytime,bonferroni,3,10,False,UNRESOLVED,5000,True,False,False,0.0005068749887868762,0.0,0.18209213411654696,True,True,True,False
7b40051a2d9b404ceb90,multiplicity,multiplicity,1405,3348830784,16,5000,0.0,0.05,rbf,median,anytime,bonferroni,3,10,False,UNRESOLVED,5000,True,False,False,0.0004837500164285302,0.0,0.18209213411654696,True,True,True,False
bd3ebc0fd9c6d3e82039,multiplicity,multiplicity,1406,3833246838,16,5000,0.0,0.05,rbf,median,anytime,bonferroni,3,10,False,UNRESOLVED,5000,True,False,False,0.00047820800682529807,0.0,0.18209213411654696,True,True,True,False
8a79f2fc5c9b6925b127,multiplicity,multiplicity,1407,2191362860,16,5000,0.0,0.05,rbf,median,anytime,bonferroni,3,10,False,UNRESOLVED,5000,True,False,False,0.00047920801443979144,0.0,0.18209213411654696,True,True,True,False
382285ecb5e00740746e,multiplicity,multiplicity,1408,3733469498,16,5000,0.0,0.05,rbf,median,anytime,bonferroni,3,10,False,UNRESOLVED,5000,True,False,False,0.00047733302926644683,0.0,0.18209213411654696,True,True,True,False
2112d21513b4558739ac,multiplicity,multiplicity,1409,1267898862,16,5000,0.0,0.05,rbf,median,anytime,bonferroni,3,10,False,UNRESOLVED,5000,True,False,False,0.0004740419681183994,0.0,0.18209213411654696,True,True,True,False
041d55919e2968d2c77b,multiplicity,multiplicity,1410,136586569,16,5000,0.0,0.05,rbf,median,anytime,bonferroni,3,10,False,UNRESOLVED,5000,True,False,False,0.0004901660140603781,0.0,0.18209213411654696,True,True,True,False
db7df0beefe33d0e587d,multiplicity,multiplicity,1411,2530769321,16,5000,0.0,0.05,rbf,median,anytime,bonferroni,3,10,False,UNRESOLVED,5000,True,False,False,0.00048504199367016554,0.0,0.18209213411654696,True,True,True,False
fc7b7e7efc62f9df229f,multiplicity,multiplicity,1412,2217761131,16,5000,0.0,0.05,rbf,median,anytime,bonferroni,3,10,False,UNRESOLVED,5000,True,False,False,0.00048275000881403685,0.0,0.18209213411654696,True,True,True,False
a567b964e98408fcb990,multiplicity,multiplicity,1413,1525943108,16,5000,0.0,0.05,rbf,median,anytime,bonferroni,3,10,False,UNRESOLVED,5000,True,False,False,0.0005572910304181278,0.0,0.18209213411654696,True,True,True,False
dcac0f99694e3f3f61a7,multiplicity,multiplicity,1414,1362495135,16,5000,0.0,0.05,rbf,median,anytime,bonferroni,3,10,False,UNRESOLVED,5000,True,False,False,0.0006003329763188958,0.0,0.18209213411654696,True,True,True,False
0f6a1b56ebe5b9909c53,multiplicity,multiplicity,1415,1667631492,16,5000,0.0,0.05,rbf,median,anytime,bonferroni,3,10,False,UNRESOLVED,5000,True,False,False,0.0005222500185482204,0.0,0.18209213411654696,True,True,True,False
b1c1e8e1b7a3a4f99c0a,multiplicity,multiplicity,1416,3599548841,16,5000,0.0,0.05,rbf,median,anytime,bonferroni,3,10,False,UNRESOLVED,5000,True,False,False,0.0005035420181229711,0.0,0.18209213411654696,True,True,True,False
7ec7fb44db6d1d5a0724,multiplicity,multiplicity,1417,5131452,16,5000,0.0,0.05,rbf,median,anytime,bonferroni,3,10,False,UNRESOLVED,5000,True,False,False,0.0004862080095335841,0.0,0.18209213411654696,True,True,True,False
19c6977a0a8f179e8116,multiplicity,multiplicity,1418,2596232494,16,5000,0.0,0.05,rbf,median,anytime,bonferroni,3,10,False,UNRESOLVED,5000,True,False,False,0.00047912501031532884,0.0,0.18209213411654696,True,True,True,False
d0fc9ce72f173b7d95f8,multiplicity,multiplicity,1419,3759464443,16,5000,0.0,0.05,rbf,median,anytime,bonferroni,3,10,False,UNRESOLVED,5000,True,False,False,0.00048095802776515484,0.0,0.18209213411654696,True,True,True,False
44f76134fd1478c0a61b,multiplicity,multiplicity,1420,2759805474,16,5000,0.0,0.05,rbf,median,anytime,bonferroni,3,10,False,UNRESOLVED,5000,True,False,False,0.0004939169739373028,0.0,0.18209213411654696,True,True,True,False
9cbb076b47bebb0b0bb2,multiplicity,multiplicity,1421,2329539587,16,5000,0.0,0.05,rbf,median,anytime,bonferroni,3,10,False,UNRESOLVED,5000,True,False,False,0.00037170795258134604,0.0,0.18209213411654696,True,True,True,False
3b4f9c2608fe197cfea8,multiplicity,multiplicity,1422,1595262180,16,5000,0.0,0.05,rbf,median,anytime,bonferroni,3,10,False,UNRESOLVED,5000,True,False,False,0.0003860840224660933,0.0,0.18209213411654696,True,True,True,False
bc98e806144e3565881d,multiplicity,multiplicity,1423,47564734,16,5000,0.0,0.05,rbf,median,anytime,bonferroni,3,10,False,UNRESOLVED,5000,True,False,False,0.00035491702146828175,0.0,0.18209213411654696,True,True,True,False
096653ff00d6fec7d00e,multiplicity,multiplicity,1424,4088820983,16,5000,0.0,0.05,rbf,median,anytime,bonferroni,3,10,False,UNRESOLVED,5000,True,False,False,0.0003468749928288162,0.0,0.18209213411654696,True,True,True,False
1acefe72b3ca1b6041bb,multiplicity,multiplicity,1425,3338643106,16,5000,0.0,0.05,rbf,median,anytime,bonferroni,3,10,False,UNRESOLVED,5000,True,False,False,0.00034787500044330955,0.0,0.18209213411654696,True,True,True,False
3e0918d9481834683e8e,multiplicity,multiplicity,1426,901427735,16,5000,0.0,0.05,rbf,median,anytime,bonferroni,3,10,False,UNRESOLVED,5000,True,False,False,0.0003439169959165156,0.0,0.18209213411654696,True,True,True,False
45c84b2a836d3b7b3172,multiplicity,multiplicity,1427,1467347505,16,5000,0.0,0.05,rbf,median,anytime,bonferroni,3,10,False,UNRESOLVED,5000,True,False,False,0.0003439580323174596,0.0,0.18209213411654696,True,True,True,False
7b51fd887fa66f678cd0,multiplicity,multiplicity,1428,3259575537,16,5000,0.0,0.05,rbf,median,anytime,bonferroni,3,10,False,UNRESOLVED,5000,True,False,False,0.0003428329946473241,0.0,0.18209213411654696,True,True,True,False
2c368bd0969588b5a44f,multiplicity,multiplicity,1429,4130735793,16,5000,0.0,0.05,rbf,median,anytime,bonferroni,3,10,False,UNRESOLVED,5000,True,False,False,0.00034562498331069946,0.0,0.18209213411654696,True,True,True,False
74eaa117dea5f9ce148d,multiplicity,multiplicity,1430,778966568,16,5000,0.0,0.05,rbf,median,anytime,bonferroni,3,10,False,UNRESOLVED,5000,True,False,False,0.00045295897871255875,0.0,0.18209213411654696,True,True,True,False
cc29ea69848c9a38d623,multiplicity,multiplicity,1431,307112569,16,5000,0.0,0.05,rbf,median,anytime,bonferroni,3,10,False,UNRESOLVED,5000,True,False,False,0.0004521250375546515,0.0,0.18209213411654696,True,True,True,False
24504978e89c8494d8a7,multiplicity,multiplicity,1432,2009781759,16,5000,0.0,0.05,rbf,median,anytime,bonferroni,3,10,False,UNRESOLVED,5000,True,False,False,0.0003635000321082771,0.0,0.18209213411654696,True,True,True,False
0d5959a8ecc20fea6328,multiplicity,multiplicity,1433,2536223581,16,5000,0.0,0.05,rbf,median,anytime,bonferroni,3,10,False,UNRESOLVED,5000,True,False,False,0.00035012501757591963,0.0,0.18209213411654696,True,True,True,False
c76c685ab14791e8138b,multiplicity,multiplicity,1434,2151298048,16,5000,0.0,0.05,rbf,median,anytime,bonferroni,3,10,False,UNRESOLVED,5000,True,False,False,0.0003422080189920962,0.0,0.18209213411654696,True,True,True,False
31bbad16eb7eb1dc4ede,multiplicity,multiplicity,1435,3511439555,16,5000,0.0,0.05,rbf,median,anytime,bonferroni,3,10,False,UNRESOLVED,5000,True,False,False,0.00034249998861923814,0.0,0.18209213411654696,True,True,True,False
0b326e8dd0f684341da5,multiplicity,multiplicity,1436,4066031293,16,5000,0.0,0.05,rbf,median,anytime,bonferroni,3,10,False,UNRESOLVED,5000,True,False,False,0.0003440000000409782,0.0,0.18209213411654696,True,True,True,False
a2355cab233767bd406a,multiplicity,multiplicity,1437,2928732410,16,5000,0.0,0.05,rbf,median,anytime,bonferroni,3,10,False,UNRESOLVED,5000,True,False,False,0.00034604198299348354,0.0,0.18209213411654696,True,True,True,False
c33e6ccad3afcb1a931c,multiplicity,multiplicity,1438,396198819,16,5000,0.0,0.05,rbf,median,anytime,bonferroni,3,10,False,UNRESOLVED,5000,True,False,False,0.00034324999433010817,0.0,0.18209213411654696,True,True,True,False
4ab260508f308210ff70,multiplicity,multiplicity,1439,3564416682,16,5000,0.0,0.05,rbf,median,anytime,bonferroni,3,10,False,UNRESOLVED,5000,True,False,False,0.0003422909649088979,0.0,0.18209213411654696,True,True,True,False
0c2e10cc09969052f527,multiplicity,multiplicity,1440,4124366727,16,5000,0.0,0.05,rbf,median,anytime,bonferroni,3,10,False,UNRESOLVED,5000,True,False,False,0.0003415419487282634,0.0,0.18209213411654696,True,True,True,False
2741cab66e298594fce5,multiplicity,multiplicity,1441,4199800804,16,5000,0.0,0.05,rbf,median,anytime,bonferroni,3,10,False,UNRESOLVED,5000,True,False,False,0.00034479197347536683,0.0,0.18209213411654696,True,True,True,False
6eb287983bc27d0f6126,multiplicity,multiplicity,1442,2250954749,16,5000,0.0,0.05,rbf,median,anytime,bonferroni,3,10,False,UNRESOLVED,5000,True,False,False,0.00034320895792916417,0.0,0.18209213411654696,True,True,True,False
93c146c30050e663dd1c,multiplicity,multiplicity,1443,2182374403,16,5000,0.0,0.05,rbf,median,anytime,bonferroni,3,10,False,UNRESOLVED,5000,True,False,False,0.0003678749781101942,0.0,0.18209213411654696,True,True,True,False
addbb80270006f856a74,multiplicity,multiplicity,1444,2032704934,16,5000,0.0,0.05,rbf,median,anytime,bonferroni,3,10,False,UNRESOLVED,5000,True,False,False,0.000433957960922271,0.0,0.18209213411654696,True,True,True,False
8704ed56216f018980db,multiplicity,multiplicity,1445,1726982048,16,5000,0.0,0.05,rbf,median,anytime,bonferroni,3,10,False,UNRESOLVED,5000,True,False,False,0.0003629169659689069,0.0,0.18209213411654696,True,True,True,False
7c6cbfe41d04bbdde43e,multiplicity,multiplicity,1446,2016970386,16,5000,0.0,0.05,rbf,median,anytime,bonferroni,3,10,False,UNRESOLVED,5000,True,False,False,0.0003516669967211783,0.0,0.18209213411654696,True,True,True,False
8a0e2725d35d8193e990,multiplicity,multiplicity,1447,749673920,16,5000,0.0,0.05,rbf,median,anytime,bonferroni,3,10,False,UNRESOLVED,5000,True,False,False,0.00034791702637448907,0.0,0.18209213411654696,True,True,True,False
ca6ab29c03b06e90e2c1,multiplicity,multiplicity,1448,2557570196,16,5000,0.0,0.05,rbf,median,anytime,bonferroni,3,10,False,UNRESOLVED,5000,True,False,False,0.00034562498331069946,0.0,0.18209213411654696,True,True,True,False
3901796323789726abd2,multiplicity,multiplicity,1449,2496925712,16,5000,0.0,0.05,rbf,median,anytime,bonferroni,3,10,False,UNRESOLVED,5000,True,False,False,0.0003493750118650496,0.0,0.18209213411654696,True,True,True,False
7621b966e39bc362e72a,multiplicity,multiplicity,1450,2950787000,16,5000,0.0,0.05,rbf,median,anytime,bonferroni,3,10,False,UNRESOLVED,5000,True,False,False,0.0003466659691184759,0.0,0.18209213411654696,True,True,True,False
84bdb345284927a76ef4,multiplicity,multiplicity,1451,1727352833,16,5000,0.0,0.05,rbf,median,anytime,bonferroni,3,10,False,UNRESOLVED,5000,True,False,False,0.00034666695864871144,0.0,0.18209213411654696,True,True,True,False
1f5d128d6bdf36ae27fb,multiplicity,multiplicity,1452,2524978640,16,5000,0.0,0.05,rbf,median,anytime,bonferroni,3,10,False,UNRESOLVED,5000,True,False,False,0.0003450419753789902,0.0,0.18209213411654696,True,True,True,False
81509c6801ac0ea63865,multiplicity,multiplicity,1453,1550612018,16,5000,0.0,0.05,rbf,median,anytime,bonferroni,3,10,False,UNRESOLVED,5000,True,False,False,0.0003434160025790334,0.0,0.18209213411654696,True,True,True,False
0305fb3c0d7be582ee81,multiplicity,multiplicity,1454,665594177,16,5000,0.0,0.05,rbf,median,anytime,bonferroni,3,10,False,UNRESOLVED,5000,True,False,False,0.0003459159634076059,0.0,0.18209213411654696,True,True,True,False
fa3a456bbc6783ac2576,multiplicity,multiplicity,1455,3378047422,16,5000,0.0,0.05,rbf,median,anytime,bonferroni,3,10,False,UNRESOLVED,5000,True,False,False,0.0003446670016273856,0.0,0.18209213411654696,True,True,True,False
af1ef0949bb169c22caf,multiplicity,multiplicity,1456,3101019418,16,5000,0.0,0.05,rbf,median,anytime,bonferroni,3,10,False,UNRESOLVED,5000,True,False,False,0.0003445000038482249,0.0,0.18209213411654696,True,True,True,False
67632babf381555fd7ab,multiplicity,multiplicity,1457,4278009040,16,5000,0.0,0.05,rbf,median,anytime,bonferroni,3,10,False,UNRESOLVED,5000,True,False,False,0.00034620799124240875,0.0,0.18209213411654696,True,True,True,False
cc20deb4c593cee8c824,multiplicity,multiplicity,1458,2447592362,16,5000,0.0,0.05,rbf,median,anytime,bonferroni,3,10,False,UNRESOLVED,5000,True,False,False,0.0003441249718889594,0.0,0.18209213411654696,True,True,True,False
25837dbcd6f49de09bb3,multiplicity,multiplicity,1459,3928690340,16,5000,0.0,0.05,rbf,median,anytime,bonferroni,3,10,False,UNRESOLVED,5000,True,False,False,0.000345667009241879,0.0,0.18209213411654696,True,True,True,False
b7f4041f32b53e31270a,multiplicity,multiplicity,1460,2315652918,16,5000,0.0,0.05,rbf,median,anytime,bonferroni,3,10,False,UNRESOLVED,5000,True,False,False,0.00034395797410979867,0.0,0.18209213411654696,True,True,True,False
f50da6484c965784c5b6,multiplicity,multiplicity,1461,1955275694,16,5000,0.0,0.05,rbf,median,anytime,bonferroni,3,10,False,UNRESOLVED,5000,True,False,False,0.00034445797791704535,0.0,0.18209213411654696,True,True,True,False
749de0e16842107c8a17,multiplicity,multiplicity,1462,1303152078,16,5000,0.0,0.05,rbf,median,anytime,bonferroni,3,10,False,UNRESOLVED,5000,True,False,False,0.00036204204661771655,0.0,0.18209213411654696,True,True,True,False
756b94c6186ea4557128,multiplicity,multiplicity,1463,1601471452,16,5000,0.0,0.05,rbf,median,anytime,bonferroni,3,10,False,UNRESOLVED,5000,True,False,False,0.00039850000757724047,0.0,0.18209213411654696,True,True,True,False
3a75e6257c1895b83c18,multiplicity,multiplicity,1464,4199253306,16,5000,0.0,0.05,rbf,median,anytime,bonferroni,3,10,False,UNRESOLVED,5000,True,False,False,0.00039820902748033404,0.0,0.18209213411654696,True,True,True,False
ec9912c2d0cfb4b7a30d,multiplicity,multiplicity,1465,1057343508,16,5000,0.0,0.05,rbf,median,anytime,bonferroni,3,10,False,UNRESOLVED,5000,True,False,False,0.0003986670053564012,0.0,0.18209213411654696,True,True,True,False
9650f32b84147c50d292,multiplicity,multiplicity,1466,1499494627,16,5000,0.0,0.05,rbf,median,anytime,bonferroni,3,10,False,UNRESOLVED,5000,True,False,False,0.0004017500323243439,0.0,0.18209213411654696,True,True,True,False
3c710dc520fb2636853f,multiplicity,multiplicity,1467,354581744,16,5000,0.0,0.05,rbf,median,anytime,bonferroni,3,10,False,UNRESOLVED,5000,True,False,False,0.00039912498323246837,0.0,0.18209213411654696,True,True,True,False
f2620f748c6dad07263b,multiplicity,multiplicity,1468,3679626574,16,5000,0.0,0.05,rbf,median,anytime,bonferroni,3,10,False,UNRESOLVED,5000,True,False,False,0.0003986250376328826,0.0,0.18209213411654696,True,True,True,False
fa8bac31c5700fa19335,multiplicity,multiplicity,1469,51772080,16,5000,0.0,0.05,rbf,median,anytime,bonferroni,3,10,False,UNRESOLVED,5000,True,False,False,0.00040024996269494295,0.0,0.18209213411654696,True,True,True,False
886d1ac4262a1904c456,multiplicity,multiplicity,1470,3417692412,16,5000,0.0,0.05,rbf,median,anytime,bonferroni,3,10,False,UNRESOLVED,5000,True,False,False,0.00039908301550894976,0.0,0.18209213411654696,True,True,True,False
1c385753bdffae4427b5,multiplicity,multiplicity,1471,2893987727,16,5000,0.0,0.05,rbf,median,anytime,bonferroni,3,10,False,UNRESOLVED,5000,True,False,False,0.0003985419753007591,0.0,0.18209213411654696,True,True,True,False
05ba3172926446d809f2,multiplicity,multiplicity,1472,2502501904,16,5000,0.0,0.05,rbf,median,anytime,bonferroni,3,10,False,UNRESOLVED,5000,True,False,False,0.00039837503572925925,0.0,0.18209213411654696,True,True,True,False
d4d73935b9cc1951516c,multiplicity,multiplicity,1473,3286808940,16,5000,0.0,0.05,rbf,median,anytime,bonferroni,3,10,False,UNRESOLVED,5000,True,False,False,0.00047695799730718136,0.0,0.18209213411654696,True,True,True,False
3821762b19030b15aef7,multiplicity,multiplicity,1474,220481255,16,5000,0.0,0.05,rbf,median,anytime,bonferroni,3,10,False,UNRESOLVED,5000,True,False,False,0.0005382499657571316,0.0,0.18209213411654696,True,True,True,False
907769b0265fe5f18d69,multiplicity,multiplicity,1475,1756935707,16,5000,0.0,0.05,rbf,median,anytime,bonferroni,3,10,False,UNRESOLVED,5000,True,False,False,0.00047324999468401074,0.0,0.18209213411654696,True,True,True,False
1cefaa9da443da960571,multiplicity,multiplicity,1476,1775391647,16,5000,0.0,0.05,rbf,median,anytime,bonferroni,3,10,False,UNRESOLVED,5000,True,False,False,0.000416958995629102,0.0,0.18209213411654696,True,True,True,False
e9011cb124355c06691c,multiplicity,multiplicity,1477,2589479057,16,5000,0.0,0.05,rbf,median,anytime,bonferroni,3,10,False,UNRESOLVED,5000,True,False,False,0.0004046669928357005,0.0,0.18209213411654696,True,True,True,False
24190d023582ca8c1df4,multiplicity,multiplicity,1478,4212698734,16,5000,0.0,0.05,rbf,median,anytime,bonferroni,3,10,False,UNRESOLVED,5000,True,False,False,0.00040270801400765777,0.0,0.18209213411654696,True,True,True,False
b65fa247682a4a22ef37,multiplicity,multiplicity,1479,2943144307,16,5000,0.0,0.05,rbf,median,anytime,bonferroni,3,10,False,UNRESOLVED,5000,True,False,False,0.00039970799116417766,0.0,0.18209213411654696,True,True,True,False
ed77e751f6280ded2111,multiplicity,multiplicity,1480,2352278190,16,5000,0.0,0.05,rbf,median,anytime,bonferroni,3,10,False,UNRESOLVED,5000,True,False,False,0.00039958301931619644,0.0,0.18209213411654696,True,True,True,False
9f610301f89e85790365,multiplicity,multiplicity,1481,3943027045,16,5000,0.0,0.05,rbf,median,anytime,bonferroni,3,10,False,UNRESOLVED,5000,True,False,False,0.0004000000189989805,0.0,0.18209213411654696,True,True,True,False
c52351a09a727f3e3375,multiplicity,multiplicity,1482,1249163962,16,5000,0.0,0.05,rbf,median,anytime,bonferroni,3,10,False,UNRESOLVED,5000,True,False,False,0.00039858301170170307,0.0,0.18209213411654696,True,True,True,False
3315ac073c84d4c41eca,multiplicity,multiplicity,1483,1683234114,16,5000,0.0,0.05,rbf,median,anytime,bonferroni,3,10,False,UNRESOLVED,5000,True,False,False,0.0004000000189989805,0.0,0.18209213411654696,True,True,True,False
bb8c4f764768409841be,multiplicity,multiplicity,1484,3694247256,16,5000,0.0,0.05,rbf,median,anytime,bonferroni,3,10,False,UNRESOLVED,5000,True,False,False,0.00040104094659909606,0.0,0.18209213411654696,True,True,True,False
277645224dd2360b05a3,multiplicity,multiplicity,1485,2113021433,16,5000,0.0,0.05,rbf,median,anytime,bonferroni,3,10,False,UNRESOLVED,5000,True,False,False,0.00040062505286186934,0.0,0.18209213411654696,True,True,True,False
2e8fcd1eaf68e3b43be2,multiplicity,multiplicity,1486,2377568985,16,5000,0.0,0.05,rbf,median,anytime,bonferroni,3,10,False,UNRESOLVED,5000,True,False,False,0.00039966596523299813,0.0,0.18209213411654696,True,True,True,False
8c20899e28d967310bd3,multiplicity,multiplicity,1487,1614214468,16,5000,0.0,0.05,rbf,median,anytime,bonferroni,3,10,False,UNRESOLVED,5000,True,False,False,0.0004651669878512621,0.0,0.18209213411654696,True,True,True,False
39e45b543fe07e462464,multiplicity,multiplicity,1488,515170262,16,5000,0.0,0.05,rbf,median,anytime,bonferroni,3,10,False,UNRESOLVED,5000,True,False,False,0.0005112920189276338,0.0,0.18209213411654696,True,True,True,False
98603616c19b4ea73415,multiplicity,multiplicity,1489,2415143909,16,5000,0.0,0.05,rbf,median,anytime,bonferroni,3,10,False,UNRESOLVED,5000,True,False,False,0.000520500005222857,0.0,0.18209213411654696,True,True,True,False
458f4cc1db8f149ffb80,multiplicity,multiplicity,1490,3712044645,16,5000,0.0,0.05,rbf,median,anytime,bonferroni,3,10,False,UNRESOLVED,5000,True,False,False,0.000494792009703815,0.0,0.18209213411654696,True,True,True,False
19b45896772cfdc384e6,multiplicity,multiplicity,1491,1626915888,16,5000,0.0,0.05,rbf,median,anytime,bonferroni,3,10,False,UNRESOLVED,5000,True,False,False,0.0004969160072505474,0.0,0.18209213411654696,True,True,True,False
5a1c6e93691e5185b01d,multiplicity,multiplicity,1492,3386825647,16,5000,0.0,0.05,rbf,median,anytime,bonferroni,3,10,False,UNRESOLVED,5000,True,False,False,0.0005081249983049929,0.0,0.18209213411654696,True,True,True,False
57064035db030566d53c,multiplicity,multiplicity,1493,2867847294,16,5000,0.0,0.05,rbf,median,anytime,bonferroni,3,10,False,UNRESOLVED,5000,True,False,False,0.0004992919857613742,0.0,0.18209213411654696,True,True,True,False
855efdbcfbbd05a0cafa,multiplicity,multiplicity,1494,1465297969,16,5000,0.0,0.05,rbf,median,anytime,bonferroni,3,10,False,UNRESOLVED,5000,True,False,False,0.000484999967738986,0.0,0.18209213411654696,True,True,True,False
476363a4fbe07da5f6c9,multiplicity,multiplicity,1495,1690602395,16,5000,0.0,0.05,rbf,median,anytime,bonferroni,3,10,False,UNRESOLVED,5000,True,False,False,0.0003678749781101942,0.0,0.18209213411654696,True,True,True,False
59dab6ab988c3a123c0f,multiplicity,multiplicity,1496,901152837,16,5000,0.0,0.05,rbf,median,anytime,bonferroni,3,10,False,UNRESOLVED,5000,True,False,False,0.0003534170100465417,0.0,0.18209213411654696,True,True,True,False
236887c3c94326b1332b,multiplicity,multiplicity,1497,2962658111,16,5000,0.0,0.05,rbf,median,anytime,bonferroni,3,10,False,UNRESOLVED,5000,True,False,False,0.0003469170187599957,0.0,0.18209213411654696,True,True,True,False
d1b1105f48c4bf7d8d87,multiplicity,multiplicity,1498,628550075,16,5000,0.0,0.05,rbf,median,anytime,bonferroni,3,10,False,UNRESOLVED,5000,True,False,False,0.0003454579855315387,0.0,0.18209213411654696,True,True,True,False
02a4a27c6f81df9382dc,multiplicity,multiplicity,1499,895144353,16,5000,0.0,0.05,rbf,median,anytime,bonferroni,3,10,False,UNRESOLVED,5000,True,False,False,0.000342792016454041,0.0,0.18209213411654696,True,True,True,False
56b4d1c3f3c176642a4b,multiplicity,multiplicity,1500,1772550909,16,5000,0.0,0.05,rbf,median,anytime,bonferroni,3,10,False,UNRESOLVED,5000,True,False,False,0.0003451249795034528,0.0,0.18209213411654696,True,True,True,False
4dc308f7311b3e171afe,multiplicity,multiplicity,1501,1843605498,16,5000,0.0,0.05,rbf,median,anytime,bonferroni,3,10,False,UNRESOLVED,5000,True,False,False,0.0003488750080578029,0.0,0.18209213411654696,True,True,True,False
ef01474805f5d9650c5c,multiplicity,multiplicity,1502,2745898668,16,5000,0.0,0.05,rbf,median,anytime,bonferroni,3,10,False,UNRESOLVED,5000,True,False,False,0.0003422500449232757,0.0,0.18209213411654696,True,True,True,False
32a4b45c70a25de34522,multiplicity,multiplicity,1503,2558651929,16,5000,0.0,0.05,rbf,median,anytime,bonferroni,3,10,False,UNRESOLVED,5000,True,False,False,0.0004117080243304372,0.0,0.18209213411654696,True,True,True,False
8acf87965d76a886d704,multiplicity,multiplicity,1504,4158437287,16,5000,0.0,0.05,rbf,median,anytime,bonferroni,3,10,False,UNRESOLVED,5000,True,False,False,0.0005439579836092889,0.0,0.18209213411654696,True,True,True,False
48a2e4e24ace4f58756e,multiplicity,multiplicity,1505,1237202233,16,5000,0.0,0.05,rbf,median,anytime,bonferroni,3,10,False,UNRESOLVED,5000,True,False,False,0.0005062920390628278,0.0,0.18209213411654696,True,True,True,False
4461a6c9f1c5b1063690,multiplicity,multiplicity,1506,623128950,16,5000,0.0,0.05,rbf,median,anytime,bonferroni,3,10,False,UNRESOLVED,5000,True,False,False,0.0004915000172331929,0.0,0.18209213411654696,True,True,True,False
5f3a3fe97235a9352004,multiplicity,multiplicity,1507,2194356112,16,5000,0.0,0.05,rbf,median,anytime,bonferroni,3,10,False,UNRESOLVED,5000,True,False,False,0.0005435000057332218,0.0,0.18209213411654696,True,True,True,False
21830365958ef167cdf9,multiplicity,multiplicity,1508,1605628706,16,5000,0.0,0.05,rbf,median,anytime,bonferroni,3,10,False,UNRESOLVED,5000,True,False,False,0.00040679197991266847,0.0,0.18209213411654696,True,True,True,False
347467d9dc3b180e9d5a,multiplicity,multiplicity,1509,1273720930,16,5000,0.0,0.05,rbf,median,anytime,bonferroni,3,10,False,UNRESOLVED,5000,True,False,False,0.000601625011768192,0.0,0.18209213411654696,True,True,True,False
e425bc1791a72cfecba6,multiplicity,multiplicity,1510,4028959541,16,5000,0.0,0.05,rbf,median,anytime,bonferroni,3,10,False,UNRESOLVED,5000,True,False,False,0.0005725420196540654,0.0,0.18209213411654696,True,True,True,False
800f3027130313a735a3,multiplicity,multiplicity,1511,595743872,16,5000,0.0,0.05,rbf,median,anytime,bonferroni,3,10,False,UNRESOLVED,5000,True,False,False,0.0004512079758569598,0.0,0.18209213411654696,True,True,True,False
931c22f7f9a3d2f350b0,multiplicity,multiplicity,1512,2288334265,16,5000,0.0,0.05,rbf,median,anytime,bonferroni,3,10,False,UNRESOLVED,5000,True,False,False,0.00036287499824538827,0.0,0.18209213411654696,True,True,True,False
53bfb95ed70e14f3703f,multiplicity,multiplicity,1513,1678980652,16,5000,0.0,0.05,rbf,median,anytime,bonferroni,3,10,False,UNRESOLVED,5000,True,False,False,0.0003501249593682587,0.0,0.18209213411654696,True,True,True,False
d27ac4f03b43bab9abe6,multiplicity,multiplicity,1514,3863442200,16,5000,0.0,0.05,rbf,median,anytime,bonferroni,3,10,False,UNRESOLVED,5000,True,False,False,0.0003542499616742134,0.0,0.18209213411654696,True,True,True,False
35dc089b02c108577392,multiplicity,multiplicity,1515,4164748789,16,5000,0.0,0.05,rbf,median,anytime,bonferroni,3,10,False,UNRESOLVED,5000,True,False,False,0.0004009169642813504,0.0,0.18209213411654696,True,True,True,False
553d5577499a5640f95d,multiplicity,multiplicity,1516,4023247881,16,5000,0.0,0.05,rbf,median,anytime,bonferroni,3,10,False,UNRESOLVED,5000,True,False,False,0.0004024580121040344,0.0,0.18209213411654696,True,True,True,False
2d3f6887da07da6ec952,multiplicity,multiplicity,1517,3605187961,16,5000,0.0,0.05,rbf,median,anytime,bonferroni,3,10,False,UNRESOLVED,5000,True,False,False,0.000400707998778671,0.0,0.18209213411654696,True,True,True,False
be2846d5446bb335fcb5,multiplicity,multiplicity,1518,2459052494,16,5000,0.0,0.05,rbf,median,anytime,bonferroni,3,10,False,UNRESOLVED,5000,True,False,False,0.00039704202208667994,0.0,0.18209213411654696,True,True,True,False
cf2d7934b2b74a4c5480,multiplicity,multiplicity,1519,1574894586,16,5000,0.0,0.05,rbf,median,anytime,bonferroni,3,10,False,UNRESOLVED,5000,True,False,False,0.00039533397648483515,0.0,0.18209213411654696,True,True,True,False
84d0ad86c16c96209cba,multiplicity,multiplicity,1520,308767693,16,5000,0.0,0.05,rbf,median,anytime,bonferroni,3,10,False,UNRESOLVED,5000,True,False,False,0.0003993749851360917,0.0,0.18209213411654696,True,True,True,False
9edb9065f6c1176cba13,multiplicity,multiplicity,1521,2711396989,16,5000,0.0,0.05,rbf,median,anytime,bonferroni,3,10,False,UNRESOLVED,5000,True,False,False,0.00039854203350842,0.0,0.18209213411654696,True,True,True,False
e617642461e6609ed154,multiplicity,multiplicity,1522,2032165950,16,5000,0.0,0.05,rbf,median,anytime,bonferroni,3,10,False,UNRESOLVED,5000,True,False,False,0.00039383297553285956,0.0,0.18209213411654696,True,True,True,False
f3c167ce821e3e9d1038,multiplicity,multiplicity,1523,2198927883,16,5000,0.0,0.05,rbf,median,anytime,bonferroni,3,10,False,UNRESOLVED,5000,True,False,False,0.0003951670369133353,0.0,0.18209213411654696,True,True,True,False
017907b7f8b1ed41d501,multiplicity,multiplicity,1524,2229787073,16,5000,0.0,0.05,rbf,median,anytime,bonferroni,3,10,False,UNRESOLVED,5000,True,False,False,0.0003998749889433384,0.0,0.18209213411654696,True,True,True,False
69d713967cbe180d2a60,multiplicity,multiplicity,1525,3065610965,16,5000,0.0,0.05,rbf,median,anytime,bonferroni,3,10,False,UNRESOLVED,5000,True,False,False,0.00046562502393499017,0.0,0.18209213411654696,True,True,True,False
c328254a139687905f18,multiplicity,multiplicity,1526,2442788952,16,5000,0.0,0.05,rbf,median,anytime,bonferroni,3,10,False,UNRESOLVED,5000,True,False,False,0.0004202080308459699,0.0,0.18209213411654696,True,True,True,False
b33073d3f034a631f314,multiplicity,multiplicity,1527,226976959,16,5000,0.0,0.05,rbf,median,anytime,bonferroni,3,10,False,UNRESOLVED,5000,True,False,False,0.0004077500198036432,0.0,0.18209213411654696,True,True,True,False
c1dda6362e0d70f96e68,multiplicity,multiplicity,1528,4241699855,16,5000,0.0,0.05,rbf,median,anytime,bonferroni,3,10,False,UNRESOLVED,5000,True,False,False,0.00040383305167779326,0.0,0.18209213411654696,True,True,True,False
ccf8a4b2e204b88421b8,multiplicity,multiplicity,1529,269346013,16,5000,0.0,0.05,rbf,median,anytime,bonferroni,3,10,False,UNRESOLVED,5000,True,False,False,0.0004040829953737557,0.0,0.18209213411654696,True,True,True,False
2f2dd3848c9864b3cc5b,multiplicity,multiplicity,1530,837252212,16,5000,0.0,0.05,rbf,median,anytime,bonferroni,3,10,False,UNRESOLVED,5000,True,False,False,0.00040087499655783176,0.0,0.18209213411654696,True,True,True,False
504b2bcbbfd338dba63a,multiplicity,multiplicity,1531,1995424282,16,5000,0.0,0.05,rbf,median,anytime,bonferroni,3,10,False,UNRESOLVED,5000,True,False,False,0.0003988330136053264,0.0,0.18209213411654696,True,True,True,False
edb338c626e91591824e,multiplicity,multiplicity,1532,224301408,16,5000,0.0,0.05,rbf,median,anytime,bonferroni,3,10,False,UNRESOLVED,5000,True,False,False,0.0005151250516064465,0.0,0.18209213411654696,True,True,True,False
9dc992f9c5b185364160,multiplicity,multiplicity,1533,432577594,16,5000,0.0,0.05,rbf,median,anytime,bonferroni,3,10,False,UNRESOLVED,5000,True,False,False,0.0005071249906904995,0.0,0.18209213411654696,True,True,True,False
8ed50e1a5f9fa4d658e4,multiplicity,multiplicity,1534,2290293985,16,5000,0.0,0.05,rbf,median,anytime,bonferroni,3,10,False,UNRESOLVED,5000,True,False,False,0.0004766249912790954,0.0,0.18209213411654696,True,True,True,False
86d98e3c5d4bff4f1312,multiplicity,multiplicity,1535,101557414,16,5000,0.0,0.05,rbf,median,anytime,bonferroni,3,10,False,UNRESOLVED,5000,True,False,False,0.0005417499924078584,0.0,0.18209213411654696,True,True,True,False
d8ba7540b2a699c42a4e,multiplicity,multiplicity,1536,2986507311,16,5000,0.0,0.05,rbf,median,anytime,bonferroni,3,10,False,UNRESOLVED,5000,True,False,False,0.00044058397179469466,0.0,0.18209213411654696,True,True,True,False
a498644dc2c273fbb64c,multiplicity,multiplicity,1537,816866011,16,5000,0.0,0.05,rbf,median,anytime,bonferroni,3,10,False,UNRESOLVED,5000,True,False,False,0.000411874963901937,0.0,0.18209213411654696,True,True,True,False
aec92be37533a3b4566f,multiplicity,multiplicity,1538,2722240629,16,5000,0.0,0.05,rbf,median,anytime,bonferroni,3,10,False,UNRESOLVED,5000,True,False,False,0.0004041669890284538,0.0,0.18209213411654696,True,True,True,False
c772424be091b27708a1,multiplicity,multiplicity,1539,2417010131,16,5000,0.0,0.05,rbf,median,anytime,bonferroni,3,10,False,UNRESOLVED,5000,True,False,False,0.00039833300979807973,0.0,0.18209213411654696,True,True,True,False
ae4483e613444ebefd56,multiplicity,multiplicity,1540,103979491,16,5000,0.0,0.05,rbf,median,anytime,bonferroni,3,10,False,UNRESOLVED,5000,True,False,False,0.00039491697680205107,0.0,0.18209213411654696,True,True,True,False
0673a39fa4069e4540dc,multiplicity,multiplicity,1541,1993592221,16,5000,0.0,0.05,rbf,median,anytime,bonferroni,3,10,False,UNRESOLVED,5000,True,False,False,0.0003920840099453926,0.0,0.18209213411654696,True,True,True,False
e1ce4c8eec31ce9b6293,multiplicity,multiplicity,1542,3052110584,16,5000,0.0,0.05,rbf,median,anytime,bonferroni,3,10,False,UNRESOLVED,5000,True,False,False,0.00039841700345277786,0.0,0.18209213411654696,True,True,True,False
ed7f7b7d75230364e235,multiplicity,multiplicity,1543,4071591250,16,5000,0.0,0.05,rbf,median,anytime,bonferroni,3,10,False,UNRESOLVED,5000,True,False,False,0.00039483298314735293,0.0,0.18209213411654696,True,True,True,False
94514ccc25364ca89db8,multiplicity,multiplicity,1544,557386648,16,5000,0.0,0.05,rbf,median,anytime,bonferroni,3,10,False,UNRESOLVED,5000,True,False,False,0.00039295898750424385,0.0,0.18209213411654696,True,True,True,False
9802363870f68f0fcb70,multiplicity,multiplicity,1545,3284881312,16,5000,0.0,0.05,rbf,median,anytime,bonferroni,3,10,False,UNRESOLVED,5000,True,False,False,0.0003937089932151139,0.0,0.18209213411654696,True,True,True,False
d5f32963fff9d5d7f813,multiplicity,multiplicity,1546,2895053542,16,5000,0.0,0.05,rbf,median,anytime,bonferroni,3,10,False,UNRESOLVED,5000,True,False,False,0.0005376249901019037,0.0,0.18209213411654696,True,True,True,False
2b12c7859eb0cab3e9ed,multiplicity,multiplicity,1547,1107188780,16,5000,0.0,0.05,rbf,median,anytime,bonferroni,3,10,False,UNRESOLVED,5000,True,False,False,0.0005956669920124114,0.0,0.18209213411654696,True,True,True,False
0603a255618117e6d3e2,multiplicity,multiplicity,1548,1775541470,16,5000,0.0,0.05,rbf,median,anytime,bonferroni,3,10,False,UNRESOLVED,5000,True,False,False,0.000528083008248359,0.0,0.18209213411654696,True,True,True,False
7d849daa322347cc7ebc,multiplicity,multiplicity,1549,1275262179,16,5000,0.0,0.05,rbf,median,anytime,bonferroni,3,10,False,UNRESOLVED,5000,True,False,False,0.0005347920232452452,0.0,0.18209213411654696,True,True,True,False
d26f489a90af61e0186b,multiplicity,multiplicity,1550,1133442268,16,5000,0.0,0.05,rbf,median,anytime,bonferroni,3,10,False,UNRESOLVED,5000,True,False,False,0.0004928749985992908,0.0,0.18209213411654696,True,True,True,False
d0c2dc7db8ca0bc46499,multiplicity,multiplicity,1551,2611663331,16,5000,0.0,0.05,rbf,median,anytime,bonferroni,3,10,False,UNRESOLVED,5000,True,False,False,0.0004973330069333315,0.0,0.18209213411654696,True,True,True,False
e5308ad0e87ba339563f,multiplicity,multiplicity,1552,3242942302,16,5000,0.0,0.05,rbf,median,anytime,bonferroni,3,10,False,UNRESOLVED,5000,True,False,False,0.0004911669529974461,0.0,0.18209213411654696,True,True,True,False
bb4bedc8e919a7e74d23,multiplicity,multiplicity,1553,3004317245,16,5000,0.0,0.05,rbf,median,anytime,bonferroni,3,10,False,UNRESOLVED,5000,True,False,False,0.000488666002638638,0.0,0.18209213411654696,True,True,True,False
a21762bfa5319c5be451,multiplicity,multiplicity,1554,1994441721,16,5000,0.0,0.05,rbf,median,anytime,bonferroni,3,10,False,UNRESOLVED,5000,True,False,False,0.00047620799159631133,0.0,0.18209213411654696,True,True,True,False
a957e3d1311ac555e4e4,multiplicity,multiplicity,1555,3017530527,16,5000,0.0,0.05,rbf,median,anytime,bonferroni,3,10,False,UNRESOLVED,5000,True,False,False,0.0004755000118166208,0.0,0.18209213411654696,True,True,True,False
267ee692a5e120acca1a,multiplicity,multiplicity,1556,379425614,16,5000,0.0,0.05,rbf,median,anytime,bonferroni,3,10,False,UNRESOLVED,5000,True,False,False,0.0004750409862026572,0.0,0.18209213411654696,True,True,True,False
3eadd92d94faf0bdf37c,multiplicity,multiplicity,1557,2932600345,16,5000,0.0,0.05,rbf,median,anytime,bonferroni,3,10,False,UNRESOLVED,5000,True,False,False,0.00047391600674018264,0.0,0.18209213411654696,True,True,True,False
d0b445e72c8b394e5af3,multiplicity,multiplicity,1558,882820352,16,5000,0.0,0.05,rbf,median,anytime,bonferroni,3,10,False,UNRESOLVED,5000,True,False,False,0.0004729580250568688,0.0,0.18209213411654696,True,True,True,False
59c725b66e2d4ce1395b,multiplicity,multiplicity,1559,3162703465,16,5000,0.0,0.05,rbf,median,anytime,bonferroni,3,10,False,UNRESOLVED,5000,True,False,False,0.00047566700959578156,0.0,0.18209213411654696,True,True,True,False
5b8c94d75f43dbc79ff4,multiplicity,multiplicity,1560,3549295351,16,5000,0.0,0.05,rbf,median,anytime,bonferroni,3,10,False,UNRESOLVED,5000,True,False,False,0.00048504199367016554,0.0,0.18209213411654696,True,True,True,False
94acda8bfe9a3440181e,multiplicity,multiplicity,1561,2547184811,16,5000,0.0,0.05,rbf,median,anytime,bonferroni,3,10,False,UNRESOLVED,5000,True,False,False,0.00048233300913125277,0.0,0.18209213411654696,True,True,True,False
4aae2747d8bd93e9b7e1,multiplicity,multiplicity,1562,3407615229,16,5000,0.0,0.05,rbf,median,anytime,bonferroni,3,10,False,UNRESOLVED,5000,True,False,False,0.0004789999802596867,0.0,0.18209213411654696,True,True,True,False
02f4d8ebd2d3eed67f02,multiplicity,multiplicity,1563,3082406693,16,5000,0.0,0.05,rbf,median,anytime,bonferroni,3,10,False,UNRESOLVED,5000,True,False,False,0.0005110000493004918,0.0,0.18209213411654696,True,True,True,False
4e6666f14b56c870eb6e,multiplicity,multiplicity,1564,1574838618,16,5000,0.0,0.05,rbf,median,anytime,bonferroni,3,10,False,UNRESOLVED,5000,True,False,False,0.0004937909543514252,0.0,0.18209213411654696,True,True,True,False
f5290c75f42497aa91f7,multiplicity,multiplicity,1565,2643931806,16,5000,0.0,0.05,rbf,median,anytime,bonferroni,3,10,False,UNRESOLVED,5000,True,False,False,0.0005011669709347188,0.0,0.18209213411654696,True,True,True,False
6b653ac3ac663b10f671,multiplicity,multiplicity,1566,821563646,16,5000,0.0,0.05,rbf,median,anytime,bonferroni,3,10,False,UNRESOLVED,5000,True,False,False,0.0004462079959921539,0.0,0.18209213411654696,True,True,True,False
81cf81faab551da1359f,multiplicity,multiplicity,1567,3146925156,16,5000,0.0,0.05,rbf,median,anytime,bonferroni,3,10,False,UNRESOLVED,5000,True,False,False,0.0004087499692104757,0.0,0.18209213411654696,True,True,True,False
267e2c6cf4403027ca32,multiplicity,multiplicity,1568,3164533291,16,5000,0.0,0.05,rbf,median,anytime,bonferroni,3,10,False,UNRESOLVED,5000,True,False,False,0.0004029159899801016,0.0,0.18209213411654696,True,True,True,False
a9e0ef8a291670c8cd4e,multiplicity,multiplicity,1569,3768913256,16,5000,0.0,0.05,rbf,median,anytime,bonferroni,3,10,False,UNRESOLVED,5000,True,False,False,0.0003971249680034816,0.0,0.18209213411654696,True,True,True,False
17ecbc4b63197213e72a,multiplicity,multiplicity,1570,1289631727,16,5000,0.0,0.05,rbf,median,anytime,bonferroni,3,10,False,UNRESOLVED,5000,True,False,False,0.00040008401265367866,0.0,0.18209213411654696,True,True,True,False
391d7bc1653ffabe4e1a,multiplicity,multiplicity,1571,289411078,16,5000,0.0,0.05,rbf,median,anytime,bonferroni,3,10,False,UNRESOLVED,5000,True,False,False,0.0003958329907618463,0.0,0.18209213411654696,True,True,True,False
eb6b15abfb20f35f69af,multiplicity,multiplicity,1572,1821623810,16,5000,0.0,0.05,rbf,median,anytime,bonferroni,3,10,False,UNRESOLVED,5000,True,False,False,0.0003969999961555004,0.0,0.18209213411654696,True,True,True,False
c89e0ce84bb2ba3f240e,multiplicity,multiplicity,1573,3653736168,16,5000,0.0,0.05,rbf,median,anytime,bonferroni,3,10,False,UNRESOLVED,5000,True,False,False,0.0003939589951187372,0.0,0.18209213411654696,True,True,True,False
e54eaf1c545086587fca,multiplicity,multiplicity,1574,38051755,16,5000,0.0,0.05,rbf,median,anytime,bonferroni,3,10,False,UNRESOLVED,5000,True,False,False,0.0003980000037699938,0.0,0.18209213411654696,True,True,True,False
4d8ee58c9137afa592db,multiplicity,multiplicity,1575,688298390,16,5000,0.0,0.05,rbf,median,anytime,bonferroni,3,10,False,UNRESOLVED,5000,True,False,False,0.0003944589989259839,0.0,0.18209213411654696,True,True,True,False
f26f2d6d9793bf27f94f,multiplicity,multiplicity,1576,3687852387,16,5000,0.0,0.05,rbf,median,anytime,bonferroni,3,10,False,UNRESOLVED,5000,True,False,False,0.00039374997140839696,0.0,0.18209213411654696,True,True,True,False
9587ea3dbf2f5dea9eb7,multiplicity,multiplicity,1577,3373288193,16,5000,0.0,0.05,rbf,median,anytime,bonferroni,3,10,False,UNRESOLVED,5000,True,False,False,0.00039549998473376036,0.0,0.18209213411654696,True,True,True,False
46973ae8251d264c51b9,multiplicity,multiplicity,1578,2795959936,16,5000,0.0,0.05,rbf,median,anytime,bonferroni,3,10,False,UNRESOLVED,5000,True,False,False,0.00039666600059717894,0.0,0.18209213411654696,True,True,True,False
0c9df54fc20bb9b12212,multiplicity,multiplicity,1579,2342223752,16,5000,0.0,0.05,rbf,median,anytime,bonferroni,3,10,False,UNRESOLVED,5000,True,False,False,0.0003956250147894025,0.0,0.18209213411654696,True,True,True,False
a81be892795cd970cba5,multiplicity,multiplicity,1580,380238799,16,5000,0.0,0.05,rbf,median,anytime,bonferroni,3,10,False,UNRESOLVED,5000,True,False,False,0.00039429200114682317,0.0,0.18209213411654696,True,True,True,False
952153c1e64c90ba4b10,multiplicity,multiplicity,1581,3843170696,16,5000,0.0,0.05,rbf,median,anytime,bonferroni,3,10,False,UNRESOLVED,5000,True,False,False,0.0006115419673733413,0.0,0.18209213411654696,True,True,True,False
b205bbce32f93f5a0ee5,multiplicity,multiplicity,1582,3333466383,16,5000,0.0,0.05,rbf,median,anytime,bonferroni,3,10,False,UNRESOLVED,5000,True,False,False,0.0004617919912561774,0.0,0.18209213411654696,True,True,True,False
4c7c642d848f00c5eff4,multiplicity,multiplicity,1583,3100437261,16,5000,0.0,0.05,rbf,median,anytime,bonferroni,3,10,False,UNRESOLVED,5000,True,False,False,0.00041450001299381256,0.0,0.18209213411654696,True,True,True,False
878757af5b6cc20b7cda,multiplicity,multiplicity,1584,2670434927,16,5000,0.0,0.05,rbf,median,anytime,bonferroni,3,10,False,UNRESOLVED,5000,True,False,False,0.00040370802162215114,0.0,0.18209213411654696,True,True,True,False
2997ed9157e1109d69f2,multiplicity,multiplicity,1585,3357236806,16,5000,0.0,0.05,rbf,median,anytime,bonferroni,3,10,False,UNRESOLVED,5000,True,False,False,0.0004013329744338989,0.0,0.18209213411654696,True,True,True,False
4723d55c317deea196a1,multiplicity,multiplicity,1586,3703894641,16,5000,0.0,0.05,rbf,median,anytime,bonferroni,3,10,False,UNRESOLVED,5000,True,False,False,0.00041337497532367706,0.0,0.18209213411654696,True,True,True,False
9bce21ca889da67655af,multiplicity,multiplicity,1587,3520479595,16,5000,0.0,0.05,rbf,median,anytime,bonferroni,3,10,False,UNRESOLVED,5000,True,False,False,0.00040095800068229437,0.0,0.18209213411654696,True,True,True,False
5a300278139192c345a3,multiplicity,multiplicity,1588,1251298409,16,5000,0.0,0.05,rbf,median,anytime,bonferroni,3,10,False,UNRESOLVED,5000,True,False,False,0.0003998330212198198,0.0,0.18209213411654696,True,True,True,False
e3f0c57035c5590bcfa8,multiplicity,multiplicity,1589,1830237266,16,5000,0.0,0.05,rbf,median,anytime,bonferroni,3,10,False,UNRESOLVED,5000,True,False,False,0.00040137500036507845,0.0,0.18209213411654696,True,True,True,False
9051ce4f310dd9756765,multiplicity,multiplicity,1590,1690744303,16,5000,0.0,0.05,rbf,median,anytime,bonferroni,3,10,False,UNRESOLVED,5000,True,False,False,0.0004016250022687018,0.0,0.18209213411654696,True,True,True,False
9250dfa77f5c99bb72ad,multiplicity,multiplicity,1591,3700687128,16,5000,0.0,0.05,rbf,median,anytime,bonferroni,3,10,False,UNRESOLVED,5000,True,False,False,0.00039545801701024175,0.0,0.18209213411654696,True,True,True,False
5690a9c5fb10c7f37e1a,multiplicity,multiplicity,1592,130904621,16,5000,0.0,0.05,rbf,median,anytime,bonferroni,3,10,False,UNRESOLVED,5000,True,False,False,0.00039849994936957955,0.0,0.18209213411654696,True,True,True,False
2b94efd0791742715091,multiplicity,multiplicity,1593,4132984130,16,5000,0.0,0.05,rbf,median,anytime,bonferroni,3,10,False,UNRESOLVED,5000,True,False,False,0.00039729097625240684,0.0,0.18209213411654696,True,True,True,False
41cb9bcf51614b54928a,multiplicity,multiplicity,1594,4268098467,16,5000,0.0,0.05,rbf,median,anytime,bonferroni,3,10,False,UNRESOLVED,5000,True,False,False,0.000398124975617975,0.0,0.18209213411654696,True,True,True,False
124d75b027f673ca74e0,multiplicity,multiplicity,1595,1905772476,16,5000,0.0,0.05,rbf,median,anytime,bonferroni,3,10,False,UNRESOLVED,5000,True,False,False,0.0003411659854464233,0.0,0.18209213411654696,True,True,True,False
cf15d5ca0698662f6dd8,multiplicity,multiplicity,1596,325605740,16,5000,0.0,0.05,rbf,median,anytime,bonferroni,3,10,False,UNRESOLVED,5000,True,False,False,0.00034179200883954763,0.0,0.18209213411654696,True,True,True,False
8308feced7ce1263d93f,multiplicity,multiplicity,1597,2895320680,16,5000,0.0,0.05,rbf,median,anytime,bonferroni,3,10,False,UNRESOLVED,5000,True,False,False,0.00034075003350153565,0.0,0.18209213411654696,True,True,True,False
8c8704311a2f801b8f2a,multiplicity,multiplicity,1598,3671681474,16,5000,0.0,0.05,rbf,median,anytime,bonferroni,3,10,False,UNRESOLVED,5000,True,False,False,0.0003571250126697123,0.0,0.18209213411654696,True,True,True,False
b5fa5d8e20b4bc42889d,multiplicity,multiplicity,1599,4002658989,16,5000,0.0,0.05,rbf,median,anytime,bonferroni,3,10,False,UNRESOLVED,5000,True,False,False,0.00034333299845457077,0.0,0.18209213411654696,True,True,True,False
c6f3975687bd4fa2a7b6,multiplicity,multiplicity,1600,252139731,16,5000,0.0,0.05,rbf,median,anytime,bonferroni,3,10,False,UNRESOLVED,5000,True,False,False,0.00034433300606906414,0.0,0.18209213411654696,True,True,True,False
d622569a98cd5a4b100a,multiplicity,multiplicity,1601,3581820192,16,5000,0.0,0.05,rbf,median,anytime,bonferroni,3,10,False,UNRESOLVED,5000,True,False,False,0.00034270796459168196,0.0,0.18209213411654696,True,True,True,False
8858ef842fc521f62593,multiplicity,multiplicity,1602,3839176202,16,5000,0.0,0.05,rbf,median,anytime,bonferroni,3,10,False,UNRESOLVED,5000,True,False,False,0.000343875028192997,0.0,0.18209213411654696,True,True,True,False
c65c9066c4fe8702c39a,multiplicity,multiplicity,1603,3110572102,16,5000,0.0,0.05,rbf,median,anytime,bonferroni,3,10,False,UNRESOLVED,5000,True,False,False,0.00034125003730878234,0.0,0.18209213411654696,True,True,True,False
ac03b20cc7c5dfcd7fe6,multiplicity,multiplicity,1604,719030939,16,5000,0.0,0.05,rbf,median,anytime,bonferroni,3,10,False,UNRESOLVED,5000,True,False,False,0.0003410410135984421,0.0,0.18209213411654696,True,True,True,False
c58bc6d91cb347d280bb,multiplicity,multiplicity,1605,1990897400,16,5000,0.0,0.05,rbf,median,anytime,bonferroni,3,10,False,UNRESOLVED,5000,True,False,False,0.00034137500915676355,0.0,0.18209213411654696,True,True,True,False
aade2cafa86d0e5f6f85,multiplicity,multiplicity,1606,3532097292,16,5000,0.0,0.05,rbf,median,anytime,bonferroni,3,10,False,UNRESOLVED,5000,True,False,False,0.00034537503961473703,0.0,0.18209213411654696,True,True,True,False
488f08925ee478687565,multiplicity,multiplicity,1607,470290679,16,5000,0.0,0.05,rbf,median,anytime,bonferroni,3,10,False,UNRESOLVED,5000,True,False,False,0.0003409169730730355,0.0,0.18209213411654696,True,True,True,False
bdfeeaaea02d2abfd9c5,multiplicity,multiplicity,1608,3966567802,16,5000,0.0,0.05,rbf,median,anytime,bonferroni,3,10,False,UNRESOLVED,5000,True,False,False,0.0003417080151848495,0.0,0.18209213411654696,True,True,True,False
8e24a4ad0b05a45fbb49,multiplicity,multiplicity,1609,1381704734,16,5000,0.0,0.05,rbf,median,anytime,bonferroni,3,10,False,UNRESOLVED,5000,True,False,False,0.00034125003730878234,0.0,0.18209213411654696,True,True,True,False
f26dcc8044327bd2b2f4,multiplicity,multiplicity,1610,2023512328,16,5000,0.0,0.05,rbf,median,anytime,bonferroni,3,10,False,UNRESOLVED,5000,True,False,False,0.000345290987752378,0.0,0.18209213411654696,True,True,True,False
497bae8583c7a93db511,multiplicity,multiplicity,1611,81452168,16,5000,0.0,0.05,rbf,median,anytime,bonferroni,3,10,False,UNRESOLVED,5000,True,False,False,0.0003409169730730355,0.0,0.18209213411654696,True,True,True,False
d27f34fed211e12c3385,multiplicity,multiplicity,1612,4259106696,16,5000,0.0,0.05,rbf,median,anytime,bonferroni,3,10,False,UNRESOLVED,5000,True,False,False,0.0003406659816391766,0.0,0.18209213411654696,True,True,True,False
44745c3df21bdeb23c42,multiplicity,multiplicity,1613,2906911429,16,5000,0.0,0.05,rbf,median,anytime,bonferroni,3,10,False,UNRESOLVED,5000,True,False,False,0.000340958999004215,0.0,0.18209213411654696,True,True,True,False
026e3133dadfe3ddbe39,multiplicity,multiplicity,1614,2580007796,16,5000,0.0,0.05,rbf,median,anytime,bonferroni,3,10,False,UNRESOLVED,5000,True,False,False,0.000419457966927439,0.0,0.18209213411654696,True,True,True,False
3e627e475080658a8ce7,multiplicity,multiplicity,1615,626277979,16,5000,0.0,0.05,rbf,median,anytime,bonferroni,3,10,False,UNRESOLVED,5000,True,False,False,0.00034629099536687136,0.0,0.18209213411654696,True,True,True,False
f640d10705f84c6042da,multiplicity,multiplicity,1616,2896611878,16,5000,0.0,0.05,rbf,median,anytime,bonferroni,3,10,False,UNRESOLVED,5000,True,False,False,0.0003412910155020654,0.0,0.18209213411654696,True,True,True,False
c93e1ab5638b2405c64d,multiplicity,multiplicity,1617,2863263848,16,5000,0.0,0.05,rbf,median,anytime,bonferroni,3,10,False,UNRESOLVED,5000,True,False,False,0.00034149998100474477,0.0,0.18209213411654696,True,True,True,False
7b6b9eb6863aebed110d,multiplicity,multiplicity,1618,2429449889,16,5000,0.0,0.05,rbf,median,anytime,bonferroni,3,10,False,UNRESOLVED,5000,True,False,False,0.0003445420297794044,0.0,0.18209213411654696,True,True,True,False
608e483d816c393f0d26,multiplicity,multiplicity,1619,2290378494,16,5000,0.0,0.05,rbf,median,anytime,bonferroni,3,10,False,UNRESOLVED,5000,True,False,False,0.0003412080113776028,0.0,0.18209213411654696,True,True,True,False
2fccdccf3f622b824a48,multiplicity,multiplicity,1620,1846470871,16,5000,0.0,0.05,rbf,median,anytime,bonferroni,3,10,False,UNRESOLVED,5000,True,False,False,0.00034145801328122616,0.0,0.18209213411654696,True,True,True,False
74272c26f5ce6eab8ea5,multiplicity,multiplicity,1621,1146595968,16,5000,0.0,0.05,rbf,median,anytime,bonferroni,3,10,False,UNRESOLVED,5000,True,False,False,0.0003418749547563493,0.0,0.18209213411654696,True,True,True,False
c96e83f1fd98804652bb,multiplicity,multiplicity,1622,3992169358,16,5000,0.0,0.05,rbf,median,anytime,bonferroni,3,10,False,UNRESOLVED,5000,True,False,False,0.0003440830041654408,0.0,0.18209213411654696,True,True,True,False
f9f8c5f217de49babdc3,multiplicity,multiplicity,1623,2154175639,16,5000,0.0,0.05,rbf,median,anytime,bonferroni,3,10,False,UNRESOLVED,5000,True,False,False,0.00044945802073925734,0.0,0.18209213411654696,True,True,True,False
8f30eeb07b2952c1d4b0,multiplicity,multiplicity,1624,513123686,16,5000,0.0,0.05,rbf,median,anytime,bonferroni,3,10,False,UNRESOLVED,5000,True,False,False,0.0004892500001005828,0.0,0.18209213411654696,True,True,True,False
c2f499f890807266d007,multiplicity,multiplicity,1625,1366958098,16,5000,0.0,0.05,rbf,median,anytime,bonferroni,3,10,False,UNRESOLVED,5000,True,False,False,0.000367791042663157,0.0,0.18209213411654696,True,True,True,False
a098c575159bb2849d48,multiplicity,multiplicity,1626,2415270480,16,5000,0.0,0.05,rbf,median,anytime,bonferroni,3,10,False,UNRESOLVED,5000,True,False,False,0.0003808330511674285,0.0,0.18209213411654696,True,True,True,False
c67561256d61c20aa8cc,multiplicity,multiplicity,1627,2393078448,16,5000,0.0,0.05,rbf,median,anytime,bonferroni,3,10,False,UNRESOLVED,5000,True,False,False,0.0004010000266134739,0.0,0.18209213411654696,True,True,True,False
efbd5253d7ef0b0c8b13,multiplicity,multiplicity,1628,966746652,16,5000,0.0,0.05,rbf,median,anytime,bonferroni,3,10,False,UNRESOLVED,5000,True,False,False,0.0003985419753007591,0.0,0.18209213411654696,True,True,True,False
00b75c8dcb3dde56bf92,multiplicity,multiplicity,1629,1164908100,16,5000,0.0,0.05,rbf,median,anytime,bonferroni,3,10,False,UNRESOLVED,5000,True,False,False,0.0003981670015491545,0.0,0.18209213411654696,True,True,True,False
52c927c196f1f73a4082,multiplicity,multiplicity,1630,2745005281,16,5000,0.0,0.05,rbf,median,anytime,bonferroni,3,10,False,UNRESOLVED,5000,True,False,False,0.0004004170186817646,0.0,0.18209213411654696,True,True,True,False
1aaa5bd0fc57d0afa695,multiplicity,multiplicity,1631,3962022777,16,5000,0.0,0.05,rbf,median,anytime,bonferroni,3,10,False,UNRESOLVED,5000,True,False,False,0.00039674999425187707,0.0,0.18209213411654696,True,True,True,False
a5e082e3ba2ee89cd6eb,multiplicity,multiplicity,1632,1339447581,16,5000,0.0,0.05,rbf,median,anytime,bonferroni,3,10,False,UNRESOLVED,5000,True,False,False,0.0003958329907618463,0.0,0.18209213411654696,True,True,True,False
47bbfe1459e95b4ea0a7,multiplicity,multiplicity,1633,960452379,16,5000,0.0,0.05,rbf,median,anytime,bonferroni,3,10,False,UNRESOLVED,5000,True,False,False,0.00039491697680205107,0.0,0.18209213411654696,True,True,True,False
21dd41bb42db7fec9cdc,multiplicity,multiplicity,1634,3744671973,16,5000,0.0,0.05,rbf,median,anytime,bonferroni,3,10,False,UNRESOLVED,5000,True,False,False,0.0003992090350948274,0.0,0.18209213411654696,True,True,True,False
0127735c923464b35680,multiplicity,multiplicity,1635,3069499031,16,5000,0.0,0.05,rbf,median,anytime,bonferroni,3,10,False,UNRESOLVED,5000,True,False,False,0.00039487500907853246,0.0,0.18209213411654696,True,True,True,False
984dbe45636a9b896590,multiplicity,multiplicity,1636,1308037474,16,5000,0.0,0.05,rbf,median,anytime,bonferroni,3,10,False,UNRESOLVED,5000,True,False,False,0.00039491697680205107,0.0,0.18209213411654696,True,True,True,False
36ab088773ceb29e0903,multiplicity,multiplicity,1637,4066432275,16,5000,0.0,0.05,rbf,median,anytime,bonferroni,3,10,False,UNRESOLVED,5000,True,False,False,0.0003976250300183892,0.0,0.18209213411654696,True,True,True,False
56ba3856c15a9d06416b,multiplicity,multiplicity,1638,2880994043,16,5000,0.0,0.05,rbf,median,anytime,bonferroni,3,10,False,UNRESOLVED,5000,True,False,False,0.00040004198672249913,0.0,0.18209213411654696,True,True,True,False
793cb0a853fce343b72b,multiplicity,multiplicity,1639,2499909763,16,5000,0.0,0.05,rbf,median,anytime,bonferroni,3,10,False,UNRESOLVED,5000,True,False,False,0.0003998330212198198,0.0,0.18209213411654696,True,True,True,False
6c4d985c1479aa363ae8,multiplicity,multiplicity,1640,3456617694,16,5000,0.0,0.05,rbf,median,anytime,bonferroni,3,10,False,UNRESOLVED,5000,True,False,False,0.00039820902748033404,0.0,0.18209213411654696,True,True,True,False
e51f603e8f47d119461f,multiplicity,multiplicity,1641,2902418289,16,5000,0.0,0.05,rbf,median,anytime,bonferroni,3,10,False,UNRESOLVED,5000,True,False,False,0.0003969169920310378,0.0,0.18209213411654696,True,True,True,False
a2bdd7a1190b8430ebb2,multiplicity,multiplicity,1642,1404584220,16,5000,0.0,0.05,rbf,median,anytime,bonferroni,3,10,False,UNRESOLVED,5000,True,False,False,0.0004005410009995103,0.0,0.18209213411654696,True,True,True,False
70b34bf39b017dbf41e1,multiplicity,multiplicity,1643,426323270,16,5000,0.0,0.05,rbf,median,anytime,bonferroni,3,10,False,UNRESOLVED,5000,True,False,False,0.00039704202208667994,0.0,0.18209213411654696,True,True,True,False
34155ce792d83f2a52e0,multiplicity,multiplicity,1644,1891018088,16,5000,0.0,0.05,rbf,median,anytime,bonferroni,3,10,False,UNRESOLVED,5000,True,False,False,0.00039558298885822296,0.0,0.18209213411654696,True,True,True,False
957b6ee23dd2a8e122dd,multiplicity,multiplicity,1645,2633622727,16,5000,0.0,0.05,rbf,median,anytime,bonferroni,3,10,False,UNRESOLVED,5000,True,False,False,0.00039799994556233287,0.0,0.18209213411654696,True,True,True,False
f1c63acb228eb1b6af7f,multiplicity,multiplicity,1646,1936488319,16,5000,0.0,0.05,rbf,median,anytime,bonferroni,3,10,False,UNRESOLVED,5000,True,False,False,0.00039879203541204333,0.0,0.18209213411654696,True,True,True,False
f653130f89c7a2d8c2d7,multiplicity,multiplicity,1647,339606557,16,5000,0.0,0.05,rbf,median,anytime,bonferroni,3,10,False,UNRESOLVED,5000,True,False,False,0.00039733300218358636,0.0,0.18209213411654696,True,True,True,False
678db543f6c88c1c1592,multiplicity,multiplicity,1648,2100527478,16,5000,0.0,0.05,rbf,median,anytime,bonferroni,3,10,False,UNRESOLVED,5000,True,False,False,0.0003955420106649399,0.0,0.18209213411654696,True,True,True,False
fc778c319e55d220aff9,multiplicity,multiplicity,1649,1657960328,16,5000,0.0,0.05,rbf,median,anytime,bonferroni,3,10,False,UNRESOLVED,5000,True,False,False,0.0003955839783884585,0.0,0.18209213411654696,True,True,True,False
10fea4dc5ea75c78176a,multiplicity,multiplicity,1650,854382588,16,5000,0.0,0.05,rbf,median,anytime,bonferroni,3,10,False,UNRESOLVED,5000,True,False,False,0.00039841700345277786,0.0,0.18209213411654696,True,True,True,False
4f8c0ff6e2493df2e998,multiplicity,multiplicity,1651,105513710,16,5000,0.0,0.05,rbf,median,anytime,bonferroni,3,10,False,UNRESOLVED,5000,True,False,False,0.0003960840404033661,0.0,0.18209213411654696,True,True,True,False
d91a7c678098d5ab4e71,multiplicity,multiplicity,1652,381369401,16,5000,0.0,0.05,rbf,median,anytime,bonferroni,3,10,False,UNRESOLVED,5000,True,False,False,0.0003949589445255697,0.0,0.18209213411654696,True,True,True,False
1589f164ce61fad3f30b,multiplicity,multiplicity,1653,620771373,16,5000,0.0,0.05,rbf,median,anytime,bonferroni,3,10,False,UNRESOLVED,5000,True,False,False,0.00039645901415497065,0.0,0.18209213411654696,True,True,True,False
9938ad9c40f5c512cf5d,multiplicity,multiplicity,1654,1588786568,16,5000,0.0,0.05,rbf,median,anytime,bonferroni,3,10,False,UNRESOLVED,5000,True,False,False,0.0003992090350948274,0.0,0.18209213411654696,True,True,True,False
4d0286a901779cce8ab9,multiplicity,multiplicity,1655,4106262800,16,5000,0.0,0.05,rbf,median,anytime,bonferroni,3,10,False,UNRESOLVED,5000,True,False,False,0.0003405419993214309,0.0,0.18209213411654696,True,True,True,False
5514aa56d87d51cd2315,multiplicity,multiplicity,1656,1363859102,16,5000,0.0,0.05,rbf,median,anytime,bonferroni,3,10,False,UNRESOLVED,5000,True,False,False,0.00034091598354279995,0.0,0.18209213411654696,True,True,True,False
3dfa91dc4e348b1f1ff7,multiplicity,multiplicity,1657,3664423014,16,5000,0.0,0.05,rbf,median,anytime,bonferroni,3,10,False,UNRESOLVED,5000,True,False,False,0.00034179200883954763,0.0,0.18209213411654696,True,True,True,False
c657b74f77387c8e88c1,multiplicity,multiplicity,1658,863189057,16,5000,0.0,0.05,rbf,median,anytime,bonferroni,3,10,False,UNRESOLVED,5000,True,False,False,0.0003441249718889594,0.0,0.18209213411654696,True,True,True,False
e6f4b4ae3dc520318e02,multiplicity,multiplicity,1659,1619395669,16,5000,0.0,0.05,rbf,median,anytime,bonferroni,3,10,False,UNRESOLVED,5000,True,False,False,0.000339832971803844,0.0,0.18209213411654696,True,True,True,False
0a25cc3fbecebdb94017,multiplicity,multiplicity,1660,1378723838,16,5000,0.0,0.05,rbf,median,anytime,bonferroni,3,10,False,UNRESOLVED,5000,True,False,False,0.00034158298512920737,0.0,0.18209213411654696,True,True,True,False
8ccb82de6e9436d4359b,multiplicity,multiplicity,1661,158263913,16,5000,0.0,0.05,rbf,median,anytime,bonferroni,3,10,False,UNRESOLVED,5000,True,False,False,0.0003403750015422702,0.0,0.18209213411654696,True,True,True,False
f0510b34a5fb431d9b82,multiplicity,multiplicity,1662,930022714,16,5000,0.0,0.05,rbf,median,anytime,bonferroni,3,10,False,UNRESOLVED,5000,True,False,False,0.00034216599306091666,0.0,0.18209213411654696,True,True,True,False
c20ede86379714965d0d,multiplicity,multiplicity,1663,1091056840,16,5000,0.0,0.05,rbf,median,anytime,bonferroni,3,10,False,UNRESOLVED,5000,True,False,False,0.0003398749977350235,0.0,0.18209213411654696,True,True,True,False
4a5a79ee407cebaf427e,multiplicity,multiplicity,1664,1999070965,16,5000,0.0,0.05,rbf,median,anytime,bonferroni,3,10,False,UNRESOLVED,5000,True,False,False,0.0005213750409893692,0.0,0.18209213411654696,True,True,True,False
6bb1ff34dd537f6ad412,multiplicity,multiplicity,1665,2227778702,16,5000,0.0,0.05,rbf,median,anytime,bonferroni,3,10,False,UNRESOLVED,5000,True,False,False,0.0004017089959233999,0.0,0.18209213411654696,True,True,True,False
4d52b1960e644b8df87c,multiplicity,multiplicity,1666,711390864,16,5000,0.0,0.05,rbf,median,anytime,bonferroni,3,10,False,UNRESOLVED,5000,True,False,False,0.0003659590147435665,0.0,0.18209213411654696,True,True,True,False
6b7b5eeba86cc29e2abb,multiplicity,multiplicity,1667,2124287313,16,5000,0.0,0.05,rbf,median,anytime,bonferroni,3,10,False,UNRESOLVED,5000,True,False,False,0.0003552500274963677,0.0,0.18209213411654696,True,True,True,False
ca6b9153567d2f50c688,multiplicity,multiplicity,1668,45764130,16,5000,0.0,0.05,rbf,median,anytime,bonferroni,3,10,False,UNRESOLVED,5000,True,False,False,0.00035012501757591963,0.0,0.18209213411654696,True,True,True,False
3b71afc38aece5b9d7d0,multiplicity,multiplicity,1669,2316731626,16,5000,0.0,0.05,rbf,median,anytime,bonferroni,3,10,False,UNRESOLVED,5000,True,False,False,0.0003499590093269944,0.0,0.18209213411654696,True,True,True,False
6980ac0786d3743596bc,multiplicity,multiplicity,1670,876552226,16,5000,0.0,0.05,rbf,median,anytime,bonferroni,3,10,False,UNRESOLVED,5000,True,False,False,0.00034837500425055623,0.0,0.18209213411654696,True,True,True,False
14dd8792d2245a1181a8,multiplicity,multiplicity,1671,2270193519,16,5000,0.0,0.05,rbf,median,anytime,bonferroni,3,10,False,UNRESOLVED,5000,True,False,False,0.00035675003891810775,0.0,0.18209213411654696,True,True,True,False
177667a29a2a14a0dc8f,multiplicity,multiplicity,1672,1223495208,16,5000,0.0,0.05,rbf,median,anytime,bonferroni,3,10,False,UNRESOLVED,5000,True,False,False,0.0003477499703876674,0.0,0.18209213411654696,True,True,True,False
8a9810b9ff93e4514b8a,multiplicity,multiplicity,1673,566993718,16,5000,0.0,0.05,rbf,median,anytime,bonferroni,3,10,False,UNRESOLVED,5000,True,False,False,0.0003459579893387854,0.0,0.18209213411654696,True,True,True,False
5c07df89a2cf71bcc05d,multiplicity,multiplicity,1674,2798148664,16,5000,0.0,0.05,rbf,median,anytime,bonferroni,3,10,False,UNRESOLVED,5000,True,False,False,0.00034533400321379304,0.0,0.18209213411654696,True,True,True,False
815f93f942f187838cde,multiplicity,multiplicity,1675,2519322374,16,5000,0.0,0.05,rbf,median,anytime,bonferroni,3,10,False,UNRESOLVED,5000,True,False,False,0.00034566601971164346,0.0,0.18209213411654696,True,True,True,False
a18773496a8fcac396e3,multiplicity,multiplicity,1676,573177097,16,5000,0.0,0.05,rbf,median,anytime,bonferroni,3,10,False,UNRESOLVED,5000,True,False,False,0.0003445000038482249,0.0,0.18209213411654696,True,True,True,False
95a407f0725d97553388,multiplicity,multiplicity,1677,394234458,16,5000,0.0,0.05,rbf,median,anytime,bonferroni,3,10,False,UNRESOLVED,5000,True,False,False,0.00034508301177993417,0.0,0.18209213411654696,True,True,True,False
dfc6c6ffbf2ef81a8645,multiplicity,multiplicity,1678,3890428701,16,5000,0.0,0.05,rbf,median,anytime,bonferroni,3,10,False,UNRESOLVED,5000,True,False,False,0.0003468749928288162,0.0,0.18209213411654696,True,True,True,False
e273eefaf08ff12beb94,multiplicity,multiplicity,1679,348060655,16,5000,0.0,0.05,rbf,median,anytime,bonferroni,3,10,False,UNRESOLVED,5000,True,False,False,0.0003451250377111137,0.0,0.18209213411654696,True,True,True,False
a17af43d08d37d0b2d6d,multiplicity,multiplicity,1680,3003011388,16,5000,0.0,0.05,rbf,median,anytime,bonferroni,3,10,False,UNRESOLVED,5000,True,False,False,0.00034616596531122923,0.0,0.18209213411654696,True,True,True,False
90696981b3f2cfa82220,multiplicity,multiplicity,1681,812821942,16,5000,0.0,0.05,rbf,median,anytime,bonferroni,3,10,False,UNRESOLVED,5000,True,False,False,0.00034541700733825564,0.0,0.18209213411654696,True,True,True,False
82537b853d157db0494d,multiplicity,multiplicity,1682,1341921104,16,5000,0.0,0.05,rbf,median,anytime,bonferroni,3,10,False,UNRESOLVED,5000,True,False,False,0.00034658401273190975,0.0,0.18209213411654696,True,True,True,False
8de336be9d576915a858,multiplicity,multiplicity,1683,4285027585,16,5000,0.0,0.05,rbf,median,anytime,bonferroni,3,10,False,UNRESOLVED,5000,True,False,False,0.00034550001146271825,0.0,0.18209213411654696,True,True,True,False
98fc0a30365bd92df410,multiplicity,multiplicity,1684,770820399,16,5000,0.0,0.05,rbf,median,anytime,bonferroni,3,10,False,UNRESOLVED,5000,True,False,False,0.0003465000190772116,0.0,0.18209213411654696,True,True,True,False
f46ab40e14a5b7dec0c6,multiplicity,multiplicity,1685,4132341951,16,5000,0.0,0.05,rbf,median,anytime,bonferroni,3,10,False,UNRESOLVED,5000,True,False,False,0.0003476670244708657,0.0,0.18209213411654696,True,True,True,False
0c411df1268616d3a928,multiplicity,multiplicity,1686,3444597689,16,5000,0.0,0.05,rbf,median,anytime,bonferroni,3,10,False,UNRESOLVED,5000,True,False,False,0.0003572910209186375,0.0,0.18209213411654696,True,True,True,False
432a926ecded2c6ea9d2,multiplicity,multiplicity,1687,3207168535,16,5000,0.0,0.05,rbf,median,anytime,bonferroni,3,10,False,UNRESOLVED,5000,True,False,False,0.00040195899782702327,0.0,0.18209213411654696,True,True,True,False
87f52cae127a4a2d21c6,multiplicity,multiplicity,1688,86122002,16,5000,0.0,0.05,rbf,median,anytime,bonferroni,3,10,False,UNRESOLVED,5000,True,False,False,0.00040075002470985055,0.0,0.18209213411654696,True,True,True,False
37501a31a3db311cf40b,multiplicity,multiplicity,1689,3512069779,16,5000,0.0,0.05,rbf,median,anytime,bonferroni,3,10,False,UNRESOLVED,5000,True,False,False,0.00040020799497142434,0.0,0.18209213411654696,True,True,True,False
3310756e61799d899668,multiplicity,multiplicity,1690,1673546587,16,5000,0.0,0.05,rbf,median,anytime,bonferroni,3,10,False,UNRESOLVED,5000,True,False,False,0.00040358398109674454,0.0,0.18209213411654696,True,True,True,False
c2ed78232ef48de65151,multiplicity,multiplicity,1691,2017905893,16,5000,0.0,0.05,rbf,median,anytime,bonferroni,3,10,False,UNRESOLVED,5000,True,False,False,0.00040066696237772703,0.0,0.18209213411654696,True,True,True,False
3ef185c31f5514512476,multiplicity,multiplicity,1692,2286973461,16,5000,0.0,0.05,rbf,median,anytime,bonferroni,3,10,False,UNRESOLVED,5000,True,False,False,0.00039870903128758073,0.0,0.18209213411654696,True,True,True,False
1d884107807389a1b37a,multiplicity,multiplicity,1693,1782471699,16,5000,0.0,0.05,rbf,median,anytime,bonferroni,3,10,False,UNRESOLVED,5000,True,False,False,0.0003992500132881105,0.0,0.18209213411654696,True,True,True,False
f170dc052fe2b5059654,multiplicity,multiplicity,1694,3057461728,16,5000,0.0,0.05,rbf,median,anytime,bonferroni,3,10,False,UNRESOLVED,5000,True,False,False,0.00039904197910800576,0.0,0.18209213411654696,True,True,True,False
34824330eb551914b51d,multiplicity,multiplicity,1695,3526457777,16,5000,0.0,0.05,rbf,median,anytime,bonferroni,3,10,False,UNRESOLVED,5000,True,False,False,0.0004004580550827086,0.0,0.18209213411654696,True,True,True,False
fae35aff547e254f028e,multiplicity,multiplicity,1696,1439520121,16,5000,0.0,0.05,rbf,median,anytime,bonferroni,3,10,False,UNRESOLVED,5000,True,False,False,0.0004002919886261225,0.0,0.18209213411654696,True,True,True,False
e54707bfca7d33e21f96,multiplicity,multiplicity,1697,2064226410,16,5000,0.0,0.05,rbf,median,anytime,bonferroni,3,10,False,UNRESOLVED,5000,True,False,False,0.00040191697189584374,0.0,0.18209213411654696,True,True,True,False
a3e1ae13fa106233555a,multiplicity,multiplicity,1698,871871665,16,5000,0.0,0.05,rbf,median,anytime,bonferroni,3,10,False,UNRESOLVED,5000,True,False,False,0.0003988330136053264,0.0,0.18209213411654696,True,True,True,False
77362a37675c54845152,multiplicity,multiplicity,1699,2806873213,16,5000,0.0,0.05,rbf,median,anytime,bonferroni,3,10,False,UNRESOLVED,5000,True,False,False,0.000398124975617975,0.0,0.18209213411654696,True,True,True,False
10aa916c95793de96882,multiplicity,multiplicity,1700,136920678,16,5000,0.0,0.05,rbf,median,anytime,bonferroni,3,10,False,UNRESOLVED,5000,True,False,False,0.00039962498703971505,0.0,0.18209213411654696,True,True,True,False
bee2b75cb5290696c7e5,multiplicity,multiplicity,1701,569173276,16,5000,0.0,0.05,rbf,median,anytime,bonferroni,3,10,False,UNRESOLVED,5000,True,False,False,0.00040079199243336916,0.0,0.18209213411654696,True,True,True,False
ef6190e8a8fd0edbd50b,multiplicity,multiplicity,1702,3793934901,16,5000,0.0,0.05,rbf,median,anytime,bonferroni,3,10,False,UNRESOLVED,5000,True,False,False,0.0004005000228062272,0.0,0.18209213411654696,True,True,True,False
9db177fc5eda37d918e3,multiplicity,multiplicity,1703,136631434,16,5000,0.0,0.05,rbf,median,anytime,bonferroni,3,10,False,UNRESOLVED,5000,True,False,False,0.0004000000189989805,0.0,0.18209213411654696,True,True,True,False
0adc704450ff8df1b1ed,multiplicity,multiplicity,1704,306992522,16,5000,0.0,0.05,rbf,median,anytime,bonferroni,3,10,False,UNRESOLVED,5000,True,False,False,0.00040004198672249913,0.0,0.18209213411654696,True,True,True,False
fd25b5a059c80e38fc1f,multiplicity,multiplicity,1705,2734889022,16,5000,0.0,0.05,rbf,median,anytime,bonferroni,3,10,False,UNRESOLVED,5000,True,False,False,0.0003997089806944132,0.0,0.18209213411654696,True,True,True,False
bfd1a5b16b15d6ec9165,multiplicity,multiplicity,1706,2059301050,16,5000,0.0,0.05,rbf,median,anytime,bonferroni,3,10,False,UNRESOLVED,5000,True,False,False,0.0005026250146329403,0.0,0.18209213411654696,True,True,True,False
44070845c7b2b87d58bd,multiplicity,multiplicity,1707,1526983194,16,5000,0.0,0.05,rbf,median,anytime,bonferroni,3,10,False,UNRESOLVED,5000,True,False,False,0.0005222500185482204,0.0,0.18209213411654696,True,True,True,False
ecfe18b426d1d5aa8515,multiplicity,multiplicity,1708,1252861370,16,5000,0.0,0.05,rbf,median,anytime,bonferroni,3,10,False,UNRESOLVED,5000,True,False,False,0.00041833403520286083,0.0,0.18209213411654696,True,True,True,False
b8c073447932f748579f,multiplicity,multiplicity,1709,165801436,16,5000,0.0,0.05,rbf,median,anytime,bonferroni,3,10,False,UNRESOLVED,5000,True,False,False,0.0004041659994982183,0.0,0.18209213411654696,True,True,True,False
a8fe829f6aa87ba79fd8,multiplicity,multiplicity,1710,3878479,16,5000,0.0,0.05,rbf,median,anytime,bonferroni,3,10,False,UNRESOLVED,5000,True,False,False,0.0004056670004501939,0.0,0.18209213411654696,True,True,True,False
304996d3bef3027267e7,multiplicity,multiplicity,1711,922671613,16,5000,0.0,0.05,rbf,median,anytime,bonferroni,3,10,False,UNRESOLVED,5000,True,False,False,0.00042454199865460396,0.0,0.18209213411654696,True,True,True,False
bc26856deaeeecb856cb,multiplicity,multiplicity,1712,4069547568,16,5000,0.0,0.05,rbf,median,anytime,bonferroni,3,10,False,UNRESOLVED,5000,True,False,False,0.0004015840240754187,0.0,0.18209213411654696,True,True,True,False
15e01f6be8fa8d50517f,multiplicity,multiplicity,1713,2029794591,16,5000,0.0,0.05,rbf,median,anytime,bonferroni,3,10,False,UNRESOLVED,5000,True,False,False,0.00039729097625240684,0.0,0.18209213411654696,True,True,True,False
5b52e1ddff28289e12e6,multiplicity,multiplicity,1714,3361062767,16,5000,0.0,0.05,rbf,median,anytime,bonferroni,3,10,False,UNRESOLVED,5000,True,False,False,0.00036700000055134296,0.0,0.18209213411654696,True,True,True,False
3768b7aab04477da1dc3,multiplicity,multiplicity,1715,325375921,16,5000,0.0,0.05,rbf,median,anytime,bonferroni,3,10,False,UNRESOLVED,5000,True,False,False,0.0003412080113776028,0.0,0.18209213411654696,True,True,True,False
c0b42ead4408b230c0c4,multiplicity,multiplicity,1716,3215827451,16,5000,0.0,0.05,rbf,median,anytime,bonferroni,3,10,False,UNRESOLVED,5000,True,False,False,0.0003410829813219607,0.0,0.18209213411654696,True,True,True,False
cb650d3f488a2ac09a69,multiplicity,multiplicity,1717,773579191,16,5000,0.0,0.05,rbf,median,anytime,bonferroni,3,10,False,UNRESOLVED,5000,True,False,False,0.00034191703889518976,0.0,0.18209213411654696,True,True,True,False
556b50aa7a65861bd01a,multiplicity,multiplicity,1718,1123850960,16,5000,0.0,0.05,rbf,median,anytime,bonferroni,3,10,False,UNRESOLVED,5000,True,False,False,0.0003463750472292304,0.0,0.18209213411654696,True,True,True,False
92be84876089a122c9c8,multiplicity,multiplicity,1719,3304415330,16,5000,0.0,0.05,rbf,median,anytime,bonferroni,3,10,False,UNRESOLVED,5000,True,False,False,0.0003400410059839487,0.0,0.18209213411654696,True,True,True,False
173353b70c0bb5c63f04,multiplicity,multiplicity,1720,1270529579,16,5000,0.0,0.05,rbf,median,anytime,bonferroni,3,10,False,UNRESOLVED,5000,True,False,False,0.0003399159759283066,0.0,0.18209213411654696,True,True,True,False
a0cd84646dcd0c35b09e,multiplicity,multiplicity,1721,1009841281,16,5000,0.0,0.05,rbf,median,anytime,bonferroni,3,10,False,UNRESOLVED,5000,True,False,False,0.0003426670446060598,0.0,0.18209213411654696,True,True,True,False
bc6a581e49d344e4df56,multiplicity,multiplicity,1722,2873525894,16,5000,0.0,0.05,rbf,median,anytime,bonferroni,3,10,False,UNRESOLVED,5000,True,False,False,0.000343875028192997,0.0,0.18209213411654696,True,True,True,False
85dd22354587ee074fa9,multiplicity,multiplicity,1723,2751659196,16,5000,0.0,0.05,rbf,median,anytime,bonferroni,3,10,False,UNRESOLVED,5000,True,False,False,0.00034316699020564556,0.0,0.18209213411654696,True,True,True,False
da854586375017f979e2,multiplicity,multiplicity,1724,1997162819,16,5000,0.0,0.05,rbf,median,anytime,bonferroni,3,10,False,UNRESOLVED,5000,True,False,False,0.0003421250148676336,0.0,0.18209213411654696,True,True,True,False
69c3a5c205b26363f0f9,multiplicity,multiplicity,1725,860267948,16,5000,0.0,0.05,rbf,median,anytime,bonferroni,3,10,False,UNRESOLVED,5000,True,False,False,0.00034108402905985713,0.0,0.18209213411654696,True,True,True,False
2a9f75449360b707374e,multiplicity,multiplicity,1726,3782012172,16,5000,0.0,0.05,rbf,median,anytime,bonferroni,3,10,False,UNRESOLVED,5000,True,False,False,0.00034437503200024366,0.0,0.18209213411654696,True,True,True,False
a49fb9488080161a4a02,multiplicity,multiplicity,1727,2622915278,16,5000,0.0,0.05,rbf,median,anytime,bonferroni,3,10,False,UNRESOLVED,5000,True,False,False,0.00034316699020564556,0.0,0.18209213411654696,True,True,True,False
f9840a6ec857abc097bd,multiplicity,multiplicity,1728,257690033,16,5000,0.0,0.05,rbf,median,anytime,bonferroni,3,10,False,UNRESOLVED,5000,True,False,False,0.00034187501296401024,0.0,0.18209213411654696,True,True,True,False
db14b0cf180ec07961b2,multiplicity,multiplicity,1729,4015933896,16,5000,0.0,0.05,rbf,median,anytime,bonferroni,3,10,False,UNRESOLVED,5000,True,False,False,0.0003403750015422702,0.0,0.18209213411654696,True,True,True,False
41c7b00bafa72ba1e3ca,multiplicity,multiplicity,1730,2708712840,16,5000,0.0,0.05,rbf,median,anytime,bonferroni,3,10,False,UNRESOLVED,5000,True,False,False,0.0003445830079726875,0.0,0.18209213411654696,True,True,True,False
1fc5da903efa5f017f20,multiplicity,multiplicity,1731,3306713254,16,5000,0.0,0.05,rbf,median,anytime,bonferroni,3,10,False,UNRESOLVED,5000,True,False,False,0.00034141697688028216,0.0,0.18209213411654696,True,True,True,False
062100f46c2ba6f10a4a,multiplicity,multiplicity,1732,439584895,16,5000,0.0,0.05,rbf,median,anytime,bonferroni,3,10,False,UNRESOLVED,5000,True,False,False,0.0003440419677644968,0.0,0.18209213411654696,True,True,True,False
13ee4fce02c6445ae46c,multiplicity,multiplicity,1733,5084722,16,5000,0.0,0.05,rbf,median,anytime,bonferroni,3,10,False,UNRESOLVED,5000,True,False,False,0.00034145801328122616,0.0,0.18209213411654696,True,True,True,False
a5e35a99c5ad2c4ebb57,multiplicity,multiplicity,1734,2541228494,16,5000,0.0,0.05,rbf,median,anytime,bonferroni,3,10,False,UNRESOLVED,5000,True,False,False,0.0003468749928288162,0.0,0.18209213411654696,True,True,True,False
9502a5a709d56454edd6,multiplicity,multiplicity,1735,2312265358,16,5000,0.0,0.05,rbf,median,anytime,bonferroni,3,10,False,UNRESOLVED,5000,True,False,False,0.00034075003350153565,0.0,0.18209213411654696,True,True,True,False
6b8576bc5b930d5fea89,multiplicity,multiplicity,1736,108578089,16,5000,0.0,0.05,rbf,median,anytime,bonferroni,3,10,False,UNRESOLVED,5000,True,False,False,0.00034262496046721935,0.0,0.18209213411654696,True,True,True,False
2d9dee19f5fd0a52b3ce,multiplicity,multiplicity,1737,1458518091,16,5000,0.0,0.05,rbf,median,anytime,bonferroni,3,10,False,UNRESOLVED,5000,True,False,False,0.00034066697116941214,0.0,0.18209213411654696,True,True,True,False
8b66010afe8ec68476f1,multiplicity,multiplicity,1738,1512490849,16,5000,0.0,0.05,rbf,median,anytime,bonferroni,3,10,False,UNRESOLVED,5000,True,False,False,0.0003440000000409782,0.0,0.18209213411654696,True,True,True,False
f5f5a45e9da39ffd3525,multiplicity,multiplicity,1739,3869176874,16,5000,0.0,0.05,rbf,median,anytime,bonferroni,3,10,False,UNRESOLVED,5000,True,False,False,0.0003406250034458935,0.0,0.18209213411654696,True,True,True,False
d32a4111e1ac70fc561b,multiplicity,multiplicity,1740,2049075292,16,5000,0.0,0.05,rbf,median,anytime,bonferroni,3,10,False,UNRESOLVED,5000,True,False,False,0.00034149998100474477,0.0,0.18209213411654696,True,True,True,False
84ddce674126ba5182da,multiplicity,multiplicity,1741,2343301196,16,5000,0.0,0.05,rbf,median,anytime,bonferroni,3,10,False,UNRESOLVED,5000,True,False,False,0.00034075003350153565,0.0,0.18209213411654696,True,True,True,False
75e43ebfef88955c77c8,multiplicity,multiplicity,1742,3644574872,16,5000,0.0,0.05,rbf,median,anytime,bonferroni,3,10,False,UNRESOLVED,5000,True,False,False,0.00034304196015000343,0.0,0.18209213411654696,True,True,True,False
9f93317c133f28e0a756,multiplicity,multiplicity,1743,731824756,16,5000,0.0,0.05,rbf,median,anytime,bonferroni,3,10,False,UNRESOLVED,5000,True,False,False,0.00034433399559929967,0.0,0.18209213411654696,True,True,True,False
5ed577045a51585aa954,multiplicity,multiplicity,1744,953427619,16,5000,0.0,0.05,rbf,median,anytime,bonferroni,3,10,False,UNRESOLVED,5000,True,False,False,0.0003418749547563493,0.0,0.18209213411654696,True,True,True,False
d220a27ea88c3bf4f9c1,multiplicity,multiplicity,1745,2700613569,16,5000,0.0,0.05,rbf,median,anytime,bonferroni,3,10,False,UNRESOLVED,5000,True,False,False,0.0003403330338187516,0.0,0.18209213411654696,True,True,True,False
7c71e5ee32f958cf827d,multiplicity,multiplicity,1746,351793428,16,5000,0.0,0.05,rbf,median,anytime,bonferroni,3,10,False,UNRESOLVED,5000,True,False,False,0.0003459580475464463,0.0,0.18209213411654696,True,True,True,False
b083befef76958e14072,multiplicity,multiplicity,1747,2830996967,16,5000,0.0,0.05,rbf,median,anytime,bonferroni,3,10,False,UNRESOLVED,5000,True,False,False,0.00038395903538912535,0.0,0.18209213411654696,True,True,True,False
ea4eacb0e8caa8f2449f,multiplicity,multiplicity,1748,3236734552,16,5000,0.0,0.05,rbf,median,anytime,bonferroni,3,10,False,UNRESOLVED,5000,True,False,False,0.0003962080227211118,0.0,0.18209213411654696,True,True,True,False
3cbc98fc8d6778568582,multiplicity,multiplicity,1749,4265509564,16,5000,0.0,0.05,rbf,median,anytime,bonferroni,3,10,False,UNRESOLVED,5000,True,False,False,0.0004003749927505851,0.0,0.18209213411654696,True,True,True,False
fa70f7cd8d6af0eb84a9,multiplicity,multiplicity,1750,1853309851,16,5000,0.0,0.05,rbf,median,anytime,bonferroni,3,10,False,UNRESOLVED,5000,True,False,False,0.0005376669578254223,0.0,0.18209213411654696,True,True,True,False
1183c93926534e69e94c,multiplicity,multiplicity,1751,1871014881,16,5000,0.0,0.05,rbf,median,anytime,bonferroni,3,10,False,UNRESOLVED,5000,True,False,False,0.0004341669846326113,0.0,0.18209213411654696,True,True,True,False
db3faecc9884b66baf24,multiplicity,multiplicity,1752,1843690345,16,5000,0.0,0.05,rbf,median,anytime,bonferroni,3,10,False,UNRESOLVED,5000,True,False,False,0.0004131660098209977,0.0,0.18209213411654696,True,True,True,False
b4d5c37c614052091259,multiplicity,multiplicity,1753,1334590075,16,5000,0.0,0.05,rbf,median,anytime,bonferroni,3,10,False,UNRESOLVED,5000,True,False,False,0.0004089169669896364,0.0,0.18209213411654696,True,True,True,False
508e35c64ebead3c1535,multiplicity,multiplicity,1754,3670236665,16,5000,0.0,0.05,rbf,median,anytime,bonferroni,3,10,False,UNRESOLVED,5000,True,False,False,0.0004041669890284538,0.0,0.18209213411654696,True,True,True,False
9e69b04a8df2faffd450,multiplicity,multiplicity,1755,2011218695,16,5000,0.0,0.05,rbf,median,anytime,bonferroni,3,10,False,UNRESOLVED,5000,True,False,False,0.0004014590522274375,0.0,0.18209213411654696,True,True,True,False
54dec8918ed2a4d7879b,multiplicity,multiplicity,1756,1651433564,16,5000,0.0,0.05,rbf,median,anytime,bonferroni,3,10,False,UNRESOLVED,5000,True,False,False,0.0004065830144099891,0.0,0.18209213411654696,True,True,True,False
b132c10f4c08dc6e8053,multiplicity,multiplicity,1757,895824077,16,5000,0.0,0.05,rbf,median,anytime,bonferroni,3,10,False,UNRESOLVED,5000,True,False,False,0.00040437496500089765,0.0,0.18209213411654696,True,True,True,False
19da17a5065c7c1a1001,multiplicity,multiplicity,1758,3152406390,16,5000,0.0,0.05,rbf,median,anytime,bonferroni,3,10,False,UNRESOLVED,5000,True,False,False,0.00040079199243336916,0.0,0.18209213411654696,True,True,True,False
c83d37e6614b55799817,multiplicity,multiplicity,1759,3307868325,16,5000,0.0,0.05,rbf,median,anytime,bonferroni,3,10,False,UNRESOLVED,5000,True,False,False,0.0004136249772273004,0.0,0.18209213411654696,True,True,True,False
3014c0361ad9dcadc417,multiplicity,multiplicity,1760,3204452417,16,5000,0.0,0.05,rbf,median,anytime,bonferroni,3,10,False,UNRESOLVED,5000,True,False,False,0.0003982500056736171,0.0,0.18209213411654696,True,True,True,False
0dcc357e507d6375e625,multiplicity,multiplicity,1761,2128285052,16,5000,0.0,0.05,rbf,median,anytime,bonferroni,3,10,False,UNRESOLVED,5000,True,False,False,0.00039779196958988905,0.0,0.18209213411654696,True,True,True,False
841e2761fa0a8a6fc290,multiplicity,multiplicity,1762,1110404001,16,5000,0.0,0.05,rbf,median,anytime,bonferroni,3,10,False,UNRESOLVED,5000,True,False,False,0.00039916596142575145,0.0,0.18209213411654696,True,True,True,False
ff8f6a041b54b81c641a,multiplicity,multiplicity,1763,2519551957,16,5000,0.0,0.05,rbf,median,anytime,bonferroni,3,10,False,UNRESOLVED,5000,True,False,False,0.0003996670129708946,0.0,0.18209213411654696,True,True,True,False
3687fde2dbfa85111be0,multiplicity,multiplicity,1764,4279852075,16,5000,0.0,0.05,rbf,median,anytime,bonferroni,3,10,False,UNRESOLVED,5000,True,False,False,0.00039950001519173384,0.0,0.18209213411654696,True,True,True,False
fc746956f6dfa31de3c8,multiplicity,multiplicity,1765,920287851,16,5000,0.0,0.05,rbf,median,anytime,bonferroni,3,10,False,UNRESOLVED,5000,True,False,False,0.00039962498703971505,0.0,0.18209213411654696,True,True,True,False
a6e6c8327bd9a25ebc0d,multiplicity,multiplicity,1766,3986509029,16,5000,0.0,0.05,rbf,median,anytime,bonferroni,3,10,False,UNRESOLVED,5000,True,False,False,0.00039833399932831526,0.0,0.18209213411654696,True,True,True,False
5225fb11b0491c1e4026,multiplicity,multiplicity,1767,2961142030,16,5000,0.0,0.05,rbf,median,anytime,bonferroni,3,10,False,UNRESOLVED,5000,True,False,False,0.0004003749927505851,0.0,0.18209213411654696,True,True,True,False
cee0bfcfef9341fa6027,multiplicity,multiplicity,1768,1265874345,16,5000,0.0,0.05,rbf,median,anytime,bonferroni,3,10,False,UNRESOLVED,5000,True,False,False,0.00039841700345277786,0.0,0.18209213411654696,True,True,True,False
61ab52503e7008234912,multiplicity,multiplicity,1769,3156326752,16,5000,0.0,0.05,rbf,median,anytime,bonferroni,3,10,False,UNRESOLVED,5000,True,False,False,0.00039783300599083304,0.0,0.18209213411654696,True,True,True,False
7f6cf2241c8780341adf,multiplicity,multiplicity,1770,1893833101,16,5000,0.0,0.05,rbf,median,anytime,bonferroni,3,10,False,UNRESOLVED,5000,True,False,False,0.0004015830345451832,0.0,0.18209213411654696,True,True,True,False
a3fc0ad69a410cc4c59f,multiplicity,multiplicity,1771,674204138,16,5000,0.0,0.05,rbf,median,anytime,bonferroni,3,10,False,UNRESOLVED,5000,True,False,False,0.00039895903319120407,0.0,0.18209213411654696,True,True,True,False
cc1b8b85b1720e78d5ad,multiplicity,multiplicity,1772,597754049,16,5000,0.0,0.05,rbf,median,anytime,bonferroni,3,10,False,UNRESOLVED,5000,True,False,False,0.0003994159633293748,0.0,0.18209213411654696,True,True,True,False
1e96718d7397dc1a1cc2,multiplicity,multiplicity,1773,3965271396,16,5000,0.0,0.05,rbf,median,anytime,bonferroni,3,10,False,UNRESOLVED,5000,True,False,False,0.0004004160291515291,0.0,0.18209213411654696,True,True,True,False
dd5b80c79acc8f9c160b,multiplicity,multiplicity,1774,3871285255,16,5000,0.0,0.05,rbf,median,anytime,bonferroni,3,10,False,UNRESOLVED,5000,True,False,False,0.00038833299186080694,0.0,0.18209213411654696,True,True,True,False
2bf481b3f1d875c9ccc1,multiplicity,multiplicity,1775,3223964213,16,5000,0.0,0.05,rbf,median,anytime,bonferroni,3,10,False,UNRESOLVED,5000,True,False,False,0.00034374999813735485,0.0,0.18209213411654696,True,True,True,False
f1ad1a13ae2f696e8655,multiplicity,multiplicity,1776,1132838104,16,5000,0.0,0.05,rbf,median,anytime,bonferroni,3,10,False,UNRESOLVED,5000,True,False,False,0.00034241599496454,0.0,0.18209213411654696,True,True,True,False
cf2b9ed1de7710d049ed,multiplicity,multiplicity,1777,4016666010,16,5000,0.0,0.05,rbf,median,anytime,bonferroni,3,10,False,UNRESOLVED,5000,True,False,False,0.00034383300226181746,0.0,0.18209213411654696,True,True,True,False
48056d285bf6ce0f41cd,multiplicity,multiplicity,1778,3832571761,16,5000,0.0,0.05,rbf,median,anytime,bonferroni,3,10,False,UNRESOLVED,5000,True,False,False,0.00034249998861923814,0.0,0.18209213411654696,True,True,True,False
4039ca8c572978e5b0cf,multiplicity,multiplicity,1779,4261946858,16,5000,0.0,0.05,rbf,median,anytime,bonferroni,3,10,False,UNRESOLVED,5000,True,False,False,0.0003440830041654408,0.0,0.18209213411654696,True,True,True,False
6b50bb1a1ebca6aba7e5,multiplicity,multiplicity,1780,72604161,16,5000,0.0,0.05,rbf,median,anytime,bonferroni,3,10,False,UNRESOLVED,5000,True,False,False,0.00034374999813735485,0.0,0.18209213411654696,True,True,True,False
793bbdb8fc2e25de1cab,multiplicity,multiplicity,1781,3852513957,16,5000,0.0,0.05,rbf,median,anytime,bonferroni,3,10,False,UNRESOLVED,5000,True,False,False,0.0003444589674472809,0.0,0.18209213411654696,True,True,True,False
82436ae29ff962146bf9,multiplicity,multiplicity,1782,1822435493,16,5000,0.0,0.05,rbf,median,anytime,bonferroni,3,10,False,UNRESOLVED,5000,True,False,False,0.0003444170579314232,0.0,0.18209213411654696,True,True,True,False
c1b40873fd2e3988d641,multiplicity,multiplicity,1783,2553189451,16,5000,0.0,0.05,rbf,median,anytime,bonferroni,3,10,False,UNRESOLVED,5000,True,False,False,0.00034562498331069946,0.0,0.18209213411654696,True,True,True,False
6f097edff66730c4a7a2,multiplicity,multiplicity,1784,1369595770,16,5000,0.0,0.05,rbf,median,anytime,bonferroni,3,10,False,UNRESOLVED,5000,True,False,False,0.00034370797220617533,0.0,0.18209213411654696,True,True,True,False
4cf97163cbb5e44c19bb,multiplicity,multiplicity,1785,2274810520,16,5000,0.0,0.05,rbf,median,anytime,bonferroni,3,10,False,UNRESOLVED,5000,True,False,False,0.0003445419715717435,0.0,0.18209213411654696,True,True,True,False
0ff11018640eeb4f01e0,multiplicity,multiplicity,1786,3538238668,16,5000,0.0,0.05,rbf,median,anytime,bonferroni,3,10,False,UNRESOLVED,5000,True,False,False,0.0003435419639572501,0.0,0.18209213411654696,True,True,True,False
43aeddc39d01da21ac6b,multiplicity,multiplicity,1787,1364468567,16,5000,0.0,0.05,rbf,median,anytime,bonferroni,3,10,False,UNRESOLVED,5000,True,False,False,0.00034541700733825564,0.0,0.18209213411654696,True,True,True,False
19e833bd205b247502bd,multiplicity,multiplicity,1788,2097425993,16,5000,0.0,0.05,rbf,median,anytime,bonferroni,3,10,False,UNRESOLVED,5000,True,False,False,0.0003434169921092689,0.0,0.18209213411654696,True,True,True,False
13bfdb7b16a388959939,multiplicity,multiplicity,1789,362966992,16,5000,0.0,0.05,rbf,median,anytime,bonferroni,3,10,False,UNRESOLVED,5000,True,False,False,0.00034725002478808165,0.0,0.18209213411654696,True,True,True,False
ece3334f7ab76303b31a,multiplicity,multiplicity,1790,487284726,16,5000,0.0,0.05,rbf,median,anytime,bonferroni,3,10,False,UNRESOLVED,5000,True,False,False,0.00034616701304912567,0.0,0.18209213411654696,True,True,True,False
616cb8d55e8f94c4d0a0,multiplicity,multiplicity,1791,3130215158,16,5000,0.0,0.05,rbf,median,anytime,bonferroni,3,10,False,UNRESOLVED,5000,True,False,False,0.0005651669926010072,0.0,0.18209213411654696,True,True,True,False
6d09d0511e5edbea228a,multiplicity,multiplicity,1792,3769754307,16,5000,0.0,0.05,rbf,median,anytime,bonferroni,3,10,False,UNRESOLVED,5000,True,False,False,0.00036583299515768886,0.0,0.18209213411654696,True,True,True,False
19c700db255573f50cc5,multiplicity,multiplicity,1793,2339039195,16,5000,0.0,0.05,rbf,median,anytime,bonferroni,3,10,False,UNRESOLVED,5000,True,False,False,0.0003554999711923301,0.0,0.18209213411654696,True,True,True,False
c8be7f9dfee01b9c42bb,multiplicity,multiplicity,1794,3381620734,16,5000,0.0,0.05,rbf,median,anytime,bonferroni,3,10,False,UNRESOLVED,5000,True,False,False,0.00034554197918623686,0.0,0.18209213411654696,True,True,True,False
204b7fb87788a0983a61,multiplicity,multiplicity,1795,2973196038,16,5000,0.0,0.05,rbf,median,anytime,bonferroni,3,10,False,UNRESOLVED,5000,True,False,False,0.0003440409782342613,0.0,0.18209213411654696,True,True,True,False
723c3553214eb83d860b,multiplicity,multiplicity,1796,2443652590,16,5000,0.0,0.05,rbf,median,anytime,bonferroni,3,10,False,UNRESOLVED,5000,True,False,False,0.0003669159486889839,0.0,0.18209213411654696,True,True,True,False
01f72aa4f433a5037ba2,multiplicity,multiplicity,1797,675823283,16,5000,0.0,0.05,rbf,median,anytime,bonferroni,3,10,False,UNRESOLVED,5000,True,False,False,0.0003458749852143228,0.0,0.18209213411654696,True,True,True,False
f9855628aa50ab374004,multiplicity,multiplicity,1798,2721243119,16,5000,0.0,0.05,rbf,median,anytime,bonferroni,3,10,False,UNRESOLVED,5000,True,False,False,0.0003422080189920962,0.0,0.18209213411654696,True,True,True,False
f61df016cba5b96edd16,multiplicity,multiplicity,1799,3105672825,16,5000,0.0,0.05,rbf,median,anytime,bonferroni,3,10,False,UNRESOLVED,5000,True,False,False,0.00034308398608118296,0.0,0.18209213411654696,True,True,True,False
77639b031caadf25852d,multiplicity,multiplicity,1800,1463480197,16,5000,0.0,0.05,rbf,median,anytime,bonferroni,3,10,False,UNRESOLVED,5000,True,False,False,0.0003427090123295784,0.0,0.18209213411654696,True,True,True,False
be83e94e1a311166e836,multiplicity,multiplicity,1801,1144263879,16,5000,0.0,0.05,rbf,median,anytime,bonferroni,3,10,False,UNRESOLVED,5000,True,False,False,0.0003453329554758966,0.0,0.18209213411654696,True,True,True,False
e1e19f27fcd303f0e014,multiplicity,multiplicity,1802,2743167427,16,5000,0.0,0.05,rbf,median,anytime,bonferroni,3,10,False,UNRESOLVED,5000,True,False,False,0.00034074997529387474,0.0,0.18209213411654696,True,True,True,False
fdfde970829c79816c43,multiplicity,multiplicity,1803,3964756740,16,5000,0.0,0.05,rbf,median,anytime,bonferroni,3,10,False,UNRESOLVED,5000,True,False,False,0.0003428749623708427,0.0,0.18209213411654696,True,True,True,False
054ddbf4011f5d41d405,multiplicity,multiplicity,1804,2719925405,16,5000,0.0,0.05,rbf,median,anytime,bonferroni,3,10,False,UNRESOLVED,5000,True,False,False,0.00034304196015000343,0.0,0.18209213411654696,True,True,True,False
5bba12e4ee236b30f408,multiplicity,multiplicity,1805,3372255225,16,5000,0.0,0.05,rbf,median,anytime,bonferroni,3,10,False,UNRESOLVED,5000,True,False,False,0.0003447079798206687,0.0,0.18209213411654696,True,True,True,False
19faa839bfc1604fab00,multiplicity,multiplicity,1806,2301931722,16,5000,0.0,0.05,rbf,median,anytime,bonferroni,3,10,False,UNRESOLVED,5000,True,False,False,0.0003648329875431955,0.0,0.18209213411654696,True,True,True,False
9be77371ade6842eb3d0,multiplicity,multiplicity,1807,3026742811,16,5000,0.0,0.05,rbf,median,anytime,bonferroni,3,10,False,UNRESOLVED,5000,True,False,False,0.0003968750243075192,0.0,0.18209213411654696,True,True,True,False
5fd745651b880f9bceb2,multiplicity,multiplicity,1808,2509271148,16,5000,0.0,0.05,rbf,median,anytime,bonferroni,3,10,False,UNRESOLVED,5000,True,False,False,0.00039616599678993225,0.0,0.18209213411654696,True,True,True,False
e8710c2de5fcd3ddcf6d,multiplicity,multiplicity,1809,1063881585,16,5000,0.0,0.05,rbf,median,anytime,bonferroni,3,10,False,UNRESOLVED,5000,True,False,False,0.0003983329515904188,0.0,0.18209213411654696,True,True,True,False
1f8dbabcb98ea85a4b02,multiplicity,multiplicity,1810,2052327711,16,5000,0.0,0.05,rbf,median,anytime,bonferroni,3,10,False,UNRESOLVED,5000,True,False,False,0.00039716699393466115,0.0,0.18209213411654696,True,True,True,False
bdd5b7d4361eadfa9a49,multiplicity,multiplicity,1811,2297525180,16,5000,0.0,0.05,rbf,median,anytime,bonferroni,3,10,False,UNRESOLVED,5000,True,False,False,0.0003963750205002725,0.0,0.18209213411654696,True,True,True,False
5cec621de9ad4d6507bb,multiplicity,multiplicity,1812,63737612,16,5000,0.0,0.05,rbf,median,anytime,bonferroni,3,10,False,UNRESOLVED,5000,True,False,False,0.00039554102113470435,0.0,0.18209213411654696,True,True,True,False
e751ec065cc16024201c,multiplicity,multiplicity,1813,3584385659,16,5000,0.0,0.05,rbf,median,anytime,bonferroni,3,10,False,UNRESOLVED,5000,True,False,False,0.0003986669471487403,0.0,0.18209213411654696,True,True,True,False
c8446300cd463d4e7c8a,multiplicity,multiplicity,1814,4124176580,16,5000,0.0,0.05,rbf,median,anytime,bonferroni,3,10,False,UNRESOLVED,5000,True,False,False,0.00039720803033560514,0.0,0.18209213411654696,True,True,True,False
547d9191117e5d797b0e,multiplicity,multiplicity,1815,3779942656,16,5000,0.0,0.05,rbf,median,anytime,bonferroni,3,10,False,UNRESOLVED,5000,True,False,False,0.0003955420106649399,0.0,0.18209213411654696,True,True,True,False
762fe146fb7a3e265f08,multiplicity,multiplicity,1816,137662564,16,5000,0.0,0.05,rbf,median,anytime,bonferroni,3,10,False,UNRESOLVED,5000,True,False,False,0.0005802909727208316,0.0,0.18209213411654696,True,True,True,False
ecdcce939a645748046d,multiplicity,multiplicity,1817,1170861120,16,5000,0.0,0.05,rbf,median,anytime,bonferroni,3,10,False,UNRESOLVED,5000,True,False,False,0.0005427500000223517,0.0,0.18209213411654696,True,True,True,False
9717a21da13b9953d229,multiplicity,multiplicity,1818,150916205,16,5000,0.0,0.05,rbf,median,anytime,bonferroni,3,10,False,UNRESOLVED,5000,True,False,False,0.0004887919640168548,0.0,0.18209213411654696,True,True,True,False
97cdf5b5922a74f3e489,multiplicity,multiplicity,1819,853060726,16,5000,0.0,0.05,rbf,median,anytime,bonferroni,3,10,False,UNRESOLVED,5000,True,False,False,0.0004936660407111049,0.0,0.18209213411654696,True,True,True,False
216241a030abd1254420,multiplicity,multiplicity,1820,2636180508,16,5000,0.0,0.05,rbf,median,anytime,bonferroni,3,10,False,UNRESOLVED,5000,True,False,False,0.0004869159893132746,0.0,0.18209213411654696,True,True,True,False
98803226a3942dbc34ef,multiplicity,multiplicity,1821,1911430828,16,5000,0.0,0.05,rbf,median,anytime,bonferroni,3,10,False,UNRESOLVED,5000,True,False,False,0.0004783750046044588,0.0,0.18209213411654696,True,True,True,False
697be9f5170ee45b28fd,multiplicity,multiplicity,1822,1163324772,16,5000,0.0,0.05,rbf,median,anytime,bonferroni,3,10,False,UNRESOLVED,5000,True,False,False,0.00047849997645244,0.0,0.18209213411654696,True,True,True,False
062d3b560b47b9d49908,multiplicity,multiplicity,1823,3665719598,16,5000,0.0,0.05,rbf,median,anytime,bonferroni,3,10,False,UNRESOLVED,5000,True,False,False,0.0004742500022985041,0.0,0.18209213411654696,True,True,True,False
625444e5e5a772aac977,multiplicity,multiplicity,1824,1057578123,16,5000,0.0,0.05,rbf,median,anytime,bonferroni,3,10,False,UNRESOLVED,5000,True,False,False,0.00047512503806501627,0.0,0.18209213411654696,True,True,True,False
9e23c8f85325dd7dc2f8,multiplicity,multiplicity,1825,3475553692,16,5000,0.0,0.05,rbf,median,anytime,bonferroni,3,10,False,UNRESOLVED,5000,True,False,False,0.0004754169494844973,0.0,0.18209213411654696,True,True,True,False
ce3cf0352ce3f280af6d,multiplicity,multiplicity,1826,2596396625,16,5000,0.0,0.05,rbf,median,anytime,bonferroni,3,10,False,UNRESOLVED,5000,True,False,False,0.0004742500022985041,0.0,0.18209213411654696,True,True,True,False
2177ad6922d3404cb21d,multiplicity,multiplicity,1827,177197524,16,5000,0.0,0.05,rbf,median,anytime,bonferroni,3,10,False,UNRESOLVED,5000,True,False,False,0.00047204201109707355,0.0,0.18209213411654696,True,True,True,False
01e648eb071909d5c2b7,multiplicity,multiplicity,1828,1312105472,16,5000,0.0,0.05,rbf,median,anytime,bonferroni,3,10,False,UNRESOLVED,5000,True,False,False,0.0005627920036204159,0.0,0.18209213411654696,True,True,True,False
e892ca22b91f6f92f1e7,multiplicity,multiplicity,1829,1246148812,16,5000,0.0,0.05,rbf,median,anytime,bonferroni,3,10,False,UNRESOLVED,5000,True,False,False,0.0005146249895915389,0.0,0.18209213411654696,True,True,True,False
9ead672a87a9114988fd,multiplicity,multiplicity,1830,200342501,16,5000,0.0,0.05,rbf,median,anytime,bonferroni,3,10,False,UNRESOLVED,5000,True,False,False,0.0005042499979026616,0.0,0.18209213411654696,True,True,True,False
83316372313800b1d6f4,multiplicity,multiplicity,1831,3638453060,16,5000,0.0,0.05,rbf,median,anytime,bonferroni,3,10,False,UNRESOLVED,5000,True,False,False,0.0004783330368809402,0.0,0.18209213411654696,True,True,True,False
7febef312d59a4a51ae0,multiplicity,multiplicity,1832,129014633,16,5000,0.0,0.05,rbf,median,anytime,bonferroni,3,10,False,UNRESOLVED,5000,True,False,False,0.0004765829653479159,0.0,0.18209213411654696,True,True,True,False
635476bf5f316f6c36a4,multiplicity,multiplicity,1833,3795861856,16,5000,0.0,0.05,rbf,median,anytime,bonferroni,3,10,False,UNRESOLVED,5000,True,False,False,0.00047462497605010867,0.0,0.18209213411654696,True,True,True,False
70d3f656803f44a7e47e,multiplicity,multiplicity,1834,1323626987,16,5000,0.0,0.05,rbf,median,anytime,bonferroni,3,10,False,UNRESOLVED,5000,True,False,False,0.00047483399976044893,0.0,0.18209213411654696,True,True,True,False
cafc58827451e40922d2,multiplicity,multiplicity,1835,2950886943,16,5000,0.0,0.05,rbf,median,anytime,bonferroni,3,10,False,UNRESOLVED,5000,True,False,False,0.00040441699093207717,0.0,0.18209213411654696,True,True,True,False
d3f5d1af6498c5fb88d9,multiplicity,multiplicity,1836,2876389659,16,5000,0.0,0.05,rbf,median,anytime,bonferroni,3,10,False,UNRESOLVED,5000,True,False,False,0.0003546249936334789,0.0,0.18209213411654696,True,True,True,False
6e88ac9e809ad261ebe3,multiplicity,multiplicity,1837,2616796629,16,5000,0.0,0.05,rbf,median,anytime,bonferroni,3,10,False,UNRESOLVED,5000,True,False,False,0.000349957961589098,0.0,0.18209213411654696,True,True,True,False
5663fed25d828123a095,multiplicity,multiplicity,1838,2234111829,16,5000,0.0,0.05,rbf,median,anytime,bonferroni,3,10,False,UNRESOLVED,5000,True,False,False,0.0003476249985396862,0.0,0.18209213411654696,True,True,True,False
e3eeaafd5b5f3f4cf243,multiplicity,multiplicity,1839,3635484902,16,5000,0.0,0.05,rbf,median,anytime,bonferroni,3,10,False,UNRESOLVED,5000,True,False,False,0.0003487080102786422,0.0,0.18209213411654696,True,True,True,False
c5a5e46daa351c294ac3,multiplicity,multiplicity,1840,4233074173,16,5000,0.0,0.05,rbf,median,anytime,bonferroni,3,10,False,UNRESOLVED,5000,True,False,False,0.00034666701685637236,0.0,0.18209213411654696,True,True,True,False
6263801578a4ef3c9535,multiplicity,multiplicity,1841,153941866,16,5000,0.0,0.05,rbf,median,anytime,bonferroni,3,10,False,UNRESOLVED,5000,True,False,False,0.000354000017978251,0.0,0.18209213411654696,True,True,True,False
ba356fd8d27686d07d97,multiplicity,multiplicity,1842,2848212910,16,5000,0.0,0.05,rbf,median,anytime,bonferroni,3,10,False,UNRESOLVED,5000,True,False,False,0.00034591701114550233,0.0,0.18209213411654696,True,True,True,False
87c2f9fd1100eb2e84d7,multiplicity,multiplicity,1843,3095566628,16,5000,0.0,0.05,rbf,median,anytime,bonferroni,3,10,False,UNRESOLVED,5000,True,False,False,0.0003471660311333835,0.0,0.18209213411654696,True,True,True,False
753f1b96b629d5731b66,multiplicity,multiplicity,1844,937149772,16,5000,0.0,0.05,rbf,median,anytime,bonferroni,3,10,False,UNRESOLVED,5000,True,False,False,0.0003457500133663416,0.0,0.18209213411654696,True,True,True,False
42875f2a52e255b1f909,multiplicity,multiplicity,1845,1835776449,16,5000,0.0,0.05,rbf,median,anytime,bonferroni,3,10,False,UNRESOLVED,5000,True,False,False,0.00034541700733825564,0.0,0.18209213411654696,True,True,True,False
a22654a5d202a5cee12b,multiplicity,multiplicity,1846,3427244557,16,5000,0.0,0.05,rbf,median,anytime,bonferroni,3,10,False,UNRESOLVED,5000,True,False,False,0.00034629099536687136,0.0,0.18209213411654696,True,True,True,False
52f29233ad9fd7327f97,multiplicity,multiplicity,1847,3367391099,16,5000,0.0,0.05,rbf,median,anytime,bonferroni,3,10,False,UNRESOLVED,5000,True,False,False,0.0003474170225672424,0.0,0.18209213411654696,True,True,True,False
e3b2a5d748cc418e8562,multiplicity,multiplicity,1848,650659672,16,5000,0.0,0.05,rbf,median,anytime,bonferroni,3,10,False,UNRESOLVED,5000,True,False,False,0.0003458329592831433,0.0,0.18209213411654696,True,True,True,False
7192ec9e2c1a98535644,multiplicity,multiplicity,1849,843382110,16,5000,0.0,0.05,rbf,median,anytime,bonferroni,3,10,False,UNRESOLVED,5000,True,False,False,0.0003457089769653976,0.0,0.18209213411654696,True,True,True,False
5340a608e968ef59a5a1,multiplicity,multiplicity,1850,676684286,16,5000,0.0,0.05,rbf,median,anytime,bonferroni,3,10,False,UNRESOLVED,5000,True,False,False,0.00034504104405641556,0.0,0.18209213411654696,True,True,True,False
dc941caa28416ffb9cab,multiplicity,multiplicity,1851,2693920370,16,5000,0.0,0.05,rbf,median,anytime,bonferroni,3,10,False,UNRESOLVED,5000,True,False,False,0.0003462500171735883,0.0,0.18209213411654696,True,True,True,False
cfa8800c6fcce611721a,multiplicity,multiplicity,1852,1398268665,16,5000,0.0,0.05,rbf,median,anytime,bonferroni,3,10,False,UNRESOLVED,5000,True,False,False,0.0003454579855315387,0.0,0.18209213411654696,True,True,True,False
fbe58f840a3958fcae0e,multiplicity,multiplicity,1853,959281944,16,5000,0.0,0.05,rbf,median,anytime,bonferroni,3,10,False,UNRESOLVED,5000,True,False,False,0.00034604198299348354,0.0,0.18209213411654696,True,True,True,False
c2b8a46237dcd0ffedf5,multiplicity,multiplicity,1854,3080950188,16,5000,0.0,0.05,rbf,median,anytime,bonferroni,3,10,False,UNRESOLVED,5000,True,False,False,0.00034608301939442754,0.0,0.18209213411654696,True,True,True,False
5be825ac6faa30d3f674,multiplicity,multiplicity,1855,1095739101,16,5000,0.0,0.05,rbf,median,anytime,bonferroni,3,10,False,UNRESOLVED,5000,True,False,False,0.00034754100488498807,0.0,0.18209213411654696,True,True,True,False
3da83e86e10d317f9a92,multiplicity,multiplicity,1856,2819247812,16,5000,0.0,0.05,rbf,median,anytime,bonferroni,3,10,False,UNRESOLVED,5000,True,False,False,0.0003451670054346323,0.0,0.18209213411654696,True,True,True,False
8e2fc94f12a73baee76a,multiplicity,multiplicity,1857,2587277170,16,5000,0.0,0.05,rbf,median,anytime,bonferroni,3,10,False,UNRESOLVED,5000,True,False,False,0.00034679198870435357,0.0,0.18209213411654696,True,True,True,False
d0c6b84f1070fd3032c6,multiplicity,multiplicity,1858,3671617050,16,5000,0.0,0.05,rbf,median,anytime,bonferroni,3,10,False,UNRESOLVED,5000,True,False,False,0.00034550001146271825,0.0,0.18209213411654696,True,True,True,False
1585fc4cff345f852d8c,multiplicity,multiplicity,1859,2567793169,16,5000,0.0,0.05,rbf,median,anytime,bonferroni,3,10,False,UNRESOLVED,5000,True,False,False,0.0003458329592831433,0.0,0.18209213411654696,True,True,True,False
5f6548fbde4c59434d3c,multiplicity,multiplicity,1860,370652458,16,5000,0.0,0.05,rbf,median,anytime,bonferroni,3,10,False,UNRESOLVED,5000,True,False,False,0.000344625033903867,0.0,0.18209213411654696,True,True,True,False
e7d6cfd3a2b8ddad8a49,multiplicity,multiplicity,1861,2831638118,16,5000,0.0,0.05,rbf,median,anytime,bonferroni,3,10,False,UNRESOLVED,5000,True,False,False,0.00034433300606906414,0.0,0.18209213411654696,True,True,True,False
37e2f29847a3158f42fb,multiplicity,multiplicity,1862,3704411938,16,5000,0.0,0.05,rbf,median,anytime,bonferroni,3,10,False,UNRESOLVED,5000,True,False,False,0.00034545897506177425,0.0,0.18209213411654696,True,True,True,False
fcdab0a47fc6826ae2e8,multiplicity,multiplicity,1863,1458012891,16,5000,0.0,0.05,rbf,median,anytime,bonferroni,3,10,False,UNRESOLVED,5000,True,False,False,0.00034441601019352674,0.0,0.18209213411654696,True,True,True,False
d15ba30a5874d04b2e32,multiplicity,multiplicity,1864,3634660932,16,5000,0.0,0.05,rbf,median,anytime,bonferroni,3,10,False,UNRESOLVED,5000,True,False,False,0.00034620799124240875,0.0,0.18209213411654696,True,True,True,False
dbf5d2e14a01832a9ce4,multiplicity,multiplicity,1865,123878382,16,5000,0.0,0.05,rbf,median,anytime,bonferroni,3,10,False,UNRESOLVED,5000,True,False,False,0.0003441660082899034,0.0,0.18209213411654696,True,True,True,False
7468279221482aaaa961,multiplicity,multiplicity,1866,1320080691,16,5000,0.0,0.05,rbf,median,anytime,bonferroni,3,10,False,UNRESOLVED,5000,True,False,False,0.00034670898457989097,0.0,0.18209213411654696,True,True,True,False
afd069328c98899a4e83,multiplicity,multiplicity,1867,3306694813,16,5000,0.0,0.05,rbf,median,anytime,bonferroni,3,10,False,UNRESOLVED,5000,True,False,False,0.00039770803414285183,0.0,0.18209213411654696,True,True,True,False
b93aac33639587db2ea0,multiplicity,multiplicity,1868,3583272695,16,5000,0.0,0.05,rbf,median,anytime,bonferroni,3,10,False,UNRESOLVED,5000,True,False,False,0.00040250003803521395,0.0,0.18209213411654696,True,True,True,False
143e4aeb800ad65e8c2c,multiplicity,multiplicity,1869,3018928619,16,5000,0.0,0.05,rbf,median,anytime,bonferroni,3,10,False,UNRESOLVED,5000,True,False,False,0.000400375050958246,0.0,0.18209213411654696,True,True,True,False
03b76da919a1ca77c965,multiplicity,multiplicity,1870,3067112678,16,5000,0.0,0.05,rbf,median,anytime,bonferroni,3,10,False,UNRESOLVED,5000,True,False,False,0.0004747500061057508,0.0,0.18209213411654696,True,True,True,False
79484f4bc93f70ff6183,multiplicity,multiplicity,1871,2784745806,16,5000,0.0,0.05,rbf,median,anytime,bonferroni,3,10,False,UNRESOLVED,5000,True,False,False,0.0005473329802043736,0.0,0.18209213411654696,True,True,True,False
82c9024d50b095e6a319,multiplicity,multiplicity,1872,4270771902,16,5000,0.0,0.05,rbf,median,anytime,bonferroni,3,10,False,UNRESOLVED,5000,True,False,False,0.00041879102354869246,0.0,0.18209213411654696,True,True,True,False
78604c6e3d9d2c7a94eb,multiplicity,multiplicity,1873,3624630335,16,5000,0.0,0.05,rbf,median,anytime,bonferroni,3,10,False,UNRESOLVED,5000,True,False,False,0.000404000049456954,0.0,0.18209213411654696,True,True,True,False
a171d58a4521a58f7584,multiplicity,multiplicity,1874,175472240,16,5000,0.0,0.05,rbf,median,anytime,bonferroni,3,10,False,UNRESOLVED,5000,True,False,False,0.0003985419753007591,0.0,0.18209213411654696,True,True,True,False
cd3d264be4e423fa9ccf,multiplicity,multiplicity,1875,4100141323,16,5000,0.0,0.05,rbf,median,anytime,bonferroni,3,10,False,UNRESOLVED,5000,True,False,False,0.0004236659733578563,0.0,0.18209213411654696,True,True,True,False
e124b39055820cb049e8,multiplicity,multiplicity,1876,2236118690,16,5000,0.0,0.05,rbf,median,anytime,bonferroni,3,10,False,UNRESOLVED,5000,True,False,False,0.0004015419981442392,0.0,0.18209213411654696,True,True,True,False
124d8101a35aebcdc0bf,multiplicity,multiplicity,1877,1266939120,16,5000,0.0,0.05,rbf,median,anytime,bonferroni,3,10,False,UNRESOLVED,5000,True,False,False,0.0003981659538112581,0.0,0.18209213411654696,True,True,True,False
4845e38c8bfedb9ab01d,multiplicity,multiplicity,1878,1869967292,16,5000,0.0,0.05,rbf,median,anytime,bonferroni,3,10,False,UNRESOLVED,5000,True,False,False,0.00039499998092651367,0.0,0.18209213411654696,True,True,True,False
e4747af5d993d2a3d16c,multiplicity,multiplicity,1879,978081177,16,5000,0.0,0.05,rbf,median,anytime,bonferroni,3,10,False,UNRESOLVED,5000,True,False,False,0.0004809579695574939,0.0,0.18209213411654696,True,True,True,False
f1747f7073e8badf54fe,multiplicity,multiplicity,1880,40585926,16,5000,0.0,0.05,rbf,median,anytime,bonferroni,3,10,False,UNRESOLVED,5000,True,False,False,0.0004015419981442392,0.0,0.18209213411654696,True,True,True,False
92d907ad715214289f60,multiplicity,multiplicity,1881,2231905026,16,5000,0.0,0.05,rbf,median,anytime,bonferroni,3,10,False,UNRESOLVED,5000,True,False,False,0.0003974999999627471,0.0,0.18209213411654696,True,True,True,False
cbf1cee302eccfb49ecf,multiplicity,multiplicity,1882,740052097,16,5000,0.0,0.05,rbf,median,anytime,bonferroni,3,10,False,UNRESOLVED,5000,True,False,False,0.00039670802652835846,0.0,0.18209213411654696,True,True,True,False
cbffa7f0253bc36fdf97,multiplicity,multiplicity,1883,753213339,16,5000,0.0,0.05,rbf,median,anytime,bonferroni,3,10,False,UNRESOLVED,5000,True,False,False,0.0003973750281147659,0.0,0.18209213411654696,True,True,True,False
58c84c4e09beebc0a3e4,multiplicity,multiplicity,1884,1037029083,16,5000,0.0,0.05,rbf,median,anytime,bonferroni,3,10,False,UNRESOLVED,5000,True,False,False,0.00040012499084696174,0.0,0.18209213411654696,True,True,True,False
3b52cee551b689207b90,multiplicity,multiplicity,1885,3264159419,16,5000,0.0,0.05,rbf,median,anytime,bonferroni,3,10,False,UNRESOLVED,5000,True,False,False,0.0003976659500040114,0.0,0.18209213411654696,True,True,True,False
61e9cd1956d5b8f21d01,multiplicity,multiplicity,1886,1798990106,16,5000,0.0,0.05,rbf,median,anytime,bonferroni,3,10,False,UNRESOLVED,5000,True,False,False,0.0003957919543609023,0.0,0.18209213411654696,True,True,True,False
7a7d2551c6fde421b5f7,multiplicity,multiplicity,1887,4281325066,16,5000,0.0,0.05,rbf,median,anytime,bonferroni,3,10,False,UNRESOLVED,5000,True,False,False,0.0003957920125685632,0.0,0.18209213411654696,True,True,True,False
6fed55a82488e9718025,multiplicity,multiplicity,1888,2573963616,16,5000,0.0,0.05,rbf,median,anytime,bonferroni,3,10,False,UNRESOLVED,5000,True,False,False,0.0003997500170953572,0.0,0.18209213411654696,True,True,True,False
b535874ec824371b1cd6,multiplicity,multiplicity,1889,3315636566,16,5000,0.0,0.05,rbf,median,anytime,bonferroni,3,10,False,UNRESOLVED,5000,True,False,False,0.00039520900463685393,0.0,0.18209213411654696,True,True,True,False
e2c824fc3a9dc77d1c89,multiplicity,multiplicity,1890,1698560016,16,5000,0.0,0.05,rbf,median,anytime,bonferroni,3,10,False,UNRESOLVED,5000,True,False,False,0.0003951249527744949,0.0,0.18209213411654696,True,True,True,False
551a415337e2920f4277,multiplicity,multiplicity,1891,957274008,16,5000,0.0,0.05,rbf,median,anytime,bonferroni,3,10,False,UNRESOLVED,5000,True,False,False,0.00039587501669302583,0.0,0.18209213411654696,True,True,True,False
86f02d31c9dc84d70a21,multiplicity,multiplicity,1892,3274923168,16,5000,0.0,0.05,rbf,median,anytime,bonferroni,3,10,False,UNRESOLVED,5000,True,False,False,0.00039962498703971505,0.0,0.18209213411654696,True,True,True,False
582f0fa57f02fb9954b4,multiplicity,multiplicity,1893,4194811539,16,5000,0.0,0.05,rbf,median,anytime,bonferroni,3,10,False,UNRESOLVED,5000,True,False,False,0.00039895798545330763,0.0,0.18209213411654696,True,True,True,False
71725024eb15b363aa17,multiplicity,multiplicity,1894,540880459,16,5000,0.0,0.05,rbf,median,anytime,bonferroni,3,10,False,UNRESOLVED,5000,True,False,False,0.0003414590028114617,0.0,0.18209213411654696,True,True,True,False
529b73406b5b3a0032c6,multiplicity,multiplicity,1895,953962145,16,5000,0.0,0.05,rbf,median,anytime,bonferroni,3,10,False,UNRESOLVED,5000,True,False,False,0.00034125003730878234,0.0,0.18209213411654696,True,True,True,False
18989969518c8b5fec04,multiplicity,multiplicity,1896,2425471620,16,5000,0.0,0.05,rbf,median,anytime,bonferroni,3,10,False,UNRESOLVED,5000,True,False,False,0.0003435830003581941,0.0,0.18209213411654696,True,True,True,False
b09bda96de058279b596,multiplicity,multiplicity,1897,1162234059,16,5000,0.0,0.05,rbf,median,anytime,bonferroni,3,10,False,UNRESOLVED,5000,True,False,False,0.00034070899710059166,0.0,0.18209213411654696,True,True,True,False
d615751c4dba3bb5c50a,multiplicity,multiplicity,1898,2468473819,16,5000,0.0,0.05,rbf,median,anytime,bonferroni,3,10,False,UNRESOLVED,5000,True,False,False,0.00034158298512920737,0.0,0.18209213411654696,True,True,True,False
ca1496330cc29f11e474,multiplicity,multiplicity,1899,2418664662,16,5000,0.0,0.05,rbf,median,anytime,bonferroni,3,10,False,UNRESOLVED,5000,True,False,False,0.00033974996767938137,0.0,0.18209213411654696,True,True,True,False
afe03ad1aa2a2f6921c6,multiplicity,multiplicity,1900,2074143215,16,5000,0.0,0.05,rbf,median,anytime,bonferroni,3,10,False,UNRESOLVED,5000,True,False,False,0.0003440420259721577,0.0,0.18209213411654696,True,True,True,False
4215648a31eb64af7df4,multiplicity,multiplicity,1901,5350744,16,5000,0.0,0.05,rbf,median,anytime,bonferroni,3,10,False,UNRESOLVED,5000,True,False,False,0.00034083297941833735,0.0,0.18209213411654696,True,True,True,False
c86b09211d34257cc5e1,multiplicity,multiplicity,1902,2615114772,16,5000,0.0,0.05,rbf,median,anytime,bonferroni,3,10,False,UNRESOLVED,5000,True,False,False,0.00034129200503230095,0.0,0.18209213411654696,True,True,True,False
6080017d2227bc3c566f,multiplicity,multiplicity,1903,2376048610,16,5000,0.0,0.05,rbf,median,anytime,bonferroni,3,10,False,UNRESOLVED,5000,True,False,False,0.0003392500220797956,0.0,0.18209213411654696,True,True,True,False
f39855ad904360a155e0,multiplicity,multiplicity,1904,2992470017,16,5000,0.0,0.05,rbf,median,anytime,bonferroni,3,10,False,UNRESOLVED,5000,True,False,False,0.0003436249680817127,0.0,0.18209213411654696,True,True,True,False
9fe645c2416bf2239fd6,multiplicity,multiplicity,1905,3813868913,16,5000,0.0,0.05,rbf,median,anytime,bonferroni,3,10,False,UNRESOLVED,5000,True,False,False,0.00034141697688028216,0.0,0.18209213411654696,True,True,True,False
c6e2cac607f90e7c43e5,multiplicity,multiplicity,1906,3249511596,16,5000,0.0,0.05,rbf,median,anytime,bonferroni,3,10,False,UNRESOLVED,5000,True,False,False,0.00034241698449477553,0.0,0.18209213411654696,True,True,True,False
29901a91502133cc1399,multiplicity,multiplicity,1907,3933296994,16,5000,0.0,0.05,rbf,median,anytime,bonferroni,3,10,False,UNRESOLVED,5000,True,False,False,0.0003414590028114617,0.0,0.18209213411654696,True,True,True,False
65623a94bea1ea38364b,multiplicity,multiplicity,1908,4281322715,16,5000,0.0,0.05,rbf,median,anytime,bonferroni,3,10,False,UNRESOLVED,5000,True,False,False,0.00034387496998533607,0.0,0.18209213411654696,True,True,True,False
8ee39ef61c4939c2192c,multiplicity,multiplicity,1909,2536335744,16,5000,0.0,0.05,rbf,median,anytime,bonferroni,3,10,False,UNRESOLVED,5000,True,False,False,0.0003397500258870423,0.0,0.18209213411654696,True,True,True,False
6c609cfb765a75d0780c,multiplicity,multiplicity,1910,3094242563,16,5000,0.0,0.05,rbf,median,anytime,bonferroni,3,10,False,UNRESOLVED,5000,True,False,False,0.00034120900090783834,0.0,0.18209213411654696,True,True,True,False
009fffa4713bb520357d,multiplicity,multiplicity,1911,505649840,16,5000,0.0,0.05,rbf,median,anytime,bonferroni,3,10,False,UNRESOLVED,5000,True,False,False,0.00033887499012053013,0.0,0.18209213411654696,True,True,True,False
944ff7905a6fe54d49aa,multiplicity,multiplicity,1912,1325297843,16,5000,0.0,0.05,rbf,median,anytime,bonferroni,3,10,False,UNRESOLVED,5000,True,False,False,0.0005261669866740704,0.0,0.18209213411654696,True,True,True,False
7de1fce34d0ac1c455dc,multiplicity,multiplicity,1913,2028662176,16,5000,0.0,0.05,rbf,median,anytime,bonferroni,3,10,False,UNRESOLVED,5000,True,False,False,0.0004012080025859177,0.0,0.18209213411654696,True,True,True,False
028174f5b70b6eaf4d09,multiplicity,multiplicity,1914,560797285,16,5000,0.0,0.05,rbf,median,anytime,bonferroni,3,10,False,UNRESOLVED,5000,True,False,False,0.0003664170508272946,0.0,0.18209213411654696,True,True,True,False
1fadb603fe47feaf4639,multiplicity,multiplicity,1915,2940831864,16,5000,0.0,0.05,rbf,median,anytime,bonferroni,3,10,False,UNRESOLVED,5000,True,False,False,0.00035437499172985554,0.0,0.18209213411654696,True,True,True,False
6c0df84ddb84fbeeddf8,multiplicity,multiplicity,1916,1178708382,16,5000,0.0,0.05,rbf,median,anytime,bonferroni,3,10,False,UNRESOLVED,5000,True,False,False,0.000350333983078599,0.0,0.18209213411654696,True,True,True,False
d4863b339570fac55bd4,multiplicity,multiplicity,1917,1684766471,16,5000,0.0,0.05,rbf,median,anytime,bonferroni,3,10,False,UNRESOLVED,5000,True,False,False,0.0003487920039333403,0.0,0.18209213411654696,True,True,True,False
9f4e0e012c4b025c6311,multiplicity,multiplicity,1918,2327456095,16,5000,0.0,0.05,rbf,median,anytime,bonferroni,3,10,False,UNRESOLVED,5000,True,False,False,0.00037345802411437035,0.0,0.18209213411654696,True,True,True,False
d72063f39f0e66b37435,multiplicity,multiplicity,1919,2481298858,16,5000,0.0,0.05,rbf,median,anytime,bonferroni,3,10,False,UNRESOLVED,5000,True,False,False,0.00034854200202971697,0.0,0.18209213411654696,True,True,True,False
f3308066ca019cf5ff2d,multiplicity,multiplicity,1920,3669894848,16,5000,0.0,0.05,rbf,median,anytime,bonferroni,3,10,False,UNRESOLVED,5000,True,False,False,0.0003457089769653976,0.0,0.18209213411654696,True,True,True,False
1eab10d92b25af633319,multiplicity,multiplicity,1921,961267355,16,5000,0.0,0.05,rbf,median,anytime,bonferroni,3,10,False,UNRESOLVED,5000,True,False,False,0.00034495798172429204,0.0,0.18209213411654696,True,True,True,False
50b24d8193d6f5869943,multiplicity,multiplicity,1922,2545408872,16,5000,0.0,0.05,rbf,median,anytime,bonferroni,3,10,False,UNRESOLVED,5000,True,False,False,0.00034433300606906414,0.0,0.18209213411654696,True,True,True,False
9aa901e7bf5ea5b89157,multiplicity,multiplicity,1923,517019448,16,5000,0.0,0.05,rbf,median,anytime,bonferroni,3,10,False,UNRESOLVED,5000,True,False,False,0.0003436660044826567,0.0,0.18209213411654696,True,True,True,False
eca29862a05123b85e03,multiplicity,multiplicity,1924,2633538685,16,5000,0.0,0.05,rbf,median,anytime,bonferroni,3,10,False,UNRESOLVED,5000,True,False,False,0.0003446670016273856,0.0,0.18209213411654696,True,True,True,False
41cb305879acf02f286c,multiplicity,multiplicity,1925,120788759,16,5000,0.0,0.05,rbf,median,anytime,bonferroni,3,10,False,UNRESOLVED,5000,True,False,False,0.0003534999559633434,0.0,0.18209213411654696,True,True,True,False
8c73bdd83ddaa00e4830,multiplicity,multiplicity,1926,2005563237,16,5000,0.0,0.05,rbf,median,anytime,bonferroni,3,10,False,UNRESOLVED,5000,True,False,False,0.0004076249897480011,0.0,0.18209213411654696,True,True,True,False
3af7f71268edde301bcb,multiplicity,multiplicity,1927,2908598679,16,5000,0.0,0.05,rbf,median,anytime,bonferroni,3,10,False,UNRESOLVED,5000,True,False,False,0.0003987079835496843,0.0,0.18209213411654696,True,True,True,False
5813f740045623c140ee,multiplicity,multiplicity,1928,3709746863,16,5000,0.0,0.05,rbf,median,anytime,bonferroni,3,10,False,UNRESOLVED,5000,True,False,False,0.000398874981328845,0.0,0.18209213411654696,True,True,True,False
69ba0d5d034be44341d3,multiplicity,multiplicity,1929,3354166059,16,5000,0.0,0.05,rbf,median,anytime,bonferroni,3,10,False,UNRESOLVED,5000,True,False,False,0.00039787497371435165,0.0,0.18209213411654696,True,True,True,False
0ca3fa63e1d05d4be27d,multiplicity,multiplicity,1930,3594142155,16,5000,0.0,0.05,rbf,median,anytime,bonferroni,3,10,False,UNRESOLVED,5000,True,False,False,0.0003977079759351909,0.0,0.18209213411654696,True,True,True,False
b08b0dc63a52b191a8ee,multiplicity,multiplicity,1931,3981693351,16,5000,0.0,0.05,rbf,median,anytime,bonferroni,3,10,False,UNRESOLVED,5000,True,False,False,0.0003993330174125731,0.0,0.18209213411654696,True,True,True,False
967fc0c77da925b6984c,multiplicity,multiplicity,1932,2096959253,16,5000,0.0,0.05,rbf,median,anytime,bonferroni,3,10,False,UNRESOLVED,5000,True,False,False,0.00039758399361744523,0.0,0.18209213411654696,True,True,True,False
174ec72176eb0719f300,multiplicity,multiplicity,1933,1291352803,16,5000,0.0,0.05,rbf,median,anytime,bonferroni,3,10,False,UNRESOLVED,5000,True,False,False,0.0003992500132881105,0.0,0.18209213411654696,True,True,True,False
ae7745a694bf35496c4d,multiplicity,multiplicity,1934,3122212813,16,5000,0.0,0.05,rbf,median,anytime,bonferroni,3,10,False,UNRESOLVED,5000,True,False,False,0.00039891700726002455,0.0,0.18209213411654696,True,True,True,False
9e7570f328b6bb9e87db,multiplicity,multiplicity,1935,3203533494,16,5000,0.0,0.05,rbf,median,anytime,bonferroni,3,10,False,UNRESOLVED,5000,True,False,False,0.00039662502240389585,0.0,0.18209213411654696,True,True,True,False
816f9c619a8d82aa19b9,multiplicity,multiplicity,1936,3969976139,16,5000,0.0,0.05,rbf,median,anytime,bonferroni,3,10,False,UNRESOLVED,5000,True,False,False,0.00039779196958988905,0.0,0.18209213411654696,True,True,True,False
df7bc1c66764256ad478,multiplicity,multiplicity,1937,618489191,16,5000,0.0,0.05,rbf,median,anytime,bonferroni,3,10,False,UNRESOLVED,5000,True,False,False,0.0004010829725302756,0.0,0.18209213411654696,True,True,True,False
9637c1fdf7b41aaa6de0,multiplicity,multiplicity,1938,2556481062,16,5000,0.0,0.05,rbf,median,anytime,bonferroni,3,10,False,UNRESOLVED,5000,True,False,False,0.0003965840442106128,0.0,0.18209213411654696,True,True,True,False
5902b76596848ffb1d91,multiplicity,multiplicity,1939,58284066,16,5000,0.0,0.05,rbf,median,anytime,bonferroni,3,10,False,UNRESOLVED,5000,True,False,False,0.0003974999999627471,0.0,0.18209213411654696,True,True,True,False
efd8a0d312f3c09155a0,multiplicity,multiplicity,1940,1056257127,16,5000,0.0,0.05,rbf,median,anytime,bonferroni,3,10,False,UNRESOLVED,5000,True,False,False,0.00040020799497142434,0.0,0.18209213411654696,True,True,True,False
ed095e10d7a957ffb78b,multiplicity,multiplicity,1941,228743607,16,5000,0.0,0.05,rbf,median,anytime,bonferroni,3,10,False,UNRESOLVED,5000,True,False,False,0.0003986249794252217,0.0,0.18209213411654696,True,True,True,False
601bccb6b65f074f0cd5,multiplicity,multiplicity,1942,4198181662,16,5000,0.0,0.05,rbf,median,anytime,bonferroni,3,10,False,UNRESOLVED,5000,True,False,False,0.0003969169920310378,0.0,0.18209213411654696,True,True,True,False
111504746b49719ac9f6,multiplicity,multiplicity,1943,1152398225,16,5000,0.0,0.05,rbf,median,anytime,bonferroni,3,10,False,UNRESOLVED,5000,True,False,False,0.0003969580284319818,0.0,0.18209213411654696,True,True,True,False
79ed39b82dbd0ececfd7,multiplicity,multiplicity,1944,310384065,16,5000,0.0,0.05,rbf,median,anytime,bonferroni,3,10,False,UNRESOLVED,5000,True,False,False,0.000397459021769464,0.0,0.18209213411654696,True,True,True,False
353a83232634dd1333e7,multiplicity,multiplicity,1945,1103184199,16,5000,0.0,0.05,rbf,median,anytime,bonferroni,3,10,False,UNRESOLVED,5000,True,False,False,0.0004017500323243439,0.0,0.18209213411654696,True,True,True,False
0c6204d7b1b26578f638,multiplicity,multiplicity,1946,3743898743,16,5000,0.0,0.05,rbf,median,anytime,bonferroni,3,10,False,UNRESOLVED,5000,True,False,False,0.00039645901415497065,0.0,0.18209213411654696,True,True,True,False
db6903e26d3b2c706d57,multiplicity,multiplicity,1947,28400570,16,5000,0.0,0.05,rbf,median,anytime,bonferroni,3,10,False,UNRESOLVED,5000,True,False,False,0.000397041963879019,0.0,0.18209213411654696,True,True,True,False
888c619dad4ed8848b5a,multiplicity,multiplicity,1948,2781657717,16,5000,0.0,0.05,rbf,median,anytime,bonferroni,3,10,False,UNRESOLVED,5000,True,False,False,0.00039804098196327686,0.0,0.18209213411654696,True,True,True,False
d597941d19b031ec974d,multiplicity,multiplicity,1949,1080293714,16,5000,0.0,0.05,rbf,median,anytime,bonferroni,3,10,False,UNRESOLVED,5000,True,False,False,0.0003964999923482537,0.0,0.18209213411654696,True,True,True,False
71b0b7dc9eae7290c5f4,multiplicity,multiplicity,1950,4275018624,16,5000,0.0,0.05,rbf,median,anytime,bonferroni,3,10,False,UNRESOLVED,5000,True,False,False,0.000399957993067801,0.0,0.18209213411654696,True,True,True,False
94b94d59ca5bca2d057a,multiplicity,multiplicity,1951,1654912233,16,5000,0.0,0.05,rbf,median,anytime,bonferroni,3,10,False,UNRESOLVED,5000,True,False,False,0.0003980000037699938,0.0,0.18209213411654696,True,True,True,False
3840fee313be40c33380,multiplicity,multiplicity,1952,438964557,16,5000,0.0,0.05,rbf,median,anytime,bonferroni,3,10,False,UNRESOLVED,5000,True,False,False,0.00042104197200387716,0.0,0.18209213411654696,True,True,True,False
aec34ebe901fd1838bca,multiplicity,multiplicity,1953,832503044,16,5000,0.0,0.05,rbf,median,anytime,bonferroni,3,10,False,UNRESOLVED,5000,True,False,False,0.0005482499836944044,0.0,0.18209213411654696,True,True,True,False
92eef261f1015377aaad,multiplicity,multiplicity,1954,2853450357,16,5000,0.0,0.05,rbf,median,anytime,bonferroni,3,10,False,UNRESOLVED,5000,True,False,False,0.0004208749742247164,0.0,0.18209213411654696,True,True,True,False
624cf9087bf3fbcb7782,multiplicity,multiplicity,1955,3816616400,16,5000,0.0,0.05,rbf,median,anytime,bonferroni,3,10,False,UNRESOLVED,5000,True,False,False,0.00040625000838190317,0.0,0.18209213411654696,True,True,True,False
02ca27d256e18696fa37,multiplicity,multiplicity,1956,3465280523,16,5000,0.0,0.05,rbf,median,anytime,bonferroni,3,10,False,UNRESOLVED,5000,True,False,False,0.0004016670281998813,0.0,0.18209213411654696,True,True,True,False
2e8ece07caddb71bf266,multiplicity,multiplicity,1957,23693858,16,5000,0.0,0.05,rbf,median,anytime,bonferroni,3,10,False,UNRESOLVED,5000,True,False,False,0.00039883400313556194,0.0,0.18209213411654696,True,True,True,False
dd56295f7278b66517e3,multiplicity,multiplicity,1958,2560919383,16,5000,0.0,0.05,rbf,median,anytime,bonferroni,3,10,False,UNRESOLVED,5000,True,False,False,0.0004034579615108669,0.0,0.18209213411654696,True,True,True,False
2acfd2f805fecba7f974,multiplicity,multiplicity,1959,3058613645,16,5000,0.0,0.05,rbf,median,anytime,bonferroni,3,10,False,UNRESOLVED,5000,True,False,False,0.0003982500056736171,0.0,0.18209213411654696,True,True,True,False
c35315f66cdc2430bf4d,multiplicity,multiplicity,1960,3022336979,16,5000,0.0,0.05,rbf,median,anytime,bonferroni,3,10,False,UNRESOLVED,5000,True,False,False,0.00039666600059717894,0.0,0.18209213411654696,True,True,True,False
7d82853d91db784878c4,multiplicity,multiplicity,1961,4047701302,16,5000,0.0,0.05,rbf,median,anytime,bonferroni,3,10,False,UNRESOLVED,5000,True,False,False,0.0003963749622926116,0.0,0.18209213411654696,True,True,True,False
2d6060d80a9b449d3697,multiplicity,multiplicity,1962,2649263279,16,5000,0.0,0.05,rbf,median,anytime,bonferroni,3,10,False,UNRESOLVED,5000,True,False,False,0.0004003339563496411,0.0,0.18209213411654696,True,True,True,False
c342de14dd3ca48ff759,multiplicity,multiplicity,1963,1887826652,16,5000,0.0,0.05,rbf,median,anytime,bonferroni,3,10,False,UNRESOLVED,5000,True,False,False,0.00039612501859664917,0.0,0.18209213411654696,True,True,True,False
11c079a6af5850ef30c5,multiplicity,multiplicity,1964,1976119036,16,5000,0.0,0.05,rbf,median,anytime,bonferroni,3,10,False,UNRESOLVED,5000,True,False,False,0.000396332994569093,0.0,0.18209213411654696,True,True,True,False
53c964c7a409cfcd1424,multiplicity,multiplicity,1965,3326574091,16,5000,0.0,0.05,rbf,median,anytime,bonferroni,3,10,False,UNRESOLVED,5000,True,False,False,0.0003969580284319818,0.0,0.18209213411654696,True,True,True,False
43babd85e0642aaa7c9d,multiplicity,multiplicity,1966,3450888909,16,5000,0.0,0.05,rbf,median,anytime,bonferroni,3,10,False,UNRESOLVED,5000,True,False,False,0.0003980000037699938,0.0,0.18209213411654696,True,True,True,False
c58b02cc34040f9ff29d,multiplicity,multiplicity,1967,1568915088,16,5000,0.0,0.05,rbf,median,anytime,bonferroni,3,10,False,UNRESOLVED,5000,True,False,False,0.0003951250109821558,0.0,0.18209213411654696,True,True,True,False
456e23f01497ae551d5c,multiplicity,multiplicity,1968,4021475841,16,5000,0.0,0.05,rbf,median,anytime,bonferroni,3,10,False,UNRESOLVED,5000,True,False,False,0.00039566599298268557,0.0,0.18209213411654696,True,True,True,False
7536d9eb05b15d72cc0f,multiplicity,multiplicity,1969,4102339136,16,5000,0.0,0.05,rbf,median,anytime,bonferroni,3,10,False,UNRESOLVED,5000,True,False,False,0.00039650005055591464,0.0,0.18209213411654696,True,True,True,False
6a876e369f0cc1f6d266,multiplicity,multiplicity,1970,504230163,16,5000,0.0,0.05,rbf,median,anytime,bonferroni,3,10,False,UNRESOLVED,5000,True,False,False,0.00040066702058538795,0.0,0.18209213411654696,True,True,True,False
8386849604d05f104d57,multiplicity,multiplicity,1971,4144699851,16,5000,0.0,0.05,rbf,median,anytime,bonferroni,3,10,False,UNRESOLVED,5000,True,False,False,0.0003968329983763397,0.0,0.18209213411654696,True,True,True,False
6f4ce70af2271c815c31,multiplicity,multiplicity,1972,3374934902,16,5000,0.0,0.05,rbf,median,anytime,bonferroni,3,10,False,UNRESOLVED,5000,True,False,False,0.0003969999961555004,0.0,0.18209213411654696,True,True,True,False
1ac6b8c7a5d20b91d191,multiplicity,multiplicity,1973,1013129183,16,5000,0.0,0.05,rbf,median,anytime,bonferroni,3,10,False,UNRESOLVED,5000,True,False,False,0.0003968749660998583,0.0,0.18209213411654696,True,True,True,False
20fba2d740611a69d642,multiplicity,multiplicity,1974,3194213586,16,5000,0.0,0.05,rbf,median,anytime,bonferroni,3,10,False,UNRESOLVED,5000,True,False,False,0.000401791010517627,0.0,0.18209213411654696,True,True,True,False
57c5a8588b11fa3b2b27,multiplicity,multiplicity,1975,145954052,16,5000,0.0,0.05,rbf,median,anytime,bonferroni,3,10,False,UNRESOLVED,5000,True,False,False,0.00039420800749212503,0.0,0.18209213411654696,True,True,True,False
5c350a7abcb20eda9eee,multiplicity,multiplicity,1976,1543789442,16,5000,0.0,0.05,rbf,median,anytime,bonferroni,3,10,False,UNRESOLVED,5000,True,False,False,0.000546499970369041,0.0,0.18209213411654696,True,True,True,False
e3138c64bb7bb55c2bf1,multiplicity,multiplicity,1977,4275475668,16,5000,0.0,0.05,rbf,median,anytime,bonferroni,3,10,False,UNRESOLVED,5000,True,False,False,0.0007106660050339997,0.0,0.18209213411654696,True,True,True,False
7d63329d905a3f611200,multiplicity,multiplicity,1978,4116498476,16,5000,0.0,0.05,rbf,median,anytime,bonferroni,3,10,False,UNRESOLVED,5000,True,False,False,0.0005166250048205256,0.0,0.18209213411654696,True,True,True,False
79eaddb10c786c2eea24,multiplicity,multiplicity,1979,3780467394,16,5000,0.0,0.05,rbf,median,anytime,bonferroni,3,10,False,UNRESOLVED,5000,True,False,False,0.0004923339583911002,0.0,0.18209213411654696,True,True,True,False
86f1f92003eabffbb2a2,multiplicity,multiplicity,1980,1486639783,16,5000,0.0,0.05,rbf,median,anytime,bonferroni,3,10,False,UNRESOLVED,5000,True,False,False,0.00048429099842906,0.0,0.18209213411654696,True,True,True,False
5d207ddb481a9c1d293c,multiplicity,multiplicity,1981,1241633628,16,5000,0.0,0.05,rbf,median,anytime,bonferroni,3,10,False,UNRESOLVED,5000,True,False,False,0.0004778330330736935,0.0,0.18209213411654696,True,True,True,False
ac5e329a677f8e17894f,multiplicity,multiplicity,1982,3615644613,16,5000,0.0,0.05,rbf,median,anytime,bonferroni,3,10,False,UNRESOLVED,5000,True,False,False,0.0004752500099129975,0.0,0.18209213411654696,True,True,True,False
d8e78b8d9d0af56e0de0,multiplicity,multiplicity,1983,251341541,16,5000,0.0,0.05,rbf,median,anytime,bonferroni,3,10,False,UNRESOLVED,5000,True,False,False,0.00047616701340302825,0.0,0.18209213411654696,True,True,True,False
2a7f3c2d177f38e70de1,multiplicity,multiplicity,1984,1068399235,16,5000,0.0,0.05,rbf,median,anytime,bonferroni,3,10,False,UNRESOLVED,5000,True,False,False,0.00047441700007766485,0.0,0.18209213411654696,True,True,True,False
d46981934f146939edb0,multiplicity,multiplicity,1985,904418079,16,5000,0.0,0.05,rbf,median,anytime,bonferroni,3,10,False,UNRESOLVED,5000,True,False,False,0.00047445803647860885,0.0,0.18209213411654696,True,True,True,False
ea2374a0a99cdb3c4d4e,multiplicity,multiplicity,1986,4060433166,16,5000,0.0,0.05,rbf,median,anytime,bonferroni,3,10,False,UNRESOLVED,5000,True,False,False,0.0004742500022985041,0.0,0.18209213411654696,True,True,True,False
29d8274b78e929013d32,multiplicity,multiplicity,1987,1367613742,16,5000,0.0,0.05,rbf,median,anytime,bonferroni,3,10,False,UNRESOLVED,5000,True,False,False,0.0004735830007120967,0.0,0.18209213411654696,True,True,True,False
07d88c2a111bdec999be,multiplicity,multiplicity,1988,2573193555,16,5000,0.0,0.05,rbf,median,anytime,bonferroni,3,10,False,UNRESOLVED,5000,True,False,False,0.0004782920004799962,0.0,0.18209213411654696,True,True,True,False
0b1da92d2eb42bc6ee18,multiplicity,multiplicity,1989,337509339,16,5000,0.0,0.05,rbf,median,anytime,bonferroni,3,10,False,UNRESOLVED,5000,True,False,False,0.0005333750159479678,0.0,0.18209213411654696,True,True,True,False
571fb31a3f07d36b77de,multiplicity,multiplicity,1990,2032417130,16,5000,0.0,0.05,rbf,median,anytime,bonferroni,3,10,False,UNRESOLVED,5000,True,False,False,0.0005393750034272671,0.0,0.18209213411654696,True,True,True,False
fd9b6c583ed050373c0e,multiplicity,multiplicity,1991,233145480,16,5000,0.0,0.05,rbf,median,anytime,bonferroni,3,10,False,UNRESOLVED,5000,True,False,False,0.0004880409687757492,0.0,0.18209213411654696,True,True,True,False
bd1b0743e4f4d555f45a,multiplicity,multiplicity,1992,4088245403,16,5000,0.0,0.05,rbf,median,anytime,bonferroni,3,10,False,UNRESOLVED,5000,True,False,False,0.0004730420187115669,0.0,0.18209213411654696,True,True,True,False
d625c4fdde085a8887b6,multiplicity,multiplicity,1993,194033335,16,5000,0.0,0.05,rbf,median,anytime,bonferroni,3,10,False,UNRESOLVED,5000,True,False,False,0.00047216698294505477,0.0,0.18209213411654696,True,True,True,False
0e90ce442a395f1f0daf,multiplicity,multiplicity,1994,3427427791,16,5000,0.0,0.05,rbf,median,anytime,bonferroni,3,10,False,UNRESOLVED,5000,True,False,False,0.00047329202061519027,0.0,0.18209213411654696,True,True,True,False
0296bdd4213fa58a5ad6,multiplicity,multiplicity,1995,3442818363,16,5000,0.0,0.05,rbf,median,anytime,bonferroni,3,10,False,UNRESOLVED,5000,True,False,False,0.0004250829806551337,0.0,0.18209213411654696,True,True,True,False
18e6fd4d681c66113cad,multiplicity,multiplicity,1996,986203023,16,5000,0.0,0.05,rbf,median,anytime,bonferroni,3,10,False,UNRESOLVED,5000,True,False,False,0.0003552089910954237,0.0,0.18209213411654696,True,True,True,False
3298496eb2f8a28b9de1,multiplicity,multiplicity,1997,636314574,16,5000,0.0,0.05,rbf,median,anytime,bonferroni,3,10,False,UNRESOLVED,5000,True,False,False,0.0003487910144031048,0.0,0.18209213411654696,True,True,True,False
2c7c63eb503649635e85,multiplicity,multiplicity,1998,171618927,16,5000,0.0,0.05,rbf,median,anytime,bonferroni,3,10,False,UNRESOLVED,5000,True,False,False,0.0003458749852143228,0.0,0.18209213411654696,True,True,True,False
7632d27e8454045b170c,multiplicity,multiplicity,1999,1645329983,16,5000,0.0,0.05,rbf,median,anytime,bonferroni,3,10,False,UNRESOLVED,5000,True,False,False,0.0003489580121822655,0.0,0.18209213411654696,True,True,True,False
ff01ea6e9eb0e031ae89,multiplicity,multiplicity,2000,1212656566,16,5000,0.0,0.05,rbf,median,anytime,bonferroni,3,10,False,UNRESOLVED,5000,True,False,False,0.0003439589636400342,0.0,0.18209213411654696,True,True,True,False
f25c7135a20f8ca7b0d0,multiplicity,multiplicity,2001,3082312112,16,5000,0.0,0.05,rbf,median,anytime,bonferroni,3,10,False,UNRESOLVED,5000,True,False,False,0.0003428750205785036,0.0,0.18209213411654696,True,True,True,False
807fd76df5b89f2330e4,multiplicity,multiplicity,2002,416987705,16,5000,0.0,0.05,rbf,median,anytime,bonferroni,3,10,False,UNRESOLVED,5000,True,False,False,0.00034220796078443527,0.0,0.18209213411654696,True,True,True,False
b7413f27d9938f008f5b,multiplicity,multiplicity,2003,3072333676,16,5000,0.0,0.05,rbf,median,anytime,bonferroni,3,10,False,UNRESOLVED,5000,True,False,False,0.00034554197918623686,0.0,0.18209213411654696,True,True,True,False
d4777e79f7b9d3607ed4,multiplicity,multiplicity,2004,661876077,16,5000,0.0,0.05,rbf,median,anytime,bonferroni,3,10,False,UNRESOLVED,5000,True,False,False,0.0003412079531699419,0.0,0.18209213411654696,True,True,True,False
4bd1946cb165b30dac8e,multiplicity,multiplicity,2005,3608645574,16,5000,0.0,0.05,rbf,median,anytime,bonferroni,3,10,False,UNRESOLVED,5000,True,False,False,0.00034133298322558403,0.0,0.18209213411654696,True,True,True,False
8ce3ce6f91455915bd4a,multiplicity,multiplicity,2006,2277328410,16,5000,0.0,0.05,rbf,median,anytime,bonferroni,3,10,False,UNRESOLVED,5000,True,False,False,0.0003726669820025563,0.0,0.18209213411654696,True,True,True,False
34535cf2a660ab6c6fd7,multiplicity,multiplicity,2007,2448725274,16,5000,0.0,0.05,rbf,median,anytime,bonferroni,3,10,False,UNRESOLVED,5000,True,False,False,0.0003995409933850169,0.0,0.18209213411654696,True,True,True,False
8539f319bb8c8403f447,multiplicity,multiplicity,2008,298052305,16,5000,0.0,0.05,rbf,median,anytime,bonferroni,3,10,False,UNRESOLVED,5000,True,False,False,0.0003944169729948044,0.0,0.18209213411654696,True,True,True,False
15179029b59cffa789b8,multiplicity,multiplicity,2009,4219886378,16,5000,0.0,0.05,rbf,median,anytime,bonferroni,3,10,False,UNRESOLVED,5000,True,False,False,0.0003954159910790622,0.0,0.18209213411654696,True,True,True,False
b91f5f977029480bbb4e,multiplicity,multiplicity,2010,3441876829,16,5000,0.0,0.05,rbf,median,anytime,bonferroni,3,10,False,UNRESOLVED,5000,True,False,False,0.0003966670483350754,0.0,0.18209213411654696,True,True,True,False
ba1779eadbc778272831,multiplicity,multiplicity,2011,1678195041,16,5000,0.0,0.05,rbf,median,anytime,bonferroni,3,10,False,UNRESOLVED,5000,True,False,False,0.00040800002170726657,0.0,0.18209213411654696,True,True,True,False
e4346a5e2b77ab32974d,multiplicity,multiplicity,2012,3459985019,16,5000,0.0,0.05,rbf,median,anytime,bonferroni,3,10,False,UNRESOLVED,5000,True,False,False,0.0003963749622926116,0.0,0.18209213411654696,True,True,True,False
6141fcacf56c1ac70ca0,multiplicity,multiplicity,2013,3321702031,16,5000,0.0,0.05,rbf,median,anytime,bonferroni,3,10,False,UNRESOLVED,5000,True,False,False,0.000652250018902123,0.0,0.18209213411654696,True,True,True,False
038977eaf56a4f71b4f6,multiplicity,multiplicity,2014,616738174,16,5000,0.0,0.05,rbf,median,anytime,bonferroni,3,10,False,UNRESOLVED,5000,True,False,False,0.0004930419963784516,0.0,0.18209213411654696,True,True,True,False
1ade26a86d095e184a98,multiplicity,multiplicity,2015,930082355,16,5000,0.0,0.05,rbf,median,anytime,bonferroni,3,10,False,UNRESOLVED,5000,True,False,False,0.00047795800492167473,0.0,0.18209213411654696,True,True,True,False
914a950a4637fdee4416,multiplicity,multiplicity,2016,1099944778,16,5000,0.0,0.05,rbf,median,anytime,bonferroni,3,10,False,UNRESOLVED,5000,True,False,False,0.00047450000420212746,0.0,0.18209213411654696,True,True,True,False
6222d7c52d545ae75310,multiplicity,multiplicity,2017,609992570,16,5000,0.0,0.05,rbf,median,anytime,bonferroni,3,10,False,UNRESOLVED,5000,True,False,False,0.0004930840223096311,0.0,0.18209213411654696,True,True,True,False
41f698a7ff54bb2ab7ed,multiplicity,multiplicity,2018,1163887816,16,5000,0.0,0.05,rbf,median,anytime,bonferroni,3,10,False,UNRESOLVED,5000,True,False,False,0.000486832985188812,0.0,0.18209213411654696,True,True,True,False
ae70db62f3455b89a72e,multiplicity,multiplicity,2019,1289330677,16,5000,0.0,0.05,rbf,median,anytime,bonferroni,3,10,False,UNRESOLVED,5000,True,False,False,0.0004137909854762256,0.0,0.18209213411654696,True,True,True,False
50898870a8b59b342af0,multiplicity,multiplicity,2020,1366023925,16,5000,0.0,0.05,rbf,median,anytime,bonferroni,3,10,False,UNRESOLVED,5000,True,False,False,0.0004098750068806112,0.0,0.18209213411654696,True,True,True,False
52c18a5fcb1a4733536b,multiplicity,multiplicity,2021,951086804,16,5000,0.0,0.05,rbf,median,anytime,bonferroni,3,10,False,UNRESOLVED,5000,True,False,False,0.0004004579968750477,0.0,0.18209213411654696,True,True,True,False
4612dbd0d6c260dd6cf9,multiplicity,multiplicity,2022,3935354018,16,5000,0.0,0.05,rbf,median,anytime,bonferroni,3,10,False,UNRESOLVED,5000,True,False,False,0.00039904098957777023,0.0,0.18209213411654696,True,True,True,False
ef4b17c857cf44210e27,multiplicity,multiplicity,2023,2466056273,16,5000,0.0,0.05,rbf,median,anytime,bonferroni,3,10,False,UNRESOLVED,5000,True,False,False,0.00039654201827943325,0.0,0.18209213411654696,True,True,True,False
0c1e74d9d1ecffe47835,multiplicity,multiplicity,2024,1146557097,16,5000,0.0,0.05,rbf,median,anytime,bonferroni,3,10,False,UNRESOLVED,5000,True,False,False,0.0004016670281998813,0.0,0.18209213411654696,True,True,True,False
5e9a1567daf931afacc9,multiplicity,multiplicity,2025,221172853,16,5000,0.0,0.05,rbf,median,anytime,bonferroni,3,10,False,UNRESOLVED,5000,True,False,False,0.0003981250338256359,0.0,0.18209213411654696,True,True,True,False
1fdca2cd1e9366143ed5,multiplicity,multiplicity,2026,3693462652,16,5000,0.0,0.05,rbf,median,anytime,bonferroni,3,10,False,UNRESOLVED,5000,True,False,False,0.0003970409743487835,0.0,0.18209213411654696,True,True,True,False
eaeb9b7bf9a5aca9a7e7,multiplicity,multiplicity,2027,3437572902,16,5000,0.0,0.05,rbf,median,anytime,bonferroni,3,10,False,UNRESOLVED,5000,True,False,False,0.0003951660473830998,0.0,0.18209213411654696,True,True,True,False
133a96dc00cedcea8ce2,multiplicity,multiplicity,2028,3231918995,16,5000,0.0,0.05,rbf,median,anytime,bonferroni,3,10,False,UNRESOLVED,5000,True,False,False,0.00039841601392254233,0.0,0.18209213411654696,True,True,True,False
50fd2952333a88bd0b6f,multiplicity,multiplicity,2029,926469992,16,5000,0.0,0.05,rbf,median,anytime,bonferroni,3,10,False,UNRESOLVED,5000,True,False,False,0.00039608299266546965,0.0,0.18209213411654696,True,True,True,False
3ddfbbd10d55b88f7cfa,multiplicity,multiplicity,2030,4230097489,16,5000,0.0,0.05,rbf,median,anytime,bonferroni,3,10,False,UNRESOLVED,5000,True,False,False,0.0003986669471487403,0.0,0.18209213411654696,True,True,True,False
cbd05be04af247fc3bce,multiplicity,multiplicity,2031,391500841,16,5000,0.0,0.05,rbf,median,anytime,bonferroni,3,10,False,UNRESOLVED,5000,True,False,False,0.0003956669825129211,0.0,0.18209213411654696,True,True,True,False
e29e78759aa30ff95c6d,multiplicity,multiplicity,2032,1108148060,16,5000,0.0,0.05,rbf,median,anytime,bonferroni,3,10,False,UNRESOLVED,5000,True,False,False,0.00039249996189028025,0.0,0.18209213411654696,True,True,True,False
1637a9731a33840884e7,multiplicity,multiplicity,2033,1790893025,16,5000,0.0,0.05,rbf,median,anytime,bonferroni,3,10,False,UNRESOLVED,5000,True,False,False,0.0003422920126467943,0.0,0.18209213411654696,True,True,True,False
d3302cfc5277345a59e4,multiplicity,multiplicity,2034,3130242112,16,5000,0.0,0.05,rbf,median,anytime,bonferroni,3,10,False,UNRESOLVED,5000,True,False,False,0.0003392500220797956,0.0,0.18209213411654696,True,True,True,False
38bf9077b8a8aab697ba,multiplicity,multiplicity,2035,2204672779,16,5000,0.0,0.05,rbf,median,anytime,bonferroni,3,10,False,UNRESOLVED,5000,True,False,False,0.00034187501296401024,0.0,0.18209213411654696,True,True,True,False
fc538935bed641256de8,multiplicity,multiplicity,2036,606230094,16,5000,0.0,0.05,rbf,median,anytime,bonferroni,3,10,False,UNRESOLVED,5000,True,False,False,0.0003442909801378846,0.0,0.18209213411654696,True,True,True,False
ba4f6b9376acfcde02c9,multiplicity,multiplicity,2037,2756895625,16,5000,0.0,0.05,rbf,median,anytime,bonferroni,3,10,False,UNRESOLVED,5000,True,False,False,0.0003414170350879431,0.0,0.18209213411654696,True,True,True,False
919a3bae3f07228484d7,multiplicity,multiplicity,2038,1159036905,16,5000,0.0,0.05,rbf,median,anytime,bonferroni,3,10,False,UNRESOLVED,5000,True,False,False,0.0003415420069359243,0.0,0.18209213411654696,True,True,True,False
d14990010080b8ba1d14,multiplicity,multiplicity,2039,2322796937,16,5000,0.0,0.05,rbf,median,anytime,bonferroni,3,10,False,UNRESOLVED,5000,True,False,False,0.00034020800376310945,0.0,0.18209213411654696,True,True,True,False
9db42b06ee3147b76343,multiplicity,multiplicity,2040,1547910766,16,5000,0.0,0.05,rbf,median,anytime,bonferroni,3,10,False,UNRESOLVED,5000,True,False,False,0.0003446249756962061,0.0,0.18209213411654696,True,True,True,False
644a552c0b1bc1fbd974,multiplicity,multiplicity,2041,1363630396,16,5000,0.0,0.05,rbf,median,anytime,bonferroni,3,10,False,UNRESOLVED,5000,True,False,False,0.00034012499963864684,0.0,0.18209213411654696,True,True,True,False
8094f779d024fb115ff9,multiplicity,multiplicity,2042,2003135910,16,5000,0.0,0.05,rbf,median,anytime,bonferroni,3,10,False,UNRESOLVED,5000,True,False,False,0.0003412910155020654,0.0,0.18209213411654696,True,True,True,False
7741e59743c5c9b5f20c,multiplicity,multiplicity,2043,2323043440,16,5000,0.0,0.05,rbf,median,anytime,bonferroni,3,10,False,UNRESOLVED,5000,True,False,False,0.00034004199551418424,0.0,0.18209213411654696,True,True,True,False
f91377dc4fabe0d8e7ea,multiplicity,multiplicity,2044,1369636409,16,5000,0.0,0.05,rbf,median,anytime,bonferroni,3,10,False,UNRESOLVED,5000,True,False,False,0.0003440420259721577,0.0,0.18209213411654696,True,True,True,False
f4f914b8cd8599e722ea,multiplicity,multiplicity,2045,1738569425,16,5000,0.0,0.05,rbf,median,anytime,bonferroni,3,10,False,UNRESOLVED,5000,True,False,False,0.0003405419993214309,0.0,0.18209213411654696,True,True,True,False
79e0ddf92df2a9d30078,multiplicity,multiplicity,2046,262701621,16,5000,0.0,0.05,rbf,median,anytime,bonferroni,3,10,False,UNRESOLVED,5000,True,False,False,0.00033958395943045616,0.0,0.18209213411654696,True,True,True,False
32ca0b6c9abb88fbb7d4,multiplicity,multiplicity,2047,3804065026,16,5000,0.0,0.05,rbf,median,anytime,bonferroni,3,10,False,UNRESOLVED,5000,True,False,False,0.00034058396704494953,0.0,0.18209213411654696,True,True,True,False
527d650f9b9a56c220c9,multiplicity,multiplicity,2048,3228809784,16,5000,0.0,0.05,rbf,median,anytime,bonferroni,3,10,False,UNRESOLVED,5000,True,False,False,0.0003446659538894892,0.0,0.18209213411654696,True,True,True,False
c5dd5749b86c56a2b5ad,multiplicity,multiplicity,2049,3987881659,16,5000,0.0,0.05,rbf,median,anytime,bonferroni,3,10,False,UNRESOLVED,5000,True,False,False,0.00034024997148662806,0.0,0.18209213411654696,True,True,True,False
764dcf1be20c8a3d98a1,multiplicity,multiplicity,2050,4059686809,16,5000,0.0,0.05,rbf,median,anytime,bonferroni,3,10,False,UNRESOLVED,5000,True,False,False,0.00034008303191512823,0.0,0.18209213411654696,True,True,True,False
a194080999dc0cf90380,multiplicity,multiplicity,2051,2411293945,16,5000,0.0,0.05,rbf,median,anytime,bonferroni,3,10,False,UNRESOLVED,5000,True,False,False,0.00034066702937707305,0.0,0.18209213411654696,True,True,True,False
a5558f95c616599d6fd2,multiplicity,multiplicity,2052,491111302,16,5000,0.0,0.05,rbf,median,anytime,bonferroni,3,10,False,UNRESOLVED,5000,True,False,False,0.00034366699401289225,0.0,0.18209213411654696,True,True,True,False
70d0c3fece530a49d8d3,multiplicity,multiplicity,2053,256146225,16,5000,0.0,0.05,rbf,median,anytime,bonferroni,3,10,False,UNRESOLVED,5000,True,False,False,0.0003410420031286776,0.0,0.18209213411654696,True,True,True,False
aa622e00c8f865531b87,multiplicity,multiplicity,2054,2644786893,16,5000,0.0,0.05,rbf,median,anytime,bonferroni,3,10,False,UNRESOLVED,5000,True,False,False,0.00033974996767938137,0.0,0.18209213411654696,True,True,True,False
93c352eaa7035ea63122,multiplicity,multiplicity,2055,4232904592,16,5000,0.0,0.05,rbf,median,anytime,bonferroni,3,10,False,UNRESOLVED,5000,True,False,False,0.0003393749939277768,0.0,0.18209213411654696,True,True,True,False
3879fa8a640c5badb3c2,multiplicity,multiplicity,2056,1837962950,16,5000,0.0,0.05,rbf,median,anytime,bonferroni,3,10,False,UNRESOLVED,5000,True,False,False,0.00034316699020564556,0.0,0.18209213411654696,True,True,True,False
4041b1474b678ccdd941,multiplicity,multiplicity,2057,2553739813,16,5000,0.0,0.05,rbf,median,anytime,bonferroni,3,10,False,UNRESOLVED,5000,True,False,False,0.0003393330262042582,0.0,0.18209213411654696,True,True,True,False
7c0a94e4a03cd66983b6,multiplicity,multiplicity,2058,3276843417,16,5000,0.0,0.05,rbf,median,anytime,bonferroni,3,10,False,UNRESOLVED,5000,True,False,False,0.0003412080113776028,0.0,0.18209213411654696,True,True,True,False
c2a46cb5d200a1a1719e,multiplicity,multiplicity,2059,2572002583,16,5000,0.0,0.05,rbf,median,anytime,bonferroni,3,10,False,UNRESOLVED,5000,True,False,False,0.00034066697116941214,0.0,0.18209213411654696,True,True,True,False
387951c7e816798a850a,multiplicity,multiplicity,2060,3395373304,16,5000,0.0,0.05,rbf,median,anytime,bonferroni,3,10,False,UNRESOLVED,5000,True,False,False,0.00034454098204150796,0.0,0.18209213411654696,True,True,True,False
110abce875fbca8fa3c2,multiplicity,multiplicity,2061,161650815,16,5000,0.0,0.05,rbf,median,anytime,bonferroni,3,10,False,UNRESOLVED,5000,True,False,False,0.0003409170312806964,0.0,0.18209213411654696,True,True,True,False
35acf6da53c5f93968ce,multiplicity,multiplicity,2062,493730738,16,5000,0.0,0.05,rbf,median,anytime,bonferroni,3,10,False,UNRESOLVED,5000,True,False,False,0.00034016702556982636,0.0,0.18209213411654696,True,True,True,False
9b1f019bad4ac974701d,multiplicity,multiplicity,2063,2479369631,16,5000,0.0,0.05,rbf,median,anytime,bonferroni,3,10,False,UNRESOLVED,5000,True,False,False,0.0003400829737074673,0.0,0.18209213411654696,True,True,True,False
f88dee3b1b4df165192a,multiplicity,multiplicity,2064,627881879,16,5000,0.0,0.05,rbf,median,anytime,bonferroni,3,10,False,UNRESOLVED,5000,True,False,False,0.0003447080380283296,0.0,0.18209213411654696,True,True,True,False
ff1a902305c3373a50ac,multiplicity,multiplicity,2065,2333974956,16,5000,0.0,0.05,rbf,median,anytime,bonferroni,3,10,False,UNRESOLVED,5000,True,False,False,0.000341000035405159,0.0,0.18209213411654696,True,True,True,False
794a9c324637b8d03798,multiplicity,multiplicity,2066,2277439060,16,5000,0.0,0.05,rbf,median,anytime,bonferroni,3,10,False,UNRESOLVED,5000,True,False,False,0.00039604195626452565,0.0,0.18209213411654696,True,True,True,False
7861efe9434ed44980f4,multiplicity,multiplicity,2067,536807667,16,5000,0.0,0.05,rbf,median,anytime,bonferroni,3,10,False,UNRESOLVED,5000,True,False,False,0.000396291958168149,0.0,0.18209213411654696,True,True,True,False
a943efa2934ec5c8462a,multiplicity,multiplicity,2068,235172329,16,5000,0.0,0.05,rbf,median,anytime,bonferroni,3,10,False,UNRESOLVED,5000,True,False,False,0.0003990840050391853,0.0,0.18209213411654696,True,True,True,False
415cefad4b9c3215e63c,multiplicity,multiplicity,2069,306506160,16,5000,0.0,0.05,rbf,median,anytime,bonferroni,3,10,False,UNRESOLVED,5000,True,False,False,0.000395291019231081,0.0,0.18209213411654696,True,True,True,False
52053dcef964bde0b283,multiplicity,multiplicity,2070,1055330243,16,5000,0.0,0.05,rbf,median,anytime,bonferroni,3,10,False,UNRESOLVED,5000,True,False,False,0.00039679103065282106,0.0,0.18209213411654696,True,True,True,False
c25922b19e9bab6e47f9,multiplicity,multiplicity,2071,697683654,16,5000,0.0,0.05,rbf,median,anytime,bonferroni,3,10,False,UNRESOLVED,5000,True,False,False,0.0003939999733120203,0.0,0.18209213411654696,True,True,True,False
a78692192580aeef9fdb,multiplicity,multiplicity,2072,3004619314,16,5000,0.0,0.05,rbf,median,anytime,bonferroni,3,10,False,UNRESOLVED,5000,True,False,False,0.0003977909800596535,0.0,0.18209213411654696,True,True,True,False
16d0ec1eee8daab68c34,multiplicity,multiplicity,2073,1977867310,16,5000,0.0,0.05,rbf,median,anytime,bonferroni,3,10,False,UNRESOLVED,5000,True,False,False,0.0003945839707739651,0.0,0.18209213411654696,True,True,True,False
ef7fabef6f682c45326f,multiplicity,multiplicity,2074,923365534,16,5000,0.0,0.05,rbf,median,anytime,bonferroni,3,10,False,UNRESOLVED,5000,True,False,False,0.00039483298314735293,0.0,0.18209213411654696,True,True,True,False
467d94c49bae247ee388,multiplicity,multiplicity,2075,4244003043,16,5000,0.0,0.05,rbf,median,anytime,bonferroni,3,10,False,UNRESOLVED,5000,True,False,False,0.00039433297934010625,0.0,0.18209213411654696,True,True,True,False
14f7a96f9c73430f97f4,multiplicity,multiplicity,2076,3858169651,16,5000,0.0,0.05,rbf,median,anytime,bonferroni,3,10,False,UNRESOLVED,5000,True,False,False,0.00040012504905462265,0.0,0.18209213411654696,True,True,True,False
e94cd8dab70b9666c6b0,multiplicity,multiplicity,2077,4076463892,16,5000,0.0,0.05,rbf,median,anytime,bonferroni,3,10,False,UNRESOLVED,5000,True,False,False,0.00039604102494195104,0.0,0.18209213411654696,True,True,True,False
cd35f98d1f98132b4f92,multiplicity,multiplicity,2078,3978473582,16,5000,0.0,0.05,rbf,median,anytime,bonferroni,3,10,False,UNRESOLVED,5000,True,False,False,0.0003965410287491977,0.0,0.18209213411654696,True,True,True,False
494c85d78697898241cc,multiplicity,multiplicity,2079,3955123040,16,5000,0.0,0.05,rbf,median,anytime,bonferroni,3,10,False,UNRESOLVED,5000,True,False,False,0.0003950839745812118,0.0,0.18209213411654696,True,True,True,False
3269202d0b90ff515163,multiplicity,multiplicity,2080,3251232569,16,5000,0.0,0.05,rbf,median,anytime,bonferroni,3,10,False,UNRESOLVED,5000,True,False,False,0.00039741600630804896,0.0,0.18209213411654696,True,True,True,False
5a6824d0636f61400bd8,multiplicity,multiplicity,2081,526105685,16,5000,0.0,0.05,rbf,median,anytime,bonferroni,3,10,False,UNRESOLVED,5000,True,False,False,0.0003939169691875577,0.0,0.18209213411654696,True,True,True,False
f9fe72f724798a62b4a1,multiplicity,multiplicity,2082,502505499,16,5000,0.0,0.05,rbf,median,anytime,bonferroni,3,10,False,UNRESOLVED,5000,True,False,False,0.00039429200114682317,0.0,0.18209213411654696,True,True,True,False
3b252293a09e042c6828,multiplicity,multiplicity,2083,787067314,16,5000,0.0,0.05,rbf,median,anytime,bonferroni,3,10,False,UNRESOLVED,5000,True,False,False,0.00039416702929884195,0.0,0.18209213411654696,True,True,True,False
53a93ca679250fa8c586,multiplicity,multiplicity,2084,1639803646,16,5000,0.0,0.05,rbf,median,anytime,bonferroni,3,10,False,UNRESOLVED,5000,True,False,False,0.0003974169958382845,0.0,0.18209213411654696,True,True,True,False
9999e4427ef5d0e25f9c,multiplicity,multiplicity,2085,2688759986,16,5000,0.0,0.05,rbf,median,anytime,bonferroni,3,10,False,UNRESOLVED,5000,True,False,False,0.000394499977119267,0.0,0.18209213411654696,True,True,True,False
d21c033746a5f1f7a3b7,multiplicity,multiplicity,2086,3019931435,16,5000,0.0,0.05,rbf,median,anytime,bonferroni,3,10,False,UNRESOLVED,5000,True,False,False,0.000396332994569093,0.0,0.18209213411654696,True,True,True,False
10a303eb91bb279ff824,multiplicity,multiplicity,2087,3645465111,16,5000,0.0,0.05,rbf,median,anytime,bonferroni,3,10,False,UNRESOLVED,5000,True,False,False,0.0003946659853681922,0.0,0.18209213411654696,True,True,True,False
093f09b4b06bd8e068ad,multiplicity,multiplicity,2088,872872113,16,5000,0.0,0.05,rbf,median,anytime,bonferroni,3,10,False,UNRESOLVED,5000,True,False,False,0.0003974579740315676,0.0,0.18209213411654696,True,True,True,False
9a5f735ec14ebf1c4fbc,multiplicity,multiplicity,2089,4248816958,16,5000,0.0,0.05,rbf,median,anytime,bonferroni,3,10,False,UNRESOLVED,5000,True,False,False,0.00039291696157306433,0.0,0.18209213411654696,True,True,True,False
7417cc81c5de13084f05,multiplicity,multiplicity,2090,2809770919,16,5000,0.0,0.05,rbf,median,anytime,bonferroni,3,10,False,UNRESOLVED,5000,True,False,False,0.00039587501669302583,0.0,0.18209213411654696,True,True,True,False
a27e80654f07b07f7a40,multiplicity,multiplicity,2091,426913614,16,5000,0.0,0.05,rbf,median,anytime,bonferroni,3,10,False,UNRESOLVED,5000,True,False,False,0.0003945420030504465,0.0,0.18209213411654696,True,True,True,False
1956f968d6f5a89db2cb,multiplicity,multiplicity,2092,1644585608,16,5000,0.0,0.05,rbf,median,anytime,bonferroni,3,10,False,UNRESOLVED,5000,True,False,False,0.00039770902367308736,0.0,0.18209213411654696,True,True,True,False
654a3aed2fd5260e101f,multiplicity,multiplicity,2093,1327323111,16,5000,0.0,0.05,rbf,median,anytime,bonferroni,3,10,False,UNRESOLVED,5000,True,False,False,0.00039595802081748843,0.0,0.18209213411654696,True,True,True,False
d78f8dc504b6df07eb6c,multiplicity,multiplicity,2094,1951833723,16,5000,0.0,0.05,rbf,median,anytime,bonferroni,3,10,False,UNRESOLVED,5000,True,False,False,0.00039787497371435165,0.0,0.18209213411654696,True,True,True,False
a570d0137136911ec14e,multiplicity,multiplicity,2095,2097731955,16,5000,0.0,0.05,rbf,median,anytime,bonferroni,3,10,False,UNRESOLVED,5000,True,False,False,0.00039441598346456885,0.0,0.18209213411654696,True,True,True,False
da81a5cb3e0f5d453a64,multiplicity,multiplicity,2096,2844090680,16,5000,0.0,0.05,rbf,median,anytime,bonferroni,3,10,False,UNRESOLVED,5000,True,False,False,0.0004082919913344085,0.0,0.18209213411654696,True,True,True,False
a04f02391c074890d126,multiplicity,multiplicity,2097,3631567719,16,5000,0.0,0.05,rbf,median,anytime,bonferroni,3,10,False,UNRESOLVED,5000,True,False,False,0.0003968329983763397,0.0,0.18209213411654696,True,True,True,False
44375e9653d1f038c3c0,multiplicity,multiplicity,2098,1983142161,16,5000,0.0,0.05,rbf,median,anytime,bonferroni,3,10,False,UNRESOLVED,5000,True,False,False,0.00040933297714218497,0.0,0.18209213411654696,True,True,True,False
d7f58a5a2f147883ddda,multiplicity,multiplicity,2099,3080233775,16,5000,0.0,0.05,rbf,median,anytime,bonferroni,3,10,False,UNRESOLVED,5000,True,False,False,0.000396291958168149,0.0,0.18209213411654696,True,True,True,False
31329cdb942927d18899,multiplicity,multiplicity,2100,3666247016,16,5000,0.0,0.05,rbf,median,anytime,bonferroni,3,10,False,UNRESOLVED,5000,True,False,False,0.00039670802652835846,0.0,0.18209213411654696,True,True,True,False
c7b625ca5b10907a6b23,multiplicity,multiplicity,2101,292371694,16,5000,0.0,0.05,rbf,median,anytime,bonferroni,3,10,False,UNRESOLVED,5000,True,False,False,0.0003969579702243209,0.0,0.18209213411654696,True,True,True,False
daccd91730b825c67248,multiplicity,multiplicity,2102,1151825452,16,5000,0.0,0.05,rbf,median,anytime,bonferroni,3,10,False,UNRESOLVED,5000,True,False,False,0.0003950000391341746,0.0,0.18209213411654696,True,True,True,False
830d19aaedb127ea7a0a,multiplicity,multiplicity,2103,2742410969,16,5000,0.0,0.05,rbf,median,anytime,bonferroni,3,10,False,UNRESOLVED,5000,True,False,False,0.00039491697680205107,0.0,0.18209213411654696,True,True,True,False
8767d31f86416e7ce7a5,multiplicity,multiplicity,2104,2241191597,16,5000,0.0,0.05,rbf,median,anytime,bonferroni,3,10,False,UNRESOLVED,5000,True,False,False,0.0004001659690402448,0.0,0.18209213411654696,True,True,True,False
2543499e0242b247f4ba,multiplicity,multiplicity,2105,590079691,16,5000,0.0,0.05,rbf,median,anytime,bonferroni,3,10,False,UNRESOLVED,5000,True,False,False,0.00039666699012741446,0.0,0.18209213411654696,True,True,True,False
65f043e1e10dc5aa32fb,multiplicity,multiplicity,2106,1012379459,16,5000,0.0,0.05,rbf,median,anytime,bonferroni,3,10,False,UNRESOLVED,5000,True,False,False,0.0003958329907618463,0.0,0.18209213411654696,True,True,True,False
1d6c86c8833ce34923d8,multiplicity,multiplicity,2107,2086305516,16,5000,0.0,0.05,rbf,median,anytime,bonferroni,3,10,False,UNRESOLVED,5000,True,False,False,0.0003968750243075192,0.0,0.18209213411654696,True,True,True,False
db5eb306bcf820dec437,multiplicity,multiplicity,2108,2890096812,16,5000,0.0,0.05,rbf,median,anytime,bonferroni,3,10,False,UNRESOLVED,5000,True,False,False,0.00039820896927267313,0.0,0.18209213411654696,True,True,True,False
a564f56b9ff7a89a51d3,multiplicity,multiplicity,2109,2500564916,16,5000,0.0,0.05,rbf,median,anytime,bonferroni,3,10,False,UNRESOLVED,5000,True,False,False,0.0003948340308852494,0.0,0.18209213411654696,True,True,True,False
84c37d48ee38a84f3dee,multiplicity,multiplicity,2110,910403278,16,5000,0.0,0.05,rbf,median,anytime,bonferroni,3,10,False,UNRESOLVED,5000,True,False,False,0.0005780829815194011,0.0,0.18209213411654696,True,True,True,False
3c5f60cc67e234ead6a3,multiplicity,multiplicity,2111,2055200364,16,5000,0.0,0.05,rbf,median,anytime,bonferroni,3,10,False,UNRESOLVED,5000,True,False,False,0.0005635000416077673,0.0,0.18209213411654696,True,True,True,False
7c7567f8fd680d7b6247,multiplicity,multiplicity,2112,3405398120,16,5000,0.0,0.05,rbf,median,anytime,bonferroni,3,10,False,UNRESOLVED,5000,True,False,False,0.0004919169587083161,0.0,0.18209213411654696,True,True,True,False
902c9234b43dfb91ff0f,multiplicity,multiplicity,2113,338290321,16,5000,0.0,0.05,rbf,median,anytime,bonferroni,3,10,False,UNRESOLVED,5000,True,False,False,0.0004800829919986427,0.0,0.18209213411654696,True,True,True,False
6e26984de5ab2c53736b,multiplicity,multiplicity,2114,2520033018,16,5000,0.0,0.05,rbf,median,anytime,bonferroni,3,10,False,UNRESOLVED,5000,True,False,False,0.0004782920004799962,0.0,0.18209213411654696,True,True,True,False
82d282988a31b45560eb,multiplicity,multiplicity,2115,3264242154,16,5000,0.0,0.05,rbf,median,anytime,bonferroni,3,10,False,UNRESOLVED,5000,True,False,False,0.0004764999612234533,0.0,0.18209213411654696,True,True,True,False
a55b992f46d5a6d428a5,multiplicity,multiplicity,2116,88582020,16,5000,0.0,0.05,rbf,median,anytime,bonferroni,3,10,False,UNRESOLVED,5000,True,False,False,0.00047795800492167473,0.0,0.18209213411654696,True,True,True,False
2279dd9d5e054ebc27ee,multiplicity,multiplicity,2117,2651529945,16,5000,0.0,0.05,rbf,median,anytime,bonferroni,3,10,False,UNRESOLVED,5000,True,False,False,0.00047504197573289275,0.0,0.18209213411654696,True,True,True,False
28c3ca304b3a23e89616,multiplicity,multiplicity,2118,346215727,16,5000,0.0,0.05,rbf,median,anytime,bonferroni,3,10,False,UNRESOLVED,5000,True,False,False,0.00047529098810628057,0.0,0.18209213411654696,True,True,True,False
4f45e1895686aa234813,multiplicity,multiplicity,2119,4079949517,16,5000,0.0,0.05,rbf,median,anytime,bonferroni,3,10,False,UNRESOLVED,5000,True,False,False,0.0004729999927803874,0.0,0.18209213411654696,True,True,True,False
8e511871bc62692248e7,multiplicity,multiplicity,2120,402474913,16,5000,0.0,0.05,rbf,median,anytime,bonferroni,3,10,False,UNRESOLVED,5000,True,False,False,0.0004757090355269611,0.0,0.18209213411654696,True,True,True,False
24e7dee277ca98244c4f,multiplicity,multiplicity,2121,744399159,16,5000,0.0,0.05,rbf,median,anytime,bonferroni,3,10,False,UNRESOLVED,5000,True,False,False,0.00047083303797990084,0.0,0.18209213411654696,True,True,True,False
09c7c8c920583228782c,multiplicity,multiplicity,2122,3691731278,16,5000,0.0,0.05,rbf,median,anytime,bonferroni,3,10,False,UNRESOLVED,5000,True,False,False,0.0004727920168079436,0.0,0.18209213411654696,True,True,True,False
b4ab71a5c500f4a77216,multiplicity,multiplicity,2123,951185274,16,5000,0.0,0.05,rbf,median,anytime,bonferroni,3,10,False,UNRESOLVED,5000,True,False,False,0.00047083303797990084,0.0,0.18209213411654696,True,True,True,False
e3402586eb23947ee2ee,multiplicity,multiplicity,2124,2826080807,16,5000,0.0,0.05,rbf,median,anytime,bonferroni,3,10,False,UNRESOLVED,5000,True,False,False,0.0004936249461025,0.0,0.18209213411654696,True,True,True,False
aa46a943d1c0dc76cdfa,multiplicity,multiplicity,2125,112095948,16,5000,0.0,0.05,rbf,median,anytime,bonferroni,3,10,False,UNRESOLVED,5000,True,False,False,0.0004809160018339753,0.0,0.18209213411654696,True,True,True,False
eba1b04070cb2b94885e,multiplicity,multiplicity,2126,1473734119,16,5000,0.0,0.05,rbf,median,anytime,bonferroni,3,10,False,UNRESOLVED,5000,True,False,False,0.0004777089925482869,0.0,0.18209213411654696,True,True,True,False
580ba79e2f0d2f9083e0,multiplicity,multiplicity,2127,1041517175,16,5000,0.0,0.05,rbf,median,anytime,bonferroni,3,10,False,UNRESOLVED,5000,True,False,False,0.0005139579880051315,0.0,0.18209213411654696,True,True,True,False
c1c4060271e5634a2a8e,multiplicity,multiplicity,2128,3964489792,16,5000,0.0,0.05,rbf,median,anytime,bonferroni,3,10,False,UNRESOLVED,5000,True,False,False,0.0010343749891035259,0.0,0.18209213411654696,True,True,True,False
2abf32ad14b3d5512cc1,multiplicity,multiplicity,2129,1112802993,16,5000,0.0,0.05,rbf,median,anytime,bonferroni,3,10,False,UNRESOLVED,5000,True,False,False,0.0005970829515717924,0.0,0.18209213411654696,True,True,True,False
ea51656431ff56117a81,multiplicity,multiplicity,2130,2365170701,16,5000,0.0,0.05,rbf,median,anytime,bonferroni,3,10,False,UNRESOLVED,5000,True,False,False,0.0005062500131316483,0.0,0.18209213411654696,True,True,True,False
6e03949b015276264a75,multiplicity,multiplicity,2131,1102904860,16,5000,0.0,0.05,rbf,median,anytime,bonferroni,3,10,False,UNRESOLVED,5000,True,False,False,0.0005037499940954149,0.0,0.18209213411654696,True,True,True,False
2a260a98513cc435b287,multiplicity,multiplicity,2132,475400600,16,5000,0.0,0.05,rbf,median,anytime,bonferroni,3,10,False,UNRESOLVED,5000,True,False,False,0.00048474996583536267,0.0,0.18209213411654696,True,True,True,False
ef1b401c56f2a3ede2b1,multiplicity,multiplicity,2133,2470715381,16,5000,0.0,0.05,rbf,median,anytime,bonferroni,3,10,False,UNRESOLVED,5000,True,False,False,0.0004887499962933362,0.0,0.18209213411654696,True,True,True,False
6a447c30c1cef7b2428e,multiplicity,multiplicity,2134,3061277958,16,5000,0.0,0.05,rbf,median,anytime,bonferroni,3,10,False,UNRESOLVED,5000,True,False,False,0.00048404198605567217,0.0,0.18209213411654696,True,True,True,False
28b27cc1788128c090d3,multiplicity,multiplicity,2135,682059277,16,5000,0.0,0.05,rbf,median,anytime,bonferroni,3,10,False,UNRESOLVED,5000,True,False,False,0.0004735839902423322,0.0,0.18209213411654696,True,True,True,False
5573ecd0a1d465fbd107,multiplicity,multiplicity,2136,1457529387,16,5000,0.0,0.05,rbf,median,anytime,bonferroni,3,10,False,UNRESOLVED,5000,True,False,False,0.00047333299880847335,0.0,0.18209213411654696,True,True,True,False
d0248d825b27c0dfb6fa,multiplicity,multiplicity,2137,2468881250,16,5000,0.0,0.05,rbf,median,anytime,bonferroni,3,10,False,UNRESOLVED,5000,True,False,False,0.00047208397882059216,0.0,0.18209213411654696,True,True,True,False
d1bf2000f91284ca0357,multiplicity,multiplicity,2138,3808753252,16,5000,0.0,0.05,rbf,median,anytime,bonferroni,3,10,False,UNRESOLVED,5000,True,False,False,0.0004778750007972121,0.0,0.18209213411654696,True,True,True,False
7aaae7cdcda09fa555d7,multiplicity,multiplicity,2139,4153628417,16,5000,0.0,0.05,rbf,median,anytime,bonferroni,3,10,False,UNRESOLVED,5000,True,False,False,0.0004734169924631715,0.0,0.18209213411654696,True,True,True,False
28f516286c72c41f71e9,multiplicity,multiplicity,2140,826434112,16,5000,0.0,0.05,rbf,median,anytime,bonferroni,3,10,False,UNRESOLVED,5000,True,False,False,0.0004728750209324062,0.0,0.18209213411654696,True,True,True,False
21da86bf4664ab02de51,multiplicity,multiplicity,2141,1578244495,16,5000,0.0,0.05,rbf,median,anytime,bonferroni,3,10,False,UNRESOLVED,5000,True,False,False,0.0005164169706404209,0.0,0.18209213411654696,True,True,True,False
711dcfd46f675345d630,multiplicity,multiplicity,2142,1977206654,16,5000,0.0,0.05,rbf,median,anytime,bonferroni,3,10,False,UNRESOLVED,5000,True,False,False,0.0004593749763444066,0.0,0.18209213411654696,True,True,True,False
26110172ebf0b73f2853,multiplicity,multiplicity,2143,3516858013,16,5000,0.0,0.05,rbf,median,anytime,bonferroni,3,10,False,UNRESOLVED,5000,True,False,False,0.00041437504114583135,0.0,0.18209213411654696,True,True,True,False
7e536bab24b169aaf9f7,multiplicity,multiplicity,2144,3757200612,16,5000,0.0,0.05,rbf,median,anytime,bonferroni,3,10,False,UNRESOLVED,5000,True,False,False,0.0004087920533493161,0.0,0.18209213411654696,True,True,True,False
8f5225f8adc198fd20e1,multiplicity,multiplicity,2145,1608001301,16,5000,0.0,0.05,rbf,median,anytime,bonferroni,3,10,False,UNRESOLVED,5000,True,False,False,0.0004059579805471003,0.0,0.18209213411654696,True,True,True,False
297c2f98861e14ea13b6,multiplicity,multiplicity,2146,2023092353,16,5000,0.0,0.05,rbf,median,anytime,bonferroni,3,10,False,UNRESOLVED,5000,True,False,False,0.0003969579702243209,0.0,0.18209213411654696,True,True,True,False
b5c4185f1ec0e25337b9,multiplicity,multiplicity,2147,1008274600,16,5000,0.0,0.05,rbf,median,anytime,bonferroni,3,10,False,UNRESOLVED,5000,True,False,False,0.00034595903707668185,0.0,0.18209213411654696,True,True,True,False
80e0353b1fbc7d1d66ef,multiplicity,multiplicity,2148,514236675,16,5000,0.0,0.05,rbf,median,anytime,bonferroni,3,10,False,UNRESOLVED,5000,True,False,False,0.0003450840013101697,0.0,0.18209213411654696,True,True,True,False
b365e7fdd48b3632b709,multiplicity,multiplicity,2149,3600047649,16,5000,0.0,0.05,rbf,median,anytime,bonferroni,3,10,False,UNRESOLVED,5000,True,False,False,0.0003469579969532788,0.0,0.18209213411654696,True,True,True,False
ed8b597ea27fba49524d,multiplicity,multiplicity,2150,2894526240,16,5000,0.0,0.05,rbf,median,anytime,bonferroni,3,10,False,UNRESOLVED,5000,True,False,False,0.0003447079798206687,0.0,0.18209213411654696,True,True,True,False
223877279920def39784,multiplicity,multiplicity,2151,3912368909,16,5000,0.0,0.05,rbf,median,anytime,bonferroni,3,10,False,UNRESOLVED,5000,True,False,False,0.00034500000765547156,0.0,0.18209213411654696,True,True,True,False
f749cdf64b5b908d3ace,multiplicity,multiplicity,2152,1619222772,16,5000,0.0,0.05,rbf,median,anytime,bonferroni,3,10,False,UNRESOLVED,5000,True,False,False,0.00034370797220617533,0.0,0.18209213411654696,True,True,True,False
df3160665b42becc32e7,multiplicity,multiplicity,2153,3148048666,16,5000,0.0,0.05,rbf,median,anytime,bonferroni,3,10,False,UNRESOLVED,5000,True,False,False,0.0003433750243857503,0.0,0.18209213411654696,True,True,True,False
504de2b7152f19ce3f68,multiplicity,multiplicity,2154,995282233,16,5000,0.0,0.05,rbf,median,anytime,bonferroni,3,10,False,UNRESOLVED,5000,True,False,False,0.0003434999962337315,0.0,0.18209213411654696,True,True,True,False
5d6f8c93a4ac5a09e90e,multiplicity,multiplicity,2155,1128348558,16,5000,0.0,0.05,rbf,median,anytime,bonferroni,3,10,False,UNRESOLVED,5000,True,False,False,0.0003458749852143228,0.0,0.18209213411654696,True,True,True,False
afe4ec0f8196ec5f87d3,multiplicity,multiplicity,2156,608261102,16,5000,0.0,0.05,rbf,median,anytime,bonferroni,3,10,False,UNRESOLVED,5000,True,False,False,0.00034366699401289225,0.0,0.18209213411654696,True,True,True,False
73d25d17e62cf45a42df,multiplicity,multiplicity,2157,3617519318,16,5000,0.0,0.05,rbf,median,anytime,bonferroni,3,10,False,UNRESOLVED,5000,True,False,False,0.0003441250300966203,0.0,0.18209213411654696,True,True,True,False
8c8c91eb985a3d07c428,multiplicity,multiplicity,2158,3267613258,16,5000,0.0,0.05,rbf,median,anytime,bonferroni,3,10,False,UNRESOLVED,5000,True,False,False,0.0003442080342210829,0.0,0.18209213411654696,True,True,True,False
e476e7464c1dc2f1d1ed,multiplicity,multiplicity,2159,3833451263,16,5000,0.0,0.05,rbf,median,anytime,bonferroni,3,10,False,UNRESOLVED,5000,True,False,False,0.0003433339879848063,0.0,0.18209213411654696,True,True,True,False
27b4b14bda8cf9b675b5,multiplicity,multiplicity,2160,2375831953,16,5000,0.0,0.05,rbf,median,anytime,bonferroni,3,10,False,UNRESOLVED,5000,True,False,False,0.0003453749814070761,0.0,0.18209213411654696,True,True,True,False
ce020f5f13fbe8e93b62,multiplicity,multiplicity,2161,3694165571,16,5000,0.0,0.05,rbf,median,anytime,bonferroni,3,10,False,UNRESOLVED,5000,True,False,False,0.0003444169997237623,0.0,0.18209213411654696,True,True,True,False
b6207834fe0a9d800411,multiplicity,multiplicity,2162,4227540022,16,5000,0.0,0.05,rbf,median,anytime,bonferroni,3,10,False,UNRESOLVED,5000,True,False,False,0.00034425000194460154,0.0,0.18209213411654696,True,True,True,False
f43eb8abfb9722a05fac,multiplicity,multiplicity,2163,1651560069,16,5000,0.0,0.05,rbf,median,anytime,bonferroni,3,10,False,UNRESOLVED,5000,True,False,False,0.0003446660120971501,0.0,0.18209213411654696,True,True,True,False
9360c29c69f2c2d5bef5,multiplicity,multiplicity,2164,3048711471,16,5000,0.0,0.05,rbf,median,anytime,bonferroni,3,10,False,UNRESOLVED,5000,True,False,False,0.00034483399940654635,0.0,0.18209213411654696,True,True,True,False
ebb2b7c9b647ff6a7f8c,multiplicity,multiplicity,2165,56799556,16,5000,0.0,0.05,rbf,median,anytime,bonferroni,3,10,False,UNRESOLVED,5000,True,False,False,0.00034508301177993417,0.0,0.18209213411654696,True,True,True,False
5fdce9bd6893d1f43ce0,multiplicity,multiplicity,2166,1901709389,16,5000,0.0,0.05,rbf,median,anytime,bonferroni,3,10,False,UNRESOLVED,5000,True,False,False,0.00035499996738508344,0.0,0.18209213411654696,True,True,True,False
44ac05379bee9e93d207,multiplicity,multiplicity,2167,1897683927,16,5000,0.0,0.05,rbf,median,anytime,bonferroni,3,10,False,UNRESOLVED,5000,True,False,False,0.0003429169883020222,0.0,0.18209213411654696,True,True,True,False
a58b4bf6d62ccfde52b7,multiplicity,multiplicity,2168,2978168852,16,5000,0.0,0.05,rbf,median,anytime,bonferroni,3,10,False,UNRESOLVED,5000,True,False,False,0.00034491700353100896,0.0,0.18209213411654696,True,True,True,False
eacead312d49e9ee94ac,multiplicity,multiplicity,2169,4013089072,16,5000,0.0,0.05,rbf,median,anytime,bonferroni,3,10,False,UNRESOLVED,5000,True,False,False,0.00034495803993195295,0.0,0.18209213411654696,True,True,True,False
950f2f598770a0a137b8,multiplicity,multiplicity,2170,1731407127,16,5000,0.0,0.05,rbf,median,anytime,bonferroni,3,10,False,UNRESOLVED,5000,True,False,False,0.000343457970302552,0.0,0.18209213411654696,True,True,True,False
731205a4185db1bf51dd,multiplicity,multiplicity,2171,691719564,16,5000,0.0,0.05,rbf,median,anytime,bonferroni,3,10,False,UNRESOLVED,5000,True,False,False,0.0003441660082899034,0.0,0.18209213411654696,True,True,True,False
8670395d33baaebb0699,multiplicity,multiplicity,2172,1759854096,16,5000,0.0,0.05,rbf,median,anytime,bonferroni,3,10,False,UNRESOLVED,5000,True,False,False,0.0003434580285102129,0.0,0.18209213411654696,True,True,True,False
09ce999048b92b255cbb,multiplicity,multiplicity,2173,798550538,16,5000,0.0,0.05,rbf,median,anytime,bonferroni,3,10,False,UNRESOLVED,5000,True,False,False,0.0003447500057518482,0.0,0.18209213411654696,True,True,True,False
c806b997e191ec059ab7,multiplicity,multiplicity,2174,2594011974,16,5000,0.0,0.05,rbf,median,anytime,bonferroni,3,10,False,UNRESOLVED,5000,True,False,False,0.0003447500057518482,0.0,0.18209213411654696,True,True,True,False
acdfdfc1ba4011316742,multiplicity,multiplicity,2175,2344146101,16,5000,0.0,0.05,rbf,median,anytime,bonferroni,3,10,False,UNRESOLVED,5000,True,False,False,0.00034387496998533607,0.0,0.18209213411654696,True,True,True,False
34a1c3c2b3b9b20c3584,multiplicity,multiplicity,2176,1522313552,16,5000,0.0,0.05,rbf,median,anytime,bonferroni,3,10,False,UNRESOLVED,5000,True,False,False,0.0003452079836279154,0.0,0.18209213411654696,True,True,True,False
484922894676e70a6131,multiplicity,multiplicity,2177,1465776433,16,5000,0.0,0.05,rbf,median,anytime,bonferroni,3,10,False,UNRESOLVED,5000,True,False,False,0.0003459580475464463,0.0,0.18209213411654696,True,True,True,False
cecc8ef1708968ef0901,multiplicity,multiplicity,2178,3572166671,16,5000,0.0,0.05,rbf,median,anytime,bonferroni,3,10,False,UNRESOLVED,5000,True,False,False,0.00034437497379258275,0.0,0.18209213411654696,True,True,True,False
0b8b8b7c05b6e90e7098,multiplicity,multiplicity,2179,1070295667,16,5000,0.0,0.05,rbf,median,anytime,bonferroni,3,10,False,UNRESOLVED,5000,True,False,False,0.0003842089790850878,0.0,0.18209213411654696,True,True,True,False
4b03c4b41c44c7b955a3,multiplicity,multiplicity,2180,961033045,16,5000,0.0,0.05,rbf,median,anytime,bonferroni,3,10,False,UNRESOLVED,5000,True,False,False,0.00039850000757724047,0.0,0.18209213411654696,True,True,True,False
0b07dcd1ccbf05f17433,multiplicity,multiplicity,2181,2235834346,16,5000,0.0,0.05,rbf,median,anytime,bonferroni,3,10,False,UNRESOLVED,5000,True,False,False,0.0004068339476361871,0.0,0.18209213411654696,True,True,True,False
d4f1ac2055ddbd387762,multiplicity,multiplicity,2182,2697117142,16,5000,0.0,0.05,rbf,median,anytime,bonferroni,3,10,False,UNRESOLVED,5000,True,False,False,0.0003992080455645919,0.0,0.18209213411654696,True,True,True,False
a9ad2883d1f4e6055810,multiplicity,multiplicity,2183,2228585283,16,5000,0.0,0.05,rbf,median,anytime,bonferroni,3,10,False,UNRESOLVED,5000,True,False,False,0.0003993749851360917,0.0,0.18209213411654696,True,True,True,False
9088606a6bab8fb20bb0,multiplicity,multiplicity,2184,2904524876,16,5000,0.0,0.05,rbf,median,anytime,bonferroni,3,10,False,UNRESOLVED,5000,True,False,False,0.00039904197910800576,0.0,0.18209213411654696,True,True,True,False
581b793dfbd7cf5a7b8c,multiplicity,multiplicity,2185,3252927264,16,5000,0.0,0.05,rbf,median,anytime,bonferroni,3,10,False,UNRESOLVED,5000,True,False,False,0.00039933400694280863,0.0,0.18209213411654696,True,True,True,False
86594dc37a6726e3b80d,multiplicity,multiplicity,2186,1478550442,16,5000,0.0,0.05,rbf,median,anytime,bonferroni,3,10,False,UNRESOLVED,5000,True,False,False,0.0003992499550804496,0.0,0.18209213411654696,True,True,True,False
1bd97279a9f6d82cf29f,multiplicity,multiplicity,2187,343115582,16,5000,0.0,0.05,rbf,median,anytime,bonferroni,3,10,False,UNRESOLVED,5000,True,False,False,0.0003976660082116723,0.0,0.18209213411654696,True,True,True,False
330236a1693f2220f645,multiplicity,multiplicity,2188,3340166646,16,5000,0.0,0.05,rbf,median,anytime,bonferroni,3,10,False,UNRESOLVED,5000,True,False,False,0.0003988330136053264,0.0,0.18209213411654696,True,True,True,False
a3a4c1661a8ce33f9a40,multiplicity,multiplicity,2189,680292545,16,5000,0.0,0.05,rbf,median,anytime,bonferroni,3,10,False,UNRESOLVED,5000,True,False,False,0.000398166012018919,0.0,0.18209213411654696,True,True,True,False
a5b83ac0575211510c6f,multiplicity,multiplicity,2190,1513939549,16,5000,0.0,0.05,rbf,median,anytime,bonferroni,3,10,False,UNRESOLVED,5000,True,False,False,0.0003981670015491545,0.0,0.18209213411654696,True,True,True,False
841c879a1caac07f2a8c,multiplicity,multiplicity,2191,287703173,16,5000,0.0,0.05,rbf,median,anytime,bonferroni,3,10,False,UNRESOLVED,5000,True,False,False,0.0004012499703094363,0.0,0.18209213411654696,True,True,True,False
342acc09f0a6910e2c48,multiplicity,multiplicity,2192,740762309,16,5000,0.0,0.05,rbf,median,anytime,bonferroni,3,10,False,UNRESOLVED,5000,True,False,False,0.0003993330174125731,0.0,0.18209213411654696,True,True,True,False
b08aaf4fc427dd22270c,multiplicity,multiplicity,2193,38803234,16,5000,0.0,0.05,rbf,median,anytime,bonferroni,3,10,False,UNRESOLVED,5000,True,False,False,0.0003976660082116723,0.0,0.18209213411654696,True,True,True,False
422c59904b261ba3e140,multiplicity,multiplicity,2194,4223347157,16,5000,0.0,0.05,rbf,median,anytime,bonferroni,3,10,False,UNRESOLVED,5000,True,False,False,0.0004009589902125299,0.0,0.18209213411654696,True,True,True,False
b1ab367fdddd1a948eb0,multiplicity,multiplicity,2195,1020594268,16,5000,0.0,0.05,rbf,median,anytime,bonferroni,3,10,False,UNRESOLVED,5000,True,False,False,0.00040087499655783176,0.0,0.18209213411654696,True,True,True,False
f9561330b048ccd45545,multiplicity,multiplicity,2196,1605069912,16,5000,0.0,0.05,rbf,median,anytime,bonferroni,3,10,False,UNRESOLVED,5000,True,False,False,0.0003988330136053264,0.0,0.18209213411654696,True,True,True,False
0e2217f49f09b67b3915,multiplicity,multiplicity,2197,4114587285,16,5000,0.0,0.05,rbf,median,anytime,bonferroni,3,10,False,UNRESOLVED,5000,True,False,False,0.0003976250300183892,0.0,0.18209213411654696,True,True,True,False
fd900ecbd9efb9162858,multiplicity,multiplicity,2198,3068893080,16,5000,0.0,0.05,rbf,median,anytime,bonferroni,3,10,False,UNRESOLVED,5000,True,False,False,0.00039795803604647517,0.0,0.18209213411654696,True,True,True,False
3747855da3571d73d679,multiplicity,multiplicity,2199,3551723637,16,5000,0.0,0.05,rbf,median,anytime,bonferroni,3,10,False,UNRESOLVED,5000,True,False,False,0.0003964999923482537,0.0,0.18209213411654696,True,True,True,False
082e0f1c9d638604e807,multiplicity,multiplicity,2200,932064009,16,5000,0.0,0.05,rbf,median,anytime,bonferroni,3,10,False,UNRESOLVED,5000,True,False,False,0.0003979169996455312,0.0,0.18209213411654696,True,True,True,False
3ae746ef0e77a98e1ef1,multiplicity,multiplicity,2201,3306523820,16,5000,0.0,0.05,rbf,median,anytime,bonferroni,3,10,False,UNRESOLVED,5000,True,False,False,0.000401041004806757,0.0,0.18209213411654696,True,True,True,False
c0158bebb102877f6d2f,multiplicity,multiplicity,2202,1988806960,16,5000,0.0,0.05,rbf,median,anytime,bonferroni,3,10,False,UNRESOLVED,5000,True,False,False,0.00039837497752159834,0.0,0.18209213411654696,True,True,True,False
3c1210362de4061c8ac7,multiplicity,multiplicity,2203,1674692958,16,5000,0.0,0.05,rbf,median,anytime,bonferroni,3,10,False,UNRESOLVED,5000,True,False,False,0.00039854104397818446,0.0,0.18209213411654696,True,True,True,False
bf764e6da251932eb66c,multiplicity,multiplicity,2204,3412743795,16,5000,0.0,0.05,rbf,median,anytime,bonferroni,3,10,False,UNRESOLVED,5000,True,False,False,0.00039912498323246837,0.0,0.18209213411654696,True,True,True,False
1e6b294034fb25d83534,multiplicity,multiplicity,2205,1408565473,16,5000,0.0,0.05,rbf,median,anytime,bonferroni,3,10,False,UNRESOLVED,5000,True,False,False,0.0003981670015491545,0.0,0.18209213411654696,True,True,True,False
e445468b0e8661fc9dc1,multiplicity,multiplicity,2206,3784945012,16,5000,0.0,0.05,rbf,median,anytime,bonferroni,3,10,False,UNRESOLVED,5000,True,False,False,0.00039900001138448715,0.0,0.18209213411654696,True,True,True,False
3b46effaaa0140d9f2c2,multiplicity,multiplicity,2207,3867498704,16,5000,0.0,0.05,rbf,median,anytime,bonferroni,3,10,False,UNRESOLVED,5000,True,False,False,0.00039737496990710497,0.0,0.18209213411654696,True,True,True,False
d2d9d939681fa09797b5,multiplicity,multiplicity,2208,1724609228,16,5000,0.0,0.05,rbf,median,anytime,bonferroni,3,10,False,UNRESOLVED,5000,True,False,False,0.0003988330136053264,0.0,0.18209213411654696,True,True,True,False
724e361e1d7809d3edef,multiplicity,multiplicity,2209,565501525,16,5000,0.0,0.05,rbf,median,anytime,bonferroni,3,10,False,UNRESOLVED,5000,True,False,False,0.00039837503572925925,0.0,0.18209213411654696,True,True,True,False
a84bba60c8f64c33843b,multiplicity,multiplicity,2210,1555646881,16,5000,0.0,0.05,rbf,median,anytime,bonferroni,3,10,False,UNRESOLVED,5000,True,False,False,0.0003986670053564012,0.0,0.18209213411654696,True,True,True,False
58b80d268c26a821bb64,multiplicity,multiplicity,2211,2791442552,16,5000,0.0,0.05,rbf,median,anytime,bonferroni,3,10,False,UNRESOLVED,5000,True,False,False,0.0003974580322392285,0.0,0.18209213411654696,True,True,True,False
db79be6e2e393e8c2e5d,multiplicity,multiplicity,2212,845367462,16,5000,0.0,0.05,rbf,median,anytime,bonferroni,3,10,False,UNRESOLVED,5000,True,False,False,0.00039841700345277786,0.0,0.18209213411654696,True,True,True,False
aa32d423a33b5e2244af,multiplicity,multiplicity,2213,709236070,16,5000,0.0,0.05,rbf,median,anytime,bonferroni,3,10,False,UNRESOLVED,5000,True,False,False,0.0003982500056736171,0.0,0.18209213411654696,True,True,True,False
5440df8f7540d698595c,multiplicity,multiplicity,2214,4250809938,16,5000,0.0,0.05,rbf,median,anytime,bonferroni,3,10,False,UNRESOLVED,5000,True,False,False,0.0003968329983763397,0.0,0.18209213411654696,True,True,True,False
2cc41e17db7538fdf57c,multiplicity,multiplicity,2215,1946598739,16,5000,0.0,0.05,rbf,median,anytime,bonferroni,3,10,False,UNRESOLVED,5000,True,False,False,0.0003972920239903033,0.0,0.18209213411654696,True,True,True,False
ab6c95ed1cdaa8f41a63,multiplicity,multiplicity,2216,1500275064,16,5000,0.0,0.05,rbf,median,anytime,bonferroni,3,10,False,UNRESOLVED,5000,True,False,False,0.00039841700345277786,0.0,0.18209213411654696,True,True,True,False
a126f3f940f6a900de4f,multiplicity,multiplicity,2217,2363007365,16,5000,0.0,0.05,rbf,median,anytime,bonferroni,3,10,False,UNRESOLVED,5000,True,False,False,0.00040020799497142434,0.0,0.18209213411654696,True,True,True,False
c5672150f3936ae96a98,multiplicity,multiplicity,2218,2499492410,16,5000,0.0,0.05,rbf,median,anytime,bonferroni,3,10,False,UNRESOLVED,5000,True,False,False,0.0003987079835496843,0.0,0.18209213411654696,True,True,True,False
83e1abf9e22f35aee69c,multiplicity,multiplicity,2219,2424576775,16,5000,0.0,0.05,rbf,median,anytime,bonferroni,3,10,False,UNRESOLVED,5000,True,False,False,0.0003969999961555004,0.0,0.18209213411654696,True,True,True,False
428c2fd30a39c6182b9e,multiplicity,multiplicity,2220,484884409,16,5000,0.0,0.05,rbf,median,anytime,bonferroni,3,10,False,UNRESOLVED,5000,True,False,False,0.0003986670053564012,0.0,0.18209213411654696,True,True,True,False
4e43eef221e01bd9e7f9,multiplicity,multiplicity,2221,1482966579,16,5000,0.0,0.05,rbf,median,anytime,bonferroni,3,10,False,UNRESOLVED,5000,True,False,False,0.0003986249794252217,0.0,0.18209213411654696,True,True,True,False
4c9d49ffb647b4069ae1,multiplicity,multiplicity,2222,2556521223,16,5000,0.0,0.05,rbf,median,anytime,bonferroni,3,10,False,UNRESOLVED,5000,True,False,False,0.0003997919848188758,0.0,0.18209213411654696,True,True,True,False
e06b574b47e0a3d57ecb,multiplicity,multiplicity,2223,3617975945,16,5000,0.0,0.05,rbf,median,anytime,bonferroni,3,10,False,UNRESOLVED,5000,True,False,False,0.00039904197910800576,0.0,0.18209213411654696,True,True,True,False
e888eb2b8fae0552d291,multiplicity,multiplicity,2224,3084254522,16,5000,0.0,0.05,rbf,median,anytime,bonferroni,3,10,False,UNRESOLVED,5000,True,False,False,0.00039845798164606094,0.0,0.18209213411654696,True,True,True,False
76cdb42709dd6fa96862,multiplicity,multiplicity,2225,323793302,16,5000,0.0,0.05,rbf,median,anytime,bonferroni,3,10,False,UNRESOLVED,5000,True,False,False,0.0004017500323243439,0.0,0.18209213411654696,True,True,True,False
51a6dc7604a095ea1485,multiplicity,multiplicity,2226,532380893,16,5000,0.0,0.05,rbf,median,anytime,bonferroni,3,10,False,UNRESOLVED,5000,True,False,False,0.0003973339917138219,0.0,0.18209213411654696,True,True,True,False
2d2709565b41f9c3d18c,multiplicity,multiplicity,2227,1780738628,16,5000,0.0,0.05,rbf,median,anytime,bonferroni,3,10,False,UNRESOLVED,5000,True,False,False,0.00039837503572925925,0.0,0.18209213411654696,True,True,True,False
a6fa2c339b03d2b81bc7,multiplicity,multiplicity,2228,976723792,16,5000,0.0,0.05,rbf,median,anytime,bonferroni,3,10,False,UNRESOLVED,5000,True,False,False,0.00039833399932831526,0.0,0.18209213411654696,True,True,True,False
d43d502495a14456f773,multiplicity,multiplicity,2229,1379344031,16,5000,0.0,0.05,rbf,median,anytime,bonferroni,3,10,False,UNRESOLVED,5000,True,False,False,0.00039841700345277786,0.0,0.18209213411654696,True,True,True,False
b2a78a558cc3ba85b204,multiplicity,multiplicity,2230,536579263,16,5000,0.0,0.05,rbf,median,anytime,bonferroni,3,10,False,UNRESOLVED,5000,True,False,False,0.0003974579740315676,0.0,0.18209213411654696,True,True,True,False
3f7703575bc8712ebc2f,multiplicity,multiplicity,2231,1915966600,16,5000,0.0,0.05,rbf,median,anytime,bonferroni,3,10,False,UNRESOLVED,5000,True,False,False,0.00039758405182510614,0.0,0.18209213411654696,True,True,True,False
029cdcdee7e6479e6cb1,multiplicity,multiplicity,2232,3666024341,16,5000,0.0,0.05,rbf,median,anytime,bonferroni,3,10,False,UNRESOLVED,5000,True,False,False,0.00039833399932831526,0.0,0.18209213411654696,True,True,True,False
308a4669f65ed7b6322f,multiplicity,multiplicity,2233,1607919086,16,5000,0.0,0.05,rbf,median,anytime,bonferroni,3,10,False,UNRESOLVED,5000,True,False,False,0.00039766699774190784,0.0,0.18209213411654696,True,True,True,False
ada5bebda9bbe65064fb,multiplicity,multiplicity,2234,1236297253,16,5000,0.0,0.05,rbf,median,anytime,bonferroni,3,10,False,UNRESOLVED,5000,True,False,False,0.00039833399932831526,0.0,0.18209213411654696,True,True,True,False
0a1afddf443e167993d5,multiplicity,multiplicity,2235,1953573418,16,5000,0.0,0.05,rbf,median,anytime,bonferroni,3,10,False,UNRESOLVED,5000,True,False,False,0.0004004999645985663,0.0,0.18209213411654696,True,True,True,False
d4a8220625aea53be2af,multiplicity,multiplicity,2236,2676617820,16,5000,0.0,0.05,rbf,median,anytime,bonferroni,3,10,False,UNRESOLVED,5000,True,False,False,0.00040625000838190317,0.0,0.18209213411654696,True,True,True,False
a9eae692fa0cbfc47289,multiplicity,multiplicity,2237,2015863900,16,5000,0.0,0.05,rbf,median,anytime,bonferroni,3,10,False,UNRESOLVED,5000,True,False,False,0.00039950001519173384,0.0,0.18209213411654696,True,True,True,False
b177eadd246f81aaf05e,multiplicity,multiplicity,2238,1972211707,16,5000,0.0,0.05,rbf,median,anytime,bonferroni,3,10,False,UNRESOLVED,5000,True,False,False,0.0003993750433437526,0.0,0.18209213411654696,True,True,True,False
31da28e32368a7db4a0f,multiplicity,multiplicity,2239,3056639631,16,5000,0.0,0.05,rbf,median,anytime,bonferroni,3,10,False,UNRESOLVED,5000,True,False,False,0.0003987500094808638,0.0,0.18209213411654696,True,True,True,False
1c261f9f067875b30e1e,multiplicity,multiplicity,2240,1368833117,16,5000,0.0,0.05,rbf,median,anytime,bonferroni,3,10,False,UNRESOLVED,5000,True,False,False,0.000398916017729789,0.0,0.18209213411654696,True,True,True,False
5db818af5eb391785b9e,multiplicity,multiplicity,2241,801952333,16,5000,0.0,0.05,rbf,median,anytime,bonferroni,3,10,False,UNRESOLVED,5000,True,False,False,0.000540834036655724,0.0,0.18209213411654696,True,True,True,False
971126c0dca6ba62450d,multiplicity,multiplicity,2242,292991860,16,5000,0.0,0.05,rbf,median,anytime,bonferroni,3,10,False,UNRESOLVED,5000,True,False,False,0.0005438329535536468,0.0,0.18209213411654696,True,True,True,False
9e791d0efd9aba253c89,multiplicity,multiplicity,2243,2893863160,16,5000,0.0,0.05,rbf,median,anytime,bonferroni,3,10,False,UNRESOLVED,5000,True,False,False,0.0004870420088991523,0.0,0.18209213411654696,True,True,True,False
4f0cad963c94a5f6e292,multiplicity,multiplicity,2244,2831247497,16,5000,0.0,0.05,rbf,median,anytime,bonferroni,3,10,False,UNRESOLVED,5000,True,False,False,0.000499499961733818,0.0,0.18209213411654696,True,True,True,False
99598c2f4abfe5aa5375,multiplicity,multiplicity,2245,1139871501,16,5000,0.0,0.05,rbf,median,anytime,bonferroni,3,10,False,UNRESOLVED,5000,True,False,False,0.000420625030528754,0.0,0.18209213411654696,True,True,True,False
f386ec398a2935251ed7,multiplicity,multiplicity,2246,4239121130,16,5000,0.0,0.05,rbf,median,anytime,bonferroni,3,10,False,UNRESOLVED,5000,True,False,False,0.00040566601091995835,0.0,0.18209213411654696,True,True,True,False
d47f5f3f8ca4835f51c8,multiplicity,multiplicity,2247,2007769644,16,5000,0.0,0.05,rbf,median,anytime,bonferroni,3,10,False,UNRESOLVED,5000,True,False,False,0.0004059579805471003,0.0,0.18209213411654696,True,True,True,False
b482326a29934094939b,multiplicity,multiplicity,2248,3469777958,16,5000,0.0,0.05,rbf,median,anytime,bonferroni,3,10,False,UNRESOLVED,5000,True,False,False,0.0004004589864052832,0.0,0.18209213411654696,True,True,True,False
28bcefa9237fc9df688f,multiplicity,multiplicity,2249,3124099359,16,5000,0.0,0.05,rbf,median,anytime,bonferroni,3,10,False,UNRESOLVED,5000,True,False,False,0.00040025002090260386,0.0,0.18209213411654696,True,True,True,False
833764f046d7743acba7,multiplicity,multiplicity,2250,381769138,16,5000,0.0,0.05,rbf,median,anytime,bonferroni,3,10,False,UNRESOLVED,5000,True,False,False,0.0003994579892605543,0.0,0.18209213411654696,True,True,True,False
8590a28eb531ce88a8ed,multiplicity,multiplicity,2251,2659234029,16,5000,0.0,0.05,rbf,median,anytime,bonferroni,3,10,False,UNRESOLVED,5000,True,False,False,0.00040025002090260386,0.0,0.18209213411654696,True,True,True,False
60e8ea6e4093677849bd,multiplicity,multiplicity,2252,1277288351,16,5000,0.0,0.05,rbf,median,anytime,bonferroni,3,10,False,UNRESOLVED,5000,True,False,False,0.00040008401265367866,0.0,0.18209213411654696,True,True,True,False
3cf91bbe3dc6df0564be,multiplicity,multiplicity,2253,37859609,16,5000,0.0,0.05,rbf,median,anytime,bonferroni,3,10,False,UNRESOLVED,5000,True,False,False,0.00039741600630804896,0.0,0.18209213411654696,True,True,True,False
e5f2ba1dbfd0f35515c0,multiplicity,multiplicity,2254,2938079340,16,5000,0.0,0.05,rbf,median,anytime,bonferroni,3,10,False,UNRESOLVED,5000,True,False,False,0.00039833300979807973,0.0,0.18209213411654696,True,True,True,False
d00243e651483c9d09ce,multiplicity,multiplicity,2255,1237570691,16,5000,0.0,0.05,rbf,median,anytime,bonferroni,3,10,False,UNRESOLVED,5000,True,False,False,0.000404000049456954,0.0,0.18209213411654696,True,True,True,False
3d48efb543de8ba350fc,multiplicity,multiplicity,2256,1454342224,16,5000,0.0,0.05,rbf,median,anytime,bonferroni,3,10,False,UNRESOLVED,5000,True,False,False,0.0003981250338256359,0.0,0.18209213411654696,True,True,True,False
409b126cd0344576344f,multiplicity,multiplicity,2257,12556585,16,5000,0.0,0.05,rbf,median,anytime,bonferroni,3,10,False,UNRESOLVED,5000,True,False,False,0.00039679097244516015,0.0,0.18209213411654696,True,True,True,False
36b0ba3ce0d18655c17e,multiplicity,multiplicity,2258,454529262,16,5000,0.0,0.05,rbf,median,anytime,bonferroni,3,10,False,UNRESOLVED,5000,True,False,False,0.0003968750243075192,0.0,0.18209213411654696,True,True,True,False
92c56e51b6cd2454819d,multiplicity,multiplicity,2259,3506700428,16,5000,0.0,0.05,rbf,median,anytime,bonferroni,3,10,False,UNRESOLVED,5000,True,False,False,0.00039900001138448715,0.0,0.18209213411654696,True,True,True,False
a33e541c0e69ad897287,multiplicity,multiplicity,2260,2113081352,16,5000,0.0,0.05,rbf,median,anytime,bonferroni,3,10,False,UNRESOLVED,5000,True,False,False,0.00039658299647271633,0.0,0.18209213411654696,True,True,True,False
3c3eca81c16cb9ddca04,multiplicity,multiplicity,2261,2945744697,16,5000,0.0,0.05,rbf,median,anytime,bonferroni,3,10,False,UNRESOLVED,5000,True,False,False,0.00039583403849974275,0.0,0.18209213411654696,True,True,True,False
aa7801b37e66efe93d12,multiplicity,multiplicity,2262,2981009198,16,5000,0.0,0.05,rbf,median,anytime,bonferroni,3,10,False,UNRESOLVED,5000,True,False,False,0.0003955840365961194,0.0,0.18209213411654696,True,True,True,False
a249b4ee4c99930e0d94,multiplicity,multiplicity,2263,915365922,16,5000,0.0,0.05,rbf,median,anytime,bonferroni,3,10,False,UNRESOLVED,5000,True,False,False,0.0003554580034688115,0.0,0.18209213411654696,True,True,True,False
5d326f2c56c4b7cf1605,multiplicity,multiplicity,2264,3969860532,16,5000,0.0,0.05,rbf,median,anytime,bonferroni,3,10,False,UNRESOLVED,5000,True,False,False,0.00034020800376310945,0.0,0.18209213411654696,True,True,True,False
05662b11c51f5107203f,multiplicity,multiplicity,2265,1782826134,16,5000,0.0,0.05,rbf,median,anytime,bonferroni,3,10,False,UNRESOLVED,5000,True,False,False,0.00034083303762599826,0.0,0.18209213411654696,True,True,True,False
efcc96381d01c9051bbb,multiplicity,multiplicity,2266,2178906926,16,5000,0.0,0.05,rbf,median,anytime,bonferroni,3,10,False,UNRESOLVED,5000,True,False,False,0.00035012501757591963,0.0,0.18209213411654696,True,True,True,False
0014dcfd763f81bde0ce,multiplicity,multiplicity,2267,4255068117,16,5000,0.0,0.05,rbf,median,anytime,bonferroni,3,10,False,UNRESOLVED,5000,True,False,False,0.0003445000038482249,0.0,0.18209213411654696,True,True,True,False
6ade1a44214f930c5cd6,multiplicity,multiplicity,2268,1751132631,16,5000,0.0,0.05,rbf,median,anytime,bonferroni,3,10,False,UNRESOLVED,5000,True,False,False,0.0004479999770410359,0.0,0.18209213411654696,True,True,True,False
8dcde18f9e4a74af0a6c,multiplicity,multiplicity,2269,3157230475,16,5000,0.0,0.05,rbf,median,anytime,bonferroni,3,10,False,UNRESOLVED,5000,True,False,False,0.0005463749985210598,0.0,0.18209213411654696,True,True,True,False
24836827115e698f6e21,multiplicity,multiplicity,2270,919861517,16,5000,0.0,0.05,rbf,median,anytime,bonferroni,3,10,False,UNRESOLVED,5000,True,False,False,0.0004784580087289214,0.0,0.18209213411654696,True,True,True,False
c90d0d4f1ddb12c81635,multiplicity,multiplicity,2271,1881491185,16,5000,0.0,0.05,rbf,median,anytime,bonferroni,3,10,False,UNRESOLVED,5000,True,False,False,0.00047387502854689956,0.0,0.18209213411654696,True,True,True,False
0596a986eb6a6996e671,multiplicity,multiplicity,2272,4176954872,16,5000,0.0,0.05,rbf,median,anytime,bonferroni,3,10,False,UNRESOLVED,5000,True,False,False,0.00047387502854689956,0.0,0.18209213411654696,True,True,True,False
749c2d4a4ee5ca5ab492,multiplicity,multiplicity,2273,3134313025,16,5000,0.0,0.05,rbf,median,anytime,bonferroni,3,10,False,UNRESOLVED,5000,True,False,False,0.0004776249988935888,0.0,0.18209213411654696,True,True,True,False
d54c9ef1e9679640bac1,multiplicity,multiplicity,2274,2791587671,16,5000,0.0,0.05,rbf,median,anytime,bonferroni,3,10,False,UNRESOLVED,5000,True,False,False,0.00047391699627041817,0.0,0.18209213411654696,True,True,True,False
93c412ece193ae248426,multiplicity,multiplicity,2275,3511846308,16,5000,0.0,0.05,rbf,median,anytime,bonferroni,3,10,False,UNRESOLVED,5000,True,False,False,0.0004735830007120967,0.0,0.18209213411654696,True,True,True,False
07675b8ac99901718556,multiplicity,multiplicity,2276,3295858294,16,5000,0.0,0.05,rbf,median,anytime,bonferroni,3,10,False,UNRESOLVED,5000,True,False,False,0.0004729579668492079,0.0,0.18209213411654696,True,True,True,False
cba7793b83627de5902c,multiplicity,multiplicity,2277,2926150677,16,5000,0.0,0.05,rbf,median,anytime,bonferroni,3,10,False,UNRESOLVED,5000,True,False,False,0.00047512503806501627,0.0,0.18209213411654696,True,True,True,False
52458c345bf718a954a6,multiplicity,multiplicity,2278,3846014374,16,5000,0.0,0.05,rbf,median,anytime,bonferroni,3,10,False,UNRESOLVED,5000,True,False,False,0.0004835000145249069,0.0,0.18209213411654696,True,True,True,False
306a8ebea9f349a2ad8b,multiplicity,multiplicity,2279,426360382,16,5000,0.0,0.05,rbf,median,anytime,bonferroni,3,10,False,UNRESOLVED,5000,True,False,False,0.0004839590401388705,0.0,0.18209213411654696,True,True,True,False
d8fecf558029a23a96f8,multiplicity,multiplicity,2280,2830947560,16,5000,0.0,0.05,rbf,median,anytime,bonferroni,3,10,False,UNRESOLVED,5000,True,False,False,0.0004781669704243541,0.0,0.18209213411654696,True,True,True,False
32dbf6e515319d868bf0,multiplicity,multiplicity,2281,2971411551,16,5000,0.0,0.05,rbf,median,anytime,bonferroni,3,10,False,UNRESOLVED,5000,True,False,False,0.0004953750176355243,0.0,0.18209213411654696,True,True,True,False
539d68e800cd2c1d09bc,multiplicity,multiplicity,2282,2001345017,16,5000,0.0,0.05,rbf,median,anytime,bonferroni,3,10,False,UNRESOLVED,5000,True,False,False,0.000524125003721565,0.0,0.18209213411654696,True,True,True,False
0ea481a2cfa5fab9e13c,multiplicity,multiplicity,2283,3153357825,16,5000,0.0,0.05,rbf,median,anytime,bonferroni,3,10,False,UNRESOLVED,5000,True,False,False,0.0004979170043952763,0.0,0.18209213411654696,True,True,True,False
e14bb12b9133522db780,multiplicity,multiplicity,2284,1470995348,16,5000,0.0,0.05,rbf,median,anytime,bonferroni,3,10,False,UNRESOLVED,5000,True,False,False,0.00034924998180940747,0.0,0.18209213411654696,True,True,True,False
cc97866b32c58346de66,multiplicity,multiplicity,2285,1548414556,16,5000,0.0,0.05,rbf,median,anytime,bonferroni,3,10,False,UNRESOLVED,5000,True,False,False,0.0003428750205785036,0.0,0.18209213411654696,True,True,True,False
ff456c743828083e3b42,multiplicity,multiplicity,2286,3150448373,16,5000,0.0,0.05,rbf,median,anytime,bonferroni,3,10,False,UNRESOLVED,5000,True,False,False,0.0003452500095590949,0.0,0.18209213411654696,True,True,True,False
f0925c573c538500cb2f,multiplicity,multiplicity,2287,1347588690,16,5000,0.0,0.05,rbf,median,anytime,bonferroni,3,10,False,UNRESOLVED,5000,True,False,False,0.00034199998481199145,0.0,0.18209213411654696,True,True,True,False
b42b860a22cf846f6d0f,multiplicity,multiplicity,2288,2272152994,16,5000,0.0,0.05,rbf,median,anytime,bonferroni,3,10,False,UNRESOLVED,5000,True,False,False,0.00033954199170693755,0.0,0.18209213411654696,True,True,True,False
ac189a501d374904f7c2,multiplicity,multiplicity,2289,3730133839,16,5000,0.0,0.05,rbf,median,anytime,bonferroni,3,10,False,UNRESOLVED,5000,True,False,False,0.000393416965380311,0.0,0.18209213411654696,True,True,True,False
1301bbe904ed90a2dd01,multiplicity,multiplicity,2290,1492094483,16,5000,0.0,0.05,rbf,median,anytime,bonferroni,3,10,False,UNRESOLVED,5000,True,False,False,0.0003998330212198198,0.0,0.18209213411654696,True,True,True,False
9163d3153f603cc31a9e,multiplicity,multiplicity,2291,199544599,16,5000,0.0,0.05,rbf,median,anytime,bonferroni,3,10,False,UNRESOLVED,5000,True,False,False,0.00039608299266546965,0.0,0.18209213411654696,True,True,True,False
aa5aae1db7e33098a567,multiplicity,multiplicity,2292,3008439761,16,5000,0.0,0.05,rbf,median,anytime,bonferroni,3,10,False,UNRESOLVED,5000,True,False,False,0.0003968330565840006,0.0,0.18209213411654696,True,True,True,False
4cc1d9912cfc7126c9a6,multiplicity,multiplicity,2293,3706828607,16,5000,0.0,0.05,rbf,median,anytime,bonferroni,3,10,False,UNRESOLVED,5000,True,False,False,0.00039487500907853246,0.0,0.18209213411654696,True,True,True,False
6f01e975c873d4ea0703,multiplicity,multiplicity,2294,1153820049,16,5000,0.0,0.05,rbf,median,anytime,bonferroni,3,10,False,UNRESOLVED,5000,True,False,False,0.0003992500132881105,0.0,0.18209213411654696,True,True,True,False
15c5f1cfbb541841de6e,multiplicity,multiplicity,2295,2717675845,16,5000,0.0,0.05,rbf,median,anytime,bonferroni,3,10,False,UNRESOLVED,5000,True,False,False,0.00039475003723055124,0.0,0.18209213411654696,True,True,True,False
d9165faad307f9d787d3,multiplicity,multiplicity,2296,3383313999,16,5000,0.0,0.05,rbf,median,anytime,bonferroni,3,10,False,UNRESOLVED,5000,True,False,False,0.0003964169882237911,0.0,0.18209213411654696,True,True,True,False
fcee115b3e972165b13f,multiplicity,multiplicity,2297,1404368115,16,5000,0.0,0.05,rbf,median,anytime,bonferroni,3,10,False,UNRESOLVED,5000,True,False,False,0.0003957919543609023,0.0,0.18209213411654696,True,True,True,False
cf2a96f9e8ee4a2bb45a,multiplicity,multiplicity,2298,1872996083,16,5000,0.0,0.05,rbf,median,anytime,bonferroni,3,10,False,UNRESOLVED,5000,True,False,False,0.00039758399361744523,0.0,0.18209213411654696,True,True,True,False
4056c8d46b2c4d7805cf,multiplicity,multiplicity,2299,4240216873,16,5000,0.0,0.05,rbf,median,anytime,bonferroni,3,10,False,UNRESOLVED,5000,True,False,False,0.00039658299647271633,0.0,0.18209213411654696,True,True,True,False
b644e6299981c6e9a3c5,multiplicity,multiplicity,2300,1140039777,16,5000,0.0,0.05,rbf,median,anytime,bonferroni,3,10,False,UNRESOLVED,5000,True,False,False,0.0003944580093957484,0.0,0.18209213411654696,True,True,True,False
8db41bf95197f13f1454,multiplicity,multiplicity,2301,2288089631,16,5000,0.0,0.05,rbf,median,anytime,bonferroni,3,10,False,UNRESOLVED,5000,True,False,False,0.00039549998473376036,0.0,0.18209213411654696,True,True,True,False
fd583f2581e73a77ab6f,multiplicity,multiplicity,2302,569479927,16,5000,0.0,0.05,rbf,median,anytime,bonferroni,3,10,False,UNRESOLVED,5000,True,False,False,0.0004003749927505851,0.0,0.18209213411654696,True,True,True,False
a627470d8ca0e11b1e2c,multiplicity,multiplicity,2303,3571837182,16,5000,0.0,0.05,rbf,median,anytime,bonferroni,3,10,False,UNRESOLVED,5000,True,False,False,0.00039595802081748843,0.0,0.18209213411654696,True,True,True,False
9fefd431577b58e73dc1,multiplicity,multiplicity,2304,1926110282,16,5000,0.0,0.05,rbf,median,anytime,bonferroni,3,10,False,UNRESOLVED,5000,True,False,False,0.000396332994569093,0.0,0.18209213411654696,True,True,True,False
73eb8c1f22da1237da8e,multiplicity,multiplicity,2305,2333934961,16,5000,0.0,0.05,rbf,median,anytime,bonferroni,3,10,False,UNRESOLVED,5000,True,False,False,0.000394917035009712,0.0,0.18209213411654696,True,True,True,False
73d42acdd595cd280990,multiplicity,multiplicity,2306,2410403800,16,5000,0.0,0.05,rbf,median,anytime,bonferroni,3,10,False,UNRESOLVED,5000,True,False,False,0.0003993749851360917,0.0,0.18209213411654696,True,True,True,False
7e6856dfdeb797ed1390,multiplicity,multiplicity,2307,2516171912,16,5000,0.0,0.05,rbf,median,anytime,bonferroni,3,10,False,UNRESOLVED,5000,True,False,False,0.000395249982830137,0.0,0.18209213411654696,True,True,True,False
787ca866f322523e31d9,multiplicity,multiplicity,2308,4101176,16,5000,0.0,0.05,rbf,median,anytime,bonferroni,3,10,False,UNRESOLVED,5000,True,False,False,0.0003957499866373837,0.0,0.18209213411654696,True,True,True,False
ce97ce55196d9503640d,multiplicity,multiplicity,2309,3324101278,16,5000,0.0,0.05,rbf,median,anytime,bonferroni,3,10,False,UNRESOLVED,5000,True,False,False,0.000395667040720582,0.0,0.18209213411654696,True,True,True,False
0463dd469c1fb53f1928,multiplicity,multiplicity,2310,3911347327,16,5000,0.0,0.05,rbf,median,anytime,bonferroni,3,10,False,UNRESOLVED,5000,True,False,False,0.00039908301550894976,0.0,0.18209213411654696,True,True,True,False
640e2c620fd4327556f1,multiplicity,multiplicity,2311,3385730279,16,5000,0.0,0.05,rbf,median,anytime,bonferroni,3,10,False,UNRESOLVED,5000,True,False,False,0.0003956669825129211,0.0,0.18209213411654696,True,True,True,False
79211d7424e1fdbd94f5,multiplicity,multiplicity,2312,3673668517,16,5000,0.0,0.05,rbf,median,anytime,bonferroni,3,10,False,UNRESOLVED,5000,True,False,False,0.00039658299647271633,0.0,0.18209213411654696,True,True,True,False
629d6e0bba9ebd755198,multiplicity,multiplicity,2313,1255611193,16,5000,0.0,0.05,rbf,median,anytime,bonferroni,3,10,False,UNRESOLVED,5000,True,False,False,0.0004005830269306898,0.0,0.18209213411654696,True,True,True,False
f8e506aa9c87e47dc5a8,multiplicity,multiplicity,2314,798083543,16,5000,0.0,0.05,rbf,median,anytime,bonferroni,3,10,False,UNRESOLVED,5000,True,False,False,0.00040187500417232513,0.0,0.18209213411654696,True,True,True,False
4ed0582fe456603a4e1e,multiplicity,multiplicity,2315,1515772801,16,5000,0.0,0.05,rbf,median,anytime,bonferroni,3,10,False,UNRESOLVED,5000,True,False,False,0.0003968750243075192,0.0,0.18209213411654696,True,True,True,False
84955857e0477c5bfe04,multiplicity,multiplicity,2316,463585295,16,5000,0.0,0.05,rbf,median,anytime,bonferroni,3,10,False,UNRESOLVED,5000,True,False,False,0.00039549998473376036,0.0,0.18209213411654696,True,True,True,False
127b4d352c6d15ca4742,multiplicity,multiplicity,2317,1189687216,16,5000,0.0,0.05,rbf,median,anytime,bonferroni,3,10,False,UNRESOLVED,5000,True,False,False,0.0003649999853223562,0.0,0.18209213411654696,True,True,True,False
3e900a54b0993d4d9553,multiplicity,multiplicity,2318,2003362202,16,5000,0.0,0.05,rbf,median,anytime,bonferroni,3,10,False,UNRESOLVED,5000,True,False,False,0.0003445840557105839,0.0,0.18209213411654696,True,True,True,False
59ba59554c112b888b90,multiplicity,multiplicity,2319,934974486,16,5000,0.0,0.05,rbf,median,anytime,bonferroni,3,10,False,UNRESOLVED,5000,True,False,False,0.00034058396704494953,0.0,0.18209213411654696,True,True,True,False
092ae88f4c3a9a64a4b0,multiplicity,multiplicity,2320,217880012,16,5000,0.0,0.05,rbf,median,anytime,bonferroni,3,10,False,UNRESOLVED,5000,True,False,False,0.00034141604555770755,0.0,0.18209213411654696,True,True,True,False
d82d53e7dab7836bc6a8,multiplicity,multiplicity,2321,3461916130,16,5000,0.0,0.05,rbf,median,anytime,bonferroni,3,10,False,UNRESOLVED,5000,True,False,False,0.00034066697116941214,0.0,0.18209213411654696,True,True,True,False
f1da8e1d701dbc134017,multiplicity,multiplicity,2322,1086120074,16,5000,0.0,0.05,rbf,median,anytime,bonferroni,3,10,False,UNRESOLVED,5000,True,False,False,0.0003429159987717867,0.0,0.18209213411654696,True,True,True,False
a91d69619f910ece013a,multiplicity,multiplicity,2323,2272575478,16,5000,0.0,0.05,rbf,median,anytime,bonferroni,3,10,False,UNRESOLVED,5000,True,False,False,0.0004884999943897128,0.0,0.18209213411654696,True,True,True,False
bb5a66e7491c15e7d1d6,multiplicity,multiplicity,2324,3055525557,16,5000,0.0,0.05,rbf,median,anytime,bonferroni,3,10,False,UNRESOLVED,5000,True,False,False,0.0005879169912077487,0.0,0.18209213411654696,True,True,True,False
397f68578ab04300027a,multiplicity,multiplicity,2325,2555221894,16,5000,0.0,0.05,rbf,median,anytime,bonferroni,3,10,False,UNRESOLVED,5000,True,False,False,0.0005205839988775551,0.0,0.18209213411654696,True,True,True,False
9eef7ec10663e62ba61f,multiplicity,multiplicity,2326,2363360064,16,5000,0.0,0.05,rbf,median,anytime,bonferroni,3,10,False,UNRESOLVED,5000,True,False,False,0.0004935420001856983,0.0,0.18209213411654696,True,True,True,False
33666db5b219e7858b1f,multiplicity,multiplicity,2327,350468889,16,5000,0.0,0.05,rbf,median,anytime,bonferroni,3,10,False,UNRESOLVED,5000,True,False,False,0.00048587500350549817,0.0,0.18209213411654696,True,True,True,False
9af4d514fdfa3d08c881,multiplicity,multiplicity,2328,3369563710,16,5000,0.0,0.05,rbf,median,anytime,bonferroni,3,10,False,UNRESOLVED,5000,True,False,False,0.0004854160360991955,0.0,0.18209213411654696,True,True,True,False
2352e2440a300673f62b,multiplicity,multiplicity,2329,2220656494,16,5000,0.0,0.05,rbf,median,anytime,bonferroni,3,10,False,UNRESOLVED,5000,True,False,False,0.00047437497414648533,0.0,0.18209213411654696,True,True,True,False
f010e155b59b76d1c57f,multiplicity,multiplicity,2330,2348699872,16,5000,0.0,0.05,rbf,median,anytime,bonferroni,3,10,False,UNRESOLVED,5000,True,False,False,0.0004753340035676956,0.0,0.18209213411654696,True,True,True,False
eca58a49c8ff7e2c18a3,multiplicity,multiplicity,2331,122878743,16,5000,0.0,0.05,rbf,median,anytime,bonferroni,3,10,False,UNRESOLVED,5000,True,False,False,0.00047212501522153616,0.0,0.18209213411654696,True,True,True,False
2562c48a5ff3319e01bd,multiplicity,multiplicity,2332,647075463,16,5000,0.0,0.05,rbf,median,anytime,bonferroni,3,10,False,UNRESOLVED,5000,True,False,False,0.0004729170468635857,0.0,0.18209213411654696,True,True,True,False
b9c073372ff9c9b1256f,multiplicity,multiplicity,2333,1575770497,16,5000,0.0,0.05,rbf,median,anytime,bonferroni,3,10,False,UNRESOLVED,5000,True,False,False,0.0004713329835794866,0.0,0.18209213411654696,True,True,True,False
dcd62a51275f5233adb3,multiplicity,multiplicity,2334,2120672617,16,5000,0.0,0.05,rbf,median,anytime,bonferroni,3,10,False,UNRESOLVED,5000,True,False,False,0.0004764170153066516,0.0,0.18209213411654696,True,True,True,False
0ccd6295813e67ca8b21,multiplicity,multiplicity,2335,3943095889,16,5000,0.0,0.05,rbf,median,anytime,bonferroni,3,10,False,UNRESOLVED,5000,True,False,False,0.0004824580391868949,0.0,0.18209213411654696,True,True,True,False
1dacb158405cdf0a5556,multiplicity,multiplicity,2336,3946927063,16,5000,0.0,0.05,rbf,median,anytime,bonferroni,3,10,False,UNRESOLVED,5000,True,False,False,0.0005649160011671484,0.0,0.18209213411654696,True,True,True,False
8be72a6186802b5a195a,multiplicity,multiplicity,2337,1346049491,16,5000,0.0,0.05,rbf,median,anytime,bonferroni,3,10,False,UNRESOLVED,5000,True,False,False,0.0005184999899938703,0.0,0.18209213411654696,True,True,True,False
6093ef7a100c9b311be0,multiplicity,multiplicity,2338,1415754599,16,5000,0.0,0.05,rbf,median,anytime,bonferroni,3,10,False,UNRESOLVED,5000,True,False,False,0.0005375409964472055,0.0,0.18209213411654696,True,True,True,False
2f1d06c51e9763a53bc5,multiplicity,multiplicity,2339,147155875,16,5000,0.0,0.05,rbf,median,anytime,bonferroni,3,10,False,UNRESOLVED,5000,True,False,False,0.0005333329900167882,0.0,0.18209213411654696,True,True,True,False
3aa5102cfaf18101c441,multiplicity,multiplicity,2340,2953169545,16,5000,0.0,0.05,rbf,median,anytime,bonferroni,3,10,False,UNRESOLVED,5000,True,False,False,0.0004865830414928496,0.0,0.18209213411654696,True,True,True,False
c3d166c22f726cfa812c,multiplicity,multiplicity,2341,670102997,16,5000,0.0,0.05,rbf,median,anytime,bonferroni,3,10,False,UNRESOLVED,5000,True,False,False,0.00048095901729539037,0.0,0.18209213411654696,True,True,True,False
df52f63cbacd49ba467c,multiplicity,multiplicity,2342,4036302714,16,5000,0.0,0.05,rbf,median,anytime,bonferroni,3,10,False,UNRESOLVED,5000,True,False,False,0.00041270797373726964,0.0,0.18209213411654696,True,True,True,False
5051e05efe972e8cb394,multiplicity,multiplicity,2343,1792168176,16,5000,0.0,0.05,rbf,median,anytime,bonferroni,3,10,False,UNRESOLVED,5000,True,False,False,0.00036087498301640153,0.0,0.18209213411654696,True,True,True,False
c6196ac7718d750dcb67,multiplicity,multiplicity,2344,4092126198,16,5000,0.0,0.05,rbf,median,anytime,bonferroni,3,10,False,UNRESOLVED,5000,True,False,False,0.0003499999875202775,0.0,0.18209213411654696,True,True,True,False
8305e20f796b2700de86,multiplicity,multiplicity,2345,1753852106,16,5000,0.0,0.05,rbf,median,anytime,bonferroni,3,10,False,UNRESOLVED,5000,True,False,False,0.00034670799504965544,0.0,0.18209213411654696,True,True,True,False
30be032eed4adac4f459,multiplicity,multiplicity,2346,2047412984,16,5000,0.0,0.05,rbf,median,anytime,bonferroni,3,10,False,UNRESOLVED,5000,True,False,False,0.000372458016499877,0.0,0.18209213411654696,True,True,True,False
79718f41b40c20f47445,multiplicity,multiplicity,2347,668370316,16,5000,0.0,0.05,rbf,median,anytime,bonferroni,3,10,False,UNRESOLVED,5000,True,False,False,0.0004005419905297458,0.0,0.18209213411654696,True,True,True,False
12665cdd85921b4676dc,multiplicity,multiplicity,2348,118503328,16,5000,0.0,0.05,rbf,median,anytime,bonferroni,3,10,False,UNRESOLVED,5000,True,False,False,0.00040137500036507845,0.0,0.18209213411654696,True,True,True,False
29f9e6d28f8830b22c62,multiplicity,multiplicity,2349,1426627975,16,5000,0.0,0.05,rbf,median,anytime,bonferroni,3,10,False,UNRESOLVED,5000,True,False,False,0.00040004198672249913,0.0,0.18209213411654696,True,True,True,False
debdab8230b8c6b86e33,multiplicity,multiplicity,2350,3107604216,16,5000,0.0,0.05,rbf,median,anytime,bonferroni,3,10,False,UNRESOLVED,5000,True,False,False,0.00039837503572925925,0.0,0.18209213411654696,True,True,True,False
68697dcef06dab19cc51,multiplicity,multiplicity,2351,1951875563,16,5000,0.0,0.05,rbf,median,anytime,bonferroni,3,10,False,UNRESOLVED,5000,True,False,False,0.00040729198371991515,0.0,0.18209213411654696,True,True,True,False
a29923db36e1cdc36b85,multiplicity,multiplicity,2352,2520872699,16,5000,0.0,0.05,rbf,median,anytime,bonferroni,3,10,False,UNRESOLVED,5000,True,False,False,0.00039958301931619644,0.0,0.18209213411654696,True,True,True,False
3ea42fd7355687bc853b,multiplicity,multiplicity,2353,4117921733,16,5000,0.0,0.05,rbf,median,anytime,bonferroni,3,10,False,UNRESOLVED,5000,True,False,False,0.0003993330174125731,0.0,0.18209213411654696,True,True,True,False
9c44159241b31dcf13dc,multiplicity,multiplicity,2354,2219146555,16,5000,0.0,0.05,rbf,median,anytime,bonferroni,3,10,False,UNRESOLVED,5000,True,False,False,0.0004003749927505851,0.0,0.18209213411654696,True,True,True,False
64f44a15416265bd3ca9,multiplicity,multiplicity,2355,1578142315,16,5000,0.0,0.05,rbf,median,anytime,bonferroni,3,10,False,UNRESOLVED,5000,True,False,False,0.00039954198291525245,0.0,0.18209213411654696,True,True,True,False
f2293d0c6bee69bc6eaf,multiplicity,multiplicity,2356,3219879822,16,5000,0.0,0.05,rbf,median,anytime,bonferroni,3,10,False,UNRESOLVED,5000,True,False,False,0.00039854203350842,0.0,0.18209213411654696,True,True,True,False
14e6e2ee58436af7c149,multiplicity,multiplicity,2357,1558442165,16,5000,0.0,0.05,rbf,median,anytime,bonferroni,3,10,False,UNRESOLVED,5000,True,False,False,0.00039854098577052355,0.0,0.18209213411654696,True,True,True,False
13e8fa2ab63389c1e858,multiplicity,multiplicity,2358,2046784665,16,5000,0.0,0.05,rbf,median,anytime,bonferroni,3,10,False,UNRESOLVED,5000,True,False,False,0.0003999160253442824,0.0,0.18209213411654696,True,True,True,False
70143e3e69817655420b,multiplicity,multiplicity,2359,4012483751,16,5000,0.0,0.05,rbf,median,anytime,bonferroni,3,10,False,UNRESOLVED,5000,True,False,False,0.0003974169958382845,0.0,0.18209213411654696,True,True,True,False
8607c4e417ad214eb68f,multiplicity,multiplicity,2360,3085977910,16,5000,0.0,0.05,rbf,median,anytime,bonferroni,3,10,False,UNRESOLVED,5000,True,False,False,0.000399957993067801,0.0,0.18209213411654696,True,True,True,False
eab2fe3b3386a4583194,multiplicity,multiplicity,2361,214095000,16,5000,0.0,0.05,rbf,median,anytime,bonferroni,3,10,False,UNRESOLVED,5000,True,False,False,0.0003987500094808638,0.0,0.18209213411654696,True,True,True,False
304017a66e986a43d9ab,multiplicity,multiplicity,2362,2080935543,16,5000,0.0,0.05,rbf,median,anytime,bonferroni,3,10,False,UNRESOLVED,5000,True,False,False,0.0003993749851360917,0.0,0.18209213411654696,True,True,True,False
1a29ed0eb3fbc3e1f0b7,multiplicity,multiplicity,2363,3976835580,16,5000,0.0,0.05,rbf,median,anytime,bonferroni,3,10,False,UNRESOLVED,5000,True,False,False,0.0003980839974246919,0.0,0.18209213411654696,True,True,True,False
d51b64839dc717273094,multiplicity,multiplicity,2364,1175312645,16,5000,0.0,0.05,rbf,median,anytime,bonferroni,3,10,False,UNRESOLVED,5000,True,False,False,0.0003976660082116723,0.0,0.18209213411654696,True,True,True,False
f05b04af202af52756b8,multiplicity,multiplicity,2365,1090374544,16,5000,0.0,0.05,rbf,median,anytime,bonferroni,3,10,False,UNRESOLVED,5000,True,False,False,0.0004005830269306898,0.0,0.18209213411654696,True,True,True,False
1b5777b2abae9159c4af,multiplicity,multiplicity,2366,404504179,16,5000,0.0,0.05,rbf,median,anytime,bonferroni,3,10,False,UNRESOLVED,5000,True,False,False,0.0004011249984614551,0.0,0.18209213411654696,True,True,True,False
8e5e7240cedd8ce1457d,multiplicity,multiplicity,2367,33797825,16,5000,0.0,0.05,rbf,median,anytime,bonferroni,3,10,False,UNRESOLVED,5000,True,False,False,0.0003980830078944564,0.0,0.18209213411654696,True,True,True,False
07d40d938d41d6fb92f7,multiplicity,multiplicity,2368,1271253751,16,5000,0.0,0.05,rbf,median,anytime,bonferroni,3,10,False,UNRESOLVED,5000,True,False,False,0.0004000000189989805,0.0,0.18209213411654696,True,True,True,False
bc43038c1b2131f5bbe6,multiplicity,multiplicity,2369,2308094561,16,5000,0.0,0.05,rbf,median,anytime,bonferroni,3,10,False,UNRESOLVED,5000,True,False,False,0.0003971660044044256,0.0,0.18209213411654696,True,True,True,False
a25aa9252bf78e621c4d,multiplicity,multiplicity,2370,3648766345,16,5000,0.0,0.05,rbf,median,anytime,bonferroni,3,10,False,UNRESOLVED,5000,True,False,False,0.00039833399932831526,0.0,0.18209213411654696,True,True,True,False
ed5731b6c6566b68b3b1,multiplicity,multiplicity,2371,2441511993,16,5000,0.0,0.05,rbf,median,anytime,bonferroni,3,10,False,UNRESOLVED,5000,True,False,False,0.00039900001138448715,0.0,0.18209213411654696,True,True,True,False
0da8ca02ebd55cd30852,multiplicity,multiplicity,2372,2145393420,16,5000,0.0,0.05,rbf,median,anytime,bonferroni,3,10,False,UNRESOLVED,5000,True,False,False,0.00039674999425187707,0.0,0.18209213411654696,True,True,True,False
6f981fec110adae1fe47,multiplicity,multiplicity,2373,891369149,16,5000,0.0,0.05,rbf,median,anytime,bonferroni,3,10,False,UNRESOLVED,5000,True,False,False,0.00039858301170170307,0.0,0.18209213411654696,True,True,True,False
cf519597b66fd9c47879,multiplicity,multiplicity,2374,1560340983,16,5000,0.0,0.05,rbf,median,anytime,bonferroni,3,10,False,UNRESOLVED,5000,True,False,False,0.0003988330136053264,0.0,0.18209213411654696,True,True,True,False
ed8583c661bb8b554b33,multiplicity,multiplicity,2375,3067211778,16,5000,0.0,0.05,rbf,median,anytime,bonferroni,3,10,False,UNRESOLVED,5000,True,False,False,0.0003992500132881105,0.0,0.18209213411654696,True,True,True,False
c7ed2a35648a413b0778,multiplicity,multiplicity,2376,1857630253,16,5000,0.0,0.05,rbf,median,anytime,bonferroni,3,10,False,UNRESOLVED,5000,True,False,False,0.0003969580284319818,0.0,0.18209213411654696,True,True,True,False
05f4bf001dd0b79d2aa1,multiplicity,multiplicity,2377,4232111312,16,5000,0.0,0.05,rbf,median,anytime,bonferroni,3,10,False,UNRESOLVED,5000,True,False,False,0.00039858301170170307,0.0,0.18209213411654696,True,True,True,False
4da7454585a9ec1d1c30,multiplicity,multiplicity,2378,47011666,16,5000,0.0,0.05,rbf,median,anytime,bonferroni,3,10,False,UNRESOLVED,5000,True,False,False,0.0003999999607913196,0.0,0.18209213411654696,True,True,True,False
fca9f1a424f2979bb2de,multiplicity,multiplicity,2379,1599946752,16,5000,0.0,0.05,rbf,median,anytime,bonferroni,3,10,False,UNRESOLVED,5000,True,False,False,0.00039891700726002455,0.0,0.18209213411654696,True,True,True,False
e75082ca5e1923b48c28,multiplicity,multiplicity,2380,3620547037,16,5000,0.0,0.05,rbf,median,anytime,bonferroni,3,10,False,UNRESOLVED,5000,True,False,False,0.0003994579892605543,0.0,0.18209213411654696,True,True,True,False
b2cc4f5d5e0b867df43e,multiplicity,multiplicity,2381,4091525076,16,5000,0.0,0.05,rbf,median,anytime,bonferroni,3,10,False,UNRESOLVED,5000,True,False,False,0.0003976249718107283,0.0,0.18209213411654696,True,True,True,False
602808389d4a96edfb52,multiplicity,multiplicity,2382,1130729325,16,5000,0.0,0.05,rbf,median,anytime,bonferroni,3,10,False,UNRESOLVED,5000,True,False,False,0.00039954198291525245,0.0,0.18209213411654696,True,True,True,False
3c90fffc48394eb1db78,multiplicity,multiplicity,2383,2643487141,16,5000,0.0,0.05,rbf,median,anytime,bonferroni,3,10,False,UNRESOLVED,5000,True,False,False,0.00039833399932831526,0.0,0.18209213411654696,True,True,True,False
14239267d28651e55cd8,multiplicity,multiplicity,2384,2238472349,16,5000,0.0,0.05,rbf,median,anytime,bonferroni,3,10,False,UNRESOLVED,5000,True,False,False,0.0003974580322392285,0.0,0.18209213411654696,True,True,True,False
75143a1ec49f973e7117,multiplicity,multiplicity,2385,2400265853,16,5000,0.0,0.05,rbf,median,anytime,bonferroni,3,10,False,UNRESOLVED,5000,True,False,False,0.00041333300760015845,0.0,0.18209213411654696,True,True,True,False
cda12397001481b56735,multiplicity,multiplicity,2386,3312382521,16,5000,0.0,0.05,rbf,median,anytime,bonferroni,3,10,False,UNRESOLVED,5000,True,False,False,0.0003976250300183892,0.0,0.18209213411654696,True,True,True,False
f51d79d728f19ebf6925,multiplicity,multiplicity,2387,3270830411,16,5000,0.0,0.05,rbf,median,anytime,bonferroni,3,10,False,UNRESOLVED,5000,True,False,False,0.00039837497752159834,0.0,0.18209213411654696,True,True,True,False
5cee8cbfb264f413e0cb,multiplicity,multiplicity,2388,1498100762,16,5000,0.0,0.05,rbf,median,anytime,bonferroni,3,10,False,UNRESOLVED,5000,True,False,False,0.0003980830078944564,0.0,0.18209213411654696,True,True,True,False
05706b1c4d26fbe14612,multiplicity,multiplicity,2389,449166066,16,5000,0.0,0.05,rbf,median,anytime,bonferroni,3,10,False,UNRESOLVED,5000,True,False,False,0.0003974579740315676,0.0,0.18209213411654696,True,True,True,False
41351beff4693619b98d,multiplicity,multiplicity,2390,2380957580,16,5000,0.0,0.05,rbf,median,anytime,bonferroni,3,10,False,UNRESOLVED,5000,True,False,False,0.00040154100861400366,0.0,0.18209213411654696,True,True,True,False
f8de90210800b8f25971,multiplicity,multiplicity,2391,2150615344,16,5000,0.0,0.05,rbf,median,anytime,bonferroni,3,10,False,UNRESOLVED,5000,True,False,False,0.00039837497752159834,0.0,0.18209213411654696,True,True,True,False
611f0b31e24f637af8b4,multiplicity,multiplicity,2392,2207686572,16,5000,0.0,0.05,rbf,median,anytime,bonferroni,3,10,False,UNRESOLVED,5000,True,False,False,0.0003980000037699938,0.0,0.18209213411654696,True,True,True,False
b5c4760e8d78ce40dbe5,multiplicity,multiplicity,2393,3527790531,16,5000,0.0,0.05,rbf,median,anytime,bonferroni,3,10,False,UNRESOLVED,5000,True,False,False,0.000398124975617975,0.0,0.18209213411654696,True,True,True,False
2c16899295b0be1b1509,multiplicity,multiplicity,2394,1386766764,16,5000,0.0,0.05,rbf,median,anytime,bonferroni,3,10,False,UNRESOLVED,5000,True,False,False,0.00039833300979807973,0.0,0.18209213411654696,True,True,True,False
1be1ad21fac1398fa4a5,multiplicity,multiplicity,2395,1102175260,16,5000,0.0,0.05,rbf,median,anytime,bonferroni,3,10,False,UNRESOLVED,5000,True,False,False,0.000395291019231081,0.0,0.18209213411654696,True,True,True,False
69128b7122016b21d342,multiplicity,multiplicity,2396,161643648,16,5000,0.0,0.05,rbf,median,anytime,bonferroni,3,10,False,UNRESOLVED,5000,True,False,False,0.0003982910420745611,0.0,0.18209213411654696,True,True,True,False
5ebd8531dbe4106c77c2,multiplicity,multiplicity,2397,732635253,16,5000,0.0,0.05,rbf,median,anytime,bonferroni,3,10,False,UNRESOLVED,5000,True,False,False,0.00039908301550894976,0.0,0.18209213411654696,True,True,True,False
480589502e57361ab730,multiplicity,multiplicity,2398,2113411495,16,5000,0.0,0.05,rbf,median,anytime,bonferroni,3,10,False,UNRESOLVED,5000,True,False,False,0.00039833300979807973,0.0,0.18209213411654696,True,True,True,False
c1e85eb69d692c1d92fb,multiplicity,multiplicity,2399,3659841691,16,5000,0.0,0.05,rbf,median,anytime,bonferroni,3,10,False,UNRESOLVED,5000,True,False,False,0.00039670802652835846,0.0,0.18209213411654696,True,True,True,False
c54989ae8a57af8de389,multiplicity,multiplicity,2400,1514420844,16,5000,0.0,0.05,rbf,median,anytime,bonferroni,3,10,False,UNRESOLVED,5000,True,False,False,0.0003973750281147659,0.0,0.18209213411654696,True,True,True,False
f3d8f728d53978c7400f,multiplicity,multiplicity,2401,2223230079,16,5000,0.0,0.05,rbf,median,anytime,bonferroni,3,10,False,UNRESOLVED,5000,True,False,False,0.00039787497371435165,0.0,0.18209213411654696,True,True,True,False
9cbf51d2aaf6faed142d,multiplicity,multiplicity,2402,906412502,16,5000,0.0,0.05,rbf,median,anytime,bonferroni,3,10,False,UNRESOLVED,5000,True,False,False,0.0003978339955210686,0.0,0.18209213411654696,True,True,True,False
dd9700f17e15edf151b7,multiplicity,multiplicity,2403,1528417722,16,5000,0.0,0.05,rbf,median,anytime,bonferroni,3,10,False,UNRESOLVED,5000,True,False,False,0.0003969999961555004,0.0,0.18209213411654696,True,True,True,False
4243b327c7af349b9b83,multiplicity,multiplicity,2404,3582865209,16,5000,0.0,0.05,rbf,median,anytime,bonferroni,3,10,False,UNRESOLVED,5000,True,False,False,0.00039795797783881426,0.0,0.18209213411654696,True,True,True,False
c4676829b5d0e26d9b39,multiplicity,multiplicity,2405,2801398063,16,5000,0.0,0.05,rbf,median,anytime,bonferroni,3,10,False,UNRESOLVED,5000,True,False,False,0.00039616599678993225,0.0,0.18209213411654696,True,True,True,False
2f23f571d0fe536f5443,multiplicity,multiplicity,2406,4041063840,16,5000,0.0,0.05,rbf,median,anytime,bonferroni,3,10,False,UNRESOLVED,5000,True,False,False,0.0003974999999627471,0.0,0.18209213411654696,True,True,True,False
086beee6e75238acd0cf,multiplicity,multiplicity,2407,2588133071,16,5000,0.0,0.05,rbf,median,anytime,bonferroni,3,10,False,UNRESOLVED,5000,True,False,False,0.0003986670053564012,0.0,0.18209213411654696,True,True,True,False
cb6b7747c911f388fd6b,multiplicity,multiplicity,2408,1410636005,16,5000,0.0,0.05,rbf,median,anytime,bonferroni,3,10,False,UNRESOLVED,5000,True,False,False,0.00039837497752159834,0.0,0.18209213411654696,True,True,True,False
2313a51872928d362fbb,multiplicity,multiplicity,2409,910770870,16,5000,0.0,0.05,rbf,median,anytime,bonferroni,3,10,False,UNRESOLVED,5000,True,False,False,0.0003986660158261657,0.0,0.18209213411654696,True,True,True,False
9e558420e085488763b6,multiplicity,multiplicity,2410,3534689876,16,5000,0.0,0.05,rbf,median,anytime,bonferroni,3,10,False,UNRESOLVED,5000,True,False,False,0.00039783300599083304,0.0,0.18209213411654696,True,True,True,False
65116b313078d199cf5e,multiplicity,multiplicity,2411,1855061405,16,5000,0.0,0.05,rbf,median,anytime,bonferroni,3,10,False,UNRESOLVED,5000,True,False,False,0.0003980839974246919,0.0,0.18209213411654696,True,True,True,False
b094039cba0b4e37e423,multiplicity,multiplicity,2412,887880314,16,5000,0.0,0.05,rbf,median,anytime,bonferroni,3,10,False,UNRESOLVED,5000,True,False,False,0.0003990840050391853,0.0,0.18209213411654696,True,True,True,False
db6c597b3a4818d41d95,multiplicity,multiplicity,2413,3405566172,16,5000,0.0,0.05,rbf,median,anytime,bonferroni,3,10,False,UNRESOLVED,5000,True,False,False,0.0003962920163758099,0.0,0.18209213411654696,True,True,True,False
e13d4c9ebb94bbeb89b8,multiplicity,multiplicity,2414,3948197687,16,5000,0.0,0.05,rbf,median,anytime,bonferroni,3,10,False,UNRESOLVED,5000,True,False,False,0.00040141702629625797,0.0,0.18209213411654696,True,True,True,False
09775fb865bd2565aa46,multiplicity,multiplicity,2415,335503740,16,5000,0.0,0.05,rbf,median,anytime,bonferroni,3,10,False,UNRESOLVED,5000,True,False,False,0.0003981250338256359,0.0,0.18209213411654696,True,True,True,False
0bb0e4c44a535d6d4cae,multiplicity,multiplicity,2416,3184609940,16,5000,0.0,0.05,rbf,median,anytime,bonferroni,3,10,False,UNRESOLVED,5000,True,False,False,0.00039900001138448715,0.0,0.18209213411654696,True,True,True,False
bd77cf6d439a07b19889,multiplicity,multiplicity,2417,2980855931,16,5000,0.0,0.05,rbf,median,anytime,bonferroni,3,10,False,UNRESOLVED,5000,True,False,False,0.0003982499474659562,0.0,0.18209213411654696,True,True,True,False
a499de5bb9dbfd0fa990,multiplicity,multiplicity,2418,1408738628,16,5000,0.0,0.05,rbf,median,anytime,bonferroni,3,10,False,UNRESOLVED,5000,True,False,False,0.0003991670091636479,0.0,0.18209213411654696,True,True,True,False
bc0bab29733532dfa19a,multiplicity,multiplicity,2419,2017164538,16,5000,0.0,0.05,rbf,median,anytime,bonferroni,3,10,False,UNRESOLVED,5000,True,False,False,0.00039891700726002455,0.0,0.18209213411654696,True,True,True,False
f2e2ef822f1b1775720b,multiplicity,multiplicity,2420,3002932845,16,5000,0.0,0.05,rbf,median,anytime,bonferroni,3,10,False,UNRESOLVED,5000,True,False,False,0.00039954204112291336,0.0,0.18209213411654696,True,True,True,False
950f709b8c79662b39a8,multiplicity,multiplicity,2421,934048778,16,5000,0.0,0.05,rbf,median,anytime,bonferroni,3,10,False,UNRESOLVED,5000,True,False,False,0.0003982500056736171,0.0,0.18209213411654696,True,True,True,False
45e49db7321141083192,multiplicity,multiplicity,2422,2664110822,16,5000,0.0,0.05,rbf,median,anytime,bonferroni,3,10,False,UNRESOLVED,5000,True,False,False,0.0003980830078944564,0.0,0.18209213411654696,True,True,True,False
a77ff207fb85f658c45b,multiplicity,multiplicity,2423,2535554857,16,5000,0.0,0.05,rbf,median,anytime,bonferroni,3,10,False,UNRESOLVED,5000,True,False,False,0.00039733300218358636,0.0,0.18209213411654696,True,True,True,False
16b59f73d8bfcfa4616c,multiplicity,multiplicity,2424,2898269863,16,5000,0.0,0.05,rbf,median,anytime,bonferroni,3,10,False,UNRESOLVED,5000,True,False,False,0.00039883400313556194,0.0,0.18209213411654696,True,True,True,False
5f3db61886559a8d1647,multiplicity,multiplicity,2425,3122406506,16,5000,0.0,0.05,rbf,median,anytime,bonferroni,3,10,False,UNRESOLVED,5000,True,False,False,0.00039733300218358636,0.0,0.18209213411654696,True,True,True,False
f0ab8924cc6521e169f9,multiplicity,multiplicity,2426,1739098312,16,5000,0.0,0.05,rbf,median,anytime,bonferroni,3,10,False,UNRESOLVED,5000,True,False,False,0.0003992089768871665,0.0,0.18209213411654696,True,True,True,False
076fb0d9a15b10ba9742,multiplicity,multiplicity,2427,2631301528,16,5000,0.0,0.05,rbf,median,anytime,bonferroni,3,10,False,UNRESOLVED,5000,True,False,False,0.0003980419714935124,0.0,0.18209213411654696,True,True,True,False
3234d8d31fa3cc86bace,multiplicity,multiplicity,2428,1584919723,16,5000,0.0,0.05,rbf,median,anytime,bonferroni,3,10,False,UNRESOLVED,5000,True,False,False,0.0003976250300183892,0.0,0.18209213411654696,True,True,True,False
d5c9dddd10485de9f497,multiplicity,multiplicity,2429,264769419,16,5000,0.0,0.05,rbf,median,anytime,bonferroni,3,10,False,UNRESOLVED,5000,True,False,False,0.00039679103065282106,0.0,0.18209213411654696,True,True,True,False
0aa3a6220ad14d2f40c7,multiplicity,multiplicity,2430,3572340118,16,5000,0.0,0.05,rbf,median,anytime,bonferroni,3,10,False,UNRESOLVED,5000,True,False,False,0.00039904197910800576,0.0,0.18209213411654696,True,True,True,False
b265f4702b5d3af5aa13,multiplicity,multiplicity,2431,930993510,16,5000,0.0,0.05,rbf,median,anytime,bonferroni,3,10,False,UNRESOLVED,5000,True,False,False,0.00039891700726002455,0.0,0.18209213411654696,True,True,True,False
d0753789a3d6e9be34c5,multiplicity,multiplicity,2432,625200503,16,5000,0.0,0.05,rbf,median,anytime,bonferroni,3,10,False,UNRESOLVED,5000,True,False,False,0.00035104103153571486,0.0,0.18209213411654696,True,True,True,False
3253b6df46d65a51bead,multiplicity,multiplicity,2433,2734626930,16,5000,0.0,0.05,rbf,median,anytime,bonferroni,3,10,False,UNRESOLVED,5000,True,False,False,0.0003428339841775596,0.0,0.18209213411654696,True,True,True,False
8e83977c15a1038bb883,multiplicity,multiplicity,2434,569323277,16,5000,0.0,0.05,rbf,median,anytime,bonferroni,3,10,False,UNRESOLVED,5000,True,False,False,0.0003441250300966203,0.0,0.18209213411654696,True,True,True,False
06a719d6179ed6deb34a,multiplicity,multiplicity,2435,1304355454,16,5000,0.0,0.05,rbf,median,anytime,bonferroni,3,10,False,UNRESOLVED,5000,True,False,False,0.00034145801328122616,0.0,0.18209213411654696,True,True,True,False
f55240a5b199c9873a5d,multiplicity,multiplicity,2436,2240814386,16,5000,0.0,0.05,rbf,median,anytime,bonferroni,3,10,False,UNRESOLVED,5000,True,False,False,0.0003481670282781124,0.0,0.18209213411654696,True,True,True,False
1eb0247d8e3630395da6,multiplicity,multiplicity,2437,730094977,16,5000,0.0,0.05,rbf,median,anytime,bonferroni,3,10,False,UNRESOLVED,5000,True,False,False,0.00034266599686816335,0.0,0.18209213411654696,True,True,True,False
98c40e9a2d2162400a84,multiplicity,multiplicity,2438,3764792277,16,5000,0.0,0.05,rbf,median,anytime,bonferroni,3,10,False,UNRESOLVED,5000,True,False,False,0.00034266599686816335,0.0,0.18209213411654696,True,True,True,False
01d962fcbcf2bdac06e8,multiplicity,multiplicity,2439,3379448546,16,5000,0.0,0.05,rbf,median,anytime,bonferroni,3,10,False,UNRESOLVED,5000,True,False,False,0.000346417014952749,0.0,0.18209213411654696,True,True,True,False
55edf76ef311c4869d23,multiplicity,multiplicity,2440,1823684474,16,5000,0.0,0.05,rbf,median,anytime,bonferroni,3,10,False,UNRESOLVED,5000,True,False,False,0.00034074997529387474,0.0,0.18209213411654696,True,True,True,False
0c4104643aeabed37231,multiplicity,multiplicity,2441,3650866824,16,5000,0.0,0.05,rbf,median,anytime,bonferroni,3,10,False,UNRESOLVED,5000,True,False,False,0.0003423329908400774,0.0,0.18209213411654696,True,True,True,False
4235df6d7065d01eb4fc,multiplicity,multiplicity,2442,1470330064,16,5000,0.0,0.05,rbf,median,anytime,bonferroni,3,10,False,UNRESOLVED,5000,True,False,False,0.00034304201835766435,0.0,0.18209213411654696,True,True,True,False
b854ce50c4ca6f86d60f,multiplicity,multiplicity,2443,3893506970,16,5000,0.0,0.05,rbf,median,anytime,bonferroni,3,10,False,UNRESOLVED,5000,True,False,False,0.0003429159987717867,0.0,0.18209213411654696,True,True,True,False
d507316c27dda5e416e8,multiplicity,multiplicity,2444,2338943204,16,5000,0.0,0.05,rbf,median,anytime,bonferroni,3,10,False,UNRESOLVED,5000,True,False,False,0.00034241698449477553,0.0,0.18209213411654696,True,True,True,False
a59c1f9eea390f4acafb,multiplicity,multiplicity,2445,2837720847,16,5000,0.0,0.05,rbf,median,anytime,bonferroni,3,10,False,UNRESOLVED,5000,True,False,False,0.0003428339841775596,0.0,0.18209213411654696,True,True,True,False
e25290fa516813cf7e85,multiplicity,multiplicity,2446,642901545,16,5000,0.0,0.05,rbf,median,anytime,bonferroni,3,10,False,UNRESOLVED,5000,True,False,False,0.00034200004301965237,0.0,0.18209213411654696,True,True,True,False
1e9788897ad3c38afec1,multiplicity,multiplicity,2447,4081956587,16,5000,0.0,0.05,rbf,median,anytime,bonferroni,3,10,False,UNRESOLVED,5000,True,False,False,0.0003415840328671038,0.0,0.18209213411654696,True,True,True,False
d60477fc5657e5710376,multiplicity,multiplicity,2448,2742003685,16,5000,0.0,0.05,rbf,median,anytime,bonferroni,3,10,False,UNRESOLVED,5000,True,False,False,0.0006168329855427146,0.0,0.18209213411654696,True,True,True,False
20ddde5d91a906368bd8,multiplicity,multiplicity,2449,1422225735,16,5000,0.0,0.05,rbf,median,anytime,bonferroni,3,10,False,UNRESOLVED,5000,True,False,False,0.0005059590330347419,0.0,0.18209213411654696,True,True,True,False
723aed6ae3cf24c0ee5d,multiplicity,multiplicity,2450,617829232,16,5000,0.0,0.05,rbf,median,anytime,bonferroni,3,10,False,UNRESOLVED,5000,True,False,False,0.0004829589743167162,0.0,0.18209213411654696,True,True,True,False
efe7776a068833c0ae81,multiplicity,multiplicity,2451,1326876012,16,5000,0.0,0.05,rbf,median,anytime,bonferroni,3,10,False,UNRESOLVED,5000,True,False,False,0.00047679198905825615,0.0,0.18209213411654696,True,True,True,False
4338e30d83b3800811dd,multiplicity,multiplicity,2452,1237624456,16,5000,0.0,0.05,rbf,median,anytime,bonferroni,3,10,False,UNRESOLVED,5000,True,False,False,0.00047445803647860885,0.0,0.18209213411654696,True,True,True,False
047f1238674940c9bfc4,multiplicity,multiplicity,2453,3270796777,16,5000,0.0,0.05,rbf,median,anytime,bonferroni,3,10,False,UNRESOLVED,5000,True,False,False,0.00047804199857637286,0.0,0.18209213411654696,True,True,True,False
0f8f2448d611ebbe86d9,multiplicity,multiplicity,2454,1906950598,16,5000,0.0,0.05,rbf,median,anytime,bonferroni,3,10,False,UNRESOLVED,5000,True,False,False,0.0004724999889731407,0.0,0.18209213411654696,True,True,True,False
8eb99452df8e2ec10015,multiplicity,multiplicity,2455,2499912678,16,5000,0.0,0.05,rbf,median,anytime,bonferroni,3,10,False,UNRESOLVED,5000,True,False,False,0.00048045796575024724,0.0,0.18209213411654696,True,True,True,False
a5e5a3c9392cac97a6c6,multiplicity,multiplicity,2456,2647427181,16,5000,0.0,0.05,rbf,median,anytime,bonferroni,3,10,False,UNRESOLVED,5000,True,False,False,0.0005083330324850976,0.0,0.18209213411654696,True,True,True,False
b6671a407ab5b8e91d85,multiplicity,multiplicity,2457,1385159636,16,5000,0.0,0.05,rbf,median,anytime,bonferroni,3,10,False,UNRESOLVED,5000,True,False,False,0.0005367500125430524,0.0,0.18209213411654696,True,True,True,False
ae4b52bd09f512d15ac7,multiplicity,multiplicity,2458,3610249631,16,5000,0.0,0.05,rbf,median,anytime,bonferroni,3,10,False,UNRESOLVED,5000,True,False,False,0.0005109999910928309,0.0,0.18209213411654696,True,True,True,False
d721a50d2a7a2579ec4a,multiplicity,multiplicity,2459,2523906444,16,5000,0.0,0.05,rbf,median,anytime,bonferroni,3,10,False,UNRESOLVED,5000,True,False,False,0.0004914579913020134,0.0,0.18209213411654696,True,True,True,False
c8721265fe814a86031d,multiplicity,multiplicity,2460,1354787298,16,5000,0.0,0.05,rbf,median,anytime,bonferroni,3,10,False,UNRESOLVED,5000,True,False,False,0.00047620804980397224,0.0,0.18209213411654696,True,True,True,False
d8431f7dddcb751d494e,multiplicity,multiplicity,2461,3975889020,16,5000,0.0,0.05,rbf,median,anytime,bonferroni,3,10,False,UNRESOLVED,5000,True,False,False,0.00047758303117007017,0.0,0.18209213411654696,True,True,True,False
199d50114139732c43f9,multiplicity,multiplicity,2462,3519974198,16,5000,0.0,0.05,rbf,median,anytime,bonferroni,3,10,False,UNRESOLVED,5000,True,False,False,0.00047274999087676406,0.0,0.18209213411654696,True,True,True,False
a8e50ca47c7af9e7ef7d,multiplicity,multiplicity,2463,2156976821,16,5000,0.0,0.05,rbf,median,anytime,bonferroni,3,10,False,UNRESOLVED,5000,True,False,False,0.0004722090088762343,0.0,0.18209213411654696,True,True,True,False
652b844d3451f6f7fcb6,multiplicity,multiplicity,2464,2546199810,16,5000,0.0,0.05,rbf,median,anytime,bonferroni,3,10,False,UNRESOLVED,5000,True,False,False,0.0004700419958680868,0.0,0.18209213411654696,True,True,True,False
7e8095c5314db23a3dbb,multiplicity,multiplicity,2465,2466654245,16,5000,0.0,0.05,rbf,median,anytime,bonferroni,3,10,False,UNRESOLVED,5000,True,False,False,0.00047516601625829935,0.0,0.18209213411654696,True,True,True,False
b8512c387d83774cf36b,multiplicity,multiplicity,2466,648238097,16,5000,0.0,0.05,rbf,median,anytime,bonferroni,3,10,False,UNRESOLVED,5000,True,False,False,0.0004739590222015977,0.0,0.18209213411654696,True,True,True,False
a1e5f1ab9923096ce2b9,multiplicity,multiplicity,2467,3886535115,16,5000,0.0,0.05,rbf,median,anytime,bonferroni,3,10,False,UNRESOLVED,5000,True,False,False,0.00042637501610442996,0.0,0.18209213411654696,True,True,True,False
a95601286b300e39ea10,multiplicity,multiplicity,2468,1122900058,16,5000,0.0,0.05,rbf,median,anytime,bonferroni,3,10,False,UNRESOLVED,5000,True,False,False,0.00040733296191319823,0.0,0.18209213411654696,True,True,True,False
d56ea34d1e4ba31827ff,multiplicity,multiplicity,2469,3627293034,16,5000,0.0,0.05,rbf,median,anytime,bonferroni,3,10,False,UNRESOLVED,5000,True,False,False,0.0004044999950565398,0.0,0.18209213411654696,True,True,True,False
0d9f7afc5735e8e05e7b,multiplicity,multiplicity,2470,1894136824,16,5000,0.0,0.05,rbf,median,anytime,bonferroni,3,10,False,UNRESOLVED,5000,True,False,False,0.00039775000186637044,0.0,0.18209213411654696,True,True,True,False
f7f8e91910a7740f758e,multiplicity,multiplicity,2471,2388267229,16,5000,0.0,0.05,rbf,median,anytime,bonferroni,3,10,False,UNRESOLVED,5000,True,False,False,0.00039895798545330763,0.0,0.18209213411654696,True,True,True,False
102ad7fa4adb8c78ff53,multiplicity,multiplicity,2472,3636007080,16,5000,0.0,0.05,rbf,median,anytime,bonferroni,3,10,False,UNRESOLVED,5000,True,False,False,0.0005186249618418515,0.0,0.18209213411654696,True,True,True,False
f20da37f2f093bc05a48,multiplicity,multiplicity,2473,849092355,16,5000,0.0,0.05,rbf,median,anytime,bonferroni,3,10,False,UNRESOLVED,5000,True,False,False,0.000533166981767863,0.0,0.18209213411654696,True,True,True,False
4bf4119a73b26fc25012,multiplicity,multiplicity,2474,4051069917,16,5000,0.0,0.05,rbf,median,anytime,bonferroni,3,10,False,UNRESOLVED,5000,True,False,False,0.0005153749953024089,0.0,0.18209213411654696,True,True,True,False
1b4b38261dad4174d3c3,multiplicity,multiplicity,2475,873711936,16,5000,0.0,0.05,rbf,median,anytime,bonferroni,3,10,False,UNRESOLVED,5000,True,False,False,0.0005089169717393816,0.0,0.18209213411654696,True,True,True,False
d9ce481ce5fcfc1b6309,multiplicity,multiplicity,2476,3807301168,16,5000,0.0,0.05,rbf,median,anytime,bonferroni,3,10,False,UNRESOLVED,5000,True,False,False,0.0004794580163434148,0.0,0.18209213411654696,True,True,True,False
accf47648084bc206db1,multiplicity,multiplicity,2477,2632373176,16,5000,0.0,0.05,rbf,median,anytime,bonferroni,3,10,False,UNRESOLVED,5000,True,False,False,0.0004757919814437628,0.0,0.18209213411654696,True,True,True,False
14e3d20ce353045714ce,multiplicity,multiplicity,2478,2797536681,16,5000,0.0,0.05,rbf,median,anytime,bonferroni,3,10,False,UNRESOLVED,5000,True,False,False,0.0004701249999925494,0.0,0.18209213411654696,True,True,True,False
10ae7f60eeca1236f4ad,multiplicity,multiplicity,2479,1302277899,16,5000,0.0,0.05,rbf,median,anytime,bonferroni,3,10,False,UNRESOLVED,5000,True,False,False,0.0004724999889731407,0.0,0.18209213411654696,True,True,True,False
ed9de711ac0c64a7f81c,multiplicity,multiplicity,2480,1179995371,16,5000,0.0,0.05,rbf,median,anytime,bonferroni,3,10,False,UNRESOLVED,5000,True,False,False,0.0004718750133179128,0.0,0.18209213411654696,True,True,True,False
2f8a24e98710efe19072,multiplicity,multiplicity,2481,277034949,16,5000,0.0,0.05,rbf,median,anytime,bonferroni,3,10,False,UNRESOLVED,5000,True,False,False,0.00047154101775959134,0.0,0.18209213411654696,True,True,True,False
7a37ede304726b20e3af,multiplicity,multiplicity,2482,3742557356,16,5000,0.0,0.05,rbf,median,anytime,bonferroni,3,10,False,UNRESOLVED,5000,True,False,False,0.00047312502283602953,0.0,0.18209213411654696,True,True,True,False
622baf008e02cae03a66,multiplicity,multiplicity,2483,967050700,16,5000,0.0,0.05,rbf,median,anytime,bonferroni,3,10,False,UNRESOLVED,5000,True,False,False,0.0004726659972220659,0.0,0.18209213411654696,True,True,True,False
3d0e0deaacd078aec830,multiplicity,multiplicity,2484,415096468,16,5000,0.0,0.05,rbf,median,anytime,bonferroni,3,10,False,UNRESOLVED,5000,True,False,False,0.00047145801363512874,0.0,0.18209213411654696,True,True,True,False
e2bd00b72e1be6aa06df,multiplicity,multiplicity,2485,918991368,16,5000,0.0,0.05,rbf,median,anytime,bonferroni,3,10,False,UNRESOLVED,5000,True,False,False,0.00047154200728982687,0.0,0.18209213411654696,True,True,True,False
fad774ce3d5956c92719,multiplicity,multiplicity,2486,960189963,16,5000,0.0,0.05,rbf,median,anytime,bonferroni,3,10,False,UNRESOLVED,5000,True,False,False,0.0004772079992108047,0.0,0.18209213411654696,True,True,True,False
ab801b0129f8559ee112,multiplicity,multiplicity,2487,3405884595,16,5000,0.0,0.05,rbf,median,anytime,bonferroni,3,10,False,UNRESOLVED,5000,True,False,False,0.00046495895367115736,0.0,0.18209213411654696,True,True,True,False
42816f56c293cb6e734c,multiplicity,multiplicity,2488,3544237886,16,5000,0.0,0.05,rbf,median,anytime,bonferroni,3,10,False,UNRESOLVED,5000,True,False,False,0.00041620800038799644,0.0,0.18209213411654696,True,True,True,False
dd6e952ef3732f18f846,multiplicity,multiplicity,2489,1294793488,16,5000,0.0,0.05,rbf,median,anytime,bonferroni,3,10,False,UNRESOLVED,5000,True,False,False,0.00040800002170726657,0.0,0.18209213411654696,True,True,True,False
867af73016d6f956d4c6,multiplicity,multiplicity,2490,920197249,16,5000,0.0,0.05,rbf,median,anytime,bonferroni,3,10,False,UNRESOLVED,5000,True,False,False,0.00040308397728949785,0.0,0.18209213411654696,True,True,True,False
751e0c812c9b62c70b3e,multiplicity,multiplicity,2491,1472238635,16,5000,0.0,0.05,rbf,median,anytime,bonferroni,3,10,False,UNRESOLVED,5000,True,False,False,0.0004005000228062272,0.0,0.18209213411654696,True,True,True,False
56915efe624a690e9254,multiplicity,multiplicity,2492,3117827128,16,5000,0.0,0.05,rbf,median,anytime,bonferroni,3,10,False,UNRESOLVED,5000,True,False,False,0.00040066696237772703,0.0,0.18209213411654696,True,True,True,False
f45b08fb4f8dad9a4149,multiplicity,multiplicity,2493,3425225771,16,5000,0.0,0.05,rbf,median,anytime,bonferroni,3,10,False,UNRESOLVED,5000,True,False,False,0.00040316703962162137,0.0,0.18209213411654696,True,True,True,False
bc0bbcfb31fc43324f9f,multiplicity,multiplicity,2494,2126577427,16,5000,0.0,0.05,rbf,median,anytime,bonferroni,3,10,False,UNRESOLVED,5000,True,False,False,0.00040004204493016005,0.0,0.18209213411654696,True,True,True,False
53c8d3b2215f7cae7c81,multiplicity,multiplicity,2495,1717444954,16,5000,0.0,0.05,rbf,median,anytime,bonferroni,3,10,False,UNRESOLVED,5000,True,False,False,0.0003985419753007591,0.0,0.18209213411654696,True,True,True,False
df100defb5c79ea344d2,multiplicity,multiplicity,2496,2546840560,16,5000,0.0,0.05,rbf,median,anytime,bonferroni,3,10,False,UNRESOLVED,5000,True,False,False,0.0003981669433414936,0.0,0.18209213411654696,True,True,True,False
0066ed4bd4eebc10b2cf,multiplicity,multiplicity,2497,1618405181,16,5000,0.0,0.05,rbf,median,anytime,bonferroni,3,10,False,UNRESOLVED,5000,True,False,False,0.00040191604057326913,0.0,0.18209213411654696,True,True,True,False
c396102825b542e42328,multiplicity,multiplicity,2498,672339668,16,5000,0.0,0.05,rbf,median,anytime,bonferroni,3,10,False,UNRESOLVED,5000,True,False,False,0.00039958296110853553,0.0,0.18209213411654696,True,True,True,False
7edd3362d2f846f5ef48,multiplicity,multiplicity,2499,618069108,16,5000,0.0,0.05,rbf,median,anytime,bonferroni,3,10,False,UNRESOLVED,5000,True,False,False,0.0003990420373156667,0.0,0.18209213411654696,True,True,True,False
fae25324912eeb58bf4a,multiplicity,multiplicity,2500,1854171903,16,5000,0.0,0.05,rbf,median,anytime,bonferroni,3,10,False,UNRESOLVED,5000,True,False,False,0.00039962498703971505,0.0,0.18209213411654696,True,True,True,False
23597e63f27c7a76eeb9,multiplicity,multiplicity,2501,897452972,16,5000,0.0,0.05,rbf,median,anytime,bonferroni,3,10,False,UNRESOLVED,5000,True,False,False,0.00040200003422796726,0.0,0.18209213411654696,True,True,True,False
02876bd414883b2bc5b5,multiplicity,multiplicity,2502,2988731860,16,5000,0.0,0.05,rbf,median,anytime,bonferroni,3,10,False,UNRESOLVED,5000,True,False,False,0.0003987919772043824,0.0,0.18209213411654696,True,True,True,False
6a098c2e5d296a0a0c68,multiplicity,multiplicity,2503,4124879265,16,5000,0.0,0.05,rbf,median,anytime,bonferroni,3,10,False,UNRESOLVED,5000,True,False,False,0.0003981670015491545,0.0,0.18209213411654696,True,True,True,False
3d6e79ad08f82d76302c,multiplicity,multiplicity,2504,605904540,16,5000,0.0,0.05,rbf,median,anytime,bonferroni,3,10,False,UNRESOLVED,5000,True,False,False,0.00039845798164606094,0.0,0.18209213411654696,True,True,True,False
b8629e8740dff31af9f6,multiplicity,multiplicity,2505,3785010239,16,5000,0.0,0.05,rbf,median,anytime,bonferroni,3,10,False,UNRESOLVED,5000,True,False,False,0.0004005000228062272,0.0,0.18209213411654696,True,True,True,False
a97d5f7532974545a7a3,multiplicity,multiplicity,2506,4111756501,16,5000,0.0,0.05,rbf,median,anytime,bonferroni,3,10,False,UNRESOLVED,5000,True,False,False,0.0003955420106649399,0.0,0.18209213411654696,True,True,True,False
f039c61d5a4c736da492,multiplicity,multiplicity,2507,1891679907,16,5000,0.0,0.05,rbf,median,anytime,bonferroni,3,10,False,UNRESOLVED,5000,True,False,False,0.00039775000186637044,0.0,0.18209213411654696,True,True,True,False
edc78531509ccb8fbdd7,multiplicity,multiplicity,2508,1351221583,16,5000,0.0,0.05,rbf,median,anytime,bonferroni,3,10,False,UNRESOLVED,5000,True,False,False,0.0003975419676862657,0.0,0.18209213411654696,True,True,True,False
2a9ae39d7949ced8f701,multiplicity,multiplicity,2509,1469805376,16,5000,0.0,0.05,rbf,median,anytime,bonferroni,3,10,False,UNRESOLVED,5000,True,False,False,0.00040141597855836153,0.0,0.18209213411654696,True,True,True,False
58e4859d5d0374f8de75,multiplicity,multiplicity,2510,3154214984,16,5000,0.0,0.05,rbf,median,anytime,bonferroni,3,10,False,UNRESOLVED,5000,True,False,False,0.00037183298263698816,0.0,0.18209213411654696,True,True,True,False
0708c9d3072336d58010,multiplicity,multiplicity,2511,1435637861,16,5000,0.0,0.05,rbf,median,anytime,bonferroni,3,10,False,UNRESOLVED,5000,True,False,False,0.00034070800757035613,0.0,0.18209213411654696,True,True,True,False
6af57a0f5a85c8c81b83,multiplicity,multiplicity,2512,1992999419,16,5000,0.0,0.05,rbf,median,anytime,bonferroni,3,10,False,UNRESOLVED,5000,True,False,False,0.00034254195634275675,0.0,0.18209213411654696,True,True,True,False
1f6e33f4df8f6609156d,multiplicity,multiplicity,2513,2549336776,16,5000,0.0,0.05,rbf,median,anytime,bonferroni,3,10,False,UNRESOLVED,5000,True,False,False,0.0003450419753789902,0.0,0.18209213411654696,True,True,True,False
7fb1668ea9431a7729ec,multiplicity,multiplicity,2514,3328301734,16,5000,0.0,0.05,rbf,median,anytime,bonferroni,3,10,False,UNRESOLVED,5000,True,False,False,0.0003406250034458935,0.0,0.18209213411654696,True,True,True,False
c2510c1b360d772c2a00,multiplicity,multiplicity,2515,707146712,16,5000,0.0,0.05,rbf,median,anytime,bonferroni,3,10,False,UNRESOLVED,5000,True,False,False,0.00034041597973555326,0.0,0.18209213411654696,True,True,True,False
4ef1d77d4897f65cb51e,multiplicity,multiplicity,2516,1855810224,16,5000,0.0,0.05,rbf,median,anytime,bonferroni,3,10,False,UNRESOLVED,5000,True,False,False,0.00034149998100474477,0.0,0.18209213411654696,True,True,True,False
a0c966def2709b07a69b,multiplicity,multiplicity,2517,3038047715,16,5000,0.0,0.05,rbf,median,anytime,bonferroni,3,10,False,UNRESOLVED,5000,True,False,False,0.0003434999962337315,0.0,0.18209213411654696,True,True,True,False
956325e684b862161892,multiplicity,multiplicity,2518,3437559328,16,5000,0.0,0.05,rbf,median,anytime,bonferroni,3,10,False,UNRESOLVED,5000,True,False,False,0.0003416250110603869,0.0,0.18209213411654696,True,True,True,False
e86bdfd1c7517e8adb8a,multiplicity,multiplicity,2519,666349466,16,5000,0.0,0.05,rbf,median,anytime,bonferroni,3,10,False,UNRESOLVED,5000,True,False,False,0.0003421670407988131,0.0,0.18209213411654696,True,True,True,False
568aaf0a1d37caf73daf,multiplicity,multiplicity,2520,595061315,16,5000,0.0,0.05,rbf,median,anytime,bonferroni,3,10,False,UNRESOLVED,5000,True,False,False,0.00034133298322558403,0.0,0.18209213411654696,True,True,True,False
de83ab9065c42f491e2d,multiplicity,multiplicity,2521,3790807764,16,5000,0.0,0.05,rbf,median,anytime,bonferroni,3,10,False,UNRESOLVED,5000,True,False,False,0.00035058404318988323,0.0,0.18209213411654696,True,True,True,False
f4c98f7a0426eafb42a5,multiplicity,multiplicity,2522,1580857091,16,5000,0.0,0.05,rbf,median,anytime,bonferroni,3,10,False,UNRESOLVED,5000,True,False,False,0.00034166598925367,0.0,0.18209213411654696,True,True,True,False
3c139fc95b7c747df1e6,multiplicity,multiplicity,2523,1669654498,16,5000,0.0,0.05,rbf,median,anytime,bonferroni,3,10,False,UNRESOLVED,5000,True,False,False,0.00034158298512920737,0.0,0.18209213411654696,True,True,True,False
2f46d7c7b4b06fb46ccd,multiplicity,multiplicity,2524,1628201879,16,5000,0.0,0.05,rbf,median,anytime,bonferroni,3,10,False,UNRESOLVED,5000,True,False,False,0.0003409999771974981,0.0,0.18209213411654696,True,True,True,False
219265b87c7bbb53edc3,multiplicity,multiplicity,2525,3852817123,16,5000,0.0,0.05,rbf,median,anytime,bonferroni,3,10,False,UNRESOLVED,5000,True,False,False,0.00034241698449477553,0.0,0.18209213411654696,True,True,True,False
930121e6a223b9daf2be,multiplicity,multiplicity,2526,4256753990,16,5000,0.0,0.05,rbf,median,anytime,bonferroni,3,10,False,UNRESOLVED,5000,True,False,False,0.0003416670369915664,0.0,0.18209213411654696,True,True,True,False
b3f42a131ffb7c04f317,multiplicity,multiplicity,2527,1020703370,16,5000,0.0,0.05,rbf,median,anytime,bonferroni,3,10,False,UNRESOLVED,5000,True,False,False,0.0003404999733902514,0.0,0.18209213411654696,True,True,True,False
1932600a821b642467e1,multiplicity,multiplicity,2528,4198372518,16,5000,0.0,0.05,rbf,median,anytime,bonferroni,3,10,False,UNRESOLVED,5000,True,False,False,0.0003415419487282634,0.0,0.18209213411654696,True,True,True,False
4fec3575abb5420b8eb4,multiplicity,multiplicity,2529,4112429991,16,5000,0.0,0.05,rbf,median,anytime,bonferroni,3,10,False,UNRESOLVED,5000,True,False,False,0.0003458749852143228,0.0,0.18209213411654696,True,True,True,False
08f60a6d907264ecbf18,multiplicity,multiplicity,2530,2009663528,16,5000,0.0,0.05,rbf,median,anytime,bonferroni,3,10,False,UNRESOLVED,5000,True,False,False,0.00034066697116941214,0.0,0.18209213411654696,True,True,True,False
bc7360e6acd3086df4eb,multiplicity,multiplicity,2531,2083889777,16,5000,0.0,0.05,rbf,median,anytime,bonferroni,3,10,False,UNRESOLVED,5000,True,False,False,0.00034166598925367,0.0,0.18209213411654696,True,True,True,False
4423a9d8ad83c0ff5560,multiplicity,multiplicity,2532,4184765594,16,5000,0.0,0.05,rbf,median,anytime,bonferroni,3,10,False,UNRESOLVED,5000,True,False,False,0.00034129200503230095,0.0,0.18209213411654696,True,True,True,False
094c4c2f96c753a931a2,multiplicity,multiplicity,2533,613131932,16,5000,0.0,0.05,rbf,median,anytime,bonferroni,3,10,False,UNRESOLVED,5000,True,False,False,0.00034358404809609056,0.0,0.18209213411654696,True,True,True,False
33c04ef91d833ea01619,multiplicity,multiplicity,2534,3967170806,16,5000,0.0,0.05,rbf,median,anytime,bonferroni,3,10,False,UNRESOLVED,5000,True,False,False,0.0003416250110603869,0.0,0.18209213411654696,True,True,True,False
3574fb0ad4685bcf3842,multiplicity,multiplicity,2535,3077458336,16,5000,0.0,0.05,rbf,median,anytime,bonferroni,3,10,False,UNRESOLVED,5000,True,False,False,0.0003440830041654408,0.0,0.18209213411654696,True,True,True,False
d81abde10f0302673c2e,multiplicity,multiplicity,2536,1503604128,16,5000,0.0,0.05,rbf,median,anytime,bonferroni,3,10,False,UNRESOLVED,5000,True,False,False,0.0003411250072531402,0.0,0.18209213411654696,True,True,True,False
0ee38e9df00e495394af,multiplicity,multiplicity,2537,3124332233,16,5000,0.0,0.05,rbf,median,anytime,bonferroni,3,10,False,UNRESOLVED,5000,True,False,False,0.00034425000194460154,0.0,0.18209213411654696,True,True,True,False
f9d83e7911835543ae48,multiplicity,multiplicity,2538,1449477275,16,5000,0.0,0.05,rbf,median,anytime,bonferroni,3,10,False,UNRESOLVED,5000,True,False,False,0.00034391600638628006,0.0,0.18209213411654696,True,True,True,False
486d3c4e0fe14dd763cb,multiplicity,multiplicity,2539,3753469004,16,5000,0.0,0.05,rbf,median,anytime,bonferroni,3,10,False,UNRESOLVED,5000,True,False,False,0.0003422920126467943,0.0,0.18209213411654696,True,True,True,False
e4c58604c3315bdbf329,multiplicity,multiplicity,2540,523728443,16,5000,0.0,0.05,rbf,median,anytime,bonferroni,3,10,False,UNRESOLVED,5000,True,False,False,0.0003415420069359243,0.0,0.18209213411654696,True,True,True,False
2aa7373e30768d7c3ca7,multiplicity,multiplicity,2541,3356469128,16,5000,0.0,0.05,rbf,median,anytime,bonferroni,3,10,False,UNRESOLVED,5000,True,False,False,0.0003447500057518482,0.0,0.18209213411654696,True,True,True,False
e398359af25ab989714f,multiplicity,multiplicity,2542,3046176130,16,5000,0.0,0.05,rbf,median,anytime,bonferroni,3,10,False,UNRESOLVED,5000,True,False,False,0.00034208304714411497,0.0,0.18209213411654696,True,True,True,False
2608927125245afaa9fc,multiplicity,multiplicity,2543,2283177393,16,5000,0.0,0.05,rbf,median,anytime,bonferroni,3,10,False,UNRESOLVED,5000,True,False,False,0.00036816601641476154,0.0,0.18209213411654696,True,True,True,False
8891aa58ac2085aacc98,multiplicity,multiplicity,2544,2268954941,16,5000,0.0,0.05,rbf,median,anytime,bonferroni,3,10,False,UNRESOLVED,5000,True,False,False,0.0003962920163758099,0.0,0.18209213411654696,True,True,True,False
1c08652e2e624f7cfb57,multiplicity,multiplicity,2545,3565962881,16,5000,0.0,0.05,rbf,median,anytime,bonferroni,3,10,False,UNRESOLVED,5000,True,False,False,0.0004005000228062272,0.0,0.18209213411654696,True,True,True,False
73bcf41d554b4abef0bb,multiplicity,multiplicity,2546,580846106,16,5000,0.0,0.05,rbf,median,anytime,bonferroni,3,10,False,UNRESOLVED,5000,True,False,False,0.0003962090122513473,0.0,0.18209213411654696,True,True,True,False
ca578b3c9ae7ba1a9870,multiplicity,multiplicity,2547,3286673003,16,5000,0.0,0.05,rbf,median,anytime,bonferroni,3,10,False,UNRESOLVED,5000,True,False,False,0.0003968750243075192,0.0,0.18209213411654696,True,True,True,False
da8f757c203515bd7814,multiplicity,multiplicity,2548,940642193,16,5000,0.0,0.05,rbf,median,anytime,bonferroni,3,10,False,UNRESOLVED,5000,True,False,False,0.0003964999923482537,0.0,0.18209213411654696,True,True,True,False
330f3fee0b0962cce8f6,multiplicity,multiplicity,2549,3417510985,16,5000,0.0,0.05,rbf,median,anytime,bonferroni,3,10,False,UNRESOLVED,5000,True,False,False,0.0003998330212198198,0.0,0.18209213411654696,True,True,True,False
d6a7c0f6c231303677c9,multiplicity,multiplicity,2550,3577462,16,5000,0.0,0.05,rbf,median,anytime,bonferroni,3,10,False,UNRESOLVED,5000,True,False,False,0.00039770803414285183,0.0,0.18209213411654696,True,True,True,False
8279a405470d2f25061f,multiplicity,multiplicity,2551,3056568556,16,5000,0.0,0.05,rbf,median,anytime,bonferroni,3,10,False,UNRESOLVED,5000,True,False,False,0.0003980830078944564,0.0,0.18209213411654696,True,True,True,False
cea5e6af21c59b985e08,multiplicity,multiplicity,2552,4250569850,16,5000,0.0,0.05,rbf,median,anytime,bonferroni,3,10,False,UNRESOLVED,5000,True,False,False,0.00039529200876131654,0.0,0.18209213411654696,True,True,True,False
dadcafb09c00df0f363d,multiplicity,multiplicity,2553,3568596269,16,5000,0.0,0.05,rbf,median,anytime,bonferroni,3,10,False,UNRESOLVED,5000,True,False,False,0.0003991670091636479,0.0,0.18209213411654696,True,True,True,False
bd1dc436cba93bca5c36,multiplicity,multiplicity,2554,2058775709,16,5000,0.0,0.05,rbf,median,anytime,bonferroni,3,10,False,UNRESOLVED,5000,True,False,False,0.00039775000186637044,0.0,0.18209213411654696,True,True,True,False
775d875bebc6a2b9c62c,multiplicity,multiplicity,2555,3373579432,16,5000,0.0,0.05,rbf,median,anytime,bonferroni,3,10,False,UNRESOLVED,5000,True,False,False,0.00039587501669302583,0.0,0.18209213411654696,True,True,True,False
96368a27c7f0fe9714e9,multiplicity,multiplicity,2556,3366671081,16,5000,0.0,0.05,rbf,median,anytime,bonferroni,3,10,False,UNRESOLVED,5000,True,False,False,0.000397459021769464,0.0,0.18209213411654696,True,True,True,False
9cc104c4c72ca9ac6211,multiplicity,multiplicity,2557,2200312224,16,5000,0.0,0.05,rbf,median,anytime,bonferroni,3,10,False,UNRESOLVED,5000,True,False,False,0.0003998749889433384,0.0,0.18209213411654696,True,True,True,False
51d6c75fe61df721127e,multiplicity,multiplicity,2558,345008120,16,5000,0.0,0.05,rbf,median,anytime,bonferroni,3,10,False,UNRESOLVED,5000,True,False,False,0.0003968750243075192,0.0,0.18209213411654696,True,True,True,False
8f55594b93108fe5faff,multiplicity,multiplicity,2559,3652652373,16,5000,0.0,0.05,rbf,median,anytime,bonferroni,3,10,False,UNRESOLVED,5000,True,False,False,0.0003982500056736171,0.0,0.18209213411654696,True,True,True,False
4ca6b03ea8af999dfd0e,multiplicity,multiplicity,2560,1615843864,16,5000,0.0,0.05,rbf,median,anytime,bonferroni,3,10,False,UNRESOLVED,5000,True,False,False,0.00039474997902289033,0.0,0.18209213411654696,True,True,True,False
c738a9fda9114eb4187f,multiplicity,multiplicity,2561,2680351569,16,5000,0.0,0.05,rbf,median,anytime,bonferroni,3,10,False,UNRESOLVED,5000,True,False,False,0.00040075002470985055,0.0,0.18209213411654696,True,True,True,False
c6415d04b0f3fba621a6,multiplicity,multiplicity,2562,1150517871,16,5000,0.0,0.05,rbf,median,anytime,bonferroni,3,10,False,UNRESOLVED,5000,True,False,False,0.0003967920201830566,0.0,0.18209213411654696,True,True,True,False
f913b7e7c6e33deff068,multiplicity,multiplicity,2563,2437962344,16,5000,0.0,0.05,rbf,median,anytime,bonferroni,3,10,False,UNRESOLVED,5000,True,False,False,0.0003988330136053264,0.0,0.18209213411654696,True,True,True,False
9b33ae991304267944a7,multiplicity,multiplicity,2564,1701134371,16,5000,0.0,0.05,rbf,median,anytime,bonferroni,3,10,False,UNRESOLVED,5000,True,False,False,0.00039783300599083304,0.0,0.18209213411654696,True,True,True,False
a01613dc6b5dc49044c0,multiplicity,multiplicity,2565,783379663,16,5000,0.0,0.05,rbf,median,anytime,bonferroni,3,10,False,UNRESOLVED,5000,True,False,False,0.00040187500417232513,0.0,0.18209213411654696,True,True,True,False
d35a73dcb286514c182e,multiplicity,multiplicity,2566,1953516425,16,5000,0.0,0.05,rbf,median,anytime,bonferroni,3,10,False,UNRESOLVED,5000,True,False,False,0.0003964579664170742,0.0,0.18209213411654696,True,True,True,False
d28101bf55baaff5ddd2,multiplicity,multiplicity,2567,2729489716,16,5000,0.0,0.05,rbf,median,anytime,bonferroni,3,10,False,UNRESOLVED,5000,True,False,False,0.0003974999999627471,0.0,0.18209213411654696,True,True,True,False
f063e32b4114737c659f,multiplicity,multiplicity,2568,387783914,16,5000,0.0,0.05,rbf,median,anytime,bonferroni,3,10,False,UNRESOLVED,5000,True,False,False,0.00039549998473376036,0.0,0.18209213411654696,True,True,True,False
6dc62f99da7519d50722,multiplicity,multiplicity,2569,758402429,16,5000,0.0,0.05,rbf,median,anytime,bonferroni,3,10,False,UNRESOLVED,5000,True,False,False,0.00040133303264155984,0.0,0.18209213411654696,True,True,True,False
3112da20738158b53c25,multiplicity,multiplicity,2570,1322796688,16,5000,0.0,0.05,rbf,median,anytime,bonferroni,3,10,False,UNRESOLVED,5000,True,False,False,0.00039658299647271633,0.0,0.18209213411654696,True,True,True,False
d7d9eda60378b11dd33f,multiplicity,multiplicity,2571,3987082967,16,5000,0.0,0.05,rbf,median,anytime,bonferroni,3,10,False,UNRESOLVED,5000,True,False,False,0.0003918329603038728,0.0,0.18209213411654696,True,True,True,False
019c7764d575eab280eb,multiplicity,multiplicity,2572,387640864,16,5000,0.0,0.05,rbf,median,anytime,bonferroni,3,10,False,UNRESOLVED,5000,True,False,False,0.00034183397656306624,0.0,0.18209213411654696,True,True,True,False
62cf9296d23c2292257f,multiplicity,multiplicity,2573,3806835347,16,5000,0.0,0.05,rbf,median,anytime,bonferroni,3,10,False,UNRESOLVED,5000,True,False,False,0.00034570798743516207,0.0,0.18209213411654696,True,True,True,False
2ef97152c19659056f56,multiplicity,multiplicity,2574,750680661,16,5000,0.0,0.05,rbf,median,anytime,bonferroni,3,10,False,UNRESOLVED,5000,True,False,False,0.0003414590028114617,0.0,0.18209213411654696,True,True,True,False
e564419f0d0f52b34b3b,multiplicity,multiplicity,2575,3678803665,16,5000,0.0,0.05,rbf,median,anytime,bonferroni,3,10,False,UNRESOLVED,5000,True,False,False,0.00034312502248212695,0.0,0.18209213411654696,True,True,True,False
7036f88bf80c0bebc27b,multiplicity,multiplicity,2576,1636888854,16,5000,0.0,0.05,rbf,median,anytime,bonferroni,3,10,False,UNRESOLVED,5000,True,False,False,0.00034191698068752885,0.0,0.18209213411654696,True,True,True,False
dea0a269bed61116df6a,multiplicity,multiplicity,2577,2960237204,16,5000,0.0,0.05,rbf,median,anytime,bonferroni,3,10,False,UNRESOLVED,5000,True,False,False,0.00034491700353100896,0.0,0.18209213411654696,True,True,True,False
129ff4783a8601c0b05d,multiplicity,multiplicity,2578,3244476267,16,5000,0.0,0.05,rbf,median,anytime,bonferroni,3,10,False,UNRESOLVED,5000,True,False,False,0.00034212495665997267,0.0,0.18209213411654696,True,True,True,False
9dcfb69152cca48bd88f,multiplicity,multiplicity,2579,2329207713,16,5000,0.0,0.05,rbf,median,anytime,bonferroni,3,10,False,UNRESOLVED,5000,True,False,False,0.0003422080189920962,0.0,0.18209213411654696,True,True,True,False
d0da69ba8ca93cd85c68,multiplicity,multiplicity,2580,421149172,16,5000,0.0,0.05,rbf,median,anytime,bonferroni,3,10,False,UNRESOLVED,5000,True,False,False,0.0003417499829083681,0.0,0.18209213411654696,True,True,True,False
fa512bfe2d8c2848cb41,multiplicity,multiplicity,2581,748184700,16,5000,0.0,0.05,rbf,median,anytime,bonferroni,3,10,False,UNRESOLVED,5000,True,False,False,0.00034562498331069946,0.0,0.18209213411654696,True,True,True,False
479932038f168df1b495,multiplicity,multiplicity,2582,3207330370,16,5000,0.0,0.05,rbf,median,anytime,bonferroni,3,10,False,UNRESOLVED,5000,True,False,False,0.0003423750167712569,0.0,0.18209213411654696,True,True,True,False
ea3f7b80a1beed4f4380,multiplicity,multiplicity,2583,3382911098,16,5000,0.0,0.05,rbf,median,anytime,bonferroni,3,10,False,UNRESOLVED,5000,True,False,False,0.00034233398037031293,0.0,0.18209213411654696,True,True,True,False
78b85f650837e9cc0e1a,multiplicity,multiplicity,2584,415982975,16,5000,0.0,0.05,rbf,median,anytime,bonferroni,3,10,False,UNRESOLVED,5000,True,False,False,0.00034249998861923814,0.0,0.18209213411654696,True,True,True,False
824b0acf75ef8411df76,multiplicity,multiplicity,2585,717681559,16,5000,0.0,0.05,rbf,median,anytime,bonferroni,3,10,False,UNRESOLVED,5000,True,False,False,0.00034374999813735485,0.0,0.18209213411654696,True,True,True,False
03a7bfda22cdfdb1a6fc,multiplicity,multiplicity,2586,2855825831,16,5000,0.0,0.05,rbf,median,anytime,bonferroni,3,10,False,UNRESOLVED,5000,True,False,False,0.0003411660436540842,0.0,0.18209213411654696,True,True,True,False
263df8c7b5dfafb1005e,multiplicity,multiplicity,2587,2822671863,16,5000,0.0,0.05,rbf,median,anytime,bonferroni,3,10,False,UNRESOLVED,5000,True,False,False,0.0003398749977350235,0.0,0.18209213411654696,True,True,True,False
ca4b9a94bae075ed0e6b,multiplicity,multiplicity,2588,1257425677,16,5000,0.0,0.05,rbf,median,anytime,bonferroni,3,10,False,UNRESOLVED,5000,True,False,False,0.00034070899710059166,0.0,0.18209213411654696,True,True,True,False
318367cc478174cacacb,multiplicity,multiplicity,2589,3912152654,16,5000,0.0,0.05,rbf,median,anytime,bonferroni,3,10,False,UNRESOLVED,5000,True,False,False,0.0003547910018824041,0.0,0.18209213411654696,True,True,True,False
f479d2e14b9bf3975131,multiplicity,multiplicity,2590,3740267452,16,5000,0.0,0.05,rbf,median,anytime,bonferroni,3,10,False,UNRESOLVED,5000,True,False,False,0.0003411250072531402,0.0,0.18209213411654696,True,True,True,False
288dc01961c0e611ac53,multiplicity,multiplicity,2591,84944980,16,5000,0.0,0.05,rbf,median,anytime,bonferroni,3,10,False,UNRESOLVED,5000,True,False,False,0.0003426670446060598,0.0,0.18209213411654696,True,True,True,False
da1cf6f23d051a68be6a,multiplicity,multiplicity,2592,1248948097,16,5000,0.0,0.05,rbf,median,anytime,bonferroni,3,10,False,UNRESOLVED,5000,True,False,False,0.0003412910155020654,0.0,0.18209213411654696,True,True,True,False
3c543256eb73468b9695,multiplicity,multiplicity,2593,207973776,16,5000,0.0,0.05,rbf,median,anytime,bonferroni,3,10,False,UNRESOLVED,5000,True,False,False,0.00034620804945006967,0.0,0.18209213411654696,True,True,True,False
bcb499ba7a57be46d4a4,multiplicity,multiplicity,2594,1576962095,16,5000,0.0,0.05,rbf,median,anytime,bonferroni,3,10,False,UNRESOLVED,5000,True,False,False,0.0003417909611016512,0.0,0.18209213411654696,True,True,True,False
e5789ef7f40d6d5eaa9b,multiplicity,multiplicity,2595,3530742762,16,5000,0.0,0.05,rbf,median,anytime,bonferroni,3,10,False,UNRESOLVED,5000,True,False,False,0.00034212495665997267,0.0,0.18209213411654696,True,True,True,False
27b3db444eb416010a48,multiplicity,multiplicity,2596,729676752,16,5000,0.0,0.05,rbf,median,anytime,bonferroni,3,10,False,UNRESOLVED,5000,True,False,False,0.0003411660436540842,0.0,0.18209213411654696,True,True,True,False
7be5a99e61108454aa3c,multiplicity,multiplicity,2597,1797410498,16,5000,0.0,0.05,rbf,median,anytime,bonferroni,3,10,False,UNRESOLVED,5000,True,False,False,0.0003453749814070761,0.0,0.18209213411654696,True,True,True,False
36777bbd867e1190077e,multiplicity,multiplicity,2598,54484757,16,5000,0.0,0.05,rbf,median,anytime,bonferroni,3,10,False,UNRESOLVED,5000,True,False,False,0.000342042010743171,0.0,0.18209213411654696,True,True,True,False
84039ff90d83d7863b4b,multiplicity,multiplicity,2599,3160980524,16,5000,0.0,0.05,rbf,median,anytime,bonferroni,3,10,False,UNRESOLVED,5000,True,False,False,0.0003421669825911522,0.0,0.18209213411654696,True,True,True,False
969c0fc5d521699e5074,multiplicity,multiplicity,2600,872678639,16,5000,0.0,0.05,rbf,median,anytime,bonferroni,3,10,False,UNRESOLVED,5000,True,False,False,0.0003415830433368683,0.0,0.18209213411654696,True,True,True,False
984eba8c0a8f4ce50013,multiplicity,multiplicity,2601,1767090284,16,5000,0.0,0.05,rbf,median,anytime,bonferroni,3,10,False,UNRESOLVED,5000,True,False,False,0.00034554197918623686,0.0,0.18209213411654696,True,True,True,False
833ee333eb120d0fea4d,multiplicity,multiplicity,2602,2210905245,16,5000,0.0,0.05,rbf,median,anytime,bonferroni,3,10,False,UNRESOLVED,5000,True,False,False,0.00034245802089571953,0.0,0.18209213411654696,True,True,True,False
e97e78d233363aabb53a,multiplicity,multiplicity,2603,3406065906,16,5000,0.0,0.05,rbf,median,anytime,bonferroni,3,10,False,UNRESOLVED,5000,True,False,False,0.0003420840366743505,0.0,0.18209213411654696,True,True,True,False
bb734749816309813eb2,multiplicity,multiplicity,2604,3179172729,16,5000,0.0,0.05,rbf,median,anytime,bonferroni,3,10,False,UNRESOLVED,5000,True,False,False,0.00035154196666553617,0.0,0.18209213411654696,True,True,True,False
f500d78e1c66b1f92872,multiplicity,multiplicity,2605,1979093630,16,5000,0.0,0.05,rbf,median,anytime,bonferroni,3,10,False,UNRESOLVED,5000,True,False,False,0.000400707998778671,0.0,0.18209213411654696,True,True,True,False
af774c976988e4b7c038,multiplicity,multiplicity,2606,1253372987,16,5000,0.0,0.05,rbf,median,anytime,bonferroni,3,10,False,UNRESOLVED,5000,True,False,False,0.00040424999315291643,0.0,0.18209213411654696,True,True,True,False
fe7691e525f1dfefd8c5,multiplicity,multiplicity,2607,224552700,16,5000,0.0,0.05,rbf,median,anytime,bonferroni,3,10,False,UNRESOLVED,5000,True,False,False,0.0003973750281147659,0.0,0.18209213411654696,True,True,True,False
b964eed5d36124f7bf6a,multiplicity,multiplicity,2608,510337737,16,5000,0.0,0.05,rbf,median,anytime,bonferroni,3,10,False,UNRESOLVED,5000,True,False,False,0.00039737496990710497,0.0,0.18209213411654696,True,True,True,False
56a8bf50c44545cb755c,multiplicity,multiplicity,2609,323133749,16,5000,0.0,0.05,rbf,median,anytime,bonferroni,3,10,False,UNRESOLVED,5000,True,False,False,0.00040091603295877576,0.0,0.18209213411654696,True,True,True,False
7119e3b23bd1dd2eb32b,multiplicity,multiplicity,2610,1088783376,16,5000,0.0,0.05,rbf,median,anytime,bonferroni,3,10,False,UNRESOLVED,5000,True,False,False,0.0003974999999627471,0.0,0.18209213411654696,True,True,True,False
e770afa5f74238462dcf,multiplicity,multiplicity,2611,4205128919,16,5000,0.0,0.05,rbf,median,anytime,bonferroni,3,10,False,UNRESOLVED,5000,True,False,False,0.0003975420258939266,0.0,0.18209213411654696,True,True,True,False
c1dbdeba72b93cfa5fff,multiplicity,multiplicity,2612,1757977567,16,5000,0.0,0.05,rbf,median,anytime,bonferroni,3,10,False,UNRESOLVED,5000,True,False,False,0.00039720797212794423,0.0,0.18209213411654696,True,True,True,False
a332852b7b211aaceb41,multiplicity,multiplicity,2613,3133540362,16,5000,0.0,0.05,rbf,median,anytime,bonferroni,3,10,False,UNRESOLVED,5000,True,False,False,0.00040154100861400366,0.0,0.18209213411654696,True,True,True,False
d823a9b00d995687747b,multiplicity,multiplicity,2614,1928044279,16,5000,0.0,0.05,rbf,median,anytime,bonferroni,3,10,False,UNRESOLVED,5000,True,False,False,0.0003959579626098275,0.0,0.18209213411654696,True,True,True,False
c24aeafe93f61d235765,multiplicity,multiplicity,2615,1064212089,16,5000,0.0,0.05,rbf,median,anytime,bonferroni,3,10,False,UNRESOLVED,5000,True,False,False,0.0003987500094808638,0.0,0.18209213411654696,True,True,True,False
d54919ffa95fc0699a40,multiplicity,multiplicity,2616,4170202973,16,5000,0.0,0.05,rbf,median,anytime,bonferroni,3,10,False,UNRESOLVED,5000,True,False,False,0.00039608299266546965,0.0,0.18209213411654696,True,True,True,False
2f419eb924f66cdeeb57,multiplicity,multiplicity,2617,1154584986,16,5000,0.0,0.05,rbf,median,anytime,bonferroni,3,10,False,UNRESOLVED,5000,True,False,False,0.00039908301550894976,0.0,0.18209213411654696,True,True,True,False
bb7e0d02048e2435e2b9,multiplicity,multiplicity,2618,1182437898,16,5000,0.0,0.05,rbf,median,anytime,bonferroni,3,10,False,UNRESOLVED,5000,True,False,False,0.00039724999805912375,0.0,0.18209213411654696,True,True,True,False
4bfaff1a999e0e912a43,multiplicity,multiplicity,2619,2405970012,16,5000,0.0,0.05,rbf,median,anytime,bonferroni,3,10,False,UNRESOLVED,5000,True,False,False,0.0003974999999627471,0.0,0.18209213411654696,True,True,True,False
e43fae68f0059aa1236d,multiplicity,multiplicity,2620,542993922,16,5000,0.0,0.05,rbf,median,anytime,bonferroni,3,10,False,UNRESOLVED,5000,True,False,False,0.0003987079835496843,0.0,0.18209213411654696,True,True,True,False
e4fd9b198fc16a79640d,multiplicity,multiplicity,2621,4095402945,16,5000,0.0,0.05,rbf,median,anytime,bonferroni,3,10,False,UNRESOLVED,5000,True,False,False,0.00040066702058538795,0.0,0.18209213411654696,True,True,True,False
8528c75cf4a730d5dbaf,multiplicity,multiplicity,2622,3528108702,16,5000,0.0,0.05,rbf,median,anytime,bonferroni,3,10,False,UNRESOLVED,5000,True,False,False,0.0003970409743487835,0.0,0.18209213411654696,True,True,True,False
c264d65e5d5bc10f9bef,multiplicity,multiplicity,2623,1872030886,16,5000,0.0,0.05,rbf,median,anytime,bonferroni,3,10,False,UNRESOLVED,5000,True,False,False,0.0003963750205002725,0.0,0.18209213411654696,True,True,True,False
6d87b7863a8397698a2c,multiplicity,multiplicity,2624,2447588730,16,5000,0.0,0.05,rbf,median,anytime,bonferroni,3,10,False,UNRESOLVED,5000,True,False,False,0.00039766699774190784,0.0,0.18209213411654696,True,True,True,False
6809b2bd6a545f5f64c1,multiplicity,multiplicity,2625,3548792549,16,5000,0.0,0.05,rbf,median,anytime,bonferroni,3,10,False,UNRESOLVED,5000,True,False,False,0.0003998749889433384,0.0,0.18209213411654696,True,True,True,False
567972c64a19045a240c,multiplicity,multiplicity,2626,693739536,16,5000,0.0,0.05,rbf,median,anytime,bonferroni,3,10,False,UNRESOLVED,5000,True,False,False,0.0003969169920310378,0.0,0.18209213411654696,True,True,True,False
688184d0b817a7b94825,multiplicity,multiplicity,2627,1221694791,16,5000,0.0,0.05,rbf,median,anytime,bonferroni,3,10,False,UNRESOLVED,5000,True,False,False,0.00039779103826731443,0.0,0.18209213411654696,True,True,True,False
78a6d852bafd688cbf9a,multiplicity,multiplicity,2628,3736771669,16,5000,0.0,0.05,rbf,median,anytime,bonferroni,3,10,False,UNRESOLVED,5000,True,False,False,0.0003959159948863089,0.0,0.18209213411654696,True,True,True,False
87ed2b8f5b64710811d1,multiplicity,multiplicity,2629,2275100556,16,5000,0.0,0.05,rbf,median,anytime,bonferroni,3,10,False,UNRESOLVED,5000,True,False,False,0.00040024996269494295,0.0,0.18209213411654696,True,True,True,False
cd846c02a158d37e38b6,multiplicity,multiplicity,2630,3281878670,16,5000,0.0,0.05,rbf,median,anytime,bonferroni,3,10,False,UNRESOLVED,5000,True,False,False,0.00039495801320299506,0.0,0.18209213411654696,True,True,True,False
e21b119e894e12d9bba9,multiplicity,multiplicity,2631,2851413944,16,5000,0.0,0.05,rbf,median,anytime,bonferroni,3,10,False,UNRESOLVED,5000,True,False,False,0.0003950839745812118,0.0,0.18209213411654696,True,True,True,False
2eb76f7d116e8b089c48,multiplicity,multiplicity,2632,2130868288,16,5000,0.0,0.05,rbf,median,anytime,bonferroni,3,10,False,UNRESOLVED,5000,True,False,False,0.000395249982830137,0.0,0.18209213411654696,True,True,True,False
6b3d915f2011890ee8dc,multiplicity,multiplicity,2633,1029344738,16,5000,0.0,0.05,rbf,median,anytime,bonferroni,3,10,False,UNRESOLVED,5000,True,False,False,0.0004011249984614551,0.0,0.18209213411654696,True,True,True,False
7c089f61d462d9cf79ae,multiplicity,multiplicity,2634,2246193589,16,5000,0.0,0.05,rbf,median,anytime,bonferroni,3,10,False,UNRESOLVED,5000,True,False,False,0.0004955829936079681,0.0,0.18209213411654696,True,True,True,False
4dc0c37f91703b32a7be,multiplicity,multiplicity,2635,236387085,16,5000,0.0,0.05,rbf,median,anytime,bonferroni,3,10,False,UNRESOLVED,5000,True,False,False,0.00043108302634209394,0.0,0.18209213411654696,True,True,True,False
b363c6a719356ea9ce82,multiplicity,multiplicity,2636,2244526222,16,5000,0.0,0.05,rbf,median,anytime,bonferroni,3,10,False,UNRESOLVED,5000,True,False,False,0.000405416009016335,0.0,0.18209213411654696,True,True,True,False
1b532c5ab2f6a1377240,multiplicity,multiplicity,2637,1863726220,16,5000,0.0,0.05,rbf,median,anytime,bonferroni,3,10,False,UNRESOLVED,5000,True,False,False,0.0004004579968750477,0.0,0.18209213411654696,True,True,True,False
7ba01e66a9fd069ea049,multiplicity,multiplicity,2638,4047264846,16,5000,0.0,0.05,rbf,median,anytime,bonferroni,3,10,False,UNRESOLVED,5000,True,False,False,0.0003982500056736171,0.0,0.18209213411654696,True,True,True,False
b735f35e066adf303fbb,multiplicity,multiplicity,2639,265622561,16,5000,0.0,0.05,rbf,median,anytime,bonferroni,3,10,False,UNRESOLVED,5000,True,False,False,0.0004034590092487633,0.0,0.18209213411654696,True,True,True,False
f01ddfb29479f4123f36,multiplicity,multiplicity,2640,4198958757,16,5000,0.0,0.05,rbf,median,anytime,bonferroni,3,10,False,UNRESOLVED,5000,True,False,False,0.00039841700345277786,0.0,0.18209213411654696,True,True,True,False
ccf1cfd7baeae44bb62d,multiplicity,multiplicity,2641,2388761164,16,5000,0.0,0.05,rbf,median,anytime,bonferroni,3,10,False,UNRESOLVED,5000,True,False,False,0.0003974999999627471,0.0,0.18209213411654696,True,True,True,False
11f629a500eab701f8a6,multiplicity,multiplicity,2642,2137088211,16,5000,0.0,0.05,rbf,median,anytime,bonferroni,3,10,False,UNRESOLVED,5000,True,False,False,0.00039887503953650594,0.0,0.18209213411654696,True,True,True,False
77177fc94d466645a588,multiplicity,multiplicity,2643,2798605441,16,5000,0.0,0.05,rbf,median,anytime,bonferroni,3,10,False,UNRESOLVED,5000,True,False,False,0.00039891700726002455,0.0,0.18209213411654696,True,True,True,False
d6583db50100b3949dba,multiplicity,multiplicity,2644,2344329651,16,5000,0.0,0.05,rbf,median,anytime,bonferroni,3,10,False,UNRESOLVED,5000,True,False,False,0.0003967920201830566,0.0,0.18209213411654696,True,True,True,False
effb361d11d71677837f,multiplicity,multiplicity,2645,3603280375,16,5000,0.0,0.05,rbf,median,anytime,bonferroni,3,10,False,UNRESOLVED,5000,True,False,False,0.0003968339879065752,0.0,0.18209213411654696,True,True,True,False
946341378254b9d9534c,multiplicity,multiplicity,2646,1191789849,16,5000,0.0,0.05,rbf,median,anytime,bonferroni,3,10,False,UNRESOLVED,5000,True,False,False,0.0003969169920310378,0.0,0.18209213411654696,True,True,True,False
33035af866c4776ffe29,multiplicity,multiplicity,2647,4081161330,16,5000,0.0,0.05,rbf,median,anytime,bonferroni,3,10,False,UNRESOLVED,5000,True,False,False,0.00040087499655783176,0.0,0.18209213411654696,True,True,True,False
41a260e957a9ebe6b23b,multiplicity,multiplicity,2648,675322737,16,5000,0.0,0.05,rbf,median,anytime,bonferroni,3,10,False,UNRESOLVED,5000,True,False,False,0.000395291019231081,0.0,0.18209213411654696,True,True,True,False
2850d3e1ccd469aa3abd,multiplicity,multiplicity,2649,2131636139,16,5000,0.0,0.05,rbf,median,anytime,bonferroni,3,10,False,UNRESOLVED,5000,True,False,False,0.00039595802081748843,0.0,0.18209213411654696,True,True,True,False
3c8a145ddbe16b7608a3,multiplicity,multiplicity,2650,3914378566,16,5000,0.0,0.05,rbf,median,anytime,bonferroni,3,10,False,UNRESOLVED,5000,True,False,False,0.00039670796832069755,0.0,0.18209213411654696,True,True,True,False
40bb6102c7241037fac5,multiplicity,multiplicity,2651,3449081879,16,5000,0.0,0.05,rbf,median,anytime,bonferroni,3,10,False,UNRESOLVED,5000,True,False,False,0.00040016602724790573,0.0,0.18209213411654696,True,True,True,False
e556318a122cc33ca971,multiplicity,multiplicity,2652,4104144958,16,5000,0.0,0.05,rbf,median,anytime,bonferroni,3,10,False,UNRESOLVED,5000,True,False,False,0.0003963330527767539,0.0,0.18209213411654696,True,True,True,False
44d7143ad309512829c8,multiplicity,multiplicity,2653,4223482142,16,5000,0.0,0.05,rbf,median,anytime,bonferroni,3,10,False,UNRESOLVED,5000,True,False,False,0.0003961669863201678,0.0,0.18209213411654696,True,True,True,False
37688d5a741dd6e24171,multiplicity,multiplicity,2654,84730949,16,5000,0.0,0.05,rbf,median,anytime,bonferroni,3,10,False,UNRESOLVED,5000,True,False,False,0.00039666699012741446,0.0,0.18209213411654696,True,True,True,False
43cf871956b86853ef09,multiplicity,multiplicity,2655,2742264948,16,5000,0.0,0.05,rbf,median,anytime,bonferroni,3,10,False,UNRESOLVED,5000,True,False,False,0.00040024996269494295,0.0,0.18209213411654696,True,True,True,False
46ceda57183856067de8,multiplicity,multiplicity,2656,2904397315,16,5000,0.0,0.05,rbf,median,anytime,bonferroni,3,10,False,UNRESOLVED,5000,True,False,False,0.00039424997521564364,0.0,0.18209213411654696,True,True,True,False
82505b18886f2d89ea04,multiplicity,multiplicity,2657,3757230090,16,5000,0.0,0.05,rbf,median,anytime,bonferroni,3,10,False,UNRESOLVED,5000,True,False,False,0.00039520900463685393,0.0,0.18209213411654696,True,True,True,False
5b998bf563282516c309,multiplicity,multiplicity,2658,2031028218,16,5000,0.0,0.05,rbf,median,anytime,bonferroni,3,10,False,UNRESOLVED,5000,True,False,False,0.00039758399361744523,0.0,0.18209213411654696,True,True,True,False
c7cec7ae61d08b60282b,multiplicity,multiplicity,2659,536290643,16,5000,0.0,0.05,rbf,median,anytime,bonferroni,3,10,False,UNRESOLVED,5000,True,False,False,0.00039958296110853553,0.0,0.18209213411654696,True,True,True,False
ebeade459d45e8328cb3,multiplicity,multiplicity,2660,2982263142,16,5000,0.0,0.05,rbf,median,anytime,bonferroni,3,10,False,UNRESOLVED,5000,True,False,False,0.0003961669863201678,0.0,0.18209213411654696,True,True,True,False
b4ba796c7730d630ad02,multiplicity,multiplicity,2661,1442881976,16,5000,0.0,0.05,rbf,median,anytime,bonferroni,3,10,False,UNRESOLVED,5000,True,False,False,0.0003962499904446304,0.0,0.18209213411654696,True,True,True,False
c88d1d427fac123dfc6b,multiplicity,multiplicity,2662,1875048685,16,5000,0.0,0.05,rbf,median,anytime,bonferroni,3,10,False,UNRESOLVED,5000,True,False,False,0.00039583398029208183,0.0,0.18209213411654696,True,True,True,False
7a9c8baaccccf8bab50e,multiplicity,multiplicity,2663,3162776693,16,5000,0.0,0.05,rbf,median,anytime,bonferroni,3,10,False,UNRESOLVED,5000,True,False,False,0.0003991250414401293,0.0,0.18209213411654696,True,True,True,False
f70bbfd971024e960331,multiplicity,multiplicity,2664,3765498150,16,5000,0.0,0.05,rbf,median,anytime,bonferroni,3,10,False,UNRESOLVED,5000,True,False,False,0.0003968749660998583,0.0,0.18209213411654696,True,True,True,False
ff524e7952a6e74599b4,multiplicity,multiplicity,2665,2418503305,16,5000,0.0,0.05,rbf,median,anytime,bonferroni,3,10,False,UNRESOLVED,5000,True,False,False,0.0003809169866144657,0.0,0.18209213411654696,True,True,True,False
0799222609b6628da377,multiplicity,multiplicity,2666,1881053749,16,5000,0.0,0.05,rbf,median,anytime,bonferroni,3,10,False,UNRESOLVED,5000,True,False,False,0.000340208993293345,0.0,0.18209213411654696,True,True,True,False
67341aa914e87b7af673,multiplicity,multiplicity,2667,2967425287,16,5000,0.0,0.05,rbf,median,anytime,bonferroni,3,10,False,UNRESOLVED,5000,True,False,False,0.0003426669863983989,0.0,0.18209213411654696,True,True,True,False
6117ad4565f0a5682de6,multiplicity,multiplicity,2668,3822770109,16,5000,0.0,0.05,rbf,median,anytime,bonferroni,3,10,False,UNRESOLVED,5000,True,False,False,0.00034133304143324494,0.0,0.18209213411654696,True,True,True,False
ac7d233e85517f6420e9,multiplicity,multiplicity,2669,2296233922,16,5000,0.0,0.05,rbf,median,anytime,bonferroni,3,10,False,UNRESOLVED,5000,True,False,False,0.0003427500487305224,0.0,0.18209213411654696,True,True,True,False
6bf247f375e3e9d4d635,multiplicity,multiplicity,2670,3999211195,16,5000,0.0,0.05,rbf,median,anytime,bonferroni,3,10,False,UNRESOLVED,5000,True,False,False,0.000342042010743171,0.0,0.18209213411654696,True,True,True,False
b5689863d7b10c2a1873,multiplicity,multiplicity,2671,1798171145,16,5000,0.0,0.05,rbf,median,anytime,bonferroni,3,10,False,UNRESOLVED,5000,True,False,False,0.00034483399940654635,0.0,0.18209213411654696,True,True,True,False
863e158dc23973e64fcc,multiplicity,multiplicity,2672,2774711106,16,5000,0.0,0.05,rbf,median,anytime,bonferroni,3,10,False,UNRESOLVED,5000,True,False,False,0.0003410830395296216,0.0,0.18209213411654696,True,True,True,False
6ba5eccbb68bd777923d,multiplicity,multiplicity,2673,57031358,16,5000,0.0,0.05,rbf,median,anytime,bonferroni,3,10,False,UNRESOLVED,5000,True,False,False,0.00034083303762599826,0.0,0.18209213411654696,True,True,True,False
fa36b330e81e2b1075e8,multiplicity,multiplicity,2674,2457280119,16,5000,0.0,0.05,rbf,median,anytime,bonferroni,3,10,False,UNRESOLVED,5000,True,False,False,0.00034241599496454,0.0,0.18209213411654696,True,True,True,False
6992e87ed3e8922f29da,multiplicity,multiplicity,2675,1413800262,16,5000,0.0,0.05,rbf,median,anytime,bonferroni,3,10,False,UNRESOLVED,5000,True,False,False,0.0003448329516686499,0.0,0.18209213411654696,True,True,True,False
89ee2dc12a8b7746e1b9,multiplicity,multiplicity,2676,2736505171,16,5000,0.0,0.05,rbf,median,anytime,bonferroni,3,10,False,UNRESOLVED,5000,True,False,False,0.00034149998100474477,0.0,0.18209213411654696,True,True,True,False
3931447e10e6605fee62,multiplicity,multiplicity,2677,3779620212,16,5000,0.0,0.05,rbf,median,anytime,bonferroni,3,10,False,UNRESOLVED,5000,True,False,False,0.0003409170312806964,0.0,0.18209213411654696,True,True,True,False
70de3e63c4d5d8c5ee5d,multiplicity,multiplicity,2678,3994796493,16,5000,0.0,0.05,rbf,median,anytime,bonferroni,3,10,False,UNRESOLVED,5000,True,False,False,0.0003411250072531402,0.0,0.18209213411654696,True,True,True,False
ce966f1857bfa96074e0,multiplicity,multiplicity,2679,1833637299,16,5000,0.0,0.05,rbf,median,anytime,bonferroni,3,10,False,UNRESOLVED,5000,True,False,False,0.00035833404399454594,0.0,0.18209213411654696,True,True,True,False
34e691b70cb153f4a3b6,multiplicity,multiplicity,2680,2041900485,16,5000,0.0,0.05,rbf,median,anytime,bonferroni,3,10,False,UNRESOLVED,5000,True,False,False,0.00034033297561109066,0.0,0.18209213411654696,True,True,True,False
446b376a0d1057d946e2,multiplicity,multiplicity,2681,4246493493,16,5000,0.0,0.05,rbf,median,anytime,bonferroni,3,10,False,UNRESOLVED,5000,True,False,False,0.00034208304714411497,0.0,0.18209213411654696,True,True,True,False
04f6675bd2b0dd665670,multiplicity,multiplicity,2682,2924499793,16,5000,0.0,0.05,rbf,median,anytime,bonferroni,3,10,False,UNRESOLVED,5000,True,False,False,0.00034266599686816335,0.0,0.18209213411654696,True,True,True,False
d92d0b1e137dd338ad2e,multiplicity,multiplicity,2683,2650593415,16,5000,0.0,0.05,rbf,median,anytime,bonferroni,3,10,False,UNRESOLVED,5000,True,False,False,0.00034383300226181746,0.0,0.18209213411654696,True,True,True,False
8fae1ac05b9acf48a61d,multiplicity,multiplicity,2684,4283116366,16,5000,0.0,0.05,rbf,median,anytime,bonferroni,3,10,False,UNRESOLVED,5000,True,False,False,0.000342792016454041,0.0,0.18209213411654696,True,True,True,False
14d2c862e293899ba091,multiplicity,multiplicity,2685,491733684,16,5000,0.0,0.05,rbf,median,anytime,bonferroni,3,10,False,UNRESOLVED,5000,True,False,False,0.00034075003350153565,0.0,0.18209213411654696,True,True,True,False
65e6edbedca59f5d91b4,multiplicity,multiplicity,2686,1988695061,16,5000,0.0,0.05,rbf,median,anytime,bonferroni,3,10,False,UNRESOLVED,5000,True,False,False,0.0003411659854464233,0.0,0.18209213411654696,True,True,True,False
2fab97b350f6b135294b,multiplicity,multiplicity,2687,2398872546,16,5000,0.0,0.05,rbf,median,anytime,bonferroni,3,10,False,UNRESOLVED,5000,True,False,False,0.00034379097633063793,0.0,0.18209213411654696,True,True,True,False
ffa4d20b2bb74a733c8f,multiplicity,multiplicity,2688,484789802,16,5000,0.0,0.05,rbf,median,anytime,bonferroni,3,10,False,UNRESOLVED,5000,True,False,False,0.00034141598735004663,0.0,0.18209213411654696,True,True,True,False
bc40041ab0e5061954ae,multiplicity,multiplicity,2689,4192337652,16,5000,0.0,0.05,rbf,median,anytime,bonferroni,3,10,False,UNRESOLVED,5000,True,False,False,0.000341000035405159,0.0,0.18209213411654696,True,True,True,False
236b88c4fb5fcb46cd78,multiplicity,multiplicity,2690,4147515442,16,5000,0.0,0.05,rbf,median,anytime,bonferroni,3,10,False,UNRESOLVED,5000,True,False,False,0.00034137500915676355,0.0,0.18209213411654696,True,True,True,False
1188179a68775f2b6a33,multiplicity,multiplicity,2691,3605827516,16,5000,0.0,0.05,rbf,median,anytime,bonferroni,3,10,False,UNRESOLVED,5000,True,False,False,0.0003552919952198863,0.0,0.18209213411654696,True,True,True,False
b24a117c2054edff5349,multiplicity,multiplicity,2692,3887743560,16,5000,0.0,0.05,rbf,median,anytime,bonferroni,3,10,False,UNRESOLVED,5000,True,False,False,0.0003416660474613309,0.0,0.18209213411654696,True,True,True,False
5017be8f19b795f688f0,multiplicity,multiplicity,2693,3911485382,16,5000,0.0,0.05,rbf,median,anytime,bonferroni,3,10,False,UNRESOLVED,5000,True,False,False,0.00034195795888081193,0.0,0.18209213411654696,True,True,True,False
cc887c7a1fe08c2d8b56,multiplicity,multiplicity,2694,3921080109,16,5000,0.0,0.05,rbf,median,anytime,bonferroni,3,10,False,UNRESOLVED,5000,True,False,False,0.00034083303762599826,0.0,0.18209213411654696,True,True,True,False
3b6a61950469e8c38b83,multiplicity,multiplicity,2695,128569593,16,5000,0.0,0.05,rbf,median,anytime,bonferroni,3,10,False,UNRESOLVED,5000,True,False,False,0.0003440420259721577,0.0,0.18209213411654696,True,True,True,False
a8891823b77c94446166,multiplicity,multiplicity,2696,3385134429,16,5000,0.0,0.05,rbf,median,anytime,bonferroni,3,10,False,UNRESOLVED,5000,True,False,False,0.00034033297561109066,0.0,0.18209213411654696,True,True,True,False
b0fca85d937ba84ace88,multiplicity,multiplicity,2697,3610827389,16,5000,0.0,0.05,rbf,median,anytime,bonferroni,3,10,False,UNRESOLVED,5000,True,False,False,0.00034149998100474477,0.0,0.18209213411654696,True,True,True,False
2b193b8ba346f619c65a,multiplicity,multiplicity,2698,3732505465,16,5000,0.0,0.05,rbf,median,anytime,bonferroni,3,10,False,UNRESOLVED,5000,True,False,False,0.0003625830286182463,0.0,0.18209213411654696,True,True,True,False
b432760d4b0976827541,multiplicity,multiplicity,2699,2133607602,16,5000,0.0,0.05,rbf,median,anytime,bonferroni,3,10,False,UNRESOLVED,5000,True,False,False,0.00039933400694280863,0.0,0.18209213411654696,True,True,True,False
ac57b23b40f90fa9c4af,multiplicity,multiplicity,2700,3432243595,16,5000,0.0,0.05,rbf,median,anytime,bonferroni,3,10,False,UNRESOLVED,5000,True,False,False,0.000397041963879019,0.0,0.18209213411654696,True,True,True,False
4f129ba739feb74a5d53,multiplicity,multiplicity,2701,3447327511,16,5000,0.0,0.05,rbf,median,anytime,bonferroni,3,10,False,UNRESOLVED,5000,True,False,False,0.00041020900243893266,0.0,0.18209213411654696,True,True,True,False
66e6d09a84c727686ab4,multiplicity,multiplicity,2702,1278104008,16,5000,0.0,0.05,rbf,median,anytime,bonferroni,3,10,False,UNRESOLVED,5000,True,False,False,0.0003971249680034816,0.0,0.18209213411654696,True,True,True,False
22a6cdc9711d18e14129,multiplicity,multiplicity,2703,2171452189,16,5000,0.0,0.05,rbf,median,anytime,bonferroni,3,10,False,UNRESOLVED,5000,True,False,False,0.00040004198672249913,0.0,0.18209213411654696,True,True,True,False
8b61cb8c9dc354137afe,multiplicity,multiplicity,2704,2807760587,16,5000,0.0,0.05,rbf,median,anytime,bonferroni,3,10,False,UNRESOLVED,5000,True,False,False,0.0003946250071749091,0.0,0.18209213411654696,True,True,True,False
e7fe5afa3e2cfc0935a5,multiplicity,multiplicity,2705,1204314024,16,5000,0.0,0.05,rbf,median,anytime,bonferroni,3,10,False,UNRESOLVED,5000,True,False,False,0.00039779103826731443,0.0,0.18209213411654696,True,True,True,False
dea6f7408914016506b2,multiplicity,multiplicity,2706,731998967,16,5000,0.0,0.05,rbf,median,anytime,bonferroni,3,10,False,UNRESOLVED,5000,True,False,False,0.00039537501288577914,0.0,0.18209213411654696,True,True,True,False
9af7f06a76b307dc431e,multiplicity,multiplicity,2707,1024611432,16,5000,0.0,0.05,rbf,median,anytime,bonferroni,3,10,False,UNRESOLVED,5000,True,False,False,0.00039845798164606094,0.0,0.18209213411654696,True,True,True,False
214c7af4db32230fcd86,multiplicity,multiplicity,2708,1141017637,16,5000,0.0,0.05,rbf,median,anytime,bonferroni,3,10,False,UNRESOLVED,5000,True,False,False,0.0003945839707739651,0.0,0.18209213411654696,True,True,True,False
12fb720c4449a03aa745,multiplicity,multiplicity,2709,3949519141,16,5000,0.0,0.05,rbf,median,anytime,bonferroni,3,10,False,UNRESOLVED,5000,True,False,False,0.000395249982830137,0.0,0.18209213411654696,True,True,True,False
5fd2600376703432b7b0,multiplicity,multiplicity,2710,380878094,16,5000,0.0,0.05,rbf,median,anytime,bonferroni,3,10,False,UNRESOLVED,5000,True,False,False,0.00039695901796221733,0.0,0.18209213411654696,True,True,True,False
8464db9fec0331fc1838,multiplicity,multiplicity,2711,348380907,16,5000,0.0,0.05,rbf,median,anytime,bonferroni,3,10,False,UNRESOLVED,5000,True,False,False,0.00039787497371435165,0.0,0.18209213411654696,True,True,True,False
7a9ce99fe66576065f8d,multiplicity,multiplicity,2712,2605155760,16,5000,0.0,0.05,rbf,median,anytime,bonferroni,3,10,False,UNRESOLVED,5000,True,False,False,0.0003946249489672482,0.0,0.18209213411654696,True,True,True,False
b8fda3299cec7f351d22,multiplicity,multiplicity,2713,4172075176,16,5000,0.0,0.05,rbf,median,anytime,bonferroni,3,10,False,UNRESOLVED,5000,True,False,False,0.0003946669748984277,0.0,0.18209213411654696,True,True,True,False
a97a95d64a4c0517b9c8,multiplicity,multiplicity,2714,157800714,16,5000,0.0,0.05,rbf,median,anytime,bonferroni,3,10,False,UNRESOLVED,5000,True,False,False,0.00039662502240389585,0.0,0.18209213411654696,True,True,True,False
e163ed177175309fd912,multiplicity,multiplicity,2715,100460775,16,5000,0.0,0.05,rbf,median,anytime,bonferroni,3,10,False,UNRESOLVED,5000,True,False,False,0.0003992499550804496,0.0,0.18209213411654696,True,True,True,False
5a9d54ba28b828de2260,multiplicity,multiplicity,2716,856458608,16,5000,0.0,0.05,rbf,median,anytime,bonferroni,3,10,False,UNRESOLVED,5000,True,False,False,0.0003972090198658407,0.0,0.18209213411654696,True,True,True,False
8ecae73c1f95944c0f99,multiplicity,multiplicity,2717,3460284277,16,5000,0.0,0.05,rbf,median,anytime,bonferroni,3,10,False,UNRESOLVED,5000,True,False,False,0.00039529200876131654,0.0,0.18209213411654696,True,True,True,False
88f8c5a5a47b5ebaa7af,multiplicity,multiplicity,2718,920361715,16,5000,0.0,0.05,rbf,median,anytime,bonferroni,3,10,False,UNRESOLVED,5000,True,False,False,0.0006049160147085786,0.0,0.18209213411654696,True,True,True,False
e978c10c5d0245dce9d9,multiplicity,multiplicity,2719,4036953985,16,5000,0.0,0.05,rbf,median,anytime,bonferroni,3,10,False,UNRESOLVED,5000,True,False,False,0.0005094590014778078,0.0,0.18209213411654696,True,True,True,False
c823346bc100320247bb,multiplicity,multiplicity,2720,330966855,16,5000,0.0,0.05,rbf,median,anytime,bonferroni,3,10,False,UNRESOLVED,5000,True,False,False,0.0005010829772800207,0.0,0.18209213411654696,True,True,True,False
3885aee587f3229a937d,multiplicity,multiplicity,2721,1432171082,16,5000,0.0,0.05,rbf,median,anytime,bonferroni,3,10,False,UNRESOLVED,5000,True,False,False,0.0005032909684814513,0.0,0.18209213411654696,True,True,True,False
7df66fb3c01c31ca5424,multiplicity,multiplicity,2722,2845583542,16,5000,0.0,0.05,rbf,median,anytime,bonferroni,3,10,False,UNRESOLVED,5000,True,False,False,0.0005082919960841537,0.0,0.18209213411654696,True,True,True,False
1c16991eab76118dffb8,multiplicity,multiplicity,2723,1565104934,16,5000,0.0,0.05,rbf,median,anytime,bonferroni,3,10,False,UNRESOLVED,5000,True,False,False,0.00047558301594108343,0.0,0.18209213411654696,True,True,True,False
4a60e4359339f91571d1,multiplicity,multiplicity,2724,2570691158,16,5000,0.0,0.05,rbf,median,anytime,bonferroni,3,10,False,UNRESOLVED,5000,True,False,False,0.0004718750133179128,0.0,0.18209213411654696,True,True,True,False
af37aab4ec75b304f079,multiplicity,multiplicity,2725,4162237955,16,5000,0.0,0.05,rbf,median,anytime,bonferroni,3,10,False,UNRESOLVED,5000,True,False,False,0.00047308299690485,0.0,0.18209213411654696,True,True,True,False
bead6815cc7f6a342aa5,multiplicity,multiplicity,2726,3899348995,16,5000,0.0,0.05,rbf,median,anytime,bonferroni,3,10,False,UNRESOLVED,5000,True,False,False,0.0004770839586853981,0.0,0.18209213411654696,True,True,True,False
c9358c70692432487a03,multiplicity,multiplicity,2727,2353876420,16,5000,0.0,0.05,rbf,median,anytime,bonferroni,3,10,False,UNRESOLVED,5000,True,False,False,0.0004776249988935888,0.0,0.18209213411654696,True,True,True,False
b84372bc0ac98de2b0de,multiplicity,multiplicity,2728,1382833960,16,5000,0.0,0.05,rbf,median,anytime,bonferroni,3,10,False,UNRESOLVED,5000,True,False,False,0.0004717499832622707,0.0,0.18209213411654696,True,True,True,False
bd59253ce1e2a2024650,multiplicity,multiplicity,2729,2470837271,16,5000,0.0,0.05,rbf,median,anytime,bonferroni,3,10,False,UNRESOLVED,5000,True,False,False,0.0004717499832622707,0.0,0.18209213411654696,True,True,True,False
3d561a1a7b91cfedbc83,multiplicity,multiplicity,2730,3718963372,16,5000,0.0,0.05,rbf,median,anytime,bonferroni,3,10,False,UNRESOLVED,5000,True,False,False,0.00047312502283602953,0.0,0.18209213411654696,True,True,True,False
32f87046da8ec3874f0b,multiplicity,multiplicity,2731,467010183,16,5000,0.0,0.05,rbf,median,anytime,bonferroni,3,10,False,UNRESOLVED,5000,True,False,False,0.00047858298057690263,0.0,0.18209213411654696,True,True,True,False
7fd74860987f579fc696,multiplicity,multiplicity,2732,252804005,16,5000,0.0,0.05,rbf,median,anytime,bonferroni,3,10,False,UNRESOLVED,5000,True,False,False,0.0004770830273628235,0.0,0.18209213411654696,True,True,True,False
864f288371e447e1a2ce,multiplicity,multiplicity,2733,1881805118,16,5000,0.0,0.05,rbf,median,anytime,bonferroni,3,10,False,UNRESOLVED,5000,True,False,False,0.0004717499832622707,0.0,0.18209213411654696,True,True,True,False
9e7109aaad3fb986edad,multiplicity,multiplicity,2734,1220328091,16,5000,0.0,0.05,rbf,median,anytime,bonferroni,3,10,False,UNRESOLVED,5000,True,False,False,0.00047274999087676406,0.0,0.18209213411654696,True,True,True,False
6af12ee35106923f64b8,multiplicity,multiplicity,2735,2729595802,16,5000,0.0,0.05,rbf,median,anytime,bonferroni,3,10,False,UNRESOLVED,5000,True,False,False,0.00047233299119398,0.0,0.18209213411654696,True,True,True,False
547d6b9f6b4711ce1cf5,multiplicity,multiplicity,2736,4186303900,16,5000,0.0,0.05,rbf,median,anytime,bonferroni,3,10,False,UNRESOLVED,5000,True,False,False,0.000499499961733818,0.0,0.18209213411654696,True,True,True,False
9bb0a9eddf8c35e59033,multiplicity,multiplicity,2737,3762521242,16,5000,0.0,0.05,rbf,median,anytime,bonferroni,3,10,False,UNRESOLVED,5000,True,False,False,0.0006087080109864473,0.0,0.18209213411654696,True,True,True,False
4eb24c72c1782443b2c9,multiplicity,multiplicity,2738,1472281413,16,5000,0.0,0.05,rbf,median,anytime,bonferroni,3,10,False,UNRESOLVED,5000,True,False,False,0.0006505420315079391,0.0,0.18209213411654696,True,True,True,False
6a9dd53a200a784de4b9,multiplicity,multiplicity,2739,3370909693,16,5000,0.0,0.05,rbf,median,anytime,bonferroni,3,10,False,UNRESOLVED,5000,True,False,False,0.000554541009478271,0.0,0.18209213411654696,True,True,True,False
b115b26bf02c0a4cd0d4,multiplicity,multiplicity,2740,693069964,16,5000,0.0,0.05,rbf,median,anytime,bonferroni,3,10,False,UNRESOLVED,5000,True,False,False,0.0005158329731784761,0.0,0.18209213411654696,True,True,True,False
d893d4fa02862a9792f7,multiplicity,multiplicity,2741,356201956,16,5000,0.0,0.05,rbf,median,anytime,bonferroni,3,10,False,UNRESOLVED,5000,True,False,False,0.000497707980684936,0.0,0.18209213411654696,True,True,True,False
e3126627de48cd4f15fd,multiplicity,multiplicity,2742,3503581699,16,5000,0.0,0.05,rbf,median,anytime,bonferroni,3,10,False,UNRESOLVED,5000,True,False,False,0.0004830830148421228,0.0,0.18209213411654696,True,True,True,False
f27065baa2823feead4b,multiplicity,multiplicity,2743,3903960779,16,5000,0.0,0.05,rbf,median,anytime,bonferroni,3,10,False,UNRESOLVED,5000,True,False,False,0.0004862910136580467,0.0,0.18209213411654696,True,True,True,False
48dcf2e32c22cb4f60aa,multiplicity,multiplicity,2744,1488163217,16,5000,0.0,0.05,rbf,median,anytime,bonferroni,3,10,False,UNRESOLVED,5000,True,False,False,0.0004801250179298222,0.0,0.18209213411654696,True,True,True,False
bb1544703ac426219dd5,multiplicity,multiplicity,2745,4162802431,16,5000,0.0,0.05,rbf,median,anytime,bonferroni,3,10,False,UNRESOLVED,5000,True,False,False,0.0004877080209553242,0.0,0.18209213411654696,True,True,True,False
fe3b0c56e00844b19d27,multiplicity,multiplicity,2746,1668552120,16,5000,0.0,0.05,rbf,median,anytime,bonferroni,3,10,False,UNRESOLVED,5000,True,False,False,0.0005099999834783375,0.0,0.18209213411654696,True,True,True,False
5362558e6b15709fe73d,multiplicity,multiplicity,2747,937229495,16,5000,0.0,0.05,rbf,median,anytime,bonferroni,3,10,False,UNRESOLVED,5000,True,False,False,0.0005072079948149621,0.0,0.18209213411654696,True,True,True,False
7ebf0cea59bcda49d165,multiplicity,multiplicity,2748,2021131438,16,5000,0.0,0.05,rbf,median,anytime,bonferroni,3,10,False,UNRESOLVED,5000,True,False,False,0.0005468750023283064,0.0,0.18209213411654696,True,True,True,False
c853c2e1db8b8aaeaed6,multiplicity,multiplicity,2749,1238331657,16,5000,0.0,0.05,rbf,median,anytime,bonferroni,3,10,False,UNRESOLVED,5000,True,False,False,0.0005546670290641487,0.0,0.18209213411654696,True,True,True,False
b5633c0a831e7f8faf7d,multiplicity,multiplicity,2750,3301493321,16,5000,0.0,0.05,rbf,median,anytime,bonferroni,3,10,False,UNRESOLVED,5000,True,False,False,0.0005448340089060366,0.0,0.18209213411654696,True,True,True,False
7c471d53bc45c39b8895,multiplicity,multiplicity,2751,3184320708,16,5000,0.0,0.05,rbf,median,anytime,bonferroni,3,10,False,UNRESOLVED,5000,True,False,False,0.0004943340318277478,0.0,0.18209213411654696,True,True,True,False
0c748c80fe4e9765c7f9,multiplicity,multiplicity,2752,2132519176,16,5000,0.0,0.05,rbf,median,anytime,bonferroni,3,10,False,UNRESOLVED,5000,True,False,False,0.0004872920108027756,0.0,0.18209213411654696,True,True,True,False
849d4b92a82ab8e033eb,multiplicity,multiplicity,2753,2963374202,16,5000,0.0,0.05,rbf,median,anytime,bonferroni,3,10,False,UNRESOLVED,5000,True,False,False,0.0004941250081174076,0.0,0.18209213411654696,True,True,True,False
f8e1a0b4e38f1730e11f,multiplicity,multiplicity,2754,2261915627,16,5000,0.0,0.05,rbf,median,anytime,bonferroni,3,10,False,UNRESOLVED,5000,True,False,False,0.0005177079583518207,0.0,0.18209213411654696,True,True,True,False
637f89a1417f143ef7b4,multiplicity,multiplicity,2755,4035512182,16,5000,0.0,0.05,rbf,median,anytime,bonferroni,3,10,False,UNRESOLVED,5000,True,False,False,0.00046791695058345795,0.0,0.18209213411654696,True,True,True,False
4f2740e97d1e8af92c02,multiplicity,multiplicity,2756,3862029088,16,5000,0.0,0.05,rbf,median,anytime,bonferroni,3,10,False,UNRESOLVED,5000,True,False,False,0.0004199999966658652,0.0,0.18209213411654696,True,True,True,False
f7eae3c10d1b5d815f78,multiplicity,multiplicity,2757,1601448305,16,5000,0.0,0.05,rbf,median,anytime,bonferroni,3,10,False,UNRESOLVED,5000,True,False,False,0.00045604101615026593,0.0,0.18209213411654696,True,True,True,False
8b7d4c18ac9ede30f3da,multiplicity,multiplicity,2758,4014879085,16,5000,0.0,0.05,rbf,median,anytime,bonferroni,3,10,False,UNRESOLVED,5000,True,False,False,0.0003980000037699938,0.0,0.18209213411654696,True,True,True,False
ea36bfd815edbec54c9c,multiplicity,multiplicity,2759,3081545619,16,5000,0.0,0.05,rbf,median,anytime,bonferroni,3,10,False,UNRESOLVED,5000,True,False,False,0.0003980839974246919,0.0,0.18209213411654696,True,True,True,False
d16e332cf1a6f88e13fb,multiplicity,multiplicity,2760,4991220,16,5000,0.0,0.05,rbf,median,anytime,bonferroni,3,10,False,UNRESOLVED,5000,True,False,False,0.0004016670281998813,0.0,0.18209213411654696,True,True,True,False
fe01e5b00eb8817aa64c,multiplicity,multiplicity,2761,2016959098,16,5000,0.0,0.05,rbf,median,anytime,bonferroni,3,10,False,UNRESOLVED,5000,True,False,False,0.0003976249718107283,0.0,0.18209213411654696,True,True,True,False
b88b1a86171856437e48,multiplicity,multiplicity,2762,1063706989,16,5000,0.0,0.05,rbf,median,anytime,bonferroni,3,10,False,UNRESOLVED,5000,True,False,False,0.00039654196007177234,0.0,0.18209213411654696,True,True,True,False
3ab711e4c7db1e426952,multiplicity,multiplicity,2763,1374489639,16,5000,0.0,0.05,rbf,median,anytime,bonferroni,3,10,False,UNRESOLVED,5000,True,False,False,0.0003945839707739651,0.0,0.18209213411654696,True,True,True,False
05f0690d22e19ce28eea,multiplicity,multiplicity,2764,2085479843,16,5000,0.0,0.05,rbf,median,anytime,bonferroni,3,10,False,UNRESOLVED,5000,True,False,False,0.0003979590255767107,0.0,0.18209213411654696,True,True,True,False
f8d745cf232ebe39a199,multiplicity,multiplicity,2765,499820185,16,5000,0.0,0.05,rbf,median,anytime,bonferroni,3,10,False,UNRESOLVED,5000,True,False,False,0.0003951250109821558,0.0,0.18209213411654696,True,True,True,False
1a642528dc3643c132d0,multiplicity,multiplicity,2766,1673032850,16,5000,0.0,0.05,rbf,median,anytime,bonferroni,3,10,False,UNRESOLVED,5000,True,False,False,0.0003964999923482537,0.0,0.18209213411654696,True,True,True,False
ea974c2fb5450363c697,multiplicity,multiplicity,2767,124378344,16,5000,0.0,0.05,rbf,median,anytime,bonferroni,3,10,False,UNRESOLVED,5000,True,False,False,0.00039758399361744523,0.0,0.18209213411654696,True,True,True,False
f06986c30ff1fbdb2d15,multiplicity,multiplicity,2768,2762336017,16,5000,0.0,0.05,rbf,median,anytime,bonferroni,3,10,False,UNRESOLVED,5000,True,False,False,0.000398874981328845,0.0,0.18209213411654696,True,True,True,False
eac27a82b8bea3af3f07,multiplicity,multiplicity,2769,2809575555,16,5000,0.0,0.05,rbf,median,anytime,bonferroni,3,10,False,UNRESOLVED,5000,True,False,False,0.0003956669825129211,0.0,0.18209213411654696,True,True,True,False
68f106e7dcd82c664e34,multiplicity,multiplicity,2770,2063469056,16,5000,0.0,0.05,rbf,median,anytime,bonferroni,3,10,False,UNRESOLVED,5000,True,False,False,0.00039554096292704344,0.0,0.18209213411654696,True,True,True,False
a1701d746ba4fe5ee8e3,multiplicity,multiplicity,2771,3527070640,16,5000,0.0,0.05,rbf,median,anytime,bonferroni,3,10,False,UNRESOLVED,5000,True,False,False,0.0003956669825129211,0.0,0.18209213411654696,True,True,True,False
7c3f16296f48ed063acc,multiplicity,multiplicity,2772,3538924062,16,5000,0.0,0.05,rbf,median,anytime,bonferroni,3,10,False,UNRESOLVED,5000,True,False,False,0.00039958301931619644,0.0,0.18209213411654696,True,True,True,False
ca4e3c0e701e43e55ab4,multiplicity,multiplicity,2773,4034900360,16,5000,0.0,0.05,rbf,median,anytime,bonferroni,3,10,False,UNRESOLVED,5000,True,False,False,0.00039558298885822296,0.0,0.18209213411654696,True,True,True,False
f5bd3bdd213201e9ce7f,multiplicity,multiplicity,2774,4013740544,16,5000,0.0,0.05,rbf,median,anytime,bonferroni,3,10,False,UNRESOLVED,5000,True,False,False,0.00039608299266546965,0.0,0.18209213411654696,True,True,True,False
9352d80f1f5f508e942a,multiplicity,multiplicity,2775,3412609300,16,5000,0.0,0.05,rbf,median,anytime,bonferroni,3,10,False,UNRESOLVED,5000,True,False,False,0.0003970410325564444,0.0,0.18209213411654696,True,True,True,False
08604a669f2c0c542b21,multiplicity,multiplicity,2776,1166819208,16,5000,0.0,0.05,rbf,median,anytime,bonferroni,3,10,False,UNRESOLVED,5000,True,False,False,0.0004099170328117907,0.0,0.18209213411654696,True,True,True,False
abfd85f1906729ea34d3,multiplicity,multiplicity,2777,766941237,16,5000,0.0,0.05,rbf,median,anytime,bonferroni,3,10,False,UNRESOLVED,5000,True,False,False,0.00039775000186637044,0.0,0.18209213411654696,True,True,True,False
3f3f9c6dd31e57a8d1bd,multiplicity,multiplicity,2778,2417778663,16,5000,0.0,0.05,rbf,median,anytime,bonferroni,3,10,False,UNRESOLVED,5000,True,False,False,0.0003944169729948044,0.0,0.18209213411654696,True,True,True,False
06a689887dd0fb045187,multiplicity,multiplicity,2779,2743066536,16,5000,0.0,0.05,rbf,median,anytime,bonferroni,3,10,False,UNRESOLVED,5000,True,False,False,0.0003986250376328826,0.0,0.18209213411654696,True,True,True,False
2d57b519eb772c205df1,multiplicity,multiplicity,2780,3858133493,16,5000,0.0,0.05,rbf,median,anytime,bonferroni,3,10,False,UNRESOLVED,5000,True,False,False,0.0003992909914813936,0.0,0.18209213411654696,True,True,True,False
4c44b2935fbf3c621b32,multiplicity,multiplicity,2781,628314562,16,5000,0.0,0.05,rbf,median,anytime,bonferroni,3,10,False,UNRESOLVED,5000,True,False,False,0.0003954159910790622,0.0,0.18209213411654696,True,True,True,False
868c445a940c638e4a9f,multiplicity,multiplicity,2782,2335582138,16,5000,0.0,0.05,rbf,median,anytime,bonferroni,3,10,False,UNRESOLVED,5000,True,False,False,0.0003957499866373837,0.0,0.18209213411654696,True,True,True,False
d403c273112337346385,multiplicity,multiplicity,2783,3516591338,16,5000,0.0,0.05,rbf,median,anytime,bonferroni,3,10,False,UNRESOLVED,5000,True,False,False,0.00039549998473376036,0.0,0.18209213411654696,True,True,True,False
5355f3260aa1d959d57b,multiplicity,multiplicity,2784,545012343,16,5000,0.0,0.05,rbf,median,anytime,bonferroni,3,10,False,UNRESOLVED,5000,True,False,False,0.0003987500094808638,0.0,0.18209213411654696,True,True,True,False
9d68f41401a99e5ad3e2,multiplicity,multiplicity,2785,2184902219,16,5000,0.0,0.05,rbf,median,anytime,bonferroni,3,10,False,UNRESOLVED,5000,True,False,False,0.00039529200876131654,0.0,0.18209213411654696,True,True,True,False
9fe84300959f0edd9cc0,multiplicity,multiplicity,2786,3271098090,16,5000,0.0,0.05,rbf,median,anytime,bonferroni,3,10,False,UNRESOLVED,5000,True,False,False,0.0005873330519534647,0.0,0.18209213411654696,True,True,True,False
196aa9a9f0507a03757d,multiplicity,multiplicity,2787,284374507,16,5000,0.0,0.05,rbf,median,anytime,bonferroni,3,10,False,UNRESOLVED,5000,True,False,False,0.0005480420077219605,0.0,0.18209213411654696,True,True,True,False
3725202b0de0895673e5,multiplicity,multiplicity,2788,2276224351,16,5000,0.0,0.05,rbf,median,anytime,bonferroni,3,10,False,UNRESOLVED,5000,True,False,False,0.0005027910228818655,0.0,0.18209213411654696,True,True,True,False
a99ad1d4ab0124f3902d,multiplicity,multiplicity,2789,1770997575,16,5000,0.0,0.05,rbf,median,anytime,bonferroni,3,10,False,UNRESOLVED,5000,True,False,False,0.0005174169782549143,0.0,0.18209213411654696,True,True,True,False
e58d56f795dd2f5fa91d,multiplicity,multiplicity,2790,125814012,16,5000,0.0,0.05,rbf,median,anytime,bonferroni,3,10,False,UNRESOLVED,5000,True,False,False,0.0006269579753279686,0.0,0.18209213411654696,True,True,True,False
d5f598aec7bb37815521,multiplicity,multiplicity,2791,637076329,16,5000,0.0,0.05,rbf,median,anytime,bonferroni,3,10,False,UNRESOLVED,5000,True,False,False,0.0005439579836092889,0.0,0.18209213411654696,True,True,True,False
78e2313875d85d3464cc,multiplicity,multiplicity,2792,3514135558,16,5000,0.0,0.05,rbf,median,anytime,bonferroni,3,10,False,UNRESOLVED,5000,True,False,False,0.000520832953043282,0.0,0.18209213411654696,True,True,True,False
5b37dc504795af1e2205,multiplicity,multiplicity,2793,3307340695,16,5000,0.0,0.05,rbf,median,anytime,bonferroni,3,10,False,UNRESOLVED,5000,True,False,False,0.0004999160300940275,0.0,0.18209213411654696,True,True,True,False
92c2efb04fbc081313a0,multiplicity,multiplicity,2794,48159790,16,5000,0.0,0.05,rbf,median,anytime,bonferroni,3,10,False,UNRESOLVED,5000,True,False,False,0.0004885829985141754,0.0,0.18209213411654696,True,True,True,False
ad5ad1e7ea404c30e2e9,multiplicity,multiplicity,2795,742960312,16,5000,0.0,0.05,rbf,median,anytime,bonferroni,3,10,False,UNRESOLVED,5000,True,False,False,0.0004995419876649976,0.0,0.18209213411654696,True,True,True,False
49e7aa21feac3c464a4a,multiplicity,multiplicity,2796,931290965,16,5000,0.0,0.05,rbf,median,anytime,bonferroni,3,10,False,UNRESOLVED,5000,True,False,False,0.0004901249776594341,0.0,0.18209213411654696,True,True,True,False
fc10be800a26e783ae99,multiplicity,multiplicity,2797,1006794004,16,5000,0.0,0.05,rbf,median,anytime,bonferroni,3,10,False,UNRESOLVED,5000,True,False,False,0.00047545903362333775,0.0,0.18209213411654696,True,True,True,False
2a9e7a8f31ec3a5fc5c7,multiplicity,multiplicity,2798,2670028513,16,5000,0.0,0.05,rbf,median,anytime,bonferroni,3,10,False,UNRESOLVED,5000,True,False,False,0.00047637498937547207,0.0,0.18209213411654696,True,True,True,False
797cbbc306bf3f98aba0,multiplicity,multiplicity,2799,1096500812,16,5000,0.0,0.05,rbf,median,anytime,bonferroni,3,10,False,UNRESOLVED,5000,True,False,False,0.00048166699707508087,0.0,0.18209213411654696,True,True,True,False
b20a2884f86c69a0e10c,multiplicity,multiplicity,2800,44063962,16,5000,0.0,0.05,rbf,median,anytime,bonferroni,3,10,False,UNRESOLVED,5000,True,False,False,0.00048162497114390135,0.0,0.18209213411654696,True,True,True,False
8ed9852a4a92a805f680,multiplicity,multiplicity,2801,2504807174,16,5000,0.0,0.05,rbf,median,anytime,bonferroni,3,10,False,UNRESOLVED,5000,True,False,False,0.00047750002704560757,0.0,0.18209213411654696,True,True,True,False
94b38d2701e126d69296,multiplicity,multiplicity,2802,806705737,16,5000,0.0,0.05,rbf,median,anytime,bonferroni,3,10,False,UNRESOLVED,5000,True,False,False,0.0004807919613085687,0.0,0.18209213411654696,True,True,True,False
9e015683e6456a5bd99b,multiplicity,multiplicity,2803,3641693718,16,5000,0.0,0.05,rbf,median,anytime,bonferroni,3,10,False,UNRESOLVED,5000,True,False,False,0.0005071670166216791,0.0,0.18209213411654696,True,True,True,False
9ff86a7f12c261873d2b,multiplicity,multiplicity,2804,1087706908,16,5000,0.0,0.05,rbf,median,anytime,bonferroni,3,10,False,UNRESOLVED,5000,True,False,False,0.0005372080486267805,0.0,0.18209213411654696,True,True,True,False
5e66218388da46d0b00d,multiplicity,multiplicity,2805,1205568590,16,5000,0.0,0.05,rbf,median,anytime,bonferroni,3,10,False,UNRESOLVED,5000,True,False,False,0.0008200000156648457,0.0,0.18209213411654696,True,True,True,False
b2ef20ffbe1e8ee0da7d,multiplicity,multiplicity,2806,3131437088,16,5000,0.0,0.05,rbf,median,anytime,bonferroni,3,10,False,UNRESOLVED,5000,True,False,False,0.0005234169657342136,0.0,0.18209213411654696,True,True,True,False
760875b72c5904a8df17,multiplicity,multiplicity,2807,1738635735,16,5000,0.0,0.05,rbf,median,anytime,bonferroni,3,10,False,UNRESOLVED,5000,True,False,False,0.0004923749947920442,0.0,0.18209213411654696,True,True,True,False
634400f469ddaa6b2912,multiplicity,multiplicity,2808,2654742324,16,5000,0.0,0.05,rbf,median,anytime,bonferroni,3,10,False,UNRESOLVED,5000,True,False,False,0.00047995802015066147,0.0,0.18209213411654696,True,True,True,False
83e46ec3f6ac7ad6295c,multiplicity,multiplicity,2809,4067101533,16,5000,0.0,0.05,rbf,median,anytime,bonferroni,3,10,False,UNRESOLVED,5000,True,False,False,0.0004849580000154674,0.0,0.18209213411654696,True,True,True,False
34bc7f8fa108fb50fa6e,multiplicity,multiplicity,2810,2728888538,16,5000,0.0,0.05,rbf,median,anytime,bonferroni,3,10,False,UNRESOLVED,5000,True,False,False,0.0004915420431643724,0.0,0.18209213411654696,True,True,True,False
f38273640194992e713d,multiplicity,multiplicity,2811,491938787,16,5000,0.0,0.05,rbf,median,anytime,bonferroni,3,10,False,UNRESOLVED,5000,True,False,False,0.0004794580163434148,0.0,0.18209213411654696,True,True,True,False
c5d7b6e349324ca2f831,multiplicity,multiplicity,2812,4142520507,16,5000,0.0,0.05,rbf,median,anytime,bonferroni,3,10,False,UNRESOLVED,5000,True,False,False,0.0004782089963555336,0.0,0.18209213411654696,True,True,True,False
0577792d8bf5890db331,multiplicity,multiplicity,2813,3300974931,16,5000,0.0,0.05,rbf,median,anytime,bonferroni,3,10,False,UNRESOLVED,5000,True,False,False,0.00048641697503626347,0.0,0.18209213411654696,True,True,True,False
2a25b8761ee052177e9a,multiplicity,multiplicity,2814,4108952439,16,5000,0.0,0.05,rbf,median,anytime,bonferroni,3,10,False,UNRESOLVED,5000,True,False,False,0.0004929170245304704,0.0,0.18209213411654696,True,True,True,False
14ed5986b931b95979e4,multiplicity,multiplicity,2815,1189683999,16,5000,0.0,0.05,rbf,median,anytime,bonferroni,3,10,False,UNRESOLVED,5000,True,False,False,0.0004775839624926448,0.0,0.18209213411654696,True,True,True,False
290860c7197b0bc3045c,multiplicity,multiplicity,2816,2988316648,16,5000,0.0,0.05,rbf,median,anytime,bonferroni,3,10,False,UNRESOLVED,5000,True,False,False,0.0004943329840898514,0.0,0.18209213411654696,True,True,True,False
213554209f931b5a6bac,multiplicity,multiplicity,2817,618354887,16,5000,0.0,0.05,rbf,median,anytime,bonferroni,3,10,False,UNRESOLVED,5000,True,False,False,0.000494042003992945,0.0,0.18209213411654696,True,True,True,False
19e9edb0ed8949107e45,multiplicity,multiplicity,2818,2465100013,16,5000,0.0,0.05,rbf,median,anytime,bonferroni,3,10,False,UNRESOLVED,5000,True,False,False,0.0004982079844921827,0.0,0.18209213411654696,True,True,True,False
7313d7e4e0c09d05c7b9,multiplicity,multiplicity,2819,2649200066,16,5000,0.0,0.05,rbf,median,anytime,bonferroni,3,10,False,UNRESOLVED,5000,True,False,False,0.0005016660434193909,0.0,0.18209213411654696,True,True,True,False
c21801b5c2fd136eef43,multiplicity,multiplicity,2820,2020211588,16,5000,0.0,0.05,rbf,median,anytime,bonferroni,3,10,False,UNRESOLVED,5000,True,False,False,0.0005259590107016265,0.0,0.18209213411654696,True,True,True,False
7e7057960dc3f25a82a5,multiplicity,multiplicity,2821,1516214313,16,5000,0.0,0.05,rbf,median,anytime,bonferroni,3,10,False,UNRESOLVED,5000,True,False,False,0.0005498750251717865,0.0,0.18209213411654696,True,True,True,False
855ffb3bd1d572c16767,multiplicity,multiplicity,2822,1634306905,16,5000,0.0,0.05,rbf,median,anytime,bonferroni,3,10,False,UNRESOLVED,5000,True,False,False,0.0005117920227348804,0.0,0.18209213411654696,True,True,True,False
323f7f3c33ca92b07011,multiplicity,multiplicity,2823,162266535,16,5000,0.0,0.05,rbf,median,anytime,bonferroni,3,10,False,UNRESOLVED,5000,True,False,False,0.00043462502071633935,0.0,0.18209213411654696,True,True,True,False
ceb9326e9a85ed8bdb33,multiplicity,multiplicity,2824,2504286833,16,5000,0.0,0.05,rbf,median,anytime,bonferroni,3,10,False,UNRESOLVED,5000,True,False,False,0.00041570799658074975,0.0,0.18209213411654696,True,True,True,False
cf7ecdb0e11ad1462a9e,multiplicity,multiplicity,2825,4248956687,16,5000,0.0,0.05,rbf,median,anytime,bonferroni,3,10,False,UNRESOLVED,5000,True,False,False,0.00040666700806468725,0.0,0.18209213411654696,True,True,True,False
01e89c4ba58b5f64d49d,multiplicity,multiplicity,2826,3348617611,16,5000,0.0,0.05,rbf,median,anytime,bonferroni,3,10,False,UNRESOLVED,5000,True,False,False,0.00040666700806468725,0.0,0.18209213411654696,True,True,True,False
21722b64e1adf659a245,multiplicity,multiplicity,2827,103373163,16,5000,0.0,0.05,rbf,median,anytime,bonferroni,3,10,False,UNRESOLVED,5000,True,False,False,0.00040374998934566975,0.0,0.18209213411654696,True,True,True,False
e264d950434eef6051b4,multiplicity,multiplicity,2828,4066829377,16,5000,0.0,0.05,rbf,median,anytime,bonferroni,3,10,False,UNRESOLVED,5000,True,False,False,0.00040241703391075134,0.0,0.18209213411654696,True,True,True,False
1b5e5277a9851837e3b0,multiplicity,multiplicity,2829,3303131252,16,5000,0.0,0.05,rbf,median,anytime,bonferroni,3,10,False,UNRESOLVED,5000,True,False,False,0.0004015830345451832,0.0,0.18209213411654696,True,True,True,False
af1421c0ab61faefc837,multiplicity,multiplicity,2830,2566756563,16,5000,0.0,0.05,rbf,median,anytime,bonferroni,3,10,False,UNRESOLVED,5000,True,False,False,0.0004000000189989805,0.0,0.18209213411654696,True,True,True,False
9d94d81c682ae6b16b1f,multiplicity,multiplicity,2831,337478651,16,5000,0.0,0.05,rbf,median,anytime,bonferroni,3,10,False,UNRESOLVED,5000,True,False,False,0.0004016669699922204,0.0,0.18209213411654696,True,True,True,False
5e911aaaae2c5515850b,multiplicity,multiplicity,2832,290475528,16,5000,0.0,0.05,rbf,median,anytime,bonferroni,3,10,False,UNRESOLVED,5000,True,False,False,0.0004035409656353295,0.0,0.18209213411654696,True,True,True,False
fb174a01ed5b3f756738,multiplicity,multiplicity,2833,1043571050,16,5000,0.0,0.05,rbf,median,anytime,bonferroni,3,10,False,UNRESOLVED,5000,True,False,False,0.00040262500988319516,0.0,0.18209213411654696,True,True,True,False
31825f7459d517c27a85,multiplicity,multiplicity,2834,3349339859,16,5000,0.0,0.05,rbf,median,anytime,bonferroni,3,10,False,UNRESOLVED,5000,True,False,False,0.0004002090427093208,0.0,0.18209213411654696,True,True,True,False
792bd16d23726bcb71fa,multiplicity,multiplicity,2835,4081095635,16,5000,0.0,0.05,rbf,median,anytime,bonferroni,3,10,False,UNRESOLVED,5000,True,False,False,0.00040304200956597924,0.0,0.18209213411654696,True,True,True,False
4372ba95441c1ee22754,multiplicity,multiplicity,2836,997933588,16,5000,0.0,0.05,rbf,median,anytime,bonferroni,3,10,False,UNRESOLVED,5000,True,False,False,0.0003999170148745179,0.0,0.18209213411654696,True,True,True,False
7f2c5f7ab5bede5a4216,multiplicity,multiplicity,2837,1437269036,16,5000,0.0,0.05,rbf,median,anytime,bonferroni,3,10,False,UNRESOLVED,5000,True,False,False,0.00040295900544151664,0.0,0.18209213411654696,True,True,True,False
39dd123b19019bb3c2ce,multiplicity,multiplicity,2838,628628592,16,5000,0.0,0.05,rbf,median,anytime,bonferroni,3,10,False,UNRESOLVED,5000,True,False,False,0.00039966602344065905,0.0,0.18209213411654696,True,True,True,False
2ee6e5a944e0f3da3a16,multiplicity,multiplicity,2839,4269143745,16,5000,0.0,0.05,rbf,median,anytime,bonferroni,3,10,False,UNRESOLVED,5000,True,False,False,0.0004015830345451832,0.0,0.18209213411654696,True,True,True,False
3d062f08905537bd4669,multiplicity,multiplicity,2840,1226392283,16,5000,0.0,0.05,rbf,median,anytime,bonferroni,3,10,False,UNRESOLVED,5000,True,False,False,0.0004016250022687018,0.0,0.18209213411654696,True,True,True,False
a52e4833b9bfd7093c96,multiplicity,multiplicity,2841,4271492095,16,5000,0.0,0.05,rbf,median,anytime,bonferroni,3,10,False,UNRESOLVED,5000,True,False,False,0.00039933400694280863,0.0,0.18209213411654696,True,True,True,False
c3642984ce26b82ab4a7,multiplicity,multiplicity,2842,881753539,16,5000,0.0,0.05,rbf,median,anytime,bonferroni,3,10,False,UNRESOLVED,5000,True,False,False,0.00039983296301215887,0.0,0.18209213411654696,True,True,True,False
fadec6a29fcb1709c0f4,multiplicity,multiplicity,2843,747185439,16,5000,0.0,0.05,rbf,median,anytime,bonferroni,3,10,False,UNRESOLVED,5000,True,False,False,0.00039962498703971505,0.0,0.18209213411654696,True,True,True,False
f0db4177f96becbb1de6,multiplicity,multiplicity,2844,1939997992,16,5000,0.0,0.05,rbf,median,anytime,bonferroni,3,10,False,UNRESOLVED,5000,True,False,False,0.000401084020268172,0.0,0.18209213411654696,True,True,True,False
22e684e642ea92bfb5da,multiplicity,multiplicity,2845,3274089367,16,5000,0.0,0.05,rbf,median,anytime,bonferroni,3,10,False,UNRESOLVED,5000,True,False,False,0.0004005000228062272,0.0,0.18209213411654696,True,True,True,False
fc47a47f36a703074e51,multiplicity,multiplicity,2846,1860124305,16,5000,0.0,0.05,rbf,median,anytime,bonferroni,3,10,False,UNRESOLVED,5000,True,False,False,0.00040379201527684927,0.0,0.18209213411654696,True,True,True,False
d573229dc79ecfa7e784,multiplicity,multiplicity,2847,3716118900,16,5000,0.0,0.05,rbf,median,anytime,bonferroni,3,10,False,UNRESOLVED,5000,True,False,False,0.0003994579892605543,0.0,0.18209213411654696,True,True,True,False
fc0855046ec6848fceeb,multiplicity,multiplicity,2848,3425182442,16,5000,0.0,0.05,rbf,median,anytime,bonferroni,3,10,False,UNRESOLVED,5000,True,False,False,0.00040020799497142434,0.0,0.18209213411654696,True,True,True,False
9e57f60cbbc78025752f,multiplicity,multiplicity,2849,3990702146,16,5000,0.0,0.05,rbf,median,anytime,bonferroni,3,10,False,UNRESOLVED,5000,True,False,False,0.0004015840240754187,0.0,0.18209213411654696,True,True,True,False
a4a8b27d74159258abee,multiplicity,multiplicity,2850,3176576703,16,5000,0.0,0.05,rbf,median,anytime,bonferroni,3,10,False,UNRESOLVED,5000,True,False,False,0.0004011249984614551,0.0,0.18209213411654696,True,True,True,False
5dc2da63cf36b39d36b3,multiplicity,multiplicity,2851,3419938749,16,5000,0.0,0.05,rbf,median,anytime,bonferroni,3,10,False,UNRESOLVED,5000,True,False,False,0.0004000000189989805,0.0,0.18209213411654696,True,True,True,False
c4416a0f7ea53211a952,multiplicity,multiplicity,2852,3936783692,16,5000,0.0,0.05,rbf,median,anytime,bonferroni,3,10,False,UNRESOLVED,5000,True,False,False,0.00040012499084696174,0.0,0.18209213411654696,True,True,True,False
67bad262ccfda10c25a8,multiplicity,multiplicity,2853,1228136117,16,5000,0.0,0.05,rbf,median,anytime,bonferroni,3,10,False,UNRESOLVED,5000,True,False,False,0.0004015830345451832,0.0,0.18209213411654696,True,True,True,False
a0b17c37338b8ef6a0f8,multiplicity,multiplicity,2854,3991433290,16,5000,0.0,0.05,rbf,median,anytime,bonferroni,3,10,False,UNRESOLVED,5000,True,False,False,0.000398874981328845,0.0,0.18209213411654696,True,True,True,False
272154c4e1e0f8232fc3,multiplicity,multiplicity,2855,2034557575,16,5000,0.0,0.05,rbf,median,anytime,bonferroni,3,10,False,UNRESOLVED,5000,True,False,False,0.00039737496990710497,0.0,0.18209213411654696,True,True,True,False
1e80aad164131dff40fc,multiplicity,multiplicity,2856,4166959302,16,5000,0.0,0.05,rbf,median,anytime,bonferroni,3,10,False,UNRESOLVED,5000,True,False,False,0.00040087499655783176,0.0,0.18209213411654696,True,True,True,False
0a066ca53a2f018cdf96,multiplicity,multiplicity,2857,909926342,16,5000,0.0,0.05,rbf,median,anytime,bonferroni,3,10,False,UNRESOLVED,5000,True,False,False,0.00040074996650218964,0.0,0.18209213411654696,True,True,True,False
140009fce9091f3c3648,multiplicity,multiplicity,2858,3967455896,16,5000,0.0,0.05,rbf,median,anytime,bonferroni,3,10,False,UNRESOLVED,5000,True,False,False,0.00039854104397818446,0.0,0.18209213411654696,True,True,True,False
faf520e89bb43b02beb6,multiplicity,multiplicity,2859,2000720536,16,5000,0.0,0.05,rbf,median,anytime,bonferroni,3,10,False,UNRESOLVED,5000,True,False,False,0.000400999968405813,0.0,0.18209213411654696,True,True,True,False
27530447d4f4ef05ea71,multiplicity,multiplicity,2860,136416004,16,5000,0.0,0.05,rbf,median,anytime,bonferroni,3,10,False,UNRESOLVED,5000,True,False,False,0.0003981250338256359,0.0,0.18209213411654696,True,True,True,False
eb74f82a539ca1a069ab,multiplicity,multiplicity,2861,2949344177,16,5000,0.0,0.05,rbf,median,anytime,bonferroni,3,10,False,UNRESOLVED,5000,True,False,False,0.0004066659603267908,0.0,0.18209213411654696,True,True,True,False
2f1a59462a4e14d700eb,multiplicity,multiplicity,2862,175471623,16,5000,0.0,0.05,rbf,median,anytime,bonferroni,3,10,False,UNRESOLVED,5000,True,False,False,0.0004004170186817646,0.0,0.18209213411654696,True,True,True,False
cdbb86a814567cbd876a,multiplicity,multiplicity,2863,492588541,16,5000,0.0,0.05,rbf,median,anytime,bonferroni,3,10,False,UNRESOLVED,5000,True,False,False,0.0004008340183645487,0.0,0.18209213411654696,True,True,True,False
9d2ab877e50a54996e93,multiplicity,multiplicity,2864,2535653248,16,5000,0.0,0.05,rbf,median,anytime,bonferroni,3,10,False,UNRESOLVED,5000,True,False,False,0.0004022500361315906,0.0,0.18209213411654696,True,True,True,False
3c3707535236cfe1de84,multiplicity,multiplicity,2865,2136946445,16,5000,0.0,0.05,rbf,median,anytime,bonferroni,3,10,False,UNRESOLVED,5000,True,False,False,0.0003987500094808638,0.0,0.18209213411654696,True,True,True,False
c820baff6b93718ee9c8,multiplicity,multiplicity,2866,637624708,16,5000,0.0,0.05,rbf,median,anytime,bonferroni,3,10,False,UNRESOLVED,5000,True,False,False,0.0003986249794252217,0.0,0.18209213411654696,True,True,True,False
9e18b82d3eab7597a06e,multiplicity,multiplicity,2867,1831061945,16,5000,0.0,0.05,rbf,median,anytime,bonferroni,3,10,False,UNRESOLVED,5000,True,False,False,0.000398916017729789,0.0,0.18209213411654696,True,True,True,False
fe86e6de479cb9944647,multiplicity,multiplicity,2868,1597523585,16,5000,0.0,0.05,rbf,median,anytime,bonferroni,3,10,False,UNRESOLVED,5000,True,False,False,0.00039920798735693097,0.0,0.18209213411654696,True,True,True,False
016f397dc249350baa60,multiplicity,multiplicity,2869,3365304765,16,5000,0.0,0.05,rbf,median,anytime,bonferroni,3,10,False,UNRESOLVED,5000,True,False,False,0.0004000000189989805,0.0,0.18209213411654696,True,True,True,False
483b5689aa2018803892,multiplicity,multiplicity,2870,4066613111,16,5000,0.0,0.05,rbf,median,anytime,bonferroni,3,10,False,UNRESOLVED,5000,True,False,False,0.0004029169795103371,0.0,0.18209213411654696,True,True,True,False
9cb1ae0421a86f025623,multiplicity,multiplicity,2871,886727161,16,5000,0.0,0.05,rbf,median,anytime,bonferroni,3,10,False,UNRESOLVED,5000,True,False,False,0.0003986670053564012,0.0,0.18209213411654696,True,True,True,False
71c8305f5e0cce8bd172,multiplicity,multiplicity,2872,3141049429,16,5000,0.0,0.05,rbf,median,anytime,bonferroni,3,10,False,UNRESOLVED,5000,True,False,False,0.0003988329553976655,0.0,0.18209213411654696,True,True,True,False
5ca691cc21a963d0e14b,multiplicity,multiplicity,2873,3603929070,16,5000,0.0,0.05,rbf,median,anytime,bonferroni,3,10,False,UNRESOLVED,5000,True,False,False,0.0003993750433437526,0.0,0.18209213411654696,True,True,True,False
222016f04193d8c158bd,multiplicity,multiplicity,2874,3464045476,16,5000,0.0,0.05,rbf,median,anytime,bonferroni,3,10,False,UNRESOLVED,5000,True,False,False,0.00039933400694280863,0.0,0.18209213411654696,True,True,True,False
ebd70cf37b725fc6c331,multiplicity,multiplicity,2875,2270980649,16,5000,0.0,0.05,rbf,median,anytime,bonferroni,3,10,False,UNRESOLVED,5000,True,False,False,0.0004040419589728117,0.0,0.18209213411654696,True,True,True,False
4141fc7224b96a4eec19,multiplicity,multiplicity,2876,2596577295,16,5000,0.0,0.05,rbf,median,anytime,bonferroni,3,10,False,UNRESOLVED,5000,True,False,False,0.00039962498703971505,0.0,0.18209213411654696,True,True,True,False
34ac25d27783c07c0ce9,multiplicity,multiplicity,2877,2554357992,16,5000,0.0,0.05,rbf,median,anytime,bonferroni,3,10,False,UNRESOLVED,5000,True,False,False,0.0004002919886261225,0.0,0.18209213411654696,True,True,True,False
b8fa1517df3f9e9e7504,multiplicity,multiplicity,2878,1229837750,16,5000,0.0,0.05,rbf,median,anytime,bonferroni,3,10,False,UNRESOLVED,5000,True,False,False,0.000402832985855639,0.0,0.18209213411654696,True,True,True,False
86453c5b57e0bd36a8fc,multiplicity,multiplicity,2879,3053176561,16,5000,0.0,0.05,rbf,median,anytime,bonferroni,3,10,False,UNRESOLVED,5000,True,False,False,0.0003991670091636479,0.0,0.18209213411654696,True,True,True,False
2e96215eaefba6368b49,multiplicity,multiplicity,2880,703480895,16,5000,0.0,0.05,rbf,median,anytime,bonferroni,3,10,False,UNRESOLVED,5000,True,False,False,0.0004017500323243439,0.0,0.18209213411654696,True,True,True,False
4972317dd12b687c3a7e,multiplicity,multiplicity,2881,181556842,16,5000,0.0,0.05,rbf,median,anytime,bonferroni,3,10,False,UNRESOLVED,5000,True,False,False,0.0003979169996455312,0.0,0.18209213411654696,True,True,True,False
1a1cdf1aa87000efe044,multiplicity,multiplicity,2882,2343305614,16,5000,0.0,0.05,rbf,median,anytime,bonferroni,3,10,False,UNRESOLVED,5000,True,False,False,0.00040137500036507845,0.0,0.18209213411654696,True,True,True,False
77bab545bce9482b74a1,multiplicity,multiplicity,2883,4103075867,16,5000,0.0,0.05,rbf,median,anytime,bonferroni,3,10,False,UNRESOLVED,5000,True,False,False,0.00039983296301215887,0.0,0.18209213411654696,True,True,True,False
aec4cf1d3d546c99b14a,multiplicity,multiplicity,2884,2817267105,16,5000,0.0,0.05,rbf,median,anytime,bonferroni,3,10,False,UNRESOLVED,5000,True,False,False,0.0003976250300183892,0.0,0.18209213411654696,True,True,True,False
578dd2c2f32debddf693,multiplicity,multiplicity,2885,514826737,16,5000,0.0,0.05,rbf,median,anytime,bonferroni,3,10,False,UNRESOLVED,5000,True,False,False,0.00039958296110853553,0.0,0.18209213411654696,True,True,True,False
5a80911e42c13ca9bab3,multiplicity,multiplicity,2886,710625124,16,5000,0.0,0.05,rbf,median,anytime,bonferroni,3,10,False,UNRESOLVED,5000,True,False,False,0.00039995898259803653,0.0,0.18209213411654696,True,True,True,False
8ae186cd4a6783ae3088,multiplicity,multiplicity,2887,906327591,16,5000,0.0,0.05,rbf,median,anytime,bonferroni,3,10,False,UNRESOLVED,5000,True,False,False,0.00040020799497142434,0.0,0.18209213411654696,True,True,True,False
f5e7b9da33df355d0554,multiplicity,multiplicity,2888,3877672665,16,5000,0.0,0.05,rbf,median,anytime,bonferroni,3,10,False,UNRESOLVED,5000,True,False,False,0.00039962498703971505,0.0,0.18209213411654696,True,True,True,False
2dace62e34a1285faef0,multiplicity,multiplicity,2889,3656449246,16,5000,0.0,0.05,rbf,median,anytime,bonferroni,3,10,False,UNRESOLVED,5000,True,False,False,0.0003993329592049122,0.0,0.18209213411654696,True,True,True,False
5cb68c71997dbdd36b6e,multiplicity,multiplicity,2890,2054665918,16,5000,0.0,0.05,rbf,median,anytime,bonferroni,3,10,False,UNRESOLVED,5000,True,False,False,0.00039954204112291336,0.0,0.18209213411654696,True,True,True,False
d8c5e19f6e9c8c25f77d,multiplicity,multiplicity,2891,1286319720,16,5000,0.0,0.05,rbf,median,anytime,bonferroni,3,10,False,UNRESOLVED,5000,True,False,False,0.00040029099909588695,0.0,0.18209213411654696,True,True,True,False
9c1d4856a1a365a7d86f,multiplicity,multiplicity,2892,1886670947,16,5000,0.0,0.05,rbf,median,anytime,bonferroni,3,10,False,UNRESOLVED,5000,True,False,False,0.0004004170186817646,0.0,0.18209213411654696,True,True,True,False
a4e09e85a7d4a6be0664,multiplicity,multiplicity,2893,918187400,16,5000,0.0,0.05,rbf,median,anytime,bonferroni,3,10,False,UNRESOLVED,5000,True,False,False,0.00040199997602030635,0.0,0.18209213411654696,True,True,True,False
da8b757bca591e196261,multiplicity,multiplicity,2894,100853408,16,5000,0.0,0.05,rbf,median,anytime,bonferroni,3,10,False,UNRESOLVED,5000,True,False,False,0.0004004170186817646,0.0,0.18209213411654696,True,True,True,False
efcaab2cc7eabef67627,multiplicity,multiplicity,2895,57773218,16,5000,0.0,0.05,rbf,median,anytime,bonferroni,3,10,False,UNRESOLVED,5000,True,False,False,0.00039858301170170307,0.0,0.18209213411654696,True,True,True,False
ec9192770ce870f71675,multiplicity,multiplicity,2896,2974719639,16,5000,0.0,0.05,rbf,median,anytime,bonferroni,3,10,False,UNRESOLVED,5000,True,False,False,0.0003986660158261657,0.0,0.18209213411654696,True,True,True,False
5c6a0ccda80c923511d2,multiplicity,multiplicity,2897,3800261881,16,5000,0.0,0.05,rbf,median,anytime,bonferroni,3,10,False,UNRESOLVED,5000,True,False,False,0.00040137500036507845,0.0,0.18209213411654696,True,True,True,False
5dda262c7025282d5812,multiplicity,multiplicity,2898,85577815,16,5000,0.0,0.05,rbf,median,anytime,bonferroni,3,10,False,UNRESOLVED,5000,True,False,False,0.000398874981328845,0.0,0.18209213411654696,True,True,True,False
735c684cff0dd38c87d7,multiplicity,multiplicity,2899,2694694429,16,5000,0.0,0.05,rbf,median,anytime,bonferroni,3,10,False,UNRESOLVED,5000,True,False,False,0.000398124975617975,0.0,0.18209213411654696,True,True,True,False
654bc01f2ae03547edcc,multiplicity,multiplicity,2900,3458872411,16,5000,0.0,0.05,rbf,median,anytime,bonferroni,3,10,False,UNRESOLVED,5000,True,False,False,0.0004012080025859177,0.0,0.18209213411654696,True,True,True,False
029114830892b0b2ca41,multiplicity,multiplicity,2901,1272109987,16,5000,0.0,0.05,rbf,median,anytime,bonferroni,3,10,False,UNRESOLVED,5000,True,False,False,0.00039962498703971505,0.0,0.18209213411654696,True,True,True,False
5d03d28de7f7952144f6,multiplicity,multiplicity,2902,1839013813,16,5000,0.0,0.05,rbf,median,anytime,bonferroni,3,10,False,UNRESOLVED,5000,True,False,False,0.00039908301550894976,0.0,0.18209213411654696,True,True,True,False
aba469f64eadc6bf0371,multiplicity,multiplicity,2903,1513193504,16,5000,0.0,0.05,rbf,median,anytime,bonferroni,3,10,False,UNRESOLVED,5000,True,False,False,0.00039945897879078984,0.0,0.18209213411654696,True,True,True,False
4b3becae12b965c8d7fb,multiplicity,multiplicity,2904,1973732921,16,5000,0.0,0.05,rbf,median,anytime,bonferroni,3,10,False,UNRESOLVED,5000,True,False,False,0.00039970799116417766,0.0,0.18209213411654696,True,True,True,False
f562938979646f4a84ec,multiplicity,multiplicity,2905,708403926,16,5000,0.0,0.05,rbf,median,anytime,bonferroni,3,10,False,UNRESOLVED,5000,True,False,False,0.00039845798164606094,0.0,0.18209213411654696,True,True,True,False
5f03a721c5650459d019,multiplicity,multiplicity,2906,1282652747,16,5000,0.0,0.05,rbf,median,anytime,bonferroni,3,10,False,UNRESOLVED,5000,True,False,False,0.00039950001519173384,0.0,0.18209213411654696,True,True,True,False
6f2b0345f57bffece958,multiplicity,multiplicity,2907,2220952444,16,5000,0.0,0.05,rbf,median,anytime,bonferroni,3,10,False,UNRESOLVED,5000,True,False,False,0.00039841700345277786,0.0,0.18209213411654696,True,True,True,False
82475fd00bcb5f169a18,multiplicity,multiplicity,2908,248058071,16,5000,0.0,0.05,rbf,median,anytime,bonferroni,3,10,False,UNRESOLVED,5000,True,False,False,0.0004001659690402448,0.0,0.18209213411654696,True,True,True,False
3d514ff9867b21c27c3f,multiplicity,multiplicity,2909,2017186793,16,5000,0.0,0.05,rbf,median,anytime,bonferroni,3,10,False,UNRESOLVED,5000,True,False,False,0.0003982500056736171,0.0,0.18209213411654696,True,True,True,False
3538b9b3ea7aca274f5b,multiplicity,multiplicity,2910,1980974368,16,5000,0.0,0.05,rbf,median,anytime,bonferroni,3,10,False,UNRESOLVED,5000,True,False,False,0.0003986250376328826,0.0,0.18209213411654696,True,True,True,False
91ef2cc57c4f620fec2b,multiplicity,multiplicity,2911,1917682719,16,5000,0.0,0.05,rbf,median,anytime,bonferroni,3,10,False,UNRESOLVED,5000,True,False,False,0.00039837497752159834,0.0,0.18209213411654696,True,True,True,False
acd74d16d512ee45e695,multiplicity,multiplicity,2912,2582360484,16,5000,0.0,0.05,rbf,median,anytime,bonferroni,3,10,False,UNRESOLVED,5000,True,False,False,0.0003987080417573452,0.0,0.18209213411654696,True,True,True,False
db82b43fcd0c49d72fcb,multiplicity,multiplicity,2913,2901080037,16,5000,0.0,0.05,rbf,median,anytime,bonferroni,3,10,False,UNRESOLVED,5000,True,False,False,0.00039787503192201257,0.0,0.18209213411654696,True,True,True,False
e5cc45afdec420531704,multiplicity,multiplicity,2914,392292879,16,5000,0.0,0.05,rbf,median,anytime,bonferroni,3,10,False,UNRESOLVED,5000,True,False,False,0.00039787503192201257,0.0,0.18209213411654696,True,True,True,False
79150280a3ec5444a373,multiplicity,multiplicity,2915,1997491621,16,5000,0.0,0.05,rbf,median,anytime,bonferroni,3,10,False,UNRESOLVED,5000,True,False,False,0.00040016701677814126,0.0,0.18209213411654696,True,True,True,False
7582887662c1dc3d2d31,multiplicity,multiplicity,2916,143645714,16,5000,0.0,0.05,rbf,median,anytime,bonferroni,3,10,False,UNRESOLVED,5000,True,False,False,0.00040012499084696174,0.0,0.18209213411654696,True,True,True,False
9009b17d076a187f7aaa,multiplicity,multiplicity,2917,1569290672,16,5000,0.0,0.05,rbf,median,anytime,bonferroni,3,10,False,UNRESOLVED,5000,True,False,False,0.00040116702439263463,0.0,0.18209213411654696,True,True,True,False
d29954acd70b18d381eb,multiplicity,multiplicity,2918,768599158,16,5000,0.0,0.05,rbf,median,anytime,bonferroni,3,10,False,UNRESOLVED,5000,True,False,False,0.00039674999425187707,0.0,0.18209213411654696,True,True,True,False
b21deb11be4c6bbd7321,multiplicity,multiplicity,2919,2360536948,16,5000,0.0,0.05,rbf,median,anytime,bonferroni,3,10,False,UNRESOLVED,5000,True,False,False,0.0003998749889433384,0.0,0.18209213411654696,True,True,True,False
afce60bb3329c299eb66,multiplicity,multiplicity,2920,3601195075,16,5000,0.0,0.05,rbf,median,anytime,bonferroni,3,10,False,UNRESOLVED,5000,True,False,False,0.0003973750281147659,0.0,0.18209213411654696,True,True,True,False
fbb79a35637721de596a,multiplicity,multiplicity,2921,995340987,16,5000,0.0,0.05,rbf,median,anytime,bonferroni,3,10,False,UNRESOLVED,5000,True,False,False,0.00039950001519173384,0.0,0.18209213411654696,True,True,True,False
e8dbc99baa232f1a2110,multiplicity,multiplicity,2922,424222069,16,5000,0.0,0.05,rbf,median,anytime,bonferroni,3,10,False,UNRESOLVED,5000,True,False,False,0.000398916017729789,0.0,0.18209213411654696,True,True,True,False
e2be1f7b4c25682744a8,multiplicity,multiplicity,2923,2764931022,16,5000,0.0,0.05,rbf,median,anytime,bonferroni,3,10,False,UNRESOLVED,5000,True,False,False,0.00039858295349404216,0.0,0.18209213411654696,True,True,True,False
bb461d9c763f872e35c3,multiplicity,multiplicity,2924,817349153,16,5000,0.0,0.05,rbf,median,anytime,bonferroni,3,10,False,UNRESOLVED,5000,True,False,False,0.0004849159740842879,0.0,0.18209213411654696,True,True,True,False
323794f0c154757811f1,multiplicity,multiplicity,2925,788408989,16,5000,0.0,0.05,rbf,median,anytime,bonferroni,3,10,False,UNRESOLVED,5000,True,False,False,0.000546916970051825,0.0,0.18209213411654696,True,True,True,False
f17c6309ff2a4e349af9,multiplicity,multiplicity,2926,1990249668,16,5000,0.0,0.05,rbf,median,anytime,bonferroni,3,10,False,UNRESOLVED,5000,True,False,False,0.0004921249928884208,0.0,0.18209213411654696,True,True,True,False
59a16577d9bed1d633cc,multiplicity,multiplicity,2927,823342647,16,5000,0.0,0.05,rbf,median,anytime,bonferroni,3,10,False,UNRESOLVED,5000,True,False,False,0.0004796250141225755,0.0,0.18209213411654696,True,True,True,False
0d568da42a4bc4e29dc0,multiplicity,multiplicity,2928,2936701019,16,5000,0.0,0.05,rbf,median,anytime,bonferroni,3,10,False,UNRESOLVED,5000,True,False,False,0.00047516595805063844,0.0,0.18209213411654696,True,True,True,False
01fb9ebf9c31b4172f93,multiplicity,multiplicity,2929,3617793226,16,5000,0.0,0.05,rbf,median,anytime,bonferroni,3,10,False,UNRESOLVED,5000,True,False,False,0.00047845899825915694,0.0,0.18209213411654696,True,True,True,False
af920c871893792de10c,multiplicity,multiplicity,2930,3452421183,16,5000,0.0,0.05,rbf,median,anytime,bonferroni,3,10,False,UNRESOLVED,5000,True,False,False,0.00047320901649072766,0.0,0.18209213411654696,True,True,True,False
1da71aec438360e9eea9,multiplicity,multiplicity,2931,2025049816,16,5000,0.0,0.05,rbf,median,anytime,bonferroni,3,10,False,UNRESOLVED,5000,True,False,False,0.00040670804446563125,0.0,0.18209213411654696,True,True,True,False
29e201fa0988b31456aa,multiplicity,multiplicity,2932,811182999,16,5000,0.0,0.05,rbf,median,anytime,bonferroni,3,10,False,UNRESOLVED,5000,True,False,False,0.00040508300298824906,0.0,0.18209213411654696,True,True,True,False
787596d6ab001bd32068,multiplicity,multiplicity,2933,1872044884,16,5000,0.0,0.05,rbf,median,anytime,bonferroni,3,10,False,UNRESOLVED,5000,True,False,False,0.0003980000037699938,0.0,0.18209213411654696,True,True,True,False
a4af790009de91a4d826,multiplicity,multiplicity,2934,3337519486,16,5000,0.0,0.05,rbf,median,anytime,bonferroni,3,10,False,UNRESOLVED,5000,True,False,False,0.00039712502621114254,0.0,0.18209213411654696,True,True,True,False
47c8a02538d957cb577c,multiplicity,multiplicity,2935,907968417,16,5000,0.0,0.05,rbf,median,anytime,bonferroni,3,10,False,UNRESOLVED,5000,True,False,False,0.0003959159948863089,0.0,0.18209213411654696,True,True,True,False
c9f29e9cf03e9eeb7359,multiplicity,multiplicity,2936,2986251844,16,5000,0.0,0.05,rbf,median,anytime,bonferroni,3,10,False,UNRESOLVED,5000,True,False,False,0.00039958400884643197,0.0,0.18209213411654696,True,True,True,False
99f5885f6c22458830da,multiplicity,multiplicity,2937,4113554007,16,5000,0.0,0.05,rbf,median,anytime,bonferroni,3,10,False,UNRESOLVED,5000,True,False,False,0.00039541703881695867,0.0,0.18209213411654696,True,True,True,False
a94fd378123b410e51f6,multiplicity,multiplicity,2938,2358118081,16,5000,0.0,0.05,rbf,median,anytime,bonferroni,3,10,False,UNRESOLVED,5000,True,False,False,0.0003974999999627471,0.0,0.18209213411654696,True,True,True,False
26cb1012a333834ce79a,multiplicity,multiplicity,2939,3146992156,16,5000,0.0,0.05,rbf,median,anytime,bonferroni,3,10,False,UNRESOLVED,5000,True,False,False,0.000396709016058594,0.0,0.18209213411654696,True,True,True,False
e8fe2291f536c4c96cfe,multiplicity,multiplicity,2940,2650995732,16,5000,0.0,0.05,rbf,median,anytime,bonferroni,3,10,False,UNRESOLVED,5000,True,False,False,0.00039908301550894976,0.0,0.18209213411654696,True,True,True,False
5e39f057676604187e23,multiplicity,multiplicity,2941,913558221,16,5000,0.0,0.05,rbf,median,anytime,bonferroni,3,10,False,UNRESOLVED,5000,True,False,False,0.0003950829850509763,0.0,0.18209213411654696,True,True,True,False
1ff8127e342f13280f68,multiplicity,multiplicity,2942,3815397424,16,5000,0.0,0.05,rbf,median,anytime,bonferroni,3,10,False,UNRESOLVED,5000,True,False,False,0.00039591698441654444,0.0,0.18209213411654696,True,True,True,False
750e4447f53b46f0484d,multiplicity,multiplicity,2943,1134426785,16,5000,0.0,0.05,rbf,median,anytime,bonferroni,3,10,False,UNRESOLVED,5000,True,False,False,0.00039529200876131654,0.0,0.18209213411654696,True,True,True,False
2015e5bb17a2aa25a4af,multiplicity,multiplicity,2944,1850366352,16,5000,0.0,0.05,rbf,median,anytime,bonferroni,3,10,False,UNRESOLVED,5000,True,False,False,0.0003973750281147659,0.0,0.18209213411654696,True,True,True,False
18c3dbf5af5c6c7f1e4f,multiplicity,multiplicity,2945,198770142,16,5000,0.0,0.05,rbf,median,anytime,bonferroni,3,10,False,UNRESOLVED,5000,True,False,False,0.00039425003342330456,0.0,0.18209213411654696,True,True,True,False
e693958e468b081d12be,multiplicity,multiplicity,2946,1547170950,16,5000,0.0,0.05,rbf,median,anytime,bonferroni,3,10,False,UNRESOLVED,5000,True,False,False,0.00040666700806468725,0.0,0.18209213411654696,True,True,True,False
9e5feff92d826f8e75b4,multiplicity,multiplicity,2947,1621339106,16,5000,0.0,0.05,rbf,median,anytime,bonferroni,3,10,False,UNRESOLVED,5000,True,False,False,0.00039329100400209427,0.0,0.18209213411654696,True,True,True,False
71841fd42186589cfd7e,multiplicity,multiplicity,2948,2923868464,16,5000,0.0,0.05,rbf,median,anytime,bonferroni,3,10,False,UNRESOLVED,5000,True,False,False,0.0003974579740315676,0.0,0.18209213411654696,True,True,True,False
715cc23f521e86a6dbe5,multiplicity,multiplicity,2949,1705378910,16,5000,0.0,0.05,rbf,median,anytime,bonferroni,3,10,False,UNRESOLVED,5000,True,False,False,0.00039499998092651367,0.0,0.18209213411654696,True,True,True,False
3a0ae536448f3409df36,multiplicity,multiplicity,2950,3579246374,16,5000,0.0,0.05,rbf,median,anytime,bonferroni,3,10,False,UNRESOLVED,5000,True,False,False,0.00039499998092651367,0.0,0.18209213411654696,True,True,True,False
0bbff3f57dfe9f71e677,multiplicity,multiplicity,2951,3013939568,16,5000,0.0,0.05,rbf,median,anytime,bonferroni,3,10,False,UNRESOLVED,5000,True,False,False,0.00039604201447218657,0.0,0.18209213411654696,True,True,True,False
8925e869e0f20ad60081,multiplicity,multiplicity,2952,727057141,16,5000,0.0,0.05,rbf,median,anytime,bonferroni,3,10,False,UNRESOLVED,5000,True,False,False,0.00039837497752159834,0.0,0.18209213411654696,True,True,True,False
4786147bb69b67c1d681,multiplicity,multiplicity,2953,856670247,16,5000,0.0,0.05,rbf,median,anytime,bonferroni,3,10,False,UNRESOLVED,5000,True,False,False,0.0003958330489695072,0.0,0.18209213411654696,True,True,True,False
b4276a173cf69b71e756,multiplicity,multiplicity,2954,2408097793,16,5000,0.0,0.05,rbf,median,anytime,bonferroni,3,10,False,UNRESOLVED,5000,True,False,False,0.0003968749660998583,0.0,0.18209213411654696,True,True,True,False
1fdeafa35ac62c96102b,multiplicity,multiplicity,2955,2094996283,16,5000,0.0,0.05,rbf,median,anytime,bonferroni,3,10,False,UNRESOLVED,5000,True,False,False,0.00039491598727181554,0.0,0.18209213411654696,True,True,True,False
0d4f99a4e5c15e053e0d,multiplicity,multiplicity,2956,349256697,16,5000,0.0,0.05,rbf,median,anytime,bonferroni,3,10,False,UNRESOLVED,5000,True,False,False,0.00039895798545330763,0.0,0.18209213411654696,True,True,True,False
6029f324c356f0e30e80,multiplicity,multiplicity,2957,1221244116,16,5000,0.0,0.05,rbf,median,anytime,bonferroni,3,10,False,UNRESOLVED,5000,True,False,False,0.0003957499866373837,0.0,0.18209213411654696,True,True,True,False
5d7a2772abf671f64370,multiplicity,multiplicity,2958,4023820676,16,5000,0.0,0.05,rbf,median,anytime,bonferroni,3,10,False,UNRESOLVED,5000,True,False,False,0.0003957499866373837,0.0,0.18209213411654696,True,True,True,False
c998ddb84f56830f8881,multiplicity,multiplicity,2959,2326636229,16,5000,0.0,0.05,rbf,median,anytime,bonferroni,3,10,False,UNRESOLVED,5000,True,False,False,0.00039529200876131654,0.0,0.18209213411654696,True,True,True,False
0ef7e31390da7ebbd6c4,multiplicity,multiplicity,2960,2272889814,16,5000,0.0,0.05,rbf,median,anytime,bonferroni,3,10,False,UNRESOLVED,5000,True,False,False,0.0003976249718107283,0.0,0.18209213411654696,True,True,True,False
342e3b5f2ebe4ed94ed4,multiplicity,multiplicity,2961,2681951692,16,5000,0.0,0.05,rbf,median,anytime,bonferroni,3,10,False,UNRESOLVED,5000,True,False,False,0.0003934159758500755,0.0,0.18209213411654696,True,True,True,False
e4702d56d47c96d9e693,multiplicity,multiplicity,2962,2528326000,16,5000,0.0,0.05,rbf,median,anytime,bonferroni,3,10,False,UNRESOLVED,5000,True,False,False,0.0003944170312024653,0.0,0.18209213411654696,True,True,True,False
4be13c81ba4b4c6f571c,multiplicity,multiplicity,2963,3982259438,16,5000,0.0,0.05,rbf,median,anytime,bonferroni,3,10,False,UNRESOLVED,5000,True,False,False,0.00039362499956041574,0.0,0.18209213411654696,True,True,True,False
060cfe0e43f2a7ad369d,multiplicity,multiplicity,2964,4225319425,16,5000,0.0,0.05,rbf,median,anytime,bonferroni,3,10,False,UNRESOLVED,5000,True,False,False,0.0003971249680034816,0.0,0.18209213411654696,True,True,True,False
0b3660fb3e0a2f73dd69,multiplicity,multiplicity,2965,3617550837,16,5000,0.0,0.05,rbf,median,anytime,bonferroni,3,10,False,UNRESOLVED,5000,True,False,False,0.00039541698060929775,0.0,0.18209213411654696,True,True,True,False
b5cc927c83211f9ef57f,multiplicity,multiplicity,2966,1377794220,16,5000,0.0,0.05,rbf,median,anytime,bonferroni,3,10,False,UNRESOLVED,5000,True,False,False,0.0003948340308852494,0.0,0.18209213411654696,True,True,True,False
e10c50aed1b3a7996b0e,multiplicity,multiplicity,2967,4188436850,16,5000,0.0,0.05,rbf,median,anytime,bonferroni,3,10,False,UNRESOLVED,5000,True,False,False,0.00039520900463685393,0.0,0.18209213411654696,True,True,True,False
4cf94569ddc180ec62cb,multiplicity,multiplicity,2968,4230182281,16,5000,0.0,0.05,rbf,median,anytime,bonferroni,3,10,False,UNRESOLVED,5000,True,False,False,0.00039829197339713573,0.0,0.18209213411654696,True,True,True,False
035230d7edcb5b9ffb9f,multiplicity,multiplicity,2969,1725260983,16,5000,0.0,0.05,rbf,median,anytime,bonferroni,3,10,False,UNRESOLVED,5000,True,False,False,0.0003947080112993717,0.0,0.18209213411654696,True,True,True,False
5f3fdecfd20dfaabf4a9,multiplicity,multiplicity,2970,4218823257,16,5000,0.0,0.05,rbf,median,anytime,bonferroni,3,10,False,UNRESOLVED,5000,True,False,False,0.000397041963879019,0.0,0.18209213411654696,True,True,True,False
fdafa29abe0355a69de3,multiplicity,multiplicity,2971,3049071974,16,5000,0.0,0.05,rbf,median,anytime,bonferroni,3,10,False,UNRESOLVED,5000,True,False,False,0.0003956250147894025,0.0,0.18209213411654696,True,True,True,False
0d2f22495f065666f60a,multiplicity,multiplicity,2972,1826766487,16,5000,0.0,0.05,rbf,median,anytime,bonferroni,3,10,False,UNRESOLVED,5000,True,False,False,0.00039954105159267783,0.0,0.18209213411654696,True,True,True,False
9a750547ac5a73861c28,multiplicity,multiplicity,2973,4194239697,16,5000,0.0,0.05,rbf,median,anytime,bonferroni,3,10,False,UNRESOLVED,5000,True,False,False,0.00039458402898162603,0.0,0.18209213411654696,True,True,True,False
f49e1c027168970a2572,multiplicity,multiplicity,2974,2078098376,16,5000,0.0,0.05,rbf,median,anytime,bonferroni,3,10,False,UNRESOLVED,5000,True,False,False,0.0003958329907618463,0.0,0.18209213411654696,True,True,True,False
1373ce02c70d5a76e3fa,multiplicity,multiplicity,2975,4291643729,16,5000,0.0,0.05,rbf,median,anytime,bonferroni,3,10,False,UNRESOLVED,5000,True,False,False,0.000396332994569093,0.0,0.18209213411654696,True,True,True,False
5eddd0815bb983520648,multiplicity,multiplicity,2976,3463597388,16,5000,0.0,0.05,rbf,median,anytime,bonferroni,3,10,False,UNRESOLVED,5000,True,False,False,0.00039920798735693097,0.0,0.18209213411654696,True,True,True,False
ffa14005d78a1ff317fb,multiplicity,multiplicity,2977,1305710784,16,5000,0.0,0.05,rbf,median,anytime,bonferroni,3,10,False,UNRESOLVED,5000,True,False,False,0.00039549998473376036,0.0,0.18209213411654696,True,True,True,False
7c6001a82a07a9e47bef,multiplicity,multiplicity,2978,1012620460,16,5000,0.0,0.05,rbf,median,anytime,bonferroni,3,10,False,UNRESOLVED,5000,True,False,False,0.0005627499776892364,0.0,0.18209213411654696,True,True,True,False
694c74622276ed427b4e,multiplicity,multiplicity,2979,3511953006,16,5000,0.0,0.05,rbf,median,anytime,bonferroni,3,10,False,UNRESOLVED,5000,True,False,False,0.0004876670427620411,0.0,0.18209213411654696,True,True,True,False
7d0e02f5241b4805fefc,multiplicity,multiplicity,2980,3636067722,16,5000,0.0,0.05,rbf,median,anytime,bonferroni,3,10,False,UNRESOLVED,5000,True,False,False,0.0004859589971601963,0.0,0.18209213411654696,True,True,True,False
c3db6ab2c8f76bc258ac,multiplicity,multiplicity,2981,677778032,16,5000,0.0,0.05,rbf,median,anytime,bonferroni,3,10,False,UNRESOLVED,5000,True,False,False,0.0004747920320369303,0.0,0.18209213411654696,True,True,True,False
cd32a3fc11d8ff461858,multiplicity,multiplicity,2982,3456656321,16,5000,0.0,0.05,rbf,median,anytime,bonferroni,3,10,False,UNRESOLVED,5000,True,False,False,0.0004134170012548566,0.0,0.18209213411654696,True,True,True,False
80e611a46d4172fa52fe,multiplicity,multiplicity,2983,1312723016,16,5000,0.0,0.05,rbf,median,anytime,bonferroni,3,10,False,UNRESOLVED,5000,True,False,False,0.0004023750079795718,0.0,0.18209213411654696,True,True,True,False
73a5547041b036f9b7a1,multiplicity,multiplicity,2984,3099292143,16,5000,0.0,0.05,rbf,median,anytime,bonferroni,3,10,False,UNRESOLVED,5000,True,False,False,0.0004011660348623991,0.0,0.18209213411654696,True,True,True,False
be880dbf4865fcbdf7d8,multiplicity,multiplicity,2985,456199853,16,5000,0.0,0.05,rbf,median,anytime,bonferroni,3,10,False,UNRESOLVED,5000,True,False,False,0.00039720797212794423,0.0,0.18209213411654696,True,True,True,False
50f369dfe017587ea20b,multiplicity,multiplicity,2986,1391882998,16,5000,0.0,0.05,rbf,median,anytime,bonferroni,3,10,False,UNRESOLVED,5000,True,False,False,0.00039654201827943325,0.0,0.18209213411654696,True,True,True,False
d2660249626c2c3b24a7,multiplicity,multiplicity,2987,510159770,16,5000,0.0,0.05,rbf,median,anytime,bonferroni,3,10,False,UNRESOLVED,5000,True,False,False,0.00039674999425187707,0.0,0.18209213411654696,True,True,True,False
c82a323dbcd9fd771aae,multiplicity,multiplicity,2988,323243208,16,5000,0.0,0.05,rbf,median,anytime,bonferroni,3,10,False,UNRESOLVED,5000,True,False,False,0.00039916596142575145,0.0,0.18209213411654696,True,True,True,False
a3c11ac6c82ee56e05e4,multiplicity,multiplicity,2989,1799800281,16,5000,0.0,0.05,rbf,median,anytime,bonferroni,3,10,False,UNRESOLVED,5000,True,False,False,0.00039620796451345086,0.0,0.18209213411654696,True,True,True,False
8d5b6af54c0d1f75368a,multiplicity,multiplicity,2990,2454989645,16,5000,0.0,0.05,rbf,median,anytime,bonferroni,3,10,False,UNRESOLVED,5000,True,False,False,0.0003956250147894025,0.0,0.18209213411654696,True,True,True,False
fb665b2f440b7b1b7d1a,multiplicity,multiplicity,2991,520586718,16,5000,0.0,0.05,rbf,median,anytime,bonferroni,3,10,False,UNRESOLVED,5000,True,False,False,0.00039475003723055124,0.0,0.18209213411654696,True,True,True,False
548fc29f4f0f82e1d793,multiplicity,multiplicity,2992,3944738608,16,5000,0.0,0.05,rbf,median,anytime,bonferroni,3,10,False,UNRESOLVED,5000,True,False,False,0.0003982079797424376,0.0,0.18209213411654696,True,True,True,False
7bb2251198bd756d34f7,multiplicity,multiplicity,2993,1004331304,16,5000,0.0,0.05,rbf,median,anytime,bonferroni,3,10,False,UNRESOLVED,5000,True,False,False,0.0003934170235879719,0.0,0.18209213411654696,True,True,True,False
a77761ec82cf730ac4cb,multiplicity,multiplicity,2994,4113997637,16,5000,0.0,0.05,rbf,median,anytime,bonferroni,3,10,False,UNRESOLVED,5000,True,False,False,0.0003963749622926116,0.0,0.18209213411654696,True,True,True,False
90960f6d0de4c83de004,multiplicity,multiplicity,2995,3529855707,16,5000,0.0,0.05,rbf,median,anytime,bonferroni,3,10,False,UNRESOLVED,5000,True,False,False,0.0003951669787056744,0.0,0.18209213411654696,True,True,True,False
d4a80c6d42bb7190472c,multiplicity,multiplicity,2996,1900533784,16,5000,0.0,0.05,rbf,median,anytime,bonferroni,3,10,False,UNRESOLVED,5000,True,False,False,0.0003951250109821558,0.0,0.18209213411654696,True,True,True,False
959b26e8923c12feb7bd,multiplicity,multiplicity,2997,339527632,16,5000,0.0,0.05,rbf,median,anytime,bonferroni,3,10,False,UNRESOLVED,5000,True,False,False,0.00039354199543595314,0.0,0.18209213411654696,True,True,True,False
c7f81a8d59864485def7,multiplicity,multiplicity,2998,2478584598,16,5000,0.0,0.05,rbf,median,anytime,bonferroni,3,10,False,UNRESOLVED,5000,True,False,False,0.0003953329869545996,0.0,0.18209213411654696,True,True,True,False
0b8fa7b94572905a3a26,multiplicity,multiplicity,2999,1764328935,16,5000,0.0,0.05,rbf,median,anytime,bonferroni,3,10,False,UNRESOLVED,5000,True,False,False,0.00039483397267758846,0.0,0.18209213411654696,True,True,True,False
f7a7236d6adeefcde81c,multiplicity,multiplicity,3000,4127914440,16,5000,0.0,0.05,rbf,median,anytime,bonferroni,3,10,False,UNRESOLVED,5000,True,False,False,0.00040362501749768853,0.0,0.18209213411654696,True,True,True,False
da016abdb0f4ab47fea4,multiplicity,multiplicity,3001,1779231193,16,5000,0.0,0.05,rbf,median,anytime,bonferroni,3,10,False,UNRESOLVED,5000,True,False,False,0.000393458001781255,0.0,0.18209213411654696,True,True,True,False
5e300e35ca13163008c8,multiplicity,multiplicity,3002,4004895529,16,5000,0.0,0.05,rbf,median,anytime,bonferroni,3,10,False,UNRESOLVED,5000,True,False,False,0.00039175001438707113,0.0,0.18209213411654696,True,True,True,False
aca743cfc0256256fe10,multiplicity,multiplicity,3003,2072458,16,5000,0.0,0.05,rbf,median,anytime,bonferroni,3,10,False,UNRESOLVED,5000,True,False,False,0.0003952079568989575,0.0,0.18209213411654696,True,True,True,False
ad17b6e8afe76bc6dcbd,multiplicity,multiplicity,3004,385263892,16,5000,0.0,0.05,rbf,median,anytime,bonferroni,3,10,False,UNRESOLVED,5000,True,False,False,0.00039766699774190784,0.0,0.18209213411654696,True,True,True,False
9257dea732e1b5e34e81,multiplicity,multiplicity,3005,3771814719,16,5000,0.0,0.05,rbf,median,anytime,bonferroni,3,10,False,UNRESOLVED,5000,True,False,False,0.00039266602834686637,0.0,0.18209213411654696,True,True,True,False
34a75357ef3261382e79,multiplicity,multiplicity,3006,1075390481,16,5000,0.0,0.05,rbf,median,anytime,bonferroni,3,10,False,UNRESOLVED,5000,True,False,False,0.00039529200876131654,0.0,0.18209213411654696,True,True,True,False
369ca6f012abd6cc6797,multiplicity,multiplicity,3007,764292946,16,5000,0.0,0.05,rbf,median,anytime,bonferroni,3,10,False,UNRESOLVED,5000,True,False,False,0.00046295899664983153,0.0,0.18209213411654696,True,True,True,False
176a5e2035ffb662f1dc,multiplicity,multiplicity,3008,2357750029,16,5000,0.0,0.05,rbf,median,anytime,bonferroni,3,10,False,UNRESOLVED,5000,True,False,False,0.000527084048371762,0.0,0.18209213411654696,True,True,True,False
df4ec25db01d3caf0397,multiplicity,multiplicity,3009,159763030,16,5000,0.0,0.05,rbf,median,anytime,bonferroni,3,10,False,UNRESOLVED,5000,True,False,False,0.0005081249983049929,0.0,0.18209213411654696,True,True,True,False
4205de4a64ffc9d6728d,multiplicity,multiplicity,3010,2339704699,16,5000,0.0,0.05,rbf,median,anytime,bonferroni,3,10,False,UNRESOLVED,5000,True,False,False,0.0004884999943897128,0.0,0.18209213411654696,True,True,True,False
13a7031d558d98d5b950,multiplicity,multiplicity,3011,410925966,16,5000,0.0,0.05,rbf,median,anytime,bonferroni,3,10,False,UNRESOLVED,5000,True,False,False,0.0004571249592117965,0.0,0.18209213411654696,True,True,True,False
d48b20ff8d4bae51647e,multiplicity,multiplicity,3012,3542372169,16,5000,0.0,0.05,rbf,median,anytime,bonferroni,3,10,False,UNRESOLVED,5000,True,False,False,0.0004187500453554094,0.0,0.18209213411654696,True,True,True,False
6e02b95c8a47f805df05,multiplicity,multiplicity,3013,3244525872,16,5000,0.0,0.05,rbf,median,anytime,bonferroni,3,10,False,UNRESOLVED,5000,True,False,False,0.0003962910268455744,0.0,0.18209213411654696,True,True,True,False
d49776ff241278cc0adf,multiplicity,multiplicity,3014,647058489,16,5000,0.0,0.05,rbf,median,anytime,bonferroni,3,10,False,UNRESOLVED,5000,True,False,False,0.00039641704643145204,0.0,0.18209213411654696,True,True,True,False
ba0d93e0d1245f87ff9b,multiplicity,multiplicity,3015,1360722329,16,5000,0.0,0.05,rbf,median,anytime,bonferroni,3,10,False,UNRESOLVED,5000,True,False,False,0.00039424997521564364,0.0,0.18209213411654696,True,True,True,False
e88f357b15a49a9f8f12,multiplicity,multiplicity,3016,3588820757,16,5000,0.0,0.05,rbf,median,anytime,bonferroni,3,10,False,UNRESOLVED,5000,True,False,False,0.0003982500056736171,0.0,0.18209213411654696,True,True,True,False
1c6afe9e83e81600a38c,multiplicity,multiplicity,3017,3357138000,16,5000,0.0,0.05,rbf,median,anytime,bonferroni,3,10,False,UNRESOLVED,5000,True,False,False,0.0003963330527767539,0.0,0.18209213411654696,True,True,True,False
e101be375279cb03e650,multiplicity,multiplicity,3018,2840290545,16,5000,0.0,0.05,rbf,median,anytime,bonferroni,3,10,False,UNRESOLVED,5000,True,False,False,0.00039487500907853246,0.0,0.18209213411654696,True,True,True,False
269749dfabf427da6490,multiplicity,multiplicity,3019,2654033460,16,5000,0.0,0.05,rbf,median,anytime,bonferroni,3,10,False,UNRESOLVED,5000,True,False,False,0.0003945420030504465,0.0,0.18209213411654696,True,True,True,False
d62a05704da7964d6e87,multiplicity,multiplicity,3020,1134449122,16,5000,0.0,0.05,rbf,median,anytime,bonferroni,3,10,False,UNRESOLVED,5000,True,False,False,0.00041075004264712334,0.0,0.18209213411654696,True,True,True,False
6ffb16881b1e4e51511b,multiplicity,multiplicity,3021,4030850199,16,5000,0.0,0.05,rbf,median,anytime,bonferroni,3,10,False,UNRESOLVED,5000,True,False,False,0.0003944170312024653,0.0,0.18209213411654696,True,True,True,False
76cf93814121a3821444,multiplicity,multiplicity,3022,2518210246,16,5000,0.0,0.05,rbf,median,anytime,bonferroni,3,10,False,UNRESOLVED,5000,True,False,False,0.0003969999961555004,0.0,0.18209213411654696,True,True,True,False
79671d52dbf783c4639f,multiplicity,multiplicity,3023,4279548072,16,5000,0.0,0.05,rbf,median,anytime,bonferroni,3,10,False,UNRESOLVED,5000,True,False,False,0.000395249982830137,0.0,0.18209213411654696,True,True,True,False
b34ee720f0f92b8432c2,multiplicity,multiplicity,3024,1372583692,16,5000,0.0,0.05,rbf,median,anytime,bonferroni,3,10,False,UNRESOLVED,5000,True,False,False,0.0003987500094808638,0.0,0.18209213411654696,True,True,True,False
8d212142e69adaedc3e2,multiplicity,multiplicity,3025,1145375358,16,5000,0.0,0.05,rbf,median,anytime,bonferroni,3,10,False,UNRESOLVED,5000,True,False,False,0.00039712502621114254,0.0,0.18209213411654696,True,True,True,False
edbb59118e9a4df3c69b,multiplicity,multiplicity,3026,2304721012,16,5000,0.0,0.05,rbf,median,anytime,bonferroni,3,10,False,UNRESOLVED,5000,True,False,False,0.00039666699012741446,0.0,0.18209213411654696,True,True,True,False
725e70fa0b84d942caaa,multiplicity,multiplicity,3027,3419650747,16,5000,0.0,0.05,rbf,median,anytime,bonferroni,3,10,False,UNRESOLVED,5000,True,False,False,0.00039533403469249606,0.0,0.18209213411654696,True,True,True,False
c3b374cf0f14f1eb4d4b,multiplicity,multiplicity,3028,782427780,16,5000,0.0,0.05,rbf,median,anytime,bonferroni,3,10,False,UNRESOLVED,5000,True,False,False,0.000399957993067801,0.0,0.18209213411654696,True,True,True,False
fc0ca8ca6194942de042,multiplicity,multiplicity,3029,3257433343,16,5000,0.0,0.05,rbf,median,anytime,bonferroni,3,10,False,UNRESOLVED,5000,True,False,False,0.0003957499866373837,0.0,0.18209213411654696,True,True,True,False
9d839e90fc27520c267c,multiplicity,multiplicity,3030,329702420,16,5000,0.0,0.05,rbf,median,anytime,bonferroni,3,10,False,UNRESOLVED,5000,True,False,False,0.00039645901415497065,0.0,0.18209213411654696,True,True,True,False
9346cc04587315aaa485,multiplicity,multiplicity,3031,3956907515,16,5000,0.0,0.05,rbf,median,anytime,bonferroni,3,10,False,UNRESOLVED,5000,True,False,False,0.000401749974116683,0.0,0.18209213411654696,True,True,True,False
80c9ef412adebc9bb735,multiplicity,multiplicity,3032,4171288834,16,5000,0.0,0.05,rbf,median,anytime,bonferroni,3,10,False,UNRESOLVED,5000,True,False,False,0.000399957993067801,0.0,0.18209213411654696,True,True,True,False
8da89430d51faabf3591,multiplicity,multiplicity,3033,1788339112,16,5000,0.0,0.05,rbf,median,anytime,bonferroni,3,10,False,UNRESOLVED,5000,True,False,False,0.0003956669825129211,0.0,0.18209213411654696,True,True,True,False
4bb9a59227bf9fa76f72,multiplicity,multiplicity,3034,1032978358,16,5000,0.0,0.05,rbf,median,anytime,bonferroni,3,10,False,UNRESOLVED,5000,True,False,False,0.00039533304516226053,0.0,0.18209213411654696,True,True,True,False
ef8810534e9bed818128,multiplicity,multiplicity,3035,1119152243,16,5000,0.0,0.05,rbf,median,anytime,bonferroni,3,10,False,UNRESOLVED,5000,True,False,False,0.00039375002961605787,0.0,0.18209213411654696,True,True,True,False
c8ba02cdea7ceada21a1,multiplicity,multiplicity,3036,67960871,16,5000,0.0,0.05,rbf,median,anytime,bonferroni,3,10,False,UNRESOLVED,5000,True,False,False,0.00039891700726002455,0.0,0.18209213411654696,True,True,True,False
9c27bcad238ec2a481fe,multiplicity,multiplicity,3037,2442593265,16,5000,0.0,0.05,rbf,median,anytime,bonferroni,3,10,False,UNRESOLVED,5000,True,False,False,0.0003975830040872097,0.0,0.18209213411654696,True,True,True,False
1f14f0be96c15cfd162b,multiplicity,multiplicity,3038,2983363417,16,5000,0.0,0.05,rbf,median,anytime,bonferroni,3,10,False,UNRESOLVED,5000,True,False,False,0.00039679097244516015,0.0,0.18209213411654696,True,True,True,False
c6c981b4949e3bf1a8ea,multiplicity,multiplicity,3039,324135883,16,5000,0.0,0.05,rbf,median,anytime,bonferroni,3,10,False,UNRESOLVED,5000,True,False,False,0.0003973750281147659,0.0,0.18209213411654696,True,True,True,False
f0ebdb902f479618c615,multiplicity,multiplicity,3040,2593900005,16,5000,0.0,0.05,rbf,median,anytime,bonferroni,3,10,False,UNRESOLVED,5000,True,False,False,0.0003987500094808638,0.0,0.18209213411654696,True,True,True,False
436d43f7a2194ba8d766,multiplicity,multiplicity,3041,1647299033,16,5000,0.0,0.05,rbf,median,anytime,bonferroni,3,10,False,UNRESOLVED,5000,True,False,False,0.0003940409515053034,0.0,0.18209213411654696,True,True,True,False
64d725499504a3f94d49,multiplicity,multiplicity,3042,1303153339,16,5000,0.0,0.05,rbf,median,anytime,bonferroni,3,10,False,UNRESOLVED,5000,True,False,False,0.00039425003342330456,0.0,0.18209213411654696,True,True,True,False
30288db31f6ef1574966,multiplicity,multiplicity,3043,421235665,16,5000,0.0,0.05,rbf,median,anytime,bonferroni,3,10,False,UNRESOLVED,5000,True,False,False,0.00039045902667567134,0.0,0.18209213411654696,True,True,True,False
8514cdee9f8cb3e34a04,multiplicity,multiplicity,3044,1613835082,16,5000,0.0,0.05,rbf,median,anytime,bonferroni,3,10,False,UNRESOLVED,5000,True,False,False,0.0003429169883020222,0.0,0.18209213411654696,True,True,True,False
9a22fa64dcd24eb7a611,multiplicity,multiplicity,3045,3937941389,16,5000,0.0,0.05,rbf,median,anytime,bonferroni,3,10,False,UNRESOLVED,5000,True,False,False,0.0003417499829083681,0.0,0.18209213411654696,True,True,True,False
429d5d6072b7a71b25a8,multiplicity,multiplicity,3046,2909980005,16,5000,0.0,0.05,rbf,median,anytime,bonferroni,3,10,False,UNRESOLVED,5000,True,False,False,0.000339917023666203,0.0,0.18209213411654696,True,True,True,False
3d1ff1b97f62171c6abc,multiplicity,multiplicity,3047,2399297322,16,5000,0.0,0.05,rbf,median,anytime,bonferroni,3,10,False,UNRESOLVED,5000,True,False,False,0.0003392919898033142,0.0,0.18209213411654696,True,True,True,False
61911d2d72e1ba70e0ea,multiplicity,multiplicity,3048,735120409,16,5000,0.0,0.05,rbf,median,anytime,bonferroni,3,10,False,UNRESOLVED,5000,True,False,False,0.0003434999962337315,0.0,0.18209213411654696,True,True,True,False
cc27caa5995f607ec6b4,multiplicity,multiplicity,3049,869690819,16,5000,0.0,0.05,rbf,median,anytime,bonferroni,3,10,False,UNRESOLVED,5000,True,False,False,0.00034012499963864684,0.0,0.18209213411654696,True,True,True,False
2a2642e484107faba6be,multiplicity,multiplicity,3050,3484918892,16,5000,0.0,0.05,rbf,median,anytime,bonferroni,3,10,False,UNRESOLVED,5000,True,False,False,0.00034133298322558403,0.0,0.18209213411654696,True,True,True,False
b9101fc3967bc791455a,multiplicity,multiplicity,3051,2361504895,16,5000,0.0,0.05,rbf,median,anytime,bonferroni,3,10,False,UNRESOLVED,5000,True,False,False,0.000340208993293345,0.0,0.18209213411654696,True,True,True,False
9dd9ba550152137e0ad3,multiplicity,multiplicity,3052,3501252068,16,5000,0.0,0.05,rbf,median,anytime,bonferroni,3,10,False,UNRESOLVED,5000,True,False,False,0.00034300005063414574,0.0,0.18209213411654696,True,True,True,False
383da8a9b1b6a33cbf12,multiplicity,multiplicity,3053,2900083120,16,5000,0.0,0.05,rbf,median,anytime,bonferroni,3,10,False,UNRESOLVED,5000,True,False,False,0.00033962499583140016,0.0,0.18209213411654696,True,True,True,False
876db1d46a31cbb5db09,multiplicity,multiplicity,3054,1193147285,16,5000,0.0,0.05,rbf,median,anytime,bonferroni,3,10,False,UNRESOLVED,5000,True,False,False,0.0003400409477762878,0.0,0.18209213411654696,True,True,True,False
6e4469e0b24731ded37c,multiplicity,multiplicity,3055,541611944,16,5000,0.0,0.05,rbf,median,anytime,bonferroni,3,10,False,UNRESOLVED,5000,True,False,False,0.000342792016454041,0.0,0.18209213411654696,True,True,True,False
d7ead3a7e8888443d5bc,multiplicity,multiplicity,3056,1199869378,16,5000,0.0,0.05,rbf,median,anytime,bonferroni,3,10,False,UNRESOLVED,5000,True,False,False,0.00034254201455041766,0.0,0.18209213411654696,True,True,True,False
fd15e56df5cd20553369,multiplicity,multiplicity,3057,3996165213,16,5000,0.0,0.05,rbf,median,anytime,bonferroni,3,10,False,UNRESOLVED,5000,True,False,False,0.0003394579980522394,0.0,0.18209213411654696,True,True,True,False
402d6282d5b931230c6c,multiplicity,multiplicity,3058,547641693,16,5000,0.0,0.05,rbf,median,anytime,bonferroni,3,10,False,UNRESOLVED,5000,True,False,False,0.00033974996767938137,0.0,0.18209213411654696,True,True,True,False
843124b08c7c0a953397,multiplicity,multiplicity,3059,3575919406,16,5000,0.0,0.05,rbf,median,anytime,bonferroni,3,10,False,UNRESOLVED,5000,True,False,False,0.00034079200122505426,0.0,0.18209213411654696,True,True,True,False
a242a1704b35fadecf03,multiplicity,multiplicity,3060,216078016,16,5000,0.0,0.05,rbf,median,anytime,bonferroni,3,10,False,UNRESOLVED,5000,True,False,False,0.00034233398037031293,0.0,0.18209213411654696,True,True,True,False
0dc5b8098c6dec4a8c95,multiplicity,multiplicity,3061,3140858603,16,5000,0.0,0.05,rbf,median,anytime,bonferroni,3,10,False,UNRESOLVED,5000,True,False,False,0.00033979100408032537,0.0,0.18209213411654696,True,True,True,False
1911ec22f312137f75f4,multiplicity,multiplicity,3062,2300641802,16,5000,0.0,0.05,rbf,median,anytime,bonferroni,3,10,False,UNRESOLVED,5000,True,False,False,0.0003392500220797956,0.0,0.18209213411654696,True,True,True,False
452ef360a6819a01e1d4,multiplicity,multiplicity,3063,957387632,16,5000,0.0,0.05,rbf,median,anytime,bonferroni,3,10,False,UNRESOLVED,5000,True,False,False,0.0003405000315979123,0.0,0.18209213411654696,True,True,True,False
25239c2475ed0bbd2aee,multiplicity,multiplicity,3064,942925253,16,5000,0.0,0.05,rbf,median,anytime,bonferroni,3,10,False,UNRESOLVED,5000,True,False,False,0.00034266599686816335,0.0,0.18209213411654696,True,True,True,False
2ce6b46afbec5f210b60,multiplicity,multiplicity,3065,549467213,16,5000,0.0,0.05,rbf,median,anytime,bonferroni,3,10,False,UNRESOLVED,5000,True,False,False,0.0003398749977350235,0.0,0.18209213411654696,True,True,True,False
1c22620e7d4630462bab,multiplicity,multiplicity,3066,3542210331,16,5000,0.0,0.05,rbf,median,anytime,bonferroni,3,10,False,UNRESOLVED,5000,True,False,False,0.000339917023666203,0.0,0.18209213411654696,True,True,True,False
a9e6d64f8c266a55f63e,multiplicity,multiplicity,3067,676780680,16,5000,0.0,0.05,rbf,median,anytime,bonferroni,3,10,False,UNRESOLVED,5000,True,False,False,0.0003399580018594861,0.0,0.18209213411654696,True,True,True,False
263367f33ac7b64fcf91,multiplicity,multiplicity,3068,152037236,16,5000,0.0,0.05,rbf,median,anytime,bonferroni,3,10,False,UNRESOLVED,5000,True,False,False,0.0003422090085223317,0.0,0.18209213411654696,True,True,True,False
6be35103a5ec51893f20,multiplicity,multiplicity,3069,1216539188,16,5000,0.0,0.05,rbf,median,anytime,bonferroni,3,10,False,UNRESOLVED,5000,True,False,False,0.0003392910002730787,0.0,0.18209213411654696,True,True,True,False
7f18e43f8f0c5a38f93d,multiplicity,multiplicity,3070,432129777,16,5000,0.0,0.05,rbf,median,anytime,bonferroni,3,10,False,UNRESOLVED,5000,True,False,False,0.000339917023666203,0.0,0.18209213411654696,True,True,True,False
ba3389b7021c4bce4ee3,multiplicity,multiplicity,3071,568233387,16,5000,0.0,0.05,rbf,median,anytime,bonferroni,3,10,False,UNRESOLVED,5000,True,False,False,0.00034079200122505426,0.0,0.18209213411654696,True,True,True,False
2df3872479d61f05b225,multiplicity,multiplicity,3072,3377316292,16,5000,0.0,0.05,rbf,median,anytime,bonferroni,3,10,False,UNRESOLVED,5000,True,False,False,0.00034208298893645406,0.0,0.18209213411654696,True,True,True,False
a22c52a03c6e01e3c7a5,multiplicity,multiplicity,3073,75434586,16,5000,0.0,0.05,rbf,median,anytime,bonferroni,3,10,False,UNRESOLVED,5000,True,False,False,0.0003386670141480863,0.0,0.18209213411654696,True,True,True,False
6343ff0caa7ec8543796,multiplicity,multiplicity,3074,1565624491,16,5000,0.0,0.05,rbf,median,anytime,bonferroni,3,10,False,UNRESOLVED,5000,True,False,False,0.00033970799995586276,0.0,0.18209213411654696,True,True,True,False
98c1abdb990162492789,multiplicity,multiplicity,3075,3391790416,16,5000,0.0,0.05,rbf,median,anytime,bonferroni,3,10,False,UNRESOLVED,5000,True,False,False,0.00034025002969428897,0.0,0.18209213411654696,True,True,True,False
a9f1dd150bdf9b88fbad,multiplicity,multiplicity,3076,2137642418,16,5000,0.0,0.05,rbf,median,anytime,bonferroni,3,10,False,UNRESOLVED,5000,True,False,False,0.0003433750243857503,0.0,0.18209213411654696,True,True,True,False
4e1bee8d61ca1f14a4cf,multiplicity,multiplicity,3077,3753715668,16,5000,0.0,0.05,rbf,median,anytime,bonferroni,3,10,False,UNRESOLVED,5000,True,False,False,0.0003399169654585421,0.0,0.18209213411654696,True,True,True,False
4bee80269fab0a4eb1c6,multiplicity,multiplicity,3078,4014744305,16,5000,0.0,0.05,rbf,median,anytime,bonferroni,3,10,False,UNRESOLVED,5000,True,False,False,0.000340582977514714,0.0,0.18209213411654696,True,True,True,False
dd417debf3b52aae66c6,multiplicity,multiplicity,3079,732142316,16,5000,0.0,0.05,rbf,median,anytime,bonferroni,3,10,False,UNRESOLVED,5000,True,False,False,0.00034116703318431973,0.0,0.18209213411654696,True,True,True,False
db4e7b60024d0f01055d,multiplicity,multiplicity,3080,1322956652,16,5000,0.0,0.05,rbf,median,anytime,bonferroni,3,10,False,UNRESOLVED,5000,True,False,False,0.00034195795888081193,0.0,0.18209213411654696,True,True,True,False
9fa78fff3785db9f00f7,multiplicity,multiplicity,3081,3442813182,16,5000,0.0,0.05,rbf,median,anytime,bonferroni,3,10,False,UNRESOLVED,5000,True,False,False,0.00033979100408032537,0.0,0.18209213411654696,True,True,True,False
22f6eb4f74d3dece2bba,multiplicity,multiplicity,3082,3808017684,16,5000,0.0,0.05,rbf,median,anytime,bonferroni,3,10,False,UNRESOLVED,5000,True,False,False,0.00038595800288021564,0.0,0.18209213411654696,True,True,True,False
a4a45031b08d792e52f3,multiplicity,multiplicity,3083,1355959587,16,5000,0.0,0.05,rbf,median,anytime,bonferroni,3,10,False,UNRESOLVED,5000,True,False,False,0.0003987499512732029,0.0,0.18209213411654696,True,True,True,False
5070bfc3920f6a97c3a7,multiplicity,multiplicity,3084,124998124,16,5000,0.0,0.05,rbf,median,anytime,bonferroni,3,10,False,UNRESOLVED,5000,True,False,False,0.0003982909838669002,0.0,0.18209213411654696,True,True,True,False
0f0edc9e220bf9137588,multiplicity,multiplicity,3085,1642271589,16,5000,0.0,0.05,rbf,median,anytime,bonferroni,3,10,False,UNRESOLVED,5000,True,False,False,0.00039408396696671844,0.0,0.18209213411654696,True,True,True,False
dee6c45443a283bb665f,multiplicity,multiplicity,3086,1958417308,16,5000,0.0,0.05,rbf,median,anytime,bonferroni,3,10,False,UNRESOLVED,5000,True,False,False,0.000392792047932744,0.0,0.18209213411654696,True,True,True,False
95941c38502a3929818e,multiplicity,multiplicity,3087,2410200759,16,5000,0.0,0.05,rbf,median,anytime,bonferroni,3,10,False,UNRESOLVED,5000,True,False,False,0.0003921669558621943,0.0,0.18209213411654696,True,True,True,False
097812fac507eb9275ac,multiplicity,multiplicity,3088,4043821739,16,5000,0.0,0.05,rbf,median,anytime,bonferroni,3,10,False,UNRESOLVED,5000,True,False,False,0.0003955420106649399,0.0,0.18209213411654696,True,True,True,False
8ff82bc19ea552807eef,multiplicity,multiplicity,3089,3604179780,16,5000,0.0,0.05,rbf,median,anytime,bonferroni,3,10,False,UNRESOLVED,5000,True,False,False,0.0005191250238567591,0.0,0.18209213411654696,True,True,True,False
f439eab3da9409e01b66,multiplicity,multiplicity,3090,3633013514,16,5000,0.0,0.05,rbf,median,anytime,bonferroni,3,10,False,UNRESOLVED,5000,True,False,False,0.0005007500294595957,0.0,0.18209213411654696,True,True,True,False
3bb23c1be2612a9cd960,multiplicity,multiplicity,3091,2228459376,16,5000,0.0,0.05,rbf,median,anytime,bonferroni,3,10,False,UNRESOLVED,5000,True,False,False,0.00039645901415497065,0.0,0.18209213411654696,True,True,True,False
30e941492dd408fdf4aa,multiplicity,multiplicity,3092,2076654572,16,5000,0.0,0.05,rbf,median,anytime,bonferroni,3,10,False,UNRESOLVED,5000,True,False,False,0.0003944169729948044,0.0,0.18209213411654696,True,True,True,False
fa7f3a68144a302adfd1,multiplicity,multiplicity,3093,2506424899,16,5000,0.0,0.05,rbf,median,anytime,bonferroni,3,10,False,UNRESOLVED,5000,True,False,False,0.00039779196958988905,0.0,0.18209213411654696,True,True,True,False
687ed906fc15f7cf4ae4,multiplicity,multiplicity,3094,2098827633,16,5000,0.0,0.05,rbf,median,anytime,bonferroni,3,10,False,UNRESOLVED,5000,True,False,False,0.00039416702929884195,0.0,0.18209213411654696,True,True,True,False
0dd82658d85fbb01b9a8,multiplicity,multiplicity,3095,3628440330,16,5000,0.0,0.05,rbf,median,anytime,bonferroni,3,10,False,UNRESOLVED,5000,True,False,False,0.00039458402898162603,0.0,0.18209213411654696,True,True,True,False
494cac2f39e5c2678310,multiplicity,multiplicity,3096,3830518920,16,5000,0.0,0.05,rbf,median,anytime,bonferroni,3,10,False,UNRESOLVED,5000,True,False,False,0.0003928749938495457,0.0,0.18209213411654696,True,True,True,False
db187a622fa2bea19ea4,multiplicity,multiplicity,3097,829060918,16,5000,0.0,0.05,rbf,median,anytime,bonferroni,3,10,False,UNRESOLVED,5000,True,False,False,0.0003982499474659562,0.0,0.18209213411654696,True,True,True,False
4d3890c69238b7d1daee,multiplicity,multiplicity,3098,4102204882,16,5000,0.0,0.05,rbf,median,anytime,bonferroni,3,10,False,UNRESOLVED,5000,True,False,False,0.0003945000353269279,0.0,0.18209213411654696,True,True,True,False
2ec8705a44eeda3ce044,multiplicity,multiplicity,3099,1449274752,16,5000,0.0,0.05,rbf,median,anytime,bonferroni,3,10,False,UNRESOLVED,5000,True,False,False,0.0003946659853681922,0.0,0.18209213411654696,True,True,True,False
849564a3d74aa2cf4961,multiplicity,multiplicity,3100,2267443240,16,5000,0.0,0.05,rbf,median,anytime,bonferroni,3,10,False,UNRESOLVED,5000,True,False,False,0.0003950420068576932,0.0,0.18209213411654696,True,True,True,False
ce004df842e0fc2c0e34,multiplicity,multiplicity,3101,2876723683,16,5000,0.0,0.05,rbf,median,anytime,bonferroni,3,10,False,UNRESOLVED,5000,True,False,False,0.00039900001138448715,0.0,0.18209213411654696,True,True,True,False
efddf7e61b127e5b2d33,multiplicity,multiplicity,3102,1008570082,16,5000,0.0,0.05,rbf,median,anytime,bonferroni,3,10,False,UNRESOLVED,5000,True,False,False,0.00039474997902289033,0.0,0.18209213411654696,True,True,True,False
8d565cf321236e5f9949,multiplicity,multiplicity,3103,584685464,16,5000,0.0,0.05,rbf,median,anytime,bonferroni,3,10,False,UNRESOLVED,5000,True,False,False,0.0003939160378649831,0.0,0.18209213411654696,True,True,True,False
16661f5c2789978b8764,multiplicity,multiplicity,3104,2318257433,16,5000,0.0,0.05,rbf,median,anytime,bonferroni,3,10,False,UNRESOLVED,5000,True,False,False,0.0003946250071749091,0.0,0.18209213411654696,True,True,True,False
51e15bd97cffd1be2edd,multiplicity,multiplicity,3105,3194055319,16,5000,0.0,0.05,rbf,median,anytime,bonferroni,3,10,False,UNRESOLVED,5000,True,False,False,0.0003968329983763397,0.0,0.18209213411654696,True,True,True,False
a00eab085dd4e368d0a2,multiplicity,multiplicity,3106,1399442088,16,5000,0.0,0.05,rbf,median,anytime,bonferroni,3,10,False,UNRESOLVED,5000,True,False,False,0.000395249982830137,0.0,0.18209213411654696,True,True,True,False
33fd5d82bf82f86d1c7e,multiplicity,multiplicity,3107,1184939133,16,5000,0.0,0.05,rbf,median,anytime,bonferroni,3,10,False,UNRESOLVED,5000,True,False,False,0.0003922500181943178,0.0,0.18209213411654696,True,True,True,False
6bae15a1897a02a376a0,multiplicity,multiplicity,3108,1959562973,16,5000,0.0,0.05,rbf,median,anytime,bonferroni,3,10,False,UNRESOLVED,5000,True,False,False,0.0003944580093957484,0.0,0.18209213411654696,True,True,True,False
6c34b9724037da5bf86f,multiplicity,multiplicity,3109,968571156,16,5000,0.0,0.05,rbf,median,anytime,bonferroni,3,10,False,UNRESOLVED,5000,True,False,False,0.00039704202208667994,0.0,0.18209213411654696,True,True,True,False
fe8f06fcd7c057308c1a,multiplicity,multiplicity,3110,800352087,16,5000,0.0,0.05,rbf,median,anytime,bonferroni,3,10,False,UNRESOLVED,5000,True,False,False,0.0003964579664170742,0.0,0.18209213411654696,True,True,True,False
7b9539a96e3237f1dd87,multiplicity,multiplicity,3111,4207968167,16,5000,0.0,0.05,rbf,median,anytime,bonferroni,3,10,False,UNRESOLVED,5000,True,False,False,0.00039300002390518785,0.0,0.18209213411654696,True,True,True,False
0ced51997af664594728,multiplicity,multiplicity,3112,14290613,16,5000,0.0,0.05,rbf,median,anytime,bonferroni,3,10,False,UNRESOLVED,5000,True,False,False,0.00039662502240389585,0.0,0.18209213411654696,True,True,True,False
33491867b9ea886b3af0,multiplicity,multiplicity,3113,3506808496,16,5000,0.0,0.05,rbf,median,anytime,bonferroni,3,10,False,UNRESOLVED,5000,True,False,False,0.00039662496419623494,0.0,0.18209213411654696,True,True,True,False
a6540fc682d61c182b47,multiplicity,multiplicity,3114,742091090,16,5000,0.0,0.05,rbf,median,anytime,bonferroni,3,10,False,UNRESOLVED,5000,True,False,False,0.00039487495087087154,0.0,0.18209213411654696,True,True,True,False
b9b9f0e53106e9d590a6,multiplicity,multiplicity,3115,3549045486,16,5000,0.0,0.05,rbf,median,anytime,bonferroni,3,10,False,UNRESOLVED,5000,True,False,False,0.00039445795118808746,0.0,0.18209213411654696,True,True,True,False
e2c0839206c22a455a13,multiplicity,multiplicity,3116,3163602021,16,5000,0.0,0.05,rbf,median,anytime,bonferroni,3,10,False,UNRESOLVED,5000,True,False,False,0.00040262500988319516,0.0,0.18209213411654696,True,True,True,False
35a15ed1bc090b16277e,multiplicity,multiplicity,3117,1105323802,16,5000,0.0,0.05,rbf,median,anytime,bonferroni,3,10,False,UNRESOLVED,5000,True,False,False,0.0003980420297011733,0.0,0.18209213411654696,True,True,True,False
0776373c9c252346f898,multiplicity,multiplicity,3118,2786769936,16,5000,0.0,0.05,rbf,median,anytime,bonferroni,3,10,False,UNRESOLVED,5000,True,False,False,0.0003937919973395765,0.0,0.18209213411654696,True,True,True,False
eadde707a064952afbbc,multiplicity,multiplicity,3119,4272329072,16,5000,0.0,0.05,rbf,median,anytime,bonferroni,3,10,False,UNRESOLVED,5000,True,False,False,0.00039199995808303356,0.0,0.18209213411654696,True,True,True,False
2a2ff05eea57c93451c0,multiplicity,multiplicity,3120,2162739388,16,5000,0.0,0.05,rbf,median,anytime,bonferroni,3,10,False,UNRESOLVED,5000,True,False,False,0.00039424997521564364,0.0,0.18209213411654696,True,True,True,False
c2248cd0e2a8f9df53e9,multiplicity,multiplicity,3121,3689597147,16,5000,0.0,0.05,rbf,median,anytime,bonferroni,3,10,False,UNRESOLVED,5000,True,False,False,0.0003962920163758099,0.0,0.18209213411654696,True,True,True,False
94a16c515492d6fec735,multiplicity,multiplicity,3122,2120883490,16,5000,0.0,0.05,rbf,median,anytime,bonferroni,3,10,False,UNRESOLVED,5000,True,False,False,0.0003952919505536556,0.0,0.18209213411654696,True,True,True,False
44e4b74c04704dec309b,multiplicity,multiplicity,3123,2406306680,16,5000,0.0,0.05,rbf,median,anytime,bonferroni,3,10,False,UNRESOLVED,5000,True,False,False,0.0003950829850509763,0.0,0.18209213411654696,True,True,True,False
5b26fa23492b1f50ddff,multiplicity,multiplicity,3124,3110188220,16,5000,0.0,0.05,rbf,median,anytime,bonferroni,3,10,False,UNRESOLVED,5000,True,False,False,0.0003956250147894025,0.0,0.18209213411654696,True,True,True,False
5f7cc06ea2cbfa74b79f,multiplicity,multiplicity,3125,1460281147,16,5000,0.0,0.05,rbf,median,anytime,bonferroni,3,10,False,UNRESOLVED,5000,True,False,False,0.00039854203350842,0.0,0.18209213411654696,True,True,True,False
0f71368d5f48ee22876e,multiplicity,multiplicity,3126,2230073726,16,5000,0.0,0.05,rbf,median,anytime,bonferroni,3,10,False,UNRESOLVED,5000,True,False,False,0.000394917035009712,0.0,0.18209213411654696,True,True,True,False
38b73def173bad9d8cee,multiplicity,multiplicity,3127,1423928948,16,5000,0.0,0.05,rbf,median,anytime,bonferroni,3,10,False,UNRESOLVED,5000,True,False,False,0.0003946659853681922,0.0,0.18209213411654696,True,True,True,False
584d4ff1cc1c00b703e8,multiplicity,multiplicity,3128,3738046982,16,5000,0.0,0.05,rbf,median,anytime,bonferroni,3,10,False,UNRESOLVED,5000,True,False,False,0.00039429101161658764,0.0,0.18209213411654696,True,True,True,False
851b8833a8368b8848d0,multiplicity,multiplicity,3129,1625934844,16,5000,0.0,0.05,rbf,median,anytime,bonferroni,3,10,False,UNRESOLVED,5000,True,False,False,0.00039712502621114254,0.0,0.18209213411654696,True,True,True,False
dc132125a3d990df1911,multiplicity,multiplicity,3130,3107235152,16,5000,0.0,0.05,rbf,median,anytime,bonferroni,3,10,False,UNRESOLVED,5000,True,False,False,0.0003940419992431998,0.0,0.18209213411654696,True,True,True,False
10c92abfde8b069e808e,multiplicity,multiplicity,3131,988512662,16,5000,0.0,0.05,rbf,median,anytime,bonferroni,3,10,False,UNRESOLVED,5000,True,False,False,0.0003938750014640391,0.0,0.18209213411654696,True,True,True,False
af1a19455d153fd7f08e,multiplicity,multiplicity,3132,1332396191,16,5000,0.0,0.05,rbf,median,anytime,bonferroni,3,10,False,UNRESOLVED,5000,True,False,False,0.0003927500220015645,0.0,0.18209213411654696,True,True,True,False
056b63e7faa56292d5ce,multiplicity,multiplicity,3133,1851491015,16,5000,0.0,0.05,rbf,median,anytime,bonferroni,3,10,False,UNRESOLVED,5000,True,False,False,0.0003979589673690498,0.0,0.18209213411654696,True,True,True,False
082cc8bf7a27e6363eb4,multiplicity,multiplicity,3134,402425120,16,5000,0.0,0.05,rbf,median,anytime,bonferroni,3,10,False,UNRESOLVED,5000,True,False,False,0.0003928749938495457,0.0,0.18209213411654696,True,True,True,False
417705f369cb383ebd78,multiplicity,multiplicity,3135,3510440517,16,5000,0.0,0.05,rbf,median,anytime,bonferroni,3,10,False,UNRESOLVED,5000,True,False,False,0.0003946659853681922,0.0,0.18209213411654696,True,True,True,False
b49040166432708d7720,multiplicity,multiplicity,3136,60656022,16,5000,0.0,0.05,rbf,median,anytime,bonferroni,3,10,False,UNRESOLVED,5000,True,False,False,0.00039704202208667994,0.0,0.18209213411654696,True,True,True,False
dec3b0433a0bc718510e,multiplicity,multiplicity,3137,2668542901,16,5000,0.0,0.05,rbf,median,anytime,bonferroni,3,10,False,UNRESOLVED,5000,True,False,False,0.00039758399361744523,0.0,0.18209213411654696,True,True,True,False
4abbcbc62ac8760f3319,multiplicity,multiplicity,3138,2227057056,16,5000,0.0,0.05,rbf,median,anytime,bonferroni,3,10,False,UNRESOLVED,5000,True,False,False,0.0003658339846879244,0.0,0.18209213411654696,True,True,True,False
38028bf56be6ac534378,multiplicity,multiplicity,3139,3133622379,16,5000,0.0,0.05,rbf,median,anytime,bonferroni,3,10,False,UNRESOLVED,5000,True,False,False,0.00033904198789969087,0.0,0.18209213411654696,True,True,True,False
50c6f8eb897ec1a46b0c,multiplicity,multiplicity,3140,4112836521,16,5000,0.0,0.05,rbf,median,anytime,bonferroni,3,10,False,UNRESOLVED,5000,True,False,False,0.00033891695784404874,0.0,0.18209213411654696,True,True,True,False
97e343a5cd24c1335df7,multiplicity,multiplicity,3141,2984431965,16,5000,0.0,0.05,rbf,median,anytime,bonferroni,3,10,False,UNRESOLVED,5000,True,False,False,0.00034187501296401024,0.0,0.18209213411654696,True,True,True,False
7d717872f4eba6be2b1b,multiplicity,multiplicity,3142,3656759515,16,5000,0.0,0.05,rbf,median,anytime,bonferroni,3,10,False,UNRESOLVED,5000,True,False,False,0.00033958296990022063,0.0,0.18209213411654696,True,True,True,False
a947cfba12b38dc789c4,multiplicity,multiplicity,3143,2042377762,16,5000,0.0,0.05,rbf,median,anytime,bonferroni,3,10,False,UNRESOLVED,5000,True,False,False,0.0003397919936105609,0.0,0.18209213411654696,True,True,True,False
940735b9d3793e24da1f,multiplicity,multiplicity,3144,2000268718,16,5000,0.0,0.05,rbf,median,anytime,bonferroni,3,10,False,UNRESOLVED,5000,True,False,False,0.00034016702556982636,0.0,0.18209213411654696,True,True,True,False
f25a1a15498737bca59d,multiplicity,multiplicity,3145,2142861234,16,5000,0.0,0.05,rbf,median,anytime,bonferroni,3,10,False,UNRESOLVED,5000,True,False,False,0.0003429580247029662,0.0,0.18209213411654696,True,True,True,False
9d6a3d5d9af0172839b0,multiplicity,multiplicity,3146,2510924687,16,5000,0.0,0.05,rbf,median,anytime,bonferroni,3,10,False,UNRESOLVED,5000,True,False,False,0.00033908296609297395,0.0,0.18209213411654696,True,True,True,False
cd38a6040e5a7d7643b2,multiplicity,multiplicity,3147,3153561537,16,5000,0.0,0.05,rbf,median,anytime,bonferroni,3,10,False,UNRESOLVED,5000,True,False,False,0.00033916597021743655,0.0,0.18209213411654696,True,True,True,False
349ac25e23e3c89d9dbc,multiplicity,multiplicity,3148,1996591578,16,5000,0.0,0.05,rbf,median,anytime,bonferroni,3,10,False,UNRESOLVED,5000,True,False,False,0.0003387500182725489,0.0,0.18209213411654696,True,True,True,False
23476986eb3f3d49e8a7,multiplicity,multiplicity,3149,3660205012,16,5000,0.0,0.05,rbf,median,anytime,bonferroni,3,10,False,UNRESOLVED,5000,True,False,False,0.00034216599306091666,0.0,0.18209213411654696,True,True,True,False
c6c1e25fa424d3e1f7a9,multiplicity,multiplicity,3150,3625689285,16,5000,0.0,0.05,rbf,median,anytime,bonferroni,3,10,False,UNRESOLVED,5000,True,False,False,0.00033979100408032537,0.0,0.18209213411654696,True,True,True,False
8c28cd0985f607cc802e,multiplicity,multiplicity,3151,3347526020,16,5000,0.0,0.05,rbf,median,anytime,bonferroni,3,10,False,UNRESOLVED,5000,True,False,False,0.0003416250110603869,0.0,0.18209213411654696,True,True,True,False
cfb0daafaf1781e186d2,multiplicity,multiplicity,3152,3247370377,16,5000,0.0,0.05,rbf,median,anytime,bonferroni,3,10,False,UNRESOLVED,5000,True,False,False,0.00033949996577575803,0.0,0.18209213411654696,True,True,True,False
4f9c3184ef0b5cec562f,multiplicity,multiplicity,3153,3070252411,16,5000,0.0,0.05,rbf,median,anytime,bonferroni,3,10,False,UNRESOLVED,5000,True,False,False,0.0003434160025790334,0.0,0.18209213411654696,True,True,True,False
4d7f2271eec61ae87470,multiplicity,multiplicity,3154,1196025762,16,5000,0.0,0.05,rbf,median,anytime,bonferroni,3,10,False,UNRESOLVED,5000,True,False,False,0.0003403750015422702,0.0,0.18209213411654696,True,True,True,False
f0e17b74430f1579a255,multiplicity,multiplicity,3155,118189558,16,5000,0.0,0.05,rbf,median,anytime,bonferroni,3,10,False,UNRESOLVED,5000,True,False,False,0.0003416670369915664,0.0,0.18209213411654696,True,True,True,False
a7a515eb5745f6b5b5d0,multiplicity,multiplicity,3156,2380912847,16,5000,0.0,0.05,rbf,median,anytime,bonferroni,3,10,False,UNRESOLVED,5000,True,False,False,0.0003421250148676336,0.0,0.18209213411654696,True,True,True,False
c15331d3888b5a9172fc,multiplicity,multiplicity,3157,3580457204,16,5000,0.0,0.05,rbf,median,anytime,bonferroni,3,10,False,UNRESOLVED,5000,True,False,False,0.00034416699782013893,0.0,0.18209213411654696,True,True,True,False
b280d27713caf2a47d97,multiplicity,multiplicity,3158,217145735,16,5000,0.0,0.05,rbf,median,anytime,bonferroni,3,10,False,UNRESOLVED,5000,True,False,False,0.0003409170312806964,0.0,0.18209213411654696,True,True,True,False
61a8ee32154ee720bd00,multiplicity,multiplicity,3159,123129066,16,5000,0.0,0.05,rbf,median,anytime,bonferroni,3,10,False,UNRESOLVED,5000,True,False,False,0.00033974996767938137,0.0,0.18209213411654696,True,True,True,False
7b83f08bb3ce0cf093fb,multiplicity,multiplicity,3160,3385106038,16,5000,0.0,0.05,rbf,median,anytime,bonferroni,3,10,False,UNRESOLVED,5000,True,False,False,0.00033995899138972163,0.0,0.18209213411654696,True,True,True,False
c0851f8d7b47666a4303,multiplicity,multiplicity,3161,1932381166,16,5000,0.0,0.05,rbf,median,anytime,bonferroni,3,10,False,UNRESOLVED,5000,True,False,False,0.0003434160025790334,0.0,0.18209213411654696,True,True,True,False
fb4611ec2093093cb36d,multiplicity,multiplicity,3162,3476825580,16,5000,0.0,0.05,rbf,median,anytime,bonferroni,3,10,False,UNRESOLVED,5000,True,False,False,0.00033941701985895634,0.0,0.18209213411654696,True,True,True,False
b91cadad9b2a85612a23,multiplicity,multiplicity,3163,2896271190,16,5000,0.0,0.05,rbf,median,anytime,bonferroni,3,10,False,UNRESOLVED,5000,True,False,False,0.0003387500182725489,0.0,0.18209213411654696,True,True,True,False
9b5530b28e4f747cb37e,multiplicity,multiplicity,3164,642552518,16,5000,0.0,0.05,rbf,median,anytime,bonferroni,3,10,False,UNRESOLVED,5000,True,False,False,0.00034179200883954763,0.0,0.18209213411654696,True,True,True,False
f886056ba40009c17b71,multiplicity,multiplicity,3165,1945855841,16,5000,0.0,0.05,rbf,median,anytime,bonferroni,3,10,False,UNRESOLVED,5000,True,False,False,0.0003435419639572501,0.0,0.18209213411654696,True,True,True,False
507e203462c23c75e3cc,multiplicity,multiplicity,3166,1270425454,16,5000,0.0,0.05,rbf,median,anytime,bonferroni,3,10,False,UNRESOLVED,5000,True,False,False,0.0003404589951969683,0.0,0.18209213411654696,True,True,True,False
d4d54cd195ebda507eda,multiplicity,multiplicity,3167,3685653558,16,5000,0.0,0.05,rbf,median,anytime,bonferroni,3,10,False,UNRESOLVED,5000,True,False,False,0.00041208299808204174,0.0,0.18209213411654696,True,True,True,False
03a4a9a78fb3faa0e609,multiplicity,multiplicity,3168,2594082847,16,5000,0.0,0.05,rbf,median,anytime,bonferroni,3,10,False,UNRESOLVED,5000,True,False,False,0.0005348750273697078,0.0,0.18209213411654696,True,True,True,False
278bfd7da992a6f90188,multiplicity,multiplicity,3169,3260678695,16,5000,0.0,0.05,rbf,median,anytime,bonferroni,3,10,False,UNRESOLVED,5000,True,False,False,0.00048512499779462814,0.0,0.18209213411654696,True,True,True,False
a868d7198ca529936709,multiplicity,multiplicity,3170,2287300025,16,5000,0.0,0.05,rbf,median,anytime,bonferroni,3,10,False,UNRESOLVED,5000,True,False,False,0.0004817919689230621,0.0,0.18209213411654696,True,True,True,False
0793a8e8b3c6026ec1c6,multiplicity,multiplicity,3171,1407936369,16,5000,0.0,0.05,rbf,median,anytime,bonferroni,3,10,False,UNRESOLVED,5000,True,False,False,0.00047624995931982994,0.0,0.18209213411654696,True,True,True,False
08d867099e3b8f5bc727,multiplicity,multiplicity,3172,3141400739,16,5000,0.0,0.05,rbf,median,anytime,bonferroni,3,10,False,UNRESOLVED,5000,True,False,False,0.00047570798778906465,0.0,0.18209213411654696,True,True,True,False
f9359aefe27fcec3595f,multiplicity,multiplicity,3173,2809207404,16,5000,0.0,0.05,rbf,median,anytime,bonferroni,3,10,False,UNRESOLVED,5000,True,False,False,0.00047333299880847335,0.0,0.18209213411654696,True,True,True,False
432b79a47677fe543564,multiplicity,multiplicity,3174,4248427660,16,5000,0.0,0.05,rbf,median,anytime,bonferroni,3,10,False,UNRESOLVED,5000,True,False,False,0.00047191703924909234,0.0,0.18209213411654696,True,True,True,False
8b7f87e22bfb7c3c24b1,multiplicity,multiplicity,3175,1369754186,16,5000,0.0,0.05,rbf,median,anytime,bonferroni,3,10,False,UNRESOLVED,5000,True,False,False,0.0004905420355498791,0.0,0.18209213411654696,True,True,True,False
b61d8a311545a3c4f48b,multiplicity,multiplicity,3176,3714464101,16,5000,0.0,0.05,rbf,median,anytime,bonferroni,3,10,False,UNRESOLVED,5000,True,False,False,0.00047995796194300056,0.0,0.18209213411654696,True,True,True,False
4e5ef4d1b653b6ee3300,multiplicity,multiplicity,3177,2280990109,16,5000,0.0,0.05,rbf,median,anytime,bonferroni,3,10,False,UNRESOLVED,5000,True,False,False,0.0004790829843841493,0.0,0.18209213411654696,True,True,True,False
6a6c497c11416f30fff1,multiplicity,multiplicity,3178,3403901167,16,5000,0.0,0.05,rbf,median,anytime,bonferroni,3,10,False,UNRESOLVED,5000,True,False,False,0.00050633295904845,0.0,0.18209213411654696,True,True,True,False
be60c51b82c910c41c70,multiplicity,multiplicity,3179,3045192253,16,5000,0.0,0.05,rbf,median,anytime,bonferroni,3,10,False,UNRESOLVED,5000,True,False,False,0.0005118330009281635,0.0,0.18209213411654696,True,True,True,False
6e43d5e9f3b14fb42c89,multiplicity,multiplicity,3180,432802674,16,5000,0.0,0.05,rbf,median,anytime,bonferroni,3,10,False,UNRESOLVED,5000,True,False,False,0.00047337496653199196,0.0,0.18209213411654696,True,True,True,False
7aee28383356eb2651f0,multiplicity,multiplicity,3181,773152140,16,5000,0.0,0.05,rbf,median,anytime,bonferroni,3,10,False,UNRESOLVED,5000,True,False,False,0.0004718749551102519,0.0,0.18209213411654696,True,True,True,False
fdf98ac7bbe38b94c175,multiplicity,multiplicity,3182,4097298598,16,5000,0.0,0.05,rbf,median,anytime,bonferroni,3,10,False,UNRESOLVED,5000,True,False,False,0.00047054101014509797,0.0,0.18209213411654696,True,True,True,False
dd5b528c8b86eadf3481,multiplicity,multiplicity,3183,3792744086,16,5000,0.0,0.05,rbf,median,anytime,bonferroni,3,10,False,UNRESOLVED,5000,True,False,False,0.0004686670145019889,0.0,0.18209213411654696,True,True,True,False
a2631adaf90b5ac1710f,multiplicity,multiplicity,3184,2831075870,16,5000,0.0,0.05,rbf,median,anytime,bonferroni,3,10,False,UNRESOLVED,5000,True,False,False,0.00046962499618530273,0.0,0.18209213411654696,True,True,True,False
4b7559e4700722066502,multiplicity,multiplicity,3185,996642436,16,5000,0.0,0.05,rbf,median,anytime,bonferroni,3,10,False,UNRESOLVED,5000,True,False,False,0.00047512497985735536,0.0,0.18209213411654696,True,True,True,False
8eac0574c6ed2828a9c2,multiplicity,multiplicity,3186,4036436395,16,5000,0.0,0.05,rbf,median,anytime,bonferroni,3,10,False,UNRESOLVED,5000,True,False,False,0.0004729169886559248,0.0,0.18209213411654696,True,True,True,False
c8ba748190889fd20fc9,multiplicity,multiplicity,3187,2756951735,16,5000,0.0,0.05,rbf,median,anytime,bonferroni,3,10,False,UNRESOLVED,5000,True,False,False,0.00045595900155603886,0.0,0.18209213411654696,True,True,True,False
629e473cfb081d2234b4,multiplicity,multiplicity,3188,4024801631,16,5000,0.0,0.05,rbf,median,anytime,bonferroni,3,10,False,UNRESOLVED,5000,True,False,False,0.0004081250517629087,0.0,0.18209213411654696,True,True,True,False
ed5616cd5f448c9fa2fe,multiplicity,multiplicity,3189,1526508092,16,5000,0.0,0.05,rbf,median,anytime,bonferroni,3,10,False,UNRESOLVED,5000,True,False,False,0.0004034999874420464,0.0,0.18209213411654696,True,True,True,False
6b091e16c3a2df640d02,multiplicity,multiplicity,3190,3078200970,16,5000,0.0,0.05,rbf,median,anytime,bonferroni,3,10,False,UNRESOLVED,5000,True,False,False,0.0003979169996455312,0.0,0.18209213411654696,True,True,True,False
2d5d16af3e1b20255e0f,multiplicity,multiplicity,3191,3794003719,16,5000,0.0,0.05,rbf,median,anytime,bonferroni,3,10,False,UNRESOLVED,5000,True,False,False,0.00040033302502706647,0.0,0.18209213411654696,True,True,True,False
6d2a2e691c8605177603,multiplicity,multiplicity,3192,1818406829,16,5000,0.0,0.05,rbf,median,anytime,bonferroni,3,10,False,UNRESOLVED,5000,True,False,False,0.00039666699012741446,0.0,0.18209213411654696,True,True,True,False
5fe39506155388e1d504,multiplicity,multiplicity,3193,3003984265,16,5000,0.0,0.05,rbf,median,anytime,bonferroni,3,10,False,UNRESOLVED,5000,True,False,False,0.000399957993067801,0.0,0.18209213411654696,True,True,True,False
1013d09209b994c16dd5,multiplicity,multiplicity,3194,3047528281,16,5000,0.0,0.05,rbf,median,anytime,bonferroni,3,10,False,UNRESOLVED,5000,True,False,False,0.00039120804285630584,0.0,0.18209213411654696,True,True,True,False
ff43ef63635de01aa5e1,multiplicity,multiplicity,3195,1182341702,16,5000,0.0,0.05,rbf,median,anytime,bonferroni,3,10,False,UNRESOLVED,5000,True,False,False,0.00034137500915676355,0.0,0.18209213411654696,True,True,True,False
e6eaa75432eaf7d14c9b,multiplicity,multiplicity,3196,2832894045,16,5000,0.0,0.05,rbf,median,anytime,bonferroni,3,10,False,UNRESOLVED,5000,True,False,False,0.00034004199551418424,0.0,0.18209213411654696,True,True,True,False
9b63ff8c533e7fee5ecf,multiplicity,multiplicity,3197,3636498618,16,5000,0.0,0.05,rbf,median,anytime,bonferroni,3,10,False,UNRESOLVED,5000,True,False,False,0.00034383300226181746,0.0,0.18209213411654696,True,True,True,False
69af9ba6b0937def4010,multiplicity,multiplicity,3198,1370712992,16,5000,0.0,0.05,rbf,median,anytime,bonferroni,3,10,False,UNRESOLVED,5000,True,False,False,0.0003402919974178076,0.0,0.18209213411654696,True,True,True,False
d6654d83d5b2b3d92b7c,multiplicity,multiplicity,3199,776007578,16,5000,0.0,0.05,rbf,median,anytime,bonferroni,3,10,False,UNRESOLVED,5000,True,False,False,0.0003410410135984421,0.0,0.18209213411654696,True,True,True,False
6c00e5feba95179f3bcd,multiplicity,multiplicity,3200,638015042,16,5000,0.0,0.05,rbf,median,anytime,bonferroni,3,10,False,UNRESOLVED,5000,True,False,False,0.0003405410097911954,0.0,0.18209213411654696,True,True,True,False
66f491e4552bcd640e87,multiplicity,multiplicity,3201,2238392966,16,5000,0.0,0.05,rbf,median,anytime,bonferroni,3,10,False,UNRESOLVED,5000,True,False,False,0.0003515839925967157,0.0,0.18209213411654696,True,True,True,False
9e262a315188c6869c9e,multiplicity,multiplicity,3202,2540656966,16,5000,0.0,0.05,rbf,median,anytime,bonferroni,3,10,False,UNRESOLVED,5000,True,False,False,0.0003428329946473241,0.0,0.18209213411654696,True,True,True,False
0f96352c69537bca6a8f,multiplicity,multiplicity,3203,517618726,16,5000,0.0,0.05,rbf,median,anytime,bonferroni,3,10,False,UNRESOLVED,5000,True,False,False,0.0003415420069359243,0.0,0.18209213411654696,True,True,True,False
174fbe883c10d03bbf7f,multiplicity,multiplicity,3204,1260155516,16,5000,0.0,0.05,rbf,median,anytime,bonferroni,3,10,False,UNRESOLVED,5000,True,False,False,0.0003487080102786422,0.0,0.18209213411654696,True,True,True,False
0c513acc4c3f7b147fcf,multiplicity,multiplicity,3205,2205677452,16,5000,0.0,0.05,rbf,median,anytime,bonferroni,3,10,False,UNRESOLVED,5000,True,False,False,0.00034233398037031293,0.0,0.18209213411654696,True,True,True,False
075cc18006a4bb1f4952,multiplicity,multiplicity,3206,3142865023,16,5000,0.0,0.05,rbf,median,anytime,bonferroni,3,10,False,UNRESOLVED,5000,True,False,False,0.00034070800757035613,0.0,0.18209213411654696,True,True,True,False
04878121efe29bc33db5,multiplicity,multiplicity,3207,1746901530,16,5000,0.0,0.05,rbf,median,anytime,bonferroni,3,10,False,UNRESOLVED,5000,True,False,False,0.0003411250072531402,0.0,0.18209213411654696,True,True,True,False
616d579f00687828e060,multiplicity,multiplicity,3208,449555547,16,5000,0.0,0.05,rbf,median,anytime,bonferroni,3,10,False,UNRESOLVED,5000,True,False,False,0.0003417919506318867,0.0,0.18209213411654696,True,True,True,False
0fe62bef558a062e9334,multiplicity,multiplicity,3209,2709365059,16,5000,0.0,0.05,rbf,median,anytime,bonferroni,3,10,False,UNRESOLVED,5000,True,False,False,0.00034324999433010817,0.0,0.18209213411654696,True,True,True,False
1f9c08e82f14eb55a460,multiplicity,multiplicity,3210,3603958284,16,5000,0.0,0.05,rbf,median,anytime,bonferroni,3,10,False,UNRESOLVED,5000,True,False,False,0.00034041597973555326,0.0,0.18209213411654696,True,True,True,False
fb0b8dab46d1e0774425,multiplicity,multiplicity,3211,3876988807,16,5000,0.0,0.05,rbf,median,anytime,bonferroni,3,10,False,UNRESOLVED,5000,True,False,False,0.00034083297941833735,0.0,0.18209213411654696,True,True,True,False
ffaa0775b7ff841c3c0b,multiplicity,multiplicity,3212,415480510,16,5000,0.0,0.05,rbf,median,anytime,bonferroni,3,10,False,UNRESOLVED,5000,True,False,False,0.00033958296990022063,0.0,0.18209213411654696,True,True,True,False
83ceed3a722dd4f70786,multiplicity,multiplicity,3213,2853554628,16,5000,0.0,0.05,rbf,median,anytime,bonferroni,3,10,False,UNRESOLVED,5000,True,False,False,0.00034737499663606286,0.0,0.18209213411654696,True,True,True,False
05dea918528babe6af3c,multiplicity,multiplicity,3214,3851053111,16,5000,0.0,0.05,rbf,median,anytime,bonferroni,3,10,False,UNRESOLVED,5000,True,False,False,0.0003412080113776028,0.0,0.18209213411654696,True,True,True,False
85fe485974706edd0365,multiplicity,multiplicity,3215,300265634,16,5000,0.0,0.05,rbf,median,anytime,bonferroni,3,10,False,UNRESOLVED,5000,True,False,False,0.0003432500525377691,0.0,0.18209213411654696,True,True,True,False
a6cfde478bd7e8e1937f,multiplicity,multiplicity,3216,651115210,16,5000,0.0,0.05,rbf,median,anytime,bonferroni,3,10,False,UNRESOLVED,5000,True,False,False,0.00034191698068752885,0.0,0.18209213411654696,True,True,True,False
15e24c81c944d9dec94c,multiplicity,multiplicity,3217,792355463,16,5000,0.0,0.05,rbf,median,anytime,bonferroni,3,10,False,UNRESOLVED,5000,True,False,False,0.0003445419715717435,0.0,0.18209213411654696,True,True,True,False
ac0aa0e17a582387bcb9,multiplicity,multiplicity,3218,1384896287,16,5000,0.0,0.05,rbf,median,anytime,bonferroni,3,10,False,UNRESOLVED,5000,True,False,False,0.0003417499829083681,0.0,0.18209213411654696,True,True,True,False
7a3132f70c947c007830,multiplicity,multiplicity,3219,580586580,16,5000,0.0,0.05,rbf,median,anytime,bonferroni,3,10,False,UNRESOLVED,5000,True,False,False,0.0003408339689485729,0.0,0.18209213411654696,True,True,True,False
8c2ad9ad6cd88092f9ce,multiplicity,multiplicity,3220,2696935686,16,5000,0.0,0.05,rbf,median,anytime,bonferroni,3,10,False,UNRESOLVED,5000,True,False,False,0.0003416250110603869,0.0,0.18209213411654696,True,True,True,False
e7887e6c08e7f653ec62,multiplicity,multiplicity,3221,2610720371,16,5000,0.0,0.05,rbf,median,anytime,bonferroni,3,10,False,UNRESOLVED,5000,True,False,False,0.0003436660044826567,0.0,0.18209213411654696,True,True,True,False
535cc0b1fab5f836a9f2,multiplicity,multiplicity,3222,1013670458,16,5000,0.0,0.05,rbf,median,anytime,bonferroni,3,10,False,UNRESOLVED,5000,True,False,False,0.00033950002398341894,0.0,0.18209213411654696,True,True,True,False
c9a2f864652d1d8f1551,multiplicity,multiplicity,3223,645769621,16,5000,0.0,0.05,rbf,median,anytime,bonferroni,3,10,False,UNRESOLVED,5000,True,False,False,0.0003404580056667328,0.0,0.18209213411654696,True,True,True,False
9b43825ad0d3379df474,multiplicity,multiplicity,3224,1936173030,16,5000,0.0,0.05,rbf,median,anytime,bonferroni,3,10,False,UNRESOLVED,5000,True,False,False,0.0003397919936105609,0.0,0.18209213411654696,True,True,True,False
1d64ea3ac16d7b2f0ae6,multiplicity,multiplicity,3225,866629799,16,5000,0.0,0.05,rbf,median,anytime,bonferroni,3,10,False,UNRESOLVED,5000,True,False,False,0.000343457970302552,0.0,0.18209213411654696,True,True,True,False
30c0297a2a22293d3dae,multiplicity,multiplicity,3226,3321204986,16,5000,0.0,0.05,rbf,median,anytime,bonferroni,3,10,False,UNRESOLVED,5000,True,False,False,0.0003404999733902514,0.0,0.18209213411654696,True,True,True,False
e8c57b8e0a76ef13afdb,multiplicity,multiplicity,3227,3059659302,16,5000,0.0,0.05,rbf,median,anytime,bonferroni,3,10,False,UNRESOLVED,5000,True,False,False,0.0003482920001260936,0.0,0.18209213411654696,True,True,True,False
979941655aed8c383aab,multiplicity,multiplicity,3228,3347054672,16,5000,0.0,0.05,rbf,median,anytime,bonferroni,3,10,False,UNRESOLVED,5000,True,False,False,0.0003960839821957052,0.0,0.18209213411654696,True,True,True,False
0617d4739cadeb3a6b17,multiplicity,multiplicity,3229,4270221432,16,5000,0.0,0.05,rbf,median,anytime,bonferroni,3,10,False,UNRESOLVED,5000,True,False,False,0.0003991670091636479,0.0,0.18209213411654696,True,True,True,False
ad2b4748cdd7c71288e5,multiplicity,multiplicity,3230,415022129,16,5000,0.0,0.05,rbf,median,anytime,bonferroni,3,10,False,UNRESOLVED,5000,True,False,False,0.0003950420068576932,0.0,0.18209213411654696,True,True,True,False
e0e5efd5e9e441669b38,multiplicity,multiplicity,3231,3090746601,16,5000,0.0,0.05,rbf,median,anytime,bonferroni,3,10,False,UNRESOLVED,5000,True,False,False,0.0004395419964566827,0.0,0.18209213411654696,True,True,True,False
189e8e0ea7d46046d222,multiplicity,multiplicity,3232,312941281,16,5000,0.0,0.05,rbf,median,anytime,bonferroni,3,10,False,UNRESOLVED,5000,True,False,False,0.00039504101732745767,0.0,0.18209213411654696,True,True,True,False
fc6a1c967dda853689f3,multiplicity,multiplicity,3233,2501925050,16,5000,0.0,0.05,rbf,median,anytime,bonferroni,3,10,False,UNRESOLVED,5000,True,False,False,0.0003986660158261657,0.0,0.18209213411654696,True,True,True,False
9aaffff59e4257674b8c,multiplicity,multiplicity,3234,1284940970,16,5000,0.0,0.05,rbf,median,anytime,bonferroni,3,10,False,UNRESOLVED,5000,True,False,False,0.00039483298314735293,0.0,0.18209213411654696,True,True,True,False
5ef58afb6cade788d8ce,multiplicity,multiplicity,3235,3291999933,16,5000,0.0,0.05,rbf,median,anytime,bonferroni,3,10,False,UNRESOLVED,5000,True,False,False,0.0003938339650630951,0.0,0.18209213411654696,True,True,True,False
2d5c3e78211c7cc9c81d,multiplicity,multiplicity,3236,824553463,16,5000,0.0,0.05,rbf,median,anytime,bonferroni,3,10,False,UNRESOLVED,5000,True,False,False,0.00039529200876131654,0.0,0.18209213411654696,True,True,True,False
f1e72d0ff943b77a0b8c,multiplicity,multiplicity,3237,3930961830,16,5000,0.0,0.05,rbf,median,anytime,bonferroni,3,10,False,UNRESOLVED,5000,True,False,False,0.0003982500056736171,0.0,0.18209213411654696,True,True,True,False
05cde656d80f9842ea15,multiplicity,multiplicity,3238,1941594020,16,5000,0.0,0.05,rbf,median,anytime,bonferroni,3,10,False,UNRESOLVED,5000,True,False,False,0.0003939169691875577,0.0,0.18209213411654696,True,True,True,False
f8ce78af5e03bc6d224a,multiplicity,multiplicity,3239,3114137282,16,5000,0.0,0.05,rbf,median,anytime,bonferroni,3,10,False,UNRESOLVED,5000,True,False,False,0.00039420899702236056,0.0,0.18209213411654696,True,True,True,False
e423783a4e164ba3223f,multiplicity,multiplicity,3240,846965636,16,5000,0.0,0.05,rbf,median,anytime,bonferroni,3,10,False,UNRESOLVED,5000,True,False,False,0.00039495801320299506,0.0,0.18209213411654696,True,True,True,False
b0de5466721e51e6959a,multiplicity,multiplicity,3241,4170085883,16,5000,0.0,0.05,rbf,median,anytime,bonferroni,3,10,False,UNRESOLVED,5000,True,False,False,0.00039775000186637044,0.0,0.18209213411654696,True,True,True,False
0219b46fa882e0fe6629,multiplicity,multiplicity,3242,1680276267,16,5000,0.0,0.05,rbf,median,anytime,bonferroni,3,10,False,UNRESOLVED,5000,True,False,False,0.000394499977119267,0.0,0.18209213411654696,True,True,True,False
8d81cfb19a7e9ab2830a,multiplicity,multiplicity,3243,3013602477,16,5000,0.0,0.05,rbf,median,anytime,bonferroni,3,10,False,UNRESOLVED,5000,True,False,False,0.0003950420068576932,0.0,0.18209213411654696,True,True,True,False
b3d5022e81ed58773c78,multiplicity,multiplicity,3244,418659557,16,5000,0.0,0.05,rbf,median,anytime,bonferroni,3,10,False,UNRESOLVED,5000,True,False,False,0.00039487500907853246,0.0,0.18209213411654696,True,True,True,False
2baa05a005525c4f47fc,multiplicity,multiplicity,3245,2631229334,16,5000,0.0,0.05,rbf,median,anytime,bonferroni,3,10,False,UNRESOLVED,5000,True,False,False,0.0003985419753007591,0.0,0.18209213411654696,True,True,True,False
8ac03ff6bc67c210b7a3,multiplicity,multiplicity,3246,2040933265,16,5000,0.0,0.05,rbf,median,anytime,bonferroni,3,10,False,UNRESOLVED,5000,True,False,False,0.0003934999695047736,0.0,0.18209213411654696,True,True,True,False
40ef867a0365e4f39361,multiplicity,multiplicity,3247,2507953316,16,5000,0.0,0.05,rbf,median,anytime,bonferroni,3,10,False,UNRESOLVED,5000,True,False,False,0.00039804098196327686,0.0,0.18209213411654696,True,True,True,False
2ea15e225d56e227fc68,multiplicity,multiplicity,3248,4011474405,16,5000,0.0,0.05,rbf,median,anytime,bonferroni,3,10,False,UNRESOLVED,5000,True,False,False,0.0003944589989259839,0.0,0.18209213411654696,True,True,True,False
554d389c9afa17f42391,multiplicity,multiplicity,3249,3629921583,16,5000,0.0,0.05,rbf,median,anytime,bonferroni,3,10,False,UNRESOLVED,5000,True,False,False,0.0003988330136053264,0.0,0.18209213411654696,True,True,True,False
aa1670d86024a6fc6e6a,multiplicity,multiplicity,3250,1386068588,16,5000,0.0,0.05,rbf,median,anytime,bonferroni,3,10,False,UNRESOLVED,5000,True,False,False,0.0003978339955210686,0.0,0.18209213411654696,True,True,True,False
f1dcfae8aa3d84a8e9dc,multiplicity,multiplicity,3251,905493219,16,5000,0.0,0.05,rbf,median,anytime,bonferroni,3,10,False,UNRESOLVED,5000,True,False,False,0.00044829200487583876,0.0,0.18209213411654696,True,True,True,False
a3b4fbed92dd4566bada,multiplicity,multiplicity,3252,2626565380,16,5000,0.0,0.05,rbf,median,anytime,bonferroni,3,10,False,UNRESOLVED,5000,True,False,False,0.00039549998473376036,0.0,0.18209213411654696,True,True,True,False
8745470aecb950a2ed97,multiplicity,multiplicity,3253,2326787457,16,5000,0.0,0.05,rbf,median,anytime,bonferroni,3,10,False,UNRESOLVED,5000,True,False,False,0.0003980830078944564,0.0,0.18209213411654696,True,True,True,False
1cdc7671d78b8030f61e,multiplicity,multiplicity,3254,589187200,16,5000,0.0,0.05,rbf,median,anytime,bonferroni,3,10,False,UNRESOLVED,5000,True,False,False,0.0004759160219691694,0.0,0.18209213411654696,True,True,True,False
7272c453f55d0b1671e0,multiplicity,multiplicity,3255,1538733385,16,5000,0.0,0.05,rbf,median,anytime,bonferroni,3,10,False,UNRESOLVED,5000,True,False,False,0.0005764170200563967,0.0,0.18209213411654696,True,True,True,False
a107aaf348750e80937e,multiplicity,multiplicity,3256,3402706836,16,5000,0.0,0.05,rbf,median,anytime,bonferroni,3,10,False,UNRESOLVED,5000,True,False,False,0.0004952910239808261,0.0,0.18209213411654696,True,True,True,False
138ea62a46b798884d29,multiplicity,multiplicity,3257,1330621762,16,5000,0.0,0.05,rbf,median,anytime,bonferroni,3,10,False,UNRESOLVED,5000,True,False,False,0.00048687501111999154,0.0,0.18209213411654696,True,True,True,False
c8db1b385009b70d408a,multiplicity,multiplicity,3258,2480803769,16,5000,0.0,0.05,rbf,median,anytime,bonferroni,3,10,False,UNRESOLVED,5000,True,False,False,0.0004996669595129788,0.0,0.18209213411654696,True,True,True,False
4d251c14d3dbfa2b8b6c,multiplicity,multiplicity,3259,3289534271,16,5000,0.0,0.05,rbf,median,anytime,bonferroni,3,10,False,UNRESOLVED,5000,True,False,False,0.0005095420056022704,0.0,0.18209213411654696,True,True,True,False
8acc9caff6c6547f8eb5,multiplicity,multiplicity,3260,209915144,16,5000,0.0,0.05,rbf,median,anytime,bonferroni,3,10,False,UNRESOLVED,5000,True,False,False,0.0005452079931274056,0.0,0.18209213411654696,True,True,True,False
72a54488cd64e793fb23,multiplicity,multiplicity,3261,1123064209,16,5000,0.0,0.05,rbf,median,anytime,bonferroni,3,10,False,UNRESOLVED,5000,True,False,False,0.0004965830012224615,0.0,0.18209213411654696,True,True,True,False
b8d917cd412429010a97,multiplicity,multiplicity,3262,2681729834,16,5000,0.0,0.05,rbf,median,anytime,bonferroni,3,10,False,UNRESOLVED,5000,True,False,False,0.00047866598470136523,0.0,0.18209213411654696,True,True,True,False
5aaa80c5edf75116fa76,multiplicity,multiplicity,3263,2506099160,16,5000,0.0,0.05,rbf,median,anytime,bonferroni,3,10,False,UNRESOLVED,5000,True,False,False,0.0004729999927803874,0.0,0.18209213411654696,True,True,True,False
25f79d3976ca92c447c0,multiplicity,multiplicity,3264,716525063,16,5000,0.0,0.05,rbf,median,anytime,bonferroni,3,10,False,UNRESOLVED,5000,True,False,False,0.0004723750171251595,0.0,0.18209213411654696,True,True,True,False
d2ebe3951549c677273f,multiplicity,multiplicity,3265,1740389342,16,5000,0.0,0.05,rbf,median,anytime,bonferroni,3,10,False,UNRESOLVED,5000,True,False,False,0.00047166598960757256,0.0,0.18209213411654696,True,True,True,False
3ca69a734c55889b7537,multiplicity,multiplicity,3266,3369125137,16,5000,0.0,0.05,rbf,median,anytime,bonferroni,3,10,False,UNRESOLVED,5000,True,False,False,0.00048049999168142676,0.0,0.18209213411654696,True,True,True,False
e5dc8fc156d4272ac504,multiplicity,multiplicity,3267,2786514178,16,5000,0.0,0.05,rbf,median,anytime,bonferroni,3,10,False,UNRESOLVED,5000,True,False,False,0.0004717920091934502,0.0,0.18209213411654696,True,True,True,False
65d0ebfc7a15aee7c461,multiplicity,multiplicity,3268,1686701855,16,5000,0.0,0.05,rbf,median,anytime,bonferroni,3,10,False,UNRESOLVED,5000,True,False,False,0.00047037500189617276,0.0,0.18209213411654696,True,True,True,False
0bc77515bab272bae0d9,multiplicity,multiplicity,3269,2941840864,16,5000,0.0,0.05,rbf,median,anytime,bonferroni,3,10,False,UNRESOLVED,5000,True,False,False,0.00047037500189617276,0.0,0.18209213411654696,True,True,True,False
22f5df993633f1e3fb55,multiplicity,multiplicity,3270,933351267,16,5000,0.0,0.05,rbf,median,anytime,bonferroni,3,10,False,UNRESOLVED,5000,True,False,False,0.00047275004908442497,0.0,0.18209213411654696,True,True,True,False
ab3564f4caefa0330ebe,multiplicity,multiplicity,3271,1180801513,16,5000,0.0,0.05,rbf,median,anytime,bonferroni,3,10,False,UNRESOLVED,5000,True,False,False,0.0004711250076070428,0.0,0.18209213411654696,True,True,True,False
ca4fdf37a4395b4ce58b,multiplicity,multiplicity,3272,3586551961,16,5000,0.0,0.05,rbf,median,anytime,bonferroni,3,10,False,UNRESOLVED,5000,True,False,False,0.0004724169848486781,0.0,0.18209213411654696,True,True,True,False
5852db1f725942bcaf02,multiplicity,multiplicity,3273,70517116,16,5000,0.0,0.05,rbf,median,anytime,bonferroni,3,10,False,UNRESOLVED,5000,True,False,False,0.0005033749621361494,0.0,0.18209213411654696,True,True,True,False
cc305f6455a64324e1d1,multiplicity,multiplicity,3274,1034534543,16,5000,0.0,0.05,rbf,median,anytime,bonferroni,3,10,False,UNRESOLVED,5000,True,False,False,0.0004289579810574651,0.0,0.18209213411654696,True,True,True,False
8a8aa935ef0278d7e51b,multiplicity,multiplicity,3275,2045234151,16,5000,0.0,0.05,rbf,median,anytime,bonferroni,3,10,False,UNRESOLVED,5000,True,False,False,0.0004117499920539558,0.0,0.18209213411654696,True,True,True,False
45a002f9fc6fb8493ec8,multiplicity,multiplicity,3276,922819553,16,5000,0.0,0.05,rbf,median,anytime,bonferroni,3,10,False,UNRESOLVED,5000,True,False,False,0.0004070830182172358,0.0,0.18209213411654696,True,True,True,False
f71a84aba35d277e7251,multiplicity,multiplicity,3277,1094948400,16,5000,0.0,0.05,rbf,median,anytime,bonferroni,3,10,False,UNRESOLVED,5000,True,False,False,0.0004018329782411456,0.0,0.18209213411654696,True,True,True,False
af1ef854ad1c82985d54,multiplicity,multiplicity,3278,778458421,16,5000,0.0,0.05,rbf,median,anytime,bonferroni,3,10,False,UNRESOLVED,5000,True,False,False,0.00040179200004786253,0.0,0.18209213411654696,True,True,True,False
6c1010f2785557e2e052,multiplicity,multiplicity,3279,2012064674,16,5000,0.0,0.05,rbf,median,anytime,bonferroni,3,10,False,UNRESOLVED,5000,True,False,False,0.00036087498301640153,0.0,0.18209213411654696,True,True,True,False
2123a2ab06bcfc44bbc3,multiplicity,multiplicity,3280,846433971,16,5000,0.0,0.05,rbf,median,anytime,bonferroni,3,10,False,UNRESOLVED,5000,True,False,False,0.0003459579893387854,0.0,0.18209213411654696,True,True,True,False
e3bc14667be08440fb51,multiplicity,multiplicity,3281,1422087256,16,5000,0.0,0.05,rbf,median,anytime,bonferroni,3,10,False,UNRESOLVED,5000,True,False,False,0.0003446660120971501,0.0,0.18209213411654696,True,True,True,False
aac2657c56f80fb8e34f,multiplicity,multiplicity,3282,2227559429,16,5000,0.0,0.05,rbf,median,anytime,bonferroni,3,10,False,UNRESOLVED,5000,True,False,False,0.00034508301177993417,0.0,0.18209213411654696,True,True,True,False
c546f2b0f7f42ed60107,multiplicity,multiplicity,3283,2396840849,16,5000,0.0,0.05,rbf,median,anytime,bonferroni,3,10,False,UNRESOLVED,5000,True,False,False,0.0003440839936956763,0.0,0.18209213411654696,True,True,True,False
ea0105b4e48205446716,multiplicity,multiplicity,3284,3149429215,16,5000,0.0,0.05,rbf,median,anytime,bonferroni,3,10,False,UNRESOLVED,5000,True,False,False,0.0003445000038482249,0.0,0.18209213411654696,True,True,True,False
cbaafc93edc41cf83a98,multiplicity,multiplicity,3285,3696433670,16,5000,0.0,0.05,rbf,median,anytime,bonferroni,3,10,False,UNRESOLVED,5000,True,False,False,0.0003434169921092689,0.0,0.18209213411654696,True,True,True,False
f3ef950376f66cfb30ea,multiplicity,multiplicity,3286,2930636007,16,5000,0.0,0.05,rbf,median,anytime,bonferroni,3,10,False,UNRESOLVED,5000,True,False,False,0.00035229098284617066,0.0,0.18209213411654696,True,True,True,False
bc8ff16fffbbe24a9678,multiplicity,multiplicity,3287,2049112751,16,5000,0.0,0.05,rbf,median,anytime,bonferroni,3,10,False,UNRESOLVED,5000,True,False,False,0.00034724996658042073,0.0,0.18209213411654696,True,True,True,False
045b3507764d6b63b713,multiplicity,multiplicity,3288,3975506210,16,5000,0.0,0.05,rbf,median,anytime,bonferroni,3,10,False,UNRESOLVED,5000,True,False,False,0.0003453749814070761,0.0,0.18209213411654696,True,True,True,False
b68b29c6fe97f355f1d3,multiplicity,multiplicity,3289,1247423119,16,5000,0.0,0.05,rbf,median,anytime,bonferroni,3,10,False,UNRESOLVED,5000,True,False,False,0.00034416699782013893,0.0,0.18209213411654696,True,True,True,False
ad824a62f8c0028573bd,multiplicity,multiplicity,3290,1868238755,16,5000,0.0,0.05,rbf,median,anytime,bonferroni,3,10,False,UNRESOLVED,5000,True,False,False,0.0003442080342210829,0.0,0.18209213411654696,True,True,True,False
364c30edbce01cecab83,multiplicity,multiplicity,3291,2391809251,16,5000,0.0,0.05,rbf,median,anytime,bonferroni,3,10,False,UNRESOLVED,5000,True,False,False,0.00034387496998533607,0.0,0.18209213411654696,True,True,True,False
17927cc02f02df15e6a9,multiplicity,multiplicity,3292,3957718892,16,5000,0.0,0.05,rbf,median,anytime,bonferroni,3,10,False,UNRESOLVED,5000,True,False,False,0.0003429160569794476,0.0,0.18209213411654696,True,True,True,False
9ae67b6fd96f5b28a240,multiplicity,multiplicity,3293,915137253,16,5000,0.0,0.05,rbf,median,anytime,bonferroni,3,10,False,UNRESOLVED,5000,True,False,False,0.0003434580285102129,0.0,0.18209213411654696,True,True,True,False
4b9bb081ee7899ddad39,multiplicity,multiplicity,3294,1758532305,16,5000,0.0,0.05,rbf,median,anytime,bonferroni,3,10,False,UNRESOLVED,5000,True,False,False,0.0003451250377111137,0.0,0.18209213411654696,True,True,True,False
80beb6ed239340faf510,multiplicity,multiplicity,3295,1632252225,16,5000,0.0,0.05,rbf,median,anytime,bonferroni,3,10,False,UNRESOLVED,5000,True,False,False,0.0003451249795034528,0.0,0.18209213411654696,True,True,True,False
cdd75acc58b161a166c6,multiplicity,multiplicity,3296,1097739096,16,5000,0.0,0.05,rbf,median,anytime,bonferroni,3,10,False,UNRESOLVED,5000,True,False,False,0.0003445419715717435,0.0,0.18209213411654696,True,True,True,False
e46db632e5bb8af74eec,multiplicity,multiplicity,3297,119837292,16,5000,0.0,0.05,rbf,median,anytime,bonferroni,3,10,False,UNRESOLVED,5000,True,False,False,0.00034566695103421807,0.0,0.18209213411654696,True,True,True,False
c887146ecfab1f1b422e,multiplicity,multiplicity,3298,2825833816,16,5000,0.0,0.05,rbf,median,anytime,bonferroni,3,10,False,UNRESOLVED,5000,True,False,False,0.0003435830003581941,0.0,0.18209213411654696,True,True,True,False
ca9198543af36cf11469,multiplicity,multiplicity,3299,2664677689,16,5000,0.0,0.05,rbf,median,anytime,bonferroni,3,10,False,UNRESOLVED,5000,True,False,False,0.0003441250300966203,0.0,0.18209213411654696,True,True,True,False
760c49c818ef12d3e2b2,multiplicity,multiplicity,3300,4292638846,16,5000,0.0,0.05,rbf,median,anytime,bonferroni,3,10,False,UNRESOLVED,5000,True,False,False,0.00034920795587822795,0.0,0.18209213411654696,True,True,True,False
2ae96fe498409a3955aa,multiplicity,multiplicity,3301,579500086,16,5000,0.0,0.05,rbf,median,anytime,bonferroni,3,10,False,UNRESOLVED,5000,True,False,False,0.0003452079836279154,0.0,0.18209213411654696,True,True,True,False
6d6a922819439bdccbeb,multiplicity,multiplicity,3302,3650032875,16,5000,0.0,0.05,rbf,median,anytime,bonferroni,3,10,False,UNRESOLVED,5000,True,False,False,0.00034483399940654635,0.0,0.18209213411654696,True,True,True,False
e28fa4d7a9221c99b740,multiplicity,multiplicity,3303,1165020801,16,5000,0.0,0.05,rbf,median,anytime,bonferroni,3,10,False,UNRESOLVED,5000,True,False,False,0.00034500000765547156,0.0,0.18209213411654696,True,True,True,False
23f7f243fb17cf182510,multiplicity,multiplicity,3304,567402145,16,5000,0.0,0.05,rbf,median,anytime,bonferroni,3,10,False,UNRESOLVED,5000,True,False,False,0.0003440000000409782,0.0,0.18209213411654696,True,True,True,False
85e6df1db5b53df0431a,multiplicity,multiplicity,3305,2749370374,16,5000,0.0,0.05,rbf,median,anytime,bonferroni,3,10,False,UNRESOLVED,5000,True,False,False,0.0003436660044826567,0.0,0.18209213411654696,True,True,True,False
2eb31676332d27b8d791,multiplicity,multiplicity,3306,3100286802,16,5000,0.0,0.05,rbf,median,anytime,bonferroni,3,10,False,UNRESOLVED,5000,True,False,False,0.0003454160178080201,0.0,0.18209213411654696,True,True,True,False
5ded088eff10859615b0,multiplicity,multiplicity,3307,1090799235,16,5000,0.0,0.05,rbf,median,anytime,bonferroni,3,10,False,UNRESOLVED,5000,True,False,False,0.00034433399559929967,0.0,0.18209213411654696,True,True,True,False
3750c5d0b2ffd25ebabf,multiplicity,multiplicity,3308,3827437057,16,5000,0.0,0.05,rbf,median,anytime,bonferroni,3,10,False,UNRESOLVED,5000,True,False,False,0.00034491700353100896,0.0,0.18209213411654696,True,True,True,False
f7fda714164858ba76de,multiplicity,multiplicity,3309,375396393,16,5000,0.0,0.05,rbf,median,anytime,bonferroni,3,10,False,UNRESOLVED,5000,True,False,False,0.0003457089769653976,0.0,0.18209213411654696,True,True,True,False
cadc22dbff3e3156f296,multiplicity,multiplicity,3310,3368336513,16,5000,0.0,0.05,rbf,median,anytime,bonferroni,3,10,False,UNRESOLVED,5000,True,False,False,0.0003445420297794044,0.0,0.18209213411654696,True,True,True,False
f355104d07385170afd3,multiplicity,multiplicity,3311,1138429247,16,5000,0.0,0.05,rbf,median,anytime,bonferroni,3,10,False,UNRESOLVED,5000,True,False,False,0.00034258398227393627,0.0,0.18209213411654696,True,True,True,False
883ad274f0651657476d,multiplicity,multiplicity,3312,2590542461,16,5000,0.0,0.05,rbf,median,anytime,bonferroni,3,10,False,UNRESOLVED,5000,True,False,False,0.0003960839821957052,0.0,0.18209213411654696,True,True,True,False
7fcb0d6e9f893c76352b,multiplicity,multiplicity,3313,2732380057,16,5000,0.0,0.05,rbf,median,anytime,bonferroni,3,10,False,UNRESOLVED,5000,True,False,False,0.00039970799116417766,0.0,0.18209213411654696,True,True,True,False
6ca519d624a3438cdaa8,multiplicity,multiplicity,3314,1848299505,16,5000,0.0,0.05,rbf,median,anytime,bonferroni,3,10,False,UNRESOLVED,5000,True,False,False,0.00039891700726002455,0.0,0.18209213411654696,True,True,True,False
7e379acb03ca3f788aad,multiplicity,multiplicity,3315,1444700913,16,5000,0.0,0.05,rbf,median,anytime,bonferroni,3,10,False,UNRESOLVED,5000,True,False,False,0.00039916601963341236,0.0,0.18209213411654696,True,True,True,False
787a443c09ea2fef4321,multiplicity,multiplicity,3316,886228892,16,5000,0.0,0.05,rbf,median,anytime,bonferroni,3,10,False,UNRESOLVED,5000,True,False,False,0.0003989159595221281,0.0,0.18209213411654696,True,True,True,False
a6915cbdc0787f44003d,multiplicity,multiplicity,3317,1763041284,16,5000,0.0,0.05,rbf,median,anytime,bonferroni,3,10,False,UNRESOLVED,5000,True,False,False,0.00039962498703971505,0.0,0.18209213411654696,True,True,True,False
dff4a289a0be3439fcf0,multiplicity,multiplicity,3318,1404401992,16,5000,0.0,0.05,rbf,median,anytime,bonferroni,3,10,False,UNRESOLVED,5000,True,False,False,0.0003993750433437526,0.0,0.18209213411654696,True,True,True,False
fba2920c17f584d5e17e,multiplicity,multiplicity,3319,1419874758,16,5000,0.0,0.05,rbf,median,anytime,bonferroni,3,10,False,UNRESOLVED,5000,True,False,False,0.00040020898450165987,0.0,0.18209213411654696,True,True,True,False
470d539a9dff966a5805,multiplicity,multiplicity,3320,451497757,16,5000,0.0,0.05,rbf,median,anytime,bonferroni,3,10,False,UNRESOLVED,5000,True,False,False,0.00040020898450165987,0.0,0.18209213411654696,True,True,True,False
ff9f52e24f0c6648d0ca,multiplicity,multiplicity,3321,3267443943,16,5000,0.0,0.05,rbf,median,anytime,bonferroni,3,10,False,UNRESOLVED,5000,True,False,False,0.0003992909914813936,0.0,0.18209213411654696,True,True,True,False
d99d2281810727905ba1,multiplicity,multiplicity,3322,3037517459,16,5000,0.0,0.05,rbf,median,anytime,bonferroni,3,10,False,UNRESOLVED,5000,True,False,False,0.0003997500170953572,0.0,0.18209213411654696,True,True,True,False
4aff752075402c6095c2,multiplicity,multiplicity,3323,3557162949,16,5000,0.0,0.05,rbf,median,anytime,bonferroni,3,10,False,UNRESOLVED,5000,True,False,False,0.00039737496990710497,0.0,0.18209213411654696,True,True,True,False
fa2ac486e5d917517485,multiplicity,multiplicity,3324,3829926609,16,5000,0.0,0.05,rbf,median,anytime,bonferroni,3,10,False,UNRESOLVED,5000,True,False,False,0.00039958296110853553,0.0,0.18209213411654696,True,True,True,False
5a032fcfa3c624e61903,multiplicity,multiplicity,3325,329108242,16,5000,0.0,0.05,rbf,median,anytime,bonferroni,3,10,False,UNRESOLVED,5000,True,False,False,0.0004023329820483923,0.0,0.18209213411654696,True,True,True,False
4056310096b66e148cfd,multiplicity,multiplicity,3326,2961211627,16,5000,0.0,0.05,rbf,median,anytime,bonferroni,3,10,False,UNRESOLVED,5000,True,False,False,0.0003987500094808638,0.0,0.18209213411654696,True,True,True,False
569f65c7b24f31224ce6,multiplicity,multiplicity,3327,2835240503,16,5000,0.0,0.05,rbf,median,anytime,bonferroni,3,10,False,UNRESOLVED,5000,True,False,False,0.0004001659690402448,0.0,0.18209213411654696,True,True,True,False
3d253e300a950d062b4f,multiplicity,multiplicity,3328,2596616333,16,5000,0.0,0.05,rbf,median,anytime,bonferroni,3,10,False,UNRESOLVED,5000,True,False,False,0.00039916601963341236,0.0,0.18209213411654696,True,True,True,False
e7ec63bf91f87df270ea,multiplicity,multiplicity,3329,3647680173,16,5000,0.0,0.05,rbf,median,anytime,bonferroni,3,10,False,UNRESOLVED,5000,True,False,False,0.00039887503953650594,0.0,0.18209213411654696,True,True,True,False
2e9205317591ff5ef1e4,multiplicity,multiplicity,3330,2394816502,16,5000,0.0,0.05,rbf,median,anytime,bonferroni,3,10,False,UNRESOLVED,5000,True,False,False,0.0003969999961555004,0.0,0.18209213411654696,True,True,True,False
7f9f2097b2cf42e93eed,multiplicity,multiplicity,3331,2086456795,16,5000,0.0,0.05,rbf,median,anytime,bonferroni,3,10,False,UNRESOLVED,5000,True,False,False,0.0003980830078944564,0.0,0.18209213411654696,True,True,True,False
7db1df4bbc2df42f6752,multiplicity,multiplicity,3332,2609480061,16,5000,0.0,0.05,rbf,median,anytime,bonferroni,3,10,False,UNRESOLVED,5000,True,False,False,0.00040066702058538795,0.0,0.18209213411654696,True,True,True,False
1c7fe7b27cdee52f6a03,multiplicity,multiplicity,3333,1660089262,16,5000,0.0,0.05,rbf,median,anytime,bonferroni,3,10,False,UNRESOLVED,5000,True,False,False,0.0003995409933850169,0.0,0.18209213411654696,True,True,True,False
461c7ba8e8bf547c6618,multiplicity,multiplicity,3334,3936477752,16,5000,0.0,0.05,rbf,median,anytime,bonferroni,3,10,False,UNRESOLVED,5000,True,False,False,0.00039829197339713573,0.0,0.18209213411654696,True,True,True,False
df2cb5b318c2c48a366d,multiplicity,multiplicity,3335,2975892155,16,5000,0.0,0.05,rbf,median,anytime,bonferroni,3,10,False,UNRESOLVED,5000,True,False,False,0.00039958301931619644,0.0,0.18209213411654696,True,True,True,False
43719f14b830bd1d21db,multiplicity,multiplicity,3336,3117190246,16,5000,0.0,0.05,rbf,median,anytime,bonferroni,3,10,False,UNRESOLVED,5000,True,False,False,0.00039783300599083304,0.0,0.18209213411654696,True,True,True,False
0c9a9cd18f1d3ecdb542,multiplicity,multiplicity,3337,3952737977,16,5000,0.0,0.05,rbf,median,anytime,bonferroni,3,10,False,UNRESOLVED,5000,True,False,False,0.00039854104397818446,0.0,0.18209213411654696,True,True,True,False
80ec8369147d25c396a9,multiplicity,multiplicity,3338,2695468320,16,5000,0.0,0.05,rbf,median,anytime,bonferroni,3,10,False,UNRESOLVED,5000,True,False,False,0.00039954198291525245,0.0,0.18209213411654696,True,True,True,False
cac1378ea24603addd09,multiplicity,multiplicity,3339,3664953707,16,5000,0.0,0.05,rbf,median,anytime,bonferroni,3,10,False,UNRESOLVED,5000,True,False,False,0.00040012504905462265,0.0,0.18209213411654696,True,True,True,False
0e7256fc01ae4546fd0a,multiplicity,multiplicity,3340,4068932490,16,5000,0.0,0.05,rbf,median,anytime,bonferroni,3,10,False,UNRESOLVED,5000,True,False,False,0.000400999968405813,0.0,0.18209213411654696,True,True,True,False
6ac1273b6424ba7e0bdd,multiplicity,multiplicity,3341,1169247562,16,5000,0.0,0.05,rbf,median,anytime,bonferroni,3,10,False,UNRESOLVED,5000,True,False,False,0.0003982500056736171,0.0,0.18209213411654696,True,True,True,False
743f6f5822a255931d3b,multiplicity,multiplicity,3342,3379265119,16,5000,0.0,0.05,rbf,median,anytime,bonferroni,3,10,False,UNRESOLVED,5000,True,False,False,0.00039858301170170307,0.0,0.18209213411654696,True,True,True,False
f84625f7d360d1a17881,multiplicity,multiplicity,3343,3608924688,16,5000,0.0,0.05,rbf,median,anytime,bonferroni,3,10,False,UNRESOLVED,5000,True,False,False,0.0004000000189989805,0.0,0.18209213411654696,True,True,True,False
d6c8c71d22c25a3f3618,multiplicity,multiplicity,3344,2155958056,16,5000,0.0,0.05,rbf,median,anytime,bonferroni,3,10,False,UNRESOLVED,5000,True,False,False,0.00039995898259803653,0.0,0.18209213411654696,True,True,True,False
e8a1cf25654b700c30c4,multiplicity,multiplicity,3345,669569131,16,5000,0.0,0.05,rbf,median,anytime,bonferroni,3,10,False,UNRESOLVED,5000,True,False,False,0.0003594590234570205,0.0,0.18209213411654696,True,True,True,False
4f7bd58984ef36978a5f,multiplicity,multiplicity,3346,897913084,16,5000,0.0,0.05,rbf,median,anytime,bonferroni,3,10,False,UNRESOLVED,5000,True,False,False,0.00034491700353100896,0.0,0.18209213411654696,True,True,True,False
8013da8bf12a533eef99,multiplicity,multiplicity,3347,1425993691,16,5000,0.0,0.05,rbf,median,anytime,bonferroni,3,10,False,UNRESOLVED,5000,True,False,False,0.0003441250300966203,0.0,0.18209213411654696,True,True,True,False
a360ae1d291a011440aa,multiplicity,multiplicity,3348,2025256837,16,5000,0.0,0.05,rbf,median,anytime,bonferroni,3,10,False,UNRESOLVED,5000,True,False,False,0.0003439580323174596,0.0,0.18209213411654696,True,True,True,False
ac9b74133e629cd5d5db,multiplicity,multiplicity,3349,2099585109,16,5000,0.0,0.05,rbf,median,anytime,bonferroni,3,10,False,UNRESOLVED,5000,True,False,False,0.00034383300226181746,0.0,0.18209213411654696,True,True,True,False
99b5ccacd364ae1c39a5,multiplicity,multiplicity,3350,2975361986,16,5000,0.0,0.05,rbf,median,anytime,bonferroni,3,10,False,UNRESOLVED,5000,True,False,False,0.00034858303843066096,0.0,0.18209213411654696,True,True,True,False
a74188912c25268633ee,multiplicity,multiplicity,3351,1853250886,16,5000,0.0,0.05,rbf,median,anytime,bonferroni,3,10,False,UNRESOLVED,5000,True,False,False,0.0003440000000409782,0.0,0.18209213411654696,True,True,True,False
88ace8bd6eb4dd7340cf,multiplicity,multiplicity,3352,2292481813,16,5000,0.0,0.05,rbf,median,anytime,bonferroni,3,10,False,UNRESOLVED,5000,True,False,False,0.00034370797220617533,0.0,0.18209213411654696,True,True,True,False
705c2bc40d1d89c688a9,multiplicity,multiplicity,3353,513522466,16,5000,0.0,0.05,rbf,median,anytime,bonferroni,3,10,False,UNRESOLVED,5000,True,False,False,0.00034479197347536683,0.0,0.18209213411654696,True,True,True,False
901f34807a39c671a33d,multiplicity,multiplicity,3354,3220613915,16,5000,0.0,0.05,rbf,median,anytime,bonferroni,3,10,False,UNRESOLVED,5000,True,False,False,0.0003441250300966203,0.0,0.18209213411654696,True,True,True,False
fb7229b3a7ee0dfd0293,multiplicity,multiplicity,3355,2173726094,16,5000,0.0,0.05,rbf,median,anytime,bonferroni,3,10,False,UNRESOLVED,5000,True,False,False,0.00034374999813735485,0.0,0.18209213411654696,True,True,True,False
9218da74ec3fd9067c93,multiplicity,multiplicity,3356,1117408036,16,5000,0.0,0.05,rbf,median,anytime,bonferroni,3,10,False,UNRESOLVED,5000,True,False,False,0.0003436249680817127,0.0,0.18209213411654696,True,True,True,False
77ac0aee9d2002ca04b9,multiplicity,multiplicity,3357,3046681602,16,5000,0.0,0.05,rbf,median,anytime,bonferroni,3,10,False,UNRESOLVED,5000,True,False,False,0.00034433300606906414,0.0,0.18209213411654696,True,True,True,False
ccd19643fda5783f77c6,multiplicity,multiplicity,3358,1689931493,16,5000,0.0,0.05,rbf,median,anytime,bonferroni,3,10,False,UNRESOLVED,5000,True,False,False,0.00034391600638628006,0.0,0.18209213411654696,True,True,True,False
2ced91101b86ed80409d,multiplicity,multiplicity,3359,3997681973,16,5000,0.0,0.05,rbf,median,anytime,bonferroni,3,10,False,UNRESOLVED,5000,True,False,False,0.00034425000194460154,0.0,0.18209213411654696,True,True,True,False
4b5a1b9774edb5cf13ee,multiplicity,multiplicity,3360,3305251046,16,5000,0.0,0.05,rbf,median,anytime,bonferroni,3,10,False,UNRESOLVED,5000,True,False,False,0.00034437503200024366,0.0,0.18209213411654696,True,True,True,False
6762488574a3d571a428,multiplicity,multiplicity,3361,202594577,16,5000,0.0,0.05,rbf,median,anytime,bonferroni,3,10,False,UNRESOLVED,5000,True,False,False,0.0003442080342210829,0.0,0.18209213411654696,True,True,True,False
b06e04d3a51a96c484b6,multiplicity,multiplicity,3362,3411086641,16,5000,0.0,0.05,rbf,median,anytime,bonferroni,3,10,False,UNRESOLVED,5000,True,False,False,0.000343833991792053,0.0,0.18209213411654696,True,True,True,False
39454a623be124937a45,multiplicity,multiplicity,3363,1809423238,16,5000,0.0,0.05,rbf,median,anytime,bonferroni,3,10,False,UNRESOLVED,5000,True,False,False,0.0003423750167712569,0.0,0.18209213411654696,True,True,True,False
b56cdad72ac85ff622dd,multiplicity,multiplicity,3364,4115957686,16,5000,0.0,0.05,rbf,median,anytime,bonferroni,3,10,False,UNRESOLVED,5000,True,False,False,0.0003429580247029662,0.0,0.18209213411654696,True,True,True,False
bd79c7e119de68ac222e,multiplicity,multiplicity,3365,607722991,16,5000,0.0,0.05,rbf,median,anytime,bonferroni,3,10,False,UNRESOLVED,5000,True,False,False,0.00034387496998533607,0.0,0.18209213411654696,True,True,True,False
57f24aa066cf15a31163,multiplicity,multiplicity,3366,1681650563,16,5000,0.0,0.05,rbf,median,anytime,bonferroni,3,10,False,UNRESOLVED,5000,True,False,False,0.000342792016454041,0.0,0.18209213411654696,True,True,True,False
ef2d1565fdbd7c8d2f1e,multiplicity,multiplicity,3367,3367236640,16,5000,0.0,0.05,rbf,median,anytime,bonferroni,3,10,False,UNRESOLVED,5000,True,False,False,0.00034316600067541003,0.0,0.18209213411654696,True,True,True,False
125483505bf36e12c064,multiplicity,multiplicity,3368,2410275901,16,5000,0.0,0.05,rbf,median,anytime,bonferroni,3,10,False,UNRESOLVED,5000,True,False,False,0.00034366699401289225,0.0,0.18209213411654696,True,True,True,False
992febe0f0d3c855a855,multiplicity,multiplicity,3369,2513568955,16,5000,0.0,0.05,rbf,median,anytime,bonferroni,3,10,False,UNRESOLVED,5000,True,False,False,0.0003422499867156148,0.0,0.18209213411654696,True,True,True,False
a32adab8bfe9e1ecacce,multiplicity,multiplicity,3370,3473379628,16,5000,0.0,0.05,rbf,median,anytime,bonferroni,3,10,False,UNRESOLVED,5000,True,False,False,0.0003433750243857503,0.0,0.18209213411654696,True,True,True,False
c7da114bccd31d3b719b,multiplicity,multiplicity,3371,796718526,16,5000,0.0,0.05,rbf,median,anytime,bonferroni,3,10,False,UNRESOLVED,5000,True,False,False,0.0003494999837130308,0.0,0.18209213411654696,True,True,True,False
3680d89c28f8119ab26d,multiplicity,multiplicity,3372,2184337836,16,5000,0.0,0.05,rbf,median,anytime,bonferroni,3,10,False,UNRESOLVED,5000,True,False,False,0.00034491700353100896,0.0,0.18209213411654696,True,True,True,False
32d44536883e2b7e1882,multiplicity,multiplicity,3373,2654508829,16,5000,0.0,0.05,rbf,median,anytime,bonferroni,3,10,False,UNRESOLVED,5000,True,False,False,0.00034441601019352674,0.0,0.18209213411654696,True,True,True,False
749efb33c36a10ca2f0d,multiplicity,multiplicity,3374,2624557061,16,5000,0.0,0.05,rbf,median,anytime,bonferroni,3,10,False,UNRESOLVED,5000,True,False,False,0.00034354202216491103,0.0,0.18209213411654696,True,True,True,False
360ccf902ac20c7a16dc,multiplicity,multiplicity,3375,169874804,16,5000,0.0,0.05,rbf,median,anytime,bonferroni,3,10,False,UNRESOLVED,5000,True,False,False,0.00034354202216491103,0.0,0.18209213411654696,True,True,True,False
ae703259464fe0daccc1,multiplicity,multiplicity,3376,632723564,16,5000,0.0,0.05,rbf,median,anytime,bonferroni,3,10,False,UNRESOLVED,5000,True,False,False,0.00034295901423320174,0.0,0.18209213411654696,True,True,True,False
29325fb77124fac086e6,multiplicity,multiplicity,3377,1420559686,16,5000,0.0,0.05,rbf,median,anytime,bonferroni,3,10,False,UNRESOLVED,5000,True,False,False,0.00034458294976502657,0.0,0.18209213411654696,True,True,True,False
19fcdef21b124c4741aa,multiplicity,multiplicity,3378,2744537610,16,5000,0.0,0.05,rbf,median,anytime,bonferroni,3,10,False,UNRESOLVED,5000,True,False,False,0.00039350002771243453,0.0,0.18209213411654696,True,True,True,False
30c92cc2c9a21f647c38,multiplicity,multiplicity,3379,309728009,16,5000,0.0,0.05,rbf,median,anytime,bonferroni,3,10,False,UNRESOLVED,5000,True,False,False,0.00040004198672249913,0.0,0.18209213411654696,True,True,True,False
111d282ef1b865cae2d1,multiplicity,multiplicity,3380,3646249114,16,5000,0.0,0.05,rbf,median,anytime,bonferroni,3,10,False,UNRESOLVED,5000,True,False,False,0.0003975420258939266,0.0,0.18209213411654696,True,True,True,False
bfea9820562fff1dc47d,multiplicity,multiplicity,3381,4163443238,16,5000,0.0,0.05,rbf,median,anytime,bonferroni,3,10,False,UNRESOLVED,5000,True,False,False,0.0003987089730799198,0.0,0.18209213411654696,True,True,True,False
8ca65bd6a2d73077c182,multiplicity,multiplicity,3382,267683919,16,5000,0.0,0.05,rbf,median,anytime,bonferroni,3,10,False,UNRESOLVED,5000,True,False,False,0.0003981250338256359,0.0,0.18209213411654696,True,True,True,False
918e6f1f1816f1073ee6,multiplicity,multiplicity,3383,2491645589,16,5000,0.0,0.05,rbf,median,anytime,bonferroni,3,10,False,UNRESOLVED,5000,True,False,False,0.00039883400313556194,0.0,0.18209213411654696,True,True,True,False
9f775ac3c071cc1f819d,multiplicity,multiplicity,3384,2735394837,16,5000,0.0,0.05,rbf,median,anytime,bonferroni,3,10,False,UNRESOLVED,5000,True,False,False,0.0003987919772043824,0.0,0.18209213411654696,True,True,True,False
7ef7880a4b180f2689b5,multiplicity,multiplicity,3385,1627439652,16,5000,0.0,0.05,rbf,median,anytime,bonferroni,3,10,False,UNRESOLVED,5000,True,False,False,0.0004015419981442392,0.0,0.18209213411654696,True,True,True,False
e44d41e74532d2fc6a81,multiplicity,multiplicity,3386,1572073974,16,5000,0.0,0.05,rbf,median,anytime,bonferroni,3,10,False,UNRESOLVED,5000,True,False,False,0.0003987499512732029,0.0,0.18209213411654696,True,True,True,False
adc1fb33f56bca9b5ce9,multiplicity,multiplicity,3387,763259301,16,5000,0.0,0.05,rbf,median,anytime,bonferroni,3,10,False,UNRESOLVED,5000,True,False,False,0.00039854203350842,0.0,0.18209213411654696,True,True,True,False
7225b251986d22e30a5d,multiplicity,multiplicity,3388,1273394873,16,5000,0.0,0.05,rbf,median,anytime,bonferroni,3,10,False,UNRESOLVED,5000,True,False,False,0.00046966702211648226,0.0,0.18209213411654696,True,True,True,False
376c6cc07a7d4f3c42c4,multiplicity,multiplicity,3389,1978850838,16,5000,0.0,0.05,rbf,median,anytime,bonferroni,3,10,False,UNRESOLVED,5000,True,False,False,0.0005347499973140657,0.0,0.18209213411654696,True,True,True,False
929593ef1f43a5602d4b,multiplicity,multiplicity,3390,3770877114,16,5000,0.0,0.05,rbf,median,anytime,bonferroni,3,10,False,UNRESOLVED,5000,True,False,False,0.00048679200699552894,0.0,0.18209213411654696,True,True,True,False
571ff4560afe6d951a92,multiplicity,multiplicity,3391,732301547,16,5000,0.0,0.05,rbf,median,anytime,bonferroni,3,10,False,UNRESOLVED,5000,True,False,False,0.0004794170381501317,0.0,0.18209213411654696,True,True,True,False
3903a0ba14499b3eeb95,multiplicity,multiplicity,3392,1045514994,16,5000,0.0,0.05,rbf,median,anytime,bonferroni,3,10,False,UNRESOLVED,5000,True,False,False,0.00048141699517145753,0.0,0.18209213411654696,True,True,True,False
e246ba5eb7a94cfe6239,multiplicity,multiplicity,3393,1290401342,16,5000,0.0,0.05,rbf,median,anytime,bonferroni,3,10,False,UNRESOLVED,5000,True,False,False,0.00047558301594108343,0.0,0.18209213411654696,True,True,True,False
0e0aaaab38f1633a5856,multiplicity,multiplicity,3394,232965573,16,5000,0.0,0.05,rbf,median,anytime,bonferroni,3,10,False,UNRESOLVED,5000,True,False,False,0.00047229096526280046,0.0,0.18209213411654696,True,True,True,False
25ebeb21334dc7bbacca,multiplicity,multiplicity,3395,3110701681,16,5000,0.0,0.05,rbf,median,anytime,bonferroni,3,10,False,UNRESOLVED,5000,True,False,False,0.0004729999927803874,0.0,0.18209213411654696,True,True,True,False
78f8e4ef1f3863eefae9,multiplicity,multiplicity,3396,2951836468,16,5000,0.0,0.05,rbf,median,anytime,bonferroni,3,10,False,UNRESOLVED,5000,True,False,False,0.000476375047583133,0.0,0.18209213411654696,True,True,True,False
359f6a632d9fa3d5764e,multiplicity,multiplicity,3397,422385480,16,5000,0.0,0.05,rbf,median,anytime,bonferroni,3,10,False,UNRESOLVED,5000,True,False,False,0.00047291599912568927,0.0,0.18209213411654696,True,True,True,False
a2304865dedff7e64e72,multiplicity,multiplicity,3398,2394884288,16,5000,0.0,0.05,rbf,median,anytime,bonferroni,3,10,False,UNRESOLVED,5000,True,False,False,0.0005214169505052269,0.0,0.18209213411654696,True,True,True,False
a070dab784ff38b8f7cb,multiplicity,multiplicity,3399,65917104,16,5000,0.0,0.05,rbf,median,anytime,bonferroni,3,10,False,UNRESOLVED,5000,True,False,False,0.0005571669898927212,0.0,0.18209213411654696,True,True,True,False
227b6eb05afb84f3a7d0,multiplicity,multiplicity,3400,429534523,16,5000,0.0,0.05,rbf,median,anytime,bonferroni,3,10,False,UNRESOLVED,5000,True,False,False,0.0005387909477576613,0.0,0.18209213411654696,True,True,True,False
562c67f177440730f5dd,multiplicity,multiplicity,3401,1490798143,16,5000,0.0,0.05,rbf,median,anytime,bonferroni,3,10,False,UNRESOLVED,5000,True,False,False,0.0005159580032341182,0.0,0.18209213411654696,True,True,True,False
97d2ff1ae3b61968dde4,multiplicity,multiplicity,3402,2885389693,16,5000,0.0,0.05,rbf,median,anytime,bonferroni,3,10,False,UNRESOLVED,5000,True,False,False,0.0004825410433113575,0.0,0.18209213411654696,True,True,True,False
5dc8edda3cbe6ea694c7,multiplicity,multiplicity,3403,2523099310,16,5000,0.0,0.05,rbf,median,anytime,bonferroni,3,10,False,UNRESOLVED,5000,True,False,False,0.00047345797065645456,0.0,0.18209213411654696,True,True,True,False
a0d4a7e1737100df0f3d,multiplicity,multiplicity,3404,2819047456,16,5000,0.0,0.05,rbf,median,anytime,bonferroni,3,10,False,UNRESOLVED,5000,True,False,False,0.0004741670563817024,0.0,0.18209213411654696,True,True,True,False
ff8f2928ea5505eaa2cb,multiplicity,multiplicity,3405,586737043,16,5000,0.0,0.05,rbf,median,anytime,bonferroni,3,10,False,UNRESOLVED,5000,True,False,False,0.0004719580174423754,0.0,0.18209213411654696,True,True,True,False
e5f0984be2a7a111727a,multiplicity,multiplicity,3406,2343051030,16,5000,0.0,0.05,rbf,median,anytime,bonferroni,3,10,False,UNRESOLVED,5000,True,False,False,0.0004727920168079436,0.0,0.18209213411654696,True,True,True,False
14a834ba2948691262fe,multiplicity,multiplicity,3407,1233284749,16,5000,0.0,0.05,rbf,median,anytime,bonferroni,3,10,False,UNRESOLVED,5000,True,False,False,0.0005141249857842922,0.0,0.18209213411654696,True,True,True,False
982366d712430ed2f07f,multiplicity,multiplicity,3408,4160562797,16,5000,0.0,0.05,rbf,median,anytime,bonferroni,3,10,False,UNRESOLVED,5000,True,False,False,0.000508250028360635,0.0,0.18209213411654696,True,True,True,False
581337b969870cb91cf1,multiplicity,multiplicity,3409,962061624,16,5000,0.0,0.05,rbf,median,anytime,bonferroni,3,10,False,UNRESOLVED,5000,True,False,False,0.00048149999929592013,0.0,0.18209213411654696,True,True,True,False
57eb2073b8473061fb68,multiplicity,multiplicity,3410,4061343137,16,5000,0.0,0.05,rbf,median,anytime,bonferroni,3,10,False,UNRESOLVED,5000,True,False,False,0.0004764579934999347,0.0,0.18209213411654696,True,True,True,False
14339dde5918a60fa08a,multiplicity,multiplicity,3411,3099304049,16,5000,0.0,0.05,rbf,median,anytime,bonferroni,3,10,False,UNRESOLVED,5000,True,False,False,0.000474874977953732,0.0,0.18209213411654696,True,True,True,False
e3d4c0090013a1c646df,multiplicity,multiplicity,3412,2779886512,16,5000,0.0,0.05,rbf,median,anytime,bonferroni,3,10,False,UNRESOLVED,5000,True,False,False,0.00047141697723418474,0.0,0.18209213411654696,True,True,True,False
cb0fa0a2802daf03a450,multiplicity,multiplicity,3413,845842295,16,5000,0.0,0.05,rbf,median,anytime,bonferroni,3,10,False,UNRESOLVED,5000,True,False,False,0.0004901249776594341,0.0,0.18209213411654696,True,True,True,False
167762b086309a78783a,multiplicity,multiplicity,3414,1744798226,16,5000,0.0,0.05,rbf,median,anytime,bonferroni,3,10,False,UNRESOLVED,5000,True,False,False,0.0004830840043723583,0.0,0.18209213411654696,True,True,True,False
146cacaae729ae01fc7f,multiplicity,multiplicity,3415,4064013620,16,5000,0.0,0.05,rbf,median,anytime,bonferroni,3,10,False,UNRESOLVED,5000,True,False,False,0.0004777089925482869,0.0,0.18209213411654696,True,True,True,False
82436b8a86e0cfd8db3a,multiplicity,multiplicity,3416,795389104,16,5000,0.0,0.05,rbf,median,anytime,bonferroni,3,10,False,UNRESOLVED,5000,True,False,False,0.0005089170299470425,0.0,0.18209213411654696,True,True,True,False
3a4ed5382fc5ecdd3f25,multiplicity,multiplicity,3417,346184046,16,5000,0.0,0.05,rbf,median,anytime,bonferroni,3,10,False,UNRESOLVED,5000,True,False,False,0.0004944999818690121,0.0,0.18209213411654696,True,True,True,False
9601c7c6bc2efa654911,multiplicity,multiplicity,3418,439896648,16,5000,0.0,0.05,rbf,median,anytime,bonferroni,3,10,False,UNRESOLVED,5000,True,False,False,0.0004983330145478249,0.0,0.18209213411654696,True,True,True,False
be2ff3f276ee1c432b56,multiplicity,multiplicity,3419,3573548824,16,5000,0.0,0.05,rbf,median,anytime,bonferroni,3,10,False,UNRESOLVED,5000,True,False,False,0.00047387497033923864,0.0,0.18209213411654696,True,True,True,False
be60d85db153659a3195,multiplicity,multiplicity,3420,2965352583,16,5000,0.0,0.05,rbf,median,anytime,bonferroni,3,10,False,UNRESOLVED,5000,True,False,False,0.0004705829778686166,0.0,0.18209213411654696,True,True,True,False
746576b4dd9590486d87,multiplicity,multiplicity,3421,4198004343,16,5000,0.0,0.05,rbf,median,anytime,bonferroni,3,10,False,UNRESOLVED,5000,True,False,False,0.000471291015855968,0.0,0.18209213411654696,True,True,True,False
43e2a00ffa1d5a6fa38b,multiplicity,multiplicity,3422,866510528,16,5000,0.0,0.05,rbf,median,anytime,bonferroni,3,10,False,UNRESOLVED,5000,True,False,False,0.00047045800602063537,0.0,0.18209213411654696,True,True,True,False
f2df3ce17d8b05be4280,multiplicity,multiplicity,3423,1836770698,16,5000,0.0,0.05,rbf,median,anytime,bonferroni,3,10,False,UNRESOLVED,5000,True,False,False,0.0004712500376626849,0.0,0.18209213411654696,True,True,True,False
7de1f17cc0175280b822,multiplicity,multiplicity,3424,3631029865,16,5000,0.0,0.05,rbf,median,anytime,bonferroni,3,10,False,UNRESOLVED,5000,True,False,False,0.0004723750171251595,0.0,0.18209213411654696,True,True,True,False
b52626b8d306c8457647,multiplicity,multiplicity,3425,2633410992,16,5000,0.0,0.05,rbf,median,anytime,bonferroni,3,10,False,UNRESOLVED,5000,True,False,False,0.0004737909766845405,0.0,0.18209213411654696,True,True,True,False
b975f8eed33e45cd1680,multiplicity,multiplicity,3426,3913415408,16,5000,0.0,0.05,rbf,median,anytime,bonferroni,3,10,False,UNRESOLVED,5000,True,False,False,0.0004729169886559248,0.0,0.18209213411654696,True,True,True,False
ecb7bab7fff51a4390f0,multiplicity,multiplicity,3427,1033659821,16,5000,0.0,0.05,rbf,median,anytime,bonferroni,3,10,False,UNRESOLVED,5000,True,False,False,0.0004402080085128546,0.0,0.18209213411654696,True,True,True,False
c016b963d0dfddcb0c34,multiplicity,multiplicity,3428,3948445786,16,5000,0.0,0.05,rbf,median,anytime,bonferroni,3,10,False,UNRESOLVED,5000,True,False,False,0.00036433397326618433,0.0,0.18209213411654696,True,True,True,False
680c62faea2d6c0d984c,multiplicity,multiplicity,3429,2865926019,16,5000,0.0,0.05,rbf,median,anytime,bonferroni,3,10,False,UNRESOLVED,5000,True,False,False,0.0003515839925967157,0.0,0.18209213411654696,True,True,True,False
7b4ff2dbe3f7260c8420,multiplicity,multiplicity,3430,1760081087,16,5000,0.0,0.05,rbf,median,anytime,bonferroni,3,10,False,UNRESOLVED,5000,True,False,False,0.000350707967299968,0.0,0.18209213411654696,True,True,True,False
add5c795726aa858a3ab,multiplicity,multiplicity,3431,1520775331,16,5000,0.0,0.05,rbf,median,anytime,bonferroni,3,10,False,UNRESOLVED,5000,True,False,False,0.00034612498711794615,0.0,0.18209213411654696,True,True,True,False
7149652662ad22633ba5,multiplicity,multiplicity,3432,3372234871,16,5000,0.0,0.05,rbf,median,anytime,bonferroni,3,10,False,UNRESOLVED,5000,True,False,False,0.0003445830079726875,0.0,0.18209213411654696,True,True,True,False
da86849e125074a8a9be,multiplicity,multiplicity,3433,2504794321,16,5000,0.0,0.05,rbf,median,anytime,bonferroni,3,10,False,UNRESOLVED,5000,True,False,False,0.00034479203168302774,0.0,0.18209213411654696,True,True,True,False
213da6e7e298d698129a,multiplicity,multiplicity,3434,2613243921,16,5000,0.0,0.05,rbf,median,anytime,bonferroni,3,10,False,UNRESOLVED,5000,True,False,False,0.00034845800837501884,0.0,0.18209213411654696,True,True,True,False
d637845da17b3cb65ff9,multiplicity,multiplicity,3435,3446235772,16,5000,0.0,0.05,rbf,median,anytime,bonferroni,3,10,False,UNRESOLVED,5000,True,False,False,0.0003434999962337315,0.0,0.18209213411654696,True,True,True,False
0ae20ccc916bee0d6fdb,multiplicity,multiplicity,3436,3398279691,16,5000,0.0,0.05,rbf,median,anytime,bonferroni,3,10,False,UNRESOLVED,5000,True,False,False,0.0003426669863983989,0.0,0.18209213411654696,True,True,True,False
58cd12cedc62114ec75f,multiplicity,multiplicity,3437,3491551449,16,5000,0.0,0.05,rbf,median,anytime,bonferroni,3,10,False,UNRESOLVED,5000,True,False,False,0.0003429999924264848,0.0,0.18209213411654696,True,True,True,False
b9abcea78a782ba5deb2,multiplicity,multiplicity,3438,3187629856,16,5000,0.0,0.05,rbf,median,anytime,bonferroni,3,10,False,UNRESOLVED,5000,True,False,False,0.00034604198299348354,0.0,0.18209213411654696,True,True,True,False
2bd61a6e9bca927b8be1,multiplicity,multiplicity,3439,281837148,16,5000,0.0,0.05,rbf,median,anytime,bonferroni,3,10,False,UNRESOLVED,5000,True,False,False,0.0003417909611016512,0.0,0.18209213411654696,True,True,True,False
f9bfa153be365251e8a4,multiplicity,multiplicity,3440,1839544435,16,5000,0.0,0.05,rbf,median,anytime,bonferroni,3,10,False,UNRESOLVED,5000,True,False,False,0.00034437503200024366,0.0,0.18209213411654696,True,True,True,False
391b446e970a47392e69,multiplicity,multiplicity,3441,934812374,16,5000,0.0,0.05,rbf,median,anytime,bonferroni,3,10,False,UNRESOLVED,5000,True,False,False,0.0003415420069359243,0.0,0.18209213411654696,True,True,True,False
d9bcd55b49a3ba7c1518,multiplicity,multiplicity,3442,2998384169,16,5000,0.0,0.05,rbf,median,anytime,bonferroni,3,10,False,UNRESOLVED,5000,True,False,False,0.0003474999684840441,0.0,0.18209213411654696,True,True,True,False
e157fdb5546755feac2b,multiplicity,multiplicity,3443,931201649,16,5000,0.0,0.05,rbf,median,anytime,bonferroni,3,10,False,UNRESOLVED,5000,True,False,False,0.0003433749661780894,0.0,0.18209213411654696,True,True,True,False
d4bca3da38f7e8d94ece,multiplicity,multiplicity,3444,4068610562,16,5000,0.0,0.05,rbf,median,anytime,bonferroni,3,10,False,UNRESOLVED,5000,True,False,False,0.00034316600067541003,0.0,0.18209213411654696,True,True,True,False
7d00f4403cde6023279c,multiplicity,multiplicity,3445,2119299426,16,5000,0.0,0.05,rbf,median,anytime,bonferroni,3,10,False,UNRESOLVED,5000,True,False,False,0.00034129200503230095,0.0,0.18209213411654696,True,True,True,False
ee5ddc15d9d34cb558a3,multiplicity,multiplicity,3446,3391029058,16,5000,0.0,0.05,rbf,median,anytime,bonferroni,3,10,False,UNRESOLVED,5000,True,False,False,0.00034600001526996493,0.0,0.18209213411654696,True,True,True,False
e8c1dd845593522eede0,multiplicity,multiplicity,3447,82590417,16,5000,0.0,0.05,rbf,median,anytime,bonferroni,3,10,False,UNRESOLVED,5000,True,False,False,0.00034304196015000343,0.0,0.18209213411654696,True,True,True,False
c0ffb98530a82a009afe,multiplicity,multiplicity,3448,769861911,16,5000,0.0,0.05,rbf,median,anytime,bonferroni,3,10,False,UNRESOLVED,5000,True,False,False,0.00034362502628937364,0.0,0.18209213411654696,True,True,True,False
a17031fd3d42a8738cdb,multiplicity,multiplicity,3449,2056959914,16,5000,0.0,0.05,rbf,median,anytime,bonferroni,3,10,False,UNRESOLVED,5000,True,False,False,0.0003416250110603869,0.0,0.18209213411654696,True,True,True,False
3d9d9d3081ac95e5a7ad,multiplicity,multiplicity,3450,694184936,16,5000,0.0,0.05,rbf,median,anytime,bonferroni,3,10,False,UNRESOLVED,5000,True,False,False,0.00034716702066361904,0.0,0.18209213411654696,True,True,True,False
17b6032ccb89e4e032e4,multiplicity,multiplicity,3451,2620556895,16,5000,0.0,0.05,rbf,median,anytime,bonferroni,3,10,False,UNRESOLVED,5000,True,False,False,0.0003423329908400774,0.0,0.18209213411654696,True,True,True,False
ae8f65935c4de27e0319,multiplicity,multiplicity,3452,642236597,16,5000,0.0,0.05,rbf,median,anytime,bonferroni,3,10,False,UNRESOLVED,5000,True,False,False,0.00034245802089571953,0.0,0.18209213411654696,True,True,True,False
f1c84957af53badd2019,multiplicity,multiplicity,3453,3033719941,16,5000,0.0,0.05,rbf,median,anytime,bonferroni,3,10,False,UNRESOLVED,5000,True,False,False,0.0003423750167712569,0.0,0.18209213411654696,True,True,True,False
a00a095306c8aefd2092,multiplicity,multiplicity,3454,3054712418,16,5000,0.0,0.05,rbf,median,anytime,bonferroni,3,10,False,UNRESOLVED,5000,True,False,False,0.00034654198680073023,0.0,0.18209213411654696,True,True,True,False
21d5dc3b4879cc610cc1,multiplicity,multiplicity,3455,915043986,16,5000,0.0,0.05,rbf,median,anytime,bonferroni,3,10,False,UNRESOLVED,5000,True,False,False,0.0003436660044826567,0.0,0.18209213411654696,True,True,True,False
6667fc144d196f71fa62,multiplicity,multiplicity,3456,1304892232,16,5000,0.0,0.05,rbf,median,anytime,bonferroni,3,10,False,UNRESOLVED,5000,True,False,False,0.0003482080064713955,0.0,0.18209213411654696,True,True,True,False
0220e370d0e55781c878,multiplicity,multiplicity,3457,1629090995,16,5000,0.0,0.05,rbf,median,anytime,bonferroni,3,10,False,UNRESOLVED,5000,True,False,False,0.0003433750243857503,0.0,0.18209213411654696,True,True,True,False
6c1e108e1458ce714274,multiplicity,multiplicity,3458,2432524817,16,5000,0.0,0.05,rbf,median,anytime,bonferroni,3,10,False,UNRESOLVED,5000,True,False,False,0.0003986249794252217,0.0,0.18209213411654696,True,True,True,False
9f56c065aafe017469a1,multiplicity,multiplicity,3459,676428929,16,5000,0.0,0.05,rbf,median,anytime,bonferroni,3,10,False,UNRESOLVED,5000,True,False,False,0.00039541604928672314,0.0,0.18209213411654696,True,True,True,False
e279cc9ea4b0f955ca19,multiplicity,multiplicity,3460,1953586595,16,5000,0.0,0.05,rbf,median,anytime,bonferroni,3,10,False,UNRESOLVED,5000,True,False,False,0.0003969169920310378,0.0,0.18209213411654696,True,True,True,False
33880cb86d8047c4b3bf,multiplicity,multiplicity,3461,1823305102,16,5000,0.0,0.05,rbf,median,anytime,bonferroni,3,10,False,UNRESOLVED,5000,True,False,False,0.0003964580246247351,0.0,0.18209213411654696,True,True,True,False
349abda703fcbac2ca96,multiplicity,multiplicity,3462,2773571571,16,5000,0.0,0.05,rbf,median,anytime,bonferroni,3,10,False,UNRESOLVED,5000,True,False,False,0.00040200003422796726,0.0,0.18209213411654696,True,True,True,False
61289a6e1cf79e8ce19f,multiplicity,multiplicity,3463,935167510,16,5000,0.0,0.05,rbf,median,anytime,bonferroni,3,10,False,UNRESOLVED,5000,True,False,False,0.00039908301550894976,0.0,0.18209213411654696,True,True,True,False
b8086fbe3ad73298013e,multiplicity,multiplicity,3464,280028360,16,5000,0.0,0.05,rbf,median,anytime,bonferroni,3,10,False,UNRESOLVED,5000,True,False,False,0.0003982909838669002,0.0,0.18209213411654696,True,True,True,False
77d1a7b08cad9cc5202d,multiplicity,multiplicity,3465,2838933621,16,5000,0.0,0.05,rbf,median,anytime,bonferroni,3,10,False,UNRESOLVED,5000,True,False,False,0.00039724999805912375,0.0,0.18209213411654696,True,True,True,False
5df970d10cc9cf81b58c,multiplicity,multiplicity,3466,3597987023,16,5000,0.0,0.05,rbf,median,anytime,bonferroni,3,10,False,UNRESOLVED,5000,True,False,False,0.0003992500132881105,0.0,0.18209213411654696,True,True,True,False
81d4ca932710cbe365be,multiplicity,multiplicity,3467,3353307355,16,5000,0.0,0.05,rbf,median,anytime,bonferroni,3,10,False,UNRESOLVED,5000,True,False,False,0.0003951669787056744,0.0,0.18209213411654696,True,True,True,False
750f090a6bb3a94135b3,multiplicity,multiplicity,3468,1124636597,16,5000,0.0,0.05,rbf,median,anytime,bonferroni,3,10,False,UNRESOLVED,5000,True,False,False,0.00039666600059717894,0.0,0.18209213411654696,True,True,True,False
f1c90d4f69422be57772,multiplicity,multiplicity,3469,506601252,16,5000,0.0,0.05,rbf,median,anytime,bonferroni,3,10,False,UNRESOLVED,5000,True,False,False,0.00039629096863791347,0.0,0.18209213411654696,True,True,True,False
d381fb18e1d252593e8a,multiplicity,multiplicity,3470,3115777888,16,5000,0.0,0.05,rbf,median,anytime,bonferroni,3,10,False,UNRESOLVED,5000,True,False,False,0.0004015000304207206,0.0,0.18209213411654696,True,True,True,False
0b8751e3035ae1e5f4f5,multiplicity,multiplicity,3471,2811219415,16,5000,0.0,0.05,rbf,median,anytime,bonferroni,3,10,False,UNRESOLVED,5000,True,False,False,0.000393834023270756,0.0,0.18209213411654696,True,True,True,False
ee23ffa99476fed213ad,multiplicity,multiplicity,3472,1327776605,16,5000,0.0,0.05,rbf,median,anytime,bonferroni,3,10,False,UNRESOLVED,5000,True,False,False,0.00039475003723055124,0.0,0.18209213411654696,True,True,True,False
758c077e6df01fb54648,multiplicity,multiplicity,3473,697855960,16,5000,0.0,0.05,rbf,median,anytime,bonferroni,3,10,False,UNRESOLVED,5000,True,False,False,0.0003944580093957484,0.0,0.18209213411654696,True,True,True,False
ccd414d5006543aca070,multiplicity,multiplicity,3474,94301839,16,5000,0.0,0.05,rbf,median,anytime,bonferroni,3,10,False,UNRESOLVED,5000,True,False,False,0.0003986670053564012,0.0,0.18209213411654696,True,True,True,False
4ba0ca0f90ecdb402d1b,multiplicity,multiplicity,3475,3242382698,16,5000,0.0,0.05,rbf,median,anytime,bonferroni,3,10,False,UNRESOLVED,5000,True,False,False,0.00039562495658174157,0.0,0.18209213411654696,True,True,True,False
73cb81923dc29693a152,multiplicity,multiplicity,3476,262543657,16,5000,0.0,0.05,rbf,median,anytime,bonferroni,3,10,False,UNRESOLVED,5000,True,False,False,0.00039545801701024175,0.0,0.18209213411654696,True,True,True,False
414a1bd9f0499eb6ee30,multiplicity,multiplicity,3477,1809417858,16,5000,0.0,0.05,rbf,median,anytime,bonferroni,3,10,False,UNRESOLVED,5000,True,False,False,0.0003955420106649399,0.0,0.18209213411654696,True,True,True,False
7533f572869521f463bd,multiplicity,multiplicity,3478,2273341929,16,5000,0.0,0.05,rbf,median,anytime,bonferroni,3,10,False,UNRESOLVED,5000,True,False,False,0.00039879203541204333,0.0,0.18209213411654696,True,True,True,False
f17ee45f4001d5c00340,multiplicity,multiplicity,3479,2620925702,16,5000,0.0,0.05,rbf,median,anytime,bonferroni,3,10,False,UNRESOLVED,5000,True,False,False,0.00039883400313556194,0.0,0.18209213411654696,True,True,True,False
00f6fcddf999e0b04a27,multiplicity,multiplicity,3480,3224929952,16,5000,0.0,0.05,rbf,median,anytime,bonferroni,3,10,False,UNRESOLVED,5000,True,False,False,0.00039504101732745767,0.0,0.18209213411654696,True,True,True,False
f80120202cc51ca342ad,multiplicity,multiplicity,3481,3172522707,16,5000,0.0,0.05,rbf,median,anytime,bonferroni,3,10,False,UNRESOLVED,5000,True,False,False,0.0003944580093957484,0.0,0.18209213411654696,True,True,True,False
494680b93d6dec43bfaf,multiplicity,multiplicity,3482,4280782426,16,5000,0.0,0.05,rbf,median,anytime,bonferroni,3,10,False,UNRESOLVED,5000,True,False,False,0.00039795797783881426,0.0,0.18209213411654696,True,True,True,False
2d8b6f8e22e7be250904,multiplicity,multiplicity,3483,1395267792,16,5000,0.0,0.05,rbf,median,anytime,bonferroni,3,10,False,UNRESOLVED,5000,True,False,False,0.0003946250071749091,0.0,0.18209213411654696,True,True,True,False
c5689d06a749455858fb,multiplicity,multiplicity,3484,1664844572,16,5000,0.0,0.05,rbf,median,anytime,bonferroni,3,10,False,UNRESOLVED,5000,True,False,False,0.0003940829774364829,0.0,0.18209213411654696,True,True,True,False
a3372fd29d4e7abbbb5b,multiplicity,multiplicity,3485,2603112541,16,5000,0.0,0.05,rbf,median,anytime,bonferroni,3,10,False,UNRESOLVED,5000,True,False,False,0.000396709016058594,0.0,0.18209213411654696,True,True,True,False
9fdbab69004b2a4dd376,multiplicity,multiplicity,3486,1340774600,16,5000,0.0,0.05,rbf,median,anytime,bonferroni,3,10,False,UNRESOLVED,5000,True,False,False,0.00037795904790982604,0.0,0.18209213411654696,True,True,True,False
73264027d08fdc0be985,multiplicity,multiplicity,3487,1430220728,16,5000,0.0,0.05,rbf,median,anytime,bonferroni,3,10,False,UNRESOLVED,5000,True,False,False,0.000340208993293345,0.0,0.18209213411654696,True,True,True,False
5fa5e694b215fbe1a939,multiplicity,multiplicity,3488,2463514298,16,5000,0.0,0.05,rbf,median,anytime,bonferroni,3,10,False,UNRESOLVED,5000,True,False,False,0.00034074997529387474,0.0,0.18209213411654696,True,True,True,False
41b4f557cb622ede352d,multiplicity,multiplicity,3489,3091597461,16,5000,0.0,0.05,rbf,median,anytime,bonferroni,3,10,False,UNRESOLVED,5000,True,False,False,0.0003417080151848495,0.0,0.18209213411654696,True,True,True,False
4ffd8e490aea097f2208,multiplicity,multiplicity,3490,1155583442,16,5000,0.0,0.05,rbf,median,anytime,bonferroni,3,10,False,UNRESOLVED,5000,True,False,False,0.0003429999924264848,0.0,0.18209213411654696,True,True,True,False
2fe5bb403d0b1602ab23,multiplicity,multiplicity,3491,227625643,16,5000,0.0,0.05,rbf,median,anytime,bonferroni,3,10,False,UNRESOLVED,5000,True,False,False,0.0003410829813219607,0.0,0.18209213411654696,True,True,True,False
576ebe61c3eb3c047917,multiplicity,multiplicity,3492,1876092943,16,5000,0.0,0.05,rbf,median,anytime,bonferroni,3,10,False,UNRESOLVED,5000,True,False,False,0.00034125003730878234,0.0,0.18209213411654696,True,True,True,False
f53efa34faa4c7932be1,multiplicity,multiplicity,3493,3234003266,16,5000,0.0,0.05,rbf,median,anytime,bonferroni,3,10,False,UNRESOLVED,5000,True,False,False,0.00034129200503230095,0.0,0.18209213411654696,True,True,True,False
5b1e1683b51e589610ca,multiplicity,multiplicity,3494,3429440052,16,5000,0.0,0.05,rbf,median,anytime,bonferroni,3,10,False,UNRESOLVED,5000,True,False,False,0.000344207976013422,0.0,0.18209213411654696,True,True,True,False
60cad1978f27d959d92f,multiplicity,multiplicity,3495,2045536272,16,5000,0.0,0.05,rbf,median,anytime,bonferroni,3,10,False,UNRESOLVED,5000,True,False,False,0.00034079101169481874,0.0,0.18209213411654696,True,True,True,False
263e945ab00c57db5c75,multiplicity,multiplicity,3496,172537512,16,5000,0.0,0.05,rbf,median,anytime,bonferroni,3,10,False,UNRESOLVED,5000,True,False,False,0.00034079101169481874,0.0,0.18209213411654696,True,True,True,False
a608f1b896963860f906,multiplicity,multiplicity,3497,2918656639,16,5000,0.0,0.05,rbf,median,anytime,bonferroni,3,10,False,UNRESOLVED,5000,True,False,False,0.00034187501296401024,0.0,0.18209213411654696,True,True,True,False
99fa3443da8f34ed50fa,multiplicity,multiplicity,3498,3818237438,16,5000,0.0,0.05,rbf,median,anytime,bonferroni,3,10,False,UNRESOLVED,5000,True,False,False,0.00034391600638628006,0.0,0.18209213411654696,True,True,True,False
3946a6dfef19b3ea2c3a,multiplicity,multiplicity,3499,3217303761,16,5000,0.0,0.05,rbf,median,anytime,bonferroni,3,10,False,UNRESOLVED,5000,True,False,False,0.00034262501867488027,0.0,0.18209213411654696,True,True,True,False
ae93c0ed96873d3bd938,multiplicity,multiplicity,3500,1232975523,16,5000,0.0,0.05,rbf,median,anytime,bonferroni,3,10,False,UNRESOLVED,5000,True,False,False,0.0003409170312806964,0.0,0.18209213411654696,True,True,True,False
a7d790e7c4d5bd3af474,multiplicity,multiplicity,3501,1865133640,16,5000,0.0,0.05,rbf,median,anytime,bonferroni,3,10,False,UNRESOLVED,5000,True,False,False,0.0003399580018594861,0.0,0.18209213411654696,True,True,True,False
463150d7b08c52e787d2,multiplicity,multiplicity,3502,266541867,16,5000,0.0,0.05,rbf,median,anytime,bonferroni,3,10,False,UNRESOLVED,5000,True,False,False,0.00034312502248212695,0.0,0.18209213411654696,True,True,True,False
206bbeea9ca2b44ecd0a,multiplicity,multiplicity,3503,2090138636,16,5000,0.0,0.05,rbf,median,anytime,bonferroni,3,10,False,UNRESOLVED,5000,True,False,False,0.00034025002969428897,0.0,0.18209213411654696,True,True,True,False
b549a66c82ea2ca18bc7,multiplicity,multiplicity,3504,3262400242,16,5000,0.0,0.05,rbf,median,anytime,bonferroni,3,10,False,UNRESOLVED,5000,True,False,False,0.0003404580056667328,0.0,0.18209213411654696,True,True,True,False
1b2c28dced3e878703ac,multiplicity,multiplicity,3505,3353867553,16,5000,0.0,0.05,rbf,median,anytime,bonferroni,3,10,False,UNRESOLVED,5000,True,False,False,0.0003432920202612877,0.0,0.18209213411654696,True,True,True,False
8f378ffbd7b6596968b9,multiplicity,multiplicity,3506,3835631134,16,5000,0.0,0.05,rbf,median,anytime,bonferroni,3,10,False,UNRESOLVED,5000,True,False,False,0.0003445419715717435,0.0,0.18209213411654696,True,True,True,False
8ac4b7d09227714be6d1,multiplicity,multiplicity,3507,4292127747,16,5000,0.0,0.05,rbf,median,anytime,bonferroni,3,10,False,UNRESOLVED,5000,True,False,False,0.000340582977514714,0.0,0.18209213411654696,True,True,True,False
6238f9488adfece4a187,multiplicity,multiplicity,3508,2794824212,16,5000,0.0,0.05,rbf,median,anytime,bonferroni,3,10,False,UNRESOLVED,5000,True,False,False,0.0003406250034458935,0.0,0.18209213411654696,True,True,True,False
77e795184cea98847445,multiplicity,multiplicity,3509,2104135624,16,5000,0.0,0.05,rbf,median,anytime,bonferroni,3,10,False,UNRESOLVED,5000,True,False,False,0.0003404580056667328,0.0,0.18209213411654696,True,True,True,False
8826d769cf8802db14a9,multiplicity,multiplicity,3510,939214093,16,5000,0.0,0.05,rbf,median,anytime,bonferroni,3,10,False,UNRESOLVED,5000,True,False,False,0.0003440000000409782,0.0,0.18209213411654696,True,True,True,False
ce1b9467764f299f734f,multiplicity,multiplicity,3511,4245160733,16,5000,0.0,0.05,rbf,median,anytime,bonferroni,3,10,False,UNRESOLVED,5000,True,False,False,0.0003402919974178076,0.0,0.18209213411654696,True,True,True,False
383d31cc7fb37e254e0d,multiplicity,multiplicity,3512,3126199708,16,5000,0.0,0.05,rbf,median,anytime,bonferroni,3,10,False,UNRESOLVED,5000,True,False,False,0.0003404580056667328,0.0,0.18209213411654696,True,True,True,False
1c3a96d8717646d4ac81,multiplicity,multiplicity,3513,520176379,16,5000,0.0,0.05,rbf,median,anytime,bonferroni,3,10,False,UNRESOLVED,5000,True,False,False,0.0003409999771974981,0.0,0.18209213411654696,True,True,True,False
5d81d817935504644586,multiplicity,multiplicity,3514,2822374816,16,5000,0.0,0.05,rbf,median,anytime,bonferroni,3,10,False,UNRESOLVED,5000,True,False,False,0.0003447500057518482,0.0,0.18209213411654696,True,True,True,False
260aa4b60e65efaef7ab,multiplicity,multiplicity,3515,1905941080,16,5000,0.0,0.05,rbf,median,anytime,bonferroni,3,10,False,UNRESOLVED,5000,True,False,False,0.0003405410097911954,0.0,0.18209213411654696,True,True,True,False
6ac2d0dcbe70f6d176f7,multiplicity,multiplicity,3516,667634947,16,5000,0.0,0.05,rbf,median,anytime,bonferroni,3,10,False,UNRESOLVED,5000,True,False,False,0.0003410420031286776,0.0,0.18209213411654696,True,True,True,False
0670f068407725030005,multiplicity,multiplicity,3517,3213777517,16,5000,0.0,0.05,rbf,median,anytime,bonferroni,3,10,False,UNRESOLVED,5000,True,False,False,0.0003415420069359243,0.0,0.18209213411654696,True,True,True,False
edcaebc6eb9433dbd935,multiplicity,multiplicity,3518,534710755,16,5000,0.0,0.05,rbf,median,anytime,bonferroni,3,10,False,UNRESOLVED,5000,True,False,False,0.00034324999433010817,0.0,0.18209213411654696,True,True,True,False
64677ebd73d5a0f2bb65,multiplicity,multiplicity,3519,2035697753,16,5000,0.0,0.05,rbf,median,anytime,bonferroni,3,10,False,UNRESOLVED,5000,True,False,False,0.00036145898047834635,0.0,0.18209213411654696,True,True,True,False
15a896f82d00d06976df,multiplicity,multiplicity,3520,2366048885,16,5000,0.0,0.05,rbf,median,anytime,bonferroni,3,10,False,UNRESOLVED,5000,True,False,False,0.0003946250071749091,0.0,0.18209213411654696,True,True,True,False
7caa550eb96e1c819954,multiplicity,multiplicity,3521,626617847,16,5000,0.0,0.05,rbf,median,anytime,bonferroni,3,10,False,UNRESOLVED,5000,True,False,False,0.0003934160340577364,0.0,0.18209213411654696,True,True,True,False
c977c881dc2f744fc962,multiplicity,multiplicity,3522,1206821107,16,5000,0.0,0.05,rbf,median,anytime,bonferroni,3,10,False,UNRESOLVED,5000,True,False,False,0.00039933400694280863,0.0,0.18209213411654696,True,True,True,False
93fabb06636b4aeb85a6,multiplicity,multiplicity,3523,246475325,16,5000,0.0,0.05,rbf,median,anytime,bonferroni,3,10,False,UNRESOLVED,5000,True,False,False,0.000394499977119267,0.0,0.18209213411654696,True,True,True,False
fb69e27b4c92ef810582,multiplicity,multiplicity,3524,4014677159,16,5000,0.0,0.05,rbf,median,anytime,bonferroni,3,10,False,UNRESOLVED,5000,True,False,False,0.000394499977119267,0.0,0.18209213411654696,True,True,True,False
8db7c4b0c8a0ccb39116,multiplicity,multiplicity,3525,3491074765,16,5000,0.0,0.05,rbf,median,anytime,bonferroni,3,10,False,UNRESOLVED,5000,True,False,False,0.0003947079530917108,0.0,0.18209213411654696,True,True,True,False
daf2c8c39fdf21af5c4a,multiplicity,multiplicity,3526,2906850491,16,5000,0.0,0.05,rbf,median,anytime,bonferroni,3,10,False,UNRESOLVED,5000,True,False,False,0.0003974589635618031,0.0,0.18209213411654696,True,True,True,False
f7fc669379f7a1c3b62e,multiplicity,multiplicity,3527,4067692235,16,5000,0.0,0.05,rbf,median,anytime,bonferroni,3,10,False,UNRESOLVED,5000,True,False,False,0.0003944170312024653,0.0,0.18209213411654696,True,True,True,False
6bd9c4b0b2fee00ceab7,multiplicity,multiplicity,3528,2071788623,16,5000,0.0,0.05,rbf,median,anytime,bonferroni,3,10,False,UNRESOLVED,5000,True,False,False,0.0003951249527744949,0.0,0.18209213411654696,True,True,True,False
2fb113426b3a7e913190,multiplicity,multiplicity,3529,1793927176,16,5000,0.0,0.05,rbf,median,anytime,bonferroni,3,10,False,UNRESOLVED,5000,True,False,False,0.00039479200495406985,0.0,0.18209213411654696,True,True,True,False
514a91bc25b9d4e45a75,multiplicity,multiplicity,3530,2547189404,16,5000,0.0,0.05,rbf,median,anytime,bonferroni,3,10,False,UNRESOLVED,5000,True,False,False,0.00039891700726002455,0.0,0.18209213411654696,True,True,True,False
ce305d344d0cc12ffd95,multiplicity,multiplicity,3531,705700102,16,5000,0.0,0.05,rbf,median,anytime,bonferroni,3,10,False,UNRESOLVED,5000,True,False,False,0.00039854098577052355,0.0,0.18209213411654696,True,True,True,False
8b053353c5a8b25b1201,multiplicity,multiplicity,3532,64020548,16,5000,0.0,0.05,rbf,median,anytime,bonferroni,3,10,False,UNRESOLVED,5000,True,False,False,0.0003946669748984277,0.0,0.18209213411654696,True,True,True,False
c24253ccb01b00564a02,multiplicity,multiplicity,3533,1786931007,16,5000,0.0,0.05,rbf,median,anytime,bonferroni,3,10,False,UNRESOLVED,5000,True,False,False,0.00039437500527128577,0.0,0.18209213411654696,True,True,True,False
0c2ae4dec9bedc2c3da1,multiplicity,multiplicity,3534,810622599,16,5000,0.0,0.05,rbf,median,anytime,bonferroni,3,10,False,UNRESOLVED,5000,True,False,False,0.00039879203541204333,0.0,0.18209213411654696,True,True,True,False
ebb2de2c9518c898fd10,multiplicity,multiplicity,3535,120254967,16,5000,0.0,0.05,rbf,median,anytime,bonferroni,3,10,False,UNRESOLVED,5000,True,False,False,0.0003946250071749091,0.0,0.18209213411654696,True,True,True,False
4a3b3a5749bb96e719a1,multiplicity,multiplicity,3536,3303064472,16,5000,0.0,0.05,rbf,median,anytime,bonferroni,3,10,False,UNRESOLVED,5000,True,False,False,0.00039608305087313056,0.0,0.18209213411654696,True,True,True,False
7aa32e4715211a0ecf40,multiplicity,multiplicity,3537,2496078523,16,5000,0.0,0.05,rbf,median,anytime,bonferroni,3,10,False,UNRESOLVED,5000,True,False,False,0.00039587501669302583,0.0,0.18209213411654696,True,True,True,False
c140eef75e4b867c0b03,multiplicity,multiplicity,3538,568918427,16,5000,0.0,0.05,rbf,median,anytime,bonferroni,3,10,False,UNRESOLVED,5000,True,False,False,0.00039820896927267313,0.0,0.18209213411654696,True,True,True,False
fde9393d8973f64b8989,multiplicity,multiplicity,3539,2623970150,16,5000,0.0,0.05,rbf,median,anytime,bonferroni,3,10,False,UNRESOLVED,5000,True,False,False,0.0003957080189138651,0.0,0.18209213411654696,True,True,True,False
a7c2722e95d81e16ab8c,multiplicity,multiplicity,3540,1213778950,16,5000,0.0,0.05,rbf,median,anytime,bonferroni,3,10,False,UNRESOLVED,5000,True,False,False,0.0003964999923482537,0.0,0.18209213411654696,True,True,True,False
fcf87baf10c31dee0579,multiplicity,multiplicity,3541,2622556036,16,5000,0.0,0.05,rbf,median,anytime,bonferroni,3,10,False,UNRESOLVED,5000,True,False,False,0.00040316698141396046,0.0,0.18209213411654696,True,True,True,False
b0df350572a09cfbd352,multiplicity,multiplicity,3542,972507958,16,5000,0.0,0.05,rbf,median,anytime,bonferroni,3,10,False,UNRESOLVED,5000,True,False,False,0.00040116702439263463,0.0,0.18209213411654696,True,True,True,False
c1d0c3bc5e9eda959b18,multiplicity,multiplicity,3543,1102178019,16,5000,0.0,0.05,rbf,median,anytime,bonferroni,3,10,False,UNRESOLVED,5000,True,False,False,0.00039549998473376036,0.0,0.18209213411654696,True,True,True,False
7a341ad926ac721431c1,multiplicity,multiplicity,3544,1267948155,16,5000,0.0,0.05,rbf,median,anytime,bonferroni,3,10,False,UNRESOLVED,5000,True,False,False,0.0005794159951619804,0.0,0.18209213411654696,True,True,True,False
a9ca198dfb4d6c4cead5,multiplicity,multiplicity,3545,1623035618,16,5000,0.0,0.05,rbf,median,anytime,bonferroni,3,10,False,UNRESOLVED,5000,True,False,False,0.0004917500191368163,0.0,0.18209213411654696,True,True,True,False
ad49b6b02acab520af1a,multiplicity,multiplicity,3546,4060859237,16,5000,0.0,0.05,rbf,median,anytime,bonferroni,3,10,False,UNRESOLVED,5000,True,False,False,0.0004829999525099993,0.0,0.18209213411654696,True,True,True,False
6e9480e1dbba2f4a99dd,multiplicity,multiplicity,3547,322213299,16,5000,0.0,0.05,rbf,median,anytime,bonferroni,3,10,False,UNRESOLVED,5000,True,False,False,0.0004796249559149146,0.0,0.18209213411654696,True,True,True,False
8f4407921dd74130e688,multiplicity,multiplicity,3548,1409554454,16,5000,0.0,0.05,rbf,median,anytime,bonferroni,3,10,False,UNRESOLVED,5000,True,False,False,0.0004793750122189522,0.0,0.18209213411654696,True,True,True,False
78ab7057a84714128d87,multiplicity,multiplicity,3549,692935758,16,5000,0.0,0.05,rbf,median,anytime,bonferroni,3,10,False,UNRESOLVED,5000,True,False,False,0.00047545897541567683,0.0,0.18209213411654696,True,True,True,False
9d00e6aae7d7aeab1993,multiplicity,multiplicity,3550,1089246477,16,5000,0.0,0.05,rbf,median,anytime,bonferroni,3,10,False,UNRESOLVED,5000,True,False,False,0.0004784580087289214,0.0,0.18209213411654696,True,True,True,False
7700c1434900b628e131,multiplicity,multiplicity,3551,2931984380,16,5000,0.0,0.05,rbf,median,anytime,bonferroni,3,10,False,UNRESOLVED,5000,True,False,False,0.00047400000039488077,0.0,0.18209213411654696,True,True,True,False
b9569b8ef273f795083a,multiplicity,multiplicity,3552,41235534,16,5000,0.0,0.05,rbf,median,anytime,bonferroni,3,10,False,UNRESOLVED,5000,True,False,False,0.0004767909995280206,0.0,0.18209213411654696,True,True,True,False
86d362e340ce502dc7fb,multiplicity,multiplicity,3553,1254672502,16,5000,0.0,0.05,rbf,median,anytime,bonferroni,3,10,False,UNRESOLVED,5000,True,False,False,0.0004748330102302134,0.0,0.18209213411654696,True,True,True,False
92a1c353b70741b44019,multiplicity,multiplicity,3554,729392932,16,5000,0.0,0.05,rbf,median,anytime,bonferroni,3,10,False,UNRESOLVED,5000,True,False,False,0.00047420902410522103,0.0,0.18209213411654696,True,True,True,False
b3bd58e010b1789f18ff,multiplicity,multiplicity,3555,1366476966,16,5000,0.0,0.05,rbf,median,anytime,bonferroni,3,10,False,UNRESOLVED,5000,True,False,False,0.0004764590412378311,0.0,0.18209213411654696,True,True,True,False
a2d356a6a9315d11a105,multiplicity,multiplicity,3556,1748933968,16,5000,0.0,0.05,rbf,median,anytime,bonferroni,3,10,False,UNRESOLVED,5000,True,False,False,0.0004742079763673246,0.0,0.18209213411654696,True,True,True,False
34b251ab504a0d974480,multiplicity,multiplicity,3557,413789937,16,5000,0.0,0.05,rbf,median,anytime,bonferroni,3,10,False,UNRESOLVED,5000,True,False,False,0.0004946670378558338,0.0,0.18209213411654696,True,True,True,False
304da159fc76c525a02b,multiplicity,multiplicity,3558,4077319941,16,5000,0.0,0.05,rbf,median,anytime,bonferroni,3,10,False,UNRESOLVED,5000,True,False,False,0.0005271250265650451,0.0,0.18209213411654696,True,True,True,False
f1c0bb9c6d692215d2c4,multiplicity,multiplicity,3559,2667962614,16,5000,0.0,0.05,rbf,median,anytime,bonferroni,3,10,False,UNRESOLVED,5000,True,False,False,0.0005297499592415988,0.0,0.18209213411654696,True,True,True,False
8c7a325b2aee66d33ddf,multiplicity,multiplicity,3560,2136138308,16,5000,0.0,0.05,rbf,median,anytime,bonferroni,3,10,False,UNRESOLVED,5000,True,False,False,0.0004836670123040676,0.0,0.18209213411654696,True,True,True,False
6cc44046828b0b6ec0c9,multiplicity,multiplicity,3561,2858419868,16,5000,0.0,0.05,rbf,median,anytime,bonferroni,3,10,False,UNRESOLVED,5000,True,False,False,0.0004742500022985041,0.0,0.18209213411654696,True,True,True,False
86e561f17527c8b13a74,multiplicity,multiplicity,3562,2078682877,16,5000,0.0,0.05,rbf,median,anytime,bonferroni,3,10,False,UNRESOLVED,5000,True,False,False,0.0004742500022985041,0.0,0.18209213411654696,True,True,True,False
490bdfc8562c6cc2e2d8,multiplicity,multiplicity,3563,2317565481,16,5000,0.0,0.05,rbf,median,anytime,bonferroni,3,10,False,UNRESOLVED,5000,True,False,False,0.00047066702973097563,0.0,0.18209213411654696,True,True,True,False
67f298268bca436b51e8,multiplicity,multiplicity,3564,3760294130,16,5000,0.0,0.05,rbf,median,anytime,bonferroni,3,10,False,UNRESOLVED,5000,True,False,False,0.0004188749589957297,0.0,0.18209213411654696,True,True,True,False
dcda9ce41dc960a56a0b,multiplicity,multiplicity,3565,842231841,16,5000,0.0,0.05,rbf,median,anytime,bonferroni,3,10,False,UNRESOLVED,5000,True,False,False,0.000407207990065217,0.0,0.18209213411654696,True,True,True,False
6473da27a459e5283c3b,multiplicity,multiplicity,3566,3837843848,16,5000,0.0,0.05,rbf,median,anytime,bonferroni,3,10,False,UNRESOLVED,5000,True,False,False,0.00040491705294698477,0.0,0.18209213411654696,True,True,True,False
cf5a62a7a3909c04b059,multiplicity,multiplicity,3567,1085434730,16,5000,0.0,0.05,rbf,median,anytime,bonferroni,3,10,False,UNRESOLVED,5000,True,False,False,0.00040258298395201564,0.0,0.18209213411654696,True,True,True,False
7f0c10a970a48395f160,multiplicity,multiplicity,3568,1462380052,16,5000,0.0,0.05,rbf,median,anytime,bonferroni,3,10,False,UNRESOLVED,5000,True,False,False,0.00040204200195148587,0.0,0.18209213411654696,True,True,True,False
988cfee13b79f480f03c,multiplicity,multiplicity,3569,1510696292,16,5000,0.0,0.05,rbf,median,anytime,bonferroni,3,10,False,UNRESOLVED,5000,True,False,False,0.000401041004806757,0.0,0.18209213411654696,True,True,True,False
fa5a3a5debada30511ab,multiplicity,multiplicity,3570,889119,16,5000,0.0,0.05,rbf,median,anytime,bonferroni,3,10,False,UNRESOLVED,5000,True,False,False,0.00040195800829678774,0.0,0.18209213411654696,True,True,True,False
426cab78063941f7c274,multiplicity,multiplicity,3571,3460361285,16,5000,0.0,0.05,rbf,median,anytime,bonferroni,3,10,False,UNRESOLVED,5000,True,False,False,0.00038174999644979835,0.0,0.18209213411654696,True,True,True,False
f6a338d318e2db2ec93e,multiplicity,multiplicity,3572,3057597357,16,5000,0.0,0.05,rbf,median,anytime,bonferroni,3,10,False,UNRESOLVED,5000,True,False,False,0.0003458330174908042,0.0,0.18209213411654696,True,True,True,False
aab1a10ce05dcb5a8dd1,multiplicity,multiplicity,3573,1345822918,16,5000,0.0,0.05,rbf,median,anytime,bonferroni,3,10,False,UNRESOLVED,5000,True,False,False,0.0003453749814070761,0.0,0.18209213411654696,True,True,True,False
81486c903c4fe303924c,multiplicity,multiplicity,3574,4291761595,16,5000,0.0,0.05,rbf,median,anytime,bonferroni,3,10,False,UNRESOLVED,5000,True,False,False,0.0003451670054346323,0.0,0.18209213411654696,True,True,True,False
ba4dc82361a59db8d5a6,multiplicity,multiplicity,3575,2301283479,16,5000,0.0,0.05,rbf,median,anytime,bonferroni,3,10,False,UNRESOLVED,5000,True,False,False,0.00034570798743516207,0.0,0.18209213411654696,True,True,True,False
f238404d398a0e426758,multiplicity,multiplicity,3576,2711640792,16,5000,0.0,0.05,rbf,median,anytime,bonferroni,3,10,False,UNRESOLVED,5000,True,False,False,0.0003434999962337315,0.0,0.18209213411654696,True,True,True,False
2673b581f17ecbc31b1f,multiplicity,multiplicity,3577,2045731310,16,5000,0.0,0.05,rbf,median,anytime,bonferroni,3,10,False,UNRESOLVED,5000,True,False,False,0.00034566601971164346,0.0,0.18209213411654696,True,True,True,False
f9b05c8c8003f86ed637,multiplicity,multiplicity,3578,1730202243,16,5000,0.0,0.05,rbf,median,anytime,bonferroni,3,10,False,UNRESOLVED,5000,True,False,False,0.0003440000000409782,0.0,0.18209213411654696,True,True,True,False
2d137d334519bacfd1e9,multiplicity,multiplicity,3579,167691417,16,5000,0.0,0.05,rbf,median,anytime,bonferroni,3,10,False,UNRESOLVED,5000,True,False,False,0.0003457910497672856,0.0,0.18209213411654696,True,True,True,False
4873bd4939008354c890,multiplicity,multiplicity,3580,3890227914,16,5000,0.0,0.05,rbf,median,anytime,bonferroni,3,10,False,UNRESOLVED,5000,True,False,False,0.00034654198680073023,0.0,0.18209213411654696,True,True,True,False
c009ef9f914108753aa8,multiplicity,multiplicity,3581,1388334854,16,5000,0.0,0.05,rbf,median,anytime,bonferroni,3,10,False,UNRESOLVED,5000,True,False,False,0.00034508295357227325,0.0,0.18209213411654696,True,True,True,False
1357513138118002c625,multiplicity,multiplicity,3582,3868410248,16,5000,0.0,0.05,rbf,median,anytime,bonferroni,3,10,False,UNRESOLVED,5000,True,False,False,0.0003453749814070761,0.0,0.18209213411654696,True,True,True,False
7affe6a362ff4afab328,multiplicity,multiplicity,3583,4024990275,16,5000,0.0,0.05,rbf,median,anytime,bonferroni,3,10,False,UNRESOLVED,5000,True,False,False,0.00034616602351889014,0.0,0.18209213411654696,True,True,True,False
21d9f01d652586d40498,multiplicity,multiplicity,3584,4094263313,16,5000,0.0,0.05,rbf,median,anytime,bonferroni,3,10,False,UNRESOLVED,5000,True,False,False,0.00034558295737951994,0.0,0.18209213411654696,True,True,True,False
b801f1bd7c2b06ac73ed,multiplicity,multiplicity,3585,3552825834,16,5000,0.0,0.05,rbf,median,anytime,bonferroni,3,10,False,UNRESOLVED,5000,True,False,False,0.0003465000190772116,0.0,0.18209213411654696,True,True,True,False
bcf28a8303639d9a3063,multiplicity,multiplicity,3586,3819992036,16,5000,0.0,0.05,rbf,median,anytime,bonferroni,3,10,False,UNRESOLVED,5000,True,False,False,0.0003446669434197247,0.0,0.18209213411654696,True,True,True,False
0d44db4d3490eabafc16,multiplicity,multiplicity,3587,824495521,16,5000,0.0,0.05,rbf,median,anytime,bonferroni,3,10,False,UNRESOLVED,5000,True,False,False,0.000344625033903867,0.0,0.18209213411654696,True,True,True,False
19ceb571d00477d12633,multiplicity,multiplicity,3588,639639749,16,5000,0.0,0.05,rbf,median,anytime,bonferroni,3,10,False,UNRESOLVED,5000,True,False,False,0.0003451670054346323,0.0,0.18209213411654696,True,True,True,False
09d1b5740046723fb396,multiplicity,multiplicity,3589,2447177696,16,5000,0.0,0.05,rbf,median,anytime,bonferroni,3,10,False,UNRESOLVED,5000,True,False,False,0.00034737499663606286,0.0,0.18209213411654696,True,True,True,False
9dc6f882927fbdff5a88,multiplicity,multiplicity,3590,2673361691,16,5000,0.0,0.05,rbf,median,anytime,bonferroni,3,10,False,UNRESOLVED,5000,True,False,False,0.00034508301177993417,0.0,0.18209213411654696,True,True,True,False
0e769f0f37fd3da13096,multiplicity,multiplicity,3591,2527718005,16,5000,0.0,0.05,rbf,median,anytime,bonferroni,3,10,False,UNRESOLVED,5000,True,False,False,0.0003439580323174596,0.0,0.18209213411654696,True,True,True,False
7bdbe97b7c6b3fa5d219,multiplicity,multiplicity,3592,3983188536,16,5000,0.0,0.05,rbf,median,anytime,bonferroni,3,10,False,UNRESOLVED,5000,True,False,False,0.0003452919772826135,0.0,0.18209213411654696,True,True,True,False
28673f44e2da444129d8,multiplicity,multiplicity,3593,4198078254,16,5000,0.0,0.05,rbf,median,anytime,bonferroni,3,10,False,UNRESOLVED,5000,True,False,False,0.0003457500133663416,0.0,0.18209213411654696,True,True,True,False
48510877afd84ab5f462,multiplicity,multiplicity,3594,3569658544,16,5000,0.0,0.05,rbf,median,anytime,bonferroni,3,10,False,UNRESOLVED,5000,True,False,False,0.0003452079836279154,0.0,0.18209213411654696,True,True,True,False
3c2f8e76b8fee5e1c856,multiplicity,multiplicity,3595,128271880,16,5000,0.0,0.05,rbf,median,anytime,bonferroni,3,10,False,UNRESOLVED,5000,True,False,False,0.0003447500057518482,0.0,0.18209213411654696,True,True,True,False
9a020ff8e850f624f1ff,multiplicity,multiplicity,3596,330363295,16,5000,0.0,0.05,rbf,median,anytime,bonferroni,3,10,False,UNRESOLVED,5000,True,False,False,0.0003440000000409782,0.0,0.18209213411654696,True,True,True,False
004ca84e031636e9d048,multiplicity,multiplicity,3597,4291613370,16,5000,0.0,0.05,rbf,median,anytime,bonferroni,3,10,False,UNRESOLVED,5000,True,False,False,0.000344583997502923,0.0,0.18209213411654696,True,True,True,False
0d7c1c7c07f4698b810c,multiplicity,multiplicity,3598,2165303161,16,5000,0.0,0.05,rbf,median,anytime,bonferroni,3,10,False,UNRESOLVED,5000,True,False,False,0.000345290987752378,0.0,0.18209213411654696,True,True,True,False
5a5fcc1093e3be183ae4,multiplicity,multiplicity,3599,6905749,16,5000,0.0,0.05,rbf,median,anytime,bonferroni,3,10,False,UNRESOLVED,5000,True,False,False,0.00034554197918623686,0.0,0.18209213411654696,True,True,True,False
ea59948830f6e1b06c21,multiplicity,multiplicity,3600,1074692772,16,5000,0.0,0.05,rbf,median,anytime,bonferroni,3,10,False,UNRESOLVED,5000,True,False,False,0.0003568340325728059,0.0,0.18209213411654696,True,True,True,False
c5565d8d3e375d3fdf50,multiplicity,multiplicity,3601,428116057,16,5000,0.0,0.05,rbf,median,anytime,bonferroni,3,10,False,UNRESOLVED,5000,True,False,False,0.00034550001146271825,0.0,0.18209213411654696,True,True,True,False
04f3f01815ebd8198a78,multiplicity,multiplicity,3602,1337451679,16,5000,0.0,0.05,rbf,median,anytime,bonferroni,3,10,False,UNRESOLVED,5000,True,False,False,0.000346040993463248,0.0,0.18209213411654696,True,True,True,False
ae0f503677553e83c1ce,multiplicity,multiplicity,3603,1197729875,16,5000,0.0,0.05,rbf,median,anytime,bonferroni,3,10,False,UNRESOLVED,5000,True,False,False,0.0003432920202612877,0.0,0.18209213411654696,True,True,True,False
2d7430dc25815e12a13d,multiplicity,multiplicity,3604,1629151884,16,5000,0.0,0.05,rbf,median,anytime,bonferroni,3,10,False,UNRESOLVED,5000,True,False,False,0.0003762500127777457,0.0,0.18209213411654696,True,True,True,False
19e2389e6f085783cb30,multiplicity,multiplicity,3605,923345317,16,5000,0.0,0.05,rbf,median,anytime,bonferroni,3,10,False,UNRESOLVED,5000,True,False,False,0.00040249997982755303,0.0,0.18209213411654696,True,True,True,False
890d87e09b880e155e94,multiplicity,multiplicity,3606,2792532854,16,5000,0.0,0.05,rbf,median,anytime,bonferroni,3,10,False,UNRESOLVED,5000,True,False,False,0.00039899995317682624,0.0,0.18209213411654696,True,True,True,False
898ac0d649169ab9781b,multiplicity,multiplicity,3607,206329330,16,5000,0.0,0.05,rbf,median,anytime,bonferroni,3,10,False,UNRESOLVED,5000,True,False,False,0.00039899995317682624,0.0,0.18209213411654696,True,True,True,False
cd18e5d464691a05ed58,multiplicity,multiplicity,3608,2384646412,16,5000,0.0,0.05,rbf,median,anytime,bonferroni,3,10,False,UNRESOLVED,5000,True,False,False,0.0003998340107500553,0.0,0.18209213411654696,True,True,True,False
3300488f2c97c1bcdbb8,multiplicity,multiplicity,3609,11014660,16,5000,0.0,0.05,rbf,median,anytime,bonferroni,3,10,False,UNRESOLVED,5000,True,False,False,0.0003997919848188758,0.0,0.18209213411654696,True,True,True,False
a66a7f5f13e3ab04b8b7,multiplicity,multiplicity,3610,1461923409,16,5000,0.0,0.05,rbf,median,anytime,bonferroni,3,10,False,UNRESOLVED,5000,True,False,False,0.0004010830307379365,0.0,0.18209213411654696,True,True,True,False
a09ce79757e684ba94ce,multiplicity,multiplicity,3611,2542224051,16,5000,0.0,0.05,rbf,median,anytime,bonferroni,3,10,False,UNRESOLVED,5000,True,False,False,0.00039829197339713573,0.0,0.18209213411654696,True,True,True,False
c2b49fde60f27f848f15,multiplicity,multiplicity,3612,2198635332,16,5000,0.0,0.05,rbf,median,anytime,bonferroni,3,10,False,UNRESOLVED,5000,True,False,False,0.00040129199624061584,0.0,0.18209213411654696,True,True,True,False
eb56aeccba3bd84f823a,multiplicity,multiplicity,3613,3289886254,16,5000,0.0,0.05,rbf,median,anytime,bonferroni,3,10,False,UNRESOLVED,5000,True,False,False,0.0004011659766547382,0.0,0.18209213411654696,True,True,True,False
f84b6ee65752c103a0c0,multiplicity,multiplicity,3614,347564319,16,5000,0.0,0.05,rbf,median,anytime,bonferroni,3,10,False,UNRESOLVED,5000,True,False,False,0.0003992919810116291,0.0,0.18209213411654696,True,True,True,False
51f1ee712d85922ce44d,multiplicity,multiplicity,3615,4287239682,16,5000,0.0,0.05,rbf,median,anytime,bonferroni,3,10,False,UNRESOLVED,5000,True,False,False,0.0004016669699922204,0.0,0.18209213411654696,True,True,True,False
081117e9838fab501add,multiplicity,multiplicity,3616,1291657291,16,5000,0.0,0.05,rbf,median,anytime,bonferroni,3,10,False,UNRESOLVED,5000,True,False,False,0.00040550000267103314,0.0,0.18209213411654696,True,True,True,False
47ca48cf105a2dd027fd,multiplicity,multiplicity,3617,2413898326,16,5000,0.0,0.05,rbf,median,anytime,bonferroni,3,10,False,UNRESOLVED,5000,True,False,False,0.00039829197339713573,0.0,0.18209213411654696,True,True,True,False
1a50cc03fd4001a4d076,multiplicity,multiplicity,3618,3888792122,16,5000,0.0,0.05,rbf,median,anytime,bonferroni,3,10,False,UNRESOLVED,5000,True,False,False,0.0004011249984614551,0.0,0.18209213411654696,True,True,True,False
ffa50f5e34d59013785c,multiplicity,multiplicity,3619,86513335,16,5000,0.0,0.05,rbf,median,anytime,bonferroni,3,10,False,UNRESOLVED,5000,True,False,False,0.00040074996650218964,0.0,0.18209213411654696,True,True,True,False
1dea7bd722621ae942fc,multiplicity,multiplicity,3620,1759873425,16,5000,0.0,0.05,rbf,median,anytime,bonferroni,3,10,False,UNRESOLVED,5000,True,False,False,0.0003994999569840729,0.0,0.18209213411654696,True,True,True,False
f2ae450b27a8f5279cf3,multiplicity,multiplicity,3621,2188360302,16,5000,0.0,0.05,rbf,median,anytime,bonferroni,3,10,False,UNRESOLVED,5000,True,False,False,0.00039854098577052355,0.0,0.18209213411654696,True,True,True,False
ed36635e92849fcb9b0c,multiplicity,multiplicity,3622,119320670,16,5000,0.0,0.05,rbf,median,anytime,bonferroni,3,10,False,UNRESOLVED,5000,True,False,False,0.0003998340107500553,0.0,0.18209213411654696,True,True,True,False
3c7888f53f3bdc81a5e6,multiplicity,multiplicity,3623,3518350867,16,5000,0.0,0.05,rbf,median,anytime,bonferroni,3,10,False,UNRESOLVED,5000,True,False,False,0.0004006660310551524,0.0,0.18209213411654696,True,True,True,False
1b020b7d78a06d8f8022,multiplicity,multiplicity,3624,1499523330,16,5000,0.0,0.05,rbf,median,anytime,bonferroni,3,10,False,UNRESOLVED,5000,True,False,False,0.0004002919886261225,0.0,0.18209213411654696,True,True,True,False
82096fee472b61340d7a,multiplicity,multiplicity,3625,3233584355,16,5000,0.0,0.05,rbf,median,anytime,bonferroni,3,10,False,UNRESOLVED,5000,True,False,False,0.00039904104778543115,0.0,0.18209213411654696,True,True,True,False
5d1f2d5dca99d7e03164,multiplicity,multiplicity,3626,21159322,16,5000,0.0,0.05,rbf,median,anytime,bonferroni,3,10,False,UNRESOLVED,5000,True,False,False,0.00040933297714218497,0.0,0.18209213411654696,True,True,True,False
ad1ba5e2da5b897a14a6,multiplicity,multiplicity,3627,646575808,16,5000,0.0,0.05,rbf,median,anytime,bonferroni,3,10,False,UNRESOLVED,5000,True,False,False,0.0003991670091636479,0.0,0.18209213411654696,True,True,True,False
1f489efc1a2189e689fd,multiplicity,multiplicity,3628,371773225,16,5000,0.0,0.05,rbf,median,anytime,bonferroni,3,10,False,UNRESOLVED,5000,True,False,False,0.000398124975617975,0.0,0.18209213411654696,True,True,True,False
7bbbe9a2e3ba799d6a4c,multiplicity,multiplicity,3629,2897093886,16,5000,0.0,0.05,rbf,median,anytime,bonferroni,3,10,False,UNRESOLVED,5000,True,False,False,0.0003986660158261657,0.0,0.18209213411654696,True,True,True,False
851ee7e0eb0c5ef85970,multiplicity,multiplicity,3630,937174039,16,5000,0.0,0.05,rbf,median,anytime,bonferroni,3,10,False,UNRESOLVED,5000,True,False,False,0.00039962504524737597,0.0,0.18209213411654696,True,True,True,False
8a97fba1d970a9fa3398,multiplicity,multiplicity,3631,2809573867,16,5000,0.0,0.05,rbf,median,anytime,bonferroni,3,10,False,UNRESOLVED,5000,True,False,False,0.00039833399932831526,0.0,0.18209213411654696,True,True,True,False
16d948dc78c0b50071d7,multiplicity,multiplicity,3632,472543840,16,5000,0.0,0.05,rbf,median,anytime,bonferroni,3,10,False,UNRESOLVED,5000,True,False,False,0.00039887503953650594,0.0,0.18209213411654696,True,True,True,False
995c2ebeda3e81fa9411,multiplicity,multiplicity,3633,2884904438,16,5000,0.0,0.05,rbf,median,anytime,bonferroni,3,10,False,UNRESOLVED,5000,True,False,False,0.000400334014557302,0.0,0.18209213411654696,True,True,True,False
8ef50b819ee7c3d86a2a,multiplicity,multiplicity,3634,3104809393,16,5000,0.0,0.05,rbf,median,anytime,bonferroni,3,10,False,UNRESOLVED,5000,True,False,False,0.00039920798735693097,0.0,0.18209213411654696,True,True,True,False
057e6186089a2043b648,multiplicity,multiplicity,3635,1828996529,16,5000,0.0,0.05,rbf,median,anytime,bonferroni,3,10,False,UNRESOLVED,5000,True,False,False,0.000399916956666857,0.0,0.18209213411654696,True,True,True,False
601539dc08af06bd21fe,multiplicity,multiplicity,3636,32542830,16,5000,0.0,0.05,rbf,median,anytime,bonferroni,3,10,False,UNRESOLVED,5000,True,False,False,0.00039841601392254233,0.0,0.18209213411654696,True,True,True,False
1e884957ae4e681e2723,multiplicity,multiplicity,3637,1249927124,16,5000,0.0,0.05,rbf,median,anytime,bonferroni,3,10,False,UNRESOLVED,5000,True,False,False,0.00038058304926380515,0.0,0.18209213411654696,True,True,True,False
1241612b8ac088b1d7c8,multiplicity,multiplicity,3638,4205044649,16,5000,0.0,0.05,rbf,median,anytime,bonferroni,3,10,False,UNRESOLVED,5000,True,False,False,0.0003441250300966203,0.0,0.18209213411654696,True,True,True,False
027bd0817119d3698bb6,multiplicity,multiplicity,3639,378620141,16,5000,0.0,0.05,rbf,median,anytime,bonferroni,3,10,False,UNRESOLVED,5000,True,False,False,0.0003475829726085067,0.0,0.18209213411654696,True,True,True,False
cd950c9b469661ec6047,multiplicity,multiplicity,3640,1155561915,16,5000,0.0,0.05,rbf,median,anytime,bonferroni,3,10,False,UNRESOLVED,5000,True,False,False,0.0003463750472292304,0.0,0.18209213411654696,True,True,True,False
22e9ed949423d03632f2,multiplicity,multiplicity,3641,4275482055,16,5000,0.0,0.05,rbf,median,anytime,bonferroni,3,10,False,UNRESOLVED,5000,True,False,False,0.00034429196966812015,0.0,0.18209213411654696,True,True,True,False
3e0b60635b5224855aba,multiplicity,multiplicity,3642,1022402386,16,5000,0.0,0.05,rbf,median,anytime,bonferroni,3,10,False,UNRESOLVED,5000,True,False,False,0.0003433749661780894,0.0,0.18209213411654696,True,True,True,False
faa28f90279a20c0e565,multiplicity,multiplicity,3643,40234802,16,5000,0.0,0.05,rbf,median,anytime,bonferroni,3,10,False,UNRESOLVED,5000,True,False,False,0.0003440830041654408,0.0,0.18209213411654696,True,True,True,False
98728e27a8b850c40906,multiplicity,multiplicity,3644,1009322747,16,5000,0.0,0.05,rbf,median,anytime,bonferroni,3,10,False,UNRESOLVED,5000,True,False,False,0.00034516601590439677,0.0,0.18209213411654696,True,True,True,False
bfc6c34b0975ba17ff47,multiplicity,multiplicity,3645,2875000255,16,5000,0.0,0.05,rbf,median,anytime,bonferroni,3,10,False,UNRESOLVED,5000,True,False,False,0.00034379103453829885,0.0,0.18209213411654696,True,True,True,False
9baf3ca156227cc969b1,multiplicity,multiplicity,3646,1465907045,16,5000,0.0,0.05,rbf,median,anytime,bonferroni,3,10,False,UNRESOLVED,5000,True,False,False,0.0003448330098763108,0.0,0.18209213411654696,True,True,True,False
ae7116ad001beab67c4a,multiplicity,multiplicity,3647,3509903550,16,5000,0.0,0.05,rbf,median,anytime,bonferroni,3,10,False,UNRESOLVED,5000,True,False,False,0.00034383300226181746,0.0,0.18209213411654696,True,True,True,False
7a6d94517bb7c9fde774,multiplicity,multiplicity,3648,140689027,16,5000,0.0,0.05,rbf,median,anytime,bonferroni,3,10,False,UNRESOLVED,5000,True,False,False,0.00034358398988842964,0.0,0.18209213411654696,True,True,True,False
20e6fec5756820dffdd6,multiplicity,multiplicity,3649,2600135466,16,5000,0.0,0.05,rbf,median,anytime,bonferroni,3,10,False,UNRESOLVED,5000,True,False,False,0.00034304201835766435,0.0,0.18209213411654696,True,True,True,False
5581e583b6143ecfb41d,multiplicity,multiplicity,3650,940707496,16,5000,0.0,0.05,rbf,median,anytime,bonferroni,3,10,False,UNRESOLVED,5000,True,False,False,0.0003448329516686499,0.0,0.18209213411654696,True,True,True,False
e45bd9e9123412bc209b,multiplicity,multiplicity,3651,4028420693,16,5000,0.0,0.05,rbf,median,anytime,bonferroni,3,10,False,UNRESOLVED,5000,True,False,False,0.000343457970302552,0.0,0.18209213411654696,True,True,True,False
b6fec99dff3a53c98769,multiplicity,multiplicity,3652,3907974356,16,5000,0.0,0.05,rbf,median,anytime,bonferroni,3,10,False,UNRESOLVED,5000,True,False,False,0.0003440000000409782,0.0,0.18209213411654696,True,True,True,False
b43e91f501295fc78b77,multiplicity,multiplicity,3653,2689794464,16,5000,0.0,0.05,rbf,median,anytime,bonferroni,3,10,False,UNRESOLVED,5000,True,False,False,0.00034374999813735485,0.0,0.18209213411654696,True,True,True,False
f3be3cec385f3f532a7a,multiplicity,multiplicity,3654,1104675674,16,5000,0.0,0.05,rbf,median,anytime,bonferroni,3,10,False,UNRESOLVED,5000,True,False,False,0.0003450419753789902,0.0,0.18209213411654696,True,True,True,False
adcec7b16aa8e6706df6,multiplicity,multiplicity,3655,1959216398,16,5000,0.0,0.05,rbf,median,anytime,bonferroni,3,10,False,UNRESOLVED,5000,True,False,False,0.00034320796839892864,0.0,0.18209213411654696,True,True,True,False
8f99c55b726110fe2fee,multiplicity,multiplicity,3656,1780212544,16,5000,0.0,0.05,rbf,median,anytime,bonferroni,3,10,False,UNRESOLVED,5000,True,False,False,0.0003445419715717435,0.0,0.18209213411654696,True,True,True,False
47c96ae94e171ac219dd,multiplicity,multiplicity,3657,2798339513,16,5000,0.0,0.05,rbf,median,anytime,bonferroni,3,10,False,UNRESOLVED,5000,True,False,False,0.0003440410364419222,0.0,0.18209213411654696,True,True,True,False
09f5a96336bbc05f63c3,multiplicity,multiplicity,3658,3723093699,16,5000,0.0,0.05,rbf,median,anytime,bonferroni,3,10,False,UNRESOLVED,5000,True,False,False,0.00034220796078443527,0.0,0.18209213411654696,True,True,True,False
6bb821a853d95863b315,multiplicity,multiplicity,3659,659596854,16,5000,0.0,0.05,rbf,median,anytime,bonferroni,3,10,False,UNRESOLVED,5000,True,False,False,0.0003445420297794044,0.0,0.18209213411654696,True,True,True,False
b63b9e9ef480ca3b4ce5,multiplicity,multiplicity,3660,1627550452,16,5000,0.0,0.05,rbf,median,anytime,bonferroni,3,10,False,UNRESOLVED,5000,True,False,False,0.0003434589598327875,0.0,0.18209213411654696,True,True,True,False
1679f336b3f614ec7a66,multiplicity,multiplicity,3661,3935777092,16,5000,0.0,0.05,rbf,median,anytime,bonferroni,3,10,False,UNRESOLVED,5000,True,False,False,0.000343833991792053,0.0,0.18209213411654696,True,True,True,False
d1d8a84af9937f3339d5,multiplicity,multiplicity,3662,4087606754,16,5000,0.0,0.05,rbf,median,anytime,bonferroni,3,10,False,UNRESOLVED,5000,True,False,False,0.0003444590256549418,0.0,0.18209213411654696,True,True,True,False
03b28812829fef34c3d1,multiplicity,multiplicity,3663,1117728754,16,5000,0.0,0.05,rbf,median,anytime,bonferroni,3,10,False,UNRESOLVED,5000,True,False,False,0.00034370803041383624,0.0,0.18209213411654696,True,True,True,False
42992179ff9d10d9a91f,multiplicity,multiplicity,3664,739696971,16,5000,0.0,0.05,rbf,median,anytime,bonferroni,3,10,False,UNRESOLVED,5000,True,False,False,0.00034391600638628006,0.0,0.18209213411654696,True,True,True,False
7af7f3cff8d287bfe236,multiplicity,multiplicity,3665,3062260592,16,5000,0.0,0.05,rbf,median,anytime,bonferroni,3,10,False,UNRESOLVED,5000,True,False,False,0.0003445419715717435,0.0,0.18209213411654696,True,True,True,False
a042598ffc141dd9568a,multiplicity,multiplicity,3666,229772016,16,5000,0.0,0.05,rbf,median,anytime,bonferroni,3,10,False,UNRESOLVED,5000,True,False,False,0.0003442080342210829,0.0,0.18209213411654696,True,True,True,False
3b32a94ffa262ee20456,multiplicity,multiplicity,3667,2275862105,16,5000,0.0,0.05,rbf,median,anytime,bonferroni,3,10,False,UNRESOLVED,5000,True,False,False,0.0003477080026641488,0.0,0.18209213411654696,True,True,True,False
7cf1dbf7417cb676eaae,multiplicity,multiplicity,3668,1217124270,16,5000,0.0,0.05,rbf,median,anytime,bonferroni,3,10,False,UNRESOLVED,5000,True,False,False,0.0003434580285102129,0.0,0.18209213411654696,True,True,True,False
b166e255c19345796fa3,multiplicity,multiplicity,3669,605716055,16,5000,0.0,0.05,rbf,median,anytime,bonferroni,3,10,False,UNRESOLVED,5000,True,False,False,0.00034379097633063793,0.0,0.18209213411654696,True,True,True,False
a5ef47fad7c8e5ec3cec,multiplicity,multiplicity,3670,1873274157,16,5000,0.0,0.05,rbf,median,anytime,bonferroni,3,10,False,UNRESOLVED,5000,True,False,False,0.00036287499824538827,0.0,0.18209213411654696,True,True,True,False
4aa1273e6bfc08475a04,multiplicity,multiplicity,3671,3588451581,16,5000,0.0,0.05,rbf,median,anytime,bonferroni,3,10,False,UNRESOLVED,5000,True,False,False,0.00040074996650218964,0.0,0.18209213411654696,True,True,True,False
81f100d5455d9ff13091,multiplicity,multiplicity,3672,1169536320,16,5000,0.0,0.05,rbf,median,anytime,bonferroni,3,10,False,UNRESOLVED,5000,True,False,False,0.0003993749851360917,0.0,0.18209213411654696,True,True,True,False
670876ca8f0acc01073e,multiplicity,multiplicity,3673,3489074633,16,5000,0.0,0.05,rbf,median,anytime,bonferroni,3,10,False,UNRESOLVED,5000,True,False,False,0.00040120899211615324,0.0,0.18209213411654696,True,True,True,False
f2fe39f9d8c12ca58dbc,multiplicity,multiplicity,3674,1025545605,16,5000,0.0,0.05,rbf,median,anytime,bonferroni,3,10,False,UNRESOLVED,5000,True,False,False,0.0004004160291515291,0.0,0.18209213411654696,True,True,True,False
a73b3ab660c140f2d9db,multiplicity,multiplicity,3675,2692794834,16,5000,0.0,0.05,rbf,median,anytime,bonferroni,3,10,False,UNRESOLVED,5000,True,False,False,0.00039695901796221733,0.0,0.18209213411654696,True,True,True,False
a7437fef8abc3b175ec5,multiplicity,multiplicity,3676,2898498273,16,5000,0.0,0.05,rbf,median,anytime,bonferroni,3,10,False,UNRESOLVED,5000,True,False,False,0.00040087499655783176,0.0,0.18209213411654696,True,True,True,False
bfa1e184224db9101db3,multiplicity,multiplicity,3677,1725151829,16,5000,0.0,0.05,rbf,median,anytime,bonferroni,3,10,False,UNRESOLVED,5000,True,False,False,0.0005528749898076057,0.0,0.18209213411654696,True,True,True,False
4012750359e26e7c639b,multiplicity,multiplicity,3678,856809117,16,5000,0.0,0.05,rbf,median,anytime,bonferroni,3,10,False,UNRESOLVED,5000,True,False,False,0.0005143750458955765,0.0,0.18209213411654696,True,True,True,False
ee5a1d93e456d1932cab,multiplicity,multiplicity,3679,2759770717,16,5000,0.0,0.05,rbf,median,anytime,bonferroni,3,10,False,UNRESOLVED,5000,True,False,False,0.0004887499962933362,0.0,0.18209213411654696,True,True,True,False
4da9f68e1fd788f9f359,multiplicity,multiplicity,3680,983672118,16,5000,0.0,0.05,rbf,median,anytime,bonferroni,3,10,False,UNRESOLVED,5000,True,False,False,0.0004861249472014606,0.0,0.18209213411654696,True,True,True,False
20176411af8aaab0740b,multiplicity,multiplicity,3681,3724115708,16,5000,0.0,0.05,rbf,median,anytime,bonferroni,3,10,False,UNRESOLVED,5000,True,False,False,0.00047579099191352725,0.0,0.18209213411654696,True,True,True,False
5d24d2d571e11730da03,multiplicity,multiplicity,3682,2469668262,16,5000,0.0,0.05,rbf,median,anytime,bonferroni,3,10,False,UNRESOLVED,5000,True,False,False,0.0004901249776594341,0.0,0.18209213411654696,True,True,True,False
1d3a55eb0ae36131592f,multiplicity,multiplicity,3683,4291181857,16,5000,0.0,0.05,rbf,median,anytime,bonferroni,3,10,False,UNRESOLVED,5000,True,False,False,0.0005464160349220037,0.0,0.18209213411654696,True,True,True,False
cc2c11968428fdcb6819,multiplicity,multiplicity,3684,3006512800,16,5000,0.0,0.05,rbf,median,anytime,bonferroni,3,10,False,UNRESOLVED,5000,True,False,False,0.0005258330493234098,0.0,0.18209213411654696,True,True,True,False
9ddf9c10c4b8c0b2a085,multiplicity,multiplicity,3685,3621117819,16,5000,0.0,0.05,rbf,median,anytime,bonferroni,3,10,False,UNRESOLVED,5000,True,False,False,0.00048162502935156226,0.0,0.18209213411654696,True,True,True,False
7f389e656f24e28e7ed2,multiplicity,multiplicity,3686,3907595021,16,5000,0.0,0.05,rbf,median,anytime,bonferroni,3,10,False,UNRESOLVED,5000,True,False,False,0.0004753330140374601,0.0,0.18209213411654696,True,True,True,False
e181044291846ed08f72,multiplicity,multiplicity,3687,4224336825,16,5000,0.0,0.05,rbf,median,anytime,bonferroni,3,10,False,UNRESOLVED,5000,True,False,False,0.0004760830197483301,0.0,0.18209213411654696,True,True,True,False
2e9278d6f2c7f79f0ed4,multiplicity,multiplicity,3688,2361162291,16,5000,0.0,0.05,rbf,median,anytime,bonferroni,3,10,False,UNRESOLVED,5000,True,False,False,0.0004735830007120967,0.0,0.18209213411654696,True,True,True,False
fd41550f0820cc319fb3,multiplicity,multiplicity,3689,1836975438,16,5000,0.0,0.05,rbf,median,anytime,bonferroni,3,10,False,UNRESOLVED,5000,True,False,False,0.000474166008643806,0.0,0.18209213411654696,True,True,True,False
088742b54b11be3ca91b,multiplicity,multiplicity,3690,3943040950,16,5000,0.0,0.05,rbf,median,anytime,bonferroni,3,10,False,UNRESOLVED,5000,True,False,False,0.0004743330064229667,0.0,0.18209213411654696,True,True,True,False
7d800cd61f2fc3422c3c,multiplicity,multiplicity,3691,602687237,16,5000,0.0,0.05,rbf,median,anytime,bonferroni,3,10,False,UNRESOLVED,5000,True,False,False,0.0004761659656651318,0.0,0.18209213411654696,True,True,True,False
bcfb2de221b5a33c4f9e,multiplicity,multiplicity,3692,3959463393,16,5000,0.0,0.05,rbf,median,anytime,bonferroni,3,10,False,UNRESOLVED,5000,True,False,False,0.0004728750209324062,0.0,0.18209213411654696,True,True,True,False
1fcc8adf71647d016edd,multiplicity,multiplicity,3693,133523075,16,5000,0.0,0.05,rbf,median,anytime,bonferroni,3,10,False,UNRESOLVED,5000,True,False,False,0.00047279096907004714,0.0,0.18209213411654696,True,True,True,False
205a30f7ef4fc845565e,multiplicity,multiplicity,3694,3043107002,16,5000,0.0,0.05,rbf,median,anytime,bonferroni,3,10,False,UNRESOLVED,5000,True,False,False,0.00047345797065645456,0.0,0.18209213411654696,True,True,True,False
9f82caaead1f8d00caad,multiplicity,multiplicity,3695,4186532299,16,5000,0.0,0.05,rbf,median,anytime,bonferroni,3,10,False,UNRESOLVED,5000,True,False,False,0.000474916014354676,0.0,0.18209213411654696,True,True,True,False
3a7ecb6980f184c9f637,multiplicity,multiplicity,3696,249524044,16,5000,0.0,0.05,rbf,median,anytime,bonferroni,3,10,False,UNRESOLVED,5000,True,False,False,0.00046491698594763875,0.0,0.18209213411654696,True,True,True,False
09b6530183d291f972c3,multiplicity,multiplicity,3697,2718956893,16,5000,0.0,0.05,rbf,median,anytime,bonferroni,3,10,False,UNRESOLVED,5000,True,False,False,0.00041912501910701394,0.0,0.18209213411654696,True,True,True,False
d3bc15ad3383a98521fe,multiplicity,multiplicity,3698,2841283809,16,5000,0.0,0.05,rbf,median,anytime,bonferroni,3,10,False,UNRESOLVED,5000,True,False,False,0.00041087501449510455,0.0,0.18209213411654696,True,True,True,False
b6b751253b98f5ce91f4,multiplicity,multiplicity,3699,863604587,16,5000,0.0,0.05,rbf,median,anytime,bonferroni,3,10,False,UNRESOLVED,5000,True,False,False,0.00040487502701580524,0.0,0.18209213411654696,True,True,True,False
33b48a6168a418ed8641,multiplicity,multiplicity,3700,3269555896,16,5000,0.0,0.05,rbf,median,anytime,bonferroni,3,10,False,UNRESOLVED,5000,True,False,False,0.0004022089997306466,0.0,0.18209213411654696,True,True,True,False
e8afe0ec3ad491136b81,multiplicity,multiplicity,3701,570428381,16,5000,0.0,0.05,rbf,median,anytime,bonferroni,3,10,False,UNRESOLVED,5000,True,False,False,0.00040245900163426995,0.0,0.18209213411654696,True,True,True,False
a16326634399458e6c18,multiplicity,multiplicity,3702,1424633445,16,5000,0.0,0.05,rbf,median,anytime,bonferroni,3,10,False,UNRESOLVED,5000,True,False,False,0.00040020799497142434,0.0,0.18209213411654696,True,True,True,False
62ba98b4255a5fa3a21d,multiplicity,multiplicity,3703,380725769,16,5000,0.0,0.05,rbf,median,anytime,bonferroni,3,10,False,UNRESOLVED,5000,True,False,False,0.00040200003422796726,0.0,0.18209213411654696,True,True,True,False
8e6d6f69cdd4874f853b,multiplicity,multiplicity,3704,89295980,16,5000,0.0,0.05,rbf,median,anytime,bonferroni,3,10,False,UNRESOLVED,5000,True,False,False,0.0004005000228062272,0.0,0.18209213411654696,True,True,True,False
1d7262948337e59a38db,multiplicity,multiplicity,3705,1662489378,16,5000,0.0,0.05,rbf,median,anytime,bonferroni,3,10,False,UNRESOLVED,5000,True,False,False,0.00040095800068229437,0.0,0.18209213411654696,True,True,True,False
a0df9a7e274e566abcc7,multiplicity,multiplicity,3706,3954858922,16,5000,0.0,0.05,rbf,median,anytime,bonferroni,3,10,False,UNRESOLVED,5000,True,False,False,0.0003997089806944132,0.0,0.18209213411654696,True,True,True,False
9908b3b7b378f81449b5,multiplicity,multiplicity,3707,2949013135,16,5000,0.0,0.05,rbf,median,anytime,bonferroni,3,10,False,UNRESOLVED,5000,True,False,False,0.0003999170148745179,0.0,0.18209213411654696,True,True,True,False
44aa471d880375abd377,multiplicity,multiplicity,3708,3794520549,16,5000,0.0,0.05,rbf,median,anytime,bonferroni,3,10,False,UNRESOLVED,5000,True,False,False,0.00040087499655783176,0.0,0.18209213411654696,True,True,True,False
4804ea11e0f979956baa,multiplicity,multiplicity,3709,2453077062,16,5000,0.0,0.05,rbf,median,anytime,bonferroni,3,10,False,UNRESOLVED,5000,True,False,False,0.0003998340107500553,0.0,0.18209213411654696,True,True,True,False
b102cc79ad0a5dc33517,multiplicity,multiplicity,3710,3295574734,16,5000,0.0,0.05,rbf,median,anytime,bonferroni,3,10,False,UNRESOLVED,5000,True,False,False,0.00040004204493016005,0.0,0.18209213411654696,True,True,True,False
2de09143966c798e4611,multiplicity,multiplicity,3711,2008381497,16,5000,0.0,0.05,rbf,median,anytime,bonferroni,3,10,False,UNRESOLVED,5000,True,False,False,0.00040883402107283473,0.0,0.18209213411654696,True,True,True,False
926746c52aa441d85c6c,multiplicity,multiplicity,3712,4060263784,16,5000,0.0,0.05,rbf,median,anytime,bonferroni,3,10,False,UNRESOLVED,5000,True,False,False,0.00040087499655783176,0.0,0.18209213411654696,True,True,True,False
4bbc7e4b0c38643051ce,multiplicity,multiplicity,3713,512854373,16,5000,0.0,0.05,rbf,median,anytime,bonferroni,3,10,False,UNRESOLVED,5000,True,False,False,0.00040204200195148587,0.0,0.18209213411654696,True,True,True,False
96a7226e43930ac5927d,multiplicity,multiplicity,3714,1238975772,16,5000,0.0,0.05,rbf,median,anytime,bonferroni,3,10,False,UNRESOLVED,5000,True,False,False,0.0003999160253442824,0.0,0.18209213411654696,True,True,True,False
f5286e6d52339e4dd409,multiplicity,multiplicity,3715,3422009407,16,5000,0.0,0.05,rbf,median,anytime,bonferroni,3,10,False,UNRESOLVED,5000,True,False,False,0.0003990840050391853,0.0,0.18209213411654696,True,True,True,False
5944c960065876f1bfd5,multiplicity,multiplicity,3716,1106691069,16,5000,0.0,0.05,rbf,median,anytime,bonferroni,3,10,False,UNRESOLVED,5000,True,False,False,0.0003988330136053264,0.0,0.18209213411654696,True,True,True,False
a2cff915994c5d2b533f,multiplicity,multiplicity,3717,1359627823,16,5000,0.0,0.05,rbf,median,anytime,bonferroni,3,10,False,UNRESOLVED,5000,True,False,False,0.00040066702058538795,0.0,0.18209213411654696,True,True,True,False
046bc38c075f2cc3f05f,multiplicity,multiplicity,3718,1485866731,16,5000,0.0,0.05,rbf,median,anytime,bonferroni,3,10,False,UNRESOLVED,5000,True,False,False,0.00039741600630804896,0.0,0.18209213411654696,True,True,True,False
db3e3ce71c5e32d98bc7,multiplicity,multiplicity,3719,2567660594,16,5000,0.0,0.05,rbf,median,anytime,bonferroni,3,10,False,UNRESOLVED,5000,True,False,False,0.00040312501369044185,0.0,0.18209213411654696,True,True,True,False
0a08d400791c3f1e9e99,multiplicity,multiplicity,3720,2432909203,16,5000,0.0,0.05,rbf,median,anytime,bonferroni,3,10,False,UNRESOLVED,5000,True,False,False,0.00040008395444601774,0.0,0.18209213411654696,True,True,True,False
5619e77567d34870b28d,multiplicity,multiplicity,3721,3209836957,16,5000,0.0,0.05,rbf,median,anytime,bonferroni,3,10,False,UNRESOLVED,5000,True,False,False,0.0003982909838669002,0.0,0.18209213411654696,True,True,True,False
fe712ef1b28b9be33da2,multiplicity,multiplicity,3722,3897319586,16,5000,0.0,0.05,rbf,median,anytime,bonferroni,3,10,False,UNRESOLVED,5000,True,False,False,0.0003606670070439577,0.0,0.18209213411654696,True,True,True,False
e570b4ddf8534fd84b1b,multiplicity,multiplicity,3723,3278877833,16,5000,0.0,0.05,rbf,median,anytime,bonferroni,3,10,False,UNRESOLVED,5000,True,False,False,0.00034383300226181746,0.0,0.18209213411654696,True,True,True,False
a5cc32384cf4cda2487b,multiplicity,multiplicity,3724,2734956545,16,5000,0.0,0.05,rbf,median,anytime,bonferroni,3,10,False,UNRESOLVED,5000,True,False,False,0.0003450840013101697,0.0,0.18209213411654696,True,True,True,False
a0c4c298b1fbfcf8bb5d,multiplicity,multiplicity,3725,1004301362,16,5000,0.0,0.05,rbf,median,anytime,bonferroni,3,10,False,UNRESOLVED,5000,True,False,False,0.0003457919810898602,0.0,0.18209213411654696,True,True,True,False
53cf70da55abdb5fc9e8,multiplicity,multiplicity,3726,3671788668,16,5000,0.0,0.05,rbf,median,anytime,bonferroni,3,10,False,UNRESOLVED,5000,True,False,False,0.0003442909801378846,0.0,0.18209213411654696,True,True,True,False
5a801752d18df19fda19,multiplicity,multiplicity,3727,2294279777,16,5000,0.0,0.05,rbf,median,anytime,bonferroni,3,10,False,UNRESOLVED,5000,True,False,False,0.0003434999962337315,0.0,0.18209213411654696,True,True,True,False
5825d2eca6e8e12c381f,multiplicity,multiplicity,3728,2479170210,16,5000,0.0,0.05,rbf,median,anytime,bonferroni,3,10,False,UNRESOLVED,5000,True,False,False,0.0003449590294621885,0.0,0.18209213411654696,True,True,True,False
755fc829132cc22d08eb,multiplicity,multiplicity,3729,1113563463,16,5000,0.0,0.05,rbf,median,anytime,bonferroni,3,10,False,UNRESOLVED,5000,True,False,False,0.0003457499551586807,0.0,0.18209213411654696,True,True,True,False
083216918173b61474c2,multiplicity,multiplicity,3730,139191596,16,5000,0.0,0.05,rbf,median,anytime,bonferroni,3,10,False,UNRESOLVED,5000,True,False,False,0.0003440000000409782,0.0,0.18209213411654696,True,True,True,False
37605207042d73baa8f4,multiplicity,multiplicity,3731,1465176089,16,5000,0.0,0.05,rbf,median,anytime,bonferroni,3,10,False,UNRESOLVED,5000,True,False,False,0.0003452080418355763,0.0,0.18209213411654696,True,True,True,False
c3dce221f232b6860776,multiplicity,multiplicity,3732,2902076029,16,5000,0.0,0.05,rbf,median,anytime,bonferroni,3,10,False,UNRESOLVED,5000,True,False,False,0.00034500000765547156,0.0,0.18209213411654696,True,True,True,False
1abec08dbd8261ece8ea,multiplicity,multiplicity,3733,36408205,16,5000,0.0,0.05,rbf,median,anytime,bonferroni,3,10,False,UNRESOLVED,5000,True,False,False,0.00034608400892466307,0.0,0.18209213411654696,True,True,True,False
e129e6f853ede120d654,multiplicity,multiplicity,3734,1697955482,16,5000,0.0,0.05,rbf,median,anytime,bonferroni,3,10,False,UNRESOLVED,5000,True,False,False,0.0003453749814070761,0.0,0.18209213411654696,True,True,True,False
03a0b456bb60e5d7a455,multiplicity,multiplicity,3735,2819218983,16,5000,0.0,0.05,rbf,median,anytime,bonferroni,3,10,False,UNRESOLVED,5000,True,False,False,0.00034562498331069946,0.0,0.18209213411654696,True,True,True,False
8855b6a52ffbdc806a30,multiplicity,multiplicity,3736,2733504716,16,5000,0.0,0.05,rbf,median,anytime,bonferroni,3,10,False,UNRESOLVED,5000,True,False,False,0.00034591701114550233,0.0,0.18209213411654696,True,True,True,False
8a27cb2e538ae6dff907,multiplicity,multiplicity,3737,2185745690,16,5000,0.0,0.05,rbf,median,anytime,bonferroni,3,10,False,UNRESOLVED,5000,True,False,False,0.000345249951351434,0.0,0.18209213411654696,True,True,True,False
0b1325615c0ff86d46ce,multiplicity,multiplicity,3738,1085389197,16,5000,0.0,0.05,rbf,median,anytime,bonferroni,3,10,False,UNRESOLVED,5000,True,False,False,0.0003456250415183604,0.0,0.18209213411654696,True,True,True,False
89068bb82bfcf35f524c,multiplicity,multiplicity,3739,510575845,16,5000,0.0,0.05,rbf,median,anytime,bonferroni,3,10,False,UNRESOLVED,5000,True,False,False,0.00034479197347536683,0.0,0.18209213411654696,True,True,True,False
d8414e6556ed37842e2c,multiplicity,multiplicity,3740,1813464732,16,5000,0.0,0.05,rbf,median,anytime,bonferroni,3,10,False,UNRESOLVED,5000,True,False,False,0.0003448330098763108,0.0,0.18209213411654696,True,True,True,False
56b3a5a9b89d7ede960c,multiplicity,multiplicity,3741,1042650100,16,5000,0.0,0.05,rbf,median,anytime,bonferroni,3,10,False,UNRESOLVED,5000,True,False,False,0.00034416699782013893,0.0,0.18209213411654696,True,True,True,False
158a37064a5573000629,multiplicity,multiplicity,3742,3993036196,16,5000,0.0,0.05,rbf,median,anytime,bonferroni,3,10,False,UNRESOLVED,5000,True,False,False,0.00034554098965600133,0.0,0.18209213411654696,True,True,True,False
973ad523630643024a7f,multiplicity,multiplicity,3743,2343490157,16,5000,0.0,0.05,rbf,median,anytime,bonferroni,3,10,False,UNRESOLVED,5000,True,False,False,0.0003437920240685344,0.0,0.18209213411654696,True,True,True,False
34ce10d95ad282d4fc33,multiplicity,multiplicity,3744,253187121,16,5000,0.0,0.05,rbf,median,anytime,bonferroni,3,10,False,UNRESOLVED,5000,True,False,False,0.0003447910421527922,0.0,0.18209213411654696,True,True,True,False
87ce0d308de301b80447,multiplicity,multiplicity,3745,3071615355,16,5000,0.0,0.05,rbf,median,anytime,bonferroni,3,10,False,UNRESOLVED,5000,True,False,False,0.0003445830079726875,0.0,0.18209213411654696,True,True,True,False
4cc1eb9751bed0dbbc6b,multiplicity,multiplicity,3746,4165762533,16,5000,0.0,0.05,rbf,median,anytime,bonferroni,3,10,False,UNRESOLVED,5000,True,False,False,0.0003416250110603869,0.0,0.18209213411654696,True,True,True,False
46679be6686831799a94,multiplicity,multiplicity,3747,3750068750,16,5000,0.0,0.05,rbf,median,anytime,bonferroni,3,10,False,UNRESOLVED,5000,True,False,False,0.00034716702066361904,0.0,0.18209213411654696,True,True,True,False
a60df8fa6641ff01a9e3,multiplicity,multiplicity,3748,4160693814,16,5000,0.0,0.05,rbf,median,anytime,bonferroni,3,10,False,UNRESOLVED,5000,True,False,False,0.00034312502248212695,0.0,0.18209213411654696,True,True,True,False
cb9cc66db8a3f00109c6,multiplicity,multiplicity,3749,89631797,16,5000,0.0,0.05,rbf,median,anytime,bonferroni,3,10,False,UNRESOLVED,5000,True,False,False,0.0003465000190772116,0.0,0.18209213411654696,True,True,True,False
0c8775b3a0a384b3755f,multiplicity,multiplicity,3750,4259394755,16,5000,0.0,0.05,rbf,median,anytime,bonferroni,3,10,False,UNRESOLVED,5000,True,False,False,0.0003434580285102129,0.0,0.18209213411654696,True,True,True,False
2b2152450e1c21850e82,multiplicity,multiplicity,3751,1513190333,16,5000,0.0,0.05,rbf,median,anytime,bonferroni,3,10,False,UNRESOLVED,5000,True,False,False,0.0003429999924264848,0.0,0.18209213411654696,True,True,True,False
0b80df05672ba9cb20cf,multiplicity,multiplicity,3752,3508667643,16,5000,0.0,0.05,rbf,median,anytime,bonferroni,3,10,False,UNRESOLVED,5000,True,False,False,0.00034437503200024366,0.0,0.18209213411654696,True,True,True,False
dc37119caa9710b58d80,multiplicity,multiplicity,3753,3397437406,16,5000,0.0,0.05,rbf,median,anytime,bonferroni,3,10,False,UNRESOLVED,5000,True,False,False,0.0003444169997237623,0.0,0.18209213411654696,True,True,True,False
f953c80e48a2ce8fa444,multiplicity,multiplicity,3754,825026006,16,5000,0.0,0.05,rbf,median,anytime,bonferroni,3,10,False,UNRESOLVED,5000,True,False,False,0.0003446670016273856,0.0,0.18209213411654696,True,True,True,False
1c192b1ab72223f11f68,multiplicity,multiplicity,3755,1340482733,16,5000,0.0,0.05,rbf,median,anytime,bonferroni,3,10,False,UNRESOLVED,5000,True,False,False,0.00038470799336209893,0.0,0.18209213411654696,True,True,True,False
d2038c20c429c6f32fcd,multiplicity,multiplicity,3756,57674309,16,5000,0.0,0.05,rbf,median,anytime,bonferroni,3,10,False,UNRESOLVED,5000,True,False,False,0.00039833399932831526,0.0,0.18209213411654696,True,True,True,False
f8c91b6f2841d1f87753,multiplicity,multiplicity,3757,564627866,16,5000,0.0,0.05,rbf,median,anytime,bonferroni,3,10,False,UNRESOLVED,5000,True,False,False,0.00039929203921929,0.0,0.18209213411654696,True,True,True,False
8eef8762a5160f8d73b2,multiplicity,multiplicity,3758,1296148032,16,5000,0.0,0.05,rbf,median,anytime,bonferroni,3,10,False,UNRESOLVED,5000,True,False,False,0.00040058401646092534,0.0,0.18209213411654696,True,True,True,False
f421e9125c7af6eeb7a2,multiplicity,multiplicity,3759,2694006342,16,5000,0.0,0.05,rbf,median,anytime,bonferroni,3,10,False,UNRESOLVED,5000,True,False,False,0.0003995409933850169,0.0,0.18209213411654696,True,True,True,False
b9a55580fa328be0943f,multiplicity,multiplicity,3760,2397985566,16,5000,0.0,0.05,rbf,median,anytime,bonferroni,3,10,False,UNRESOLVED,5000,True,False,False,0.0003993339487351477,0.0,0.18209213411654696,True,True,True,False
70f6da3ac6dd87c5009e,multiplicity,multiplicity,3761,1293736579,16,5000,0.0,0.05,rbf,median,anytime,bonferroni,3,10,False,UNRESOLVED,5000,True,False,False,0.00041254202369600534,0.0,0.18209213411654696,True,True,True,False
9fb8126684ecc0129b40,multiplicity,multiplicity,3762,4169039889,16,5000,0.0,0.05,rbf,median,anytime,bonferroni,3,10,False,UNRESOLVED,5000,True,False,False,0.0003986670053564012,0.0,0.18209213411654696,True,True,True,False
ed9792e6ffe5cc32c70b,multiplicity,multiplicity,3763,4287768645,16,5000,0.0,0.05,rbf,median,anytime,bonferroni,3,10,False,UNRESOLVED,5000,True,False,False,0.00039849994936957955,0.0,0.18209213411654696,True,True,True,False
60981dc5dc6b18e218f0,multiplicity,multiplicity,3764,3180308384,16,5000,0.0,0.05,rbf,median,anytime,bonferroni,3,10,False,UNRESOLVED,5000,True,False,False,0.0003995409933850169,0.0,0.18209213411654696,True,True,True,False
471f49dfd00119bc45d0,multiplicity,multiplicity,3765,181897927,16,5000,0.0,0.05,rbf,median,anytime,bonferroni,3,10,False,UNRESOLVED,5000,True,False,False,0.00039950001519173384,0.0,0.18209213411654696,True,True,True,False
cad35f3c5047ec2ad40a,multiplicity,multiplicity,3766,3890634942,16,5000,0.0,0.05,rbf,median,anytime,bonferroni,3,10,False,UNRESOLVED,5000,True,False,False,0.0003995409933850169,0.0,0.18209213411654696,True,True,True,False
65230b255feb1f58158b,multiplicity,multiplicity,3767,764109899,16,5000,0.0,0.05,rbf,median,anytime,bonferroni,3,10,False,UNRESOLVED,5000,True,False,False,0.0003993330174125731,0.0,0.18209213411654696,True,True,True,False
39470b176e8ab2005962,multiplicity,multiplicity,3768,2316123744,16,5000,0.0,0.05,rbf,median,anytime,bonferroni,3,10,False,UNRESOLVED,5000,True,False,False,0.0003981670015491545,0.0,0.18209213411654696,True,True,True,False
15e3da70600d93480b4b,multiplicity,multiplicity,3769,3387935376,16,5000,0.0,0.05,rbf,median,anytime,bonferroni,3,10,False,UNRESOLVED,5000,True,False,False,0.0003997090389020741,0.0,0.18209213411654696,True,True,True,False
d3177a1230464bb41d97,multiplicity,multiplicity,3770,2398815189,16,5000,0.0,0.05,rbf,median,anytime,bonferroni,3,10,False,UNRESOLVED,5000,True,False,False,0.00039941701106727123,0.0,0.18209213411654696,True,True,True,False
235003852cc94c37f4f8,multiplicity,multiplicity,3771,2114343197,16,5000,0.0,0.05,rbf,median,anytime,bonferroni,3,10,False,UNRESOLVED,5000,True,False,False,0.00039950001519173384,0.0,0.18209213411654696,True,True,True,False
9ad76124a3f179449666,multiplicity,multiplicity,3772,2814527510,16,5000,0.0,0.05,rbf,median,anytime,bonferroni,3,10,False,UNRESOLVED,5000,True,False,False,0.00040141603676602244,0.0,0.18209213411654696,True,True,True,False
66fd24450c589d978146,multiplicity,multiplicity,3773,1366474515,16,5000,0.0,0.05,rbf,median,anytime,bonferroni,3,10,False,UNRESOLVED,5000,True,False,False,0.00039958301931619644,0.0,0.18209213411654696,True,True,True,False
a52edd24101b7febd693,multiplicity,multiplicity,3774,1100845097,16,5000,0.0,0.05,rbf,median,anytime,bonferroni,3,10,False,UNRESOLVED,5000,True,False,False,0.00040070898830890656,0.0,0.18209213411654696,True,True,True,False
5839a137d89eb9166928,multiplicity,multiplicity,3775,1445955304,16,5000,0.0,0.05,rbf,median,anytime,bonferroni,3,10,False,UNRESOLVED,5000,True,False,False,0.0004001659690402448,0.0,0.18209213411654696,True,True,True,False
7a088edc59cfe9c16feb,multiplicity,multiplicity,3776,3171417876,16,5000,0.0,0.05,rbf,median,anytime,bonferroni,3,10,False,UNRESOLVED,5000,True,False,False,0.0003998749889433384,0.0,0.18209213411654696,True,True,True,False
9f4b94914e72715038a7,multiplicity,multiplicity,3777,3913237589,16,5000,0.0,0.05,rbf,median,anytime,bonferroni,3,10,False,UNRESOLVED,5000,True,False,False,0.00040087499655783176,0.0,0.18209213411654696,True,True,True,False
85408b20e0a06f093a74,multiplicity,multiplicity,3778,2208680761,16,5000,0.0,0.05,rbf,median,anytime,bonferroni,3,10,False,UNRESOLVED,5000,True,False,False,0.00039912498323246837,0.0,0.18209213411654696,True,True,True,False
1b00d9552c68c259126e,multiplicity,multiplicity,3779,2207697013,16,5000,0.0,0.05,rbf,median,anytime,bonferroni,3,10,False,UNRESOLVED,5000,True,False,False,0.00039895903319120407,0.0,0.18209213411654696,True,True,True,False
6e3abbbc539cac8e49f8,multiplicity,multiplicity,3780,4154097935,16,5000,0.0,0.05,rbf,median,anytime,bonferroni,3,10,False,UNRESOLVED,5000,True,False,False,0.0004000830231234431,0.0,0.18209213411654696,True,True,True,False
4fa6db30dfbd36b46f2a,multiplicity,multiplicity,3781,3467735685,16,5000,0.0,0.05,rbf,median,anytime,bonferroni,3,10,False,UNRESOLVED,5000,True,False,False,0.00039966695476323366,0.0,0.18209213411654696,True,True,True,False
e2861183369cbeca7b18,multiplicity,multiplicity,3782,2627432389,16,5000,0.0,0.05,rbf,median,anytime,bonferroni,3,10,False,UNRESOLVED,5000,True,False,False,0.0004004590446129441,0.0,0.18209213411654696,True,True,True,False
9daf5a274cca1e8b11a5,multiplicity,multiplicity,3783,2582873911,16,5000,0.0,0.05,rbf,median,anytime,bonferroni,3,10,False,UNRESOLVED,5000,True,False,False,0.0003845830215141177,0.0,0.18209213411654696,True,True,True,False
b0c8daccaa268ca8bf4e,multiplicity,multiplicity,3784,125795738,16,5000,0.0,0.05,rbf,median,anytime,bonferroni,3,10,False,UNRESOLVED,5000,True,False,False,0.0003457919810898602,0.0,0.18209213411654696,True,True,True,False
3c4dc6a82f1a235af327,multiplicity,multiplicity,3785,282871217,16,5000,0.0,0.05,rbf,median,anytime,bonferroni,3,10,False,UNRESOLVED,5000,True,False,False,0.0003440000000409782,0.0,0.18209213411654696,True,True,True,False
fd03843d02e5befbb7cb,multiplicity,multiplicity,3786,291367984,16,5000,0.0,0.05,rbf,median,anytime,bonferroni,3,10,False,UNRESOLVED,5000,True,False,False,0.00034425000194460154,0.0,0.18209213411654696,True,True,True,False
7ab7d553d5e690679594,multiplicity,multiplicity,3787,2123686408,16,5000,0.0,0.05,rbf,median,anytime,bonferroni,3,10,False,UNRESOLVED,5000,True,False,False,0.00034429202787578106,0.0,0.18209213411654696,True,True,True,False
755cfa4e255d19a0e34b,multiplicity,multiplicity,3788,1920933693,16,5000,0.0,0.05,rbf,median,anytime,bonferroni,3,10,False,UNRESOLVED,5000,True,False,False,0.0003435830003581941,0.0,0.18209213411654696,True,True,True,False
3d67474b963d762eb66e,multiplicity,multiplicity,3789,3396990925,16,5000,0.0,0.05,rbf,median,anytime,bonferroni,3,10,False,UNRESOLVED,5000,True,False,False,0.0003447500057518482,0.0,0.18209213411654696,True,True,True,False
8ac4576fcac703f2e617,multiplicity,multiplicity,3790,468388373,16,5000,0.0,0.05,rbf,median,anytime,bonferroni,3,10,False,UNRESOLVED,5000,True,False,False,0.00034354202216491103,0.0,0.18209213411654696,True,True,True,False
5ef19b9145faee3483bf,multiplicity,multiplicity,3791,1767660813,16,5000,0.0,0.05,rbf,median,anytime,bonferroni,3,10,False,UNRESOLVED,5000,True,False,False,0.00034374999813735485,0.0,0.18209213411654696,True,True,True,False
2873e8591517b6882ef2,multiplicity,multiplicity,3792,1651510200,16,5000,0.0,0.05,rbf,median,anytime,bonferroni,3,10,False,UNRESOLVED,5000,True,False,False,0.0003429999924264848,0.0,0.18209213411654696,True,True,True,False
55050fe89a939faae8b3,multiplicity,multiplicity,3793,2306815629,16,5000,0.0,0.05,rbf,median,anytime,bonferroni,3,10,False,UNRESOLVED,5000,True,False,False,0.0003434160025790334,0.0,0.18209213411654696,True,True,True,False
462fb43e5276ced3f17d,multiplicity,multiplicity,3794,2254202421,16,5000,0.0,0.05,rbf,median,anytime,bonferroni,3,10,False,UNRESOLVED,5000,True,False,False,0.0003448330098763108,0.0,0.18209213411654696,True,True,True,False
a6585fa67cfb8c921c01,multiplicity,multiplicity,3795,2581356204,16,5000,0.0,0.05,rbf,median,anytime,bonferroni,3,10,False,UNRESOLVED,5000,True,False,False,0.00034379196586087346,0.0,0.18209213411654696,True,True,True,False
5f00cf765113832718a6,multiplicity,multiplicity,3796,942075458,16,5000,0.0,0.05,rbf,median,anytime,bonferroni,3,10,False,UNRESOLVED,5000,True,False,False,0.00034962495556101203,0.0,0.18209213411654696,True,True,True,False
a4829181de9209c67d34,multiplicity,multiplicity,3797,2250659377,16,5000,0.0,0.05,rbf,median,anytime,bonferroni,3,10,False,UNRESOLVED,5000,True,False,False,0.0003446660120971501,0.0,0.18209213411654696,True,True,True,False
7d1c2113c454fd6c9094,multiplicity,multiplicity,3798,3745309425,16,5000,0.0,0.05,rbf,median,anytime,bonferroni,3,10,False,UNRESOLVED,5000,True,False,False,0.000347458990290761,0.0,0.18209213411654696,True,True,True,False
9f1133dc5a41655e77d5,multiplicity,multiplicity,3799,360394322,16,5000,0.0,0.05,rbf,median,anytime,bonferroni,3,10,False,UNRESOLVED,5000,True,False,False,0.00034416699782013893,0.0,0.18209213411654696,True,True,True,False
cf2e4ee86352a9f98ee1,multiplicity,multiplicity,3800,2998300793,16,5000,0.0,0.05,rbf,median,anytime,bonferroni,3,10,False,UNRESOLVED,5000,True,False,False,0.00034479197347536683,0.0,0.18209213411654696,True,True,True,False
64535b7c357b2e20e543,multiplicity,multiplicity,3801,3355598194,16,5000,0.0,0.05,rbf,median,anytime,bonferroni,3,10,False,UNRESOLVED,5000,True,False,False,0.00034541700733825564,0.0,0.18209213411654696,True,True,True,False
6ff18be203e977755759,multiplicity,multiplicity,3802,3367341407,16,5000,0.0,0.05,rbf,median,anytime,bonferroni,3,10,False,UNRESOLVED,5000,True,False,False,0.00034312502248212695,0.0,0.18209213411654696,True,True,True,False
5f51489d28fcf791752f,multiplicity,multiplicity,3803,2805725435,16,5000,0.0,0.05,rbf,median,anytime,bonferroni,3,10,False,UNRESOLVED,5000,True,False,False,0.0003453749814070761,0.0,0.18209213411654696,True,True,True,False
4eb0181455a29764af2e,multiplicity,multiplicity,3804,402719539,16,5000,0.0,0.05,rbf,median,anytime,bonferroni,3,10,False,UNRESOLVED,5000,True,False,False,0.00034445797791704535,0.0,0.18209213411654696,True,True,True,False
2390605246139a4b9b6e,multiplicity,multiplicity,3805,3282984528,16,5000,0.0,0.05,rbf,median,anytime,bonferroni,3,10,False,UNRESOLVED,5000,True,False,False,0.0003445000038482249,0.0,0.18209213411654696,True,True,True,False
e150c830941471a67792,multiplicity,multiplicity,3806,1313886053,16,5000,0.0,0.05,rbf,median,anytime,bonferroni,3,10,False,UNRESOLVED,5000,True,False,False,0.00034487497759982944,0.0,0.18209213411654696,True,True,True,False
837a2941bc153c6a59af,multiplicity,multiplicity,3807,3432929476,16,5000,0.0,0.05,rbf,median,anytime,bonferroni,3,10,False,UNRESOLVED,5000,True,False,False,0.00034270802279934287,0.0,0.18209213411654696,True,True,True,False
dcdc3b9b0fa884e9a25c,multiplicity,multiplicity,3808,3052825262,16,5000,0.0,0.05,rbf,median,anytime,bonferroni,3,10,False,UNRESOLVED,5000,True,False,False,0.000344207976013422,0.0,0.18209213411654696,True,True,True,False
8ff06734b51cdafcad00,multiplicity,multiplicity,3809,1565708964,16,5000,0.0,0.05,rbf,median,anytime,bonferroni,3,10,False,UNRESOLVED,5000,True,False,False,0.0003435409744270146,0.0,0.18209213411654696,True,True,True,False
f8103e2911e2ffb377d5,multiplicity,multiplicity,3810,3958741102,16,5000,0.0,0.05,rbf,median,anytime,bonferroni,3,10,False,UNRESOLVED,5000,True,False,False,0.0003452500095590949,0.0,0.18209213411654696,True,True,True,False
f5a0844ea9f9a88cfd52,multiplicity,multiplicity,3811,2169533105,16,5000,0.0,0.05,rbf,median,anytime,bonferroni,3,10,False,UNRESOLVED,5000,True,False,False,0.00034374999813735485,0.0,0.18209213411654696,True,True,True,False
7c7d06acc3dc4182ae2e,multiplicity,multiplicity,3812,3632095336,16,5000,0.0,0.05,rbf,median,anytime,bonferroni,3,10,False,UNRESOLVED,5000,True,False,False,0.000344625033903867,0.0,0.18209213411654696,True,True,True,False
0895115d0ac797a5b5e1,multiplicity,multiplicity,3813,170563423,16,5000,0.0,0.05,rbf,median,anytime,bonferroni,3,10,False,UNRESOLVED,5000,True,False,False,0.0003464999608695507,0.0,0.18209213411654696,True,True,True,False
e19c350a631b2f07e610,multiplicity,multiplicity,3814,1188171805,16,5000,0.0,0.05,rbf,median,anytime,bonferroni,3,10,False,UNRESOLVED,5000,True,False,False,0.0003457089769653976,0.0,0.18209213411654696,True,True,True,False
440ef365757c4d1e04a4,multiplicity,multiplicity,3815,1632378089,16,5000,0.0,0.05,rbf,median,anytime,bonferroni,3,10,False,UNRESOLVED,5000,True,False,False,0.00034550001146271825,0.0,0.18209213411654696,True,True,True,False
b8893f0fe4df21ac9d4d,multiplicity,multiplicity,3816,3374346265,16,5000,0.0,0.05,rbf,median,anytime,bonferroni,3,10,False,UNRESOLVED,5000,True,False,False,0.00036616699071601033,0.0,0.18209213411654696,True,True,True,False
2923c80546d426b6ffa3,multiplicity,multiplicity,3817,745185219,16,5000,0.0,0.05,rbf,median,anytime,bonferroni,3,10,False,UNRESOLVED,5000,True,False,False,0.0003997500170953572,0.0,0.18209213411654696,True,True,True,False
867b2be70020d136b805,multiplicity,multiplicity,3818,584307056,16,5000,0.0,0.05,rbf,median,anytime,bonferroni,3,10,False,UNRESOLVED,5000,True,False,False,0.00039929203921929,0.0,0.18209213411654696,True,True,True,False
ce03e5f553e522873327,multiplicity,multiplicity,3819,3865227229,16,5000,0.0,0.05,rbf,median,anytime,bonferroni,3,10,False,UNRESOLVED,5000,True,False,False,0.0004000000189989805,0.0,0.18209213411654696,True,True,True,False
cd9d3fee25bd396e8c93,multiplicity,multiplicity,3820,3510565655,16,5000,0.0,0.05,rbf,median,anytime,bonferroni,3,10,False,UNRESOLVED,5000,True,False,False,0.00039979099528864026,0.0,0.18209213411654696,True,True,True,False
268a0a356c213f5f3e95,multiplicity,multiplicity,3821,873472899,16,5000,0.0,0.05,rbf,median,anytime,bonferroni,3,10,False,UNRESOLVED,5000,True,False,False,0.0003994579892605543,0.0,0.18209213411654696,True,True,True,False
17cacafe62ee5782d1a6,multiplicity,multiplicity,3822,531018356,16,5000,0.0,0.05,rbf,median,anytime,bonferroni,3,10,False,UNRESOLVED,5000,True,False,False,0.00040016695857048035,0.0,0.18209213411654696,True,True,True,False
536f1a61c80579f149c8,multiplicity,multiplicity,3823,755408429,16,5000,0.0,0.05,rbf,median,anytime,bonferroni,3,10,False,UNRESOLVED,5000,True,False,False,0.00039879203541204333,0.0,0.18209213411654696,True,True,True,False
14419069809fbc31f008,multiplicity,multiplicity,3824,3864595387,16,5000,0.0,0.05,rbf,median,anytime,bonferroni,3,10,False,UNRESOLVED,5000,True,False,False,0.0004009170224890113,0.0,0.18209213411654696,True,True,True,False
af226dd2478fccbe3d04,multiplicity,multiplicity,3825,1196021451,16,5000,0.0,0.05,rbf,median,anytime,bonferroni,3,10,False,UNRESOLVED,5000,True,False,False,0.00040004198672249913,0.0,0.18209213411654696,True,True,True,False
04f027a5df1d0b981a15,multiplicity,multiplicity,3826,16114752,16,5000,0.0,0.05,rbf,median,anytime,bonferroni,3,10,False,UNRESOLVED,5000,True,False,False,0.00039854203350842,0.0,0.18209213411654696,True,True,True,False
f3b3f9fa8d7dea7502ee,multiplicity,multiplicity,3827,102686133,16,5000,0.0,0.05,rbf,median,anytime,bonferroni,3,10,False,UNRESOLVED,5000,True,False,False,0.00039941701106727123,0.0,0.18209213411654696,True,True,True,False
18f713426b5014fdfc37,multiplicity,multiplicity,3828,2716492570,16,5000,0.0,0.05,rbf,median,anytime,bonferroni,3,10,False,UNRESOLVED,5000,True,False,False,0.0003985419753007591,0.0,0.18209213411654696,True,True,True,False
44ee26879d671e70ba24,multiplicity,multiplicity,3829,2284876410,16,5000,0.0,0.05,rbf,median,anytime,bonferroni,3,10,False,UNRESOLVED,5000,True,False,False,0.00039891700726002455,0.0,0.18209213411654696,True,True,True,False
53a13ceeae81f64ff98c,multiplicity,multiplicity,3830,783615327,16,5000,0.0,0.05,rbf,median,anytime,bonferroni,3,10,False,UNRESOLVED,5000,True,False,False,0.0003984590293839574,0.0,0.18209213411654696,True,True,True,False
23b44e667febb1f888a6,multiplicity,multiplicity,3831,4234478112,16,5000,0.0,0.05,rbf,median,anytime,bonferroni,3,10,False,UNRESOLVED,5000,True,False,False,0.0004000409971922636,0.0,0.18209213411654696,True,True,True,False
6e9bb03ebc09508f67c4,multiplicity,multiplicity,3832,1187008924,16,5000,0.0,0.05,rbf,median,anytime,bonferroni,3,10,False,UNRESOLVED,5000,True,False,False,0.0004005830269306898,0.0,0.18209213411654696,True,True,True,False
eb74a9787d2c5b7f47eb,multiplicity,multiplicity,3833,1887182198,16,5000,0.0,0.05,rbf,median,anytime,bonferroni,3,10,False,UNRESOLVED,5000,True,False,False,0.0003986250376328826,0.0,0.18209213411654696,True,True,True,False
4763caf0827085963e5d,multiplicity,multiplicity,3834,192320494,16,5000,0.0,0.05,rbf,median,anytime,bonferroni,3,10,False,UNRESOLVED,5000,True,False,False,0.0004002919886261225,0.0,0.18209213411654696,True,True,True,False
1eea3680456ffc9340a2,multiplicity,multiplicity,3835,2977331313,16,5000,0.0,0.05,rbf,median,anytime,bonferroni,3,10,False,UNRESOLVED,5000,True,False,False,0.0003997500170953572,0.0,0.18209213411654696,True,True,True,False
31a4cec3937a5e1070f3,multiplicity,multiplicity,3836,739682840,16,5000,0.0,0.05,rbf,median,anytime,bonferroni,3,10,False,UNRESOLVED,5000,True,False,False,0.000399166950955987,0.0,0.18209213411654696,True,True,True,False
8ce85330ac7fce0e2d52,multiplicity,multiplicity,3837,2341452718,16,5000,0.0,0.05,rbf,median,anytime,bonferroni,3,10,False,UNRESOLVED,5000,True,False,False,0.0003993750433437526,0.0,0.18209213411654696,True,True,True,False
0805ff3b1455d4a66320,multiplicity,multiplicity,3838,671509317,16,5000,0.0,0.05,rbf,median,anytime,bonferroni,3,10,False,UNRESOLVED,5000,True,False,False,0.0006252079620026052,0.0,0.18209213411654696,True,True,True,False
e758e9a58c01d5bd37a6,multiplicity,multiplicity,3839,988446062,16,5000,0.0,0.05,rbf,median,anytime,bonferroni,3,10,False,UNRESOLVED,5000,True,False,False,0.0005057500093244016,0.0,0.18209213411654696,True,True,True,False
a664749479dc7c4e9522,multiplicity,multiplicity,3840,249272101,16,5000,0.0,0.05,rbf,median,anytime,bonferroni,3,10,False,UNRESOLVED,5000,True,False,False,0.00048754195449873805,0.0,0.18209213411654696,True,True,True,False
5421d5daa61bf283156d,multiplicity,multiplicity,3841,2292132254,16,5000,0.0,0.05,rbf,median,anytime,bonferroni,3,10,False,UNRESOLVED,5000,True,False,False,0.0004901249776594341,0.0,0.18209213411654696,True,True,True,False
03e2e13eefeeba78b99e,multiplicity,multiplicity,3842,2709673778,16,5000,0.0,0.05,rbf,median,anytime,bonferroni,3,10,False,UNRESOLVED,5000,True,False,False,0.00048399996012449265,0.0,0.18209213411654696,True,True,True,False
27a800eb1cf9df2258c0,multiplicity,multiplicity,3843,2462830097,16,5000,0.0,0.05,rbf,median,anytime,bonferroni,3,10,False,UNRESOLVED,5000,True,False,False,0.00048341701040044427,0.0,0.18209213411654696,True,True,True,False
6789fccd83e38b3c5ea4,multiplicity,multiplicity,3844,2651272816,16,5000,0.0,0.05,rbf,median,anytime,bonferroni,3,10,False,UNRESOLVED,5000,True,False,False,0.0004952500457875431,0.0,0.18209213411654696,True,True,True,False
a69ac296cb188078731c,multiplicity,multiplicity,3845,393259957,16,5000,0.0,0.05,rbf,median,anytime,bonferroni,3,10,False,UNRESOLVED,5000,True,False,False,0.0005199580336920917,0.0,0.18209213411654696,True,True,True,False
a5f1e0edf633f0617523,multiplicity,multiplicity,3846,1142374472,16,5000,0.0,0.05,rbf,median,anytime,bonferroni,3,10,False,UNRESOLVED,5000,True,False,False,0.0005496250232681632,0.0,0.18209213411654696,True,True,True,False
9a2c07f86224d245270e,multiplicity,multiplicity,3847,2195266455,16,5000,0.0,0.05,rbf,median,anytime,bonferroni,3,10,False,UNRESOLVED,5000,True,False,False,0.0005255829892121255,0.0,0.18209213411654696,True,True,True,False
1f9fef465978a2f1f3b2,multiplicity,multiplicity,3848,914029500,16,5000,0.0,0.05,rbf,median,anytime,bonferroni,3,10,False,UNRESOLVED,5000,True,False,False,0.00048225000500679016,0.0,0.18209213411654696,True,True,True,False
225ed2ac9dc9cd17bbb8,multiplicity,multiplicity,3849,2094513500,16,5000,0.0,0.05,rbf,median,anytime,bonferroni,3,10,False,UNRESOLVED,5000,True,False,False,0.0004879580228589475,0.0,0.18209213411654696,True,True,True,False
9e27e871ea9371bde1d1,multiplicity,multiplicity,3850,328480818,16,5000,0.0,0.05,rbf,median,anytime,bonferroni,3,10,False,UNRESOLVED,5000,True,False,False,0.0004824999487027526,0.0,0.18209213411654696,True,True,True,False
f7dfaa448040489a7f2d,multiplicity,multiplicity,3851,2267266465,16,5000,0.0,0.05,rbf,median,anytime,bonferroni,3,10,False,UNRESOLVED,5000,True,False,False,0.0004722920130006969,0.0,0.18209213411654696,True,True,True,False
df73de54e84daaf0ccfa,multiplicity,multiplicity,3852,1213093943,16,5000,0.0,0.05,rbf,median,anytime,bonferroni,3,10,False,UNRESOLVED,5000,True,False,False,0.0004717920091934502,0.0,0.18209213411654696,True,True,True,False
7a691b8ae070abcab3da,multiplicity,multiplicity,3853,853233361,16,5000,0.0,0.05,rbf,median,anytime,bonferroni,3,10,False,UNRESOLVED,5000,True,False,False,0.0004974170005880296,0.0,0.18209213411654696,True,True,True,False
7459005c35784bbbfa85,multiplicity,multiplicity,3854,73995404,16,5000,0.0,0.05,rbf,median,anytime,bonferroni,3,10,False,UNRESOLVED,5000,True,False,False,0.0004747920320369303,0.0,0.18209213411654696,True,True,True,False
46487e1bb1823204e017,multiplicity,multiplicity,3855,3167554422,16,5000,0.0,0.05,rbf,median,anytime,bonferroni,3,10,False,UNRESOLVED,5000,True,False,False,0.00047091604210436344,0.0,0.18209213411654696,True,True,True,False
97612fa533aad062b277,multiplicity,multiplicity,3856,3173482321,16,5000,0.0,0.05,rbf,median,anytime,bonferroni,3,10,False,UNRESOLVED,5000,True,False,False,0.0004895000020042062,0.0,0.18209213411654696,True,True,True,False
4b160e72542ca390bc68,multiplicity,multiplicity,3857,705985417,16,5000,0.0,0.05,rbf,median,anytime,bonferroni,3,10,False,UNRESOLVED,5000,True,False,False,0.0004230419872328639,0.0,0.18209213411654696,True,True,True,False
5a4b5b997bc53936201d,multiplicity,multiplicity,3858,3127006450,16,5000,0.0,0.05,rbf,median,anytime,bonferroni,3,10,False,UNRESOLVED,5000,True,False,False,0.0004069170099683106,0.0,0.18209213411654696,True,True,True,False
93bb6a09342d1403f2ed,multiplicity,multiplicity,3859,2949702543,16,5000,0.0,0.05,rbf,median,anytime,bonferroni,3,10,False,UNRESOLVED,5000,True,False,False,0.00040562497451901436,0.0,0.18209213411654696,True,True,True,False
e0f674e75bbd30626c37,multiplicity,multiplicity,3860,4258155289,16,5000,0.0,0.05,rbf,median,anytime,bonferroni,3,10,False,UNRESOLVED,5000,True,False,False,0.0004011669661849737,0.0,0.18209213411654696,True,True,True,False
d4ef89c2d2424849ac00,multiplicity,multiplicity,3861,2715710698,16,5000,0.0,0.05,rbf,median,anytime,bonferroni,3,10,False,UNRESOLVED,5000,True,False,False,0.00039958400884643197,0.0,0.18209213411654696,True,True,True,False
fe2e583a3126066cfada,multiplicity,multiplicity,3862,639868542,16,5000,0.0,0.05,rbf,median,anytime,bonferroni,3,10,False,UNRESOLVED,5000,True,False,False,0.00039833300979807973,0.0,0.18209213411654696,True,True,True,False
3041cfcaf4ce46d0e31e,multiplicity,multiplicity,3863,3773558199,16,5000,0.0,0.05,rbf,median,anytime,bonferroni,3,10,False,UNRESOLVED,5000,True,False,False,0.0004016670281998813,0.0,0.18209213411654696,True,True,True,False
dbf3ca9be7c9912978ee,multiplicity,multiplicity,3864,455046296,16,5000,0.0,0.05,rbf,median,anytime,bonferroni,3,10,False,UNRESOLVED,5000,True,False,False,0.0003969169920310378,0.0,0.18209213411654696,True,True,True,False
581d9ff6a6cbce243752,multiplicity,multiplicity,3865,3995951992,16,5000,0.0,0.05,rbf,median,anytime,bonferroni,3,10,False,UNRESOLVED,5000,True,False,False,0.00040079100290313363,0.0,0.18209213411654696,True,True,True,False
e6cbb0f0cb1c910157f7,multiplicity,multiplicity,3866,903317199,16,5000,0.0,0.05,rbf,median,anytime,bonferroni,3,10,False,UNRESOLVED,5000,True,False,False,0.00039533397648483515,0.0,0.18209213411654696,True,True,True,False
e942e02ee7eb8eb4b982,multiplicity,multiplicity,3867,18455510,16,5000,0.0,0.05,rbf,median,anytime,bonferroni,3,10,False,UNRESOLVED,5000,True,False,False,0.0004010829725302756,0.0,0.18209213411654696,True,True,True,False
d1b51a3df857ec58dfc2,multiplicity,multiplicity,3868,3447062307,16,5000,0.0,0.05,rbf,median,anytime,bonferroni,3,10,False,UNRESOLVED,5000,True,False,False,0.00039854203350842,0.0,0.18209213411654696,True,True,True,False
369d5b70a621c65f4921,multiplicity,multiplicity,3869,1939469062,16,5000,0.0,0.05,rbf,median,anytime,bonferroni,3,10,False,UNRESOLVED,5000,True,False,False,0.00039820896927267313,0.0,0.18209213411654696,True,True,True,False
37f652936453300210b3,multiplicity,multiplicity,3870,2069067690,16,5000,0.0,0.05,rbf,median,anytime,bonferroni,3,10,False,UNRESOLVED,5000,True,False,False,0.0003957500448450446,0.0,0.18209213411654696,True,True,True,False
8ca3d7fc8a17d679a641,multiplicity,multiplicity,3871,1124097083,16,5000,0.0,0.05,rbf,median,anytime,bonferroni,3,10,False,UNRESOLVED,5000,True,False,False,0.00040025002090260386,0.0,0.18209213411654696,True,True,True,False
a750fdba2462f66b61ac,multiplicity,multiplicity,3872,1721396474,16,5000,0.0,0.05,rbf,median,anytime,bonferroni,3,10,False,UNRESOLVED,5000,True,False,False,0.0003476670244708657,0.0,0.18209213411654696,True,True,True,False
b8e92e021cba0fd38aba,multiplicity,multiplicity,3873,3755586262,16,5000,0.0,0.05,rbf,median,anytime,bonferroni,3,10,False,UNRESOLVED,5000,True,False,False,0.0003398749977350235,0.0,0.18209213411654696,True,True,True,False
48c9040b8ed51d108775,multiplicity,multiplicity,3874,3052862551,16,5000,0.0,0.05,rbf,median,anytime,bonferroni,3,10,False,UNRESOLVED,5000,True,False,False,0.0003412909572944045,0.0,0.18209213411654696,True,True,True,False
b95ce160027822e3bef5,multiplicity,multiplicity,3875,3667289648,16,5000,0.0,0.05,rbf,median,anytime,bonferroni,3,10,False,UNRESOLVED,5000,True,False,False,0.000343457970302552,0.0,0.18209213411654696,True,True,True,False
7cd67360e246cd95620e,multiplicity,multiplicity,3876,354053061,16,5000,0.0,0.05,rbf,median,anytime,bonferroni,3,10,False,UNRESOLVED,5000,True,False,False,0.0003411250072531402,0.0,0.18209213411654696,True,True,True,False
1121cc8017dd5fadd727,multiplicity,multiplicity,3877,2176816871,16,5000,0.0,0.05,rbf,median,anytime,bonferroni,3,10,False,UNRESOLVED,5000,True,False,False,0.0003404580056667328,0.0,0.18209213411654696,True,True,True,False
d4eb71231a29c4b474b2,multiplicity,multiplicity,3878,761083435,16,5000,0.0,0.05,rbf,median,anytime,bonferroni,3,10,False,UNRESOLVED,5000,True,False,False,0.00034091598354279995,0.0,0.18209213411654696,True,True,True,False
9086335f71d1501be7ad,multiplicity,multiplicity,3879,968091998,16,5000,0.0,0.05,rbf,median,anytime,bonferroni,3,10,False,UNRESOLVED,5000,True,False,False,0.00034383294405415654,0.0,0.18209213411654696,True,True,True,False
278e2a6de3b4d7486823,multiplicity,multiplicity,3880,5205312,16,5000,0.0,0.05,rbf,median,anytime,bonferroni,3,10,False,UNRESOLVED,5000,True,False,False,0.0003423329908400774,0.0,0.18209213411654696,True,True,True,False
46186647b121a2eb4763,multiplicity,multiplicity,3881,1563381508,16,5000,0.0,0.05,rbf,median,anytime,bonferroni,3,10,False,UNRESOLVED,5000,True,False,False,0.00035212497459724545,0.0,0.18209213411654696,True,True,True,False
de413971badaef100f6e,multiplicity,multiplicity,3882,3420793538,16,5000,0.0,0.05,rbf,median,anytime,bonferroni,3,10,False,UNRESOLVED,5000,True,False,False,0.00034262501867488027,0.0,0.18209213411654696,True,True,True,False
0e29c9b6d71993f2d9d8,multiplicity,multiplicity,3883,278078957,16,5000,0.0,0.05,rbf,median,anytime,bonferroni,3,10,False,UNRESOLVED,5000,True,False,False,0.00034366699401289225,0.0,0.18209213411654696,True,True,True,False
2bcbf38cc880f15b8f14,multiplicity,multiplicity,3884,2056684696,16,5000,0.0,0.05,rbf,median,anytime,bonferroni,3,10,False,UNRESOLVED,5000,True,False,False,0.0003403750015422702,0.0,0.18209213411654696,True,True,True,False
21496d17203c1b018658,multiplicity,multiplicity,3885,951829788,16,5000,0.0,0.05,rbf,median,anytime,bonferroni,3,10,False,UNRESOLVED,5000,True,False,False,0.00034066697116941214,0.0,0.18209213411654696,True,True,True,False
b74a37234e5dc0b97561,multiplicity,multiplicity,3886,367739352,16,5000,0.0,0.05,rbf,median,anytime,bonferroni,3,10,False,UNRESOLVED,5000,True,False,False,0.00034012499963864684,0.0,0.18209213411654696,True,True,True,False
ab4ef26c73438a16a8a2,multiplicity,multiplicity,3887,1262749134,16,5000,0.0,0.05,rbf,median,anytime,bonferroni,3,10,False,UNRESOLVED,5000,True,False,False,0.0003415839746594429,0.0,0.18209213411654696,True,True,True,False
c9044215d87c84e4b81f,multiplicity,multiplicity,3888,1709096664,16,5000,0.0,0.05,rbf,median,anytime,bonferroni,3,10,False,UNRESOLVED,5000,True,False,False,0.0004946250119246542,0.0,0.18209213411654696,True,True,True,False
538ff021f63cbb0ee8b2,multiplicity,multiplicity,3889,2607885890,16,5000,0.0,0.05,rbf,median,anytime,bonferroni,3,10,False,UNRESOLVED,5000,True,False,False,0.0005479580140672624,0.0,0.18209213411654696,True,True,True,False
998ae3f23088c5b3b941,multiplicity,multiplicity,3890,322910631,16,5000,0.0,0.05,rbf,median,anytime,bonferroni,3,10,False,UNRESOLVED,5000,True,False,False,0.00048708298709243536,0.0,0.18209213411654696,True,True,True,False
802f0c075e5e1571bd2b,multiplicity,multiplicity,3891,252849287,16,5000,0.0,0.05,rbf,median,anytime,bonferroni,3,10,False,UNRESOLVED,5000,True,False,False,0.0004802079638466239,0.0,0.18209213411654696,True,True,True,False
f906bf1ce4fb0f9dd693,multiplicity,multiplicity,3892,2089870407,16,5000,0.0,0.05,rbf,median,anytime,bonferroni,3,10,False,UNRESOLVED,5000,True,False,False,0.00047904200619086623,0.0,0.18209213411654696,True,True,True,False
3d1e99428548d1ae81eb,multiplicity,multiplicity,3893,397169595,16,5000,0.0,0.05,rbf,median,anytime,bonferroni,3,10,False,UNRESOLVED,5000,True,False,False,0.00047575001372024417,0.0,0.18209213411654696,True,True,True,False
d820e2a8ced6d35166bc,multiplicity,multiplicity,3894,4208963511,16,5000,0.0,0.05,rbf,median,anytime,bonferroni,3,10,False,UNRESOLVED,5000,True,False,False,0.0004737910348922014,0.0,0.18209213411654696,True,True,True,False
1bd6bf7d4ea4640a1939,multiplicity,multiplicity,3895,102850516,16,5000,0.0,0.05,rbf,median,anytime,bonferroni,3,10,False,UNRESOLVED,5000,True,False,False,0.0004783329786732793,0.0,0.18209213411654696,True,True,True,False
64366421d515d93f79d5,multiplicity,multiplicity,3896,2329912378,16,5000,0.0,0.05,rbf,median,anytime,bonferroni,3,10,False,UNRESOLVED,5000,True,False,False,0.00047437497414648533,0.0,0.18209213411654696,True,True,True,False
41f0c00f1f9874bc6ec3,multiplicity,multiplicity,3897,462050807,16,5000,0.0,0.05,rbf,median,anytime,bonferroni,3,10,False,UNRESOLVED,5000,True,False,False,0.0004729589563794434,0.0,0.18209213411654696,True,True,True,False
7d4ce6c6002f0525a2d8,multiplicity,multiplicity,3898,1372292801,16,5000,0.0,0.05,rbf,median,anytime,bonferroni,3,10,False,UNRESOLVED,5000,True,False,False,0.00047804100904613733,0.0,0.18209213411654696,True,True,True,False
233888d0d24b020c3d7f,multiplicity,multiplicity,3899,682243680,16,5000,0.0,0.05,rbf,median,anytime,bonferroni,3,10,False,UNRESOLVED,5000,True,False,False,0.0004938750062137842,0.0,0.18209213411654696,True,True,True,False
523e431cc3802f3e0748,multiplicity,multiplicity,3900,1563365747,16,5000,0.0,0.05,rbf,median,anytime,bonferroni,3,10,False,UNRESOLVED,5000,True,False,False,0.0004818749730475247,0.0,0.18209213411654696,True,True,True,False
0e4042fa1e1a31bc9f43,multiplicity,multiplicity,3901,880700368,16,5000,0.0,0.05,rbf,median,anytime,bonferroni,3,10,False,UNRESOLVED,5000,True,False,False,0.00048520800191909075,0.0,0.18209213411654696,True,True,True,False
ba6616a4a7e1ac2089c4,multiplicity,multiplicity,3902,3792401668,16,5000,0.0,0.05,rbf,median,anytime,bonferroni,3,10,False,UNRESOLVED,5000,True,False,False,0.0005053330096416175,0.0,0.18209213411654696,True,True,True,False
2d3d5aa3077d638aa145,multiplicity,multiplicity,3903,113398564,16,5000,0.0,0.05,rbf,median,anytime,bonferroni,3,10,False,UNRESOLVED,5000,True,False,False,0.0005503339925780892,0.0,0.18209213411654696,True,True,True,False
fd1056cd087a63a942f8,multiplicity,multiplicity,3904,3367806221,16,5000,0.0,0.05,rbf,median,anytime,bonferroni,3,10,False,UNRESOLVED,5000,True,False,False,0.0005271660047583282,0.0,0.18209213411654696,True,True,True,False
c6fb28b8ecf4873623fa,multiplicity,multiplicity,3905,2443451873,16,5000,0.0,0.05,rbf,median,anytime,bonferroni,3,10,False,UNRESOLVED,5000,True,False,False,0.0004985420382581651,0.0,0.18209213411654696,True,True,True,False
012daf9965656ccde3ed,multiplicity,multiplicity,3906,1012822723,16,5000,0.0,0.05,rbf,median,anytime,bonferroni,3,10,False,UNRESOLVED,5000,True,False,False,0.00048220797907561064,0.0,0.18209213411654696,True,True,True,False
48c391c24c461dbf5c90,multiplicity,multiplicity,3907,1049686360,16,5000,0.0,0.05,rbf,median,anytime,bonferroni,3,10,False,UNRESOLVED,5000,True,False,False,0.00046541704796254635,0.0,0.18209213411654696,True,True,True,False
35532154f0b08a069529,multiplicity,multiplicity,3908,3886142897,16,5000,0.0,0.05,rbf,median,anytime,bonferroni,3,10,False,UNRESOLVED,5000,True,False,False,0.00041966699063777924,0.0,0.18209213411654696,True,True,True,False
eb987585746dff42637b,multiplicity,multiplicity,3909,705496730,16,5000,0.0,0.05,rbf,median,anytime,bonferroni,3,10,False,UNRESOLVED,5000,True,False,False,0.00040683301631361246,0.0,0.18209213411654696,True,True,True,False
462019855349a1ae2838,multiplicity,multiplicity,3910,127010743,16,5000,0.0,0.05,rbf,median,anytime,bonferroni,3,10,False,UNRESOLVED,5000,True,False,False,0.00040141597855836153,0.0,0.18209213411654696,True,True,True,False
7363773c9cbe060112a2,multiplicity,multiplicity,3911,2852417287,16,5000,0.0,0.05,rbf,median,anytime,bonferroni,3,10,False,UNRESOLVED,5000,True,False,False,0.0004022080102004111,0.0,0.18209213411654696,True,True,True,False
5356b2d9ea1da7501923,multiplicity,multiplicity,3912,2666861012,16,5000,0.0,0.05,rbf,median,anytime,bonferroni,3,10,False,UNRESOLVED,5000,True,False,False,0.0004004579968750477,0.0,0.18209213411654696,True,True,True,False
d466e12d469de9b36184,multiplicity,multiplicity,3913,1582304156,16,5000,0.0,0.05,rbf,median,anytime,bonferroni,3,10,False,UNRESOLVED,5000,True,False,False,0.0004030829877592623,0.0,0.18209213411654696,True,True,True,False
656ba96e412226c143d7,multiplicity,multiplicity,3914,240781713,16,5000,0.0,0.05,rbf,median,anytime,bonferroni,3,10,False,UNRESOLVED,5000,True,False,False,0.00039950001519173384,0.0,0.18209213411654696,True,True,True,False
55042dcd0e6f52445323,multiplicity,multiplicity,3915,2403746523,16,5000,0.0,0.05,rbf,median,anytime,bonferroni,3,10,False,UNRESOLVED,5000,True,False,False,0.00039858301170170307,0.0,0.18209213411654696,True,True,True,False
d9ee0be7ed3908df7263,multiplicity,multiplicity,3916,3337265563,16,5000,0.0,0.05,rbf,median,anytime,bonferroni,3,10,False,UNRESOLVED,5000,True,False,False,0.00040120899211615324,0.0,0.18209213411654696,True,True,True,False
4931d7ff209ab66602db,multiplicity,multiplicity,3917,1085688119,16,5000,0.0,0.05,rbf,median,anytime,bonferroni,3,10,False,UNRESOLVED,5000,True,False,False,0.0004036249592900276,0.0,0.18209213411654696,True,True,True,False
63b1ed5d30851e1c90a5,multiplicity,multiplicity,3918,4173112520,16,5000,0.0,0.05,rbf,median,anytime,bonferroni,3,10,False,UNRESOLVED,5000,True,False,False,0.00040333298966288567,0.0,0.18209213411654696,True,True,True,False
2f6380b275ceb28e895a,multiplicity,multiplicity,3919,1627146194,16,5000,0.0,0.05,rbf,median,anytime,bonferroni,3,10,False,UNRESOLVED,5000,True,False,False,0.0003987500094808638,0.0,0.18209213411654696,True,True,True,False
23ae1413eaeff1cc0df9,multiplicity,multiplicity,3920,2580024438,16,5000,0.0,0.05,rbf,median,anytime,bonferroni,3,10,False,UNRESOLVED,5000,True,False,False,0.0004001659690402448,0.0,0.18209213411654696,True,True,True,False
ba101309e12319d8c81b,multiplicity,multiplicity,3921,4294262242,16,5000,0.0,0.05,rbf,median,anytime,bonferroni,3,10,False,UNRESOLVED,5000,True,False,False,0.00039962498703971505,0.0,0.18209213411654696,True,True,True,False
d2e09f428f313160f5bc,multiplicity,multiplicity,3922,1634438737,16,5000,0.0,0.05,rbf,median,anytime,bonferroni,3,10,False,UNRESOLVED,5000,True,False,False,0.0004000000189989805,0.0,0.18209213411654696,True,True,True,False
a7c442a17d42428169b0,multiplicity,multiplicity,3923,4242748522,16,5000,0.0,0.05,rbf,median,anytime,bonferroni,3,10,False,UNRESOLVED,5000,True,False,False,0.00040062505286186934,0.0,0.18209213411654696,True,True,True,False
3f86aee83445989c428a,multiplicity,multiplicity,3924,2063630748,16,5000,0.0,0.05,rbf,median,anytime,bonferroni,3,10,False,UNRESOLVED,5000,True,False,False,0.000398874981328845,0.0,0.18209213411654696,True,True,True,False
e1fab022b52ea8873deb,multiplicity,multiplicity,3925,482268353,16,5000,0.0,0.05,rbf,median,anytime,bonferroni,3,10,False,UNRESOLVED,5000,True,False,False,0.00039920798735693097,0.0,0.18209213411654696,True,True,True,False
7fc3a5d485b32644d5ff,multiplicity,multiplicity,3926,1206679623,16,5000,0.0,0.05,rbf,median,anytime,bonferroni,3,10,False,UNRESOLVED,5000,True,False,False,0.00035195902455598116,0.0,0.18209213411654696,True,True,True,False
c6713ea35569940d07be,multiplicity,multiplicity,3927,3438780769,16,5000,0.0,0.05,rbf,median,anytime,bonferroni,3,10,False,UNRESOLVED,5000,True,False,False,0.00034562498331069946,0.0,0.18209213411654696,True,True,True,False
adb4e9d6d41e53954df5,multiplicity,multiplicity,3928,28140869,16,5000,0.0,0.05,rbf,median,anytime,bonferroni,3,10,False,UNRESOLVED,5000,True,False,False,0.0003432919620536268,0.0,0.18209213411654696,True,True,True,False
ffdfc500ad19bfdd0d8e,multiplicity,multiplicity,3929,911001804,16,5000,0.0,0.05,rbf,median,anytime,bonferroni,3,10,False,UNRESOLVED,5000,True,False,False,0.00034429196966812015,0.0,0.18209213411654696,True,True,True,False
38568bd4fc2e93fd699b,multiplicity,multiplicity,3930,204730343,16,5000,0.0,0.05,rbf,median,anytime,bonferroni,3,10,False,UNRESOLVED,5000,True,False,False,0.0003428750205785036,0.0,0.18209213411654696,True,True,True,False
4fa0042f27db74c273da,multiplicity,multiplicity,3931,516508388,16,5000,0.0,0.05,rbf,median,anytime,bonferroni,3,10,False,UNRESOLVED,5000,True,False,False,0.000342792016454041,0.0,0.18209213411654696,True,True,True,False
aecada1a682cf91f1267,multiplicity,multiplicity,3932,2362891208,16,5000,0.0,0.05,rbf,median,anytime,bonferroni,3,10,False,UNRESOLVED,5000,True,False,False,0.00034691597102209926,0.0,0.18209213411654696,True,True,True,False
1ca923c938233f5fb705,multiplicity,multiplicity,3933,1110153925,16,5000,0.0,0.05,rbf,median,anytime,bonferroni,3,10,False,UNRESOLVED,5000,True,False,False,0.0003447089693509042,0.0,0.18209213411654696,True,True,True,False
96c49561d20d15367dbd,multiplicity,multiplicity,3934,2269902854,16,5000,0.0,0.05,rbf,median,anytime,bonferroni,3,10,False,UNRESOLVED,5000,True,False,False,0.0003453749814070761,0.0,0.18209213411654696,True,True,True,False
ebd0acdbb83158667dbd,multiplicity,multiplicity,3935,1897957494,16,5000,0.0,0.05,rbf,median,anytime,bonferroni,3,10,False,UNRESOLVED,5000,True,False,False,0.00034533400321379304,0.0,0.18209213411654696,True,True,True,False
383ce5fe02bb62d95958,multiplicity,multiplicity,3936,1093439032,16,5000,0.0,0.05,rbf,median,anytime,bonferroni,3,10,False,UNRESOLVED,5000,True,False,False,0.0003458749852143228,0.0,0.18209213411654696,True,True,True,False
91f107dbe02967d8f938,multiplicity,multiplicity,3937,3507973775,16,5000,0.0,0.05,rbf,median,anytime,bonferroni,3,10,False,UNRESOLVED,5000,True,False,False,0.00034374999813735485,0.0,0.18209213411654696,True,True,True,False
b71cb91aacb2638e0d37,multiplicity,multiplicity,3938,3194845711,16,5000,0.0,0.05,rbf,median,anytime,bonferroni,3,10,False,UNRESOLVED,5000,True,False,False,0.0003452500095590949,0.0,0.18209213411654696,True,True,True,False
080f2ab68c0e9e149c72,multiplicity,multiplicity,3939,534451581,16,5000,0.0,0.05,rbf,median,anytime,bonferroni,3,10,False,UNRESOLVED,5000,True,False,False,0.000344583997502923,0.0,0.18209213411654696,True,True,True,False
4694a4e331bd2beac5d6,multiplicity,multiplicity,3940,319826930,16,5000,0.0,0.05,rbf,median,anytime,bonferroni,3,10,False,UNRESOLVED,5000,True,False,False,0.00034308299655094743,0.0,0.18209213411654696,True,True,True,False
0739226ede05cdc39ac9,multiplicity,multiplicity,3941,754965314,16,5000,0.0,0.05,rbf,median,anytime,bonferroni,3,10,False,UNRESOLVED,5000,True,False,False,0.0003444169997237623,0.0,0.18209213411654696,True,True,True,False
7530ae702fd4673f46e1,multiplicity,multiplicity,3942,1739982022,16,5000,0.0,0.05,rbf,median,anytime,bonferroni,3,10,False,UNRESOLVED,5000,True,False,False,0.0003549579996615648,0.0,0.18209213411654696,True,True,True,False
e91303ba64d16d7e6f44,multiplicity,multiplicity,3943,229069138,16,5000,0.0,0.05,rbf,median,anytime,bonferroni,3,10,False,UNRESOLVED,5000,True,False,False,0.00034550001146271825,0.0,0.18209213411654696,True,True,True,False
d2c7b991c9305d909575,multiplicity,multiplicity,3944,1102441783,16,5000,0.0,0.05,rbf,median,anytime,bonferroni,3,10,False,UNRESOLVED,5000,True,False,False,0.0003470419906079769,0.0,0.18209213411654696,True,True,True,False
8ced53aba504fbef4533,multiplicity,multiplicity,3945,2584108224,16,5000,0.0,0.05,rbf,median,anytime,bonferroni,3,10,False,UNRESOLVED,5000,True,False,False,0.0003427090123295784,0.0,0.18209213411654696,True,True,True,False
8fffc7540312ccd6158d,multiplicity,multiplicity,3946,3728835143,16,5000,0.0,0.05,rbf,median,anytime,bonferroni,3,10,False,UNRESOLVED,5000,True,False,False,0.00034291704650968313,0.0,0.18209213411654696,True,True,True,False
ae4db1fba84faed797f7,multiplicity,multiplicity,3947,4285065200,16,5000,0.0,0.05,rbf,median,anytime,bonferroni,3,10,False,UNRESOLVED,5000,True,False,False,0.00034425000194460154,0.0,0.18209213411654696,True,True,True,False
3438ae1b859734c9141b,multiplicity,multiplicity,3948,2631499278,16,5000,0.0,0.05,rbf,median,anytime,bonferroni,3,10,False,UNRESOLVED,5000,True,False,False,0.0003430410288274288,0.0,0.18209213411654696,True,True,True,False
b182e6264b4429f649cb,multiplicity,multiplicity,3949,2221091747,16,5000,0.0,0.05,rbf,median,anytime,bonferroni,3,10,False,UNRESOLVED,5000,True,False,False,0.00034508301177993417,0.0,0.18209213411654696,True,True,True,False
1cf4487c4f75f2eb1eb3,multiplicity,multiplicity,3950,2703973676,16,5000,0.0,0.05,rbf,median,anytime,bonferroni,3,10,False,UNRESOLVED,5000,True,False,False,0.00034470902755856514,0.0,0.18209213411654696,True,True,True,False
6ad6d8a7d5b6b41090aa,multiplicity,multiplicity,3951,265175876,16,5000,0.0,0.05,rbf,median,anytime,bonferroni,3,10,False,UNRESOLVED,5000,True,False,False,0.0003451670054346323,0.0,0.18209213411654696,True,True,True,False
d8163e21f80a1cb8e698,multiplicity,multiplicity,3952,3854391076,16,5000,0.0,0.05,rbf,median,anytime,bonferroni,3,10,False,UNRESOLVED,5000,True,False,False,0.00034370901994407177,0.0,0.18209213411654696,True,True,True,False
c540565a76a266506661,multiplicity,multiplicity,3953,3345151400,16,5000,0.0,0.05,rbf,median,anytime,bonferroni,3,10,False,UNRESOLVED,5000,True,False,False,0.0003432920202612877,0.0,0.18209213411654696,True,True,True,False
c527b47ea56ce455e9a8,multiplicity,multiplicity,3954,1285810073,16,5000,0.0,0.05,rbf,median,anytime,bonferroni,3,10,False,UNRESOLVED,5000,True,False,False,0.00034500000765547156,0.0,0.18209213411654696,True,True,True,False
f07eca362ca0afadfe74,multiplicity,multiplicity,3955,3349819102,16,5000,0.0,0.05,rbf,median,anytime,bonferroni,3,10,False,UNRESOLVED,5000,True,False,False,0.0003440839936956763,0.0,0.18209213411654696,True,True,True,False
e302e126b141e3d14dae,multiplicity,multiplicity,3956,3795360661,16,5000,0.0,0.05,rbf,median,anytime,bonferroni,3,10,False,UNRESOLVED,5000,True,False,False,0.0003442909801378846,0.0,0.18209213411654696,True,True,True,False
192857f3434d50098d50,multiplicity,multiplicity,3957,623668774,16,5000,0.0,0.05,rbf,median,anytime,bonferroni,3,10,False,UNRESOLVED,5000,True,False,False,0.0003447500057518482,0.0,0.18209213411654696,True,True,True,False
10b3886e45febbd34204,multiplicity,multiplicity,3958,3593339951,16,5000,0.0,0.05,rbf,median,anytime,bonferroni,3,10,False,UNRESOLVED,5000,True,False,False,0.00034579099155962467,0.0,0.18209213411654696,True,True,True,False
803694bb777a28c030d3,multiplicity,multiplicity,3959,2713259542,16,5000,0.0,0.05,rbf,median,anytime,bonferroni,3,10,False,UNRESOLVED,5000,True,False,False,0.0004015419981442392,0.0,0.18209213411654696,True,True,True,False
779aef586f1b445c5e96,multiplicity,multiplicity,3960,1679910750,16,5000,0.0,0.05,rbf,median,anytime,bonferroni,3,10,False,UNRESOLVED,5000,True,False,False,0.0003997500170953572,0.0,0.18209213411654696,True,True,True,False
dfc23e9f708d83010bb5,multiplicity,multiplicity,3961,2206181534,16,5000,0.0,0.05,rbf,median,anytime,bonferroni,3,10,False,UNRESOLVED,5000,True,False,False,0.00039900001138448715,0.0,0.18209213411654696,True,True,True,False
6a29ee929e6bd68f3b2e,multiplicity,multiplicity,3962,1825860318,16,5000,0.0,0.05,rbf,median,anytime,bonferroni,3,10,False,UNRESOLVED,5000,True,False,False,0.00039966596523299813,0.0,0.18209213411654696,True,True,True,False
144f9636b659f934647d,multiplicity,multiplicity,3963,2812400711,16,5000,0.0,0.05,rbf,median,anytime,bonferroni,3,10,False,UNRESOLVED,5000,True,False,False,0.00040087499655783176,0.0,0.18209213411654696,True,True,True,False
b3cfa01da8e9a566058f,multiplicity,multiplicity,3964,1255110892,16,5000,0.0,0.05,rbf,median,anytime,bonferroni,3,10,False,UNRESOLVED,5000,True,False,False,0.00039916596142575145,0.0,0.18209213411654696,True,True,True,False
56b4a49526dac348b073,multiplicity,multiplicity,3965,1275578662,16,5000,0.0,0.05,rbf,median,anytime,bonferroni,3,10,False,UNRESOLVED,5000,True,False,False,0.00039958301931619644,0.0,0.18209213411654696,True,True,True,False
677cb02234dca87d2481,multiplicity,multiplicity,3966,2480985774,16,5000,0.0,0.05,rbf,median,anytime,bonferroni,3,10,False,UNRESOLVED,5000,True,False,False,0.00040729198371991515,0.0,0.18209213411654696,True,True,True,False
96d4f76cd762b3c910cc,multiplicity,multiplicity,3967,3015066542,16,5000,0.0,0.05,rbf,median,anytime,bonferroni,3,10,False,UNRESOLVED,5000,True,False,False,0.00039920798735693097,0.0,0.18209213411654696,True,True,True,False
f33665a679e0fd448821,multiplicity,multiplicity,3968,2741831544,16,5000,0.0,0.05,rbf,median,anytime,bonferroni,3,10,False,UNRESOLVED,5000,True,False,False,0.0003982500056736171,0.0,0.18209213411654696,True,True,True,False
d054ef095e2d62bbc3f9,multiplicity,multiplicity,3969,326366382,16,5000,0.0,0.05,rbf,median,anytime,bonferroni,3,10,False,UNRESOLVED,5000,True,False,False,0.0004011659766547382,0.0,0.18209213411654696,True,True,True,False
473e93254c1f780bfd8a,multiplicity,multiplicity,3970,2644059945,16,5000,0.0,0.05,rbf,median,anytime,bonferroni,3,10,False,UNRESOLVED,5000,True,False,False,0.0003968329983763397,0.0,0.18209213411654696,True,True,True,False
a4f0765934f2f73780bc,multiplicity,multiplicity,3971,3510025787,16,5000,0.0,0.05,rbf,median,anytime,bonferroni,3,10,False,UNRESOLVED,5000,True,False,False,0.00039966596523299813,0.0,0.18209213411654696,True,True,True,False
f4ec8faf4930bb21c3f5,multiplicity,multiplicity,3972,1244814114,16,5000,0.0,0.05,rbf,median,anytime,bonferroni,3,10,False,UNRESOLVED,5000,True,False,False,0.0003992500132881105,0.0,0.18209213411654696,True,True,True,False
1b61561152a1a10e92f9,multiplicity,multiplicity,3973,3722427635,16,5000,0.0,0.05,rbf,median,anytime,bonferroni,3,10,False,UNRESOLVED,5000,True,False,False,0.00039833399932831526,0.0,0.18209213411654696,True,True,True,False
710541b0096668bcc2ac,multiplicity,multiplicity,3974,2090378914,16,5000,0.0,0.05,rbf,median,anytime,bonferroni,3,10,False,UNRESOLVED,5000,True,False,False,0.00040137500036507845,0.0,0.18209213411654696,True,True,True,False
cd6097bf9c9a7fdcc98d,multiplicity,multiplicity,3975,2073800386,16,5000,0.0,0.05,rbf,median,anytime,bonferroni,3,10,False,UNRESOLVED,5000,True,False,False,0.00039724999805912375,0.0,0.18209213411654696,True,True,True,False
6e35290871d22634f745,multiplicity,multiplicity,3976,670210418,16,5000,0.0,0.05,rbf,median,anytime,bonferroni,3,10,False,UNRESOLVED,5000,True,False,False,0.00039941701106727123,0.0,0.18209213411654696,True,True,True,False
4c05b5f7418d2ecf9769,multiplicity,multiplicity,3977,2036848886,16,5000,0.0,0.05,rbf,median,anytime,bonferroni,3,10,False,UNRESOLVED,5000,True,False,False,0.00039995904080569744,0.0,0.18209213411654696,True,True,True,False
5102c08d4eb4e8726861,multiplicity,multiplicity,3978,3913800137,16,5000,0.0,0.05,rbf,median,anytime,bonferroni,3,10,False,UNRESOLVED,5000,True,False,False,0.00040079100290313363,0.0,0.18209213411654696,True,True,True,False
d179526265d20239cf2a,multiplicity,multiplicity,3979,300607518,16,5000,0.0,0.05,rbf,median,anytime,bonferroni,3,10,False,UNRESOLVED,5000,True,False,False,0.0003976250300183892,0.0,0.18209213411654696,True,True,True,False
e6f5e832537191c6e1ac,multiplicity,multiplicity,3980,143991077,16,5000,0.0,0.05,rbf,median,anytime,bonferroni,3,10,False,UNRESOLVED,5000,True,False,False,0.00040204200195148587,0.0,0.18209213411654696,True,True,True,False
fba9deddcf3238acd22c,multiplicity,multiplicity,3981,4285689056,16,5000,0.0,0.05,rbf,median,anytime,bonferroni,3,10,False,UNRESOLVED,5000,True,False,False,0.00039620796451345086,0.0,0.18209213411654696,True,True,True,False
ed0ee363967d023f10eb,multiplicity,multiplicity,3982,60705912,16,5000,0.0,0.05,rbf,median,anytime,bonferroni,3,10,False,UNRESOLVED,5000,True,False,False,0.00039850000757724047,0.0,0.18209213411654696,True,True,True,False
c78f092b3f49a08b69c5,multiplicity,multiplicity,3983,1232780826,16,5000,0.0,0.05,rbf,median,anytime,bonferroni,3,10,False,UNRESOLVED,5000,True,False,False,0.00039941701106727123,0.0,0.18209213411654696,True,True,True,False
cb946d24802750ffa8a2,multiplicity,multiplicity,3984,3807330841,16,5000,0.0,0.05,rbf,median,anytime,bonferroni,3,10,False,UNRESOLVED,5000,True,False,False,0.00039775000186637044,0.0,0.18209213411654696,True,True,True,False
2446528152713adc5e0a,multiplicity,multiplicity,3985,2431175865,16,5000,0.0,0.05,rbf,median,anytime,bonferroni,3,10,False,UNRESOLVED,5000,True,False,False,0.0003997920430265367,0.0,0.18209213411654696,True,True,True,False
90b5ed57ee2acb13657b,multiplicity,multiplicity,3986,3820214293,16,5000,0.0,0.05,rbf,median,anytime,bonferroni,3,10,False,UNRESOLVED,5000,True,False,False,0.00040004198672249913,0.0,0.18209213411654696,True,True,True,False
b9cf2e56eb80b7e29406,multiplicity,multiplicity,3987,1279067231,16,5000,0.0,0.05,rbf,median,anytime,bonferroni,3,10,False,UNRESOLVED,5000,True,False,False,0.00039674999425187707,0.0,0.18209213411654696,True,True,True,False
c7c486f520d0bb75622b,multiplicity,multiplicity,3988,146770467,16,5000,0.0,0.05,rbf,median,anytime,bonferroni,3,10,False,UNRESOLVED,5000,True,False,False,0.00039908301550894976,0.0,0.18209213411654696,True,True,True,False
073467369ff137bdb809,multiplicity,multiplicity,3989,1801983260,16,5000,0.0,0.05,rbf,median,anytime,bonferroni,3,10,False,UNRESOLVED,5000,True,False,False,0.00039795797783881426,0.0,0.18209213411654696,True,True,True,False
82b2f0063183c195752b,multiplicity,multiplicity,3990,1844096389,16,5000,0.0,0.05,rbf,median,anytime,bonferroni,3,10,False,UNRESOLVED,5000,True,False,False,0.0003986670053564012,0.0,0.18209213411654696,True,True,True,False
50ba1673030aa05b7382,multiplicity,multiplicity,3991,4279363557,16,5000,0.0,0.05,rbf,median,anytime,bonferroni,3,10,False,UNRESOLVED,5000,True,False,False,0.00039795797783881426,0.0,0.18209213411654696,True,True,True,False
2052f4636bb539ce0949,multiplicity,multiplicity,3992,823408162,16,5000,0.0,0.05,rbf,median,anytime,bonferroni,3,10,False,UNRESOLVED,5000,True,False,False,0.0003994999569840729,0.0,0.18209213411654696,True,True,True,False
fc505fb42b8fc4e36b5b,multiplicity,multiplicity,3993,3320190505,16,5000,0.0,0.05,rbf,median,anytime,bonferroni,3,10,False,UNRESOLVED,5000,True,False,False,0.00039958301931619644,0.0,0.18209213411654696,True,True,True,False
b568026424891c669e4b,multiplicity,multiplicity,3994,823319123,16,5000,0.0,0.05,rbf,median,anytime,bonferroni,3,10,False,UNRESOLVED,5000,True,False,False,0.00039974995888769627,0.0,0.18209213411654696,True,True,True,False
681e5a4b31743af745fc,multiplicity,multiplicity,3995,4243545880,16,5000,0.0,0.05,rbf,median,anytime,bonferroni,3,10,False,UNRESOLVED,5000,True,False,False,0.00039904197910800576,0.0,0.18209213411654696,True,True,True,False
837f242f9c597ea0d7ba,multiplicity,multiplicity,3996,2432930687,16,5000,0.0,0.05,rbf,median,anytime,bonferroni,3,10,False,UNRESOLVED,5000,True,False,False,0.0003975420258939266,0.0,0.18209213411654696,True,True,True,False
1c2f86dd4e880aeb7136,multiplicity,multiplicity,3997,4261296695,16,5000,0.0,0.05,rbf,median,anytime,bonferroni,3,10,False,UNRESOLVED,5000,True,False,False,0.0003971660044044256,0.0,0.18209213411654696,True,True,True,False
af6aaa7aba4b6ab25a6d,multiplicity,multiplicity,3998,2815666078,16,5000,0.0,0.05,rbf,median,anytime,bonferroni,3,10,False,UNRESOLVED,5000,True,False,False,0.00039841700345277786,0.0,0.18209213411654696,True,True,True,False
0cb1b08ae849656727cb,multiplicity,multiplicity,3999,2977463927,16,5000,0.0,0.05,rbf,median,anytime,bonferroni,3,10,False,UNRESOLVED,5000,True,False,False,0.0003968749660998583,0.0,0.18209213411654696,True,True,True,False
