simulation_id,scenario_id,scenario_family,replicate_id,seed,dimension,sample_budget,effect_size,alpha,kernel,bandwidth,stopping_rule,multiplicity_rule,representation_count,model_count,reference_reuse,decision,stopping_time,coverage,false_positive,false_negative,runtime_seconds,true_mean,confidence_width,synthetic_validation_only,not_real_generator_evidence,not_empirical_paper_evidence,claim_allowed
012f357fe9440677bf61,null_anytime,null_calibration,0,3693830200,16,5000,0.0,0.05,rbf,median,anytime,bonferroni,1,2,False,UNRESOLVED,5000,True,False,False,0.00045354198664426804,0.0,0.18209213411654696,True,True,True,False
492297e0584f02c43d26,null_anytime,null_calibration,1,2494313709,16,5000,0.0,0.05,rbf,median,anytime,bonferroni,1,2,False,UNRESOLVED,5000,True,False,False,0.00034308299655094743,0.0,0.18209213411654696,True,True,True,False
62f741af531f569deedd,null_anytime,null_calibration,2,632451106,16,5000,0.0,0.05,rbf,median,anytime,bonferroni,1,2,False,UNRESOLVED,5000,True,False,False,0.0003240829682908952,0.0,0.18209213411654696,True,True,True,False
5dc37f07a54e7c31a402,null_anytime,null_calibration,3,229642606,16,5000,0.0,0.05,rbf,median,anytime,bonferroni,1,2,False,UNRESOLVED,5000,True,False,False,0.0003285830025561154,0.0,0.18209213411654696,True,True,True,False
d9879b93900e479413d6,null_anytime,null_calibration,4,2307629298,16,5000,0.0,0.05,rbf,median,anytime,bonferroni,1,2,False,UNRESOLVED,5000,True,False,False,0.0003172919969074428,0.0,0.18209213411654696,True,True,True,False
6b410d17a69a3b277b8d,null_anytime,null_calibration,5,2182173027,16,5000,0.0,0.05,rbf,median,anytime,bonferroni,1,2,False,UNRESOLVED,5000,True,False,False,0.0003112919512204826,0.0,0.18209213411654696,True,True,True,False
11dbb6739b7cdb7518dc,null_anytime,null_calibration,6,2923860191,16,5000,0.0,0.05,rbf,median,anytime,bonferroni,1,2,False,UNRESOLVED,5000,True,False,False,0.0003082919865846634,0.0,0.18209213411654696,True,True,True,False
4f5fe9510cc951079160,null_anytime,null_calibration,7,3506968161,16,5000,0.0,0.05,rbf,median,anytime,bonferroni,1,2,False,UNRESOLVED,5000,True,False,False,0.00032820896012708545,0.0,0.18209213411654696,True,True,True,False
70be2759f918b8a8d15d,null_anytime,null_calibration,8,627136237,16,5000,0.0,0.05,rbf,median,anytime,bonferroni,1,2,False,UNRESOLVED,5000,True,False,False,0.000311999989207834,0.0,0.18209213411654696,True,True,True,False
f52689b08f0f18b4c306,null_anytime,null_calibration,9,3384177855,16,5000,0.0,0.05,rbf,median,anytime,bonferroni,1,2,False,UNRESOLVED,5000,True,False,False,0.000308374990709126,0.0,0.18209213411654696,True,True,True,False
1fd0031131010235bbf4,null_anytime,null_calibration,10,1271097948,16,5000,0.0,0.05,rbf,median,anytime,bonferroni,1,2,False,UNRESOLVED,5000,True,False,False,0.0003083330229856074,0.0,0.18209213411654696,True,True,True,False
4a6209a5de5dd19fe5fd,null_anytime,null_calibration,11,1810891813,16,5000,0.0,0.05,rbf,median,anytime,bonferroni,1,2,False,UNRESOLVED,5000,True,False,False,0.00030558404978364706,0.0,0.18209213411654696,True,True,True,False
e86752b263a10c33eaaf,null_anytime,null_calibration,12,616056645,16,5000,0.0,0.05,rbf,median,anytime,bonferroni,1,2,False,UNRESOLVED,5000,True,False,False,0.00030516600236296654,0.0,0.18209213411654696,True,True,True,False
14eee827cef781037f26,null_anytime,null_calibration,13,2699036063,16,5000,0.0,0.05,rbf,median,anytime,bonferroni,1,2,False,UNRESOLVED,5000,True,False,False,0.0003035829868167639,0.0,0.18209213411654696,True,True,True,False
ae0873058683681285eb,null_anytime,null_calibration,14,2215518101,16,5000,0.0,0.05,rbf,median,anytime,bonferroni,1,2,False,UNRESOLVED,5000,True,False,False,0.00030262500513345003,0.0,0.18209213411654696,True,True,True,False
a4d54697d26de65207c9,null_anytime,null_calibration,15,4170017967,16,5000,0.0,0.05,rbf,median,anytime,bonferroni,1,2,False,UNRESOLVED,5000,True,False,False,0.0003036250127479434,0.0,0.18209213411654696,True,True,True,False
e43f3a230581f42c0d00,null_anytime,null_calibration,16,261916768,16,5000,0.0,0.05,rbf,median,anytime,bonferroni,1,2,False,UNRESOLVED,5000,True,False,False,0.00030345795676112175,0.0,0.18209213411654696,True,True,True,False
3c397171e90e0c92e53e,null_anytime,null_calibration,17,769572461,16,5000,0.0,0.05,rbf,median,anytime,bonferroni,1,2,False,UNRESOLVED,5000,True,False,False,0.0003040420124307275,0.0,0.18209213411654696,True,True,True,False
d350b8b7360c7db2cee7,null_anytime,null_calibration,18,106729144,16,5000,0.0,0.05,rbf,median,anytime,bonferroni,1,2,False,UNRESOLVED,5000,True,False,False,0.00030454201623797417,0.0,0.18209213411654696,True,True,True,False
5d384e1b6a3548528e42,null_anytime,null_calibration,19,2932555801,16,5000,0.0,0.05,rbf,median,anytime,bonferroni,1,2,False,UNRESOLVED,5000,True,False,False,0.00030337501084432006,0.0,0.18209213411654696,True,True,True,False
4d5f7b3736599b8e71aa,null_anytime,null_calibration,20,4045151231,16,5000,0.0,0.05,rbf,median,anytime,bonferroni,1,2,False,UNRESOLVED,5000,True,False,False,0.0003034999826923013,0.0,0.18209213411654696,True,True,True,False
157a86d420bf62b0a2f2,null_anytime,null_calibration,21,911804130,16,5000,0.0,0.05,rbf,median,anytime,bonferroni,1,2,False,UNRESOLVED,5000,True,False,False,0.00030258396873250604,0.0,0.18209213411654696,True,True,True,False
72506b469ad05e8145f8,null_anytime,null_calibration,22,3596417983,16,5000,0.0,0.05,rbf,median,anytime,bonferroni,1,2,False,UNRESOLVED,5000,True,False,False,0.0003034999826923013,0.0,0.18209213411654696,True,True,True,False
35289252cc919390fde9,null_anytime,null_calibration,23,3194226044,16,5000,0.0,0.05,rbf,median,anytime,bonferroni,1,2,False,UNRESOLVED,5000,True,False,False,0.0003029170329682529,0.0,0.18209213411654696,True,True,True,False
f3bdb3d9c583f2b81897,null_anytime,null_calibration,24,1536515834,16,5000,0.0,0.05,rbf,median,anytime,bonferroni,1,2,False,UNRESOLVED,5000,True,False,False,0.0003054579719901085,0.0,0.18209213411654696,True,True,True,False
b22ba5db1262b343d472,null_anytime,null_calibration,25,1577767329,16,5000,0.0,0.05,rbf,median,anytime,bonferroni,1,2,False,UNRESOLVED,5000,True,False,False,0.0003030839725397527,0.0,0.18209213411654696,True,True,True,False
07b4cdf9190a82930cfc,null_anytime,null_calibration,26,200232228,16,5000,0.0,0.05,rbf,median,anytime,bonferroni,1,2,False,UNRESOLVED,5000,True,False,False,0.000303666980471462,0.0,0.18209213411654696,True,True,True,False
164ca9853ad8da7174c8,null_anytime,null_calibration,27,613997177,16,5000,0.0,0.05,rbf,median,anytime,bonferroni,1,2,False,UNRESOLVED,5000,True,False,False,0.0003031659871339798,0.0,0.18209213411654696,True,True,True,False
1d6e01030ada25408357,null_anytime,null_calibration,28,1486181546,16,5000,0.0,0.05,rbf,median,anytime,bonferroni,1,2,False,UNRESOLVED,5000,True,False,False,0.0003029999788850546,0.0,0.18209213411654696,True,True,True,False
511eea34ef7c5db74e8c,null_anytime,null_calibration,29,2991622365,16,5000,0.0,0.05,rbf,median,anytime,bonferroni,1,2,False,UNRESOLVED,5000,True,False,False,0.0003029170329682529,0.0,0.18209213411654696,True,True,True,False
2f93b099ff95b01ef6da,null_anytime,null_calibration,30,1471124199,16,5000,0.0,0.05,rbf,median,anytime,bonferroni,1,2,False,UNRESOLVED,5000,True,False,False,0.00030204199720174074,0.0,0.18209213411654696,True,True,True,False
d5f924168cb91fa48080,null_anytime,null_calibration,31,13723141,16,5000,0.0,0.05,rbf,median,anytime,bonferroni,1,2,False,UNRESOLVED,5000,True,False,False,0.00030279101338237524,0.0,0.18209213411654696,True,True,True,False
6e1603879252ac4c1c22,null_anytime,null_calibration,32,1200427329,16,5000,0.0,0.05,rbf,median,anytime,bonferroni,1,2,False,UNRESOLVED,5000,True,False,False,0.00030212500132620335,0.0,0.18209213411654696,True,True,True,False
2e367d78d3d2705b5a68,null_anytime,null_calibration,33,1173561768,16,5000,0.0,0.05,rbf,median,anytime,bonferroni,1,2,False,UNRESOLVED,5000,True,False,False,0.00030520802829414606,0.0,0.18209213411654696,True,True,True,False
3a080b1700f9e987d703,null_anytime,null_calibration,34,3545886847,16,5000,0.0,0.05,rbf,median,anytime,bonferroni,1,2,False,UNRESOLVED,5000,True,False,False,0.00030279101338237524,0.0,0.18209213411654696,True,True,True,False
b5e756f3b972b9183bef,null_anytime,null_calibration,35,2303900396,16,5000,0.0,0.05,rbf,median,anytime,bonferroni,1,2,False,UNRESOLVED,5000,True,False,False,0.0003037499845959246,0.0,0.18209213411654696,True,True,True,False
3ffb4fe56ca40ab0da67,null_anytime,null_calibration,36,2707350044,16,5000,0.0,0.05,rbf,median,anytime,bonferroni,1,2,False,UNRESOLVED,5000,True,False,False,0.00030345795676112175,0.0,0.18209213411654696,True,True,True,False
2323a7b212f33153bf73,null_anytime,null_calibration,37,2118906680,16,5000,0.0,0.05,rbf,median,anytime,bonferroni,1,2,False,UNRESOLVED,5000,True,False,False,0.0003019579453393817,0.0,0.18209213411654696,True,True,True,False
29b6f2090704e473f277,null_anytime,null_calibration,38,3638744439,16,5000,0.0,0.05,rbf,median,anytime,bonferroni,1,2,False,UNRESOLVED,5000,True,False,False,0.0003034590044990182,0.0,0.18209213411654696,True,True,True,False
69d3da8343a05dbc1970,null_anytime,null_calibration,39,3447946623,16,5000,0.0,0.05,rbf,median,anytime,bonferroni,1,2,False,UNRESOLVED,5000,True,False,False,0.000302958011161536,0.0,0.18209213411654696,True,True,True,False
85e91ee43a5854a84e31,null_anytime,null_calibration,40,3767180702,16,5000,0.0,0.05,rbf,median,anytime,bonferroni,1,2,False,UNRESOLVED,5000,True,False,False,0.00030104198958724737,0.0,0.18209213411654696,True,True,True,False
ac65da9bd76f6db2dcb2,null_anytime,null_calibration,41,3837369955,16,5000,0.0,0.05,rbf,median,anytime,bonferroni,1,2,False,UNRESOLVED,5000,True,False,False,0.0003028750070370734,0.0,0.18209213411654696,True,True,True,False
7de5a50cfda53b8a9bab,null_anytime,null_calibration,42,3339354193,16,5000,0.0,0.05,rbf,median,anytime,bonferroni,1,2,False,UNRESOLVED,5000,True,False,False,0.00030683400109410286,0.0,0.18209213411654696,True,True,True,False
83f0b3d9b1ac8601f798,null_anytime,null_calibration,43,3936040476,16,5000,0.0,0.05,rbf,median,anytime,bonferroni,1,2,False,UNRESOLVED,5000,True,False,False,0.00030279101338237524,0.0,0.18209213411654696,True,True,True,False
676724272f8bad5d7a02,null_anytime,null_calibration,44,88342144,16,5000,0.0,0.05,rbf,median,anytime,bonferroni,1,2,False,UNRESOLVED,5000,True,False,False,0.0003042499884031713,0.0,0.18209213411654696,True,True,True,False
dc990a265c1fb1c2dbe5,null_anytime,null_calibration,45,1551844987,16,5000,0.0,0.05,rbf,median,anytime,bonferroni,1,2,False,UNRESOLVED,5000,True,False,False,0.0003125829971395433,0.0,0.18209213411654696,True,True,True,False
903998b795d1d9fb970c,null_anytime,null_calibration,46,2813281208,16,5000,0.0,0.05,rbf,median,anytime,bonferroni,1,2,False,UNRESOLVED,5000,True,False,False,0.0003040420124307275,0.0,0.18209213411654696,True,True,True,False
0839aa214f49775599ce,null_anytime,null_calibration,47,2585224219,16,5000,0.0,0.05,rbf,median,anytime,bonferroni,1,2,False,UNRESOLVED,5000,True,False,False,0.00030187499942258,0.0,0.18209213411654696,True,True,True,False
b0b4ca78f77596006918,null_anytime,null_calibration,48,154624951,16,5000,0.0,0.05,rbf,median,anytime,bonferroni,1,2,False,UNRESOLVED,5000,True,False,False,0.0003024169709533453,0.0,0.18209213411654696,True,True,True,False
2014a5a547555972ce4c,null_anytime,null_calibration,49,3733197962,16,5000,0.0,0.05,rbf,median,anytime,bonferroni,1,2,False,UNRESOLVED,5000,True,False,False,0.00030491704819723964,0.0,0.18209213411654696,True,True,True,False
ebdda38f150e46998fca,null_anytime,null_calibration,50,4069369307,16,5000,0.0,0.05,rbf,median,anytime,bonferroni,1,2,False,UNRESOLVED,5000,True,False,False,0.00030379201052710414,0.0,0.18209213411654696,True,True,True,False
1486300030087648af60,null_anytime,null_calibration,51,1262084752,16,5000,0.0,0.05,rbf,median,anytime,bonferroni,1,2,False,UNRESOLVED,5000,True,False,False,0.0003024170291610062,0.0,0.18209213411654696,True,True,True,False
2faf3a27b86a15574adf,null_anytime,null_calibration,52,1856840811,16,5000,0.0,0.05,rbf,median,anytime,bonferroni,1,2,False,UNRESOLVED,5000,True,False,False,0.00030212500132620335,0.0,0.18209213411654696,True,True,True,False
105db118c441f2ee58d2,null_anytime,null_calibration,53,3346691468,16,5000,0.0,0.05,rbf,median,anytime,bonferroni,1,2,False,UNRESOLVED,5000,True,False,False,0.0003028339706361294,0.0,0.18209213411654696,True,True,True,False
b65770f33317283bcfcd,null_anytime,null_calibration,54,747259415,16,5000,0.0,0.05,rbf,median,anytime,bonferroni,1,2,False,UNRESOLVED,5000,True,False,False,0.0003028750070370734,0.0,0.18209213411654696,True,True,True,False
aa7018d567d3040ed915,null_anytime,null_calibration,55,4066217321,16,5000,0.0,0.05,rbf,median,anytime,bonferroni,1,2,False,UNRESOLVED,5000,True,False,False,0.00030274997698143125,0.0,0.18209213411654696,True,True,True,False
9a2254906cf4abaa44a7,null_anytime,null_calibration,56,3855691225,16,5000,0.0,0.05,rbf,median,anytime,bonferroni,1,2,False,UNRESOLVED,5000,True,False,False,0.00030329200671985745,0.0,0.18209213411654696,True,True,True,False
0eae7732bdf9dd252e3b,null_anytime,null_calibration,57,1282139221,16,5000,0.0,0.05,rbf,median,anytime,bonferroni,1,2,False,UNRESOLVED,5000,True,False,False,0.0003024170291610062,0.0,0.18209213411654696,True,True,True,False
c64f569516be20f9e32d,null_anytime,null_calibration,58,1181346233,16,5000,0.0,0.05,rbf,median,anytime,bonferroni,1,2,False,UNRESOLVED,5000,True,False,False,0.000302958011161536,0.0,0.18209213411654696,True,True,True,False
33e5055001c0c8af1b1b,null_anytime,null_calibration,59,142325557,16,5000,0.0,0.05,rbf,median,anytime,bonferroni,1,2,False,UNRESOLVED,5000,True,False,False,0.00030354101909324527,0.0,0.18209213411654696,True,True,True,False
61763f5291e795c4ae58,null_anytime,null_calibration,60,2898391069,16,5000,0.0,0.05,rbf,median,anytime,bonferroni,1,2,False,UNRESOLVED,5000,True,False,False,0.00030150002567097545,0.0,0.18209213411654696,True,True,True,False
710ea123498f8dae4fda,null_anytime,null_calibration,61,1724190055,16,5000,0.0,0.05,rbf,median,anytime,bonferroni,1,2,False,UNRESOLVED,5000,True,False,False,0.0003025420010089874,0.0,0.18209213411654696,True,True,True,False
f1720d12dcc71017c8b1,null_anytime,null_calibration,62,3466274213,16,5000,0.0,0.05,rbf,median,anytime,bonferroni,1,2,False,UNRESOLVED,5000,True,False,False,0.0003020829753950238,0.0,0.18209213411654696,True,True,True,False
909e0385032fde476836,null_anytime,null_calibration,63,3234526817,16,5000,0.0,0.05,rbf,median,anytime,bonferroni,1,2,False,UNRESOLVED,5000,True,False,False,0.0003034170367754996,0.0,0.18209213411654696,True,True,True,False
868ad6a15fa9714d5b84,null_anytime,null_calibration,64,381919632,16,5000,0.0,0.05,rbf,median,anytime,bonferroni,1,2,False,UNRESOLVED,5000,True,False,False,0.00030504196183755994,0.0,0.18209213411654696,True,True,True,False
2e1b984969fae8568b52,null_anytime,null_calibration,65,1479605385,16,5000,0.0,0.05,rbf,median,anytime,bonferroni,1,2,False,UNRESOLVED,5000,True,False,False,0.0003048329963348806,0.0,0.18209213411654696,True,True,True,False
301530fedd944dd1263e,null_anytime,null_calibration,66,4197520492,16,5000,0.0,0.05,rbf,median,anytime,bonferroni,1,2,False,UNRESOLVED,5000,True,False,False,0.00030220800545066595,0.0,0.18209213411654696,True,True,True,False
ca37337707ec4f528f11,null_anytime,null_calibration,67,3558746128,16,5000,0.0,0.05,rbf,median,anytime,bonferroni,1,2,False,UNRESOLVED,5000,True,False,False,0.0003030410152859986,0.0,0.18209213411654696,True,True,True,False
006a86ce761f0d02c82f,null_anytime,null_calibration,68,3526040358,16,5000,0.0,0.05,rbf,median,anytime,bonferroni,1,2,False,UNRESOLVED,5000,True,False,False,0.0003013749956153333,0.0,0.18209213411654696,True,True,True,False
f1d91fb28ac4d43b3962,null_anytime,null_calibration,69,3034118422,16,5000,0.0,0.05,rbf,median,anytime,bonferroni,1,2,False,UNRESOLVED,5000,True,False,False,0.0003035420086234808,0.0,0.18209213411654696,True,True,True,False
3e34cd1260ed21a28ec9,null_anytime,null_calibration,70,3393357880,16,5000,0.0,0.05,rbf,median,anytime,bonferroni,1,2,False,UNRESOLVED,5000,True,False,False,0.0003017499693669379,0.0,0.18209213411654696,True,True,True,False
4a6c9927855c25bfcae4,null_anytime,null_calibration,71,741125789,16,5000,0.0,0.05,rbf,median,anytime,bonferroni,1,2,False,UNRESOLVED,5000,True,False,False,0.0003025000332854688,0.0,0.18209213411654696,True,True,True,False
f115532ccaa05259afbb,null_anytime,null_calibration,72,3499651251,16,5000,0.0,0.05,rbf,median,anytime,bonferroni,1,2,False,UNRESOLVED,5000,True,False,False,0.00030087499180808663,0.0,0.18209213411654696,True,True,True,False
f2b572830e21c2afee01,null_anytime,null_calibration,73,2967152671,16,5000,0.0,0.05,rbf,median,anytime,bonferroni,1,2,False,UNRESOLVED,5000,True,False,False,0.0003034999826923013,0.0,0.18209213411654696,True,True,True,False
0b400df07e3e668a9986,null_anytime,null_calibration,74,3345132259,16,5000,0.0,0.05,rbf,median,anytime,bonferroni,1,2,False,UNRESOLVED,5000,True,False,False,0.0003022500313818455,0.0,0.18209213411654696,True,True,True,False
2923a7ad49c696e2163e,null_anytime,null_calibration,75,1649045259,16,5000,0.0,0.05,rbf,median,anytime,bonferroni,1,2,False,UNRESOLVED,5000,True,False,False,0.00030274997698143125,0.0,0.18209213411654696,True,True,True,False
a6390a30f3e30e9d52e1,null_anytime,null_calibration,76,453182660,16,5000,0.0,0.05,rbf,median,anytime,bonferroni,1,2,False,UNRESOLVED,5000,True,False,False,0.0003013329696841538,0.0,0.18209213411654696,True,True,True,False
76cd5aa75a248b5e7d8c,null_anytime,null_calibration,77,1575364878,16,5000,0.0,0.05,rbf,median,anytime,bonferroni,1,2,False,UNRESOLVED,5000,True,False,False,0.00030212500132620335,0.0,0.18209213411654696,True,True,True,False
4ff78896fadf11bb5421,null_anytime,null_calibration,78,1609353243,16,5000,0.0,0.05,rbf,median,anytime,bonferroni,1,2,False,UNRESOLVED,5000,True,False,False,0.00030212500132620335,0.0,0.18209213411654696,True,True,True,False
3e331f11383442a52a8d,null_anytime,null_calibration,79,386351534,16,5000,0.0,0.05,rbf,median,anytime,bonferroni,1,2,False,UNRESOLVED,5000,True,False,False,0.0003031250089406967,0.0,0.18209213411654696,True,True,True,False
a5646b587ad8cc338cf2,null_anytime,null_calibration,80,2404273348,16,5000,0.0,0.05,rbf,median,anytime,bonferroni,1,2,False,UNRESOLVED,5000,True,False,False,0.00030191702535375953,0.0,0.18209213411654696,True,True,True,False
a2002e26e26485461eb9,null_anytime,null_calibration,81,3140979459,16,5000,0.0,0.05,rbf,median,anytime,bonferroni,1,2,False,UNRESOLVED,5000,True,False,False,0.00030275003518909216,0.0,0.18209213411654696,True,True,True,False
0217dbd1ca36e79f43ee,null_anytime,null_calibration,82,3239619636,16,5000,0.0,0.05,rbf,median,anytime,bonferroni,1,2,False,UNRESOLVED,5000,True,False,False,0.0003025000332854688,0.0,0.18209213411654696,True,True,True,False
66f3067266126d6ba63e,null_anytime,null_calibration,83,3280426429,16,5000,0.0,0.05,rbf,median,anytime,bonferroni,1,2,False,UNRESOLVED,5000,True,False,False,0.0003032910171896219,0.0,0.18209213411654696,True,True,True,False
334b79843cdbbac63afe,null_anytime,null_calibration,84,3265690418,16,5000,0.0,0.05,rbf,median,anytime,bonferroni,1,2,False,UNRESOLVED,5000,True,False,False,0.0003055409761145711,0.0,0.18209213411654696,True,True,True,False
65cd87fe10cc7d0f4bb3,null_anytime,null_calibration,85,1133937546,16,5000,0.0,0.05,rbf,median,anytime,bonferroni,1,2,False,UNRESOLVED,5000,True,False,False,0.00030570797389373183,0.0,0.18209213411654696,True,True,True,False
a60793a991847c08098e,null_anytime,null_calibration,86,2704407231,16,5000,0.0,0.05,rbf,median,anytime,bonferroni,1,2,False,UNRESOLVED,5000,True,False,False,0.00030354096088558435,0.0,0.18209213411654696,True,True,True,False
61ae9848b0daa8e07348,null_anytime,null_calibration,87,431638914,16,5000,0.0,0.05,rbf,median,anytime,bonferroni,1,2,False,UNRESOLVED,5000,True,False,False,0.00030345801496878266,0.0,0.18209213411654696,True,True,True,False
fd307caf3f26655be663,null_anytime,null_calibration,88,3116496000,16,5000,0.0,0.05,rbf,median,anytime,bonferroni,1,2,False,UNRESOLVED,5000,True,False,False,0.00030266697285696864,0.0,0.18209213411654696,True,True,True,False
85d5bac7bec145117a95,null_anytime,null_calibration,89,3716101179,16,5000,0.0,0.05,rbf,median,anytime,bonferroni,1,2,False,UNRESOLVED,5000,True,False,False,0.00030229100957512856,0.0,0.18209213411654696,True,True,True,False
bfe5eba36596dbb1162d,null_anytime,null_calibration,90,1378353933,16,5000,0.0,0.05,rbf,median,anytime,bonferroni,1,2,False,UNRESOLVED,5000,True,False,False,0.0003025000332854688,0.0,0.18209213411654696,True,True,True,False
b269d7055054e7355c18,null_anytime,null_calibration,91,2133642027,16,5000,0.0,0.05,rbf,median,anytime,bonferroni,1,2,False,UNRESOLVED,5000,True,False,False,0.00030750001315027475,0.0,0.18209213411654696,True,True,True,False
0f5eed849c59208978bf,null_anytime,null_calibration,92,3927533328,16,5000,0.0,0.05,rbf,median,anytime,bonferroni,1,2,False,UNRESOLVED,5000,True,False,False,0.00031100003980100155,0.0,0.18209213411654696,True,True,True,False
245d17a06a49eb01e4f1,null_anytime,null_calibration,93,2959780069,16,5000,0.0,0.05,rbf,median,anytime,bonferroni,1,2,False,UNRESOLVED,5000,True,False,False,0.00030562502797693014,0.0,0.18209213411654696,True,True,True,False
58f41e0c5dea774648a8,null_anytime,null_calibration,94,15608668,16,5000,0.0,0.05,rbf,median,anytime,bonferroni,1,2,False,UNRESOLVED,5000,True,False,False,0.0003030419466085732,0.0,0.18209213411654696,True,True,True,False
1309dd63a5022ce0308c,null_anytime,null_calibration,95,1859936790,16,5000,0.0,0.05,rbf,median,anytime,bonferroni,1,2,False,UNRESOLVED,5000,True,False,False,0.0003042920143343508,0.0,0.18209213411654696,True,True,True,False
3acf44bebc7ce95d3d38,null_anytime,null_calibration,96,995185975,16,5000,0.0,0.05,rbf,median,anytime,bonferroni,1,2,False,UNRESOLVED,5000,True,False,False,0.00030387501465156674,0.0,0.18209213411654696,True,True,True,False
f5c198b9e6755cae4035,null_anytime,null_calibration,97,3159765901,16,5000,0.0,0.05,rbf,median,anytime,bonferroni,1,2,False,UNRESOLVED,5000,True,False,False,0.00030333304312080145,0.0,0.18209213411654696,True,True,True,False
c9c8a5a4df7d20c8c856,null_anytime,null_calibration,98,144176743,16,5000,0.0,0.05,rbf,median,anytime,bonferroni,1,2,False,UNRESOLVED,5000,True,False,False,0.0003030420048162341,0.0,0.18209213411654696,True,True,True,False
5d4665251822dd4b0c91,null_anytime,null_calibration,99,4011729124,16,5000,0.0,0.05,rbf,median,anytime,bonferroni,1,2,False,UNRESOLVED,5000,True,False,False,0.00030491704819723964,0.0,0.18209213411654696,True,True,True,False
5214aac12d149d40ceaa,null_anytime,null_calibration,100,2445172689,16,5000,0.0,0.05,rbf,median,anytime,bonferroni,1,2,False,UNRESOLVED,5000,True,False,False,0.000303666980471462,0.0,0.18209213411654696,True,True,True,False
60ebacc09848959ee55e,null_anytime,null_calibration,101,3480981496,16,5000,0.0,0.05,rbf,median,anytime,bonferroni,1,2,False,UNRESOLVED,5000,True,False,False,0.00030408299062401056,0.0,0.18209213411654696,True,True,True,False
1ffb2651c8fca343a1e3,null_anytime,null_calibration,102,1471472346,16,5000,0.0,0.05,rbf,median,anytime,bonferroni,1,2,False,UNRESOLVED,5000,True,False,False,0.00030445802258327603,0.0,0.18209213411654696,True,True,True,False
e11f1caf027ca4a6e3bf,null_anytime,null_calibration,103,1199324459,16,5000,0.0,0.05,rbf,median,anytime,bonferroni,1,2,False,UNRESOLVED,5000,True,False,False,0.0003049160004593432,0.0,0.18209213411654696,True,True,True,False
8c2d6aa9b9b9b6bd0930,null_anytime,null_calibration,104,4247885097,16,5000,0.0,0.05,rbf,median,anytime,bonferroni,1,2,False,UNRESOLVED,5000,True,False,False,0.00030387501465156674,0.0,0.18209213411654696,True,True,True,False
267a4ceda60c377db751,null_anytime,null_calibration,105,49463539,16,5000,0.0,0.05,rbf,median,anytime,bonferroni,1,2,False,UNRESOLVED,5000,True,False,False,0.00030729197897017,0.0,0.18209213411654696,True,True,True,False
f12df868dd156dd32ca0,null_anytime,null_calibration,106,488751981,16,5000,0.0,0.05,rbf,median,anytime,bonferroni,1,2,False,UNRESOLVED,5000,True,False,False,0.00030574999982491136,0.0,0.18209213411654696,True,True,True,False
bb6525699f4d8b2bcbcb,null_anytime,null_calibration,107,2801349981,16,5000,0.0,0.05,rbf,median,anytime,bonferroni,1,2,False,UNRESOLVED,5000,True,False,False,0.0003030839725397527,0.0,0.18209213411654696,True,True,True,False
1a4320ef92729f6b51be,null_anytime,null_calibration,108,1987432953,16,5000,0.0,0.05,rbf,median,anytime,bonferroni,1,2,False,UNRESOLVED,5000,True,False,False,0.00030449999030679464,0.0,0.18209213411654696,True,True,True,False
1c0d246550ecb13ba508,null_anytime,null_calibration,109,3570741186,16,5000,0.0,0.05,rbf,median,anytime,bonferroni,1,2,False,UNRESOLVED,5000,True,False,False,0.00030770798912271857,0.0,0.18209213411654696,True,True,True,False
91d3eac31f1d457d1040,null_anytime,null_calibration,110,994113618,16,5000,0.0,0.05,rbf,median,anytime,bonferroni,1,2,False,UNRESOLVED,5000,True,False,False,0.000305499997921288,0.0,0.18209213411654696,True,True,True,False
18854bb021b0c7c1696f,null_anytime,null_calibration,111,1285222710,16,5000,0.0,0.05,rbf,median,anytime,bonferroni,1,2,False,UNRESOLVED,5000,True,False,False,0.0003030420048162341,0.0,0.18209213411654696,True,True,True,False
48bfb74fbd0161326c16,null_anytime,null_calibration,112,220571136,16,5000,0.0,0.05,rbf,median,anytime,bonferroni,1,2,False,UNRESOLVED,5000,True,False,False,0.00030400004470720887,0.0,0.18209213411654696,True,True,True,False
55d297f1ff80ad723cfd,null_anytime,null_calibration,113,692623440,16,5000,0.0,0.05,rbf,median,anytime,bonferroni,1,2,False,UNRESOLVED,5000,True,False,False,0.00030274997698143125,0.0,0.18209213411654696,True,True,True,False
12797f06aaf5300cda12,null_anytime,null_calibration,114,2405204474,16,5000,0.0,0.05,rbf,median,anytime,bonferroni,1,2,False,UNRESOLVED,5000,True,False,False,0.00030262500513345003,0.0,0.18209213411654696,True,True,True,False
5df5c39cd55488913560,null_anytime,null_calibration,115,1709626250,16,5000,0.0,0.05,rbf,median,anytime,bonferroni,1,2,False,UNRESOLVED,5000,True,False,False,0.0003042500466108322,0.0,0.18209213411654696,True,True,True,False
c8762f9cf93175f28336,null_anytime,null_calibration,116,66374603,16,5000,0.0,0.05,rbf,median,anytime,bonferroni,1,2,False,UNRESOLVED,5000,True,False,False,0.00030333298491314054,0.0,0.18209213411654696,True,True,True,False
864a91a387a64f3f9862,null_anytime,null_calibration,117,2556181759,16,5000,0.0,0.05,rbf,median,anytime,bonferroni,1,2,False,UNRESOLVED,5000,True,False,False,0.0003039590083062649,0.0,0.18209213411654696,True,True,True,False
d0bfdd4d493a5841f5b2,null_anytime,null_calibration,118,377209553,16,5000,0.0,0.05,rbf,median,anytime,bonferroni,1,2,False,UNRESOLVED,5000,True,False,False,0.0003076670109294355,0.0,0.18209213411654696,True,True,True,False
49e09c7aab93af9ef7b5,null_anytime,null_calibration,119,2759214282,16,5000,0.0,0.05,rbf,median,anytime,bonferroni,1,2,False,UNRESOLVED,5000,True,False,False,0.0003041249583475292,0.0,0.18209213411654696,True,True,True,False
209080a8392cc9cb5b9d,null_anytime,null_calibration,120,906186369,16,5000,0.0,0.05,rbf,median,anytime,bonferroni,1,2,False,UNRESOLVED,5000,True,False,False,0.00030495901592075825,0.0,0.18209213411654696,True,True,True,False
ddd00aff7ec8dfcbc902,null_anytime,null_calibration,121,2531009754,16,5000,0.0,0.05,rbf,median,anytime,bonferroni,1,2,False,UNRESOLVED,5000,True,False,False,0.0003044159966520965,0.0,0.18209213411654696,True,True,True,False
7a4550610796c6d89983,null_anytime,null_calibration,122,3418215981,16,5000,0.0,0.05,rbf,median,anytime,bonferroni,1,2,False,UNRESOLVED,5000,True,False,False,0.000489375030156225,0.0,0.18209213411654696,True,True,True,False
da05af920b4ecafbd6d9,null_anytime,null_calibration,123,1842257977,16,5000,0.0,0.05,rbf,median,anytime,bonferroni,1,2,False,UNRESOLVED,5000,True,False,False,0.00042804196709766984,0.0,0.18209213411654696,True,True,True,False
1660416ebc7fe8f2dbb1,null_anytime,null_calibration,124,2449817000,16,5000,0.0,0.05,rbf,median,anytime,bonferroni,1,2,False,UNRESOLVED,5000,True,False,False,0.0004303749883547425,0.0,0.18209213411654696,True,True,True,False
cdcacc071ebdce250ffc,null_anytime,null_calibration,125,1592528449,16,5000,0.0,0.05,rbf,median,anytime,bonferroni,1,2,False,UNRESOLVED,5000,True,False,False,0.00042337499326094985,0.0,0.18209213411654696,True,True,True,False
7de31e5aeaeb7a832ae9,null_anytime,null_calibration,126,1921868677,16,5000,0.0,0.05,rbf,median,anytime,bonferroni,1,2,False,UNRESOLVED,5000,True,False,False,0.0004130000015720725,0.0,0.18209213411654696,True,True,True,False
2a9b3d5f3145e0f4070e,null_anytime,null_calibration,127,1375933061,16,5000,0.0,0.05,rbf,median,anytime,bonferroni,1,2,False,UNRESOLVED,5000,True,False,False,0.00046141701750457287,0.0,0.18209213411654696,True,True,True,False
02bcbb2f03626bb8e0b2,null_anytime,null_calibration,128,4086883648,16,5000,0.0,0.05,rbf,median,anytime,bonferroni,1,2,False,UNRESOLVED,5000,True,False,False,0.0003682500100694597,0.0,0.18209213411654696,True,True,True,False
7b61267ef7a776bb3baa,null_anytime,null_calibration,129,401654141,16,5000,0.0,0.05,rbf,median,anytime,bonferroni,1,2,False,UNRESOLVED,5000,True,False,False,0.0003256669733673334,0.0,0.18209213411654696,True,True,True,False
a1edf28a9a094643b457,null_anytime,null_calibration,130,3604670895,16,5000,0.0,0.05,rbf,median,anytime,bonferroni,1,2,False,UNRESOLVED,5000,True,False,False,0.000314874981995672,0.0,0.18209213411654696,True,True,True,False
321d8e02722087a0da42,null_anytime,null_calibration,131,2626913862,16,5000,0.0,0.05,rbf,median,anytime,bonferroni,1,2,False,UNRESOLVED,5000,True,False,False,0.00031029200181365013,0.0,0.18209213411654696,True,True,True,False
9c63ba2f01480b0f847a,null_anytime,null_calibration,132,337650672,16,5000,0.0,0.05,rbf,median,anytime,bonferroni,1,2,False,UNRESOLVED,5000,True,False,False,0.00030762498499825597,0.0,0.18209213411654696,True,True,True,False
db771bceda0fbecec417,null_anytime,null_calibration,133,2340963814,16,5000,0.0,0.05,rbf,median,anytime,bonferroni,1,2,False,UNRESOLVED,5000,True,False,False,0.0003064580378122628,0.0,0.18209213411654696,True,True,True,False
bff959542f172adc63e8,null_anytime,null_calibration,134,3841334798,16,5000,0.0,0.05,rbf,median,anytime,bonferroni,1,2,False,UNRESOLVED,5000,True,False,False,0.0003048329963348806,0.0,0.18209213411654696,True,True,True,False
7946c1a23f471a41434d,null_anytime,null_calibration,135,1312980372,16,5000,0.0,0.05,rbf,median,anytime,bonferroni,1,2,False,UNRESOLVED,5000,True,False,False,0.00030375004280358553,0.0,0.18209213411654696,True,True,True,False
28d3218cf9e8bb0c1fb1,null_anytime,null_calibration,136,471607132,16,5000,0.0,0.05,rbf,median,anytime,bonferroni,1,2,False,UNRESOLVED,5000,True,False,False,0.0003036250127479434,0.0,0.18209213411654696,True,True,True,False
a1e15c5eeb65e28a38c1,null_anytime,null_calibration,137,3600357819,16,5000,0.0,0.05,rbf,median,anytime,bonferroni,1,2,False,UNRESOLVED,5000,True,False,False,0.0003034590044990182,0.0,0.18209213411654696,True,True,True,False
e064ae745aed407639cc,null_anytime,null_calibration,138,117728103,16,5000,0.0,0.05,rbf,median,anytime,bonferroni,1,2,False,UNRESOLVED,5000,True,False,False,0.0003031250089406967,0.0,0.18209213411654696,True,True,True,False
c44f3e198c443d2d5a7b,null_anytime,null_calibration,139,1354024629,16,5000,0.0,0.05,rbf,median,anytime,bonferroni,1,2,False,UNRESOLVED,5000,True,False,False,0.0003042499884031713,0.0,0.18209213411654696,True,True,True,False
72840610ecae2610ee77,null_anytime,null_calibration,140,3694993256,16,5000,0.0,0.05,rbf,median,anytime,bonferroni,1,2,False,UNRESOLVED,5000,True,False,False,0.0003034999826923013,0.0,0.18209213411654696,True,True,True,False
5ab88382376f87ac1631,null_anytime,null_calibration,141,1229992851,16,5000,0.0,0.05,rbf,median,anytime,bonferroni,1,2,False,UNRESOLVED,5000,True,False,False,0.00030441698618233204,0.0,0.18209213411654696,True,True,True,False
931a90fe9bb682d750f4,null_anytime,null_calibration,142,3369447194,16,5000,0.0,0.05,rbf,median,anytime,bonferroni,1,2,False,UNRESOLVED,5000,True,False,False,0.0003082500188611448,0.0,0.18209213411654696,True,True,True,False
5452b21739b477c7dd29,null_anytime,null_calibration,143,3524628905,16,5000,0.0,0.05,rbf,median,anytime,bonferroni,1,2,False,UNRESOLVED,5000,True,False,False,0.0003040420124307275,0.0,0.18209213411654696,True,True,True,False
3ac399900f3cff8198b0,null_anytime,null_calibration,144,2990424587,16,5000,0.0,0.05,rbf,median,anytime,bonferroni,1,2,False,UNRESOLVED,5000,True,False,False,0.0003038329887203872,0.0,0.18209213411654696,True,True,True,False
fc7f37c880fb35145679,null_anytime,null_calibration,145,4033887129,16,5000,0.0,0.05,rbf,median,anytime,bonferroni,1,2,False,UNRESOLVED,5000,True,False,False,0.000303666980471462,0.0,0.18209213411654696,True,True,True,False
aaa11859c24b093fb611,null_anytime,null_calibration,146,3145480261,16,5000,0.0,0.05,rbf,median,anytime,bonferroni,1,2,False,UNRESOLVED,5000,True,False,False,0.0003031250089406967,0.0,0.18209213411654696,True,True,True,False
88e06e5b7fed91be93ce,null_anytime,null_calibration,147,1105168621,16,5000,0.0,0.05,rbf,median,anytime,bonferroni,1,2,False,UNRESOLVED,5000,True,False,False,0.0003023750032298267,0.0,0.18209213411654696,True,True,True,False
372195575704de625943,null_anytime,null_calibration,148,3631566298,16,5000,0.0,0.05,rbf,median,anytime,bonferroni,1,2,False,UNRESOLVED,5000,True,False,False,0.00030170800164341927,0.0,0.18209213411654696,True,True,True,False
2ff7a80566c795ab734a,null_anytime,null_calibration,149,3901297193,16,5000,0.0,0.05,rbf,median,anytime,bonferroni,1,2,False,UNRESOLVED,5000,True,False,False,0.00030212500132620335,0.0,0.18209213411654696,True,True,True,False
ef18d98e413ba77b42ca,null_anytime,null_calibration,150,172286498,16,5000,0.0,0.05,rbf,median,anytime,bonferroni,1,2,False,UNRESOLVED,5000,True,False,False,0.0003052919637411833,0.0,0.18209213411654696,True,True,True,False
f01f8d5ede69937faeff,null_anytime,null_calibration,151,4029667212,16,5000,0.0,0.05,rbf,median,anytime,bonferroni,1,2,False,UNRESOLVED,5000,True,False,False,0.00030216702725738287,0.0,0.18209213411654696,True,True,True,False
918f41625ba1e0461c68,null_anytime,null_calibration,152,3429500039,16,5000,0.0,0.05,rbf,median,anytime,bonferroni,1,2,False,UNRESOLVED,5000,True,False,False,0.00030166597571223974,0.0,0.18209213411654696,True,True,True,False
1b7e057d090d263dec3c,null_anytime,null_calibration,153,1072413120,16,5000,0.0,0.05,rbf,median,anytime,bonferroni,1,2,False,UNRESOLVED,5000,True,False,False,0.0003017499693669379,0.0,0.18209213411654696,True,True,True,False
978f6770523589a4b07a,null_anytime,null_calibration,154,3643528374,16,5000,0.0,0.05,rbf,median,anytime,bonferroni,1,2,False,UNRESOLVED,5000,True,False,False,0.00030274997698143125,0.0,0.18209213411654696,True,True,True,False
0337fe3825f119474ebd,null_anytime,null_calibration,155,2667322193,16,5000,0.0,0.05,rbf,median,anytime,bonferroni,1,2,False,UNRESOLVED,5000,True,False,False,0.0003024999750778079,0.0,0.18209213411654696,True,True,True,False
4a21eaf786b1540e4851,null_anytime,null_calibration,156,1391016582,16,5000,0.0,0.05,rbf,median,anytime,bonferroni,1,2,False,UNRESOLVED,5000,True,False,False,0.0003030420048162341,0.0,0.18209213411654696,True,True,True,False
2a2a855b1d2030e5bc83,null_anytime,null_calibration,157,2161067061,16,5000,0.0,0.05,rbf,median,anytime,bonferroni,1,2,False,UNRESOLVED,5000,True,False,False,0.00030324998078867793,0.0,0.18209213411654696,True,True,True,False
b03931badc5d9b32f90a,null_anytime,null_calibration,158,368896424,16,5000,0.0,0.05,rbf,median,anytime,bonferroni,1,2,False,UNRESOLVED,5000,True,False,False,0.000303666980471462,0.0,0.18209213411654696,True,True,True,False
6a843411af6034d0aef9,null_anytime,null_calibration,159,783875411,16,5000,0.0,0.05,rbf,median,anytime,bonferroni,1,2,False,UNRESOLVED,5000,True,False,False,0.0003037919523194432,0.0,0.18209213411654696,True,True,True,False
332642b8fd63f5517790,null_anytime,null_calibration,160,1100644155,16,5000,0.0,0.05,rbf,median,anytime,bonferroni,1,2,False,UNRESOLVED,5000,True,False,False,0.0003041670424863696,0.0,0.18209213411654696,True,True,True,False
5bd5aae4e5a576595a17,null_anytime,null_calibration,161,782067067,16,5000,0.0,0.05,rbf,median,anytime,bonferroni,1,2,False,UNRESOLVED,5000,True,False,False,0.00030154199339449406,0.0,0.18209213411654696,True,True,True,False
01f146b8bc97127808ec,null_anytime,null_calibration,162,4100980658,16,5000,0.0,0.05,rbf,median,anytime,bonferroni,1,2,False,UNRESOLVED,5000,True,False,False,0.00030224997317418456,0.0,0.18209213411654696,True,True,True,False
776adfb960c4a397bb73,null_anytime,null_calibration,163,93909480,16,5000,0.0,0.05,rbf,median,anytime,bonferroni,1,2,False,UNRESOLVED,5000,True,False,False,0.0003047920181415975,0.0,0.18209213411654696,True,True,True,False
7a0df403e9dd1ce0380a,null_anytime,null_calibration,164,3020983738,16,5000,0.0,0.05,rbf,median,anytime,bonferroni,1,2,False,UNRESOLVED,5000,True,False,False,0.00030212500132620335,0.0,0.18209213411654696,True,True,True,False
b8f6b330da4b9f80545e,null_anytime,null_calibration,165,1125670305,16,5000,0.0,0.05,rbf,median,anytime,bonferroni,1,2,False,UNRESOLVED,5000,True,False,False,0.0003024580073542893,0.0,0.18209213411654696,True,True,True,False
e23d4282b2e51a812279,null_anytime,null_calibration,166,1163740375,16,5000,0.0,0.05,rbf,median,anytime,bonferroni,1,2,False,UNRESOLVED,5000,True,False,False,0.00030224997317418456,0.0,0.18209213411654696,True,True,True,False
3d7e780d3f38a9cbdd1e,null_anytime,null_calibration,167,1918331953,16,5000,0.0,0.05,rbf,median,anytime,bonferroni,1,2,False,UNRESOLVED,5000,True,False,False,0.00030233297729864717,0.0,0.18209213411654696,True,True,True,False
e424f4f985b6bbb1b19c,null_anytime,null_calibration,168,3113343184,16,5000,0.0,0.05,rbf,median,anytime,bonferroni,1,2,False,UNRESOLVED,5000,True,False,False,0.0003019169671460986,0.0,0.18209213411654696,True,True,True,False
e9666de31fb4c280d2f1,null_anytime,null_calibration,169,2793842531,16,5000,0.0,0.05,rbf,median,anytime,bonferroni,1,2,False,UNRESOLVED,5000,True,False,False,0.0003030420048162341,0.0,0.18209213411654696,True,True,True,False
6ab3524d6e931ef7fc04,null_anytime,null_calibration,170,3105833441,16,5000,0.0,0.05,rbf,median,anytime,bonferroni,1,2,False,UNRESOLVED,5000,True,False,False,0.00030354101909324527,0.0,0.18209213411654696,True,True,True,False
6f4be767514cda4f9f3f,null_anytime,null_calibration,171,4211711155,16,5000,0.0,0.05,rbf,median,anytime,bonferroni,1,2,False,UNRESOLVED,5000,True,False,False,0.00030291598523035645,0.0,0.18209213411654696,True,True,True,False
74f460ac8ec0270835d3,null_anytime,null_calibration,172,4241908922,16,5000,0.0,0.05,rbf,median,anytime,bonferroni,1,2,False,UNRESOLVED,5000,True,False,False,0.0003031250089406967,0.0,0.18209213411654696,True,True,True,False
fbd6b9acc3bb9b638138,null_anytime,null_calibration,173,1778499134,16,5000,0.0,0.05,rbf,median,anytime,bonferroni,1,2,False,UNRESOLVED,5000,True,False,False,0.00030166696524247527,0.0,0.18209213411654696,True,True,True,False
b2f62d5f19b30d6e289e,null_anytime,null_calibration,174,3090536372,16,5000,0.0,0.05,rbf,median,anytime,bonferroni,1,2,False,UNRESOLVED,5000,True,False,False,0.0003030830412171781,0.0,0.18209213411654696,True,True,True,False
2cdc0ae5442e2472c361,null_anytime,null_calibration,175,1666545085,16,5000,0.0,0.05,rbf,median,anytime,bonferroni,1,2,False,UNRESOLVED,5000,True,False,False,0.0003031659871339798,0.0,0.18209213411654696,True,True,True,False
0de694439d070bd22f4a,null_anytime,null_calibration,176,1640484651,16,5000,0.0,0.05,rbf,median,anytime,bonferroni,1,2,False,UNRESOLVED,5000,True,False,False,0.0003024999750778079,0.0,0.18209213411654696,True,True,True,False
26ca5a6945ff9ad107b8,null_anytime,null_calibration,177,4197494593,16,5000,0.0,0.05,rbf,median,anytime,bonferroni,1,2,False,UNRESOLVED,5000,True,False,False,0.00030387495644390583,0.0,0.18209213411654696,True,True,True,False
b03a811b83027804c2e8,null_anytime,null_calibration,178,3822191519,16,5000,0.0,0.05,rbf,median,anytime,bonferroni,1,2,False,UNRESOLVED,5000,True,False,False,0.00030449999030679464,0.0,0.18209213411654696,True,True,True,False
fbbfd8e0e6253ec86450,null_anytime,null_calibration,179,2016402324,16,5000,0.0,0.05,rbf,median,anytime,bonferroni,1,2,False,UNRESOLVED,5000,True,False,False,0.00030212500132620335,0.0,0.18209213411654696,True,True,True,False
61fd3433a64f367f91aa,null_anytime,null_calibration,180,1814664374,16,5000,0.0,0.05,rbf,median,anytime,bonferroni,1,2,False,UNRESOLVED,5000,True,False,False,0.0003019159776158631,0.0,0.18209213411654696,True,True,True,False
a19611c8004f5721b9bf,null_anytime,null_calibration,181,4192733833,16,5000,0.0,0.05,rbf,median,anytime,bonferroni,1,2,False,UNRESOLVED,5000,True,False,False,0.0003043749602511525,0.0,0.18209213411654696,True,True,True,False
b9cc213a3c136c617c07,null_anytime,null_calibration,182,2215127092,16,5000,0.0,0.05,rbf,median,anytime,bonferroni,1,2,False,UNRESOLVED,5000,True,False,False,0.00030283303931355476,0.0,0.18209213411654696,True,True,True,False
01108dfa01fac005ed41,null_anytime,null_calibration,183,3994378299,16,5000,0.0,0.05,rbf,median,anytime,bonferroni,1,2,False,UNRESOLVED,5000,True,False,False,0.00030545901972800493,0.0,0.18209213411654696,True,True,True,False
582f7e633b0b27123717,null_anytime,null_calibration,184,885284552,16,5000,0.0,0.05,rbf,median,anytime,bonferroni,1,2,False,UNRESOLVED,5000,True,False,False,0.0003025000332854688,0.0,0.18209213411654696,True,True,True,False
61ca372dce0217df7738,null_anytime,null_calibration,185,527099343,16,5000,0.0,0.05,rbf,median,anytime,bonferroni,1,2,False,UNRESOLVED,5000,True,False,False,0.00030270800925791264,0.0,0.18209213411654696,True,True,True,False
0e2b6c9b531a2f4ce29f,null_anytime,null_calibration,186,4195471068,16,5000,0.0,0.05,rbf,median,anytime,bonferroni,1,2,False,UNRESOLVED,5000,True,False,False,0.000302958011161536,0.0,0.18209213411654696,True,True,True,False
8d1555f49ef524fbff00,null_anytime,null_calibration,187,3509572956,16,5000,0.0,0.05,rbf,median,anytime,bonferroni,1,2,False,UNRESOLVED,5000,True,False,False,0.0003028750070370734,0.0,0.18209213411654696,True,True,True,False
6188b8f81a78c3ba3c92,null_anytime,null_calibration,188,1226508465,16,5000,0.0,0.05,rbf,median,anytime,bonferroni,1,2,False,UNRESOLVED,5000,True,False,False,0.0003025829792022705,0.0,0.18209213411654696,True,True,True,False
8bd283c765ecfec434b9,null_anytime,null_calibration,189,3172497359,16,5000,0.0,0.05,rbf,median,anytime,bonferroni,1,2,False,UNRESOLVED,5000,True,False,False,0.0003469579969532788,0.0,0.18209213411654696,True,True,True,False
bae22939f764e8df705e,null_anytime,null_calibration,190,3529177026,16,5000,0.0,0.05,rbf,median,anytime,bonferroni,1,2,False,UNRESOLVED,5000,True,False,False,0.0004734580288641155,0.0,0.18209213411654696,True,True,True,False
3a953ff5dcb673be9e59,null_anytime,null_calibration,191,2209667373,16,5000,0.0,0.05,rbf,median,anytime,bonferroni,1,2,False,UNRESOLVED,5000,True,False,False,0.00042158301221206784,0.0,0.18209213411654696,True,True,True,False
eced6c173aa34077e522,null_anytime,null_calibration,192,157929855,16,5000,0.0,0.05,rbf,median,anytime,bonferroni,1,2,False,UNRESOLVED,5000,True,False,False,0.00041566701838746667,0.0,0.18209213411654696,True,True,True,False
70d3d2b250fbc91fc632,null_anytime,null_calibration,193,3748813364,16,5000,0.0,0.05,rbf,median,anytime,bonferroni,1,2,False,UNRESOLVED,5000,True,False,False,0.00040804099990054965,0.0,0.18209213411654696,True,True,True,False
e7d1764ae292e9b5b559,null_anytime,null_calibration,194,937565639,16,5000,0.0,0.05,rbf,median,anytime,bonferroni,1,2,False,UNRESOLVED,5000,True,False,False,0.00042120798025280237,0.0,0.18209213411654696,True,True,True,False
d526ff2b09793a26f1a6,null_anytime,null_calibration,195,2543752912,16,5000,0.0,0.05,rbf,median,anytime,bonferroni,1,2,False,UNRESOLVED,5000,True,False,False,0.000427083985414356,0.0,0.18209213411654696,True,True,True,False
1df01b202c077efac7d2,null_anytime,null_calibration,196,939057992,16,5000,0.0,0.05,rbf,median,anytime,bonferroni,1,2,False,UNRESOLVED,5000,True,False,False,0.0004961250233463943,0.0,0.18209213411654696,True,True,True,False
8639ebaf8bb53ef7843d,null_anytime,null_calibration,197,2748193468,16,5000,0.0,0.05,rbf,median,anytime,bonferroni,1,2,False,UNRESOLVED,5000,True,False,False,0.00047816598089411855,0.0,0.18209213411654696,True,True,True,False
bc4638d08fea013cd839,null_anytime,null_calibration,198,1714362402,16,5000,0.0,0.05,rbf,median,anytime,bonferroni,1,2,False,UNRESOLVED,5000,True,False,False,0.0004950410220772028,0.0,0.18209213411654696,True,True,True,False
726f0fcc63ec0da07d07,null_anytime,null_calibration,199,821918812,16,5000,0.0,0.05,rbf,median,anytime,bonferroni,1,2,False,UNRESOLVED,5000,True,False,False,0.0005028749583289027,0.0,0.18209213411654696,True,True,True,False
50c6c5677a041e56d1b4,null_anytime,null_calibration,200,2142372836,16,5000,0.0,0.05,rbf,median,anytime,bonferroni,1,2,False,UNRESOLVED,5000,True,False,False,0.0005110419588163495,0.0,0.18209213411654696,True,True,True,False
c2b7bcb5e75192ab7dc3,null_anytime,null_calibration,201,3798568685,16,5000,0.0,0.05,rbf,median,anytime,bonferroni,1,2,False,UNRESOLVED,5000,True,False,False,0.00047258398262783885,0.0,0.18209213411654696,True,True,True,False
4d19042e7afd8501419b,null_anytime,null_calibration,202,2689036340,16,5000,0.0,0.05,rbf,median,anytime,bonferroni,1,2,False,UNRESOLVED,5000,True,False,False,0.0004718329873867333,0.0,0.18209213411654696,True,True,True,False
0e95f4c1a2bb53600025,null_anytime,null_calibration,203,2195651579,16,5000,0.0,0.05,rbf,median,anytime,bonferroni,1,2,False,UNRESOLVED,5000,True,False,False,0.000471667037345469,0.0,0.18209213411654696,True,True,True,False
48e42779a381e566bea1,null_anytime,null_calibration,204,1574917005,16,5000,0.0,0.05,rbf,median,anytime,bonferroni,1,2,False,UNRESOLVED,5000,True,False,False,0.00048112496733665466,0.0,0.18209213411654696,True,True,True,False
da59a6483592b3e8d128,null_anytime,null_calibration,205,59128590,16,5000,0.0,0.05,rbf,median,anytime,bonferroni,1,2,False,UNRESOLVED,5000,True,False,False,0.0004711250076070428,0.0,0.18209213411654696,True,True,True,False
b7cc5fb12df260438acb,null_anytime,null_calibration,206,443672816,16,5000,0.0,0.05,rbf,median,anytime,bonferroni,1,2,False,UNRESOLVED,5000,True,False,False,0.00047208298929035664,0.0,0.18209213411654696,True,True,True,False
f7f28f1ab50e87766205,null_anytime,null_calibration,207,230239289,16,5000,0.0,0.05,rbf,median,anytime,bonferroni,1,2,False,UNRESOLVED,5000,True,False,False,0.0004725829930976033,0.0,0.18209213411654696,True,True,True,False
b2707f2b89e36ef652b9,null_anytime,null_calibration,208,4171158669,16,5000,0.0,0.05,rbf,median,anytime,bonferroni,1,2,False,UNRESOLVED,5000,True,False,False,0.0004716250114142895,0.0,0.18209213411654696,True,True,True,False
8b9e19fb0b58b3cab11a,null_anytime,null_calibration,209,2798227894,16,5000,0.0,0.05,rbf,median,anytime,bonferroni,1,2,False,UNRESOLVED,5000,True,False,False,0.0004713329835794866,0.0,0.18209213411654696,True,True,True,False
51a8d9db0487faed9c0d,null_anytime,null_calibration,210,1757029821,16,5000,0.0,0.05,rbf,median,anytime,bonferroni,1,2,False,UNRESOLVED,5000,True,False,False,0.0004218330141156912,0.0,0.18209213411654696,True,True,True,False
ba91bf42fb2c818a1268,null_anytime,null_calibration,211,382273980,16,5000,0.0,0.05,rbf,median,anytime,bonferroni,1,2,False,UNRESOLVED,5000,True,False,False,0.0003477499703876674,0.0,0.18209213411654696,True,True,True,False
f36d0dc13adf9c234b02,null_anytime,null_calibration,212,720134235,16,5000,0.0,0.05,rbf,median,anytime,bonferroni,1,2,False,UNRESOLVED,5000,True,False,False,0.0003194590099155903,0.0,0.18209213411654696,True,True,True,False
bc88eb33d5e793b82541,null_anytime,null_calibration,213,4005346227,16,5000,0.0,0.05,rbf,median,anytime,bonferroni,1,2,False,UNRESOLVED,5000,True,False,False,0.0003118330496363342,0.0,0.18209213411654696,True,True,True,False
f7323ae409524b1f2127,null_anytime,null_calibration,214,940911251,16,5000,0.0,0.05,rbf,median,anytime,bonferroni,1,2,False,UNRESOLVED,5000,True,False,False,0.0003129999968223274,0.0,0.18209213411654696,True,True,True,False
47c8ad17030f7ff706f9,null_anytime,null_calibration,215,45301909,16,5000,0.0,0.05,rbf,median,anytime,bonferroni,1,2,False,UNRESOLVED,5000,True,False,False,0.00030687503749504685,0.0,0.18209213411654696,True,True,True,False
28f12db57c2771728457,null_anytime,null_calibration,216,1545705580,16,5000,0.0,0.05,rbf,median,anytime,bonferroni,1,2,False,UNRESOLVED,5000,True,False,False,0.0003048329963348806,0.0,0.18209213411654696,True,True,True,False
b812e4d31b8322aedef6,null_anytime,null_calibration,217,4051390308,16,5000,0.0,0.05,rbf,median,anytime,bonferroni,1,2,False,UNRESOLVED,5000,True,False,False,0.00030400004470720887,0.0,0.18209213411654696,True,True,True,False
e55a50cc08da4e8015eb,null_anytime,null_calibration,218,3150897605,16,5000,0.0,0.05,rbf,median,anytime,bonferroni,1,2,False,UNRESOLVED,5000,True,False,False,0.00030520797008648515,0.0,0.18209213411654696,True,True,True,False
dbcf7c4d53a98907e385,null_anytime,null_calibration,219,4165671142,16,5000,0.0,0.05,rbf,median,anytime,bonferroni,1,2,False,UNRESOLVED,5000,True,False,False,0.000304749992210418,0.0,0.18209213411654696,True,True,True,False
354844655f8448b2a906,null_anytime,null_calibration,220,732762204,16,5000,0.0,0.05,rbf,median,anytime,bonferroni,1,2,False,UNRESOLVED,5000,True,False,False,0.00030391698237508535,0.0,0.18209213411654696,True,True,True,False
32356c5b136feffe9afa,null_anytime,null_calibration,221,4060972558,16,5000,0.0,0.05,rbf,median,anytime,bonferroni,1,2,False,UNRESOLVED,5000,True,False,False,0.0003030420048162341,0.0,0.18209213411654696,True,True,True,False
6ccbfff064ff12074714,null_anytime,null_calibration,222,3106409130,16,5000,0.0,0.05,rbf,median,anytime,bonferroni,1,2,False,UNRESOLVED,5000,True,False,False,0.000303666980471462,0.0,0.18209213411654696,True,True,True,False
2c1cb485ba458f684719,null_anytime,null_calibration,223,1868368388,16,5000,0.0,0.05,rbf,median,anytime,bonferroni,1,2,False,UNRESOLVED,5000,True,False,False,0.0003042500466108322,0.0,0.18209213411654696,True,True,True,False
c52d98ad95eaa83699a0,null_anytime,null_calibration,224,1787553368,16,5000,0.0,0.05,rbf,median,anytime,bonferroni,1,2,False,UNRESOLVED,5000,True,False,False,0.0003035419504158199,0.0,0.18209213411654696,True,True,True,False
2c7c546146b32d4ef13b,null_anytime,null_calibration,225,4058630468,16,5000,0.0,0.05,rbf,median,anytime,bonferroni,1,2,False,UNRESOLVED,5000,True,False,False,0.00030387501465156674,0.0,0.18209213411654696,True,True,True,False
17a4f0617360cf78ee29,null_anytime,null_calibration,226,2920869879,16,5000,0.0,0.05,rbf,median,anytime,bonferroni,1,2,False,UNRESOLVED,5000,True,False,False,0.0003029999788850546,0.0,0.18209213411654696,True,True,True,False
c5e89ed85a331e34badc,null_anytime,null_calibration,227,2406064533,16,5000,0.0,0.05,rbf,median,anytime,bonferroni,1,2,False,UNRESOLVED,5000,True,False,False,0.0003025420010089874,0.0,0.18209213411654696,True,True,True,False
ab661ea04160038b5d91,null_anytime,null_calibration,228,2086462785,16,5000,0.0,0.05,rbf,median,anytime,bonferroni,1,2,False,UNRESOLVED,5000,True,False,False,0.0003018340212292969,0.0,0.18209213411654696,True,True,True,False
0377d94cece2a13ab62d,null_anytime,null_calibration,229,2244372909,16,5000,0.0,0.05,rbf,median,anytime,bonferroni,1,2,False,UNRESOLVED,5000,True,False,False,0.00030462496215477586,0.0,0.18209213411654696,True,True,True,False
9a5d24ad0d4bac62c8df,null_anytime,null_calibration,230,1341715220,16,5000,0.0,0.05,rbf,median,anytime,bonferroni,1,2,False,UNRESOLVED,5000,True,False,False,0.0003029999788850546,0.0,0.18209213411654696,True,True,True,False
77d28a3a1c09ff7704c9,null_anytime,null_calibration,231,1155226708,16,5000,0.0,0.05,rbf,median,anytime,bonferroni,1,2,False,UNRESOLVED,5000,True,False,False,0.0003037089481949806,0.0,0.18209213411654696,True,True,True,False
ffe5d440f7d516a01310,null_anytime,null_calibration,232,3200911978,16,5000,0.0,0.05,rbf,median,anytime,bonferroni,1,2,False,UNRESOLVED,5000,True,False,False,0.00030341598903760314,0.0,0.18209213411654696,True,True,True,False
5e1c390e6192b999fb85,null_anytime,null_calibration,233,3204678133,16,5000,0.0,0.05,rbf,median,anytime,bonferroni,1,2,False,UNRESOLVED,5000,True,False,False,0.00030262500513345003,0.0,0.18209213411654696,True,True,True,False
d151a398040c40fb295b,null_anytime,null_calibration,234,1592271077,16,5000,0.0,0.05,rbf,median,anytime,bonferroni,1,2,False,UNRESOLVED,5000,True,False,False,0.00030445802258327603,0.0,0.18209213411654696,True,True,True,False
2628c8986069fc03810b,null_anytime,null_calibration,235,2787540620,16,5000,0.0,0.05,rbf,median,anytime,bonferroni,1,2,False,UNRESOLVED,5000,True,False,False,0.0003067079815082252,0.0,0.18209213411654696,True,True,True,False
359b664a55366f215b54,null_anytime,null_calibration,236,1484203479,16,5000,0.0,0.05,rbf,median,anytime,bonferroni,1,2,False,UNRESOLVED,5000,True,False,False,0.00030266703106462955,0.0,0.18209213411654696,True,True,True,False
383a150af9103545fdf9,null_anytime,null_calibration,237,3421252988,16,5000,0.0,0.05,rbf,median,anytime,bonferroni,1,2,False,UNRESOLVED,5000,True,False,False,0.0003032080130651593,0.0,0.18209213411654696,True,True,True,False
9e31f78ffe02c671330b,null_anytime,null_calibration,238,2106452379,16,5000,0.0,0.05,rbf,median,anytime,bonferroni,1,2,False,UNRESOLVED,5000,True,False,False,0.0003017499693669379,0.0,0.18209213411654696,True,True,True,False
ff59b13275f3cbeace8b,null_anytime,null_calibration,239,1389375588,16,5000,0.0,0.05,rbf,median,anytime,bonferroni,1,2,False,UNRESOLVED,5000,True,False,False,0.000303708016872406,0.0,0.18209213411654696,True,True,True,False
da2bd483e6328533997b,null_anytime,null_calibration,240,371223990,16,5000,0.0,0.05,rbf,median,anytime,bonferroni,1,2,False,UNRESOLVED,5000,True,False,False,0.0003024999750778079,0.0,0.18209213411654696,True,True,True,False
c2e220f84a8c9a6d8b1c,null_anytime,null_calibration,241,2802741217,16,5000,0.0,0.05,rbf,median,anytime,bonferroni,1,2,False,UNRESOLVED,5000,True,False,False,0.0003049169899895787,0.0,0.18209213411654696,True,True,True,False
2944886a450a4a4fa635,null_anytime,null_calibration,242,3349616804,16,5000,0.0,0.05,rbf,median,anytime,bonferroni,1,2,False,UNRESOLVED,5000,True,False,False,0.0003026659833267331,0.0,0.18209213411654696,True,True,True,False
a52cde42e5b79aa3c802,null_anytime,null_calibration,243,2761513566,16,5000,0.0,0.05,rbf,median,anytime,bonferroni,1,2,False,UNRESOLVED,5000,True,False,False,0.0003023750032298267,0.0,0.18209213411654696,True,True,True,False
cb89a05e2ce1e65e06e8,null_anytime,null_calibration,244,3045084218,16,5000,0.0,0.05,rbf,median,anytime,bonferroni,1,2,False,UNRESOLVED,5000,True,False,False,0.00030166603391990066,0.0,0.18209213411654696,True,True,True,False
e5ca4c807af3fdf1b179,null_anytime,null_calibration,245,3896254391,16,5000,0.0,0.05,rbf,median,anytime,bonferroni,1,2,False,UNRESOLVED,5000,True,False,False,0.0003045839839614928,0.0,0.18209213411654696,True,True,True,False
ec2c91bb3ca45391410c,null_anytime,null_calibration,246,748245727,16,5000,0.0,0.05,rbf,median,anytime,bonferroni,1,2,False,UNRESOLVED,5000,True,False,False,0.00030279200291261077,0.0,0.18209213411654696,True,True,True,False
f903fa6ed35248d0efd6,null_anytime,null_calibration,247,2948944686,16,5000,0.0,0.05,rbf,median,anytime,bonferroni,1,2,False,UNRESOLVED,5000,True,False,False,0.00030229100957512856,0.0,0.18209213411654696,True,True,True,False
e748734798dd6b649f8e,null_anytime,null_calibration,248,4029918788,16,5000,0.0,0.05,rbf,median,anytime,bonferroni,1,2,False,UNRESOLVED,5000,True,False,False,0.0003035420086234808,0.0,0.18209213411654696,True,True,True,False
e72180e3f2698f2aef7a,null_anytime,null_calibration,249,940565844,16,5000,0.0,0.05,rbf,median,anytime,bonferroni,1,2,False,UNRESOLVED,5000,True,False,False,0.0003013330278918147,0.0,0.18209213411654696,True,True,True,False
7dfb0feceed4ea51ed02,null_anytime,null_calibration,250,3849439995,16,5000,0.0,0.05,rbf,median,anytime,bonferroni,1,2,False,UNRESOLVED,5000,True,False,False,0.00030324998078867793,0.0,0.18209213411654696,True,True,True,False
973e66ad7551a6d157bc,null_anytime,null_calibration,251,3780289954,16,5000,0.0,0.05,rbf,median,anytime,bonferroni,1,2,False,UNRESOLVED,5000,True,False,False,0.0003030829830095172,0.0,0.18209213411654696,True,True,True,False
4b61486f09ea96d1b184,null_anytime,null_calibration,252,507278095,16,5000,0.0,0.05,rbf,median,anytime,bonferroni,1,2,False,UNRESOLVED,5000,True,False,False,0.00030208303360268474,0.0,0.18209213411654696,True,True,True,False
5b8d1fddb6c0b8406970,null_anytime,null_calibration,253,3777526751,16,5000,0.0,0.05,rbf,median,anytime,bonferroni,1,2,False,UNRESOLVED,5000,True,False,False,0.0003017499693669379,0.0,0.18209213411654696,True,True,True,False
4479327439002ca1d16f,null_anytime,null_calibration,254,146299738,16,5000,0.0,0.05,rbf,median,anytime,bonferroni,1,2,False,UNRESOLVED,5000,True,False,False,0.00030745798721909523,0.0,0.18209213411654696,True,True,True,False
628e2b8b3b253353551a,null_anytime,null_calibration,255,3552261910,16,5000,0.0,0.05,rbf,median,anytime,bonferroni,1,2,False,UNRESOLVED,5000,True,False,False,0.0003034170367754996,0.0,0.18209213411654696,True,True,True,False
a07995538a6e1748df96,null_anytime,null_calibration,256,1489686825,16,5000,0.0,0.05,rbf,median,anytime,bonferroni,1,2,False,UNRESOLVED,5000,True,False,False,0.00030570803210139275,0.0,0.18209213411654696,True,True,True,False
a2437cebbf06dba750d1,null_anytime,null_calibration,257,2386241487,16,5000,0.0,0.05,rbf,median,anytime,bonferroni,1,2,False,UNRESOLVED,5000,True,False,False,0.0003013749956153333,0.0,0.18209213411654696,True,True,True,False
8d24117a0db530f8c0b7,null_anytime,null_calibration,258,4178591568,16,5000,0.0,0.05,rbf,median,anytime,bonferroni,1,2,False,UNRESOLVED,5000,True,False,False,0.00030229100957512856,0.0,0.18209213411654696,True,True,True,False
79f4db4bdc511d845c78,null_anytime,null_calibration,259,4007025869,16,5000,0.0,0.05,rbf,median,anytime,bonferroni,1,2,False,UNRESOLVED,5000,True,False,False,0.0003024589968845248,0.0,0.18209213411654696,True,True,True,False
083f0e13339479801f3c,null_anytime,null_calibration,260,514995612,16,5000,0.0,0.05,rbf,median,anytime,bonferroni,1,2,False,UNRESOLVED,5000,True,False,False,0.0003031669766642153,0.0,0.18209213411654696,True,True,True,False
6d74c9439929bf1d08d1,null_anytime,null_calibration,261,3127362806,16,5000,0.0,0.05,rbf,median,anytime,bonferroni,1,2,False,UNRESOLVED,5000,True,False,False,0.0003022500313818455,0.0,0.18209213411654696,True,True,True,False
6fc0b1afc3fcd1b0bd23,null_anytime,null_calibration,262,2650821977,16,5000,0.0,0.05,rbf,median,anytime,bonferroni,1,2,False,UNRESOLVED,5000,True,False,False,0.00030145898927003145,0.0,0.18209213411654696,True,True,True,False
14dfdc326ed089ac3ea1,null_anytime,null_calibration,263,1639155714,16,5000,0.0,0.05,rbf,median,anytime,bonferroni,1,2,False,UNRESOLVED,5000,True,False,False,0.0003017500275745988,0.0,0.18209213411654696,True,True,True,False
b63fc9e7b3faaa57284c,null_anytime,null_calibration,264,286658222,16,5000,0.0,0.05,rbf,median,anytime,bonferroni,1,2,False,UNRESOLVED,5000,True,False,False,0.00030274997698143125,0.0,0.18209213411654696,True,True,True,False
11ecfff81117064dc837,null_anytime,null_calibration,265,4212093986,16,5000,0.0,0.05,rbf,median,anytime,bonferroni,1,2,False,UNRESOLVED,5000,True,False,False,0.0003018330316990614,0.0,0.18209213411654696,True,True,True,False
0bea76948f4fff52bb27,null_anytime,null_calibration,266,1094871206,16,5000,0.0,0.05,rbf,median,anytime,bonferroni,1,2,False,UNRESOLVED,5000,True,False,False,0.00030158302979543805,0.0,0.18209213411654696,True,True,True,False
04400460a4332afa0262,null_anytime,null_calibration,267,4012707441,16,5000,0.0,0.05,rbf,median,anytime,bonferroni,1,2,False,UNRESOLVED,5000,True,False,False,0.00030141702154651284,0.0,0.18209213411654696,True,True,True,False
ac45b3b50cdeae266df1,null_anytime,null_calibration,268,3704577591,16,5000,0.0,0.05,rbf,median,anytime,bonferroni,1,2,False,UNRESOLVED,5000,True,False,False,0.00030154100386425853,0.0,0.18209213411654696,True,True,True,False
70c7aa107e98390139a0,null_anytime,null_calibration,269,1869072532,16,5000,0.0,0.05,rbf,median,anytime,bonferroni,1,2,False,UNRESOLVED,5000,True,False,False,0.00030262500513345003,0.0,0.18209213411654696,True,True,True,False
6a0ce0e24ae81972b683,null_anytime,null_calibration,270,2128035242,16,5000,0.0,0.05,rbf,median,anytime,bonferroni,1,2,False,UNRESOLVED,5000,True,False,False,0.0003013329696841538,0.0,0.18209213411654696,True,True,True,False
b0690eb706d667d9835a,null_anytime,null_calibration,271,1673235565,16,5000,0.0,0.05,rbf,median,anytime,bonferroni,1,2,False,UNRESOLVED,5000,True,False,False,0.00030149996746331453,0.0,0.18209213411654696,True,True,True,False
dc0755c30d92194e1976,null_anytime,null_calibration,272,3759333393,16,5000,0.0,0.05,rbf,median,anytime,bonferroni,1,2,False,UNRESOLVED,5000,True,False,False,0.0003037910209968686,0.0,0.18209213411654696,True,True,True,False
1d009c3675d91833fb66,null_anytime,null_calibration,273,3110009321,16,5000,0.0,0.05,rbf,median,anytime,bonferroni,1,2,False,UNRESOLVED,5000,True,False,False,0.0003030839725397527,0.0,0.18209213411654696,True,True,True,False
684668f16ff421f8d96e,null_anytime,null_calibration,274,536776118,16,5000,0.0,0.05,rbf,median,anytime,bonferroni,1,2,False,UNRESOLVED,5000,True,False,False,0.00030258396873250604,0.0,0.18209213411654696,True,True,True,False
1b17268a9efa8d7c8b1b,null_anytime,null_calibration,275,3799231601,16,5000,0.0,0.05,rbf,median,anytime,bonferroni,1,2,False,UNRESOLVED,5000,True,False,False,0.0003039159928448498,0.0,0.18209213411654696,True,True,True,False
7d1722b35dc1bcf06e18,null_anytime,null_calibration,276,1907802195,16,5000,0.0,0.05,rbf,median,anytime,bonferroni,1,2,False,UNRESOLVED,5000,True,False,False,0.0003031250089406967,0.0,0.18209213411654696,True,True,True,False
34caf8da35004bba3669,null_anytime,null_calibration,277,449002846,16,5000,0.0,0.05,rbf,median,anytime,bonferroni,1,2,False,UNRESOLVED,5000,True,False,False,0.00030166597571223974,0.0,0.18209213411654696,True,True,True,False
bf842a8eb47cbfc5086e,null_anytime,null_calibration,278,2511070353,16,5000,0.0,0.05,rbf,median,anytime,bonferroni,1,2,False,UNRESOLVED,5000,True,False,False,0.0003041669842787087,0.0,0.18209213411654696,True,True,True,False
13139b07a5fd2b344ee7,null_anytime,null_calibration,279,2456246045,16,5000,0.0,0.05,rbf,median,anytime,bonferroni,1,2,False,UNRESOLVED,5000,True,False,False,0.00030187499942258,0.0,0.18209213411654696,True,True,True,False
d782176e61027096d0fb,null_anytime,null_calibration,280,3099158785,16,5000,0.0,0.05,rbf,median,anytime,bonferroni,1,2,False,UNRESOLVED,5000,True,False,False,0.0003016670234501362,0.0,0.18209213411654696,True,True,True,False
0ee08dce9b7b1daa90ae,null_anytime,null_calibration,281,380584654,16,5000,0.0,0.05,rbf,median,anytime,bonferroni,1,2,False,UNRESOLVED,5000,True,False,False,0.00030283298110589385,0.0,0.18209213411654696,True,True,True,False
56ea3835a58a9d1df3b5,null_anytime,null_calibration,282,3930731021,16,5000,0.0,0.05,rbf,median,anytime,bonferroni,1,2,False,UNRESOLVED,5000,True,False,False,0.0003018330316990614,0.0,0.18209213411654696,True,True,True,False
05ed95a5a797ca97715a,null_anytime,null_calibration,283,1925811744,16,5000,0.0,0.05,rbf,median,anytime,bonferroni,1,2,False,UNRESOLVED,5000,True,False,False,0.00030216603772714734,0.0,0.18209213411654696,True,True,True,False
59541602225d6d91e5f6,null_anytime,null_calibration,284,3025289513,16,5000,0.0,0.05,rbf,median,anytime,bonferroni,1,2,False,UNRESOLVED,5000,True,False,False,0.00030354096088558435,0.0,0.18209213411654696,True,True,True,False
5464f4d562ab44670426,null_anytime,null_calibration,285,22757716,16,5000,0.0,0.05,rbf,median,anytime,bonferroni,1,2,False,UNRESOLVED,5000,True,False,False,0.00030274997698143125,0.0,0.18209213411654696,True,True,True,False
faec404b5e97c239fba2,null_anytime,null_calibration,286,2929447566,16,5000,0.0,0.05,rbf,median,anytime,bonferroni,1,2,False,UNRESOLVED,5000,True,False,False,0.00030262500513345003,0.0,0.18209213411654696,True,True,True,False
108af3ffac82cf737068,null_anytime,null_calibration,287,4170644472,16,5000,0.0,0.05,rbf,median,anytime,bonferroni,1,2,False,UNRESOLVED,5000,True,False,False,0.0003020829753950238,0.0,0.18209213411654696,True,True,True,False
e4f0b17732bd2e6f96b1,null_anytime,null_calibration,288,4019703494,16,5000,0.0,0.05,rbf,median,anytime,bonferroni,1,2,False,UNRESOLVED,5000,True,False,False,0.00030200002947822213,0.0,0.18209213411654696,True,True,True,False
e9dea9d97916aec17256,null_anytime,null_calibration,289,2902840890,16,5000,0.0,0.05,rbf,median,anytime,bonferroni,1,2,False,UNRESOLVED,5000,True,False,False,0.0003012499655596912,0.0,0.18209213411654696,True,True,True,False
958bfc0123f7f18a2d69,null_anytime,null_calibration,290,1571246519,16,5000,0.0,0.05,rbf,median,anytime,bonferroni,1,2,False,UNRESOLVED,5000,True,False,False,0.0003017919952981174,0.0,0.18209213411654696,True,True,True,False
fdda581e0d460bd31261,null_anytime,null_calibration,291,2470112200,16,5000,0.0,0.05,rbf,median,anytime,bonferroni,1,2,False,UNRESOLVED,5000,True,False,False,0.00030216702725738287,0.0,0.18209213411654696,True,True,True,False
a37439f224fc26adcb1c,null_anytime,null_calibration,292,3424059120,16,5000,0.0,0.05,rbf,median,anytime,bonferroni,1,2,False,UNRESOLVED,5000,True,False,False,0.0003019999712705612,0.0,0.18209213411654696,True,True,True,False
a47cfb5e6094cc4a2842,null_anytime,null_calibration,293,4028831566,16,5000,0.0,0.05,rbf,median,anytime,bonferroni,1,2,False,UNRESOLVED,5000,True,False,False,0.00030341598903760314,0.0,0.18209213411654696,True,True,True,False
0f72a9dfed6753f28bae,null_anytime,null_calibration,294,3957509494,16,5000,0.0,0.05,rbf,median,anytime,bonferroni,1,2,False,UNRESOLVED,5000,True,False,False,0.00030224997317418456,0.0,0.18209213411654696,True,True,True,False
a1e1aef4789396f414dc,null_anytime,null_calibration,295,1690589488,16,5000,0.0,0.05,rbf,median,anytime,bonferroni,1,2,False,UNRESOLVED,5000,True,False,False,0.00030445901211351156,0.0,0.18209213411654696,True,True,True,False
fab33122b3bbf8f35b9c,null_anytime,null_calibration,296,3813297958,16,5000,0.0,0.05,rbf,median,anytime,bonferroni,1,2,False,UNRESOLVED,5000,True,False,False,0.00030929100466892123,0.0,0.18209213411654696,True,True,True,False
19bad48671c5ecfb82ef,null_anytime,null_calibration,297,2834370181,16,5000,0.0,0.05,rbf,median,anytime,bonferroni,1,2,False,UNRESOLVED,5000,True,False,False,0.00030337501084432006,0.0,0.18209213411654696,True,True,True,False
13cad38bf2730229a617,null_anytime,null_calibration,298,264866919,16,5000,0.0,0.05,rbf,median,anytime,bonferroni,1,2,False,UNRESOLVED,5000,True,False,False,0.0003034999826923013,0.0,0.18209213411654696,True,True,True,False
91f0c6726f9a54e0cf3b,null_anytime,null_calibration,299,3982358560,16,5000,0.0,0.05,rbf,median,anytime,bonferroni,1,2,False,UNRESOLVED,5000,True,False,False,0.000305499997921288,0.0,0.18209213411654696,True,True,True,False
9c67fce50beba04f0525,null_anytime,null_calibration,300,686443010,16,5000,0.0,0.05,rbf,median,anytime,bonferroni,1,2,False,UNRESOLVED,5000,True,False,False,0.0003025829792022705,0.0,0.18209213411654696,True,True,True,False
c66cf12be0c6a3518e2f,null_anytime,null_calibration,301,807760542,16,5000,0.0,0.05,rbf,median,anytime,bonferroni,1,2,False,UNRESOLVED,5000,True,False,False,0.00030345801496878266,0.0,0.18209213411654696,True,True,True,False
a352576fe0dc82726492,null_anytime,null_calibration,302,206104478,16,5000,0.0,0.05,rbf,median,anytime,bonferroni,1,2,False,UNRESOLVED,5000,True,False,False,0.00030224997317418456,0.0,0.18209213411654696,True,True,True,False
33fdbd3fbbf74289b8b7,null_anytime,null_calibration,303,1293434229,16,5000,0.0,0.05,rbf,median,anytime,bonferroni,1,2,False,UNRESOLVED,5000,True,False,False,0.0003024169709533453,0.0,0.18209213411654696,True,True,True,False
09432429017a07702b1f,null_anytime,null_calibration,304,3089029798,16,5000,0.0,0.05,rbf,median,anytime,bonferroni,1,2,False,UNRESOLVED,5000,True,False,False,0.00030387495644390583,0.0,0.18209213411654696,True,True,True,False
4dcf482aea8053cae367,null_anytime,null_calibration,305,2535236153,16,5000,0.0,0.05,rbf,median,anytime,bonferroni,1,2,False,UNRESOLVED,5000,True,False,False,0.00030212500132620335,0.0,0.18209213411654696,True,True,True,False
0c34f0f7de4c1ab584bd,null_anytime,null_calibration,306,4221566531,16,5000,0.0,0.05,rbf,median,anytime,bonferroni,1,2,False,UNRESOLVED,5000,True,False,False,0.0003022089949809015,0.0,0.18209213411654696,True,True,True,False
1befb97398ac5b565943,null_anytime,null_calibration,307,1213167333,16,5000,0.0,0.05,rbf,median,anytime,bonferroni,1,2,False,UNRESOLVED,5000,True,False,False,0.0003023750032298267,0.0,0.18209213411654696,True,True,True,False
4fa7eda33f886b76e500,null_anytime,null_calibration,308,3555737075,16,5000,0.0,0.05,rbf,median,anytime,bonferroni,1,2,False,UNRESOLVED,5000,True,False,False,0.00030100002186372876,0.0,0.18209213411654696,True,True,True,False
c714a84526cb532f1a81,null_anytime,null_calibration,309,2408977161,16,5000,0.0,0.05,rbf,median,anytime,bonferroni,1,2,False,UNRESOLVED,5000,True,False,False,0.00030224997317418456,0.0,0.18209213411654696,True,True,True,False
6ee595a93477b7a0de3c,null_anytime,null_calibration,310,2948816887,16,5000,0.0,0.05,rbf,median,anytime,bonferroni,1,2,False,UNRESOLVED,5000,True,False,False,0.000303666980471462,0.0,0.18209213411654696,True,True,True,False
66ae536475d846dbdd19,null_anytime,null_calibration,311,1979591985,16,5000,0.0,0.05,rbf,median,anytime,bonferroni,1,2,False,UNRESOLVED,5000,True,False,False,0.00030208396492525935,0.0,0.18209213411654696,True,True,True,False
886e29fd338c1cbb2a6c,null_anytime,null_calibration,312,3843605495,16,5000,0.0,0.05,rbf,median,anytime,bonferroni,1,2,False,UNRESOLVED,5000,True,False,False,0.00030187499942258,0.0,0.18209213411654696,True,True,True,False
448ac2ba67c4faa7ce37,null_anytime,null_calibration,313,3243006326,16,5000,0.0,0.05,rbf,median,anytime,bonferroni,1,2,False,UNRESOLVED,5000,True,False,False,0.00030191702535375953,0.0,0.18209213411654696,True,True,True,False
a16dc261e23b950588c9,null_anytime,null_calibration,314,457427980,16,5000,0.0,0.05,rbf,median,anytime,bonferroni,1,2,False,UNRESOLVED,5000,True,False,False,0.00030224997317418456,0.0,0.18209213411654696,True,True,True,False
fc4f1431287595599a60,null_anytime,null_calibration,315,2215400931,16,5000,0.0,0.05,rbf,median,anytime,bonferroni,1,2,False,UNRESOLVED,5000,True,False,False,0.00030029198387637734,0.0,0.18209213411654696,True,True,True,False
1ef0b52b4e79c79c5907,null_anytime,null_calibration,316,1418099292,16,5000,0.0,0.05,rbf,median,anytime,bonferroni,1,2,False,UNRESOLVED,5000,True,False,False,0.0003017919952981174,0.0,0.18209213411654696,True,True,True,False
19adae2027cd48756a3b,null_anytime,null_calibration,317,3898257459,16,5000,0.0,0.05,rbf,median,anytime,bonferroni,1,2,False,UNRESOLVED,5000,True,False,False,0.00030224997317418456,0.0,0.18209213411654696,True,True,True,False
a106aa4cc06a446a9cfd,null_anytime,null_calibration,318,2850935261,16,5000,0.0,0.05,rbf,median,anytime,bonferroni,1,2,False,UNRESOLVED,5000,True,False,False,0.0003028750070370734,0.0,0.18209213411654696,True,True,True,False
a7e657ec3e79744b66f8,null_anytime,null_calibration,319,4155147931,16,5000,0.0,0.05,rbf,median,anytime,bonferroni,1,2,False,UNRESOLVED,5000,True,False,False,0.0003023339668288827,0.0,0.18209213411654696,True,True,True,False
3733314ba90d2c84311b,null_anytime,null_calibration,320,3064637917,16,5000,0.0,0.05,rbf,median,anytime,bonferroni,1,2,False,UNRESOLVED,5000,True,False,False,0.00030400004470720887,0.0,0.18209213411654696,True,True,True,False
fb3052335ed0b74250fa,null_anytime,null_calibration,321,1568893969,16,5000,0.0,0.05,rbf,median,anytime,bonferroni,1,2,False,UNRESOLVED,5000,True,False,False,0.0003007079940289259,0.0,0.18209213411654696,True,True,True,False
8d06503bea9e6805c89b,null_anytime,null_calibration,322,3595455012,16,5000,0.0,0.05,rbf,median,anytime,bonferroni,1,2,False,UNRESOLVED,5000,True,False,False,0.00030229100957512856,0.0,0.18209213411654696,True,True,True,False
2a7b876797916c439e13,null_anytime,null_calibration,323,68294103,16,5000,0.0,0.05,rbf,median,anytime,bonferroni,1,2,False,UNRESOLVED,5000,True,False,False,0.00030279200291261077,0.0,0.18209213411654696,True,True,True,False
44cbd6723bc9c15fcac7,null_anytime,null_calibration,324,4035196107,16,5000,0.0,0.05,rbf,median,anytime,bonferroni,1,2,False,UNRESOLVED,5000,True,False,False,0.0003022089949809015,0.0,0.18209213411654696,True,True,True,False
3682ecbef8a50ceb8f48,null_anytime,null_calibration,325,1386770499,16,5000,0.0,0.05,rbf,median,anytime,bonferroni,1,2,False,UNRESOLVED,5000,True,False,False,0.0003024580073542893,0.0,0.18209213411654696,True,True,True,False
bada4c478441c8281967,null_anytime,null_calibration,326,696221874,16,5000,0.0,0.05,rbf,median,anytime,bonferroni,1,2,False,UNRESOLVED,5000,True,False,False,0.00030145898927003145,0.0,0.18209213411654696,True,True,True,False
90694469e59efe28645e,null_anytime,null_calibration,327,1719986826,16,5000,0.0,0.05,rbf,median,anytime,bonferroni,1,2,False,UNRESOLVED,5000,True,False,False,0.0003025000332854688,0.0,0.18209213411654696,True,True,True,False
3d131c17bd05b25e2d18,null_anytime,null_calibration,328,4038376043,16,5000,0.0,0.05,rbf,median,anytime,bonferroni,1,2,False,UNRESOLVED,5000,True,False,False,0.0003026249469257891,0.0,0.18209213411654696,True,True,True,False
91e321a50890763419e4,null_anytime,null_calibration,329,718309846,16,5000,0.0,0.05,rbf,median,anytime,bonferroni,1,2,False,UNRESOLVED,5000,True,False,False,0.0003029999788850546,0.0,0.18209213411654696,True,True,True,False
24ce6afb9886e3b27196,null_anytime,null_calibration,330,1704190338,16,5000,0.0,0.05,rbf,median,anytime,bonferroni,1,2,False,UNRESOLVED,5000,True,False,False,0.00030154100386425853,0.0,0.18209213411654696,True,True,True,False
ae81578af53d87ffd57e,null_anytime,null_calibration,331,381567754,16,5000,0.0,0.05,rbf,median,anytime,bonferroni,1,2,False,UNRESOLVED,5000,True,False,False,0.000303290958981961,0.0,0.18209213411654696,True,True,True,False
14987785dd1a8be8e73d,null_anytime,null_calibration,332,2749431651,16,5000,0.0,0.05,rbf,median,anytime,bonferroni,1,2,False,UNRESOLVED,5000,True,False,False,0.00030341598903760314,0.0,0.18209213411654696,True,True,True,False
98ed1d11ef9335f16c7b,null_anytime,null_calibration,333,1093004491,16,5000,0.0,0.05,rbf,median,anytime,bonferroni,1,2,False,UNRESOLVED,5000,True,False,False,0.0003014579997397959,0.0,0.18209213411654696,True,True,True,False
d9a204e15e8c9ae427b3,null_anytime,null_calibration,334,2292074428,16,5000,0.0,0.05,rbf,median,anytime,bonferroni,1,2,False,UNRESOLVED,5000,True,False,False,0.00030200002947822213,0.0,0.18209213411654696,True,True,True,False
723bdee3884817e88900,null_anytime,null_calibration,335,3533039898,16,5000,0.0,0.05,rbf,median,anytime,bonferroni,1,2,False,UNRESOLVED,5000,True,False,False,0.0003031669766642153,0.0,0.18209213411654696,True,True,True,False
469a4af9163e89c718a4,null_anytime,null_calibration,336,1787734521,16,5000,0.0,0.05,rbf,median,anytime,bonferroni,1,2,False,UNRESOLVED,5000,True,False,False,0.0005249999812804163,0.0,0.18209213411654696,True,True,True,False
56b76ecb5ceb786ca3f7,null_anytime,null_calibration,337,3339537362,16,5000,0.0,0.05,rbf,median,anytime,bonferroni,1,2,False,UNRESOLVED,5000,True,False,False,0.0005241669714450836,0.0,0.18209213411654696,True,True,True,False
22f14493d5bc4285b584,null_anytime,null_calibration,338,66545988,16,5000,0.0,0.05,rbf,median,anytime,bonferroni,1,2,False,UNRESOLVED,5000,True,False,False,0.00048566696932539344,0.0,0.18209213411654696,True,True,True,False
d1b38784f55cf85a2361,null_anytime,null_calibration,339,1756301549,16,5000,0.0,0.05,rbf,median,anytime,bonferroni,1,2,False,UNRESOLVED,5000,True,False,False,0.00048016704386100173,0.0,0.18209213411654696,True,True,True,False
71e35c186bec045cdde5,null_anytime,null_calibration,340,1165382694,16,5000,0.0,0.05,rbf,median,anytime,bonferroni,1,2,False,UNRESOLVED,5000,True,False,False,0.0004769170191138983,0.0,0.18209213411654696,True,True,True,False
46a7d6d2a374bc838651,null_anytime,null_calibration,341,2772256220,16,5000,0.0,0.05,rbf,median,anytime,bonferroni,1,2,False,UNRESOLVED,5000,True,False,False,0.0004929170245304704,0.0,0.18209213411654696,True,True,True,False
37439bab2762e956af71,null_anytime,null_calibration,342,2272687068,16,5000,0.0,0.05,rbf,median,anytime,bonferroni,1,2,False,UNRESOLVED,5000,True,False,False,0.0004831659607589245,0.0,0.18209213411654696,True,True,True,False
4f1571f63ce0c8740291,null_anytime,null_calibration,343,1858565703,16,5000,0.0,0.05,rbf,median,anytime,bonferroni,1,2,False,UNRESOLVED,5000,True,False,False,0.000495875021442771,0.0,0.18209213411654696,True,True,True,False
d31383883076fec2cb1c,null_anytime,null_calibration,344,846062356,16,5000,0.0,0.05,rbf,median,anytime,bonferroni,1,2,False,UNRESOLVED,5000,True,False,False,0.0004985829582437873,0.0,0.18209213411654696,True,True,True,False
5c92860de99e1d38bc46,null_anytime,null_calibration,345,3616382285,16,5000,0.0,0.05,rbf,median,anytime,bonferroni,1,2,False,UNRESOLVED,5000,True,False,False,0.0005129159544594586,0.0,0.18209213411654696,True,True,True,False
ff21f28ad3b04254c4f8,null_anytime,null_calibration,346,239578796,16,5000,0.0,0.05,rbf,median,anytime,bonferroni,1,2,False,UNRESOLVED,5000,True,False,False,0.0004737910348922014,0.0,0.18209213411654696,True,True,True,False
5be01be7d34b22753e1b,null_anytime,null_calibration,347,1539986159,16,5000,0.0,0.05,rbf,median,anytime,bonferroni,1,2,False,UNRESOLVED,5000,True,False,False,0.00047262496082112193,0.0,0.18209213411654696,True,True,True,False
5904af3f341e061e8f61,null_anytime,null_calibration,348,2873161351,16,5000,0.0,0.05,rbf,median,anytime,bonferroni,1,2,False,UNRESOLVED,5000,True,False,False,0.00047320802696049213,0.0,0.18209213411654696,True,True,True,False
062161a23ec009d8fbf2,null_anytime,null_calibration,349,2235431679,16,5000,0.0,0.05,rbf,median,anytime,bonferroni,1,2,False,UNRESOLVED,5000,True,False,False,0.00047149998135864735,0.0,0.18209213411654696,True,True,True,False
93bd1b962939563d6a04,null_anytime,null_calibration,350,4266523066,16,5000,0.0,0.05,rbf,median,anytime,bonferroni,1,2,False,UNRESOLVED,5000,True,False,False,0.0004706659819930792,0.0,0.18209213411654696,True,True,True,False
9a5e05bda9ae4e626a25,null_anytime,null_calibration,351,3441782476,16,5000,0.0,0.05,rbf,median,anytime,bonferroni,1,2,False,UNRESOLVED,5000,True,False,False,0.0004887079703621566,0.0,0.18209213411654696,True,True,True,False
bb5aa6e2c7ffd385ad6f,null_anytime,null_calibration,352,1587434082,16,5000,0.0,0.05,rbf,median,anytime,bonferroni,1,2,False,UNRESOLVED,5000,True,False,False,0.0004728750209324062,0.0,0.18209213411654696,True,True,True,False
ea15ecb96e2e8ec65ca2,null_anytime,null_calibration,353,1430663506,16,5000,0.0,0.05,rbf,median,anytime,bonferroni,1,2,False,UNRESOLVED,5000,True,False,False,0.00047337502473965287,0.0,0.18209213411654696,True,True,True,False
25b04511e69bb3e380e2,null_anytime,null_calibration,354,3058873425,16,5000,0.0,0.05,rbf,median,anytime,bonferroni,1,2,False,UNRESOLVED,5000,True,False,False,0.00047262501902878284,0.0,0.18209213411654696,True,True,True,False
dcdbb8b0988560c013f4,null_anytime,null_calibration,355,1284865778,16,5000,0.0,0.05,rbf,median,anytime,bonferroni,1,2,False,UNRESOLVED,5000,True,False,False,0.0004640839761123061,0.0,0.18209213411654696,True,True,True,False
e3f0ff1d518dc9a28d72,null_anytime,null_calibration,356,1867418171,16,5000,0.0,0.05,rbf,median,anytime,bonferroni,1,2,False,UNRESOLVED,5000,True,False,False,0.000327541958540678,0.0,0.18209213411654696,True,True,True,False
becafde7f52cee5c4d38,null_anytime,null_calibration,357,717706397,16,5000,0.0,0.05,rbf,median,anytime,bonferroni,1,2,False,UNRESOLVED,5000,True,False,False,0.0003113750135526061,0.0,0.18209213411654696,True,True,True,False
cfe7c743f85dabb1709b,null_anytime,null_calibration,358,2287366784,16,5000,0.0,0.05,rbf,median,anytime,bonferroni,1,2,False,UNRESOLVED,5000,True,False,False,0.0003084999625571072,0.0,0.18209213411654696,True,True,True,False
f82e4860bff9608c13db,null_anytime,null_calibration,359,501126731,16,5000,0.0,0.05,rbf,median,anytime,bonferroni,1,2,False,UNRESOLVED,5000,True,False,False,0.0003058750298805535,0.0,0.18209213411654696,True,True,True,False
a5d23dc53a94b9ca8681,null_anytime,null_calibration,360,3366611217,16,5000,0.0,0.05,rbf,median,anytime,bonferroni,1,2,False,UNRESOLVED,5000,True,False,False,0.000304791028611362,0.0,0.18209213411654696,True,True,True,False
84a7f483abef272c65fc,null_anytime,null_calibration,361,3205364458,16,5000,0.0,0.05,rbf,median,anytime,bonferroni,1,2,False,UNRESOLVED,5000,True,False,False,0.0003085410571657121,0.0,0.18209213411654696,True,True,True,False
9a121e685ec5fcba2c62,null_anytime,null_calibration,362,74453688,16,5000,0.0,0.05,rbf,median,anytime,bonferroni,1,2,False,UNRESOLVED,5000,True,False,False,0.00030566699570044875,0.0,0.18209213411654696,True,True,True,False
4784a12f033c99c91db0,null_anytime,null_calibration,363,1011365249,16,5000,0.0,0.05,rbf,median,anytime,bonferroni,1,2,False,UNRESOLVED,5000,True,False,False,0.00030462502036243677,0.0,0.18209213411654696,True,True,True,False
d4c710ffa60687618e34,null_anytime,null_calibration,364,2575189759,16,5000,0.0,0.05,rbf,median,anytime,bonferroni,1,2,False,UNRESOLVED,5000,True,False,False,0.000302958011161536,0.0,0.18209213411654696,True,True,True,False
4b9b1a505d2e3554ef62,null_anytime,null_calibration,365,3117455067,16,5000,0.0,0.05,rbf,median,anytime,bonferroni,1,2,False,UNRESOLVED,5000,True,False,False,0.00030329194851219654,0.0,0.18209213411654696,True,True,True,False
50ecda3799042da62181,null_anytime,null_calibration,366,1993475381,16,5000,0.0,0.05,rbf,median,anytime,bonferroni,1,2,False,UNRESOLVED,5000,True,False,False,0.00030204199720174074,0.0,0.18209213411654696,True,True,True,False
065215870caec8f3346c,null_anytime,null_calibration,367,1840290355,16,5000,0.0,0.05,rbf,median,anytime,bonferroni,1,2,False,UNRESOLVED,5000,True,False,False,0.0003245000261813402,0.0,0.18209213411654696,True,True,True,False
40067f0ff3c054afdd12,null_anytime,null_calibration,368,2614824556,16,5000,0.0,0.05,rbf,median,anytime,bonferroni,1,2,False,UNRESOLVED,5000,True,False,False,0.00034016702556982636,0.0,0.18209213411654696,True,True,True,False
a7a4bffa260846539a7f,null_anytime,null_calibration,369,372170616,16,5000,0.0,0.05,rbf,median,anytime,bonferroni,1,2,False,UNRESOLVED,5000,True,False,False,0.0003416250110603869,0.0,0.18209213411654696,True,True,True,False
f8b2522c805f6fca051e,null_anytime,null_calibration,370,4228727202,16,5000,0.0,0.05,rbf,median,anytime,bonferroni,1,2,False,UNRESOLVED,5000,True,False,False,0.0003429580247029662,0.0,0.18209213411654696,True,True,True,False
1ebdad483e38718cc1a2,null_anytime,null_calibration,371,2513030312,16,5000,0.0,0.05,rbf,median,anytime,bonferroni,1,2,False,UNRESOLVED,5000,True,False,False,0.0003410829813219607,0.0,0.18209213411654696,True,True,True,False
9e208816030663324903,null_anytime,null_calibration,372,4194559688,16,5000,0.0,0.05,rbf,median,anytime,bonferroni,1,2,False,UNRESOLVED,5000,True,False,False,0.00034120900090783834,0.0,0.18209213411654696,True,True,True,False
d4f9e0b545e96b5686f4,null_anytime,null_calibration,373,3023725728,16,5000,0.0,0.05,rbf,median,anytime,bonferroni,1,2,False,UNRESOLVED,5000,True,False,False,0.00034316600067541003,0.0,0.18209213411654696,True,True,True,False
9aeba967fafd074bc10c,null_anytime,null_calibration,374,2362050627,16,5000,0.0,0.05,rbf,median,anytime,bonferroni,1,2,False,UNRESOLVED,5000,True,False,False,0.000340582977514714,0.0,0.18209213411654696,True,True,True,False
89dd9759487463f98281,null_anytime,null_calibration,375,24890914,16,5000,0.0,0.05,rbf,median,anytime,bonferroni,1,2,False,UNRESOLVED,5000,True,False,False,0.00034191698068752885,0.0,0.18209213411654696,True,True,True,False
ee650cf97f39f5c87c43,null_anytime,null_calibration,376,4187226635,16,5000,0.0,0.05,rbf,median,anytime,bonferroni,1,2,False,UNRESOLVED,5000,True,False,False,0.00034129200503230095,0.0,0.18209213411654696,True,True,True,False
66a439b3f8884cedc62d,null_anytime,null_calibration,377,733113279,16,5000,0.0,0.05,rbf,median,anytime,bonferroni,1,2,False,UNRESOLVED,5000,True,False,False,0.0003404999733902514,0.0,0.18209213411654696,True,True,True,False
dd7da1e973018b141b7e,null_anytime,null_calibration,378,2890358437,16,5000,0.0,0.05,rbf,median,anytime,bonferroni,1,2,False,UNRESOLVED,5000,True,False,False,0.00034079200122505426,0.0,0.18209213411654696,True,True,True,False
b78b77327434e9c70718,null_anytime,null_calibration,379,2400925728,16,5000,0.0,0.05,rbf,median,anytime,bonferroni,1,2,False,UNRESOLVED,5000,True,False,False,0.0003435830003581941,0.0,0.18209213411654696,True,True,True,False
01de92c513d9d52dbb3c,null_anytime,null_calibration,380,1755656178,16,5000,0.0,0.05,rbf,median,anytime,bonferroni,1,2,False,UNRESOLVED,5000,True,False,False,0.00034216599306091666,0.0,0.18209213411654696,True,True,True,False
30720314f51a46dd6387,null_anytime,null_calibration,381,1210677893,16,5000,0.0,0.05,rbf,median,anytime,bonferroni,1,2,False,UNRESOLVED,5000,True,False,False,0.00034108402905985713,0.0,0.18209213411654696,True,True,True,False
f85cd8fa0e9c7b4bd3de,null_anytime,null_calibration,382,1986646925,16,5000,0.0,0.05,rbf,median,anytime,bonferroni,1,2,False,UNRESOLVED,5000,True,False,False,0.00034324999433010817,0.0,0.18209213411654696,True,True,True,False
cfc77e773504794a3e3e,null_anytime,null_calibration,383,2852450754,16,5000,0.0,0.05,rbf,median,anytime,bonferroni,1,2,False,UNRESOLVED,5000,True,False,False,0.0003401659778319299,0.0,0.18209213411654696,True,True,True,False
cddf8414f8f596ae7f3b,null_anytime,null_calibration,384,3124525783,16,5000,0.0,0.05,rbf,median,anytime,bonferroni,1,2,False,UNRESOLVED,5000,True,False,False,0.000343833991792053,0.0,0.18209213411654696,True,True,True,False
a9583ab1ba97137ba090,null_anytime,null_calibration,385,3438275988,16,5000,0.0,0.05,rbf,median,anytime,bonferroni,1,2,False,UNRESOLVED,5000,True,False,False,0.0003410830395296216,0.0,0.18209213411654696,True,True,True,False
5ca4f702ac25bb489508,null_anytime,null_calibration,386,3237499613,16,5000,0.0,0.05,rbf,median,anytime,bonferroni,1,2,False,UNRESOLVED,5000,True,False,False,0.00034379196586087346,0.0,0.18209213411654696,True,True,True,False
8fbc4db478c793363715,null_anytime,null_calibration,387,1206781341,16,5000,0.0,0.05,rbf,median,anytime,bonferroni,1,2,False,UNRESOLVED,5000,True,False,False,0.00034024997148662806,0.0,0.18209213411654696,True,True,True,False
e8c46c14f6ac12353f3d,null_anytime,null_calibration,388,552922110,16,5000,0.0,0.05,rbf,median,anytime,bonferroni,1,2,False,UNRESOLVED,5000,True,False,False,0.0003399999695830047,0.0,0.18209213411654696,True,True,True,False
20684c92bdda65c5a8a0,null_anytime,null_calibration,389,445316005,16,5000,0.0,0.05,rbf,median,anytime,bonferroni,1,2,False,UNRESOLVED,5000,True,False,False,0.00034245802089571953,0.0,0.18209213411654696,True,True,True,False
bd1bff5fe7d042208234,null_anytime,null_calibration,390,2308049810,16,5000,0.0,0.05,rbf,median,anytime,bonferroni,1,2,False,UNRESOLVED,5000,True,False,False,0.0003415830433368683,0.0,0.18209213411654696,True,True,True,False
89cafacd43dd0d2286c6,null_anytime,null_calibration,391,2027083391,16,5000,0.0,0.05,rbf,median,anytime,bonferroni,1,2,False,UNRESOLVED,5000,True,False,False,0.0003406249452382326,0.0,0.18209213411654696,True,True,True,False
7218f53a562da281416c,null_anytime,null_calibration,392,1795823425,16,5000,0.0,0.05,rbf,median,anytime,bonferroni,1,2,False,UNRESOLVED,5000,True,False,False,0.00034191703889518976,0.0,0.18209213411654696,True,True,True,False
f3c0628b12686589919c,null_anytime,null_calibration,393,1362757278,16,5000,0.0,0.05,rbf,median,anytime,bonferroni,1,2,False,UNRESOLVED,5000,True,False,False,0.0003409999771974981,0.0,0.18209213411654696,True,True,True,False
56f814da43bd352ba919,null_anytime,null_calibration,394,3231944901,16,5000,0.0,0.05,rbf,median,anytime,bonferroni,1,2,False,UNRESOLVED,5000,True,False,False,0.00033950002398341894,0.0,0.18209213411654696,True,True,True,False
b7a7d2ef0c8e5986def6,null_anytime,null_calibration,395,2277266066,16,5000,0.0,0.05,rbf,median,anytime,bonferroni,1,2,False,UNRESOLVED,5000,True,False,False,0.00034320796839892864,0.0,0.18209213411654696,True,True,True,False
ffea125f44028b3d5c09,null_anytime,null_calibration,396,3396851526,16,5000,0.0,0.05,rbf,median,anytime,bonferroni,1,2,False,UNRESOLVED,5000,True,False,False,0.0003387500182725489,0.0,0.18209213411654696,True,True,True,False
e1f02519c3315035b5e5,null_anytime,null_calibration,397,2863827050,16,5000,0.0,0.05,rbf,median,anytime,bonferroni,1,2,False,UNRESOLVED,5000,True,False,False,0.0003414589446038008,0.0,0.18209213411654696,True,True,True,False
4c1e95d01a79f8f819d2,null_anytime,null_calibration,398,1436308651,16,5000,0.0,0.05,rbf,median,anytime,bonferroni,1,2,False,UNRESOLVED,5000,True,False,False,0.00035020901123061776,0.0,0.18209213411654696,True,True,True,False
253078e4dd0554e8a646,null_anytime,null_calibration,399,1203714380,16,5000,0.0,0.05,rbf,median,anytime,bonferroni,1,2,False,UNRESOLVED,5000,True,False,False,0.00034241599496454,0.0,0.18209213411654696,True,True,True,False
2d8b4436e388e1dbf2ab,null_anytime,null_calibration,400,2241560006,16,5000,0.0,0.05,rbf,median,anytime,bonferroni,1,2,False,UNRESOLVED,5000,True,False,False,0.00034029100788757205,0.0,0.18209213411654696,True,True,True,False
10316e3aa2e8b09f82c5,null_anytime,null_calibration,401,467431209,16,5000,0.0,0.05,rbf,median,anytime,bonferroni,1,2,False,UNRESOLVED,5000,True,False,False,0.00034149998100474477,0.0,0.18209213411654696,True,True,True,False
83df0d40fa5f16353546,null_anytime,null_calibration,402,2869773272,16,5000,0.0,0.05,rbf,median,anytime,bonferroni,1,2,False,UNRESOLVED,5000,True,False,False,0.0003405000315979123,0.0,0.18209213411654696,True,True,True,False
d95b3ebef0effb93227d,null_anytime,null_calibration,403,3213126849,16,5000,0.0,0.05,rbf,median,anytime,bonferroni,1,2,False,UNRESOLVED,5000,True,False,False,0.0003435410326346755,0.0,0.18209213411654696,True,True,True,False
76701938bbf79677dfc8,null_anytime,null_calibration,404,345280636,16,5000,0.0,0.05,rbf,median,anytime,bonferroni,1,2,False,UNRESOLVED,5000,True,False,False,0.0003380830166861415,0.0,0.18209213411654696,True,True,True,False
2faea37990f9a6fd9581,null_anytime,null_calibration,405,312650613,16,5000,0.0,0.05,rbf,median,anytime,bonferroni,1,2,False,UNRESOLVED,5000,True,False,False,0.00034004199551418424,0.0,0.18209213411654696,True,True,True,False
e36710bcdd1ed8fc7896,null_anytime,null_calibration,406,4175435526,16,5000,0.0,0.05,rbf,median,anytime,bonferroni,1,2,False,UNRESOLVED,5000,True,False,False,0.0003397090476937592,0.0,0.18209213411654696,True,True,True,False
080e164231d19a9dbb87,null_anytime,null_calibration,407,819599742,16,5000,0.0,0.05,rbf,median,anytime,bonferroni,1,2,False,UNRESOLVED,5000,True,False,False,0.00033708399860188365,0.0,0.18209213411654696,True,True,True,False
6dcbb049d572e350223f,null_anytime,null_calibration,408,1635363038,16,5000,0.0,0.05,rbf,median,anytime,bonferroni,1,2,False,UNRESOLVED,5000,True,False,False,0.00033766700653359294,0.0,0.18209213411654696,True,True,True,False
c4c6d8b2448ba7792dfd,null_anytime,null_calibration,409,1306253882,16,5000,0.0,0.05,rbf,median,anytime,bonferroni,1,2,False,UNRESOLVED,5000,True,False,False,0.000339167017955333,0.0,0.18209213411654696,True,True,True,False
2e012f54c4fb608681fd,null_anytime,null_calibration,410,687332502,16,5000,0.0,0.05,rbf,median,anytime,bonferroni,1,2,False,UNRESOLVED,5000,True,False,False,0.00033912499202415347,0.0,0.18209213411654696,True,True,True,False
a7a944b02b88764f081b,null_anytime,null_calibration,411,471165715,16,5000,0.0,0.05,rbf,median,anytime,bonferroni,1,2,False,UNRESOLVED,5000,True,False,False,0.00033895898377522826,0.0,0.18209213411654696,True,True,True,False
6f03891bedd2c3494878,null_anytime,null_calibration,412,3363653733,16,5000,0.0,0.05,rbf,median,anytime,bonferroni,1,2,False,UNRESOLVED,5000,True,False,False,0.00034120900090783834,0.0,0.18209213411654696,True,True,True,False
8b6cda6ea4e79e3b2fc5,null_anytime,null_calibration,413,3563871158,16,5000,0.0,0.05,rbf,median,anytime,bonferroni,1,2,False,UNRESOLVED,5000,True,False,False,0.0003409580094739795,0.0,0.18209213411654696,True,True,True,False
bcb49ee0faf7a1b1f075,null_anytime,null_calibration,414,794904891,16,5000,0.0,0.05,rbf,median,anytime,bonferroni,1,2,False,UNRESOLVED,5000,True,False,False,0.000339917023666203,0.0,0.18209213411654696,True,True,True,False
f22ce8016d88a87c1230,null_anytime,null_calibration,415,782188715,16,5000,0.0,0.05,rbf,median,anytime,bonferroni,1,2,False,UNRESOLVED,5000,True,False,False,0.00034008303191512823,0.0,0.18209213411654696,True,True,True,False
0edd9d61ff720913dd4d,null_anytime,null_calibration,416,2925952176,16,5000,0.0,0.05,rbf,median,anytime,bonferroni,1,2,False,UNRESOLVED,5000,True,False,False,0.00033908302430063486,0.0,0.18209213411654696,True,True,True,False
2eeadafe9b17a253512f,null_anytime,null_calibration,417,405926912,16,5000,0.0,0.05,rbf,median,anytime,bonferroni,1,2,False,UNRESOLVED,5000,True,False,False,0.00034095795126631856,0.0,0.18209213411654696,True,True,True,False
dcfcaeb9a3527ecc27d9,null_anytime,null_calibration,418,3307466626,16,5000,0.0,0.05,rbf,median,anytime,bonferroni,1,2,False,UNRESOLVED,5000,True,False,False,0.00034075003350153565,0.0,0.18209213411654696,True,True,True,False
aeee40c09b49531d20f4,null_anytime,null_calibration,419,128493099,16,5000,0.0,0.05,rbf,median,anytime,bonferroni,1,2,False,UNRESOLVED,5000,True,False,False,0.00034024997148662806,0.0,0.18209213411654696,True,True,True,False
d37f689dc7ff25e94cb5,null_anytime,null_calibration,420,2986848121,16,5000,0.0,0.05,rbf,median,anytime,bonferroni,1,2,False,UNRESOLVED,5000,True,False,False,0.00033950002398341894,0.0,0.18209213411654696,True,True,True,False
228b2b4542cec7b1545e,null_anytime,null_calibration,421,331083708,16,5000,0.0,0.05,rbf,median,anytime,bonferroni,1,2,False,UNRESOLVED,5000,True,False,False,0.00033850001636892557,0.0,0.18209213411654696,True,True,True,False
c4c96068e7a89f470789,null_anytime,null_calibration,422,4232624521,16,5000,0.0,0.05,rbf,median,anytime,bonferroni,1,2,False,UNRESOLVED,5000,True,False,False,0.0003397090476937592,0.0,0.18209213411654696,True,True,True,False
3c40e118dcdc3894ddad,null_anytime,null_calibration,423,1637490249,16,5000,0.0,0.05,rbf,median,anytime,bonferroni,1,2,False,UNRESOLVED,5000,True,False,False,0.0003393749939277768,0.0,0.18209213411654696,True,True,True,False
64d7f30f2c0aac8b36f6,null_anytime,null_calibration,424,1230109357,16,5000,0.0,0.05,rbf,median,anytime,bonferroni,1,2,False,UNRESOLVED,5000,True,False,False,0.00034445797791704535,0.0,0.18209213411654696,True,True,True,False
b74f5691d2395f13e711,null_anytime,null_calibration,425,3396228351,16,5000,0.0,0.05,rbf,median,anytime,bonferroni,1,2,False,UNRESOLVED,5000,True,False,False,0.0003411249490454793,0.0,0.18209213411654696,True,True,True,False
d03810faf5af0f30aa54,null_anytime,null_calibration,426,1587543161,16,5000,0.0,0.05,rbf,median,anytime,bonferroni,1,2,False,UNRESOLVED,5000,True,False,False,0.0003399580018594861,0.0,0.18209213411654696,True,True,True,False
ddaf89c9273aaa159d41,null_anytime,null_calibration,427,4207464847,16,5000,0.0,0.05,rbf,median,anytime,bonferroni,1,2,False,UNRESOLVED,5000,True,False,False,0.00034154101740568876,0.0,0.18209213411654696,True,True,True,False
c796b6595f2dec6712cc,null_anytime,null_calibration,428,3073198663,16,5000,0.0,0.05,rbf,median,anytime,bonferroni,1,2,False,UNRESOLVED,5000,True,False,False,0.00034083303762599826,0.0,0.18209213411654696,True,True,True,False
38b8e104c3e6e2fce638,null_anytime,null_calibration,429,2002868151,16,5000,0.0,0.05,rbf,median,anytime,bonferroni,1,2,False,UNRESOLVED,5000,True,False,False,0.00033945898758247495,0.0,0.18209213411654696,True,True,True,False
65f243a006c633f75678,null_anytime,null_calibration,430,3771048379,16,5000,0.0,0.05,rbf,median,anytime,bonferroni,1,2,False,UNRESOLVED,5000,True,False,False,0.00034041597973555326,0.0,0.18209213411654696,True,True,True,False
6dcdc16bbe3b598e5f36,null_anytime,null_calibration,431,3495362690,16,5000,0.0,0.05,rbf,median,anytime,bonferroni,1,2,False,UNRESOLVED,5000,True,False,False,0.00033866596641018987,0.0,0.18209213411654696,True,True,True,False
8d3e3107dad142109412,null_anytime,null_calibration,432,885552504,16,5000,0.0,0.05,rbf,median,anytime,bonferroni,1,2,False,UNRESOLVED,5000,True,False,False,0.00033974996767938137,0.0,0.18209213411654696,True,True,True,False
767021f1d0d118f876b0,null_anytime,null_calibration,433,2663815583,16,5000,0.0,0.05,rbf,median,anytime,bonferroni,1,2,False,UNRESOLVED,5000,True,False,False,0.00033912499202415347,0.0,0.18209213411654696,True,True,True,False
c4f28139199cc945448b,null_anytime,null_calibration,434,998347692,16,5000,0.0,0.05,rbf,median,anytime,bonferroni,1,2,False,UNRESOLVED,5000,True,False,False,0.0003403330338187516,0.0,0.18209213411654696,True,True,True,False
5106ec036ee1be25a250,null_anytime,null_calibration,435,544385135,16,5000,0.0,0.05,rbf,median,anytime,bonferroni,1,2,False,UNRESOLVED,5000,True,False,False,0.00036808301229029894,0.0,0.18209213411654696,True,True,True,False
f426cd4b0ec46cdeaf42,null_anytime,null_calibration,436,2944161861,16,5000,0.0,0.05,rbf,median,anytime,bonferroni,1,2,False,UNRESOLVED,5000,True,False,False,0.0003434580285102129,0.0,0.18209213411654696,True,True,True,False
f719a1052165d9a43097,null_anytime,null_calibration,437,1925979692,16,5000,0.0,0.05,rbf,median,anytime,bonferroni,1,2,False,UNRESOLVED,5000,True,False,False,0.0003400410059839487,0.0,0.18209213411654696,True,True,True,False
6b09a52b757078ba852e,null_anytime,null_calibration,438,2026041619,16,5000,0.0,0.05,rbf,median,anytime,bonferroni,1,2,False,UNRESOLVED,5000,True,False,False,0.0003406250034458935,0.0,0.18209213411654696,True,True,True,False
b426e3d5ff900f5efee7,null_anytime,null_calibration,439,1420836655,16,5000,0.0,0.05,rbf,median,anytime,bonferroni,1,2,False,UNRESOLVED,5000,True,False,False,0.0003396670217625797,0.0,0.18209213411654696,True,True,True,False
5daf82ec467a22166718,null_anytime,null_calibration,440,3278178562,16,5000,0.0,0.05,rbf,median,anytime,bonferroni,1,2,False,UNRESOLVED,5000,True,False,False,0.00034262501867488027,0.0,0.18209213411654696,True,True,True,False
086073e41699fb696c4a,null_anytime,null_calibration,441,1673989132,16,5000,0.0,0.05,rbf,median,anytime,bonferroni,1,2,False,UNRESOLVED,5000,True,False,False,0.0003404589951969683,0.0,0.18209213411654696,True,True,True,False
d814effa4017287d2fa0,null_anytime,null_calibration,442,3620316268,16,5000,0.0,0.05,rbf,median,anytime,bonferroni,1,2,False,UNRESOLVED,5000,True,False,False,0.0003378340043127537,0.0,0.18209213411654696,True,True,True,False
2884169cd0bc7340d494,null_anytime,null_calibration,443,4262670529,16,5000,0.0,0.05,rbf,median,anytime,bonferroni,1,2,False,UNRESOLVED,5000,True,False,False,0.0003405000315979123,0.0,0.18209213411654696,True,True,True,False
718fdebeb9dd0c524deb,null_anytime,null_calibration,444,1488793964,16,5000,0.0,0.05,rbf,median,anytime,bonferroni,1,2,False,UNRESOLVED,5000,True,False,False,0.00034316699020564556,0.0,0.18209213411654696,True,True,True,False
20a7d69dea4d416a85c6,null_anytime,null_calibration,445,3837092595,16,5000,0.0,0.05,rbf,median,anytime,bonferroni,1,2,False,UNRESOLVED,5000,True,False,False,0.00034183397656306624,0.0,0.18209213411654696,True,True,True,False
8e68c45f86c5dad68042,null_anytime,null_calibration,446,2299608378,16,5000,0.0,0.05,rbf,median,anytime,bonferroni,1,2,False,UNRESOLVED,5000,True,False,False,0.0003401659778319299,0.0,0.18209213411654696,True,True,True,False
f5d53a5ececf3ef3e60a,null_anytime,null_calibration,447,622752669,16,5000,0.0,0.05,rbf,median,anytime,bonferroni,1,2,False,UNRESOLVED,5000,True,False,False,0.000340582977514714,0.0,0.18209213411654696,True,True,True,False
f728f58f01180d9d857c,null_anytime,null_calibration,448,4018665429,16,5000,0.0,0.05,rbf,median,anytime,bonferroni,1,2,False,UNRESOLVED,5000,True,False,False,0.00033970799995586276,0.0,0.18209213411654696,True,True,True,False
41ac8529ba9bbda6a72f,null_anytime,null_calibration,449,2333917854,16,5000,0.0,0.05,rbf,median,anytime,bonferroni,1,2,False,UNRESOLVED,5000,True,False,False,0.0003399999695830047,0.0,0.18209213411654696,True,True,True,False
693028892146359d40ee,null_anytime,null_calibration,450,2468215034,16,5000,0.0,0.05,rbf,median,anytime,bonferroni,1,2,False,UNRESOLVED,5000,True,False,False,0.00034008303191512823,0.0,0.18209213411654696,True,True,True,False
1a85bef5e93d61fff19d,null_anytime,null_calibration,451,2075276690,16,5000,0.0,0.05,rbf,median,anytime,bonferroni,1,2,False,UNRESOLVED,5000,True,False,False,0.0003405419993214309,0.0,0.18209213411654696,True,True,True,False
2612cda94bdbaa8497db,null_anytime,null_calibration,452,1441686337,16,5000,0.0,0.05,rbf,median,anytime,bonferroni,1,2,False,UNRESOLVED,5000,True,False,False,0.0003404589951969683,0.0,0.18209213411654696,True,True,True,False
da282038d0d59cc721f5,null_anytime,null_calibration,453,2716127153,16,5000,0.0,0.05,rbf,median,anytime,bonferroni,1,2,False,UNRESOLVED,5000,True,False,False,0.0003403330338187516,0.0,0.18209213411654696,True,True,True,False
651d3bb52ef1bbb7dcb1,null_anytime,null_calibration,454,986896586,16,5000,0.0,0.05,rbf,median,anytime,bonferroni,1,2,False,UNRESOLVED,5000,True,False,False,0.0003406250034458935,0.0,0.18209213411654696,True,True,True,False
268445f2ac41ef80bc14,null_anytime,null_calibration,455,2522864254,16,5000,0.0,0.05,rbf,median,anytime,bonferroni,1,2,False,UNRESOLVED,5000,True,False,False,0.00033966597402468324,0.0,0.18209213411654696,True,True,True,False
8aa1dce3fa924e2c1dec,null_anytime,null_calibration,456,2045619064,16,5000,0.0,0.05,rbf,median,anytime,bonferroni,1,2,False,UNRESOLVED,5000,True,False,False,0.0003392499638721347,0.0,0.18209213411654696,True,True,True,False
6c06e4bf4619b80090fc,null_anytime,null_calibration,457,1492587148,16,5000,0.0,0.05,rbf,median,anytime,bonferroni,1,2,False,UNRESOLVED,5000,True,False,False,0.00034079101169481874,0.0,0.18209213411654696,True,True,True,False
c40a1ae0093af3b63f3d,null_anytime,null_calibration,458,1688412778,16,5000,0.0,0.05,rbf,median,anytime,bonferroni,1,2,False,UNRESOLVED,5000,True,False,False,0.0003398749977350235,0.0,0.18209213411654696,True,True,True,False
7baf3f0527df182933c4,null_anytime,null_calibration,459,1300738819,16,5000,0.0,0.05,rbf,median,anytime,bonferroni,1,2,False,UNRESOLVED,5000,True,False,False,0.0003386249882169068,0.0,0.18209213411654696,True,True,True,False
301a4f50b0880cd2691c,null_anytime,null_calibration,460,593463132,16,5000,0.0,0.05,rbf,median,anytime,bonferroni,1,2,False,UNRESOLVED,5000,True,False,False,0.0003387500182725489,0.0,0.18209213411654696,True,True,True,False
a751f433bef235f0b212,null_anytime,null_calibration,461,2694864041,16,5000,0.0,0.05,rbf,median,anytime,bonferroni,1,2,False,UNRESOLVED,5000,True,False,False,0.00034054205752909184,0.0,0.18209213411654696,True,True,True,False
71564401f04b43aef954,null_anytime,null_calibration,462,361999038,16,5000,0.0,0.05,rbf,median,anytime,bonferroni,1,2,False,UNRESOLVED,5000,True,False,False,0.0003403750015422702,0.0,0.18209213411654696,True,True,True,False
e15dccfc05983f50756f,null_anytime,null_calibration,463,3338716799,16,5000,0.0,0.05,rbf,median,anytime,bonferroni,1,2,False,UNRESOLVED,5000,True,False,False,0.00033887499012053013,0.0,0.18209213411654696,True,True,True,False
de66957e9728ae57e3e7,null_anytime,null_calibration,464,2565758392,16,5000,0.0,0.05,rbf,median,anytime,bonferroni,1,2,False,UNRESOLVED,5000,True,False,False,0.00033954199170693755,0.0,0.18209213411654696,True,True,True,False
3451380a268161866cd1,null_anytime,null_calibration,465,4084296749,16,5000,0.0,0.05,rbf,median,anytime,bonferroni,1,2,False,UNRESOLVED,5000,True,False,False,0.0003393749939277768,0.0,0.18209213411654696,True,True,True,False
b23463c18921c083cf0c,null_anytime,null_calibration,466,25440998,16,5000,0.0,0.05,rbf,median,anytime,bonferroni,1,2,False,UNRESOLVED,5000,True,False,False,0.00033904198789969087,0.0,0.18209213411654696,True,True,True,False
033c47977cd50cde3142,null_anytime,null_calibration,467,3089774620,16,5000,0.0,0.05,rbf,median,anytime,bonferroni,1,2,False,UNRESOLVED,5000,True,False,False,0.00033887504832819104,0.0,0.18209213411654696,True,True,True,False
8cee8720bc7ed4492099,null_anytime,null_calibration,468,435021881,16,5000,0.0,0.05,rbf,median,anytime,bonferroni,1,2,False,UNRESOLVED,5000,True,False,False,0.0003400829737074673,0.0,0.18209213411654696,True,True,True,False
c5c6ddda066d0edfda41,null_anytime,null_calibration,469,3444806534,16,5000,0.0,0.05,rbf,median,anytime,bonferroni,1,2,False,UNRESOLVED,5000,True,False,False,0.0005380840157158673,0.0,0.18209213411654696,True,True,True,False
9d2b9b2663ef55ec4ebd,null_anytime,null_calibration,470,2871603334,16,5000,0.0,0.05,rbf,median,anytime,bonferroni,1,2,False,UNRESOLVED,5000,True,False,False,0.0005076249944977462,0.0,0.18209213411654696,True,True,True,False
f46e956878d401ed4f4a,null_anytime,null_calibration,471,2820543283,16,5000,0.0,0.05,rbf,median,anytime,bonferroni,1,2,False,UNRESOLVED,5000,True,False,False,0.0004832499544136226,0.0,0.18209213411654696,True,True,True,False
949e30394001ab4a5788,null_anytime,null_calibration,472,3789089136,16,5000,0.0,0.05,rbf,median,anytime,bonferroni,1,2,False,UNRESOLVED,5000,True,False,False,0.0004751670057885349,0.0,0.18209213411654696,True,True,True,False
932da5424fde9753aa46,null_anytime,null_calibration,473,2664194008,16,5000,0.0,0.05,rbf,median,anytime,bonferroni,1,2,False,UNRESOLVED,5000,True,False,False,0.00047795800492167473,0.0,0.18209213411654696,True,True,True,False
905ed1515d3ff82f68e3,null_anytime,null_calibration,474,2029612139,16,5000,0.0,0.05,rbf,median,anytime,bonferroni,1,2,False,UNRESOLVED,5000,True,False,False,0.0004984590341337025,0.0,0.18209213411654696,True,True,True,False
3d5f204b5e886327a79a,null_anytime,null_calibration,475,2149435440,16,5000,0.0,0.05,rbf,median,anytime,bonferroni,1,2,False,UNRESOLVED,5000,True,False,False,0.00048179097939282656,0.0,0.18209213411654696,True,True,True,False
622c0a2c9e7de827a532,null_anytime,null_calibration,476,818805370,16,5000,0.0,0.05,rbf,median,anytime,bonferroni,1,2,False,UNRESOLVED,5000,True,False,False,0.00047987495781853795,0.0,0.18209213411654696,True,True,True,False
99cb72d53a6ba68c5108,null_anytime,null_calibration,477,809445599,16,5000,0.0,0.05,rbf,median,anytime,bonferroni,1,2,False,UNRESOLVED,5000,True,False,False,0.000512166996486485,0.0,0.18209213411654696,True,True,True,False
3c20a0b6e9e93c4ad855,null_anytime,null_calibration,478,1798754337,16,5000,0.0,0.05,rbf,median,anytime,bonferroni,1,2,False,UNRESOLVED,5000,True,False,False,0.0004987500142306089,0.0,0.18209213411654696,True,True,True,False
e663c362e12325ff8853,null_anytime,null_calibration,479,2567303127,16,5000,0.0,0.05,rbf,median,anytime,bonferroni,1,2,False,UNRESOLVED,5000,True,False,False,0.0006147079984657466,0.0,0.18209213411654696,True,True,True,False
08655836965158425272,null_anytime,null_calibration,480,2737265765,16,5000,0.0,0.05,rbf,median,anytime,bonferroni,1,2,False,UNRESOLVED,5000,True,False,False,0.0004995419876649976,0.0,0.18209213411654696,True,True,True,False
471d635e3c5327c088ea,null_anytime,null_calibration,481,3584601193,16,5000,0.0,0.05,rbf,median,anytime,bonferroni,1,2,False,UNRESOLVED,5000,True,False,False,0.00048104097368195653,0.0,0.18209213411654696,True,True,True,False
c94bacef4ae019baa38b,null_anytime,null_calibration,482,3757071027,16,5000,0.0,0.05,rbf,median,anytime,bonferroni,1,2,False,UNRESOLVED,5000,True,False,False,0.00047691602958366275,0.0,0.18209213411654696,True,True,True,False
98ba294d61079b36be73,null_anytime,null_calibration,483,1842797555,16,5000,0.0,0.05,rbf,median,anytime,bonferroni,1,2,False,UNRESOLVED,5000,True,False,False,0.0004794999840669334,0.0,0.18209213411654696,True,True,True,False
c80c9a3be3bc6dbb1786,null_anytime,null_calibration,484,3267032440,16,5000,0.0,0.05,rbf,median,anytime,bonferroni,1,2,False,UNRESOLVED,5000,True,False,False,0.0004752919776365161,0.0,0.18209213411654696,True,True,True,False
bf279e153407cff39f7d,null_anytime,null_calibration,485,4047365684,16,5000,0.0,0.05,rbf,median,anytime,bonferroni,1,2,False,UNRESOLVED,5000,True,False,False,0.0004724580212496221,0.0,0.18209213411654696,True,True,True,False
deec69e2b9033a19a115,null_anytime,null_calibration,486,931316441,16,5000,0.0,0.05,rbf,median,anytime,bonferroni,1,2,False,UNRESOLVED,5000,True,False,False,0.00047629198525100946,0.0,0.18209213411654696,True,True,True,False
077b0fa8d245d75eb166,null_anytime,null_calibration,487,593255920,16,5000,0.0,0.05,rbf,median,anytime,bonferroni,1,2,False,UNRESOLVED,5000,True,False,False,0.0004740420263260603,0.0,0.18209213411654696,True,True,True,False
e6d9526148c55ddd77b7,null_anytime,null_calibration,488,2328880555,16,5000,0.0,0.05,rbf,median,anytime,bonferroni,1,2,False,UNRESOLVED,5000,True,False,False,0.00046737497905269265,0.0,0.18209213411654696,True,True,True,False
45f4cfb8805e45479855,null_anytime,null_calibration,489,2828378220,16,5000,0.0,0.05,rbf,median,anytime,bonferroni,1,2,False,UNRESOLVED,5000,True,False,False,0.0004160830285400152,0.0,0.18209213411654696,True,True,True,False
8e9e1cd494ba41875e26,null_anytime,null_calibration,490,3053053811,16,5000,0.0,0.05,rbf,median,anytime,bonferroni,1,2,False,UNRESOLVED,5000,True,False,False,0.00036216696025803685,0.0,0.18209213411654696,True,True,True,False
19f61bed85848dcd8abb,null_anytime,null_calibration,491,1094590833,16,5000,0.0,0.05,rbf,median,anytime,bonferroni,1,2,False,UNRESOLVED,5000,True,False,False,0.0003522910410538316,0.0,0.18209213411654696,True,True,True,False
dd50825bd18cd0b94992,null_anytime,null_calibration,492,1009787029,16,5000,0.0,0.05,rbf,median,anytime,bonferroni,1,2,False,UNRESOLVED,5000,True,False,False,0.00035120901884511113,0.0,0.18209213411654696,True,True,True,False
1972bc15b93bb7824550,null_anytime,null_calibration,493,3683710101,16,5000,0.0,0.05,rbf,median,anytime,bonferroni,1,2,False,UNRESOLVED,5000,True,False,False,0.0003506659995764494,0.0,0.18209213411654696,True,True,True,False
f1d9007707078e263b3d,null_anytime,null_calibration,494,3600142066,16,5000,0.0,0.05,rbf,median,anytime,bonferroni,1,2,False,UNRESOLVED,5000,True,False,False,0.00034845899790525436,0.0,0.18209213411654696,True,True,True,False
2d6a953d6450c21c5ba1,null_anytime,null_calibration,495,4138564378,16,5000,0.0,0.05,rbf,median,anytime,bonferroni,1,2,False,UNRESOLVED,5000,True,False,False,0.00034741603303700686,0.0,0.18209213411654696,True,True,True,False
7e5b6c27c99f968a3c7a,null_anytime,null_calibration,496,2292280618,16,5000,0.0,0.05,rbf,median,anytime,bonferroni,1,2,False,UNRESOLVED,5000,True,False,False,0.00034679198870435357,0.0,0.18209213411654696,True,True,True,False
587015a33422625f4e65,null_anytime,null_calibration,497,1070411994,16,5000,0.0,0.05,rbf,median,anytime,bonferroni,1,2,False,UNRESOLVED,5000,True,False,False,0.0003477909485809505,0.0,0.18209213411654696,True,True,True,False
63004ee28dcf4f67e9f7,null_anytime,null_calibration,498,238820085,16,5000,0.0,0.05,rbf,median,anytime,bonferroni,1,2,False,UNRESOLVED,5000,True,False,False,0.0003452500095590949,0.0,0.18209213411654696,True,True,True,False
b0ccad8227559255f858,null_anytime,null_calibration,499,3242157874,16,5000,0.0,0.05,rbf,median,anytime,bonferroni,1,2,False,UNRESOLVED,5000,True,False,False,0.00034729199251160026,0.0,0.18209213411654696,True,True,True,False
32e115259a3a92401f17,null_anytime,null_calibration,500,2594660947,16,5000,0.0,0.05,rbf,median,anytime,bonferroni,1,2,False,UNRESOLVED,5000,True,False,False,0.0003541249898262322,0.0,0.18209213411654696,True,True,True,False
a97331e33d5a3e6d175f,null_anytime,null_calibration,501,4110885657,16,5000,0.0,0.05,rbf,median,anytime,bonferroni,1,2,False,UNRESOLVED,5000,True,False,False,0.0003445830079726875,0.0,0.18209213411654696,True,True,True,False
be5bd4b0f04fac042819,null_anytime,null_calibration,502,290476485,16,5000,0.0,0.05,rbf,median,anytime,bonferroni,1,2,False,UNRESOLVED,5000,True,False,False,0.00034416699782013893,0.0,0.18209213411654696,True,True,True,False
9a582de3836a8202837d,null_anytime,null_calibration,503,706592743,16,5000,0.0,0.05,rbf,median,anytime,bonferroni,1,2,False,UNRESOLVED,5000,True,False,False,0.0003433749661780894,0.0,0.18209213411654696,True,True,True,False
ff5ab5ae1ef51da47eeb,null_anytime,null_calibration,504,3679807453,16,5000,0.0,0.05,rbf,median,anytime,bonferroni,1,2,False,UNRESOLVED,5000,True,False,False,0.00034312502248212695,0.0,0.18209213411654696,True,True,True,False
77814008b15969a80eef,null_anytime,null_calibration,505,3008177438,16,5000,0.0,0.05,rbf,median,anytime,bonferroni,1,2,False,UNRESOLVED,5000,True,False,False,0.0003446660120971501,0.0,0.18209213411654696,True,True,True,False
2b933dc003e0d5223c80,null_anytime,null_calibration,506,2920447718,16,5000,0.0,0.05,rbf,median,anytime,bonferroni,1,2,False,UNRESOLVED,5000,True,False,False,0.0003445000038482249,0.0,0.18209213411654696,True,True,True,False
300c8ec6dd3ee8b31bdb,null_anytime,null_calibration,507,3692600599,16,5000,0.0,0.05,rbf,median,anytime,bonferroni,1,2,False,UNRESOLVED,5000,True,False,False,0.0003445000038482249,0.0,0.18209213411654696,True,True,True,False
e9795dd27e73f0771a19,null_anytime,null_calibration,508,3182617150,16,5000,0.0,0.05,rbf,median,anytime,bonferroni,1,2,False,UNRESOLVED,5000,True,False,False,0.00034679198870435357,0.0,0.18209213411654696,True,True,True,False
c53e8ae6d6d30f8a4e2b,null_anytime,null_calibration,509,1130124422,16,5000,0.0,0.05,rbf,median,anytime,bonferroni,1,2,False,UNRESOLVED,5000,True,False,False,0.0003469579969532788,0.0,0.18209213411654696,True,True,True,False
2832dbbf6abb57143e87,null_anytime,null_calibration,510,2532159607,16,5000,0.0,0.05,rbf,median,anytime,bonferroni,1,2,False,UNRESOLVED,5000,True,False,False,0.00034420902375131845,0.0,0.18209213411654696,True,True,True,False
768ed95948ecc4e5caab,null_anytime,null_calibration,511,716348149,16,5000,0.0,0.05,rbf,median,anytime,bonferroni,1,2,False,UNRESOLVED,5000,True,False,False,0.0003442080342210829,0.0,0.18209213411654696,True,True,True,False
8a8087166513297d0170,null_anytime,null_calibration,512,1380369946,16,5000,0.0,0.05,rbf,median,anytime,bonferroni,1,2,False,UNRESOLVED,5000,True,False,False,0.0003429169883020222,0.0,0.18209213411654696,True,True,True,False
fd0980b475a536763bdb,null_anytime,null_calibration,513,50847058,16,5000,0.0,0.05,rbf,median,anytime,bonferroni,1,2,False,UNRESOLVED,5000,True,False,False,0.00034270802279934287,0.0,0.18209213411654696,True,True,True,False
03216f66eff6e577f748,null_anytime,null_calibration,514,3782952310,16,5000,0.0,0.05,rbf,median,anytime,bonferroni,1,2,False,UNRESOLVED,5000,True,False,False,0.00034191698068752885,0.0,0.18209213411654696,True,True,True,False
fc839aa36b0e6b627c0a,null_anytime,null_calibration,515,3860453593,16,5000,0.0,0.05,rbf,median,anytime,bonferroni,1,2,False,UNRESOLVED,5000,True,False,False,0.00034604198299348354,0.0,0.18209213411654696,True,True,True,False
f5fc9ee54bdcab24d0ee,null_anytime,null_calibration,516,1569924588,16,5000,0.0,0.05,rbf,median,anytime,bonferroni,1,2,False,UNRESOLVED,5000,True,False,False,0.00034183397656306624,0.0,0.18209213411654696,True,True,True,False
9c3aac000e44cc9afa44,null_anytime,null_calibration,517,2291075638,16,5000,0.0,0.05,rbf,median,anytime,bonferroni,1,2,False,UNRESOLVED,5000,True,False,False,0.00034233403857797384,0.0,0.18209213411654696,True,True,True,False
6f04486e3d3fed9057b8,null_anytime,null_calibration,518,981916502,16,5000,0.0,0.05,rbf,median,anytime,bonferroni,1,2,False,UNRESOLVED,5000,True,False,False,0.0003434999962337315,0.0,0.18209213411654696,True,True,True,False
0ccc7abbbe9e9ad0bedd,null_anytime,null_calibration,519,3002975056,16,5000,0.0,0.05,rbf,median,anytime,bonferroni,1,2,False,UNRESOLVED,5000,True,False,False,0.0003420839784666896,0.0,0.18209213411654696,True,True,True,False
d204f6b7c20cd1fb2311,null_anytime,null_calibration,520,3502996381,16,5000,0.0,0.05,rbf,median,anytime,bonferroni,1,2,False,UNRESOLVED,5000,True,False,False,0.00034249998861923814,0.0,0.18209213411654696,True,True,True,False
1de993bf7c846c8f1cb4,null_anytime,null_calibration,521,1782200941,16,5000,0.0,0.05,rbf,median,anytime,bonferroni,1,2,False,UNRESOLVED,5000,True,False,False,0.00034249998861923814,0.0,0.18209213411654696,True,True,True,False
90198ce31bbefc650907,null_anytime,null_calibration,522,2816054452,16,5000,0.0,0.05,rbf,median,anytime,bonferroni,1,2,False,UNRESOLVED,5000,True,False,False,0.0003432919620536268,0.0,0.18209213411654696,True,True,True,False
c54a99b59add890ddc22,null_anytime,null_calibration,523,908230554,16,5000,0.0,0.05,rbf,median,anytime,bonferroni,1,2,False,UNRESOLVED,5000,True,False,False,0.00034433300606906414,0.0,0.18209213411654696,True,True,True,False
f2268fd36a385c8670ab,null_anytime,null_calibration,524,3880848887,16,5000,0.0,0.05,rbf,median,anytime,bonferroni,1,2,False,UNRESOLVED,5000,True,False,False,0.0003422920126467943,0.0,0.18209213411654696,True,True,True,False
c01a65ffaeecd33c148e,null_anytime,null_calibration,525,4084031581,16,5000,0.0,0.05,rbf,median,anytime,bonferroni,1,2,False,UNRESOLVED,5000,True,False,False,0.0003429169883020222,0.0,0.18209213411654696,True,True,True,False
654fa7188ad09cb7661f,null_anytime,null_calibration,526,3305738597,16,5000,0.0,0.05,rbf,median,anytime,bonferroni,1,2,False,UNRESOLVED,5000,True,False,False,0.0003440000000409782,0.0,0.18209213411654696,True,True,True,False
d0c2927be6803dcfe823,null_anytime,null_calibration,527,2420345106,16,5000,0.0,0.05,rbf,median,anytime,bonferroni,1,2,False,UNRESOLVED,5000,True,False,False,0.0003429579664953053,0.0,0.18209213411654696,True,True,True,False
a5dacc7f2551bfb8ec49,null_anytime,null_calibration,528,3980563784,16,5000,0.0,0.05,rbf,median,anytime,bonferroni,1,2,False,UNRESOLVED,5000,True,False,False,0.0003444169997237623,0.0,0.18209213411654696,True,True,True,False
ee5b5abf7db080b083c0,null_anytime,null_calibration,529,1553461118,16,5000,0.0,0.05,rbf,median,anytime,bonferroni,1,2,False,UNRESOLVED,5000,True,False,False,0.00034504098584875464,0.0,0.18209213411654696,True,True,True,False
7996725a70607c0d30a1,null_anytime,null_calibration,530,3736159750,16,5000,0.0,0.05,rbf,median,anytime,bonferroni,1,2,False,UNRESOLVED,5000,True,False,False,0.00034320802660658956,0.0,0.18209213411654696,True,True,True,False
f0c6baa5e421ec1a91b9,null_anytime,null_calibration,531,4013726331,16,5000,0.0,0.05,rbf,median,anytime,bonferroni,1,2,False,UNRESOLVED,5000,True,False,False,0.00034179200883954763,0.0,0.18209213411654696,True,True,True,False
684e8bbc9e1b35e925ab,null_anytime,null_calibration,532,4189393825,16,5000,0.0,0.05,rbf,median,anytime,bonferroni,1,2,False,UNRESOLVED,5000,True,False,False,0.00034254201455041766,0.0,0.18209213411654696,True,True,True,False
61ad47c037b10afcbf15,null_anytime,null_calibration,533,2571395416,16,5000,0.0,0.05,rbf,median,anytime,bonferroni,1,2,False,UNRESOLVED,5000,True,False,False,0.00034320895792916417,0.0,0.18209213411654696,True,True,True,False
4e33c46aba201312ab96,null_anytime,null_calibration,534,2133586497,16,5000,0.0,0.05,rbf,median,anytime,bonferroni,1,2,False,UNRESOLVED,5000,True,False,False,0.0003433339879848063,0.0,0.18209213411654696,True,True,True,False
c7e0863e5e4456f76c91,null_anytime,null_calibration,535,2258760195,16,5000,0.0,0.05,rbf,median,anytime,bonferroni,1,2,False,UNRESOLVED,5000,True,False,False,0.00034258299274370074,0.0,0.18209213411654696,True,True,True,False
8ba4fa39cb4cdd8a862a,null_anytime,null_calibration,536,2664798050,16,5000,0.0,0.05,rbf,median,anytime,bonferroni,1,2,False,UNRESOLVED,5000,True,False,False,0.0003423750167712569,0.0,0.18209213411654696,True,True,True,False
fab139e3b4643c8e6194,null_anytime,null_calibration,537,587377289,16,5000,0.0,0.05,rbf,median,anytime,bonferroni,1,2,False,UNRESOLVED,5000,True,False,False,0.00034308404428884387,0.0,0.18209213411654696,True,True,True,False
9657b018a98149f311c2,null_anytime,null_calibration,538,2652087171,16,5000,0.0,0.05,rbf,median,anytime,bonferroni,1,2,False,UNRESOLVED,5000,True,False,False,0.00034258299274370074,0.0,0.18209213411654696,True,True,True,False
6205cc9a534374c928c2,null_anytime,null_calibration,539,1270140686,16,5000,0.0,0.05,rbf,median,anytime,bonferroni,1,2,False,UNRESOLVED,5000,True,False,False,0.0003422090085223317,0.0,0.18209213411654696,True,True,True,False
ee8b9da12f8837c697b9,null_anytime,null_calibration,540,2359264198,16,5000,0.0,0.05,rbf,median,anytime,bonferroni,1,2,False,UNRESOLVED,5000,True,False,False,0.0003417499829083681,0.0,0.18209213411654696,True,True,True,False
971d53c25d4ae3ed3076,null_anytime,null_calibration,541,2838200222,16,5000,0.0,0.05,rbf,median,anytime,bonferroni,1,2,False,UNRESOLVED,5000,True,False,False,0.0003405419993214309,0.0,0.18209213411654696,True,True,True,False
b810015971ee82670f35,null_anytime,null_calibration,542,160029578,16,5000,0.0,0.05,rbf,median,anytime,bonferroni,1,2,False,UNRESOLVED,5000,True,False,False,0.0003422499867156148,0.0,0.18209213411654696,True,True,True,False
abd8a48a37f95590220b,null_anytime,null_calibration,543,4021209699,16,5000,0.0,0.05,rbf,median,anytime,bonferroni,1,2,False,UNRESOLVED,5000,True,False,False,0.0003439580323174596,0.0,0.18209213411654696,True,True,True,False
a8052ef53731303cf929,null_anytime,null_calibration,544,2579322691,16,5000,0.0,0.05,rbf,median,anytime,bonferroni,1,2,False,UNRESOLVED,5000,True,False,False,0.00034262501867488027,0.0,0.18209213411654696,True,True,True,False
86e3cabf510897d6c689,null_anytime,null_calibration,545,1963386030,16,5000,0.0,0.05,rbf,median,anytime,bonferroni,1,2,False,UNRESOLVED,5000,True,False,False,0.00034370896173641086,0.0,0.18209213411654696,True,True,True,False
49fb9e49e4897c5b72fb,null_anytime,null_calibration,546,2910849523,16,5000,0.0,0.05,rbf,median,anytime,bonferroni,1,2,False,UNRESOLVED,5000,True,False,False,0.00034333299845457077,0.0,0.18209213411654696,True,True,True,False
2995557e7ee118b759a5,null_anytime,null_calibration,547,1594393289,16,5000,0.0,0.05,rbf,median,anytime,bonferroni,1,2,False,UNRESOLVED,5000,True,False,False,0.00034254201455041766,0.0,0.18209213411654696,True,True,True,False
4f76de5cb2166e700090,null_anytime,null_calibration,548,2090916005,16,5000,0.0,0.05,rbf,median,anytime,bonferroni,1,2,False,UNRESOLVED,5000,True,False,False,0.0003432920202612877,0.0,0.18209213411654696,True,True,True,False
4287f893bf49425f4971,null_anytime,null_calibration,549,1876892925,16,5000,0.0,0.05,rbf,median,anytime,bonferroni,1,2,False,UNRESOLVED,5000,True,False,False,0.0003440830041654408,0.0,0.18209213411654696,True,True,True,False
59beab68dd3c3d2e97d6,null_anytime,null_calibration,550,3616533041,16,5000,0.0,0.05,rbf,median,anytime,bonferroni,1,2,False,UNRESOLVED,5000,True,False,False,0.0003427499905228615,0.0,0.18209213411654696,True,True,True,False
3a7120c86bcea5ce7187,null_anytime,null_calibration,551,2129790949,16,5000,0.0,0.05,rbf,median,anytime,bonferroni,1,2,False,UNRESOLVED,5000,True,False,False,0.00034595897886902094,0.0,0.18209213411654696,True,True,True,False
1eb385004c224b45f4d7,null_anytime,null_calibration,552,2903629109,16,5000,0.0,0.05,rbf,median,anytime,bonferroni,1,2,False,UNRESOLVED,5000,True,False,False,0.0003417499829083681,0.0,0.18209213411654696,True,True,True,False
4b60a8416b9099cf26f7,null_anytime,null_calibration,553,3201408337,16,5000,0.0,0.05,rbf,median,anytime,bonferroni,1,2,False,UNRESOLVED,5000,True,False,False,0.00034179200883954763,0.0,0.18209213411654696,True,True,True,False
615512f97e65b645324f,null_anytime,null_calibration,554,3609823434,16,5000,0.0,0.05,rbf,median,anytime,bonferroni,1,2,False,UNRESOLVED,5000,True,False,False,0.00034283404238522053,0.0,0.18209213411654696,True,True,True,False
48e879d7fa41145cd317,null_anytime,null_calibration,555,1366725720,16,5000,0.0,0.05,rbf,median,anytime,bonferroni,1,2,False,UNRESOLVED,5000,True,False,False,0.000342042010743171,0.0,0.18209213411654696,True,True,True,False
70dd9181dff5ebba9e0b,null_anytime,null_calibration,556,2508627768,16,5000,0.0,0.05,rbf,median,anytime,bonferroni,1,2,False,UNRESOLVED,5000,True,False,False,0.00034249998861923814,0.0,0.18209213411654696,True,True,True,False
16a04cf3581cfb6fbed3,null_anytime,null_calibration,557,1611985626,16,5000,0.0,0.05,rbf,median,anytime,bonferroni,1,2,False,UNRESOLVED,5000,True,False,False,0.0003422909649088979,0.0,0.18209213411654696,True,True,True,False
8c5456b310e70e9481b1,null_anytime,null_calibration,558,1959794322,16,5000,0.0,0.05,rbf,median,anytime,bonferroni,1,2,False,UNRESOLVED,5000,True,False,False,0.0003423330490477383,0.0,0.18209213411654696,True,True,True,False
f05c79b9dae36578f894,null_anytime,null_calibration,559,1841976600,16,5000,0.0,0.05,rbf,median,anytime,bonferroni,1,2,False,UNRESOLVED,5000,True,False,False,0.0003421669825911522,0.0,0.18209213411654696,True,True,True,False
8c02c98e38d253143ec9,null_anytime,null_calibration,560,4250594995,16,5000,0.0,0.05,rbf,median,anytime,bonferroni,1,2,False,UNRESOLVED,5000,True,False,False,0.00034295901423320174,0.0,0.18209213411654696,True,True,True,False
95eb1da4aaea490f2d55,null_anytime,null_calibration,561,1299554481,16,5000,0.0,0.05,rbf,median,anytime,bonferroni,1,2,False,UNRESOLVED,5000,True,False,False,0.0003422499867156148,0.0,0.18209213411654696,True,True,True,False
d75047d2eb8c8c0657e7,null_anytime,null_calibration,562,2512295649,16,5000,0.0,0.05,rbf,median,anytime,bonferroni,1,2,False,UNRESOLVED,5000,True,False,False,0.00034187501296401024,0.0,0.18209213411654696,True,True,True,False
fef5ddfa23c3cb149017,null_anytime,null_calibration,563,4033625891,16,5000,0.0,0.05,rbf,median,anytime,bonferroni,1,2,False,UNRESOLVED,5000,True,False,False,0.0003440419677644968,0.0,0.18209213411654696,True,True,True,False
88ba79ea12db4790dfe6,null_anytime,null_calibration,564,719799214,16,5000,0.0,0.05,rbf,median,anytime,bonferroni,1,2,False,UNRESOLVED,5000,True,False,False,0.00034416699782013893,0.0,0.18209213411654696,True,True,True,False
438b226ab074f3fbc6e3,null_anytime,null_calibration,565,1806634381,16,5000,0.0,0.05,rbf,median,anytime,bonferroni,1,2,False,UNRESOLVED,5000,True,False,False,0.00034304201835766435,0.0,0.18209213411654696,True,True,True,False
1ddff1b455c296d2733b,null_anytime,null_calibration,566,891511557,16,5000,0.0,0.05,rbf,median,anytime,bonferroni,1,2,False,UNRESOLVED,5000,True,False,False,0.00034129200503230095,0.0,0.18209213411654696,True,True,True,False
46ec9226dbbec65d5625,null_anytime,null_calibration,567,531838021,16,5000,0.0,0.05,rbf,median,anytime,bonferroni,1,2,False,UNRESOLVED,5000,True,False,False,0.000342374958563596,0.0,0.18209213411654696,True,True,True,False
99c8687b4b6c5fa94418,null_anytime,null_calibration,568,3646600777,16,5000,0.0,0.05,rbf,median,anytime,bonferroni,1,2,False,UNRESOLVED,5000,True,False,False,0.000343457970302552,0.0,0.18209213411654696,True,True,True,False
6feb7a65d4bed1afed7c,null_anytime,null_calibration,569,2759082307,16,5000,0.0,0.05,rbf,median,anytime,bonferroni,1,2,False,UNRESOLVED,5000,True,False,False,0.00034324999433010817,0.0,0.18209213411654696,True,True,True,False
50114b78b62f12943400,null_anytime,null_calibration,570,515531104,16,5000,0.0,0.05,rbf,median,anytime,bonferroni,1,2,False,UNRESOLVED,5000,True,False,False,0.00034245802089571953,0.0,0.18209213411654696,True,True,True,False
b1e143096ff297f3073f,null_anytime,null_calibration,571,2983712069,16,5000,0.0,0.05,rbf,median,anytime,bonferroni,1,2,False,UNRESOLVED,5000,True,False,False,0.00034479203168302774,0.0,0.18209213411654696,True,True,True,False
58b9fe655a1fc1d299a8,null_anytime,null_calibration,572,3929138639,16,5000,0.0,0.05,rbf,median,anytime,bonferroni,1,2,False,UNRESOLVED,5000,True,False,False,0.0003462500171735883,0.0,0.18209213411654696,True,True,True,False
9189b7f6e669362afabf,null_anytime,null_calibration,573,523856235,16,5000,0.0,0.05,rbf,median,anytime,bonferroni,1,2,False,UNRESOLVED,5000,True,False,False,0.00034308299655094743,0.0,0.18209213411654696,True,True,True,False
096a7c65fba1f7c9697d,null_anytime,null_calibration,574,569223674,16,5000,0.0,0.05,rbf,median,anytime,bonferroni,1,2,False,UNRESOLVED,5000,True,False,False,0.0003403339651413262,0.0,0.18209213411654696,True,True,True,False
5addf62304250b5abd40,null_anytime,null_calibration,575,2091932837,16,5000,0.0,0.05,rbf,median,anytime,bonferroni,1,2,False,UNRESOLVED,5000,True,False,False,0.0003410839708521962,0.0,0.18209213411654696,True,True,True,False
adc1c927db1d80e2a4a5,null_anytime,null_calibration,576,3066786275,16,5000,0.0,0.05,rbf,median,anytime,bonferroni,1,2,False,UNRESOLVED,5000,True,False,False,0.00034195795888081193,0.0,0.18209213411654696,True,True,True,False
0925ca79baf08c1ea589,null_anytime,null_calibration,577,3003145537,16,5000,0.0,0.05,rbf,median,anytime,bonferroni,1,2,False,UNRESOLVED,5000,True,False,False,0.00034195900661870837,0.0,0.18209213411654696,True,True,True,False
9f98c602a387897a804e,null_anytime,null_calibration,578,1950854714,16,5000,0.0,0.05,rbf,median,anytime,bonferroni,1,2,False,UNRESOLVED,5000,True,False,False,0.00034304201835766435,0.0,0.18209213411654696,True,True,True,False
60a1c0f1ad17bd0eb049,null_anytime,null_calibration,579,3344476423,16,5000,0.0,0.05,rbf,median,anytime,bonferroni,1,2,False,UNRESOLVED,5000,True,False,False,0.00034245802089571953,0.0,0.18209213411654696,True,True,True,False
07700d5e89b98cca9190,null_anytime,null_calibration,580,3519817551,16,5000,0.0,0.05,rbf,median,anytime,bonferroni,1,2,False,UNRESOLVED,5000,True,False,False,0.0003422090085223317,0.0,0.18209213411654696,True,True,True,False
fa78b8ec23a5785eef08,null_anytime,null_calibration,581,2032393931,16,5000,0.0,0.05,rbf,median,anytime,bonferroni,1,2,False,UNRESOLVED,5000,True,False,False,0.00034250004682689905,0.0,0.18209213411654696,True,True,True,False
647b17addb926db548a4,null_anytime,null_calibration,582,2558825178,16,5000,0.0,0.05,rbf,median,anytime,bonferroni,1,2,False,UNRESOLVED,5000,True,False,False,0.00034333299845457077,0.0,0.18209213411654696,True,True,True,False
b8daae54a5247060484b,null_anytime,null_calibration,583,1981422724,16,5000,0.0,0.05,rbf,median,anytime,bonferroni,1,2,False,UNRESOLVED,5000,True,False,False,0.0003422910231165588,0.0,0.18209213411654696,True,True,True,False
864ecd4874ee0130c0ca,null_anytime,null_calibration,584,1698422846,16,5000,0.0,0.05,rbf,median,anytime,bonferroni,1,2,False,UNRESOLVED,5000,True,False,False,0.0003547910018824041,0.0,0.18209213411654696,True,True,True,False
8746eafc5ba32b39daab,null_anytime,null_calibration,585,2370469954,16,5000,0.0,0.05,rbf,median,anytime,bonferroni,1,2,False,UNRESOLVED,5000,True,False,False,0.00034249998861923814,0.0,0.18209213411654696,True,True,True,False
29633f4e6817638656a5,null_anytime,null_calibration,586,3360986621,16,5000,0.0,0.05,rbf,median,anytime,bonferroni,1,2,False,UNRESOLVED,5000,True,False,False,0.000342792016454041,0.0,0.18209213411654696,True,True,True,False
5f85d196ea76355dc760,null_anytime,null_calibration,587,686133542,16,5000,0.0,0.05,rbf,median,anytime,bonferroni,1,2,False,UNRESOLVED,5000,True,False,False,0.00034195801708847284,0.0,0.18209213411654696,True,True,True,False
4332ae2d4d9a248d3473,null_anytime,null_calibration,588,3237387875,16,5000,0.0,0.05,rbf,median,anytime,bonferroni,1,2,False,UNRESOLVED,5000,True,False,False,0.0003442909801378846,0.0,0.18209213411654696,True,True,True,False
351e9133de21cde8a1b5,null_anytime,null_calibration,589,552630573,16,5000,0.0,0.05,rbf,median,anytime,bonferroni,1,2,False,UNRESOLVED,5000,True,False,False,0.0003433749661780894,0.0,0.18209213411654696,True,True,True,False
9ffa462bf8dca79a0995,null_anytime,null_calibration,590,2140705559,16,5000,0.0,0.05,rbf,median,anytime,bonferroni,1,2,False,UNRESOLVED,5000,True,False,False,0.00034316699020564556,0.0,0.18209213411654696,True,True,True,False
744520cb11a388be5d2e,null_anytime,null_calibration,591,3741402669,16,5000,0.0,0.05,rbf,median,anytime,bonferroni,1,2,False,UNRESOLVED,5000,True,False,False,0.00034200004301965237,0.0,0.18209213411654696,True,True,True,False
7c9aa49ede3a62848ae8,null_anytime,null_calibration,592,4245263402,16,5000,0.0,0.05,rbf,median,anytime,bonferroni,1,2,False,UNRESOLVED,5000,True,False,False,0.0003416669787839055,0.0,0.18209213411654696,True,True,True,False
a6a8c98efe9e7f6e58b9,null_anytime,null_calibration,593,3798378394,16,5000,0.0,0.05,rbf,median,anytime,bonferroni,1,2,False,UNRESOLVED,5000,True,False,False,0.00034308299655094743,0.0,0.18209213411654696,True,True,True,False
82937671a0cfd9f50c14,null_anytime,null_calibration,594,4110924203,16,5000,0.0,0.05,rbf,median,anytime,bonferroni,1,2,False,UNRESOLVED,5000,True,False,False,0.0003448330098763108,0.0,0.18209213411654696,True,True,True,False
56311d895c833664fda5,null_anytime,null_calibration,595,2736090347,16,5000,0.0,0.05,rbf,median,anytime,bonferroni,1,2,False,UNRESOLVED,5000,True,False,False,0.0003415839746594429,0.0,0.18209213411654696,True,True,True,False
e223ed55fdfb711b61b4,null_anytime,null_calibration,596,322798471,16,5000,0.0,0.05,rbf,median,anytime,bonferroni,1,2,False,UNRESOLVED,5000,True,False,False,0.00034362502628937364,0.0,0.18209213411654696,True,True,True,False
8786f45a6f9f35f0d9ae,null_anytime,null_calibration,597,2201346018,16,5000,0.0,0.05,rbf,median,anytime,bonferroni,1,2,False,UNRESOLVED,5000,True,False,False,0.00034387496998533607,0.0,0.18209213411654696,True,True,True,False
0d0dd7c72514067d85b1,null_anytime,null_calibration,598,4064701964,16,5000,0.0,0.05,rbf,median,anytime,bonferroni,1,2,False,UNRESOLVED,5000,True,False,False,0.00034491601400077343,0.0,0.18209213411654696,True,True,True,False
890a4a34d8b02700fe3d,null_anytime,null_calibration,599,476562734,16,5000,0.0,0.05,rbf,median,anytime,bonferroni,1,2,False,UNRESOLVED,5000,True,False,False,0.0003459160216152668,0.0,0.18209213411654696,True,True,True,False
1f671bf44b65dc9a0492,null_anytime,null_calibration,600,2931437310,16,5000,0.0,0.05,rbf,median,anytime,bonferroni,1,2,False,UNRESOLVED,5000,True,False,False,0.0003426669863983989,0.0,0.18209213411654696,True,True,True,False
0f366ecc57f2b6c439b2,null_anytime,null_calibration,601,2785069204,16,5000,0.0,0.05,rbf,median,anytime,bonferroni,1,2,False,UNRESOLVED,5000,True,False,False,0.0003416250110603869,0.0,0.18209213411654696,True,True,True,False
aa9f8c3fbf6aae0410cf,null_anytime,null_calibration,602,2675995177,16,5000,0.0,0.05,rbf,median,anytime,bonferroni,1,2,False,UNRESOLVED,5000,True,False,False,0.00035149999894201756,0.0,0.18209213411654696,True,True,True,False
1e85c0130f8eafe0c950,null_anytime,null_calibration,603,2568918769,16,5000,0.0,0.05,rbf,median,anytime,bonferroni,1,2,False,UNRESOLVED,5000,True,False,False,0.0003424160531722009,0.0,0.18209213411654696,True,True,True,False
202befbd6dd312f21484,null_anytime,null_calibration,604,2352726978,16,5000,0.0,0.05,rbf,median,anytime,bonferroni,1,2,False,UNRESOLVED,5000,True,False,False,0.00034362502628937364,0.0,0.18209213411654696,True,True,True,False
b91873c00131062d27c1,null_anytime,null_calibration,605,1168286497,16,5000,0.0,0.05,rbf,median,anytime,bonferroni,1,2,False,UNRESOLVED,5000,True,False,False,0.00034304201835766435,0.0,0.18209213411654696,True,True,True,False
dd4df7cd93f727685e6e,null_anytime,null_calibration,606,1586411720,16,5000,0.0,0.05,rbf,median,anytime,bonferroni,1,2,False,UNRESOLVED,5000,True,False,False,0.00034254195634275675,0.0,0.18209213411654696,True,True,True,False
202d5abde7bb77f2608a,null_anytime,null_calibration,607,1117601318,16,5000,0.0,0.05,rbf,median,anytime,bonferroni,1,2,False,UNRESOLVED,5000,True,False,False,0.00034245895221829414,0.0,0.18209213411654696,True,True,True,False
6e17901c880d91d7d3a9,null_anytime,null_calibration,608,1622231300,16,5000,0.0,0.05,rbf,median,anytime,bonferroni,1,2,False,UNRESOLVED,5000,True,False,False,0.0003406250034458935,0.0,0.18209213411654696,True,True,True,False
5a8a8c13bbce87b0aa18,null_anytime,null_calibration,609,2214935422,16,5000,0.0,0.05,rbf,median,anytime,bonferroni,1,2,False,UNRESOLVED,5000,True,False,False,0.00034316699020564556,0.0,0.18209213411654696,True,True,True,False
79be74105a32c3967537,null_anytime,null_calibration,610,668214548,16,5000,0.0,0.05,rbf,median,anytime,bonferroni,1,2,False,UNRESOLVED,5000,True,False,False,0.00034191698068752885,0.0,0.18209213411654696,True,True,True,False
4c02541a4de2cd07f1c5,null_anytime,null_calibration,611,1329615874,16,5000,0.0,0.05,rbf,median,anytime,bonferroni,1,2,False,UNRESOLVED,5000,True,False,False,0.0003423329908400774,0.0,0.18209213411654696,True,True,True,False
cdd1994d5b9b2ad55ed4,null_anytime,null_calibration,612,1189910067,16,5000,0.0,0.05,rbf,median,anytime,bonferroni,1,2,False,UNRESOLVED,5000,True,False,False,0.00034491700353100896,0.0,0.18209213411654696,True,True,True,False
a874bf4c8b92d1cc5cc1,null_anytime,null_calibration,613,3867436736,16,5000,0.0,0.05,rbf,median,anytime,bonferroni,1,2,False,UNRESOLVED,5000,True,False,False,0.0005564590101130307,0.0,0.18209213411654696,True,True,True,False
7df71f1a78f2e2a91d52,null_anytime,null_calibration,614,1805822772,16,5000,0.0,0.05,rbf,median,anytime,bonferroni,1,2,False,UNRESOLVED,5000,True,False,False,0.0005094159860163927,0.0,0.18209213411654696,True,True,True,False
2a23929e8ac4060b5b80,null_anytime,null_calibration,615,1101442990,16,5000,0.0,0.05,rbf,median,anytime,bonferroni,1,2,False,UNRESOLVED,5000,True,False,False,0.0004852919955737889,0.0,0.18209213411654696,True,True,True,False
5eeb258bd27303be9ae8,null_anytime,null_calibration,616,2686261359,16,5000,0.0,0.05,rbf,median,anytime,bonferroni,1,2,False,UNRESOLVED,5000,True,False,False,0.0004783750046044588,0.0,0.18209213411654696,True,True,True,False
a6f0f4436a6bf0a1ccb0,null_anytime,null_calibration,617,2798104696,16,5000,0.0,0.05,rbf,median,anytime,bonferroni,1,2,False,UNRESOLVED,5000,True,False,False,0.00047512503806501627,0.0,0.18209213411654696,True,True,True,False
197ed6218628721ad416,null_anytime,null_calibration,618,1047431184,16,5000,0.0,0.05,rbf,median,anytime,bonferroni,1,2,False,UNRESOLVED,5000,True,False,False,0.00047437503235414624,0.0,0.18209213411654696,True,True,True,False
74488eee2c38e2f4abff,null_anytime,null_calibration,619,1746394981,16,5000,0.0,0.05,rbf,median,anytime,bonferroni,1,2,False,UNRESOLVED,5000,True,False,False,0.00047312502283602953,0.0,0.18209213411654696,True,True,True,False
400625caeb11b4a70b0a,null_anytime,null_calibration,620,203756234,16,5000,0.0,0.05,rbf,median,anytime,bonferroni,1,2,False,UNRESOLVED,5000,True,False,False,0.00047395797446370125,0.0,0.18209213411654696,True,True,True,False
bf791769cdec08e1ce58,null_anytime,null_calibration,621,599164815,16,5000,0.0,0.05,rbf,median,anytime,bonferroni,1,2,False,UNRESOLVED,5000,True,False,False,0.00048625003546476364,0.0,0.18209213411654696,True,True,True,False
5914aee97a0fa7a859d6,null_anytime,null_calibration,622,3359266030,16,5000,0.0,0.05,rbf,median,anytime,bonferroni,1,2,False,UNRESOLVED,5000,True,False,False,0.00047283299500122666,0.0,0.18209213411654696,True,True,True,False
99e76c151e7b60db4a70,null_anytime,null_calibration,623,2443463293,16,5000,0.0,0.05,rbf,median,anytime,bonferroni,1,2,False,UNRESOLVED,5000,True,False,False,0.0004777080030180514,0.0,0.18209213411654696,True,True,True,False
2857c36388ccf78734ba,null_anytime,null_calibration,624,3497989795,16,5000,0.0,0.05,rbf,median,anytime,bonferroni,1,2,False,UNRESOLVED,5000,True,False,False,0.0004727920168079436,0.0,0.18209213411654696,True,True,True,False
66817960a9a392db9166,null_anytime,null_calibration,625,3418091649,16,5000,0.0,0.05,rbf,median,anytime,bonferroni,1,2,False,UNRESOLVED,5000,True,False,False,0.0004728750209324062,0.0,0.18209213411654696,True,True,True,False
1a7358fb3ffd1044e8ff,null_anytime,null_calibration,626,3761200539,16,5000,0.0,0.05,rbf,median,anytime,bonferroni,1,2,False,UNRESOLVED,5000,True,False,False,0.0004829580429941416,0.0,0.18209213411654696,True,True,True,False
d475a3c24da098d31a36,null_anytime,null_calibration,627,3305565317,16,5000,0.0,0.05,rbf,median,anytime,bonferroni,1,2,False,UNRESOLVED,5000,True,False,False,0.0004832909908145666,0.0,0.18209213411654696,True,True,True,False
a8fb27bd1230061f343a,null_anytime,null_calibration,628,1983063249,16,5000,0.0,0.05,rbf,median,anytime,bonferroni,1,2,False,UNRESOLVED,5000,True,False,False,0.0005060420371592045,0.0,0.18209213411654696,True,True,True,False
b7273e93def8e47155bd,null_anytime,null_calibration,629,280824501,16,5000,0.0,0.05,rbf,median,anytime,bonferroni,1,2,False,UNRESOLVED,5000,True,False,False,0.0005135419778525829,0.0,0.18209213411654696,True,True,True,False
adc61468d8fc6e85bbe3,null_anytime,null_calibration,630,2127366744,16,5000,0.0,0.05,rbf,median,anytime,bonferroni,1,2,False,UNRESOLVED,5000,True,False,False,0.0005161670269444585,0.0,0.18209213411654696,True,True,True,False
3935113458dec6bfd4cb,null_anytime,null_calibration,631,3828353664,16,5000,0.0,0.05,rbf,median,anytime,bonferroni,1,2,False,UNRESOLVED,5000,True,False,False,0.000477084016893059,0.0,0.18209213411654696,True,True,True,False
28041d161a52b2b318fa,null_anytime,null_calibration,632,923614800,16,5000,0.0,0.05,rbf,median,anytime,bonferroni,1,2,False,UNRESOLVED,5000,True,False,False,0.0004591670003719628,0.0,0.18209213411654696,True,True,True,False
879d7f959541f73b490a,null_anytime,null_calibration,633,3752313751,16,5000,0.0,0.05,rbf,median,anytime,bonferroni,1,2,False,UNRESOLVED,5000,True,False,False,0.0003762500127777457,0.0,0.18209213411654696,True,True,True,False
59b5e11a37ac07145798,null_anytime,null_calibration,634,3744350800,16,5000,0.0,0.05,rbf,median,anytime,bonferroni,1,2,False,UNRESOLVED,5000,True,False,False,0.0003554999711923301,0.0,0.18209213411654696,True,True,True,False
50e1c792fc6a74b412ce,null_anytime,null_calibration,635,1656915845,16,5000,0.0,0.05,rbf,median,anytime,bonferroni,1,2,False,UNRESOLVED,5000,True,False,False,0.0003505829954519868,0.0,0.18209213411654696,True,True,True,False
38d3c34234b409770c70,null_anytime,null_calibration,636,2419065336,16,5000,0.0,0.05,rbf,median,anytime,bonferroni,1,2,False,UNRESOLVED,5000,True,False,False,0.0003468749928288162,0.0,0.18209213411654696,True,True,True,False
44b66a57e63e57f848c8,null_anytime,null_calibration,637,3420581826,16,5000,0.0,0.05,rbf,median,anytime,bonferroni,1,2,False,UNRESOLVED,5000,True,False,False,0.0003447079798206687,0.0,0.18209213411654696,True,True,True,False
eaf8d37218e09b6376bf,null_anytime,null_calibration,638,1998245895,16,5000,0.0,0.05,rbf,median,anytime,bonferroni,1,2,False,UNRESOLVED,5000,True,False,False,0.0003446660120971501,0.0,0.18209213411654696,True,True,True,False
4a4cd7097f04970f0b82,null_anytime,null_calibration,639,1114298554,16,5000,0.0,0.05,rbf,median,anytime,bonferroni,1,2,False,UNRESOLVED,5000,True,False,False,0.0003439169959165156,0.0,0.18209213411654696,True,True,True,False
4b7c8cabe70e032ba0e5,null_anytime,null_calibration,640,1518276404,16,5000,0.0,0.05,rbf,median,anytime,bonferroni,1,2,False,UNRESOLVED,5000,True,False,False,0.0003424579626880586,0.0,0.18209213411654696,True,True,True,False
c5e06f73ec1c7926cb3f,null_anytime,null_calibration,641,4274074545,16,5000,0.0,0.05,rbf,median,anytime,bonferroni,1,2,False,UNRESOLVED,5000,True,False,False,0.00034270796459168196,0.0,0.18209213411654696,True,True,True,False
8d0bee9db5c2ae7c7537,null_anytime,null_calibration,642,3208316705,16,5000,0.0,0.05,rbf,median,anytime,bonferroni,1,2,False,UNRESOLVED,5000,True,False,False,0.0003429999924264848,0.0,0.18209213411654696,True,True,True,False
19f5768bee8056c5c3bf,null_anytime,null_calibration,643,1607726245,16,5000,0.0,0.05,rbf,median,anytime,bonferroni,1,2,False,UNRESOLVED,5000,True,False,False,0.0003428750205785036,0.0,0.18209213411654696,True,True,True,False
2ccc244d1ee5923e9a97,null_anytime,null_calibration,644,3866744120,16,5000,0.0,0.05,rbf,median,anytime,bonferroni,1,2,False,UNRESOLVED,5000,True,False,False,0.00034279096871614456,0.0,0.18209213411654696,True,True,True,False
c819fa500eef645daea0,null_anytime,null_calibration,645,76597645,16,5000,0.0,0.05,rbf,median,anytime,bonferroni,1,2,False,UNRESOLVED,5000,True,False,False,0.0003419159911572933,0.0,0.18209213411654696,True,True,True,False
5fd90cb2e0f274b6b528,null_anytime,null_calibration,646,1871231955,16,5000,0.0,0.05,rbf,median,anytime,bonferroni,1,2,False,UNRESOLVED,5000,True,False,False,0.00034074997529387474,0.0,0.18209213411654696,True,True,True,False
3900295271920ee64eb7,null_anytime,null_calibration,647,1389356183,16,5000,0.0,0.05,rbf,median,anytime,bonferroni,1,2,False,UNRESOLVED,5000,True,False,False,0.00034616701304912567,0.0,0.18209213411654696,True,True,True,False
838fcd158a796e5d90a9,null_anytime,null_calibration,648,4053574700,16,5000,0.0,0.05,rbf,median,anytime,bonferroni,1,2,False,UNRESOLVED,5000,True,False,False,0.00034145801328122616,0.0,0.18209213411654696,True,True,True,False
612eba00f263fd2ce2a0,null_anytime,null_calibration,649,3965463550,16,5000,0.0,0.05,rbf,median,anytime,bonferroni,1,2,False,UNRESOLVED,5000,True,False,False,0.0003409999771974981,0.0,0.18209213411654696,True,True,True,False
345f9946359a48463f8c,null_anytime,null_calibration,650,3944754221,16,5000,0.0,0.05,rbf,median,anytime,bonferroni,1,2,False,UNRESOLVED,5000,True,False,False,0.00034133298322558403,0.0,0.18209213411654696,True,True,True,False
10d54e9f16188a3b52f5,null_anytime,null_calibration,651,2562002651,16,5000,0.0,0.05,rbf,median,anytime,bonferroni,1,2,False,UNRESOLVED,5000,True,False,False,0.0003429580247029662,0.0,0.18209213411654696,True,True,True,False
dbb774698c04156470f9,null_anytime,null_calibration,652,1071060924,16,5000,0.0,0.05,rbf,median,anytime,bonferroni,1,2,False,UNRESOLVED,5000,True,False,False,0.0003441250300966203,0.0,0.18209213411654696,True,True,True,False
5bf02b7b9386680350e9,null_anytime,null_calibration,653,3262621476,16,5000,0.0,0.05,rbf,median,anytime,bonferroni,1,2,False,UNRESOLVED,5000,True,False,False,0.0003415420069359243,0.0,0.18209213411654696,True,True,True,False
927b2a4ae6009d149ed4,null_anytime,null_calibration,654,2845286922,16,5000,0.0,0.05,rbf,median,anytime,bonferroni,1,2,False,UNRESOLVED,5000,True,False,False,0.0003428329946473241,0.0,0.18209213411654696,True,True,True,False
7dab102084d07386e23e,null_anytime,null_calibration,655,2721448831,16,5000,0.0,0.05,rbf,median,anytime,bonferroni,1,2,False,UNRESOLVED,5000,True,False,False,0.0003526659565977752,0.0,0.18209213411654696,True,True,True,False
98bc0a362ee25c1faaa7,null_anytime,null_calibration,656,1977509591,16,5000,0.0,0.05,rbf,median,anytime,bonferroni,1,2,False,UNRESOLVED,5000,True,False,False,0.00034137500915676355,0.0,0.18209213411654696,True,True,True,False
943d4067b0b40f6f4eb3,null_anytime,null_calibration,657,2049139943,16,5000,0.0,0.05,rbf,median,anytime,bonferroni,1,2,False,UNRESOLVED,5000,True,False,False,0.000341624952852726,0.0,0.18209213411654696,True,True,True,False
8ff3db9502027a34fb86,null_anytime,null_calibration,658,2732879570,16,5000,0.0,0.05,rbf,median,anytime,bonferroni,1,2,False,UNRESOLVED,5000,True,False,False,0.0003416670369915664,0.0,0.18209213411654696,True,True,True,False
38921028a39cab1acf66,null_anytime,null_calibration,659,1620562069,16,5000,0.0,0.05,rbf,median,anytime,bonferroni,1,2,False,UNRESOLVED,5000,True,False,False,0.0003428750205785036,0.0,0.18209213411654696,True,True,True,False
c994d7407bb37b8da1da,null_anytime,null_calibration,660,1622273118,16,5000,0.0,0.05,rbf,median,anytime,bonferroni,1,2,False,UNRESOLVED,5000,True,False,False,0.00034258299274370074,0.0,0.18209213411654696,True,True,True,False
67f6ff778e00996e12e4,null_anytime,null_calibration,661,1786843825,16,5000,0.0,0.05,rbf,median,anytime,bonferroni,1,2,False,UNRESOLVED,5000,True,False,False,0.00034149998100474477,0.0,0.18209213411654696,True,True,True,False
04bc100b2390b898b9b8,null_anytime,null_calibration,662,3263800561,16,5000,0.0,0.05,rbf,median,anytime,bonferroni,1,2,False,UNRESOLVED,5000,True,False,False,0.00034179200883954763,0.0,0.18209213411654696,True,True,True,False
333838a686bb11f5add7,null_anytime,null_calibration,663,3416063105,16,5000,0.0,0.05,rbf,median,anytime,bonferroni,1,2,False,UNRESOLVED,5000,True,False,False,0.0003427499905228615,0.0,0.18209213411654696,True,True,True,False
28d2b811cea4ee2bf43f,null_anytime,null_calibration,664,1692937507,16,5000,0.0,0.05,rbf,median,anytime,bonferroni,1,2,False,UNRESOLVED,5000,True,False,False,0.0003409999771974981,0.0,0.18209213411654696,True,True,True,False
496292c06e81b07bab8f,null_anytime,null_calibration,665,2372079245,16,5000,0.0,0.05,rbf,median,anytime,bonferroni,1,2,False,UNRESOLVED,5000,True,False,False,0.000340958999004215,0.0,0.18209213411654696,True,True,True,False
122149c880a47a60d172,null_anytime,null_calibration,666,2264561930,16,5000,0.0,0.05,rbf,median,anytime,bonferroni,1,2,False,UNRESOLVED,5000,True,False,False,0.0003414590028114617,0.0,0.18209213411654696,True,True,True,False
59e4164f5e0aa95fd4af,null_anytime,null_calibration,667,2022354102,16,5000,0.0,0.05,rbf,median,anytime,bonferroni,1,2,False,UNRESOLVED,5000,True,False,False,0.0003407079493626952,0.0,0.18209213411654696,True,True,True,False
d2e8dc7950c6c543e5fb,null_anytime,null_calibration,668,1817481096,16,5000,0.0,0.05,rbf,median,anytime,bonferroni,1,2,False,UNRESOLVED,5000,True,False,False,0.0004603340057656169,0.0,0.18209213411654696,True,True,True,False
eb0348298b539324be72,null_anytime,null_calibration,669,2190262280,16,5000,0.0,0.05,rbf,median,anytime,bonferroni,1,2,False,UNRESOLVED,5000,True,False,False,0.0005377500201575458,0.0,0.18209213411654696,True,True,True,False
4a43ae52bd76ace649a5,null_anytime,null_calibration,670,2090204074,16,5000,0.0,0.05,rbf,median,anytime,bonferroni,1,2,False,UNRESOLVED,5000,True,False,False,0.0005055830115452409,0.0,0.18209213411654696,True,True,True,False
23ed17f124eb04f68113,null_anytime,null_calibration,671,3453417384,16,5000,0.0,0.05,rbf,median,anytime,bonferroni,1,2,False,UNRESOLVED,5000,True,False,False,0.0005123749724589288,0.0,0.18209213411654696,True,True,True,False
bfbaad75b24595a85cfd,null_anytime,null_calibration,672,2646933345,16,5000,0.0,0.05,rbf,median,anytime,bonferroni,1,2,False,UNRESOLVED,5000,True,False,False,0.0005684579955413938,0.0,0.18209213411654696,True,True,True,False
dd7da2597eedd261ed94,null_anytime,null_calibration,673,3035714949,16,5000,0.0,0.05,rbf,median,anytime,bonferroni,1,2,False,UNRESOLVED,5000,True,False,False,0.0004912500153295696,0.0,0.18209213411654696,True,True,True,False
47115708f30b24ac78c2,null_anytime,null_calibration,674,873397532,16,5000,0.0,0.05,rbf,median,anytime,bonferroni,1,2,False,UNRESOLVED,5000,True,False,False,0.00048162497114390135,0.0,0.18209213411654696,True,True,True,False
076169cb8cab256b25e4,null_anytime,null_calibration,675,2377880143,16,5000,0.0,0.05,rbf,median,anytime,bonferroni,1,2,False,UNRESOLVED,5000,True,False,False,0.0004746250342577696,0.0,0.18209213411654696,True,True,True,False
abfb91bbc34ee3479d3d,null_anytime,null_calibration,676,2447700329,16,5000,0.0,0.05,rbf,median,anytime,bonferroni,1,2,False,UNRESOLVED,5000,True,False,False,0.0004724999889731407,0.0,0.18209213411654696,True,True,True,False
51fb318dd374443e7208,null_anytime,null_calibration,677,2532316895,16,5000,0.0,0.05,rbf,median,anytime,bonferroni,1,2,False,UNRESOLVED,5000,True,False,False,0.0004706250037997961,0.0,0.18209213411654696,True,True,True,False
5a96d593b59931ec76ae,null_anytime,null_calibration,678,2728095049,16,5000,0.0,0.05,rbf,median,anytime,bonferroni,1,2,False,UNRESOLVED,5000,True,False,False,0.00047199998516589403,0.0,0.18209213411654696,True,True,True,False
3c63c921f2ccd34b76ae,null_anytime,null_calibration,679,321250330,16,5000,0.0,0.05,rbf,median,anytime,bonferroni,1,2,False,UNRESOLVED,5000,True,False,False,0.0004707910120487213,0.0,0.18209213411654696,True,True,True,False
1ea2df6b491007ab8199,null_anytime,null_calibration,680,4113889285,16,5000,0.0,0.05,rbf,median,anytime,bonferroni,1,2,False,UNRESOLVED,5000,True,False,False,0.0004771249950863421,0.0,0.18209213411654696,True,True,True,False
91dd04ae852af68ec6ba,null_anytime,null_calibration,681,1944664500,16,5000,0.0,0.05,rbf,median,anytime,bonferroni,1,2,False,UNRESOLVED,5000,True,False,False,0.0004717080155387521,0.0,0.18209213411654696,True,True,True,False
ecd17626045839f8c812,null_anytime,null_calibration,682,2368114015,16,5000,0.0,0.05,rbf,median,anytime,bonferroni,1,2,False,UNRESOLVED,5000,True,False,False,0.0004841669579036534,0.0,0.18209213411654696,True,True,True,False
7e02851fbd0c2ff96772,null_anytime,null_calibration,683,476804215,16,5000,0.0,0.05,rbf,median,anytime,bonferroni,1,2,False,UNRESOLVED,5000,True,False,False,0.0004887079703621566,0.0,0.18209213411654696,True,True,True,False
e053251f28df057ab3cb,null_anytime,null_calibration,684,3616208270,16,5000,0.0,0.05,rbf,median,anytime,bonferroni,1,2,False,UNRESOLVED,5000,True,False,False,0.0005019580130465329,0.0,0.18209213411654696,True,True,True,False
17524e5d82cd83dbaab4,null_anytime,null_calibration,685,3510984728,16,5000,0.0,0.05,rbf,median,anytime,bonferroni,1,2,False,UNRESOLVED,5000,True,False,False,0.0004988749860785902,0.0,0.18209213411654696,True,True,True,False
d54310ebf25f4bbd36f3,null_anytime,null_calibration,686,221453669,16,5000,0.0,0.05,rbf,median,anytime,bonferroni,1,2,False,UNRESOLVED,5000,True,False,False,0.0005067919846624136,0.0,0.18209213411654696,True,True,True,False
a1980f9c5c3c6396ee1c,null_anytime,null_calibration,687,2997716550,16,5000,0.0,0.05,rbf,median,anytime,bonferroni,1,2,False,UNRESOLVED,5000,True,False,False,0.00047495897160843015,0.0,0.18209213411654696,True,True,True,False
c355a88ef8b23a43279e,null_anytime,null_calibration,688,2256982277,16,5000,0.0,0.05,rbf,median,anytime,bonferroni,1,2,False,UNRESOLVED,5000,True,False,False,0.00035970803583040833,0.0,0.18209213411654696,True,True,True,False
7cce79610722db70fbfa,null_anytime,null_calibration,689,1893259172,16,5000,0.0,0.05,rbf,median,anytime,bonferroni,1,2,False,UNRESOLVED,5000,True,False,False,0.0003464169567450881,0.0,0.18209213411654696,True,True,True,False
38ee0a4dc6c2befca325,null_anytime,null_calibration,690,689661181,16,5000,0.0,0.05,rbf,median,anytime,bonferroni,1,2,False,UNRESOLVED,5000,True,False,False,0.00034470902755856514,0.0,0.18209213411654696,True,True,True,False
dd1bffd56da5ef4d037f,null_anytime,null_calibration,691,3330452661,16,5000,0.0,0.05,rbf,median,anytime,bonferroni,1,2,False,UNRESOLVED,5000,True,False,False,0.00034079101169481874,0.0,0.18209213411654696,True,True,True,False
a2a75973197f55692034,null_anytime,null_calibration,692,3836458938,16,5000,0.0,0.05,rbf,median,anytime,bonferroni,1,2,False,UNRESOLVED,5000,True,False,False,0.0003446249756962061,0.0,0.18209213411654696,True,True,True,False
320c4d9b30bfbeff9571,null_anytime,null_calibration,693,2278771298,16,5000,0.0,0.05,rbf,median,anytime,bonferroni,1,2,False,UNRESOLVED,5000,True,False,False,0.00034270802279934287,0.0,0.18209213411654696,True,True,True,False
45a79af6183aed1f2f11,null_anytime,null_calibration,694,903829420,16,5000,0.0,0.05,rbf,median,anytime,bonferroni,1,2,False,UNRESOLVED,5000,True,False,False,0.00034158298512920737,0.0,0.18209213411654696,True,True,True,False
0a0482672ea75d3a4e76,null_anytime,null_calibration,695,707388128,16,5000,0.0,0.05,rbf,median,anytime,bonferroni,1,2,False,UNRESOLVED,5000,True,False,False,0.00034083303762599826,0.0,0.18209213411654696,True,True,True,False
71dee26e6b8cec821f60,null_anytime,null_calibration,696,2703744716,16,5000,0.0,0.05,rbf,median,anytime,bonferroni,1,2,False,UNRESOLVED,5000,True,False,False,0.00033908302430063486,0.0,0.18209213411654696,True,True,True,False
34e58339b5940cfbe3bf,null_anytime,null_calibration,697,1607992442,16,5000,0.0,0.05,rbf,median,anytime,bonferroni,1,2,False,UNRESOLVED,5000,True,False,False,0.0003415000392124057,0.0,0.18209213411654696,True,True,True,False
8809da2f684eea0964f8,null_anytime,null_calibration,698,2615322631,16,5000,0.0,0.05,rbf,median,anytime,bonferroni,1,2,False,UNRESOLVED,5000,True,False,False,0.0003405410097911954,0.0,0.18209213411654696,True,True,True,False
87d66bdc1e55aa575bdd,null_anytime,null_calibration,699,2149317954,16,5000,0.0,0.05,rbf,median,anytime,bonferroni,1,2,False,UNRESOLVED,5000,True,False,False,0.0003404589951969683,0.0,0.18209213411654696,True,True,True,False
bdd07102120aece19525,null_anytime,null_calibration,700,1960928016,16,5000,0.0,0.05,rbf,median,anytime,bonferroni,1,2,False,UNRESOLVED,5000,True,False,False,0.00033950002398341894,0.0,0.18209213411654696,True,True,True,False
c33b945af9672d15f45b,null_anytime,null_calibration,701,645269879,16,5000,0.0,0.05,rbf,median,anytime,bonferroni,1,2,False,UNRESOLVED,5000,True,False,False,0.0003425840404815972,0.0,0.18209213411654696,True,True,True,False
fd2addadfa0f592d720c,null_anytime,null_calibration,702,863654673,16,5000,0.0,0.05,rbf,median,anytime,bonferroni,1,2,False,UNRESOLVED,5000,True,False,False,0.00034041597973555326,0.0,0.18209213411654696,True,True,True,False
f037f3802e93b535c662,null_anytime,null_calibration,703,2213849841,16,5000,0.0,0.05,rbf,median,anytime,bonferroni,1,2,False,UNRESOLVED,5000,True,False,False,0.00034495798172429204,0.0,0.18209213411654696,True,True,True,False
0e1526fb5231301dd5ee,null_anytime,null_calibration,704,2850908751,16,5000,0.0,0.05,rbf,median,anytime,bonferroni,1,2,False,UNRESOLVED,5000,True,False,False,0.00035379198379814625,0.0,0.18209213411654696,True,True,True,False
362539c5cbd26b458239,null_anytime,null_calibration,705,178398920,16,5000,0.0,0.05,rbf,median,anytime,bonferroni,1,2,False,UNRESOLVED,5000,True,False,False,0.0003410410135984421,0.0,0.18209213411654696,True,True,True,False
ee6ed81cb44478b76d38,null_anytime,null_calibration,706,2486089552,16,5000,0.0,0.05,rbf,median,anytime,bonferroni,1,2,False,UNRESOLVED,5000,True,False,False,0.00034262501867488027,0.0,0.18209213411654696,True,True,True,False
4cd6fdcc68e4b9ca1544,null_anytime,null_calibration,707,1520943243,16,5000,0.0,0.05,rbf,median,anytime,bonferroni,1,2,False,UNRESOLVED,5000,True,False,False,0.00033933401573449373,0.0,0.18209213411654696,True,True,True,False
71653f7cbd478a3adf55,null_anytime,null_calibration,708,474090418,16,5000,0.0,0.05,rbf,median,anytime,bonferroni,1,2,False,UNRESOLVED,5000,True,False,False,0.00034199998481199145,0.0,0.18209213411654696,True,True,True,False
b0dc1df865dc120db781,null_anytime,null_calibration,709,2509008716,16,5000,0.0,0.05,rbf,median,anytime,bonferroni,1,2,False,UNRESOLVED,5000,True,False,False,0.00034091598354279995,0.0,0.18209213411654696,True,True,True,False
387d304a7d9b4a54876a,null_anytime,null_calibration,710,208730962,16,5000,0.0,0.05,rbf,median,anytime,bonferroni,1,2,False,UNRESOLVED,5000,True,False,False,0.0003390840138308704,0.0,0.18209213411654696,True,True,True,False
7ed5e6f8adbd6e01b771,null_anytime,null_calibration,711,2434103227,16,5000,0.0,0.05,rbf,median,anytime,bonferroni,1,2,False,UNRESOLVED,5000,True,False,False,0.0003392079961486161,0.0,0.18209213411654696,True,True,True,False
033d655c1cda40e78da8,null_anytime,null_calibration,712,2102809148,16,5000,0.0,0.05,rbf,median,anytime,bonferroni,1,2,False,UNRESOLVED,5000,True,False,False,0.000339832971803844,0.0,0.18209213411654696,True,True,True,False
f8fd0f17aba6d7ac95e7,null_anytime,null_calibration,713,3227015084,16,5000,0.0,0.05,rbf,median,anytime,bonferroni,1,2,False,UNRESOLVED,5000,True,False,False,0.00034020800376310945,0.0,0.18209213411654696,True,True,True,False
9c454dd754c481d244f2,null_anytime,null_calibration,714,4226946441,16,5000,0.0,0.05,rbf,median,anytime,bonferroni,1,2,False,UNRESOLVED,5000,True,False,False,0.0003404999733902514,0.0,0.18209213411654696,True,True,True,False
7b837f5710b49b13c038,null_anytime,null_calibration,715,338598624,16,5000,0.0,0.05,rbf,median,anytime,bonferroni,1,2,False,UNRESOLVED,5000,True,False,False,0.0003434160025790334,0.0,0.18209213411654696,True,True,True,False
953d4099d6e066c0f8b9,null_anytime,null_calibration,716,2093581624,16,5000,0.0,0.05,rbf,median,anytime,bonferroni,1,2,False,UNRESOLVED,5000,True,False,False,0.00033979100408032537,0.0,0.18209213411654696,True,True,True,False
99788e5ee80f6219be74,null_anytime,null_calibration,717,2904475070,16,5000,0.0,0.05,rbf,median,anytime,bonferroni,1,2,False,UNRESOLVED,5000,True,False,False,0.00034166598925367,0.0,0.18209213411654696,True,True,True,False
b8cae927a30318c07599,null_anytime,null_calibration,718,548876547,16,5000,0.0,0.05,rbf,median,anytime,bonferroni,1,2,False,UNRESOLVED,5000,True,False,False,0.00034012499963864684,0.0,0.18209213411654696,True,True,True,False
c197f84a70582913469a,null_anytime,null_calibration,719,1746430783,16,5000,0.0,0.05,rbf,median,anytime,bonferroni,1,2,False,UNRESOLVED,5000,True,False,False,0.00034004199551418424,0.0,0.18209213411654696,True,True,True,False
73da2371f4b39cab55ac,null_anytime,null_calibration,720,87804897,16,5000,0.0,0.05,rbf,median,anytime,bonferroni,1,2,False,UNRESOLVED,5000,True,False,False,0.0003404169692657888,0.0,0.18209213411654696,True,True,True,False
78454be3e115860a31c4,null_anytime,null_calibration,721,2867330758,16,5000,0.0,0.05,rbf,median,anytime,bonferroni,1,2,False,UNRESOLVED,5000,True,False,False,0.00034125003730878234,0.0,0.18209213411654696,True,True,True,False
4cb89f868f0bd71f8ac4,null_anytime,null_calibration,722,1461457201,16,5000,0.0,0.05,rbf,median,anytime,bonferroni,1,2,False,UNRESOLVED,5000,True,False,False,0.0003393749939277768,0.0,0.18209213411654696,True,True,True,False
d4a561d87e308c11b39b,null_anytime,null_calibration,723,1473923233,16,5000,0.0,0.05,rbf,median,anytime,bonferroni,1,2,False,UNRESOLVED,5000,True,False,False,0.00034029100788757205,0.0,0.18209213411654696,True,True,True,False
c56fdb73b2da2d1eb626,null_anytime,null_calibration,724,299744996,16,5000,0.0,0.05,rbf,median,anytime,bonferroni,1,2,False,UNRESOLVED,5000,True,False,False,0.000340582977514714,0.0,0.18209213411654696,True,True,True,False
564908cdd0a647257481,null_anytime,null_calibration,725,3946437067,16,5000,0.0,0.05,rbf,median,anytime,bonferroni,1,2,False,UNRESOLVED,5000,True,False,False,0.00034374999813735485,0.0,0.18209213411654696,True,True,True,False
a05d359a8c7afada42df,null_anytime,null_calibration,726,3788854281,16,5000,0.0,0.05,rbf,median,anytime,bonferroni,1,2,False,UNRESOLVED,5000,True,False,False,0.0003394160303287208,0.0,0.18209213411654696,True,True,True,False
dea632d5103b783be3db,null_anytime,null_calibration,727,4237827889,16,5000,0.0,0.05,rbf,median,anytime,bonferroni,1,2,False,UNRESOLVED,5000,True,False,False,0.00033949996577575803,0.0,0.18209213411654696,True,True,True,False
7398d89b06ad4f05f8e1,null_anytime,null_calibration,728,3720518677,16,5000,0.0,0.05,rbf,median,anytime,bonferroni,1,2,False,UNRESOLVED,5000,True,False,False,0.0003404170274734497,0.0,0.18209213411654696,True,True,True,False
efae97a56dcf95d94b40,null_anytime,null_calibration,729,3769458868,16,5000,0.0,0.05,rbf,median,anytime,bonferroni,1,2,False,UNRESOLVED,5000,True,False,False,0.0003410410135984421,0.0,0.18209213411654696,True,True,True,False
e2a4641075461dde1b5b,null_anytime,null_calibration,730,1323042211,16,5000,0.0,0.05,rbf,median,anytime,bonferroni,1,2,False,UNRESOLVED,5000,True,False,False,0.0003392919898033142,0.0,0.18209213411654696,True,True,True,False
d9bbe2c1a498552a5e1b,null_anytime,null_calibration,731,1012911438,16,5000,0.0,0.05,rbf,median,anytime,bonferroni,1,2,False,UNRESOLVED,5000,True,False,False,0.00033962499583140016,0.0,0.18209213411654696,True,True,True,False
dd6c64a1d54b7f3614cc,null_anytime,null_calibration,732,1223481870,16,5000,0.0,0.05,rbf,median,anytime,bonferroni,1,2,False,UNRESOLVED,5000,True,False,False,0.0003399580018594861,0.0,0.18209213411654696,True,True,True,False
d66f07bf17fd4557170c,null_anytime,null_calibration,733,680074333,16,5000,0.0,0.05,rbf,median,anytime,bonferroni,1,2,False,UNRESOLVED,5000,True,False,False,0.0003393750521354377,0.0,0.18209213411654696,True,True,True,False
1cd3e4614d9829e49ea7,null_anytime,null_calibration,734,1627599723,16,5000,0.0,0.05,rbf,median,anytime,bonferroni,1,2,False,UNRESOLVED,5000,True,False,False,0.00034024997148662806,0.0,0.18209213411654696,True,True,True,False
ee1d5770d2d9cab39cf7,null_anytime,null_calibration,735,4112808938,16,5000,0.0,0.05,rbf,median,anytime,bonferroni,1,2,False,UNRESOLVED,5000,True,False,False,0.0003404589951969683,0.0,0.18209213411654696,True,True,True,False
3bec1657796c970231c6,null_anytime,null_calibration,736,506772836,16,5000,0.0,0.05,rbf,median,anytime,bonferroni,1,2,False,UNRESOLVED,5000,True,False,False,0.00033904198789969087,0.0,0.18209213411654696,True,True,True,False
8cff81a573ba57ae4b83,null_anytime,null_calibration,737,1701117758,16,5000,0.0,0.05,rbf,median,anytime,bonferroni,1,2,False,UNRESOLVED,5000,True,False,False,0.0003411250072531402,0.0,0.18209213411654696,True,True,True,False
eaebaa08412826d73759,null_anytime,null_calibration,738,366760007,16,5000,0.0,0.05,rbf,median,anytime,bonferroni,1,2,False,UNRESOLVED,5000,True,False,False,0.0003405410097911954,0.0,0.18209213411654696,True,True,True,False
41a2f8df7b5655bfdb61,null_anytime,null_calibration,739,439930605,16,5000,0.0,0.05,rbf,median,anytime,bonferroni,1,2,False,UNRESOLVED,5000,True,False,False,0.00034208298893645406,0.0,0.18209213411654696,True,True,True,False
3c68d0514509af5f7001,null_anytime,null_calibration,740,634203945,16,5000,0.0,0.05,rbf,median,anytime,bonferroni,1,2,False,UNRESOLVED,5000,True,False,False,0.00033887499012053013,0.0,0.18209213411654696,True,True,True,False
d47c2454261b8e41e247,null_anytime,null_calibration,741,3961470458,16,5000,0.0,0.05,rbf,median,anytime,bonferroni,1,2,False,UNRESOLVED,5000,True,False,False,0.0003411659854464233,0.0,0.18209213411654696,True,True,True,False
8e575975396cfa57c4a9,null_anytime,null_calibration,742,1683841167,16,5000,0.0,0.05,rbf,median,anytime,bonferroni,1,2,False,UNRESOLVED,5000,True,False,False,0.00034141697688028216,0.0,0.18209213411654696,True,True,True,False
91df259f8dc792f8cfb3,null_anytime,null_calibration,743,1360838750,16,5000,0.0,0.05,rbf,median,anytime,bonferroni,1,2,False,UNRESOLVED,5000,True,False,False,0.00034304196015000343,0.0,0.18209213411654696,True,True,True,False
4a4cbd117117e1d9685d,null_anytime,null_calibration,744,3451249922,16,5000,0.0,0.05,rbf,median,anytime,bonferroni,1,2,False,UNRESOLVED,5000,True,False,False,0.0003400000277906656,0.0,0.18209213411654696,True,True,True,False
694ec4541e4127ac622a,null_anytime,null_calibration,745,3378234352,16,5000,0.0,0.05,rbf,median,anytime,bonferroni,1,2,False,UNRESOLVED,5000,True,False,False,0.0003405419993214309,0.0,0.18209213411654696,True,True,True,False
2bb3c46a24d4bda5b106,null_anytime,null_calibration,746,645495788,16,5000,0.0,0.05,rbf,median,anytime,bonferroni,1,2,False,UNRESOLVED,5000,True,False,False,0.00034283404238522053,0.0,0.18209213411654696,True,True,True,False
c79407db71e7e0511add,null_anytime,null_calibration,747,4157410627,16,5000,0.0,0.05,rbf,median,anytime,bonferroni,1,2,False,UNRESOLVED,5000,True,False,False,0.0003403330338187516,0.0,0.18209213411654696,True,True,True,False
98fe97c26932122d0898,null_anytime,null_calibration,748,2655115320,16,5000,0.0,0.05,rbf,median,anytime,bonferroni,1,2,False,UNRESOLVED,5000,True,False,False,0.0003397919936105609,0.0,0.18209213411654696,True,True,True,False
c21458d8aa9c2e990b57,null_anytime,null_calibration,749,1138337190,16,5000,0.0,0.05,rbf,median,anytime,bonferroni,1,2,False,UNRESOLVED,5000,True,False,False,0.0003409169730730355,0.0,0.18209213411654696,True,True,True,False
9f717699fed5fecb7b21,null_anytime,null_calibration,750,2252051031,16,5000,0.0,0.05,rbf,median,anytime,bonferroni,1,2,False,UNRESOLVED,5000,True,False,False,0.00034041597973555326,0.0,0.18209213411654696,True,True,True,False
2c04b826272127ef157b,null_anytime,null_calibration,751,31298669,16,5000,0.0,0.05,rbf,median,anytime,bonferroni,1,2,False,UNRESOLVED,5000,True,False,False,0.00033995899138972163,0.0,0.18209213411654696,True,True,True,False
120652f26e5b03a16ca1,null_anytime,null_calibration,752,1826008677,16,5000,0.0,0.05,rbf,median,anytime,bonferroni,1,2,False,UNRESOLVED,5000,True,False,False,0.00033979100408032537,0.0,0.18209213411654696,True,True,True,False
e096b37f81db4f72fa4a,null_anytime,null_calibration,753,732928091,16,5000,0.0,0.05,rbf,median,anytime,bonferroni,1,2,False,UNRESOLVED,5000,True,False,False,0.00034079200122505426,0.0,0.18209213411654696,True,True,True,False
6d4908828cae44104ea6,null_anytime,null_calibration,754,201862956,16,5000,0.0,0.05,rbf,median,anytime,bonferroni,1,2,False,UNRESOLVED,5000,True,False,False,0.00033912499202415347,0.0,0.18209213411654696,True,True,True,False
36acca839463a70ac87e,null_anytime,null_calibration,755,1701803150,16,5000,0.0,0.05,rbf,median,anytime,bonferroni,1,2,False,UNRESOLVED,5000,True,False,False,0.0003390840138308704,0.0,0.18209213411654696,True,True,True,False
e30d8383c2a42af5e558,null_anytime,null_calibration,756,861946382,16,5000,0.0,0.05,rbf,median,anytime,bonferroni,1,2,False,UNRESOLVED,5000,True,False,False,0.00034024997148662806,0.0,0.18209213411654696,True,True,True,False
cd94f4a29573a8f723b6,null_anytime,null_calibration,757,3285702841,16,5000,0.0,0.05,rbf,median,anytime,bonferroni,1,2,False,UNRESOLVED,5000,True,False,False,0.0003406250034458935,0.0,0.18209213411654696,True,True,True,False
4540c5cbece9b8a7cec7,null_anytime,null_calibration,758,3680786032,16,5000,0.0,0.05,rbf,median,anytime,bonferroni,1,2,False,UNRESOLVED,5000,True,False,False,0.0003410410135984421,0.0,0.18209213411654696,True,True,True,False
2a364171ba2d8fe7a6a6,null_anytime,null_calibration,759,246721373,16,5000,0.0,0.05,rbf,median,anytime,bonferroni,1,2,False,UNRESOLVED,5000,True,False,False,0.00033962499583140016,0.0,0.18209213411654696,True,True,True,False
dbc405cb63637a82fd60,null_anytime,null_calibration,760,3204584966,16,5000,0.0,0.05,rbf,median,anytime,bonferroni,1,2,False,UNRESOLVED,5000,True,False,False,0.00033958302810788155,0.0,0.18209213411654696,True,True,True,False
3cfa02f8bf93cde3f96a,null_anytime,null_calibration,761,4169305023,16,5000,0.0,0.05,rbf,median,anytime,bonferroni,1,2,False,UNRESOLVED,5000,True,False,False,0.0003409999771974981,0.0,0.18209213411654696,True,True,True,False
424dc65edfadd4dd4396,null_anytime,null_calibration,762,2625827184,16,5000,0.0,0.05,rbf,median,anytime,bonferroni,1,2,False,UNRESOLVED,5000,True,False,False,0.00034008396323770285,0.0,0.18209213411654696,True,True,True,False
e5fb705836a7e7146061,null_anytime,null_calibration,763,2554678248,16,5000,0.0,0.05,rbf,median,anytime,bonferroni,1,2,False,UNRESOLVED,5000,True,False,False,0.00034087500534951687,0.0,0.18209213411654696,True,True,True,False
933e95903f0283dade93,null_anytime,null_calibration,764,4137748747,16,5000,0.0,0.05,rbf,median,anytime,bonferroni,1,2,False,UNRESOLVED,5000,True,False,False,0.00034004205372184515,0.0,0.18209213411654696,True,True,True,False
4656757967d4976aca2c,null_anytime,null_calibration,765,2815045451,16,5000,0.0,0.05,rbf,median,anytime,bonferroni,1,2,False,UNRESOLVED,5000,True,False,False,0.00033916597021743655,0.0,0.18209213411654696,True,True,True,False
220677ab1cad9bd902e3,null_anytime,null_calibration,766,624570976,16,5000,0.0,0.05,rbf,median,anytime,bonferroni,1,2,False,UNRESOLVED,5000,True,False,False,0.0003396670217625797,0.0,0.18209213411654696,True,True,True,False
8f212c3077a40b3597c0,null_anytime,null_calibration,767,624821375,16,5000,0.0,0.05,rbf,median,anytime,bonferroni,1,2,False,UNRESOLVED,5000,True,False,False,0.00034208298893645406,0.0,0.18209213411654696,True,True,True,False
1d81ed9a7314b6d1f739,null_anytime,null_calibration,768,1941342175,16,5000,0.0,0.05,rbf,median,anytime,bonferroni,1,2,False,UNRESOLVED,5000,True,False,False,0.000339208054356277,0.0,0.18209213411654696,True,True,True,False
fc6d87aba6330c32a80c,null_anytime,null_calibration,769,2599115833,16,5000,0.0,0.05,rbf,median,anytime,bonferroni,1,2,False,UNRESOLVED,5000,True,False,False,0.00034212495665997267,0.0,0.18209213411654696,True,True,True,False
5a74f7f6743d8a9c4912,null_anytime,null_calibration,770,3770942270,16,5000,0.0,0.05,rbf,median,anytime,bonferroni,1,2,False,UNRESOLVED,5000,True,False,False,0.00034087500534951687,0.0,0.18209213411654696,True,True,True,False
08b9e413c0c43dbc50c0,null_anytime,null_calibration,771,735032178,16,5000,0.0,0.05,rbf,median,anytime,bonferroni,1,2,False,UNRESOLVED,5000,True,False,False,0.0003421669825911522,0.0,0.18209213411654696,True,True,True,False
25d010572211095af510,null_anytime,null_calibration,772,3627550592,16,5000,0.0,0.05,rbf,median,anytime,bonferroni,1,2,False,UNRESOLVED,5000,True,False,False,0.0003399169654585421,0.0,0.18209213411654696,True,True,True,False
9d5d03c9674d2310275f,null_anytime,null_calibration,773,1973677076,16,5000,0.0,0.05,rbf,median,anytime,bonferroni,1,2,False,UNRESOLVED,5000,True,False,False,0.0003387500182725489,0.0,0.18209213411654696,True,True,True,False
954b7b3156e0e0d8c2ab,null_anytime,null_calibration,774,2385338820,16,5000,0.0,0.05,rbf,median,anytime,bonferroni,1,2,False,UNRESOLVED,5000,True,False,False,0.0003401659778319299,0.0,0.18209213411654696,True,True,True,False
514ba0dac7d9a1d21513,null_anytime,null_calibration,775,3269787418,16,5000,0.0,0.05,rbf,median,anytime,bonferroni,1,2,False,UNRESOLVED,5000,True,False,False,0.00035033299354836345,0.0,0.18209213411654696,True,True,True,False
352b43750a53ad445e03,null_anytime,null_calibration,776,694633170,16,5000,0.0,0.05,rbf,median,anytime,bonferroni,1,2,False,UNRESOLVED,5000,True,False,False,0.0003404999733902514,0.0,0.18209213411654696,True,True,True,False
72d7c23b84ff7a27c9af,null_anytime,null_calibration,777,1721465148,16,5000,0.0,0.05,rbf,median,anytime,bonferroni,1,2,False,UNRESOLVED,5000,True,False,False,0.0003394160303287208,0.0,0.18209213411654696,True,True,True,False
e2c1b8b198fdb7f7d53d,null_anytime,null_calibration,778,3729193204,16,5000,0.0,0.05,rbf,median,anytime,bonferroni,1,2,False,UNRESOLVED,5000,True,False,False,0.00033941701985895634,0.0,0.18209213411654696,True,True,True,False
0596fa8da684c74fd97a,null_anytime,null_calibration,779,484355216,16,5000,0.0,0.05,rbf,median,anytime,bonferroni,1,2,False,UNRESOLVED,5000,True,False,False,0.0003411250072531402,0.0,0.18209213411654696,True,True,True,False
8c6a8b3e28cc4a670163,null_anytime,null_calibration,780,3350070556,16,5000,0.0,0.05,rbf,median,anytime,bonferroni,1,2,False,UNRESOLVED,5000,True,False,False,0.00033895898377522826,0.0,0.18209213411654696,True,True,True,False
bd33b8f5abf2e3128595,null_anytime,null_calibration,781,681455760,16,5000,0.0,0.05,rbf,median,anytime,bonferroni,1,2,False,UNRESOLVED,5000,True,False,False,0.0003402919974178076,0.0,0.18209213411654696,True,True,True,False
04575fe12f3c7aaad39c,null_anytime,null_calibration,782,1695693321,16,5000,0.0,0.05,rbf,median,anytime,bonferroni,1,2,False,UNRESOLVED,5000,True,False,False,0.00033950002398341894,0.0,0.18209213411654696,True,True,True,False
f35135be868cd094efd9,null_anytime,null_calibration,783,1676437252,16,5000,0.0,0.05,rbf,median,anytime,bonferroni,1,2,False,UNRESOLVED,5000,True,False,False,0.00033966597402468324,0.0,0.18209213411654696,True,True,True,False
273b92e977ed42854e2b,null_anytime,null_calibration,784,3298867477,16,5000,0.0,0.05,rbf,median,anytime,bonferroni,1,2,False,UNRESOLVED,5000,True,False,False,0.0003404580056667328,0.0,0.18209213411654696,True,True,True,False
596b867de3b87d6fd854,null_anytime,null_calibration,785,1384334291,16,5000,0.0,0.05,rbf,median,anytime,bonferroni,1,2,False,UNRESOLVED,5000,True,False,False,0.0003409169730730355,0.0,0.18209213411654696,True,True,True,False
5bb61cd40ab67808d74f,null_anytime,null_calibration,786,2707558222,16,5000,0.0,0.05,rbf,median,anytime,bonferroni,1,2,False,UNRESOLVED,5000,True,False,False,0.0003409999771974981,0.0,0.18209213411654696,True,True,True,False
fd9edc84792176a569d9,null_anytime,null_calibration,787,1658394463,16,5000,0.0,0.05,rbf,median,anytime,bonferroni,1,2,False,UNRESOLVED,5000,True,False,False,0.00033950002398341894,0.0,0.18209213411654696,True,True,True,False
46f5e9a7bbfcb509163b,null_anytime,null_calibration,788,1099619015,16,5000,0.0,0.05,rbf,median,anytime,bonferroni,1,2,False,UNRESOLVED,5000,True,False,False,0.00034308398608118296,0.0,0.18209213411654696,True,True,True,False
7f1bfab90201b1935c63,null_anytime,null_calibration,789,3262243202,16,5000,0.0,0.05,rbf,median,anytime,bonferroni,1,2,False,UNRESOLVED,5000,True,False,False,0.00034004199551418424,0.0,0.18209213411654696,True,True,True,False
ce7bc692d2fa4be53195,null_anytime,null_calibration,790,1244069003,16,5000,0.0,0.05,rbf,median,anytime,bonferroni,1,2,False,UNRESOLVED,5000,True,False,False,0.0003392500220797956,0.0,0.18209213411654696,True,True,True,False
1aba5d0bf0159feabba4,null_anytime,null_calibration,791,3097971634,16,5000,0.0,0.05,rbf,median,anytime,bonferroni,1,2,False,UNRESOLVED,5000,True,False,False,0.0003404580056667328,0.0,0.18209213411654696,True,True,True,False
5d999de2aaa4cd67ec6b,null_anytime,null_calibration,792,2101777009,16,5000,0.0,0.05,rbf,median,anytime,bonferroni,1,2,False,UNRESOLVED,5000,True,False,False,0.00034025002969428897,0.0,0.18209213411654696,True,True,True,False
a314e9074d57fef9cfb8,null_anytime,null_calibration,793,1499319013,16,5000,0.0,0.05,rbf,median,anytime,bonferroni,1,2,False,UNRESOLVED,5000,True,False,False,0.0003398749977350235,0.0,0.18209213411654696,True,True,True,False
943efeabcdf8efef71a9,null_anytime,null_calibration,794,2514151386,16,5000,0.0,0.05,rbf,median,anytime,bonferroni,1,2,False,UNRESOLVED,5000,True,False,False,0.0003404999733902514,0.0,0.18209213411654696,True,True,True,False
7ea422b71dc89f2157c2,null_anytime,null_calibration,795,2847536552,16,5000,0.0,0.05,rbf,median,anytime,bonferroni,1,2,False,UNRESOLVED,5000,True,False,False,0.00034012499963864684,0.0,0.18209213411654696,True,True,True,False
b76f86626cb2a17d843a,null_anytime,null_calibration,796,2944335000,16,5000,0.0,0.05,rbf,median,anytime,bonferroni,1,2,False,UNRESOLVED,5000,True,False,False,0.00033841701224446297,0.0,0.18209213411654696,True,True,True,False
2c9eccd8f593c79c0ab0,null_anytime,null_calibration,797,250414152,16,5000,0.0,0.05,rbf,median,anytime,bonferroni,1,2,False,UNRESOLVED,5000,True,False,False,0.00033962499583140016,0.0,0.18209213411654696,True,True,True,False
b6d32236e16f26ff521d,null_anytime,null_calibration,798,947183523,16,5000,0.0,0.05,rbf,median,anytime,bonferroni,1,2,False,UNRESOLVED,5000,True,False,False,0.00033945898758247495,0.0,0.18209213411654696,True,True,True,False
0233a2de69a3ab968547,null_anytime,null_calibration,799,1431270490,16,5000,0.0,0.05,rbf,median,anytime,bonferroni,1,2,False,UNRESOLVED,5000,True,False,False,0.0003410830395296216,0.0,0.18209213411654696,True,True,True,False
1ce0e12556f9e1c438d3,null_anytime,null_calibration,800,4002785219,16,5000,0.0,0.05,rbf,median,anytime,bonferroni,1,2,False,UNRESOLVED,5000,True,False,False,0.000589290983043611,0.0,0.18209213411654696,True,True,True,False
a51b33c6e07f3db2dd3c,null_anytime,null_calibration,801,183543348,16,5000,0.0,0.05,rbf,median,anytime,bonferroni,1,2,False,UNRESOLVED,5000,True,False,False,0.0005118339904583991,0.0,0.18209213411654696,True,True,True,False
df4a7bb4594fb9dfba55,null_anytime,null_calibration,802,3654985273,16,5000,0.0,0.05,rbf,median,anytime,bonferroni,1,2,False,UNRESOLVED,5000,True,False,False,0.0005289579858072102,0.0,0.18209213411654696,True,True,True,False
309f33ef2a8b2559b332,null_anytime,null_calibration,803,2543136231,16,5000,0.0,0.05,rbf,median,anytime,bonferroni,1,2,False,UNRESOLVED,5000,True,False,False,0.000545166025403887,0.0,0.18209213411654696,True,True,True,False
85a091856808978cf037,null_anytime,null_calibration,804,3793264201,16,5000,0.0,0.05,rbf,median,anytime,bonferroni,1,2,False,UNRESOLVED,5000,True,False,False,0.0005356249748729169,0.0,0.18209213411654696,True,True,True,False
c2e0cd005a30d49d5a62,null_anytime,null_calibration,805,1840658018,16,5000,0.0,0.05,rbf,median,anytime,bonferroni,1,2,False,UNRESOLVED,5000,True,False,False,0.000493000028654933,0.0,0.18209213411654696,True,True,True,False
8974fad83a972bcaca6e,null_anytime,null_calibration,806,143525668,16,5000,0.0,0.05,rbf,median,anytime,bonferroni,1,2,False,UNRESOLVED,5000,True,False,False,0.0004983749822713435,0.0,0.18209213411654696,True,True,True,False
1b1178076018f74db5ab,null_anytime,null_calibration,807,3100595056,16,5000,0.0,0.05,rbf,median,anytime,bonferroni,1,2,False,UNRESOLVED,5000,True,False,False,0.00047924998216331005,0.0,0.18209213411654696,True,True,True,False
b57ef1e2b6728f7efeed,null_anytime,null_calibration,808,2739209048,16,5000,0.0,0.05,rbf,median,anytime,bonferroni,1,2,False,UNRESOLVED,5000,True,False,False,0.00047820800682529807,0.0,0.18209213411654696,True,True,True,False
66b8d9ff40c5cea276a7,null_anytime,null_calibration,809,1166882673,16,5000,0.0,0.05,rbf,median,anytime,bonferroni,1,2,False,UNRESOLVED,5000,True,False,False,0.00048087502364069223,0.0,0.18209213411654696,True,True,True,False
6f35444f21109e8e9656,null_anytime,null_calibration,810,418004750,16,5000,0.0,0.05,rbf,median,anytime,bonferroni,1,2,False,UNRESOLVED,5000,True,False,False,0.0004871660494245589,0.0,0.18209213411654696,True,True,True,False
5d7cb7cc0ae3d6607245,null_anytime,null_calibration,811,3517818814,16,5000,0.0,0.05,rbf,median,anytime,bonferroni,1,2,False,UNRESOLVED,5000,True,False,False,0.00047749996883794665,0.0,0.18209213411654696,True,True,True,False
648d948d2d6732092d85,null_anytime,null_calibration,812,590863181,16,5000,0.0,0.05,rbf,median,anytime,bonferroni,1,2,False,UNRESOLVED,5000,True,False,False,0.0004734169924631715,0.0,0.18209213411654696,True,True,True,False
ee03c5f2c4bd0c9ec297,null_anytime,null_calibration,813,3175680096,16,5000,0.0,0.05,rbf,median,anytime,bonferroni,1,2,False,UNRESOLVED,5000,True,False,False,0.0004760000156238675,0.0,0.18209213411654696,True,True,True,False
3a9dfa3931739b94db37,null_anytime,null_calibration,814,1478125511,16,5000,0.0,0.05,rbf,median,anytime,bonferroni,1,2,False,UNRESOLVED,5000,True,False,False,0.0004974170005880296,0.0,0.18209213411654696,True,True,True,False
8fceb0b2e96a0c332617,null_anytime,null_calibration,815,270672284,16,5000,0.0,0.05,rbf,median,anytime,bonferroni,1,2,False,UNRESOLVED,5000,True,False,False,0.0004789999802596867,0.0,0.18209213411654696,True,True,True,False
ab81ddffbe6ad97714d3,null_anytime,null_calibration,816,493138709,16,5000,0.0,0.05,rbf,median,anytime,bonferroni,1,2,False,UNRESOLVED,5000,True,False,False,0.00048016704386100173,0.0,0.18209213411654696,True,True,True,False
a7bf09903010d760ab5e,null_anytime,null_calibration,817,2026426806,16,5000,0.0,0.05,rbf,median,anytime,bonferroni,1,2,False,UNRESOLVED,5000,True,False,False,0.0005034580244682729,0.0,0.18209213411654696,True,True,True,False
da5861bf696c798ad93a,null_anytime,null_calibration,818,4268848449,16,5000,0.0,0.05,rbf,median,anytime,bonferroni,1,2,False,UNRESOLVED,5000,True,False,False,0.0005400420050136745,0.0,0.18209213411654696,True,True,True,False
9232c5143ea12dac09ed,null_anytime,null_calibration,819,69799499,16,5000,0.0,0.05,rbf,median,anytime,bonferroni,1,2,False,UNRESOLVED,5000,True,False,False,0.00042216700967401266,0.0,0.18209213411654696,True,True,True,False
65f4573ae999ec38fe27,null_anytime,null_calibration,820,3548687407,16,5000,0.0,0.05,rbf,median,anytime,bonferroni,1,2,False,UNRESOLVED,5000,True,False,False,0.00040912500116974115,0.0,0.18209213411654696,True,True,True,False
ea5104484b4877f5c5ad,null_anytime,null_calibration,821,434475501,16,5000,0.0,0.05,rbf,median,anytime,bonferroni,1,2,False,UNRESOLVED,5000,True,False,False,0.0004022089997306466,0.0,0.18209213411654696,True,True,True,False
c8c170812d465723c437,null_anytime,null_calibration,822,258634773,16,5000,0.0,0.05,rbf,median,anytime,bonferroni,1,2,False,UNRESOLVED,5000,True,False,False,0.0004005410009995103,0.0,0.18209213411654696,True,True,True,False
e413146f30398a921a66,null_anytime,null_calibration,823,1568287945,16,5000,0.0,0.05,rbf,median,anytime,bonferroni,1,2,False,UNRESOLVED,5000,True,False,False,0.00039883400313556194,0.0,0.18209213411654696,True,True,True,False
81ded6224458136412d7,null_anytime,null_calibration,824,3829364675,16,5000,0.0,0.05,rbf,median,anytime,bonferroni,1,2,False,UNRESOLVED,5000,True,False,False,0.0004003749927505851,0.0,0.18209213411654696,True,True,True,False
5067f00f9e0225422f04,null_anytime,null_calibration,825,2093109381,16,5000,0.0,0.05,rbf,median,anytime,bonferroni,1,2,False,UNRESOLVED,5000,True,False,False,0.0003996670129708946,0.0,0.18209213411654696,True,True,True,False
583c9cd401029d79b269,null_anytime,null_calibration,826,3758677959,16,5000,0.0,0.05,rbf,median,anytime,bonferroni,1,2,False,UNRESOLVED,5000,True,False,False,0.00039737496990710497,0.0,0.18209213411654696,True,True,True,False
95894e0ea022a5ad5473,null_anytime,null_calibration,827,3568360288,16,5000,0.0,0.05,rbf,median,anytime,bonferroni,1,2,False,UNRESOLVED,5000,True,False,False,0.0003976249718107283,0.0,0.18209213411654696,True,True,True,False
d85894b6d524dddcc43d,null_anytime,null_calibration,828,3690824432,16,5000,0.0,0.05,rbf,median,anytime,bonferroni,1,2,False,UNRESOLVED,5000,True,False,False,0.0003988329553976655,0.0,0.18209213411654696,True,True,True,False
cb95d0263acda75a1804,null_anytime,null_calibration,829,2070788977,16,5000,0.0,0.05,rbf,median,anytime,bonferroni,1,2,False,UNRESOLVED,5000,True,False,False,0.0003982079797424376,0.0,0.18209213411654696,True,True,True,False
94d5b3094fb83c95e503,null_anytime,null_calibration,830,773113604,16,5000,0.0,0.05,rbf,median,anytime,bonferroni,1,2,False,UNRESOLVED,5000,True,False,False,0.00039850000757724047,0.0,0.18209213411654696,True,True,True,False
5393dd46577bb379fcd9,null_anytime,null_calibration,831,143089068,16,5000,0.0,0.05,rbf,median,anytime,bonferroni,1,2,False,UNRESOLVED,5000,True,False,False,0.00039904098957777023,0.0,0.18209213411654696,True,True,True,False
ca6360262a8bbb9f592f,null_anytime,null_calibration,832,225017616,16,5000,0.0,0.05,rbf,median,anytime,bonferroni,1,2,False,UNRESOLVED,5000,True,False,False,0.0003969999961555004,0.0,0.18209213411654696,True,True,True,False
7013ad9a092352079210,null_anytime,null_calibration,833,3930295650,16,5000,0.0,0.05,rbf,median,anytime,bonferroni,1,2,False,UNRESOLVED,5000,True,False,False,0.0003987500094808638,0.0,0.18209213411654696,True,True,True,False
8438a32e154de605a7d2,null_anytime,null_calibration,834,1804052600,16,5000,0.0,0.05,rbf,median,anytime,bonferroni,1,2,False,UNRESOLVED,5000,True,False,False,0.00039641704643145204,0.0,0.18209213411654696,True,True,True,False
ffba9576eeaa37f56de8,null_anytime,null_calibration,835,1851370242,16,5000,0.0,0.05,rbf,median,anytime,bonferroni,1,2,False,UNRESOLVED,5000,True,False,False,0.00039724999805912375,0.0,0.18209213411654696,True,True,True,False
7068c8a5c2a83d279280,null_anytime,null_calibration,836,3301442056,16,5000,0.0,0.05,rbf,median,anytime,bonferroni,1,2,False,UNRESOLVED,5000,True,False,False,0.00038841599598526955,0.0,0.18209213411654696,True,True,True,False
17ea99da59ff5be3cc00,null_anytime,null_calibration,837,3003915982,16,5000,0.0,0.05,rbf,median,anytime,bonferroni,1,2,False,UNRESOLVED,5000,True,False,False,0.00034133298322558403,0.0,0.18209213411654696,True,True,True,False
da8b162f919daf5ee165,null_anytime,null_calibration,838,564976082,16,5000,0.0,0.05,rbf,median,anytime,bonferroni,1,2,False,UNRESOLVED,5000,True,False,False,0.00034316699020564556,0.0,0.18209213411654696,True,True,True,False
567fefe228447da1eca0,null_anytime,null_calibration,839,2887559609,16,5000,0.0,0.05,rbf,median,anytime,bonferroni,1,2,False,UNRESOLVED,5000,True,False,False,0.0003421669825911522,0.0,0.18209213411654696,True,True,True,False
24d5cbc90494453354a7,null_anytime,null_calibration,840,240425955,16,5000,0.0,0.05,rbf,median,anytime,bonferroni,1,2,False,UNRESOLVED,5000,True,False,False,0.0003447910421527922,0.0,0.18209213411654696,True,True,True,False
8a711a5b57d31e80261b,null_anytime,null_calibration,841,2732571236,16,5000,0.0,0.05,rbf,median,anytime,bonferroni,1,2,False,UNRESOLVED,5000,True,False,False,0.00034374999813735485,0.0,0.18209213411654696,True,True,True,False
4c8944a7f4575523ecad,null_anytime,null_calibration,842,3419722978,16,5000,0.0,0.05,rbf,median,anytime,bonferroni,1,2,False,UNRESOLVED,5000,True,False,False,0.00034195801708847284,0.0,0.18209213411654696,True,True,True,False
169c507365d110257ed8,null_anytime,null_calibration,843,2815362307,16,5000,0.0,0.05,rbf,median,anytime,bonferroni,1,2,False,UNRESOLVED,5000,True,False,False,0.00034420902375131845,0.0,0.18209213411654696,True,True,True,False
d69185e5362dfe319062,null_anytime,null_calibration,844,1600330285,16,5000,0.0,0.05,rbf,median,anytime,bonferroni,1,2,False,UNRESOLVED,5000,True,False,False,0.00034241698449477553,0.0,0.18209213411654696,True,True,True,False
459b471b2c8f65908592,null_anytime,null_calibration,845,95523701,16,5000,0.0,0.05,rbf,median,anytime,bonferroni,1,2,False,UNRESOLVED,5000,True,False,False,0.00034266599686816335,0.0,0.18209213411654696,True,True,True,False
50bc6b4ad98d6fff25b1,null_anytime,null_calibration,846,926576063,16,5000,0.0,0.05,rbf,median,anytime,bonferroni,1,2,False,UNRESOLVED,5000,True,False,False,0.0003422500449232757,0.0,0.18209213411654696,True,True,True,False
3a82d1bfcc799a887b92,null_anytime,null_calibration,847,474548864,16,5000,0.0,0.05,rbf,median,anytime,bonferroni,1,2,False,UNRESOLVED,5000,True,False,False,0.0003422920126467943,0.0,0.18209213411654696,True,True,True,False
25bd720aeba5a2e6195e,null_anytime,null_calibration,848,2826795634,16,5000,0.0,0.05,rbf,median,anytime,bonferroni,1,2,False,UNRESOLVED,5000,True,False,False,0.0003427499905228615,0.0,0.18209213411654696,True,True,True,False
164b627021cdfaa67b8e,null_anytime,null_calibration,849,904438769,16,5000,0.0,0.05,rbf,median,anytime,bonferroni,1,2,False,UNRESOLVED,5000,True,False,False,0.0003417080151848495,0.0,0.18209213411654696,True,True,True,False
e21cf680e0fd125fa016,null_anytime,null_calibration,850,2159332394,16,5000,0.0,0.05,rbf,median,anytime,bonferroni,1,2,False,UNRESOLVED,5000,True,False,False,0.0003434160025790334,0.0,0.18209213411654696,True,True,True,False
8747a54df5045684df92,null_anytime,null_calibration,851,1445672203,16,5000,0.0,0.05,rbf,median,anytime,bonferroni,1,2,False,UNRESOLVED,5000,True,False,False,0.0003429159987717867,0.0,0.18209213411654696,True,True,True,False
7065a2f0ad9803f0e58d,null_anytime,null_calibration,852,1464012438,16,5000,0.0,0.05,rbf,median,anytime,bonferroni,1,2,False,UNRESOLVED,5000,True,False,False,0.000342792016454041,0.0,0.18209213411654696,True,True,True,False
ddabfa0f3676dba6ddc1,null_anytime,null_calibration,853,95580836,16,5000,0.0,0.05,rbf,median,anytime,bonferroni,1,2,False,UNRESOLVED,5000,True,False,False,0.0003440420259721577,0.0,0.18209213411654696,True,True,True,False
eea9470180175f5ba5bb,null_anytime,null_calibration,854,482054831,16,5000,0.0,0.05,rbf,median,anytime,bonferroni,1,2,False,UNRESOLVED,5000,True,False,False,0.0003416250110603869,0.0,0.18209213411654696,True,True,True,False
76ee50aad09825e395f3,null_anytime,null_calibration,855,811521290,16,5000,0.0,0.05,rbf,median,anytime,bonferroni,1,2,False,UNRESOLVED,5000,True,False,False,0.0003439590218476951,0.0,0.18209213411654696,True,True,True,False
4e18b133232cbbbc9734,null_anytime,null_calibration,856,3824805438,16,5000,0.0,0.05,rbf,median,anytime,bonferroni,1,2,False,UNRESOLVED,5000,True,False,False,0.00034208298893645406,0.0,0.18209213411654696,True,True,True,False
c33e5b1cc8c02cd5942c,null_anytime,null_calibration,857,3315479986,16,5000,0.0,0.05,rbf,median,anytime,bonferroni,1,2,False,UNRESOLVED,5000,True,False,False,0.0003440000000409782,0.0,0.18209213411654696,True,True,True,False
fa1df4215496b991e4da,null_anytime,null_calibration,858,1451343623,16,5000,0.0,0.05,rbf,median,anytime,bonferroni,1,2,False,UNRESOLVED,5000,True,False,False,0.000343457970302552,0.0,0.18209213411654696,True,True,True,False
c7fa0088335e0a41cecf,null_anytime,null_calibration,859,2394493613,16,5000,0.0,0.05,rbf,median,anytime,bonferroni,1,2,False,UNRESOLVED,5000,True,False,False,0.0003427089541219175,0.0,0.18209213411654696,True,True,True,False
6c4e310826f7eed0ad10,null_anytime,null_calibration,860,2007059707,16,5000,0.0,0.05,rbf,median,anytime,bonferroni,1,2,False,UNRESOLVED,5000,True,False,False,0.00034254195634275675,0.0,0.18209213411654696,True,True,True,False
9272138989dcf749d6e5,null_anytime,null_calibration,861,856575112,16,5000,0.0,0.05,rbf,median,anytime,bonferroni,1,2,False,UNRESOLVED,5000,True,False,False,0.00034191698068752885,0.0,0.18209213411654696,True,True,True,False
c0c49a5b195a5d682d15,null_anytime,null_calibration,862,1267619616,16,5000,0.0,0.05,rbf,median,anytime,bonferroni,1,2,False,UNRESOLVED,5000,True,False,False,0.0003448330098763108,0.0,0.18209213411654696,True,True,True,False
c35fee3ef7ba9689fe64,null_anytime,null_calibration,863,2891156639,16,5000,0.0,0.05,rbf,median,anytime,bonferroni,1,2,False,UNRESOLVED,5000,True,False,False,0.0003433749661780894,0.0,0.18209213411654696,True,True,True,False
783954dea4f6c7c5ae01,null_anytime,null_calibration,864,3219280245,16,5000,0.0,0.05,rbf,median,anytime,bonferroni,1,2,False,UNRESOLVED,5000,True,False,False,0.0003429580247029662,0.0,0.18209213411654696,True,True,True,False
bbc2c834fe664101a4e3,null_anytime,null_calibration,865,4014043405,16,5000,0.0,0.05,rbf,median,anytime,bonferroni,1,2,False,UNRESOLVED,5000,True,False,False,0.0003422080189920962,0.0,0.18209213411654696,True,True,True,False
e0599ffd012238ff2c6f,null_anytime,null_calibration,866,3075277566,16,5000,0.0,0.05,rbf,median,anytime,bonferroni,1,2,False,UNRESOLVED,5000,True,False,False,0.0003428750205785036,0.0,0.18209213411654696,True,True,True,False
50b00d62e40da1655852,null_anytime,null_calibration,867,3499248852,16,5000,0.0,0.05,rbf,median,anytime,bonferroni,1,2,False,UNRESOLVED,5000,True,False,False,0.0003422500449232757,0.0,0.18209213411654696,True,True,True,False
b638bd164bec63160cf9,null_anytime,null_calibration,868,316752747,16,5000,0.0,0.05,rbf,median,anytime,bonferroni,1,2,False,UNRESOLVED,5000,True,False,False,0.0003419159911572933,0.0,0.18209213411654696,True,True,True,False
4ef0611ad1bf086577c5,null_anytime,null_calibration,869,2329685436,16,5000,0.0,0.05,rbf,median,anytime,bonferroni,1,2,False,UNRESOLVED,5000,True,False,False,0.00034487503580749035,0.0,0.18209213411654696,True,True,True,False
81258e499c4416d89f75,null_anytime,null_calibration,870,2124224660,16,5000,0.0,0.05,rbf,median,anytime,bonferroni,1,2,False,UNRESOLVED,5000,True,False,False,0.00039787497371435165,0.0,0.18209213411654696,True,True,True,False
983b8729d89d207b82bb,null_anytime,null_calibration,871,445009498,16,5000,0.0,0.05,rbf,median,anytime,bonferroni,1,2,False,UNRESOLVED,5000,True,False,False,0.00039891700726002455,0.0,0.18209213411654696,True,True,True,False
343322db8988959638fa,null_anytime,null_calibration,872,3686795517,16,5000,0.0,0.05,rbf,median,anytime,bonferroni,1,2,False,UNRESOLVED,5000,True,False,False,0.00039720896165817976,0.0,0.18209213411654696,True,True,True,False
fb250558007b49ea346f,null_anytime,null_calibration,873,2326232175,16,5000,0.0,0.05,rbf,median,anytime,bonferroni,1,2,False,UNRESOLVED,5000,True,False,False,0.00039766699774190784,0.0,0.18209213411654696,True,True,True,False
0f017d3d2b62ac886ce5,null_anytime,null_calibration,874,350600628,16,5000,0.0,0.05,rbf,median,anytime,bonferroni,1,2,False,UNRESOLVED,5000,True,False,False,0.00039783300599083304,0.0,0.18209213411654696,True,True,True,False
84ef69ba00b4e4b01f31,null_anytime,null_calibration,875,3134173662,16,5000,0.0,0.05,rbf,median,anytime,bonferroni,1,2,False,UNRESOLVED,5000,True,False,False,0.00039775000186637044,0.0,0.18209213411654696,True,True,True,False
7d405883448129fd2671,null_anytime,null_calibration,876,3710975404,16,5000,0.0,0.05,rbf,median,anytime,bonferroni,1,2,False,UNRESOLVED,5000,True,False,False,0.00039666699012741446,0.0,0.18209213411654696,True,True,True,False
174649a80c42485f8c5a,null_anytime,null_calibration,877,3944896908,16,5000,0.0,0.05,rbf,median,anytime,bonferroni,1,2,False,UNRESOLVED,5000,True,False,False,0.00039958296110853553,0.0,0.18209213411654696,True,True,True,False
237a59a6420215cb50b2,null_anytime,null_calibration,878,3272153972,16,5000,0.0,0.05,rbf,median,anytime,bonferroni,1,2,False,UNRESOLVED,5000,True,False,False,0.0003972090198658407,0.0,0.18209213411654696,True,True,True,False
607c4a1a2dee3caf1eed,null_anytime,null_calibration,879,2203957057,16,5000,0.0,0.05,rbf,median,anytime,bonferroni,1,2,False,UNRESOLVED,5000,True,False,False,0.000396332994569093,0.0,0.18209213411654696,True,True,True,False
cac084b5cc62550be8c6,null_anytime,null_calibration,880,4056336446,16,5000,0.0,0.05,rbf,median,anytime,bonferroni,1,2,False,UNRESOLVED,5000,True,False,False,0.00039616599678993225,0.0,0.18209213411654696,True,True,True,False
3fc358994e41e9d1c4b2,null_anytime,null_calibration,881,1944552816,16,5000,0.0,0.05,rbf,median,anytime,bonferroni,1,2,False,UNRESOLVED,5000,True,False,False,0.0003982500056736171,0.0,0.18209213411654696,True,True,True,False
59082ab9424691b4fa32,null_anytime,null_calibration,882,428747260,16,5000,0.0,0.05,rbf,median,anytime,bonferroni,1,2,False,UNRESOLVED,5000,True,False,False,0.0003962080227211118,0.0,0.18209213411654696,True,True,True,False
727f7346f68ad6e31b04,null_anytime,null_calibration,883,1847596037,16,5000,0.0,0.05,rbf,median,anytime,bonferroni,1,2,False,UNRESOLVED,5000,True,False,False,0.0004020840278826654,0.0,0.18209213411654696,True,True,True,False
fc6c533a4dab3ed347b3,null_anytime,null_calibration,884,3283486312,16,5000,0.0,0.05,rbf,median,anytime,bonferroni,1,2,False,UNRESOLVED,5000,True,False,False,0.00039845798164606094,0.0,0.18209213411654696,True,True,True,False
74032b7d4dc4a115b627,null_anytime,null_calibration,885,1724677622,16,5000,0.0,0.05,rbf,median,anytime,bonferroni,1,2,False,UNRESOLVED,5000,True,False,False,0.000398124975617975,0.0,0.18209213411654696,True,True,True,False
e769d739ff7ca44f7c78,null_anytime,null_calibration,886,2708621833,16,5000,0.0,0.05,rbf,median,anytime,bonferroni,1,2,False,UNRESOLVED,5000,True,False,False,0.0003956250147894025,0.0,0.18209213411654696,True,True,True,False
56301a80932d3109e901,null_anytime,null_calibration,887,2788967021,16,5000,0.0,0.05,rbf,median,anytime,bonferroni,1,2,False,UNRESOLVED,5000,True,False,False,0.000398874981328845,0.0,0.18209213411654696,True,True,True,False
527681218aef24429358,null_anytime,null_calibration,888,3687974143,16,5000,0.0,0.05,rbf,median,anytime,bonferroni,1,2,False,UNRESOLVED,5000,True,False,False,0.00039674999425187707,0.0,0.18209213411654696,True,True,True,False
7b0a32331554a10c5033,null_anytime,null_calibration,889,139145695,16,5000,0.0,0.05,rbf,median,anytime,bonferroni,1,2,False,UNRESOLVED,5000,True,False,False,0.00039845798164606094,0.0,0.18209213411654696,True,True,True,False
eb37d9c368eaa54a3384,null_anytime,null_calibration,890,752034633,16,5000,0.0,0.05,rbf,median,anytime,bonferroni,1,2,False,UNRESOLVED,5000,True,False,False,0.00039716699393466115,0.0,0.18209213411654696,True,True,True,False
5035014640e454e08915,null_anytime,null_calibration,891,2509600649,16,5000,0.0,0.05,rbf,median,anytime,bonferroni,1,2,False,UNRESOLVED,5000,True,False,False,0.0003992499550804496,0.0,0.18209213411654696,True,True,True,False
b098cb7a57de0c799365,null_anytime,null_calibration,892,2774722587,16,5000,0.0,0.05,rbf,median,anytime,bonferroni,1,2,False,UNRESOLVED,5000,True,False,False,0.0003986670053564012,0.0,0.18209213411654696,True,True,True,False
74ebb47277ddc7dbe84d,null_anytime,null_calibration,893,2329467965,16,5000,0.0,0.05,rbf,median,anytime,bonferroni,1,2,False,UNRESOLVED,5000,True,False,False,0.00039662502240389585,0.0,0.18209213411654696,True,True,True,False
370d6404b5ae5902806d,null_anytime,null_calibration,894,3722918308,16,5000,0.0,0.05,rbf,median,anytime,bonferroni,1,2,False,UNRESOLVED,5000,True,False,False,0.00039970799116417766,0.0,0.18209213411654696,True,True,True,False
f9a95196d3ae247e36f5,null_anytime,null_calibration,895,3774280664,16,5000,0.0,0.05,rbf,median,anytime,bonferroni,1,2,False,UNRESOLVED,5000,True,False,False,0.0003982079797424376,0.0,0.18209213411654696,True,True,True,False
f75e4c7f4ad7040e2f99,null_anytime,null_calibration,896,825810904,16,5000,0.0,0.05,rbf,median,anytime,bonferroni,1,2,False,UNRESOLVED,5000,True,False,False,0.0003964580246247351,0.0,0.18209213411654696,True,True,True,False
fb6ec57c7219fc0c5bef,null_anytime,null_calibration,897,3791654637,16,5000,0.0,0.05,rbf,median,anytime,bonferroni,1,2,False,UNRESOLVED,5000,True,False,False,0.00039587501669302583,0.0,0.18209213411654696,True,True,True,False
0f7666b2e18ce9946cc9,null_anytime,null_calibration,898,2686708818,16,5000,0.0,0.05,rbf,median,anytime,bonferroni,1,2,False,UNRESOLVED,5000,True,False,False,0.00039666699012741446,0.0,0.18209213411654696,True,True,True,False
b01117ec082d0545ad89,null_anytime,null_calibration,899,107323274,16,5000,0.0,0.05,rbf,median,anytime,bonferroni,1,2,False,UNRESOLVED,5000,True,False,False,0.00039854203350842,0.0,0.18209213411654696,True,True,True,False
aab9c1b38d882497d5b3,null_anytime,null_calibration,900,3240994935,16,5000,0.0,0.05,rbf,median,anytime,bonferroni,1,2,False,UNRESOLVED,5000,True,False,False,0.00039479200495406985,0.0,0.18209213411654696,True,True,True,False
3ec1402b57727ec59428,null_anytime,null_calibration,901,563090041,16,5000,0.0,0.05,rbf,median,anytime,bonferroni,1,2,False,UNRESOLVED,5000,True,False,False,0.0003963339840993285,0.0,0.18209213411654696,True,True,True,False
3b18ec98cbd0f7315833,null_anytime,null_calibration,902,813602071,16,5000,0.0,0.05,rbf,median,anytime,bonferroni,1,2,False,UNRESOLVED,5000,True,False,False,0.0003961669863201678,0.0,0.18209213411654696,True,True,True,False
7f0c75c5e11c4f36050f,null_anytime,null_calibration,903,422224984,16,5000,0.0,0.05,rbf,median,anytime,bonferroni,1,2,False,UNRESOLVED,5000,True,False,False,0.0003974169958382845,0.0,0.18209213411654696,True,True,True,False
464f36a8682afc7ae841,null_anytime,null_calibration,904,2000554131,16,5000,0.0,0.05,rbf,median,anytime,bonferroni,1,2,False,UNRESOLVED,5000,True,False,False,0.0003972920239903033,0.0,0.18209213411654696,True,True,True,False
5c78c2176133a909ec73,null_anytime,null_calibration,905,574116689,16,5000,0.0,0.05,rbf,median,anytime,bonferroni,1,2,False,UNRESOLVED,5000,True,False,False,0.00040366704342886806,0.0,0.18209213411654696,True,True,True,False
fec3b655008d51bfa8f9,null_anytime,null_calibration,906,4271314657,16,5000,0.0,0.05,rbf,median,anytime,bonferroni,1,2,False,UNRESOLVED,5000,True,False,False,0.00039770896546542645,0.0,0.18209213411654696,True,True,True,False
210c3dc42b06742568c9,null_anytime,null_calibration,907,2747911323,16,5000,0.0,0.05,rbf,median,anytime,bonferroni,1,2,False,UNRESOLVED,5000,True,False,False,0.0004024580121040344,0.0,0.18209213411654696,True,True,True,False
4d641afef2476a0ccf2b,null_anytime,null_calibration,908,1888562255,16,5000,0.0,0.05,rbf,median,anytime,bonferroni,1,2,False,UNRESOLVED,5000,True,False,False,0.00041199999395757914,0.0,0.18209213411654696,True,True,True,False
88270d9b0c9a3ec2a924,null_anytime,null_calibration,909,1665016693,16,5000,0.0,0.05,rbf,median,anytime,bonferroni,1,2,False,UNRESOLVED,5000,True,False,False,0.00039674999425187707,0.0,0.18209213411654696,True,True,True,False
544fde96e14315ed9d21,null_anytime,null_calibration,910,4149826852,16,5000,0.0,0.05,rbf,median,anytime,bonferroni,1,2,False,UNRESOLVED,5000,True,False,False,0.00039850000757724047,0.0,0.18209213411654696,True,True,True,False
7515aeb08ec4dbaadf2f,null_anytime,null_calibration,911,3642189253,16,5000,0.0,0.05,rbf,median,anytime,bonferroni,1,2,False,UNRESOLVED,5000,True,False,False,0.00039733300218358636,0.0,0.18209213411654696,True,True,True,False
db5329912862eed0f64f,null_anytime,null_calibration,912,2655524836,16,5000,0.0,0.05,rbf,median,anytime,bonferroni,1,2,False,UNRESOLVED,5000,True,False,False,0.00039787497371435165,0.0,0.18209213411654696,True,True,True,False
2decab3ef10fc9972b63,null_anytime,null_calibration,913,1643019172,16,5000,0.0,0.05,rbf,median,anytime,bonferroni,1,2,False,UNRESOLVED,5000,True,False,False,0.00039629096863791347,0.0,0.18209213411654696,True,True,True,False
962078e3569a6eec5ba1,null_anytime,null_calibration,914,4219964802,16,5000,0.0,0.05,rbf,median,anytime,bonferroni,1,2,False,UNRESOLVED,5000,True,False,False,0.00039724999805912375,0.0,0.18209213411654696,True,True,True,False
9b17dd2cc62feccf7e04,null_anytime,null_calibration,915,493927958,16,5000,0.0,0.05,rbf,median,anytime,bonferroni,1,2,False,UNRESOLVED,5000,True,False,False,0.00039775000186637044,0.0,0.18209213411654696,True,True,True,False
511cf7e504393b933a9b,null_anytime,null_calibration,916,2862103756,16,5000,0.0,0.05,rbf,median,anytime,bonferroni,1,2,False,UNRESOLVED,5000,True,False,False,0.000396332994569093,0.0,0.18209213411654696,True,True,True,False
8f5faf9642dd5021430a,null_anytime,null_calibration,917,3457640829,16,5000,0.0,0.05,rbf,median,anytime,bonferroni,1,2,False,UNRESOLVED,5000,True,False,False,0.000396709016058594,0.0,0.18209213411654696,True,True,True,False
a1a28b9d10b304704e0f,null_anytime,null_calibration,918,4165283943,16,5000,0.0,0.05,rbf,median,anytime,bonferroni,1,2,False,UNRESOLVED,5000,True,False,False,0.0003968329983763397,0.0,0.18209213411654696,True,True,True,False
c1eabad58c6c989309f0,null_anytime,null_calibration,919,2324985525,16,5000,0.0,0.05,rbf,median,anytime,bonferroni,1,2,False,UNRESOLVED,5000,True,False,False,0.0003987919772043824,0.0,0.18209213411654696,True,True,True,False
1e2323933512d02001c1,null_anytime,null_calibration,920,3263429135,16,5000,0.0,0.05,rbf,median,anytime,bonferroni,1,2,False,UNRESOLVED,5000,True,False,False,0.00039616599678993225,0.0,0.18209213411654696,True,True,True,False
874fc57c990dbc97e416,null_anytime,null_calibration,921,1241114184,16,5000,0.0,0.05,rbf,median,anytime,bonferroni,1,2,False,UNRESOLVED,5000,True,False,False,0.0003980839974246919,0.0,0.18209213411654696,True,True,True,False
841a2e7b6abe54548cdc,null_anytime,null_calibration,922,2146915667,16,5000,0.0,0.05,rbf,median,anytime,bonferroni,1,2,False,UNRESOLVED,5000,True,False,False,0.0003974169958382845,0.0,0.18209213411654696,True,True,True,False
def7ee33eb983cc25590,null_anytime,null_calibration,923,1602640469,16,5000,0.0,0.05,rbf,median,anytime,bonferroni,1,2,False,UNRESOLVED,5000,True,False,False,0.00039475003723055124,0.0,0.18209213411654696,True,True,True,False
ebb66dce177ec07ec16a,null_anytime,null_calibration,924,2709567923,16,5000,0.0,0.05,rbf,median,anytime,bonferroni,1,2,False,UNRESOLVED,5000,True,False,False,0.00039787503192201257,0.0,0.18209213411654696,True,True,True,False
ea8ae8933fa1bd5dcaaa,null_anytime,null_calibration,925,3879449937,16,5000,0.0,0.05,rbf,median,anytime,bonferroni,1,2,False,UNRESOLVED,5000,True,False,False,0.0003976660082116723,0.0,0.18209213411654696,True,True,True,False
9b8801ae9cfe93c1acc8,null_anytime,null_calibration,926,610101705,16,5000,0.0,0.05,rbf,median,anytime,bonferroni,1,2,False,UNRESOLVED,5000,True,False,False,0.00040254101622849703,0.0,0.18209213411654696,True,True,True,False
6d945eea64a62f28d69a,null_anytime,null_calibration,927,1267896164,16,5000,0.0,0.05,rbf,median,anytime,bonferroni,1,2,False,UNRESOLVED,5000,True,False,False,0.00039720797212794423,0.0,0.18209213411654696,True,True,True,False
405562ab5db0a3377ebc,null_anytime,null_calibration,928,2232693827,16,5000,0.0,0.05,rbf,median,anytime,bonferroni,1,2,False,UNRESOLVED,5000,True,False,False,0.00039787497371435165,0.0,0.18209213411654696,True,True,True,False
657b68138c6da8dd864e,null_anytime,null_calibration,929,2820197330,16,5000,0.0,0.05,rbf,median,anytime,bonferroni,1,2,False,UNRESOLVED,5000,True,False,False,0.0003964159986935556,0.0,0.18209213411654696,True,True,True,False
97f5de3c2ce7a70ef184,null_anytime,null_calibration,930,1724427193,16,5000,0.0,0.05,rbf,median,anytime,bonferroni,1,2,False,UNRESOLVED,5000,True,False,False,0.0003963750205002725,0.0,0.18209213411654696,True,True,True,False
37d7803fcb380679b81e,null_anytime,null_calibration,931,209733124,16,5000,0.0,0.05,rbf,median,anytime,bonferroni,1,2,False,UNRESOLVED,5000,True,False,False,0.00039658398600295186,0.0,0.18209213411654696,True,True,True,False
4530bf1badacfc005727,null_anytime,null_calibration,932,247556192,16,5000,0.0,0.05,rbf,median,anytime,bonferroni,1,2,False,UNRESOLVED,5000,True,False,False,0.00039716699393466115,0.0,0.18209213411654696,True,True,True,False
e0699315279f1700c5f6,null_anytime,null_calibration,933,3788760577,16,5000,0.0,0.05,rbf,median,anytime,bonferroni,1,2,False,UNRESOLVED,5000,True,False,False,0.0003973750281147659,0.0,0.18209213411654696,True,True,True,False
46c93e056374e6f9c104,null_anytime,null_calibration,934,1350836951,16,5000,0.0,0.05,rbf,median,anytime,bonferroni,1,2,False,UNRESOLVED,5000,True,False,False,0.00039858301170170307,0.0,0.18209213411654696,True,True,True,False
2aaee1060a01b7a7167d,null_anytime,null_calibration,935,147348935,16,5000,0.0,0.05,rbf,median,anytime,bonferroni,1,2,False,UNRESOLVED,5000,True,False,False,0.0003974169958382845,0.0,0.18209213411654696,True,True,True,False
a59668607c332c9821a5,null_anytime,null_calibration,936,4045031918,16,5000,0.0,0.05,rbf,median,anytime,bonferroni,1,2,False,UNRESOLVED,5000,True,False,False,0.00039595802081748843,0.0,0.18209213411654696,True,True,True,False
0a6cfd0ab8346fe31e04,null_anytime,null_calibration,937,1646366583,16,5000,0.0,0.05,rbf,median,anytime,bonferroni,1,2,False,UNRESOLVED,5000,True,False,False,0.00039716699393466115,0.0,0.18209213411654696,True,True,True,False
92c35e120062d584b254,null_anytime,null_calibration,938,2785875901,16,5000,0.0,0.05,rbf,median,anytime,bonferroni,1,2,False,UNRESOLVED,5000,True,False,False,0.00039679103065282106,0.0,0.18209213411654696,True,True,True,False
5ffb9262f5d8958dafa7,null_anytime,null_calibration,939,3715187536,16,5000,0.0,0.05,rbf,median,anytime,bonferroni,1,2,False,UNRESOLVED,5000,True,False,False,0.00039674999425187707,0.0,0.18209213411654696,True,True,True,False
84628920abc086a4524c,null_anytime,null_calibration,940,357586433,16,5000,0.0,0.05,rbf,median,anytime,bonferroni,1,2,False,UNRESOLVED,5000,True,False,False,0.0003969169920310378,0.0,0.18209213411654696,True,True,True,False
b6a8a813c31601125c45,null_anytime,null_calibration,941,1698555326,16,5000,0.0,0.05,rbf,median,anytime,bonferroni,1,2,False,UNRESOLVED,5000,True,False,False,0.00039720803033560514,0.0,0.18209213411654696,True,True,True,False
6bb0ad23bedd3fac3377,null_anytime,null_calibration,942,3088464340,16,5000,0.0,0.05,rbf,median,anytime,bonferroni,1,2,False,UNRESOLVED,5000,True,False,False,0.0003962499904446304,0.0,0.18209213411654696,True,True,True,False
56dd7b555c0d97b0c316,null_anytime,null_calibration,943,2333640915,16,5000,0.0,0.05,rbf,median,anytime,bonferroni,1,2,False,UNRESOLVED,5000,True,False,False,0.0005281249759718776,0.0,0.18209213411654696,True,True,True,False
34f4caeeab3db92632f4,null_anytime,null_calibration,944,3275411966,16,5000,0.0,0.05,rbf,median,anytime,bonferroni,1,2,False,UNRESOLVED,5000,True,False,False,0.0005844170227646828,0.0,0.18209213411654696,True,True,True,False
3739f4955dc87dbbe5ad,null_anytime,null_calibration,945,131139613,16,5000,0.0,0.05,rbf,median,anytime,bonferroni,1,2,False,UNRESOLVED,5000,True,False,False,0.0004884160007350147,0.0,0.18209213411654696,True,True,True,False
5741dca9f1efd6f76098,null_anytime,null_calibration,946,365588868,16,5000,0.0,0.05,rbf,median,anytime,bonferroni,1,2,False,UNRESOLVED,5000,True,False,False,0.00047933304449543357,0.0,0.18209213411654696,True,True,True,False
3913eaa5a31b135cb66c,null_anytime,null_calibration,947,3457491577,16,5000,0.0,0.05,rbf,median,anytime,bonferroni,1,2,False,UNRESOLVED,5000,True,False,False,0.00047804199857637286,0.0,0.18209213411654696,True,True,True,False
618599304186b9945516,null_anytime,null_calibration,948,1174591482,16,5000,0.0,0.05,rbf,median,anytime,bonferroni,1,2,False,UNRESOLVED,5000,True,False,False,0.000477084016893059,0.0,0.18209213411654696,True,True,True,False
41f3807f6a5ed620a633,null_anytime,null_calibration,949,503499400,16,5000,0.0,0.05,rbf,median,anytime,bonferroni,1,2,False,UNRESOLVED,5000,True,False,False,0.00047554203774780035,0.0,0.18209213411654696,True,True,True,False
609446a28a2cb7619d82,null_anytime,null_calibration,950,3436153925,16,5000,0.0,0.05,rbf,median,anytime,bonferroni,1,2,False,UNRESOLVED,5000,True,False,False,0.00047374999849125743,0.0,0.18209213411654696,True,True,True,False
9e96c2a6fe823fcd051f,null_anytime,null_calibration,951,1992804025,16,5000,0.0,0.05,rbf,median,anytime,bonferroni,1,2,False,UNRESOLVED,5000,True,False,False,0.00047266698675230145,0.0,0.18209213411654696,True,True,True,False
624fb7e6d36e6d125f0e,null_anytime,null_calibration,952,35041748,16,5000,0.0,0.05,rbf,median,anytime,bonferroni,1,2,False,UNRESOLVED,5000,True,False,False,0.0004728750209324062,0.0,0.18209213411654696,True,True,True,False
e8882ee61df6b2636ad1,null_anytime,null_calibration,953,3358481459,16,5000,0.0,0.05,rbf,median,anytime,bonferroni,1,2,False,UNRESOLVED,5000,True,False,False,0.0004895000020042062,0.0,0.18209213411654696,True,True,True,False
3827ee6efdfadf4d672f,null_anytime,null_calibration,954,1800858663,16,5000,0.0,0.05,rbf,median,anytime,bonferroni,1,2,False,UNRESOLVED,5000,True,False,False,0.00047370896209031343,0.0,0.18209213411654696,True,True,True,False
86e5d5f84a467ebb7883,null_anytime,null_calibration,955,1361500839,16,5000,0.0,0.05,rbf,median,anytime,bonferroni,1,2,False,UNRESOLVED,5000,True,False,False,0.0004734170506708324,0.0,0.18209213411654696,True,True,True,False
edc7b060458ec9fd7360,null_anytime,null_calibration,956,2575559995,16,5000,0.0,0.05,rbf,median,anytime,bonferroni,1,2,False,UNRESOLVED,5000,True,False,False,0.00048345798859372735,0.0,0.18209213411654696,True,True,True,False
0446c563ef437818c106,null_anytime,null_calibration,957,378337792,16,5000,0.0,0.05,rbf,median,anytime,bonferroni,1,2,False,UNRESOLVED,5000,True,False,False,0.00047833402641117573,0.0,0.18209213411654696,True,True,True,False
95e57edd55a7d742da04,null_anytime,null_calibration,958,4135840373,16,5000,0.0,0.05,rbf,median,anytime,bonferroni,1,2,False,UNRESOLVED,5000,True,False,False,0.0004747500061057508,0.0,0.18209213411654696,True,True,True,False
078589608150aeea6e96,null_anytime,null_calibration,959,1058803975,16,5000,0.0,0.05,rbf,median,anytime,bonferroni,1,2,False,UNRESOLVED,5000,True,False,False,0.0004965409752912819,0.0,0.18209213411654696,True,True,True,False
25c9a83d72fc6644c6b7,null_anytime,null_calibration,960,3116752704,16,5000,0.0,0.05,rbf,median,anytime,bonferroni,1,2,False,UNRESOLVED,5000,True,False,False,0.0005188750219531357,0.0,0.18209213411654696,True,True,True,False
3d82679450011d7d4fdc,null_anytime,null_calibration,961,1474123628,16,5000,0.0,0.05,rbf,median,anytime,bonferroni,1,2,False,UNRESOLVED,5000,True,False,False,0.0005390410078689456,0.0,0.18209213411654696,True,True,True,False
0f11426d42b2221bb243,null_anytime,null_calibration,962,2893823491,16,5000,0.0,0.05,rbf,median,anytime,bonferroni,1,2,False,UNRESOLVED,5000,True,False,False,0.0004996249917894602,0.0,0.18209213411654696,True,True,True,False
ebb02ccdd9cda2c3fd77,null_anytime,null_calibration,963,1524580736,16,5000,0.0,0.05,rbf,median,anytime,bonferroni,1,2,False,UNRESOLVED,5000,True,False,False,0.0004215409862808883,0.0,0.18209213411654696,True,True,True,False
ee087b7e0e1d53693ec7,null_anytime,null_calibration,964,2994571041,16,5000,0.0,0.05,rbf,median,anytime,bonferroni,1,2,False,UNRESOLVED,5000,True,False,False,0.0004045420209877193,0.0,0.18209213411654696,True,True,True,False
9e0e3b732d6b28d04044,null_anytime,null_calibration,965,3228501055,16,5000,0.0,0.05,rbf,median,anytime,bonferroni,1,2,False,UNRESOLVED,5000,True,False,False,0.0004012499703094363,0.0,0.18209213411654696,True,True,True,False
e4c20f6ed871df15ea16,null_anytime,null_calibration,966,1768323891,16,5000,0.0,0.05,rbf,median,anytime,bonferroni,1,2,False,UNRESOLVED,5000,True,False,False,0.0003992500132881105,0.0,0.18209213411654696,True,True,True,False
6f192f795c30ff8db936,null_anytime,null_calibration,967,2491525423,16,5000,0.0,0.05,rbf,median,anytime,bonferroni,1,2,False,UNRESOLVED,5000,True,False,False,0.0003992089768871665,0.0,0.18209213411654696,True,True,True,False
8e766e90232f4dbbcc65,null_anytime,null_calibration,968,1233613107,16,5000,0.0,0.05,rbf,median,anytime,bonferroni,1,2,False,UNRESOLVED,5000,True,False,False,0.0003986660158261657,0.0,0.18209213411654696,True,True,True,False
4339c9bea10b1038b0cd,null_anytime,null_calibration,969,397106721,16,5000,0.0,0.05,rbf,median,anytime,bonferroni,1,2,False,UNRESOLVED,5000,True,False,False,0.00039904197910800576,0.0,0.18209213411654696,True,True,True,False
f1aedeb117c73432c6ba,null_anytime,null_calibration,970,2111759604,16,5000,0.0,0.05,rbf,median,anytime,bonferroni,1,2,False,UNRESOLVED,5000,True,False,False,0.00039766699774190784,0.0,0.18209213411654696,True,True,True,False
b82358369f372a8d068c,null_anytime,null_calibration,971,1084357878,16,5000,0.0,0.05,rbf,median,anytime,bonferroni,1,2,False,UNRESOLVED,5000,True,False,False,0.0003976249718107283,0.0,0.18209213411654696,True,True,True,False
7d1c1d632965309822d5,null_anytime,null_calibration,972,1358102831,16,5000,0.0,0.05,rbf,median,anytime,bonferroni,1,2,False,UNRESOLVED,5000,True,False,False,0.00039608299266546965,0.0,0.18209213411654696,True,True,True,False
4e06cd80ca63b69eecd6,null_anytime,null_calibration,973,459591217,16,5000,0.0,0.05,rbf,median,anytime,bonferroni,1,2,False,UNRESOLVED,5000,True,False,False,0.00039858301170170307,0.0,0.18209213411654696,True,True,True,False
4b1e0d42088efc19689a,null_anytime,null_calibration,974,2141641185,16,5000,0.0,0.05,rbf,median,anytime,bonferroni,1,2,False,UNRESOLVED,5000,True,False,False,0.00039662502240389585,0.0,0.18209213411654696,True,True,True,False
ef6fe950bf02f9e1a249,null_anytime,null_calibration,975,1563220277,16,5000,0.0,0.05,rbf,median,anytime,bonferroni,1,2,False,UNRESOLVED,5000,True,False,False,0.00039479200495406985,0.0,0.18209213411654696,True,True,True,False
2e15dcc7676a27a35a3e,null_anytime,null_calibration,976,2841508891,16,5000,0.0,0.05,rbf,median,anytime,bonferroni,1,2,False,UNRESOLVED,5000,True,False,False,0.000397083000279963,0.0,0.18209213411654696,True,True,True,False
a4848d1ef1b873cdee5a,null_anytime,null_calibration,977,2355002,16,5000,0.0,0.05,rbf,median,anytime,bonferroni,1,2,False,UNRESOLVED,5000,True,False,False,0.00039724999805912375,0.0,0.18209213411654696,True,True,True,False
d0d93ef48ed15936138c,null_anytime,null_calibration,978,1428298979,16,5000,0.0,0.05,rbf,median,anytime,bonferroni,1,2,False,UNRESOLVED,5000,True,False,False,0.00039674999425187707,0.0,0.18209213411654696,True,True,True,False
5ffaec30c063e904c24c,null_anytime,null_calibration,979,39108477,16,5000,0.0,0.05,rbf,median,anytime,bonferroni,1,2,False,UNRESOLVED,5000,True,False,False,0.0003956660511903465,0.0,0.18209213411654696,True,True,True,False
c1c918f9ed7b66f51230,null_anytime,null_calibration,980,3823822132,16,5000,0.0,0.05,rbf,median,anytime,bonferroni,1,2,False,UNRESOLVED,5000,True,False,False,0.0003969169920310378,0.0,0.18209213411654696,True,True,True,False
23626dd733f3eaa46473,null_anytime,null_calibration,981,2445273724,16,5000,0.0,0.05,rbf,median,anytime,bonferroni,1,2,False,UNRESOLVED,5000,True,False,False,0.00039629096863791347,0.0,0.18209213411654696,True,True,True,False
78e5a5c8b8f3cc56aea4,null_anytime,null_calibration,982,630634875,16,5000,0.0,0.05,rbf,median,anytime,bonferroni,1,2,False,UNRESOLVED,5000,True,False,False,0.0003965410287491977,0.0,0.18209213411654696,True,True,True,False
2b4886e8c110039e06e9,null_anytime,null_calibration,983,2773603450,16,5000,0.0,0.05,rbf,median,anytime,bonferroni,1,2,False,UNRESOLVED,5000,True,False,False,0.0004005410009995103,0.0,0.18209213411654696,True,True,True,False
b555ed3a4aad9041a46a,null_anytime,null_calibration,984,1649128112,16,5000,0.0,0.05,rbf,median,anytime,bonferroni,1,2,False,UNRESOLVED,5000,True,False,False,0.00039595901034772396,0.0,0.18209213411654696,True,True,True,False
523fe85d901a06aefef2,null_anytime,null_calibration,985,2025827904,16,5000,0.0,0.05,rbf,median,anytime,bonferroni,1,2,False,UNRESOLVED,5000,True,False,False,0.0003950420068576932,0.0,0.18209213411654696,True,True,True,False
07daafbf07db7ad6fecc,null_anytime,null_calibration,986,1633143941,16,5000,0.0,0.05,rbf,median,anytime,bonferroni,1,2,False,UNRESOLVED,5000,True,False,False,0.00039850000757724047,0.0,0.18209213411654696,True,True,True,False
768c28549e1f4032c609,null_anytime,null_calibration,987,3492908711,16,5000,0.0,0.05,rbf,median,anytime,bonferroni,1,2,False,UNRESOLVED,5000,True,False,False,0.000395667040720582,0.0,0.18209213411654696,True,True,True,False
1b8d538e074b020e7bfc,null_anytime,null_calibration,988,1810475231,16,5000,0.0,0.05,rbf,median,anytime,bonferroni,1,2,False,UNRESOLVED,5000,True,False,False,0.00039537501288577914,0.0,0.18209213411654696,True,True,True,False
1db2426255d6ac890db7,null_anytime,null_calibration,989,3915405018,16,5000,0.0,0.05,rbf,median,anytime,bonferroni,1,2,False,UNRESOLVED,5000,True,False,False,0.00039591698441654444,0.0,0.18209213411654696,True,True,True,False
1c2aa1cecaf3f0d721e7,null_anytime,null_calibration,990,2860088018,16,5000,0.0,0.05,rbf,median,anytime,bonferroni,1,2,False,UNRESOLVED,5000,True,False,False,0.0003951250109821558,0.0,0.18209213411654696,True,True,True,False
4ae13ccf2f731b34d255,null_anytime,null_calibration,991,2739451485,16,5000,0.0,0.05,rbf,median,anytime,bonferroni,1,2,False,UNRESOLVED,5000,True,False,False,0.0003980000037699938,0.0,0.18209213411654696,True,True,True,False
27fa89dc9ac43f46f6af,null_anytime,null_calibration,992,1266693449,16,5000,0.0,0.05,rbf,median,anytime,bonferroni,1,2,False,UNRESOLVED,5000,True,False,False,0.0003964579664170742,0.0,0.18209213411654696,True,True,True,False
3da5e0e22e4752465f60,null_anytime,null_calibration,993,3552687498,16,5000,0.0,0.05,rbf,median,anytime,bonferroni,1,2,False,UNRESOLVED,5000,True,False,False,0.000396750052459538,0.0,0.18209213411654696,True,True,True,False
4abb23501e5a5347a801,null_anytime,null_calibration,994,3357770167,16,5000,0.0,0.05,rbf,median,anytime,bonferroni,1,2,False,UNRESOLVED,5000,True,False,False,0.0003965409705415368,0.0,0.18209213411654696,True,True,True,False
52af3db07f58cf24993c,null_anytime,null_calibration,995,3157578944,16,5000,0.0,0.05,rbf,median,anytime,bonferroni,1,2,False,UNRESOLVED,5000,True,False,False,0.000395291019231081,0.0,0.18209213411654696,True,True,True,False
935a5882ae53a5d55ec4,null_anytime,null_calibration,996,2342924610,16,5000,0.0,0.05,rbf,median,anytime,bonferroni,1,2,False,UNRESOLVED,5000,True,False,False,0.0004600000102072954,0.0,0.18209213411654696,True,True,True,False
3aeea734084d0815f7f1,null_anytime,null_calibration,997,1412117371,16,5000,0.0,0.05,rbf,median,anytime,bonferroni,1,2,False,UNRESOLVED,5000,True,False,False,0.0005465419963002205,0.0,0.18209213411654696,True,True,True,False
669172542c57adaf360b,null_anytime,null_calibration,998,991947978,16,5000,0.0,0.05,rbf,median,anytime,bonferroni,1,2,False,UNRESOLVED,5000,True,False,False,0.0005057919770479202,0.0,0.18209213411654696,True,True,True,False
ae54be82a2e2b4119f81,null_anytime,null_calibration,999,1305354148,16,5000,0.0,0.05,rbf,median,anytime,bonferroni,1,2,False,UNRESOLVED,5000,True,False,False,0.0005187920178286731,0.0,0.18209213411654696,True,True,True,False
ce5271bf9153f291089e,null_anytime,null_calibration,1000,436284714,16,5000,0.0,0.05,rbf,median,anytime,bonferroni,1,2,False,UNRESOLVED,5000,True,False,False,0.0005279579781927168,0.0,0.18209213411654696,True,True,True,False
2cad7b9b3d1760af2119,null_anytime,null_calibration,1001,3335178002,16,5000,0.0,0.05,rbf,median,anytime,bonferroni,1,2,False,UNRESOLVED,5000,True,False,False,0.0005032499902881682,0.0,0.18209213411654696,True,True,True,False
d6bda5ef257d651e9268,null_anytime,null_calibration,1002,4147769760,16,5000,0.0,0.05,rbf,median,anytime,bonferroni,1,2,False,UNRESOLVED,5000,True,False,False,0.00048037501983344555,0.0,0.18209213411654696,True,True,True,False
516467451925123f81fc,null_anytime,null_calibration,1003,1257087413,16,5000,0.0,0.05,rbf,median,anytime,bonferroni,1,2,False,UNRESOLVED,5000,True,False,False,0.00047620799159631133,0.0,0.18209213411654696,True,True,True,False
2e679df2e601538cceb6,null_anytime,null_calibration,1004,2176611294,16,5000,0.0,0.05,rbf,median,anytime,bonferroni,1,2,False,UNRESOLVED,5000,True,False,False,0.0005401250091381371,0.0,0.18209213411654696,True,True,True,False
a1eafca5f31e607ae855,null_anytime,null_calibration,1005,1564778729,16,5000,0.0,0.05,rbf,median,anytime,bonferroni,1,2,False,UNRESOLVED,5000,True,False,False,0.0005200410378165543,0.0,0.18209213411654696,True,True,True,False
44250670005db4b593b2,null_anytime,null_calibration,1006,1025520977,16,5000,0.0,0.05,rbf,median,anytime,bonferroni,1,2,False,UNRESOLVED,5000,True,False,False,0.0004953749594278634,0.0,0.18209213411654696,True,True,True,False
8d8d768d9c19c39e57ba,null_anytime,null_calibration,1007,4088112408,16,5000,0.0,0.05,rbf,median,anytime,bonferroni,1,2,False,UNRESOLVED,5000,True,False,False,0.00048504199367016554,0.0,0.18209213411654696,True,True,True,False
d71669cd3a274f9003bb,null_anytime,null_calibration,1008,3785054404,16,5000,0.0,0.05,rbf,median,anytime,bonferroni,1,2,False,UNRESOLVED,5000,True,False,False,0.000506458047311753,0.0,0.18209213411654696,True,True,True,False
e43600276a3e3dddfe2a,null_anytime,null_calibration,1009,2919514631,16,5000,0.0,0.05,rbf,median,anytime,bonferroni,1,2,False,UNRESOLVED,5000,True,False,False,0.0004787500365637243,0.0,0.18209213411654696,True,True,True,False
948cf5224561166d4bf6,null_anytime,null_calibration,1010,3113940846,16,5000,0.0,0.05,rbf,median,anytime,bonferroni,1,2,False,UNRESOLVED,5000,True,False,False,0.000496207969263196,0.0,0.18209213411654696,True,True,True,False
65ce0b09925b6f2c5ee9,null_anytime,null_calibration,1011,1223251704,16,5000,0.0,0.05,rbf,median,anytime,bonferroni,1,2,False,UNRESOLVED,5000,True,False,False,0.000495457963552326,0.0,0.18209213411654696,True,True,True,False
03ea52f311fe4b4d2767,null_anytime,null_calibration,1012,2736116355,16,5000,0.0,0.05,rbf,median,anytime,bonferroni,1,2,False,UNRESOLVED,5000,True,False,False,0.0005003330297768116,0.0,0.18209213411654696,True,True,True,False
f6578d5e9066cce577f3,null_anytime,null_calibration,1013,295173949,16,5000,0.0,0.05,rbf,median,anytime,bonferroni,1,2,False,UNRESOLVED,5000,True,False,False,0.0005082919960841537,0.0,0.18209213411654696,True,True,True,False
83774d1dde492c7ad69a,null_anytime,null_calibration,1014,3529060312,16,5000,0.0,0.05,rbf,median,anytime,bonferroni,1,2,False,UNRESOLVED,5000,True,False,False,0.00047904200619086623,0.0,0.18209213411654696,True,True,True,False
6733009e5537cce2685f,null_anytime,null_calibration,1015,329613657,16,5000,0.0,0.05,rbf,median,anytime,bonferroni,1,2,False,UNRESOLVED,5000,True,False,False,0.0004581669927574694,0.0,0.18209213411654696,True,True,True,False
0bd08469f42d3ad9d08e,null_anytime,null_calibration,1016,1027248435,16,5000,0.0,0.05,rbf,median,anytime,bonferroni,1,2,False,UNRESOLVED,5000,True,False,False,0.0004138329531997442,0.0,0.18209213411654696,True,True,True,False
3901f13608e9a1902757,null_anytime,null_calibration,1017,1302415701,16,5000,0.0,0.05,rbf,median,anytime,bonferroni,1,2,False,UNRESOLVED,5000,True,False,False,0.0004004579968750477,0.0,0.18209213411654696,True,True,True,False
94d8685880991fa3d27a,null_anytime,null_calibration,1018,2757800734,16,5000,0.0,0.05,rbf,median,anytime,bonferroni,1,2,False,UNRESOLVED,5000,True,False,False,0.0003985840012319386,0.0,0.18209213411654696,True,True,True,False
32f1790d19dab5a51004,null_anytime,null_calibration,1019,3428807172,16,5000,0.0,0.05,rbf,median,anytime,bonferroni,1,2,False,UNRESOLVED,5000,True,False,False,0.0003980000037699938,0.0,0.18209213411654696,True,True,True,False
21fe1d908f6b189f0802,null_anytime,null_calibration,1020,1058792121,16,5000,0.0,0.05,rbf,median,anytime,bonferroni,1,2,False,UNRESOLVED,5000,True,False,False,0.00039920798735693097,0.0,0.18209213411654696,True,True,True,False
05167dfa7d0589caf327,null_anytime,null_calibration,1021,1676487342,16,5000,0.0,0.05,rbf,median,anytime,bonferroni,1,2,False,UNRESOLVED,5000,True,False,False,0.00040020799497142434,0.0,0.18209213411654696,True,True,True,False
37da568946685c2d2116,null_anytime,null_calibration,1022,3154668460,16,5000,0.0,0.05,rbf,median,anytime,bonferroni,1,2,False,UNRESOLVED,5000,True,False,False,0.000396291958168149,0.0,0.18209213411654696,True,True,True,False
47ea2c19b5ae3e6496ca,null_anytime,null_calibration,1023,863876190,16,5000,0.0,0.05,rbf,median,anytime,bonferroni,1,2,False,UNRESOLVED,5000,True,False,False,0.00039600004674866796,0.0,0.18209213411654696,True,True,True,False
891936388a2e9014d24f,null_anytime,null_calibration,1024,334856790,16,5000,0.0,0.05,rbf,median,anytime,bonferroni,1,2,False,UNRESOLVED,5000,True,False,False,0.0003974169958382845,0.0,0.18209213411654696,True,True,True,False
d0de7b332021b6818c1b,null_anytime,null_calibration,1025,3465701343,16,5000,0.0,0.05,rbf,median,anytime,bonferroni,1,2,False,UNRESOLVED,5000,True,False,False,0.00039599998854100704,0.0,0.18209213411654696,True,True,True,False
51a805ebe61d57fbe6ad,null_anytime,null_calibration,1026,2339546189,16,5000,0.0,0.05,rbf,median,anytime,bonferroni,1,2,False,UNRESOLVED,5000,True,False,False,0.0003958329907618463,0.0,0.18209213411654696,True,True,True,False
149be54f649402781eef,null_anytime,null_calibration,1027,1615680826,16,5000,0.0,0.05,rbf,median,anytime,bonferroni,1,2,False,UNRESOLVED,5000,True,False,False,0.00039362499956041574,0.0,0.18209213411654696,True,True,True,False
75eac635c15f9fc2a134,null_anytime,null_calibration,1028,356428146,16,5000,0.0,0.05,rbf,median,anytime,bonferroni,1,2,False,UNRESOLVED,5000,True,False,False,0.0003952079568989575,0.0,0.18209213411654696,True,True,True,False
fa8173d4b6431bce2fbc,null_anytime,null_calibration,1029,1972129779,16,5000,0.0,0.05,rbf,median,anytime,bonferroni,1,2,False,UNRESOLVED,5000,True,False,False,0.000393458001781255,0.0,0.18209213411654696,True,True,True,False
ee979f3b5fe5e262d435,null_anytime,null_calibration,1030,251138099,16,5000,0.0,0.05,rbf,median,anytime,bonferroni,1,2,False,UNRESOLVED,5000,True,False,False,0.0003939170273952186,0.0,0.18209213411654696,True,True,True,False
cf1fa974d6ab6de59292,null_anytime,null_calibration,1031,1116595482,16,5000,0.0,0.05,rbf,median,anytime,bonferroni,1,2,False,UNRESOLVED,5000,True,False,False,0.00039608305087313056,0.0,0.18209213411654696,True,True,True,False
97471a05d68eccbf1861,null_anytime,null_calibration,1032,3333289626,16,5000,0.0,0.05,rbf,median,anytime,bonferroni,1,2,False,UNRESOLVED,5000,True,False,False,0.00039375002961605787,0.0,0.18209213411654696,True,True,True,False
5e6cb52fd58324ac5b1c,null_anytime,null_calibration,1033,1552850157,16,5000,0.0,0.05,rbf,median,anytime,bonferroni,1,2,False,UNRESOLVED,5000,True,False,False,0.00039470900082960725,0.0,0.18209213411654696,True,True,True,False
12b32d1d9589f90d3142,null_anytime,null_calibration,1034,2479547591,16,5000,0.0,0.05,rbf,median,anytime,bonferroni,1,2,False,UNRESOLVED,5000,True,False,False,0.0003957499866373837,0.0,0.18209213411654696,True,True,True,False
5c6131e101a09cf79ffb,null_anytime,null_calibration,1035,3517615670,16,5000,0.0,0.05,rbf,median,anytime,bonferroni,1,2,False,UNRESOLVED,5000,True,False,False,0.0003932919935323298,0.0,0.18209213411654696,True,True,True,False
a6db17844542788a2305,null_anytime,null_calibration,1036,3918732942,16,5000,0.0,0.05,rbf,median,anytime,bonferroni,1,2,False,UNRESOLVED,5000,True,False,False,0.0003935829736292362,0.0,0.18209213411654696,True,True,True,False
341cef5777118e9266fd,null_anytime,null_calibration,1037,2443043872,16,5000,0.0,0.05,rbf,median,anytime,bonferroni,1,2,False,UNRESOLVED,5000,True,False,False,0.00039358402136713266,0.0,0.18209213411654696,True,True,True,False
7735d6caa7757bb9958c,null_anytime,null_calibration,1038,1401840334,16,5000,0.0,0.05,rbf,median,anytime,bonferroni,1,2,False,UNRESOLVED,5000,True,False,False,0.0003950840327888727,0.0,0.18209213411654696,True,True,True,False
940e00a639ae4bebaeca,null_anytime,null_calibration,1039,481592133,16,5000,0.0,0.05,rbf,median,anytime,bonferroni,1,2,False,UNRESOLVED,5000,True,False,False,0.0003974580322392285,0.0,0.18209213411654696,True,True,True,False
814440f584eac934ebfc,null_anytime,null_calibration,1040,1816988587,16,5000,0.0,0.05,rbf,median,anytime,bonferroni,1,2,False,UNRESOLVED,5000,True,False,False,0.00039616599678993225,0.0,0.18209213411654696,True,True,True,False
85b95fbc1f39e5e5c9e2,null_anytime,null_calibration,1041,652356788,16,5000,0.0,0.05,rbf,median,anytime,bonferroni,1,2,False,UNRESOLVED,5000,True,False,False,0.00039454095531255007,0.0,0.18209213411654696,True,True,True,False
e9ce0efce7b749229991,null_anytime,null_calibration,1042,202104668,16,5000,0.0,0.05,rbf,median,anytime,bonferroni,1,2,False,UNRESOLVED,5000,True,False,False,0.0003937919973395765,0.0,0.18209213411654696,True,True,True,False
43e0d6d17ed678e45eb4,null_anytime,null_calibration,1043,4249305673,16,5000,0.0,0.05,rbf,median,anytime,bonferroni,1,2,False,UNRESOLVED,5000,True,False,False,0.00039537501288577914,0.0,0.18209213411654696,True,True,True,False
a133bd51d04ea37b87e6,null_anytime,null_calibration,1044,2265974661,16,5000,0.0,0.05,rbf,median,anytime,bonferroni,1,2,False,UNRESOLVED,5000,True,False,False,0.00039545894833281636,0.0,0.18209213411654696,True,True,True,False
37405c8543c19ce08adb,null_anytime,null_calibration,1045,2699097923,16,5000,0.0,0.05,rbf,median,anytime,bonferroni,1,2,False,UNRESOLVED,5000,True,False,False,0.00039720896165817976,0.0,0.18209213411654696,True,True,True,False
8fbad598f4384741b787,null_anytime,null_calibration,1046,2216969345,16,5000,0.0,0.05,rbf,median,anytime,bonferroni,1,2,False,UNRESOLVED,5000,True,False,False,0.0003958329907618463,0.0,0.18209213411654696,True,True,True,False
304738bc8d84dfafed86,null_anytime,null_calibration,1047,373061278,16,5000,0.0,0.05,rbf,median,anytime,bonferroni,1,2,False,UNRESOLVED,5000,True,False,False,0.00039470900082960725,0.0,0.18209213411654696,True,True,True,False
f25144ae97c2a0fc44c5,null_anytime,null_calibration,1048,1462566385,16,5000,0.0,0.05,rbf,median,anytime,bonferroni,1,2,False,UNRESOLVED,5000,True,False,False,0.000393416965380311,0.0,0.18209213411654696,True,True,True,False
4bb96870bdcf72461a20,null_anytime,null_calibration,1049,4246456816,16,5000,0.0,0.05,rbf,median,anytime,bonferroni,1,2,False,UNRESOLVED,5000,True,False,False,0.00039479200495406985,0.0,0.18209213411654696,True,True,True,False
30823f7b614cf2081bb5,null_anytime,null_calibration,1050,572510752,16,5000,0.0,0.05,rbf,median,anytime,bonferroni,1,2,False,UNRESOLVED,5000,True,False,False,0.00039245799416676164,0.0,0.18209213411654696,True,True,True,False
7d3260b5ded52e667fb1,null_anytime,null_calibration,1051,2578440807,16,5000,0.0,0.05,rbf,median,anytime,bonferroni,1,2,False,UNRESOLVED,5000,True,False,False,0.00039549998473376036,0.0,0.18209213411654696,True,True,True,False
a17127d4fc8a03d506ff,null_anytime,null_calibration,1052,4034866726,16,5000,0.0,0.05,rbf,median,anytime,bonferroni,1,2,False,UNRESOLVED,5000,True,False,False,0.0003940409515053034,0.0,0.18209213411654696,True,True,True,False
3f4a952c4a7c8ffae39a,null_anytime,null_calibration,1053,2721097698,16,5000,0.0,0.05,rbf,median,anytime,bonferroni,1,2,False,UNRESOLVED,5000,True,False,False,0.00039362499956041574,0.0,0.18209213411654696,True,True,True,False
4a04bd8dd096a09f1590,null_anytime,null_calibration,1054,3561830830,16,5000,0.0,0.05,rbf,median,anytime,bonferroni,1,2,False,UNRESOLVED,5000,True,False,False,0.0003926670178771019,0.0,0.18209213411654696,True,True,True,False
c08fb5098699df48a489,null_anytime,null_calibration,1055,3791410482,16,5000,0.0,0.05,rbf,median,anytime,bonferroni,1,2,False,UNRESOLVED,5000,True,False,False,0.0003957910230383277,0.0,0.18209213411654696,True,True,True,False
f123b846014e915a5a90,null_anytime,null_calibration,1056,3032245251,16,5000,0.0,0.05,rbf,median,anytime,bonferroni,1,2,False,UNRESOLVED,5000,True,False,False,0.0003937090514227748,0.0,0.18209213411654696,True,True,True,False
6d099b0d7128dc1f4dce,null_anytime,null_calibration,1057,2220361734,16,5000,0.0,0.05,rbf,median,anytime,bonferroni,1,2,False,UNRESOLVED,5000,True,False,False,0.000393458001781255,0.0,0.18209213411654696,True,True,True,False
8ea056004bf48e1698b7,null_anytime,null_calibration,1058,3558486022,16,5000,0.0,0.05,rbf,median,anytime,bonferroni,1,2,False,UNRESOLVED,5000,True,False,False,0.0003934159758500755,0.0,0.18209213411654696,True,True,True,False
eb13b112920a28117a34,null_anytime,null_calibration,1059,99668759,16,5000,0.0,0.05,rbf,median,anytime,bonferroni,1,2,False,UNRESOLVED,5000,True,False,False,0.000395249982830137,0.0,0.18209213411654696,True,True,True,False
df4bdba9915f45080d12,null_anytime,null_calibration,1060,1976773887,16,5000,0.0,0.05,rbf,median,anytime,bonferroni,1,2,False,UNRESOLVED,5000,True,False,False,0.00039391597965732217,0.0,0.18209213411654696,True,True,True,False
ad0d620caeeb894230ae,null_anytime,null_calibration,1061,1008763971,16,5000,0.0,0.05,rbf,median,anytime,bonferroni,1,2,False,UNRESOLVED,5000,True,False,False,0.00039499998092651367,0.0,0.18209213411654696,True,True,True,False
da1416f247c3ac848781,null_anytime,null_calibration,1062,1945798639,16,5000,0.0,0.05,rbf,median,anytime,bonferroni,1,2,False,UNRESOLVED,5000,True,False,False,0.0003957499866373837,0.0,0.18209213411654696,True,True,True,False
5f95233240f8a9d6ce57,null_anytime,null_calibration,1063,4050952831,16,5000,0.0,0.05,rbf,median,anytime,bonferroni,1,2,False,UNRESOLVED,5000,True,False,False,0.0003952080151066184,0.0,0.18209213411654696,True,True,True,False
4c7d36de0978c3d4f655,null_anytime,null_calibration,1064,250863142,16,5000,0.0,0.05,rbf,median,anytime,bonferroni,1,2,False,UNRESOLVED,5000,True,False,False,0.0003954159910790622,0.0,0.18209213411654696,True,True,True,False
963ce071326ea91137a8,null_anytime,null_calibration,1065,959055785,16,5000,0.0,0.05,rbf,median,anytime,bonferroni,1,2,False,UNRESOLVED,5000,True,False,False,0.00039474997902289033,0.0,0.18209213411654696,True,True,True,False
63a391b0fc382bc10126,null_anytime,null_calibration,1066,2636788778,16,5000,0.0,0.05,rbf,median,anytime,bonferroni,1,2,False,UNRESOLVED,5000,True,False,False,0.00039804098196327686,0.0,0.18209213411654696,True,True,True,False
048416bb0b73e5f9804a,null_anytime,null_calibration,1067,3468478652,16,5000,0.0,0.05,rbf,median,anytime,bonferroni,1,2,False,UNRESOLVED,5000,True,False,False,0.0003941249451600015,0.0,0.18209213411654696,True,True,True,False
2d29f464fecb021a692d,null_anytime,null_calibration,1068,4120345687,16,5000,0.0,0.05,rbf,median,anytime,bonferroni,1,2,False,UNRESOLVED,5000,True,False,False,0.0003959159948863089,0.0,0.18209213411654696,True,True,True,False
5d109fecc1870458dd3b,null_anytime,null_calibration,1069,1178764192,16,5000,0.0,0.05,rbf,median,anytime,bonferroni,1,2,False,UNRESOLVED,5000,True,False,False,0.0003939589951187372,0.0,0.18209213411654696,True,True,True,False
93af1d57cb0a0d7a3939,null_anytime,null_calibration,1070,572787208,16,5000,0.0,0.05,rbf,median,anytime,bonferroni,1,2,False,UNRESOLVED,5000,True,False,False,0.0003946249489672482,0.0,0.18209213411654696,True,True,True,False
13ed5e6cb462d6ea5ccd,null_anytime,null_calibration,1071,224087934,16,5000,0.0,0.05,rbf,median,anytime,bonferroni,1,2,False,UNRESOLVED,5000,True,False,False,0.0003939580055885017,0.0,0.18209213411654696,True,True,True,False
40f56f03cb7bd32b8bfa,null_anytime,null_calibration,1072,4234445691,16,5000,0.0,0.05,rbf,median,anytime,bonferroni,1,2,False,UNRESOLVED,5000,True,False,False,0.00039408396696671844,0.0,0.18209213411654696,True,True,True,False
18be0fc315aab0699c92,null_anytime,null_calibration,1073,3157663136,16,5000,0.0,0.05,rbf,median,anytime,bonferroni,1,2,False,UNRESOLVED,5000,True,False,False,0.000394499977119267,0.0,0.18209213411654696,True,True,True,False
08f8a56910cf29caf906,null_anytime,null_calibration,1074,798291903,16,5000,0.0,0.05,rbf,median,anytime,bonferroni,1,2,False,UNRESOLVED,5000,True,False,False,0.00039445795118808746,0.0,0.18209213411654696,True,True,True,False
b1e0f6b1e206cbe70c88,null_anytime,null_calibration,1075,2333960861,16,5000,0.0,0.05,rbf,median,anytime,bonferroni,1,2,False,UNRESOLVED,5000,True,False,False,0.00039391597965732217,0.0,0.18209213411654696,True,True,True,False
97cc2e895d79c491d4cb,null_anytime,null_calibration,1076,1166798617,16,5000,0.0,0.05,rbf,median,anytime,bonferroni,1,2,False,UNRESOLVED,5000,True,False,False,0.0003940830356441438,0.0,0.18209213411654696,True,True,True,False
a8a474f5415f8200136f,null_anytime,null_calibration,1077,3553263804,16,5000,0.0,0.05,rbf,median,anytime,bonferroni,1,2,False,UNRESOLVED,5000,True,False,False,0.0003947080112993717,0.0,0.18209213411654696,True,True,True,False
09ef8b58727c8c3d0804,null_anytime,null_calibration,1078,125244886,16,5000,0.0,0.05,rbf,median,anytime,bonferroni,1,2,False,UNRESOLVED,5000,True,False,False,0.00039420800749212503,0.0,0.18209213411654696,True,True,True,False
ac59706a9fe733322270,null_anytime,null_calibration,1079,2510822647,16,5000,0.0,0.05,rbf,median,anytime,bonferroni,1,2,False,UNRESOLVED,5000,True,False,False,0.0003942079492844641,0.0,0.18209213411654696,True,True,True,False
51cf391ae9ded3f50321,null_anytime,null_calibration,1080,225840019,16,5000,0.0,0.05,rbf,median,anytime,bonferroni,1,2,False,UNRESOLVED,5000,True,False,False,0.00039408402517437935,0.0,0.18209213411654696,True,True,True,False
6b5f5e6d23b5013e4aa6,null_anytime,null_calibration,1081,526198976,16,5000,0.0,0.05,rbf,median,anytime,bonferroni,1,2,False,UNRESOLVED,5000,True,False,False,0.0003954159910790622,0.0,0.18209213411654696,True,True,True,False
73a5a096e53fffc87672,null_anytime,null_calibration,1082,1313514042,16,5000,0.0,0.05,rbf,median,anytime,bonferroni,1,2,False,UNRESOLVED,5000,True,False,False,0.0003954159910790622,0.0,0.18209213411654696,True,True,True,False
c18ddaea275d92830bd9,null_anytime,null_calibration,1083,453425732,16,5000,0.0,0.05,rbf,median,anytime,bonferroni,1,2,False,UNRESOLVED,5000,True,False,False,0.0003940000315196812,0.0,0.18209213411654696,True,True,True,False
dc66de4fc2c1febce277,null_anytime,null_calibration,1084,3693563608,16,5000,0.0,0.05,rbf,median,anytime,bonferroni,1,2,False,UNRESOLVED,5000,True,False,False,0.00039375002961605787,0.0,0.18209213411654696,True,True,True,False
4ce3c538ef0802bcd076,null_anytime,null_calibration,1085,1750702472,16,5000,0.0,0.05,rbf,median,anytime,bonferroni,1,2,False,UNRESOLVED,5000,True,False,False,0.0003940829774364829,0.0,0.18209213411654696,True,True,True,False
67897871c1468a144c18,null_anytime,null_calibration,1086,253152397,16,5000,0.0,0.05,rbf,median,anytime,bonferroni,1,2,False,UNRESOLVED,5000,True,False,False,0.0003987919772043824,0.0,0.18209213411654696,True,True,True,False
09432ee8f7137a2d0868,null_anytime,null_calibration,1087,404693572,16,5000,0.0,0.05,rbf,median,anytime,bonferroni,1,2,False,UNRESOLVED,5000,True,False,False,0.00039599998854100704,0.0,0.18209213411654696,True,True,True,False
f440a5721a0a9d6827b1,null_anytime,null_calibration,1088,1231566787,16,5000,0.0,0.05,rbf,median,anytime,bonferroni,1,2,False,UNRESOLVED,5000,True,False,False,0.00039374997140839696,0.0,0.18209213411654696,True,True,True,False
5efd0a79af27b3dd3651,null_anytime,null_calibration,1089,3206139777,16,5000,0.0,0.05,rbf,median,anytime,bonferroni,1,2,False,UNRESOLVED,5000,True,False,False,0.0003962499904446304,0.0,0.18209213411654696,True,True,True,False
8333210c542e3398d853,null_anytime,null_calibration,1090,3677205229,16,5000,0.0,0.05,rbf,median,anytime,bonferroni,1,2,False,UNRESOLVED,5000,True,False,False,0.0003957080189138651,0.0,0.18209213411654696,True,True,True,False
3dbfd1426c5ab89130a1,null_anytime,null_calibration,1091,1199247243,16,5000,0.0,0.05,rbf,median,anytime,bonferroni,1,2,False,UNRESOLVED,5000,True,False,False,0.00039374997140839696,0.0,0.18209213411654696,True,True,True,False
c6e39f609bc799b7650f,null_anytime,null_calibration,1092,3469314368,16,5000,0.0,0.05,rbf,median,anytime,bonferroni,1,2,False,UNRESOLVED,5000,True,False,False,0.0003932919935323298,0.0,0.18209213411654696,True,True,True,False
3998bf6f630d4fde4a39,null_anytime,null_calibration,1093,784704368,16,5000,0.0,0.05,rbf,median,anytime,bonferroni,1,2,False,UNRESOLVED,5000,True,False,False,0.00039266602834686637,0.0,0.18209213411654696,True,True,True,False
53fd80094a73fb52754c,null_anytime,null_calibration,1094,4117141848,16,5000,0.0,0.05,rbf,median,anytime,bonferroni,1,2,False,UNRESOLVED,5000,True,False,False,0.00039437500527128577,0.0,0.18209213411654696,True,True,True,False
43f1da130d51f4a6618b,null_anytime,null_calibration,1095,3057727091,16,5000,0.0,0.05,rbf,median,anytime,bonferroni,1,2,False,UNRESOLVED,5000,True,False,False,0.00039545795880258083,0.0,0.18209213411654696,True,True,True,False
2acb0b11319f51e747fd,null_anytime,null_calibration,1096,1215510752,16,5000,0.0,0.05,rbf,median,anytime,bonferroni,1,2,False,UNRESOLVED,5000,True,False,False,0.0003921249881386757,0.0,0.18209213411654696,True,True,True,False
fe7c269305e14e9a5d71,null_anytime,null_calibration,1097,2646407837,16,5000,0.0,0.05,rbf,median,anytime,bonferroni,1,2,False,UNRESOLVED,5000,True,False,False,0.0003950420068576932,0.0,0.18209213411654696,True,True,True,False
01a3c74e00223f605a17,null_anytime,null_calibration,1098,3865511413,16,5000,0.0,0.05,rbf,median,anytime,bonferroni,1,2,False,UNRESOLVED,5000,True,False,False,0.00039354199543595314,0.0,0.18209213411654696,True,True,True,False
db622a7810b05ed7baa6,null_anytime,null_calibration,1099,3236105507,16,5000,0.0,0.05,rbf,median,anytime,bonferroni,1,2,False,UNRESOLVED,5000,True,False,False,0.00039491598727181554,0.0,0.18209213411654696,True,True,True,False
46e1fc003ca2fcbdef19,null_anytime,null_calibration,1100,3232530711,16,5000,0.0,0.05,rbf,median,anytime,bonferroni,1,2,False,UNRESOLVED,5000,True,False,False,0.00039491598727181554,0.0,0.18209213411654696,True,True,True,False
213e22a0b14e4d48970c,null_anytime,null_calibration,1101,2969829022,16,5000,0.0,0.05,rbf,median,anytime,bonferroni,1,2,False,UNRESOLVED,5000,True,False,False,0.0003952079568989575,0.0,0.18209213411654696,True,True,True,False
eac966c502978b7fa395,null_anytime,null_calibration,1102,3957386958,16,5000,0.0,0.05,rbf,median,anytime,bonferroni,1,2,False,UNRESOLVED,5000,True,False,False,0.00039416697109118104,0.0,0.18209213411654696,True,True,True,False
30149e8b27e2d8a9dab2,null_anytime,null_calibration,1103,3738712451,16,5000,0.0,0.05,rbf,median,anytime,bonferroni,1,2,False,UNRESOLVED,5000,True,False,False,0.00039429200114682317,0.0,0.18209213411654696,True,True,True,False
dff40f14c483e8b25780,null_anytime,null_calibration,1104,3106161587,16,5000,0.0,0.05,rbf,median,anytime,bonferroni,1,2,False,UNRESOLVED,5000,True,False,False,0.0003938750014640391,0.0,0.18209213411654696,True,True,True,False
f1a4b59c28d8594debf8,null_anytime,null_calibration,1105,151993427,16,5000,0.0,0.05,rbf,median,anytime,bonferroni,1,2,False,UNRESOLVED,5000,True,False,False,0.00039504101732745767,0.0,0.18209213411654696,True,True,True,False
5ec9c30cb869cca04ed8,null_anytime,null_calibration,1106,1791278108,16,5000,0.0,0.05,rbf,median,anytime,bonferroni,1,2,False,UNRESOLVED,5000,True,False,False,0.00039475003723055124,0.0,0.18209213411654696,True,True,True,False
c44c77047ac086892f67,null_anytime,null_calibration,1107,2187592021,16,5000,0.0,0.05,rbf,median,anytime,bonferroni,1,2,False,UNRESOLVED,5000,True,False,False,0.0003975420258939266,0.0,0.18209213411654696,True,True,True,False
78beed52c4e8ba9aff08,null_anytime,null_calibration,1108,3992116437,16,5000,0.0,0.05,rbf,median,anytime,bonferroni,1,2,False,UNRESOLVED,5000,True,False,False,0.00039520900463685393,0.0,0.18209213411654696,True,True,True,False
82c7cd84dac5b0491a52,null_anytime,null_calibration,1109,3907336526,16,5000,0.0,0.05,rbf,median,anytime,bonferroni,1,2,False,UNRESOLVED,5000,True,False,False,0.0003957499866373837,0.0,0.18209213411654696,True,True,True,False
9334fc7450caf4da9c94,null_anytime,null_calibration,1110,3887461195,16,5000,0.0,0.05,rbf,median,anytime,bonferroni,1,2,False,UNRESOLVED,5000,True,False,False,0.00039487500907853246,0.0,0.18209213411654696,True,True,True,False
a78d062ec6d2ac4c945a,null_anytime,null_calibration,1111,161170932,16,5000,0.0,0.05,rbf,median,anytime,bonferroni,1,2,False,UNRESOLVED,5000,True,False,False,0.00039695901796221733,0.0,0.18209213411654696,True,True,True,False
ae50ff46f83c142aae16,null_anytime,null_calibration,1112,3134485219,16,5000,0.0,0.05,rbf,median,anytime,bonferroni,1,2,False,UNRESOLVED,5000,True,False,False,0.000521583016961813,0.0,0.18209213411654696,True,True,True,False
903d348e6a0277a0d0e9,null_anytime,null_calibration,1113,3055834289,16,5000,0.0,0.05,rbf,median,anytime,bonferroni,1,2,False,UNRESOLVED,5000,True,False,False,0.0005452079931274056,0.0,0.18209213411654696,True,True,True,False
8c6600e242755f8e9c1c,null_anytime,null_calibration,1114,255204357,16,5000,0.0,0.05,rbf,median,anytime,bonferroni,1,2,False,UNRESOLVED,5000,True,False,False,0.0004979579825885594,0.0,0.18209213411654696,True,True,True,False
c96bc7947fbe87442219,null_anytime,null_calibration,1115,1977375733,16,5000,0.0,0.05,rbf,median,anytime,bonferroni,1,2,False,UNRESOLVED,5000,True,False,False,0.000559166946914047,0.0,0.18209213411654696,True,True,True,False
847ed39a830fd510955d,null_anytime,null_calibration,1116,3625838511,16,5000,0.0,0.05,rbf,median,anytime,bonferroni,1,2,False,UNRESOLVED,5000,True,False,False,0.000504958035890013,0.0,0.18209213411654696,True,True,True,False
5005594d98217db0dc1e,null_anytime,null_calibration,1117,4134552824,16,5000,0.0,0.05,rbf,median,anytime,bonferroni,1,2,False,UNRESOLVED,5000,True,False,False,0.000558875035494566,0.0,0.18209213411654696,True,True,True,False
79406b4a720d29f60adc,null_anytime,null_calibration,1118,3657731178,16,5000,0.0,0.05,rbf,median,anytime,bonferroni,1,2,False,UNRESOLVED,5000,True,False,False,0.0006411669892258942,0.0,0.18209213411654696,True,True,True,False
5798cef3fc1ec383725f,null_anytime,null_calibration,1119,1982666624,16,5000,0.0,0.05,rbf,median,anytime,bonferroni,1,2,False,UNRESOLVED,5000,True,False,False,0.0005596249829977751,0.0,0.18209213411654696,True,True,True,False
c84eeec6cb0754d94330,null_anytime,null_calibration,1120,2905601290,16,5000,0.0,0.05,rbf,median,anytime,bonferroni,1,2,False,UNRESOLVED,5000,True,False,False,0.0004962500534020364,0.0,0.18209213411654696,True,True,True,False
efb209d5ca746f736884,null_anytime,null_calibration,1121,680977357,16,5000,0.0,0.05,rbf,median,anytime,bonferroni,1,2,False,UNRESOLVED,5000,True,False,False,0.0004824170027859509,0.0,0.18209213411654696,True,True,True,False
6b8a2d75c0c0f730321f,null_anytime,null_calibration,1122,1063522107,16,5000,0.0,0.05,rbf,median,anytime,bonferroni,1,2,False,UNRESOLVED,5000,True,False,False,0.00048116600373759866,0.0,0.18209213411654696,True,True,True,False
a62720ed468ee70722fd,null_anytime,null_calibration,1123,2413241811,16,5000,0.0,0.05,rbf,median,anytime,bonferroni,1,2,False,UNRESOLVED,5000,True,False,False,0.00047987501602619886,0.0,0.18209213411654696,True,True,True,False
f154f9a3e3e4111c5394,null_anytime,null_calibration,1124,1497581984,16,5000,0.0,0.05,rbf,median,anytime,bonferroni,1,2,False,UNRESOLVED,5000,True,False,False,0.0004870830453000963,0.0,0.18209213411654696,True,True,True,False
a01a5eb15d1e46b537c9,null_anytime,null_calibration,1125,3110596194,16,5000,0.0,0.05,rbf,median,anytime,bonferroni,1,2,False,UNRESOLVED,5000,True,False,False,0.0005054579814895988,0.0,0.18209213411654696,True,True,True,False
241b9af864a0d9494f7a,null_anytime,null_calibration,1126,476856778,16,5000,0.0,0.05,rbf,median,anytime,bonferroni,1,2,False,UNRESOLVED,5000,True,False,False,0.0004921249928884208,0.0,0.18209213411654696,True,True,True,False
7a6f29ddda932af55df3,null_anytime,null_calibration,1127,2529947215,16,5000,0.0,0.05,rbf,median,anytime,bonferroni,1,2,False,UNRESOLVED,5000,True,False,False,0.000503125018440187,0.0,0.18209213411654696,True,True,True,False
7ad9f0cb8dc289abdc70,null_anytime,null_calibration,1128,3887575308,16,5000,0.0,0.05,rbf,median,anytime,bonferroni,1,2,False,UNRESOLVED,5000,True,False,False,0.0005469999741762877,0.0,0.18209213411654696,True,True,True,False
67f40a7bfaa197184bff,null_anytime,null_calibration,1129,3389765124,16,5000,0.0,0.05,rbf,median,anytime,bonferroni,1,2,False,UNRESOLVED,5000,True,False,False,0.0005767500260844827,0.0,0.18209213411654696,True,True,True,False
ddd657cb80e55af61575,null_anytime,null_calibration,1130,4122440959,16,5000,0.0,0.05,rbf,median,anytime,bonferroni,1,2,False,UNRESOLVED,5000,True,False,False,0.0004646659945137799,0.0,0.18209213411654696,True,True,True,False
78fdccd503337364d1da,null_anytime,null_calibration,1131,2300420186,16,5000,0.0,0.05,rbf,median,anytime,bonferroni,1,2,False,UNRESOLVED,5000,True,False,False,0.00041862501529976726,0.0,0.18209213411654696,True,True,True,False
8b16fb244c87a85c03f9,null_anytime,null_calibration,1132,3169788639,16,5000,0.0,0.05,rbf,median,anytime,bonferroni,1,2,False,UNRESOLVED,5000,True,False,False,0.0004040420171804726,0.0,0.18209213411654696,True,True,True,False
5a142cd89eec07fcc704,null_anytime,null_calibration,1133,4219004967,16,5000,0.0,0.05,rbf,median,anytime,bonferroni,1,2,False,UNRESOLVED,5000,True,False,False,0.00040120899211615324,0.0,0.18209213411654696,True,True,True,False
212ae8ce86948f48051f,null_anytime,null_calibration,1134,2927672572,16,5000,0.0,0.05,rbf,median,anytime,bonferroni,1,2,False,UNRESOLVED,5000,True,False,False,0.00040083302883431315,0.0,0.18209213411654696,True,True,True,False
68fb1de3e7db9226aff1,null_anytime,null_calibration,1135,1900940015,16,5000,0.0,0.05,rbf,median,anytime,bonferroni,1,2,False,UNRESOLVED,5000,True,False,False,0.00040437502320855856,0.0,0.18209213411654696,True,True,True,False
0e740a98a4c2faba7e18,null_anytime,null_calibration,1136,3236491607,16,5000,0.0,0.05,rbf,median,anytime,bonferroni,1,2,False,UNRESOLVED,5000,True,False,False,0.0003986250376328826,0.0,0.18209213411654696,True,True,True,False
dcffa7f8a1a69ce7284a,null_anytime,null_calibration,1137,1394846808,16,5000,0.0,0.05,rbf,median,anytime,bonferroni,1,2,False,UNRESOLVED,5000,True,False,False,0.0003974999999627471,0.0,0.18209213411654696,True,True,True,False
a853b9cb47249925b2ab,null_anytime,null_calibration,1138,1656058289,16,5000,0.0,0.05,rbf,median,anytime,bonferroni,1,2,False,UNRESOLVED,5000,True,False,False,0.0004025409580208361,0.0,0.18209213411654696,True,True,True,False
630d4925becf66feaec9,null_anytime,null_calibration,1139,3126918884,16,5000,0.0,0.05,rbf,median,anytime,bonferroni,1,2,False,UNRESOLVED,5000,True,False,False,0.0003976249718107283,0.0,0.18209213411654696,True,True,True,False
dd140b40c744a708de61,null_anytime,null_calibration,1140,3330279232,16,5000,0.0,0.05,rbf,median,anytime,bonferroni,1,2,False,UNRESOLVED,5000,True,False,False,0.0003964580246247351,0.0,0.18209213411654696,True,True,True,False
9aa677cae75b825fe3bf,null_anytime,null_calibration,1141,2163133927,16,5000,0.0,0.05,rbf,median,anytime,bonferroni,1,2,False,UNRESOLVED,5000,True,False,False,0.0003985840012319386,0.0,0.18209213411654696,True,True,True,False
101c958ab3e31c471c06,null_anytime,null_calibration,1142,2708343472,16,5000,0.0,0.05,rbf,median,anytime,bonferroni,1,2,False,UNRESOLVED,5000,True,False,False,0.00039820902748033404,0.0,0.18209213411654696,True,True,True,False
0e4349e51aeac4fa0970,null_anytime,null_calibration,1143,1073506844,16,5000,0.0,0.05,rbf,median,anytime,bonferroni,1,2,False,UNRESOLVED,5000,True,False,False,0.00039837497752159834,0.0,0.18209213411654696,True,True,True,False
e0774a3e6997aef5cb25,null_anytime,null_calibration,1144,1373148827,16,5000,0.0,0.05,rbf,median,anytime,bonferroni,1,2,False,UNRESOLVED,5000,True,False,False,0.0003974579740315676,0.0,0.18209213411654696,True,True,True,False
eb8ffc5de4b076de8134,null_anytime,null_calibration,1145,553804361,16,5000,0.0,0.05,rbf,median,anytime,bonferroni,1,2,False,UNRESOLVED,5000,True,False,False,0.00039787503192201257,0.0,0.18209213411654696,True,True,True,False
d623d46acdf80262ac7d,null_anytime,null_calibration,1146,4116940749,16,5000,0.0,0.05,rbf,median,anytime,bonferroni,1,2,False,UNRESOLVED,5000,True,False,False,0.00039845798164606094,0.0,0.18209213411654696,True,True,True,False
25792c9bb61e7d7d737d,null_anytime,null_calibration,1147,4109929654,16,5000,0.0,0.05,rbf,median,anytime,bonferroni,1,2,False,UNRESOLVED,5000,True,False,False,0.0003960839821957052,0.0,0.18209213411654696,True,True,True,False
69cc1e836c63b7c3e1c4,null_anytime,null_calibration,1148,252389587,16,5000,0.0,0.05,rbf,median,anytime,bonferroni,1,2,False,UNRESOLVED,5000,True,False,False,0.000397083000279963,0.0,0.18209213411654696,True,True,True,False
03259b939d84ccc71f12,null_anytime,null_calibration,1149,1682142162,16,5000,0.0,0.05,rbf,median,anytime,bonferroni,1,2,False,UNRESOLVED,5000,True,False,False,0.0003969169920310378,0.0,0.18209213411654696,True,True,True,False
e391d1fe80154edd4d7c,null_anytime,null_calibration,1150,974927885,16,5000,0.0,0.05,rbf,median,anytime,bonferroni,1,2,False,UNRESOLVED,5000,True,False,False,0.00039729103446006775,0.0,0.18209213411654696,True,True,True,False
c0c89dac69bf0b49ac92,null_anytime,null_calibration,1151,1201552520,16,5000,0.0,0.05,rbf,median,anytime,bonferroni,1,2,False,UNRESOLVED,5000,True,False,False,0.0003974169958382845,0.0,0.18209213411654696,True,True,True,False
a5998929cf80a9873048,null_anytime,null_calibration,1152,4131062261,16,5000,0.0,0.05,rbf,median,anytime,bonferroni,1,2,False,UNRESOLVED,5000,True,False,False,0.000396332994569093,0.0,0.18209213411654696,True,True,True,False
405fa24abe59b03139c2,null_anytime,null_calibration,1153,3421774151,16,5000,0.0,0.05,rbf,median,anytime,bonferroni,1,2,False,UNRESOLVED,5000,True,False,False,0.00040079199243336916,0.0,0.18209213411654696,True,True,True,False
c6344466f29d12acd302,null_anytime,null_calibration,1154,1808447735,16,5000,0.0,0.05,rbf,median,anytime,bonferroni,1,2,False,UNRESOLVED,5000,True,False,False,0.00039729196578264236,0.0,0.18209213411654696,True,True,True,False
4185c6d532650693fe96,null_anytime,null_calibration,1155,2905657721,16,5000,0.0,0.05,rbf,median,anytime,bonferroni,1,2,False,UNRESOLVED,5000,True,False,False,0.00039674999425187707,0.0,0.18209213411654696,True,True,True,False
fc00540540729013ff6a,null_anytime,null_calibration,1156,127087967,16,5000,0.0,0.05,rbf,median,anytime,bonferroni,1,2,False,UNRESOLVED,5000,True,False,False,0.0004022089997306466,0.0,0.18209213411654696,True,True,True,False
332aecdccae846ef954f,null_anytime,null_calibration,1157,62827547,16,5000,0.0,0.05,rbf,median,anytime,bonferroni,1,2,False,UNRESOLVED,5000,True,False,False,0.000397459021769464,0.0,0.18209213411654696,True,True,True,False
078de3f71124f3498bd4,null_anytime,null_calibration,1158,3999901504,16,5000,0.0,0.05,rbf,median,anytime,bonferroni,1,2,False,UNRESOLVED,5000,True,False,False,0.0003969169920310378,0.0,0.18209213411654696,True,True,True,False
0f650bb096507d407cce,null_anytime,null_calibration,1159,4197042450,16,5000,0.0,0.05,rbf,median,anytime,bonferroni,1,2,False,UNRESOLVED,5000,True,False,False,0.0003986660158261657,0.0,0.18209213411654696,True,True,True,False
2beb5ad7bcadafe1bcc9,null_anytime,null_calibration,1160,3073924907,16,5000,0.0,0.05,rbf,median,anytime,bonferroni,1,2,False,UNRESOLVED,5000,True,False,False,0.0003992910496890545,0.0,0.18209213411654696,True,True,True,False
235dae28c70827ce6f62,null_anytime,null_calibration,1161,625009851,16,5000,0.0,0.05,rbf,median,anytime,bonferroni,1,2,False,UNRESOLVED,5000,True,False,False,0.00039899995317682624,0.0,0.18209213411654696,True,True,True,False
7b3485a170793f5ea17c,null_anytime,null_calibration,1162,2710009691,16,5000,0.0,0.05,rbf,median,anytime,bonferroni,1,2,False,UNRESOLVED,5000,True,False,False,0.00039895798545330763,0.0,0.18209213411654696,True,True,True,False
f40e21c575d6807bd96b,null_anytime,null_calibration,1163,1949629232,16,5000,0.0,0.05,rbf,median,anytime,bonferroni,1,2,False,UNRESOLVED,5000,True,False,False,0.0003975830040872097,0.0,0.18209213411654696,True,True,True,False
6b8b048b938b35bf6d3a,null_anytime,null_calibration,1164,1504543495,16,5000,0.0,0.05,rbf,median,anytime,bonferroni,1,2,False,UNRESOLVED,5000,True,False,False,0.0003987500094808638,0.0,0.18209213411654696,True,True,True,False
b7dadf8fd7d29aa807e2,null_anytime,null_calibration,1165,1322676475,16,5000,0.0,0.05,rbf,median,anytime,bonferroni,1,2,False,UNRESOLVED,5000,True,False,False,0.0003980830078944564,0.0,0.18209213411654696,True,True,True,False
44da65aafc0d3b00af87,null_anytime,null_calibration,1166,549824620,16,5000,0.0,0.05,rbf,median,anytime,bonferroni,1,2,False,UNRESOLVED,5000,True,False,False,0.00039916601963341236,0.0,0.18209213411654696,True,True,True,False
ebb0e20e23b929f6a998,null_anytime,null_calibration,1167,269132549,16,5000,0.0,0.05,rbf,median,anytime,bonferroni,1,2,False,UNRESOLVED,5000,True,False,False,0.00039791601011529565,0.0,0.18209213411654696,True,True,True,False
65a54e8124156e8ce242,null_anytime,null_calibration,1168,860296979,16,5000,0.0,0.05,rbf,median,anytime,bonferroni,1,2,False,UNRESOLVED,5000,True,False,False,0.00039904197910800576,0.0,0.18209213411654696,True,True,True,False
2094fd9dcb41c20647ee,null_anytime,null_calibration,1169,516626694,16,5000,0.0,0.05,rbf,median,anytime,bonferroni,1,2,False,UNRESOLVED,5000,True,False,False,0.00039879203541204333,0.0,0.18209213411654696,True,True,True,False
bbc66cebf1ec5b08da27,null_anytime,null_calibration,1170,488903229,16,5000,0.0,0.05,rbf,median,anytime,bonferroni,1,2,False,UNRESOLVED,5000,True,False,False,0.0003992500132881105,0.0,0.18209213411654696,True,True,True,False
dcb069c16de0951996b0,null_anytime,null_calibration,1171,3696803126,16,5000,0.0,0.05,rbf,median,anytime,bonferroni,1,2,False,UNRESOLVED,5000,True,False,False,0.00040149997221305966,0.0,0.18209213411654696,True,True,True,False
3991d7bb43a37115fbe8,null_anytime,null_calibration,1172,2812974952,16,5000,0.0,0.05,rbf,median,anytime,bonferroni,1,2,False,UNRESOLVED,5000,True,False,False,0.0005032079643569887,0.0,0.18209213411654696,True,True,True,False
60ebf5c607178a683f9c,null_anytime,null_calibration,1173,4211383357,16,5000,0.0,0.05,rbf,median,anytime,bonferroni,1,2,False,UNRESOLVED,5000,True,False,False,0.0005597500130534172,0.0,0.18209213411654696,True,True,True,False
a4f1f090107a6079a415,null_anytime,null_calibration,1174,329805301,16,5000,0.0,0.05,rbf,median,anytime,bonferroni,1,2,False,UNRESOLVED,5000,True,False,False,0.0005130409845151007,0.0,0.18209213411654696,True,True,True,False
70e9f28c0e58d9f9987d,null_anytime,null_calibration,1175,3124601174,16,5000,0.0,0.05,rbf,median,anytime,bonferroni,1,2,False,UNRESOLVED,5000,True,False,False,0.0005577079718932509,0.0,0.18209213411654696,True,True,True,False
e309e3ed7a615ebda763,null_anytime,null_calibration,1176,3895379876,16,5000,0.0,0.05,rbf,median,anytime,bonferroni,1,2,False,UNRESOLVED,5000,True,False,False,0.0006018750136718154,0.0,0.18209213411654696,True,True,True,False
d51c936a0663a8bfa1de,null_anytime,null_calibration,1177,3406474322,16,5000,0.0,0.05,rbf,median,anytime,bonferroni,1,2,False,UNRESOLVED,5000,True,False,False,0.0007314580143429339,0.0,0.18209213411654696,True,True,True,False
5db652efcc5997a1f0ac,null_anytime,null_calibration,1178,2542057758,16,5000,0.0,0.05,rbf,median,anytime,bonferroni,1,2,False,UNRESOLVED,5000,True,False,False,0.0005812090239487588,0.0,0.18209213411654696,True,True,True,False
69243f5529b8eaa1e256,null_anytime,null_calibration,1179,3870276106,16,5000,0.0,0.05,rbf,median,anytime,bonferroni,1,2,False,UNRESOLVED,5000,True,False,False,0.0005432080361060798,0.0,0.18209213411654696,True,True,True,False
7c872b336737af4a26b0,null_anytime,null_calibration,1180,4280405804,16,5000,0.0,0.05,rbf,median,anytime,bonferroni,1,2,False,UNRESOLVED,5000,True,False,False,0.00050708296475932,0.0,0.18209213411654696,True,True,True,False
908ea6f520b579353ab0,null_anytime,null_calibration,1181,3609423738,16,5000,0.0,0.05,rbf,median,anytime,bonferroni,1,2,False,UNRESOLVED,5000,True,False,False,0.0006262920214794576,0.0,0.18209213411654696,True,True,True,False
8b4d264a8d53e27d1e5a,null_anytime,null_calibration,1182,3210052939,16,5000,0.0,0.05,rbf,median,anytime,bonferroni,1,2,False,UNRESOLVED,5000,True,False,False,0.000596500001847744,0.0,0.18209213411654696,True,True,True,False
d872a1f1a27c0359a952,null_anytime,null_calibration,1183,1560546945,16,5000,0.0,0.05,rbf,median,anytime,bonferroni,1,2,False,UNRESOLVED,5000,True,False,False,0.0005217499565333128,0.0,0.18209213411654696,True,True,True,False
59dfc29dbef2409e61af,null_anytime,null_calibration,1184,1204330425,16,5000,0.0,0.05,rbf,median,anytime,bonferroni,1,2,False,UNRESOLVED,5000,True,False,False,0.0005014170310460031,0.0,0.18209213411654696,True,True,True,False
87f23fb0a37bb2bd35ed,null_anytime,null_calibration,1185,3093680861,16,5000,0.0,0.05,rbf,median,anytime,bonferroni,1,2,False,UNRESOLVED,5000,True,False,False,0.0005035839858464897,0.0,0.18209213411654696,True,True,True,False
ca0e95acc9f0b6d26886,null_anytime,null_calibration,1186,3648960263,16,5000,0.0,0.05,rbf,median,anytime,bonferroni,1,2,False,UNRESOLVED,5000,True,False,False,0.0004963339888490736,0.0,0.18209213411654696,True,True,True,False
9c6420732e6480f99c3f,null_anytime,null_calibration,1187,781852746,16,5000,0.0,0.05,rbf,median,anytime,bonferroni,1,2,False,UNRESOLVED,5000,True,False,False,0.0004910830175504088,0.0,0.18209213411654696,True,True,True,False
cf4187c8d6185e1102d0,null_anytime,null_calibration,1188,2962231001,16,5000,0.0,0.05,rbf,median,anytime,bonferroni,1,2,False,UNRESOLVED,5000,True,False,False,0.0005041250260546803,0.0,0.18209213411654696,True,True,True,False
583b81f2a3ab38e21351,null_anytime,null_calibration,1189,1638176623,16,5000,0.0,0.05,rbf,median,anytime,bonferroni,1,2,False,UNRESOLVED,5000,True,False,False,0.0004842079943045974,0.0,0.18209213411654696,True,True,True,False
3c859705759c6dd29dd6,null_anytime,null_calibration,1190,3420604198,16,5000,0.0,0.05,rbf,median,anytime,bonferroni,1,2,False,UNRESOLVED,5000,True,False,False,0.0004759999574162066,0.0,0.18209213411654696,True,True,True,False
1cee65b7a3b96c8ddf21,null_anytime,null_calibration,1191,742351251,16,5000,0.0,0.05,rbf,median,anytime,bonferroni,1,2,False,UNRESOLVED,5000,True,False,False,0.0004930839641019702,0.0,0.18209213411654696,True,True,True,False
76c8f8c4ae0f424d17c8,null_anytime,null_calibration,1192,2635302970,16,5000,0.0,0.05,rbf,median,anytime,bonferroni,1,2,False,UNRESOLVED,5000,True,False,False,0.00045991595834493637,0.0,0.18209213411654696,True,True,True,False
a6f62d030544ab675573,null_anytime,null_calibration,1193,22659490,16,5000,0.0,0.05,rbf,median,anytime,bonferroni,1,2,False,UNRESOLVED,5000,True,False,False,0.00041866599349305034,0.0,0.18209213411654696,True,True,True,False
5d2eedc0bcbdb3f24821,null_anytime,null_calibration,1194,2484622455,16,5000,0.0,0.05,rbf,median,anytime,bonferroni,1,2,False,UNRESOLVED,5000,True,False,False,0.0005034999921917915,0.0,0.18209213411654696,True,True,True,False
18b9f5d385c1cdf23af2,null_anytime,null_calibration,1195,1277405460,16,5000,0.0,0.05,rbf,median,anytime,bonferroni,1,2,False,UNRESOLVED,5000,True,False,False,0.000726457976270467,0.0,0.18209213411654696,True,True,True,False
460b2eeae9ba950c966f,null_anytime,null_calibration,1196,1338619140,16,5000,0.0,0.05,rbf,median,anytime,bonferroni,1,2,False,UNRESOLVED,5000,True,False,False,0.0006506660138256848,0.0,0.18209213411654696,True,True,True,False
dfae086724e436df31a7,null_anytime,null_calibration,1197,3940922594,16,5000,0.0,0.05,rbf,median,anytime,bonferroni,1,2,False,UNRESOLVED,5000,True,False,False,0.0005350409774109721,0.0,0.18209213411654696,True,True,True,False
15dd87ffaaec8d935805,null_anytime,null_calibration,1198,2004949581,16,5000,0.0,0.05,rbf,median,anytime,bonferroni,1,2,False,UNRESOLVED,5000,True,False,False,0.0004989580484107137,0.0,0.18209213411654696,True,True,True,False
0e7034695c73b5864ecd,null_anytime,null_calibration,1199,1441378840,16,5000,0.0,0.05,rbf,median,anytime,bonferroni,1,2,False,UNRESOLVED,5000,True,False,False,0.0004852919955737889,0.0,0.18209213411654696,True,True,True,False
6ae926f2829537862985,null_anytime,null_calibration,1200,3506268422,16,5000,0.0,0.05,rbf,median,anytime,bonferroni,1,2,False,UNRESOLVED,5000,True,False,False,0.0004802499897778034,0.0,0.18209213411654696,True,True,True,False
33f7f96c1cf4305f6e3b,null_anytime,null_calibration,1201,1921577812,16,5000,0.0,0.05,rbf,median,anytime,bonferroni,1,2,False,UNRESOLVED,5000,True,False,False,0.00048329198034480214,0.0,0.18209213411654696,True,True,True,False
4b27179bad9e6b80b676,null_anytime,null_calibration,1202,2053330598,16,5000,0.0,0.05,rbf,median,anytime,bonferroni,1,2,False,UNRESOLVED,5000,True,False,False,0.00048275000881403685,0.0,0.18209213411654696,True,True,True,False
3fee936da28d86dc529e,null_anytime,null_calibration,1203,3799711567,16,5000,0.0,0.05,rbf,median,anytime,bonferroni,1,2,False,UNRESOLVED,5000,True,False,False,0.0004855829756706953,0.0,0.18209213411654696,True,True,True,False
250025e23f220db66b4e,null_anytime,null_calibration,1204,3128724859,16,5000,0.0,0.05,rbf,median,anytime,bonferroni,1,2,False,UNRESOLVED,5000,True,False,False,0.00048045802395790815,0.0,0.18209213411654696,True,True,True,False
2538d4c3f3e38e717106,null_anytime,null_calibration,1205,3897865856,16,5000,0.0,0.05,rbf,median,anytime,bonferroni,1,2,False,UNRESOLVED,5000,True,False,False,0.00048091704957187176,0.0,0.18209213411654696,True,True,True,False
4bf95e99548ea433fa56,null_anytime,null_calibration,1206,2620561213,16,5000,0.0,0.05,rbf,median,anytime,bonferroni,1,2,False,UNRESOLVED,5000,True,False,False,0.0004740839940495789,0.0,0.18209213411654696,True,True,True,False
8e48a3317cc2f3c4119c,null_anytime,null_calibration,1207,1876692687,16,5000,0.0,0.05,rbf,median,anytime,bonferroni,1,2,False,UNRESOLVED,5000,True,False,False,0.00047529098810628057,0.0,0.18209213411654696,True,True,True,False
b6f9fddb02e2251366a5,null_anytime,null_calibration,1208,3011399657,16,5000,0.0,0.05,rbf,median,anytime,bonferroni,1,2,False,UNRESOLVED,5000,True,False,False,0.0004727920168079436,0.0,0.18209213411654696,True,True,True,False
b8e9090242c5f666803c,null_anytime,null_calibration,1209,600037411,16,5000,0.0,0.05,rbf,median,anytime,bonferroni,1,2,False,UNRESOLVED,5000,True,False,False,0.00047504197573289275,0.0,0.18209213411654696,True,True,True,False
c50b303d3994cd545c52,null_anytime,null_calibration,1210,3216192764,16,5000,0.0,0.05,rbf,median,anytime,bonferroni,1,2,False,UNRESOLVED,5000,True,False,False,0.0004796250141225755,0.0,0.18209213411654696,True,True,True,False
f8f3487e355244ac00d4,null_anytime,null_calibration,1211,74656113,16,5000,0.0,0.05,rbf,median,anytime,bonferroni,1,2,False,UNRESOLVED,5000,True,False,False,0.0005178750143386424,0.0,0.18209213411654696,True,True,True,False
18438512366b85d649c9,null_anytime,null_calibration,1212,1990245290,16,5000,0.0,0.05,rbf,median,anytime,bonferroni,1,2,False,UNRESOLVED,5000,True,False,False,0.0005089589976705611,0.0,0.18209213411654696,True,True,True,False
2e7712e56b4f990bfe5c,null_anytime,null_calibration,1213,2027737747,16,5000,0.0,0.05,rbf,median,anytime,bonferroni,1,2,False,UNRESOLVED,5000,True,False,False,0.00044041703222319484,0.0,0.18209213411654696,True,True,True,False
ce541a4d0b5386e8f412,null_anytime,null_calibration,1214,4035611833,16,5000,0.0,0.05,rbf,median,anytime,bonferroni,1,2,False,UNRESOLVED,5000,True,False,False,0.00042516703251749277,0.0,0.18209213411654696,True,True,True,False
b64e841a02813753f8e8,null_anytime,null_calibration,1215,755546643,16,5000,0.0,0.05,rbf,median,anytime,bonferroni,1,2,False,UNRESOLVED,5000,True,False,False,0.0004084160318598151,0.0,0.18209213411654696,True,True,True,False
a88bbb0ddf7f64127dca,null_anytime,null_calibration,1216,3946199285,16,5000,0.0,0.05,rbf,median,anytime,bonferroni,1,2,False,UNRESOLVED,5000,True,False,False,0.0004041249630972743,0.0,0.18209213411654696,True,True,True,False
5bab3d820c9675ed0f34,null_anytime,null_calibration,1217,4141926702,16,5000,0.0,0.05,rbf,median,anytime,bonferroni,1,2,False,UNRESOLVED,5000,True,False,False,0.00040149997221305966,0.0,0.18209213411654696,True,True,True,False
c4ed45607db7f2061c8f,null_anytime,null_calibration,1218,3854554053,16,5000,0.0,0.05,rbf,median,anytime,bonferroni,1,2,False,UNRESOLVED,5000,True,False,False,0.00039854104397818446,0.0,0.18209213411654696,True,True,True,False
79676b1402e19a432069,null_anytime,null_calibration,1219,2191896588,16,5000,0.0,0.05,rbf,median,anytime,bonferroni,1,2,False,UNRESOLVED,5000,True,False,False,0.0004044999950565398,0.0,0.18209213411654696,True,True,True,False
342e1f2c6ea7a732782f,null_anytime,null_calibration,1220,2771503628,16,5000,0.0,0.05,rbf,median,anytime,bonferroni,1,2,False,UNRESOLVED,5000,True,False,False,0.0004314999678172171,0.0,0.18209213411654696,True,True,True,False
39507cd8e12e6c6b24ef,null_anytime,null_calibration,1221,2714560146,16,5000,0.0,0.05,rbf,median,anytime,bonferroni,1,2,False,UNRESOLVED,5000,True,False,False,0.00039958301931619644,0.0,0.18209213411654696,True,True,True,False
faac22f697c96308b88a,null_anytime,null_calibration,1222,3606312948,16,5000,0.0,0.05,rbf,median,anytime,bonferroni,1,2,False,UNRESOLVED,5000,True,False,False,0.00040025002090260386,0.0,0.18209213411654696,True,True,True,False
e1144fc31a73d45c2c13,null_anytime,null_calibration,1223,2042963548,16,5000,0.0,0.05,rbf,median,anytime,bonferroni,1,2,False,UNRESOLVED,5000,True,False,False,0.00039708404801785946,0.0,0.18209213411654696,True,True,True,False
63de33e7da7954b2c20c,null_anytime,null_calibration,1224,1244274801,16,5000,0.0,0.05,rbf,median,anytime,bonferroni,1,2,False,UNRESOLVED,5000,True,False,False,0.00039900001138448715,0.0,0.18209213411654696,True,True,True,False
52c5ee5956e363ac60c3,null_anytime,null_calibration,1225,3741026381,16,5000,0.0,0.05,rbf,median,anytime,bonferroni,1,2,False,UNRESOLVED,5000,True,False,False,0.0003969169920310378,0.0,0.18209213411654696,True,True,True,False
efa4167a78914611ab15,null_anytime,null_calibration,1226,3646929822,16,5000,0.0,0.05,rbf,median,anytime,bonferroni,1,2,False,UNRESOLVED,5000,True,False,False,0.00039716699393466115,0.0,0.18209213411654696,True,True,True,False
abb002620cfcd9fc337b,null_anytime,null_calibration,1227,2148429861,16,5000,0.0,0.05,rbf,median,anytime,bonferroni,1,2,False,UNRESOLVED,5000,True,False,False,0.0003962910268455744,0.0,0.18209213411654696,True,True,True,False
131a2074d515456eff0f,null_anytime,null_calibration,1228,1987495407,16,5000,0.0,0.05,rbf,median,anytime,bonferroni,1,2,False,UNRESOLVED,5000,True,False,False,0.00039662496419623494,0.0,0.18209213411654696,True,True,True,False
9621bad76c53ec617cad,null_anytime,null_calibration,1229,1837145470,16,5000,0.0,0.05,rbf,median,anytime,bonferroni,1,2,False,UNRESOLVED,5000,True,False,False,0.0003964999923482537,0.0,0.18209213411654696,True,True,True,False
ccd4306cefa88a75c644,null_anytime,null_calibration,1230,4043125346,16,5000,0.0,0.05,rbf,median,anytime,bonferroni,1,2,False,UNRESOLVED,5000,True,False,False,0.0003962080227211118,0.0,0.18209213411654696,True,True,True,False
41ffebddb8b652ce3adb,null_anytime,null_calibration,1231,1538707037,16,5000,0.0,0.05,rbf,median,anytime,bonferroni,1,2,False,UNRESOLVED,5000,True,False,False,0.0006086670327931643,0.0,0.18209213411654696,True,True,True,False
991f9a19fcdf62cf5831,null_anytime,null_calibration,1232,657116960,16,5000,0.0,0.05,rbf,median,anytime,bonferroni,1,2,False,UNRESOLVED,5000,True,False,False,0.00040570797864347696,0.0,0.18209213411654696,True,True,True,False
7bb657866a3b735241bf,null_anytime,null_calibration,1233,960450029,16,5000,0.0,0.05,rbf,median,anytime,bonferroni,1,2,False,UNRESOLVED,5000,True,False,False,0.0004011669661849737,0.0,0.18209213411654696,True,True,True,False
3c5d9a03c995bc3feaa1,null_anytime,null_calibration,1234,2142716699,16,5000,0.0,0.05,rbf,median,anytime,bonferroni,1,2,False,UNRESOLVED,5000,True,False,False,0.00039708404801785946,0.0,0.18209213411654696,True,True,True,False
4866bd50815b6076a22a,null_anytime,null_calibration,1235,154681065,16,5000,0.0,0.05,rbf,median,anytime,bonferroni,1,2,False,UNRESOLVED,5000,True,False,False,0.0003949590027332306,0.0,0.18209213411654696,True,True,True,False
f08712cd5e8280ca8624,null_anytime,null_calibration,1236,1842691836,16,5000,0.0,0.05,rbf,median,anytime,bonferroni,1,2,False,UNRESOLVED,5000,True,False,False,0.00039674999425187707,0.0,0.18209213411654696,True,True,True,False
56a9a2d7544bacaabc54,null_anytime,null_calibration,1237,1914780254,16,5000,0.0,0.05,rbf,median,anytime,bonferroni,1,2,False,UNRESOLVED,5000,True,False,False,0.00039554102113470435,0.0,0.18209213411654696,True,True,True,False
e48ff4d2ec2d6ef5eccb,null_anytime,null_calibration,1238,3067536727,16,5000,0.0,0.05,rbf,median,anytime,bonferroni,1,2,False,UNRESOLVED,5000,True,False,False,0.0003977909800596535,0.0,0.18209213411654696,True,True,True,False
8ba5663adf1da4f2e0e8,null_anytime,null_calibration,1239,1318178703,16,5000,0.0,0.05,rbf,median,anytime,bonferroni,1,2,False,UNRESOLVED,5000,True,False,False,0.00039583398029208183,0.0,0.18209213411654696,True,True,True,False
791293238be69c8cf1ad,null_anytime,null_calibration,1240,4286785753,16,5000,0.0,0.05,rbf,median,anytime,bonferroni,1,2,False,UNRESOLVED,5000,True,False,False,0.000400707998778671,0.0,0.18209213411654696,True,True,True,False
641b93ed9df8fc564b62,null_anytime,null_calibration,1241,380651207,16,5000,0.0,0.05,rbf,median,anytime,bonferroni,1,2,False,UNRESOLVED,5000,True,False,False,0.0003969589597545564,0.0,0.18209213411654696,True,True,True,False
49cc50dea36716d6c7ba,null_anytime,null_calibration,1242,1573911006,16,5000,0.0,0.05,rbf,median,anytime,bonferroni,1,2,False,UNRESOLVED,5000,True,False,False,0.0003974999999627471,0.0,0.18209213411654696,True,True,True,False
fb81400296e48106164b,null_anytime,null_calibration,1243,3670291264,16,5000,0.0,0.05,rbf,median,anytime,bonferroni,1,2,False,UNRESOLVED,5000,True,False,False,0.0003955830470658839,0.0,0.18209213411654696,True,True,True,False
aac32b03c1db46cb24b1,null_anytime,null_calibration,1244,3729610475,16,5000,0.0,0.05,rbf,median,anytime,bonferroni,1,2,False,UNRESOLVED,5000,True,False,False,0.00039604102494195104,0.0,0.18209213411654696,True,True,True,False
d2d7a5201234ea1a92e5,null_anytime,null_calibration,1245,1857405469,16,5000,0.0,0.05,rbf,median,anytime,bonferroni,1,2,False,UNRESOLVED,5000,True,False,False,0.0003968329983763397,0.0,0.18209213411654696,True,True,True,False
40d32aeb86cea0c00559,null_anytime,null_calibration,1246,1078025185,16,5000,0.0,0.05,rbf,median,anytime,bonferroni,1,2,False,UNRESOLVED,5000,True,False,False,0.000397083000279963,0.0,0.18209213411654696,True,True,True,False
1c36092d29f8960ca751,null_anytime,null_calibration,1247,2253204040,16,5000,0.0,0.05,rbf,median,anytime,bonferroni,1,2,False,UNRESOLVED,5000,True,False,False,0.00044137495569884777,0.0,0.18209213411654696,True,True,True,False
8240ef71a34ab25962d8,null_anytime,null_calibration,1248,709724248,16,5000,0.0,0.05,rbf,median,anytime,bonferroni,1,2,False,UNRESOLVED,5000,True,False,False,0.0004995419876649976,0.0,0.18209213411654696,True,True,True,False
c9a1ac7c263ea3c1f63e,null_anytime,null_calibration,1249,2983301906,16,5000,0.0,0.05,rbf,median,anytime,bonferroni,1,2,False,UNRESOLVED,5000,True,False,False,0.0004999159718863666,0.0,0.18209213411654696,True,True,True,False
c363be02991493a8742c,null_anytime,null_calibration,1250,1237904616,16,5000,0.0,0.05,rbf,median,anytime,bonferroni,1,2,False,UNRESOLVED,5000,True,False,False,0.0004124169936403632,0.0,0.18209213411654696,True,True,True,False
124095624c7722975bc0,null_anytime,null_calibration,1251,4155420194,16,5000,0.0,0.05,rbf,median,anytime,bonferroni,1,2,False,UNRESOLVED,5000,True,False,False,0.00040179200004786253,0.0,0.18209213411654696,True,True,True,False
ad6ca2b86f5838f54d58,null_anytime,null_calibration,1252,1708310765,16,5000,0.0,0.05,rbf,median,anytime,bonferroni,1,2,False,UNRESOLVED,5000,True,False,False,0.00039954198291525245,0.0,0.18209213411654696,True,True,True,False
c2a065820a0c9bb0d0d6,null_anytime,null_calibration,1253,1866957623,16,5000,0.0,0.05,rbf,median,anytime,bonferroni,1,2,False,UNRESOLVED,5000,True,False,False,0.0003975830040872097,0.0,0.18209213411654696,True,True,True,False
0949060c0f50e4d98d7d,null_anytime,null_calibration,1254,3342034663,16,5000,0.0,0.05,rbf,median,anytime,bonferroni,1,2,False,UNRESOLVED,5000,True,False,False,0.00039716705214232206,0.0,0.18209213411654696,True,True,True,False
2af4f79f85d288c5c44d,null_anytime,null_calibration,1255,776332285,16,5000,0.0,0.05,rbf,median,anytime,bonferroni,1,2,False,UNRESOLVED,5000,True,False,False,0.0003957920125685632,0.0,0.18209213411654696,True,True,True,False
bd33d9003098e78f6277,null_anytime,null_calibration,1256,199963234,16,5000,0.0,0.05,rbf,median,anytime,bonferroni,1,2,False,UNRESOLVED,5000,True,False,False,0.0003957080189138651,0.0,0.18209213411654696,True,True,True,False
eec42fb6d289dd69165d,null_anytime,null_calibration,1257,3363558142,16,5000,0.0,0.05,rbf,median,anytime,bonferroni,1,2,False,UNRESOLVED,5000,True,False,False,0.0003959159948863089,0.0,0.18209213411654696,True,True,True,False
0bf352aa4516384a573a,null_anytime,null_calibration,1258,3971289340,16,5000,0.0,0.05,rbf,median,anytime,bonferroni,1,2,False,UNRESOLVED,5000,True,False,False,0.000395291019231081,0.0,0.18209213411654696,True,True,True,False
0171e2db329f8ef06eac,null_anytime,null_calibration,1259,2777102448,16,5000,0.0,0.05,rbf,median,anytime,bonferroni,1,2,False,UNRESOLVED,5000,True,False,False,0.0003975830040872097,0.0,0.18209213411654696,True,True,True,False
34473a7592687c60118b,null_anytime,null_calibration,1260,3747404829,16,5000,0.0,0.05,rbf,median,anytime,bonferroni,1,2,False,UNRESOLVED,5000,True,False,False,0.000394541013520211,0.0,0.18209213411654696,True,True,True,False
864782d18bbcfa8e5cee,null_anytime,null_calibration,1261,2331618283,16,5000,0.0,0.05,rbf,median,anytime,bonferroni,1,2,False,UNRESOLVED,5000,True,False,False,0.0003975420258939266,0.0,0.18209213411654696,True,True,True,False
2aa04c6dd3e1d76858b8,null_anytime,null_calibration,1262,4092386709,16,5000,0.0,0.05,rbf,median,anytime,bonferroni,1,2,False,UNRESOLVED,5000,True,False,False,0.00039495801320299506,0.0,0.18209213411654696,True,True,True,False
a28ea1d533fb79305b89,null_anytime,null_calibration,1263,71468363,16,5000,0.0,0.05,rbf,median,anytime,bonferroni,1,2,False,UNRESOLVED,5000,True,False,False,0.00040091597475111485,0.0,0.18209213411654696,True,True,True,False
fc229c2bfa82458c68fe,null_anytime,null_calibration,1264,871607629,16,5000,0.0,0.05,rbf,median,anytime,bonferroni,1,2,False,UNRESOLVED,5000,True,False,False,0.0003970410325564444,0.0,0.18209213411654696,True,True,True,False
319b003fd383c723c024,null_anytime,null_calibration,1265,956790863,16,5000,0.0,0.05,rbf,median,anytime,bonferroni,1,2,False,UNRESOLVED,5000,True,False,False,0.0003973339917138219,0.0,0.18209213411654696,True,True,True,False
04d192c11724cf424399,null_anytime,null_calibration,1266,2778484785,16,5000,0.0,0.05,rbf,median,anytime,bonferroni,1,2,False,UNRESOLVED,5000,True,False,False,0.000396332994569093,0.0,0.18209213411654696,True,True,True,False
8f2039fa03911ac6a2ab,null_anytime,null_calibration,1267,3102183720,16,5000,0.0,0.05,rbf,median,anytime,bonferroni,1,2,False,UNRESOLVED,5000,True,False,False,0.00039470900082960725,0.0,0.18209213411654696,True,True,True,False
96e52171bc18bfc84a43,null_anytime,null_calibration,1268,3368870799,16,5000,0.0,0.05,rbf,median,anytime,bonferroni,1,2,False,UNRESOLVED,5000,True,False,False,0.00039558298885822296,0.0,0.18209213411654696,True,True,True,False
de2b3cdeaf01fdd361a7,null_anytime,null_calibration,1269,1241670291,16,5000,0.0,0.05,rbf,median,anytime,bonferroni,1,2,False,UNRESOLVED,5000,True,False,False,0.0003979589673690498,0.0,0.18209213411654696,True,True,True,False
4bbb165509642ba31c4e,null_anytime,null_calibration,1270,3668195721,16,5000,0.0,0.05,rbf,median,anytime,bonferroni,1,2,False,UNRESOLVED,5000,True,False,False,0.0003935829736292362,0.0,0.18209213411654696,True,True,True,False
9202754d16cf71e81f1d,null_anytime,null_calibration,1271,1740383959,16,5000,0.0,0.05,rbf,median,anytime,bonferroni,1,2,False,UNRESOLVED,5000,True,False,False,0.000401749974116683,0.0,0.18209213411654696,True,True,True,False
b319c1c0a68388665b74,null_anytime,null_calibration,1272,1999698944,16,5000,0.0,0.05,rbf,median,anytime,bonferroni,1,2,False,UNRESOLVED,5000,True,False,False,0.000395249982830137,0.0,0.18209213411654696,True,True,True,False
a48a193a623690961ca0,null_anytime,null_calibration,1273,812517643,16,5000,0.0,0.05,rbf,median,anytime,bonferroni,1,2,False,UNRESOLVED,5000,True,False,False,0.0003934170235879719,0.0,0.18209213411654696,True,True,True,False
173cd72ff261b742671e,null_anytime,null_calibration,1274,2712250146,16,5000,0.0,0.05,rbf,median,anytime,bonferroni,1,2,False,UNRESOLVED,5000,True,False,False,0.00039420800749212503,0.0,0.18209213411654696,True,True,True,False
babda56773613b118943,null_anytime,null_calibration,1275,3474775459,16,5000,0.0,0.05,rbf,median,anytime,bonferroni,1,2,False,UNRESOLVED,5000,True,False,False,0.00039587501669302583,0.0,0.18209213411654696,True,True,True,False
288bb1485747a0119550,null_anytime,null_calibration,1276,2062830125,16,5000,0.0,0.05,rbf,median,anytime,bonferroni,1,2,False,UNRESOLVED,5000,True,False,False,0.00039599998854100704,0.0,0.18209213411654696,True,True,True,False
5ba50a81645afea6b121,null_anytime,null_calibration,1277,3884466223,16,5000,0.0,0.05,rbf,median,anytime,bonferroni,1,2,False,UNRESOLVED,5000,True,False,False,0.0003968329983763397,0.0,0.18209213411654696,True,True,True,False
23c67249729e5ef6e4d2,null_anytime,null_calibration,1278,2890802852,16,5000,0.0,0.05,rbf,median,anytime,bonferroni,1,2,False,UNRESOLVED,5000,True,False,False,0.00039437500527128577,0.0,0.18209213411654696,True,True,True,False
f474b827f87a3fd68347,null_anytime,null_calibration,1279,1664708480,16,5000,0.0,0.05,rbf,median,anytime,bonferroni,1,2,False,UNRESOLVED,5000,True,False,False,0.0003945830394513905,0.0,0.18209213411654696,True,True,True,False
1d06a2a621a81c56f86c,null_anytime,null_calibration,1280,1190425030,16,5000,0.0,0.05,rbf,median,anytime,bonferroni,1,2,False,UNRESOLVED,5000,True,False,False,0.00039654201827943325,0.0,0.18209213411654696,True,True,True,False
67518e7266f5d505f80f,null_anytime,null_calibration,1281,3596277195,16,5000,0.0,0.05,rbf,median,anytime,bonferroni,1,2,False,UNRESOLVED,5000,True,False,False,0.00039541703881695867,0.0,0.18209213411654696,True,True,True,False
ecf2e1348e35c94799be,null_anytime,null_calibration,1282,1312550334,16,5000,0.0,0.05,rbf,median,anytime,bonferroni,1,2,False,UNRESOLVED,5000,True,False,False,0.00039670796832069755,0.0,0.18209213411654696,True,True,True,False
1c919ac9a5eedeb6c332,null_anytime,null_calibration,1283,4849838,16,5000,0.0,0.05,rbf,median,anytime,bonferroni,1,2,False,UNRESOLVED,5000,True,False,False,0.0003962499904446304,0.0,0.18209213411654696,True,True,True,False
4d27915ea7729bf97081,null_anytime,null_calibration,1284,340941104,16,5000,0.0,0.05,rbf,median,anytime,bonferroni,1,2,False,UNRESOLVED,5000,True,False,False,0.00039970799116417766,0.0,0.18209213411654696,True,True,True,False
76949e52b32c6a5b5646,null_anytime,null_calibration,1285,3894539827,16,5000,0.0,0.05,rbf,median,anytime,bonferroni,1,2,False,UNRESOLVED,5000,True,False,False,0.00039458402898162603,0.0,0.18209213411654696,True,True,True,False
0424d129aee1784f4984,null_anytime,null_calibration,1286,4193645045,16,5000,0.0,0.05,rbf,median,anytime,bonferroni,1,2,False,UNRESOLVED,5000,True,False,False,0.0003944170312024653,0.0,0.18209213411654696,True,True,True,False
4c98b50a8bcc9e1757f6,null_anytime,null_calibration,1287,1554845884,16,5000,0.0,0.05,rbf,median,anytime,bonferroni,1,2,False,UNRESOLVED,5000,True,False,False,0.0005264169885776937,0.0,0.18209213411654696,True,True,True,False
32ec1f538dbc23acae31,null_anytime,null_calibration,1288,1657099660,16,5000,0.0,0.05,rbf,median,anytime,bonferroni,1,2,False,UNRESOLVED,5000,True,False,False,0.0005342500517144799,0.0,0.18209213411654696,True,True,True,False
b7f7ae6eda144d3e0c5d,null_anytime,null_calibration,1289,2197383702,16,5000,0.0,0.05,rbf,median,anytime,bonferroni,1,2,False,UNRESOLVED,5000,True,False,False,0.0004461670177988708,0.0,0.18209213411654696,True,True,True,False
cf155283edc6ceff2573,null_anytime,null_calibration,1290,3018428401,16,5000,0.0,0.05,rbf,median,anytime,bonferroni,1,2,False,UNRESOLVED,5000,True,False,False,0.0004158330266363919,0.0,0.18209213411654696,True,True,True,False
7b6589fcd6d295bc371a,null_anytime,null_calibration,1291,783633958,16,5000,0.0,0.05,rbf,median,anytime,bonferroni,1,2,False,UNRESOLVED,5000,True,False,False,0.0004044999950565398,0.0,0.18209213411654696,True,True,True,False
ff4df05bc40496e55ee1,null_anytime,null_calibration,1292,2191989987,16,5000,0.0,0.05,rbf,median,anytime,bonferroni,1,2,False,UNRESOLVED,5000,True,False,False,0.00040066702058538795,0.0,0.18209213411654696,True,True,True,False
e06cb4fc780b3db4aa1b,null_anytime,null_calibration,1293,877410769,16,5000,0.0,0.05,rbf,median,anytime,bonferroni,1,2,False,UNRESOLVED,5000,True,False,False,0.000405416009016335,0.0,0.18209213411654696,True,True,True,False
3369a8498b0baa2283a8,null_anytime,null_calibration,1294,2534786112,16,5000,0.0,0.05,rbf,median,anytime,bonferroni,1,2,False,UNRESOLVED,5000,True,False,False,0.00039829197339713573,0.0,0.18209213411654696,True,True,True,False
7cee9e478220f4ad1dcd,null_anytime,null_calibration,1295,1802044282,16,5000,0.0,0.05,rbf,median,anytime,bonferroni,1,2,False,UNRESOLVED,5000,True,False,False,0.00039716699393466115,0.0,0.18209213411654696,True,True,True,False
dc98d6c6f3da0487e111,null_anytime,null_calibration,1296,1703851927,16,5000,0.0,0.05,rbf,median,anytime,bonferroni,1,2,False,UNRESOLVED,5000,True,False,False,0.000396332994569093,0.0,0.18209213411654696,True,True,True,False
62912d3f65f2c34c810b,null_anytime,null_calibration,1297,3596777847,16,5000,0.0,0.05,rbf,median,anytime,bonferroni,1,2,False,UNRESOLVED,5000,True,False,False,0.00039591704262420535,0.0,0.18209213411654696,True,True,True,False
f46c460397d81b1a7777,null_anytime,null_calibration,1298,1090665558,16,5000,0.0,0.05,rbf,median,anytime,bonferroni,1,2,False,UNRESOLVED,5000,True,False,False,0.00039662496419623494,0.0,0.18209213411654696,True,True,True,False
69260acdce50aa8e49aa,null_anytime,null_calibration,1299,1455814269,16,5000,0.0,0.05,rbf,median,anytime,bonferroni,1,2,False,UNRESOLVED,5000,True,False,False,0.00039795803604647517,0.0,0.18209213411654696,True,True,True,False
e0120480a9c4cd6226f1,null_anytime,null_calibration,1300,822257428,16,5000,0.0,0.05,rbf,median,anytime,bonferroni,1,2,False,UNRESOLVED,5000,True,False,False,0.00039529200876131654,0.0,0.18209213411654696,True,True,True,False
5237a0cb4f090714d93b,null_anytime,null_calibration,1301,558321150,16,5000,0.0,0.05,rbf,median,anytime,bonferroni,1,2,False,UNRESOLVED,5000,True,False,False,0.00039491697680205107,0.0,0.18209213411654696,True,True,True,False
e4ad0f2f8a3046a9a845,null_anytime,null_calibration,1302,1279423941,16,5000,0.0,0.05,rbf,median,anytime,bonferroni,1,2,False,UNRESOLVED,5000,True,False,False,0.00039533403469249606,0.0,0.18209213411654696,True,True,True,False
9944f2a608a75323ec44,null_anytime,null_calibration,1303,2439120406,16,5000,0.0,0.05,rbf,median,anytime,bonferroni,1,2,False,UNRESOLVED,5000,True,False,False,0.00039608299266546965,0.0,0.18209213411654696,True,True,True,False
7a5aa7fca2a72de791aa,null_anytime,null_calibration,1304,1665920909,16,5000,0.0,0.05,rbf,median,anytime,bonferroni,1,2,False,UNRESOLVED,5000,True,False,False,0.00039424997521564364,0.0,0.18209213411654696,True,True,True,False
2cfd2d05fe0decde2620,null_anytime,null_calibration,1305,3163379646,16,5000,0.0,0.05,rbf,median,anytime,bonferroni,1,2,False,UNRESOLVED,5000,True,False,False,0.0003969169920310378,0.0,0.18209213411654696,True,True,True,False
42bb7733486316222485,null_anytime,null_calibration,1306,580943005,16,5000,0.0,0.05,rbf,median,anytime,bonferroni,1,2,False,UNRESOLVED,5000,True,False,False,0.00039654201827943325,0.0,0.18209213411654696,True,True,True,False
d3f61117f8783da7178c,null_anytime,null_calibration,1307,3676401985,16,5000,0.0,0.05,rbf,median,anytime,bonferroni,1,2,False,UNRESOLVED,5000,True,False,False,0.0003964159986935556,0.0,0.18209213411654696,True,True,True,False
bc270bf0f56846131c5e,null_anytime,null_calibration,1308,2195718300,16,5000,0.0,0.05,rbf,median,anytime,bonferroni,1,2,False,UNRESOLVED,5000,True,False,False,0.0003946250071749091,0.0,0.18209213411654696,True,True,True,False
98bd8cadf84975b77d90,null_anytime,null_calibration,1309,1034028349,16,5000,0.0,0.05,rbf,median,anytime,bonferroni,1,2,False,UNRESOLVED,5000,True,False,False,0.00039550004294142127,0.0,0.18209213411654696,True,True,True,False
2bd0f8a3ce46ac510810,null_anytime,null_calibration,1310,16966280,16,5000,0.0,0.05,rbf,median,anytime,bonferroni,1,2,False,UNRESOLVED,5000,True,False,False,0.0003988330136053264,0.0,0.18209213411654696,True,True,True,False
23329a50fe0b47b96200,null_anytime,null_calibration,1311,4134823460,16,5000,0.0,0.05,rbf,median,anytime,bonferroni,1,2,False,UNRESOLVED,5000,True,False,False,0.0003957919543609023,0.0,0.18209213411654696,True,True,True,False
760917ae67a6583a8193,null_anytime,null_calibration,1312,340754030,16,5000,0.0,0.05,rbf,median,anytime,bonferroni,1,2,False,UNRESOLVED,5000,True,False,False,0.00039470900082960725,0.0,0.18209213411654696,True,True,True,False
606d484bab59c905afe6,null_anytime,null_calibration,1313,2008066823,16,5000,0.0,0.05,rbf,median,anytime,bonferroni,1,2,False,UNRESOLVED,5000,True,False,False,0.0003962080227211118,0.0,0.18209213411654696,True,True,True,False
575efa181edfbb354f78,null_anytime,null_calibration,1314,2430245132,16,5000,0.0,0.05,rbf,median,anytime,bonferroni,1,2,False,UNRESOLVED,5000,True,False,False,0.0003973339917138219,0.0,0.18209213411654696,True,True,True,False
a0da91091079fcf30646,null_anytime,null_calibration,1315,1212869007,16,5000,0.0,0.05,rbf,median,anytime,bonferroni,1,2,False,UNRESOLVED,5000,True,False,False,0.0004027499817311764,0.0,0.18209213411654696,True,True,True,False
c3538c56a7244c9e0868,null_anytime,null_calibration,1316,3260533703,16,5000,0.0,0.05,rbf,median,anytime,bonferroni,1,2,False,UNRESOLVED,5000,True,False,False,0.00040679197991266847,0.0,0.18209213411654696,True,True,True,False
b4e9cb286a44bcfde62a,null_anytime,null_calibration,1317,2606732674,16,5000,0.0,0.05,rbf,median,anytime,bonferroni,1,2,False,UNRESOLVED,5000,True,False,False,0.00039541698060929775,0.0,0.18209213411654696,True,True,True,False
4a6f4ec67d8adcef09e5,null_anytime,null_calibration,1318,3738842794,16,5000,0.0,0.05,rbf,median,anytime,bonferroni,1,2,False,UNRESOLVED,5000,True,False,False,0.0003947080112993717,0.0,0.18209213411654696,True,True,True,False
c9d56a70d86e76cb244b,null_anytime,null_calibration,1319,2267291492,16,5000,0.0,0.05,rbf,median,anytime,bonferroni,1,2,False,UNRESOLVED,5000,True,False,False,0.0003939169691875577,0.0,0.18209213411654696,True,True,True,False
38bfe4ec6ae7f160e32a,null_anytime,null_calibration,1320,2949115517,16,5000,0.0,0.05,rbf,median,anytime,bonferroni,1,2,False,UNRESOLVED,5000,True,False,False,0.00039424997521564364,0.0,0.18209213411654696,True,True,True,False
d4286ddb8e7b1f577503,null_anytime,null_calibration,1321,1604409318,16,5000,0.0,0.05,rbf,median,anytime,bonferroni,1,2,False,UNRESOLVED,5000,True,False,False,0.0003940419992431998,0.0,0.18209213411654696,True,True,True,False
c16ac41a6b686e8d4b18,null_anytime,null_calibration,1322,3078983657,16,5000,0.0,0.05,rbf,median,anytime,bonferroni,1,2,False,UNRESOLVED,5000,True,False,False,0.0003950420068576932,0.0,0.18209213411654696,True,True,True,False
199a4e946323124709e3,null_anytime,null_calibration,1323,409192736,16,5000,0.0,0.05,rbf,median,anytime,bonferroni,1,2,False,UNRESOLVED,5000,True,False,False,0.00039529200876131654,0.0,0.18209213411654696,True,True,True,False
99bb1a4692431ec85d79,null_anytime,null_calibration,1324,134143739,16,5000,0.0,0.05,rbf,median,anytime,bonferroni,1,2,False,UNRESOLVED,5000,True,False,False,0.00039370800368487835,0.0,0.18209213411654696,True,True,True,False
66b9415b05c3bb9380c4,null_anytime,null_calibration,1325,3476414011,16,5000,0.0,0.05,rbf,median,anytime,bonferroni,1,2,False,UNRESOLVED,5000,True,False,False,0.00039374997140839696,0.0,0.18209213411654696,True,True,True,False
00b8fced6512b219a7cc,null_anytime,null_calibration,1326,3199395987,16,5000,0.0,0.05,rbf,median,anytime,bonferroni,1,2,False,UNRESOLVED,5000,True,False,False,0.0004359589656814933,0.0,0.18209213411654696,True,True,True,False
061bb7ed4f95717aebe7,null_anytime,null_calibration,1327,508182040,16,5000,0.0,0.05,rbf,median,anytime,bonferroni,1,2,False,UNRESOLVED,5000,True,False,False,0.00046908401418477297,0.0,0.18209213411654696,True,True,True,False
563cb68cfbfa990fed35,null_anytime,null_calibration,1328,1216511368,16,5000,0.0,0.05,rbf,median,anytime,bonferroni,1,2,False,UNRESOLVED,5000,True,False,False,0.00040841702139005065,0.0,0.18209213411654696,True,True,True,False
b4257612fe2fce17eae1,null_anytime,null_calibration,1329,2852189301,16,5000,0.0,0.05,rbf,median,anytime,bonferroni,1,2,False,UNRESOLVED,5000,True,False,False,0.0005868749576620758,0.0,0.18209213411654696,True,True,True,False
a3e0ebdfae4ca7def108,null_anytime,null_calibration,1330,4266387848,16,5000,0.0,0.05,rbf,median,anytime,bonferroni,1,2,False,UNRESOLVED,5000,True,False,False,0.00042233295971527696,0.0,0.18209213411654696,True,True,True,False
81c3bc5b48ca0f03ab87,null_anytime,null_calibration,1331,3476939799,16,5000,0.0,0.05,rbf,median,anytime,bonferroni,1,2,False,UNRESOLVED,5000,True,False,False,0.0004016250022687018,0.0,0.18209213411654696,True,True,True,False
e9620e2143d307b6dacc,null_anytime,null_calibration,1332,4175593422,16,5000,0.0,0.05,rbf,median,anytime,bonferroni,1,2,False,UNRESOLVED,5000,True,False,False,0.00039891694905236363,0.0,0.18209213411654696,True,True,True,False
4080328c89bb838450dd,null_anytime,null_calibration,1333,3621724670,16,5000,0.0,0.05,rbf,median,anytime,bonferroni,1,2,False,UNRESOLVED,5000,True,False,False,0.00041045801481232047,0.0,0.18209213411654696,True,True,True,False
6927a37f37c7b8a93c52,null_anytime,null_calibration,1334,3401912446,16,5000,0.0,0.05,rbf,median,anytime,bonferroni,1,2,False,UNRESOLVED,5000,True,False,False,0.0003964999923482537,0.0,0.18209213411654696,True,True,True,False
ed876ad0aadf647c706d,null_anytime,null_calibration,1335,2620105590,16,5000,0.0,0.05,rbf,median,anytime,bonferroni,1,2,False,UNRESOLVED,5000,True,False,False,0.0003975830040872097,0.0,0.18209213411654696,True,True,True,False
312d9a097e460a033f84,null_anytime,null_calibration,1336,1030112238,16,5000,0.0,0.05,rbf,median,anytime,bonferroni,1,2,False,UNRESOLVED,5000,True,False,False,0.0003957080189138651,0.0,0.18209213411654696,True,True,True,False
a1684a853ef64b8efb46,null_anytime,null_calibration,1337,630553156,16,5000,0.0,0.05,rbf,median,anytime,bonferroni,1,2,False,UNRESOLVED,5000,True,False,False,0.00039599998854100704,0.0,0.18209213411654696,True,True,True,False
9b47b4778215c8dfe7eb,null_anytime,null_calibration,1338,243638906,16,5000,0.0,0.05,rbf,median,anytime,bonferroni,1,2,False,UNRESOLVED,5000,True,False,False,0.0003957920125685632,0.0,0.18209213411654696,True,True,True,False
4189a33fc8164116e440,null_anytime,null_calibration,1339,3116867632,16,5000,0.0,0.05,rbf,median,anytime,bonferroni,1,2,False,UNRESOLVED,5000,True,False,False,0.0004018329782411456,0.0,0.18209213411654696,True,True,True,False
ee7718066797eaf122e8,null_anytime,null_calibration,1340,84584043,16,5000,0.0,0.05,rbf,median,anytime,bonferroni,1,2,False,UNRESOLVED,5000,True,False,False,0.000396332994569093,0.0,0.18209213411654696,True,True,True,False
cf7c9d72ad84c96f0ae2,null_anytime,null_calibration,1341,4235223385,16,5000,0.0,0.05,rbf,median,anytime,bonferroni,1,2,False,UNRESOLVED,5000,True,False,False,0.0003952909610234201,0.0,0.18209213411654696,True,True,True,False
b30e1a8160780a681f87,null_anytime,null_calibration,1342,1308622605,16,5000,0.0,0.05,rbf,median,anytime,bonferroni,1,2,False,UNRESOLVED,5000,True,False,False,0.00039412500336766243,0.0,0.18209213411654696,True,True,True,False
2f834504d2ec8c8246e7,null_anytime,null_calibration,1343,1214494402,16,5000,0.0,0.05,rbf,median,anytime,bonferroni,1,2,False,UNRESOLVED,5000,True,False,False,0.00039375002961605787,0.0,0.18209213411654696,True,True,True,False
09a3ddfed3e54959ff3d,null_anytime,null_calibration,1344,1620119136,16,5000,0.0,0.05,rbf,median,anytime,bonferroni,1,2,False,UNRESOLVED,5000,True,False,False,0.00039412500336766243,0.0,0.18209213411654696,True,True,True,False
c08ee3beec48e2b37bb1,null_anytime,null_calibration,1345,2596220266,16,5000,0.0,0.05,rbf,median,anytime,bonferroni,1,2,False,UNRESOLVED,5000,True,False,False,0.00039375002961605787,0.0,0.18209213411654696,True,True,True,False
e42bc26c3d5014fb70b0,null_anytime,null_calibration,1346,568756111,16,5000,0.0,0.05,rbf,median,anytime,bonferroni,1,2,False,UNRESOLVED,5000,True,False,False,0.00039433297934010625,0.0,0.18209213411654696,True,True,True,False
b736abd4779345b37ff7,null_anytime,null_calibration,1347,1170254909,16,5000,0.0,0.05,rbf,median,anytime,bonferroni,1,2,False,UNRESOLVED,5000,True,False,False,0.0003928330261260271,0.0,0.18209213411654696,True,True,True,False
eaa9a641fef4ff9caa83,null_anytime,null_calibration,1348,1564777494,16,5000,0.0,0.05,rbf,median,anytime,bonferroni,1,2,False,UNRESOLVED,5000,True,False,False,0.00039491697680205107,0.0,0.18209213411654696,True,True,True,False
bf91dfc7adbbaa4a5671,null_anytime,null_calibration,1349,3881064590,16,5000,0.0,0.05,rbf,median,anytime,bonferroni,1,2,False,UNRESOLVED,5000,True,False,False,0.0003986249794252217,0.0,0.18209213411654696,True,True,True,False
73786fa375b2ff69a299,null_anytime,null_calibration,1350,4071052427,16,5000,0.0,0.05,rbf,median,anytime,bonferroni,1,2,False,UNRESOLVED,5000,True,False,False,0.0003957920125685632,0.0,0.18209213411654696,True,True,True,False
6a9260e63c1bdcaf6c7d,null_anytime,null_calibration,1351,1906356031,16,5000,0.0,0.05,rbf,median,anytime,bonferroni,1,2,False,UNRESOLVED,5000,True,False,False,0.0003957909648306668,0.0,0.18209213411654696,True,True,True,False
136023b3ee85f401e422,null_anytime,null_calibration,1352,3989811422,16,5000,0.0,0.05,rbf,median,anytime,bonferroni,1,2,False,UNRESOLVED,5000,True,False,False,0.0003932919935323298,0.0,0.18209213411654696,True,True,True,False
3b9e06e7e6f106a7f21e,null_anytime,null_calibration,1353,507731483,16,5000,0.0,0.05,rbf,median,anytime,bonferroni,1,2,False,UNRESOLVED,5000,True,False,False,0.0003948340308852494,0.0,0.18209213411654696,True,True,True,False
8524c36bb95293fff91f,null_anytime,null_calibration,1354,1848295840,16,5000,0.0,0.05,rbf,median,anytime,bonferroni,1,2,False,UNRESOLVED,5000,True,False,False,0.00039608299266546965,0.0,0.18209213411654696,True,True,True,False
e8d094cf71d83dfebe93,null_anytime,null_calibration,1355,873000924,16,5000,0.0,0.05,rbf,median,anytime,bonferroni,1,2,False,UNRESOLVED,5000,True,False,False,0.0003929579979740083,0.0,0.18209213411654696,True,True,True,False
05342843a232f02595f7,null_anytime,null_calibration,1356,2589301409,16,5000,0.0,0.05,rbf,median,anytime,bonferroni,1,2,False,UNRESOLVED,5000,True,False,False,0.0003950420068576932,0.0,0.18209213411654696,True,True,True,False
7dee3705b4b6e6c3aff4,null_anytime,null_calibration,1357,3719880482,16,5000,0.0,0.05,rbf,median,anytime,bonferroni,1,2,False,UNRESOLVED,5000,True,False,False,0.00039366702549159527,0.0,0.18209213411654696,True,True,True,False
5dfd95b745e00d1d159a,null_anytime,null_calibration,1358,44767703,16,5000,0.0,0.05,rbf,median,anytime,bonferroni,1,2,False,UNRESOLVED,5000,True,False,False,0.00039433297934010625,0.0,0.18209213411654696,True,True,True,False
fb6a8c58b191a86de703,null_anytime,null_calibration,1359,798411853,16,5000,0.0,0.05,rbf,median,anytime,bonferroni,1,2,False,UNRESOLVED,5000,True,False,False,0.0003938750014640391,0.0,0.18209213411654696,True,True,True,False
e5d6d43f9b1db8a3bf0d,null_anytime,null_calibration,1360,4149771113,16,5000,0.0,0.05,rbf,median,anytime,bonferroni,1,2,False,UNRESOLVED,5000,True,False,False,0.0004119579680263996,0.0,0.18209213411654696,True,True,True,False
61422df2e024c47000a6,null_anytime,null_calibration,1361,2234829576,16,5000,0.0,0.05,rbf,median,anytime,bonferroni,1,2,False,UNRESOLVED,5000,True,False,False,0.00039312499575316906,0.0,0.18209213411654696,True,True,True,False
e45cb69dae140e85e6d3,null_anytime,null_calibration,1362,1869862655,16,5000,0.0,0.05,rbf,median,anytime,bonferroni,1,2,False,UNRESOLVED,5000,True,False,False,0.00039458402898162603,0.0,0.18209213411654696,True,True,True,False
c3cc637ebdeac1508c0e,null_anytime,null_calibration,1363,2892413565,16,5000,0.0,0.05,rbf,median,anytime,bonferroni,1,2,False,UNRESOLVED,5000,True,False,False,0.00039458402898162603,0.0,0.18209213411654696,True,True,True,False
cf0bebb02370ac3bfb22,null_anytime,null_calibration,1364,2269587507,16,5000,0.0,0.05,rbf,median,anytime,bonferroni,1,2,False,UNRESOLVED,5000,True,False,False,0.0003933750558644533,0.0,0.18209213411654696,True,True,True,False
5af2bac7a5c20a763e11,null_anytime,null_calibration,1365,206128412,16,5000,0.0,0.05,rbf,median,anytime,bonferroni,1,2,False,UNRESOLVED,5000,True,False,False,0.0004522500094026327,0.0,0.18209213411654696,True,True,True,False
124b98fe250979db7ccb,null_anytime,null_calibration,1366,2087413452,16,5000,0.0,0.05,rbf,median,anytime,bonferroni,1,2,False,UNRESOLVED,5000,True,False,False,0.0005610419902950525,0.0,0.18209213411654696,True,True,True,False
30de71a6bf083f01c6c1,null_anytime,null_calibration,1367,1083408532,16,5000,0.0,0.05,rbf,median,anytime,bonferroni,1,2,False,UNRESOLVED,5000,True,False,False,0.0004147919826209545,0.0,0.18209213411654696,True,True,True,False
e2978f5aa874397a7cb7,null_anytime,null_calibration,1368,46803939,16,5000,0.0,0.05,rbf,median,anytime,bonferroni,1,2,False,UNRESOLVED,5000,True,False,False,0.00040075002470985055,0.0,0.18209213411654696,True,True,True,False
e13d41af550749e72f7e,null_anytime,null_calibration,1369,2350139236,16,5000,0.0,0.05,rbf,median,anytime,bonferroni,1,2,False,UNRESOLVED,5000,True,False,False,0.0003957920125685632,0.0,0.18209213411654696,True,True,True,False
7976405eab61fdf80ea9,null_anytime,null_calibration,1370,1943038494,16,5000,0.0,0.05,rbf,median,anytime,bonferroni,1,2,False,UNRESOLVED,5000,True,False,False,0.00039587501669302583,0.0,0.18209213411654696,True,True,True,False
1254b8bf9b9f08ed9321,null_anytime,null_calibration,1371,617585907,16,5000,0.0,0.05,rbf,median,anytime,bonferroni,1,2,False,UNRESOLVED,5000,True,False,False,0.0003961669863201678,0.0,0.18209213411654696,True,True,True,False
8805c49dc4640e2d33a6,null_anytime,null_calibration,1372,227920651,16,5000,0.0,0.05,rbf,median,anytime,bonferroni,1,2,False,UNRESOLVED,5000,True,False,False,0.0003963749622926116,0.0,0.18209213411654696,True,True,True,False
1f016690fcfaf861118b,null_anytime,null_calibration,1373,4066731618,16,5000,0.0,0.05,rbf,median,anytime,bonferroni,1,2,False,UNRESOLVED,5000,True,False,False,0.00039566599298268557,0.0,0.18209213411654696,True,True,True,False
588ba8abd6e7cfaa3b6a,null_anytime,null_calibration,1374,257880530,16,5000,0.0,0.05,rbf,median,anytime,bonferroni,1,2,False,UNRESOLVED,5000,True,False,False,0.00039666699012741446,0.0,0.18209213411654696,True,True,True,False
7a5790c2ab90ca1dd1a4,null_anytime,null_calibration,1375,1421567812,16,5000,0.0,0.05,rbf,median,anytime,bonferroni,1,2,False,UNRESOLVED,5000,True,False,False,0.0003922080504707992,0.0,0.18209213411654696,True,True,True,False
a4ecf679687585c5a429,null_anytime,null_calibration,1376,2869224169,16,5000,0.0,0.05,rbf,median,anytime,bonferroni,1,2,False,UNRESOLVED,5000,True,False,False,0.0003947910154238343,0.0,0.18209213411654696,True,True,True,False
bdcdb62b0b7c4eb8d5dd,null_anytime,null_calibration,1377,2379088582,16,5000,0.0,0.05,rbf,median,anytime,bonferroni,1,2,False,UNRESOLVED,5000,True,False,False,0.0003947079530917108,0.0,0.18209213411654696,True,True,True,False
c68af3b3fcd2aeaf4de5,null_anytime,null_calibration,1378,4148455640,16,5000,0.0,0.05,rbf,median,anytime,bonferroni,1,2,False,UNRESOLVED,5000,True,False,False,0.0003962499904446304,0.0,0.18209213411654696,True,True,True,False
ef6d10215425a59dba1c,null_anytime,null_calibration,1379,1261354123,16,5000,0.0,0.05,rbf,median,anytime,bonferroni,1,2,False,UNRESOLVED,5000,True,False,False,0.0003944580093957484,0.0,0.18209213411654696,True,True,True,False
d90258e7b65fe64594c2,null_anytime,null_calibration,1380,299357765,16,5000,0.0,0.05,rbf,median,anytime,bonferroni,1,2,False,UNRESOLVED,5000,True,False,False,0.0003975420258939266,0.0,0.18209213411654696,True,True,True,False
d76e042dd2ca20d7ca55,null_anytime,null_calibration,1381,2888071062,16,5000,0.0,0.05,rbf,median,anytime,bonferroni,1,2,False,UNRESOLVED,5000,True,False,False,0.000394917035009712,0.0,0.18209213411654696,True,True,True,False
5dd3ba8174227b7259a3,null_anytime,null_calibration,1382,873400750,16,5000,0.0,0.05,rbf,median,anytime,bonferroni,1,2,False,UNRESOLVED,5000,True,False,False,0.0003951250109821558,0.0,0.18209213411654696,True,True,True,False
0c0aff43399e38efb62d,null_anytime,null_calibration,1383,3098477917,16,5000,0.0,0.05,rbf,median,anytime,bonferroni,1,2,False,UNRESOLVED,5000,True,False,False,0.00039420899702236056,0.0,0.18209213411654696,True,True,True,False
33024bc25404dab50875,null_anytime,null_calibration,1384,3855930068,16,5000,0.0,0.05,rbf,median,anytime,bonferroni,1,2,False,UNRESOLVED,5000,True,False,False,0.0003976250300183892,0.0,0.18209213411654696,True,True,True,False
7bad06c64e0a8d7dfb63,null_anytime,null_calibration,1385,3196601220,16,5000,0.0,0.05,rbf,median,anytime,bonferroni,1,2,False,UNRESOLVED,5000,True,False,False,0.00039474997902289033,0.0,0.18209213411654696,True,True,True,False
ea3eaf5dea96ce04ce8a,null_anytime,null_calibration,1386,3343683245,16,5000,0.0,0.05,rbf,median,anytime,bonferroni,1,2,False,UNRESOLVED,5000,True,False,False,0.0003968329983763397,0.0,0.18209213411654696,True,True,True,False
193122ff1291ac5ed171,null_anytime,null_calibration,1387,2879759054,16,5000,0.0,0.05,rbf,median,anytime,bonferroni,1,2,False,UNRESOLVED,5000,True,False,False,0.00039545795880258083,0.0,0.18209213411654696,True,True,True,False
55f1f623e9020fc49e47,null_anytime,null_calibration,1388,2298986495,16,5000,0.0,0.05,rbf,median,anytime,bonferroni,1,2,False,UNRESOLVED,5000,True,False,False,0.00039591698441654444,0.0,0.18209213411654696,True,True,True,False
7222f4a890a0de409b7f,null_anytime,null_calibration,1389,2845231098,16,5000,0.0,0.05,rbf,median,anytime,bonferroni,1,2,False,UNRESOLVED,5000,True,False,False,0.00039708404801785946,0.0,0.18209213411654696,True,True,True,False
d83d3184d849b1e71dba,null_anytime,null_calibration,1390,634712078,16,5000,0.0,0.05,rbf,median,anytime,bonferroni,1,2,False,UNRESOLVED,5000,True,False,False,0.0003953329869545996,0.0,0.18209213411654696,True,True,True,False
7170a9886ae9a6f5e2e8,null_anytime,null_calibration,1391,678924235,16,5000,0.0,0.05,rbf,median,anytime,bonferroni,1,2,False,UNRESOLVED,5000,True,False,False,0.0003945420030504465,0.0,0.18209213411654696,True,True,True,False
1de666cb3eceb77496f1,null_anytime,null_calibration,1392,630745978,16,5000,0.0,0.05,rbf,median,anytime,bonferroni,1,2,False,UNRESOLVED,5000,True,False,False,0.0003940000315196812,0.0,0.18209213411654696,True,True,True,False
65b8d33f4f27c5f37487,null_anytime,null_calibration,1393,2927568831,16,5000,0.0,0.05,rbf,median,anytime,bonferroni,1,2,False,UNRESOLVED,5000,True,False,False,0.0003997500170953572,0.0,0.18209213411654696,True,True,True,False
90e7b82b09c93277bd2f,null_anytime,null_calibration,1394,564081026,16,5000,0.0,0.05,rbf,median,anytime,bonferroni,1,2,False,UNRESOLVED,5000,True,False,False,0.0003950000391341746,0.0,0.18209213411654696,True,True,True,False
34e779d82ac1f43a5e61,null_anytime,null_calibration,1395,3896723005,16,5000,0.0,0.05,rbf,median,anytime,bonferroni,1,2,False,UNRESOLVED,5000,True,False,False,0.00039549998473376036,0.0,0.18209213411654696,True,True,True,False
636585c34f8d48e29c76,null_anytime,null_calibration,1396,1133595808,16,5000,0.0,0.05,rbf,median,anytime,bonferroni,1,2,False,UNRESOLVED,5000,True,False,False,0.0003940000315196812,0.0,0.18209213411654696,True,True,True,False
e43865a1c8ea578db52d,null_anytime,null_calibration,1397,864156353,16,5000,0.0,0.05,rbf,median,anytime,bonferroni,1,2,False,UNRESOLVED,5000,True,False,False,0.000394541013520211,0.0,0.18209213411654696,True,True,True,False
843cd65599e55bd927f8,null_anytime,null_calibration,1398,3391109291,16,5000,0.0,0.05,rbf,median,anytime,bonferroni,1,2,False,UNRESOLVED,5000,True,False,False,0.000396332994569093,0.0,0.18209213411654696,True,True,True,False
595789ec5952d84cba94,null_anytime,null_calibration,1399,2183134760,16,5000,0.0,0.05,rbf,median,anytime,bonferroni,1,2,False,UNRESOLVED,5000,True,False,False,0.00039483298314735293,0.0,0.18209213411654696,True,True,True,False
36212c195004fa02cd77,null_anytime,null_calibration,1400,2000122830,16,5000,0.0,0.05,rbf,median,anytime,bonferroni,1,2,False,UNRESOLVED,5000,True,False,False,0.0003955830470658839,0.0,0.18209213411654696,True,True,True,False
b2a115a03d52be0cc0bc,null_anytime,null_calibration,1401,1956214413,16,5000,0.0,0.05,rbf,median,anytime,bonferroni,1,2,False,UNRESOLVED,5000,True,False,False,0.00039491697680205107,0.0,0.18209213411654696,True,True,True,False
98bbf625d7b06b7531b3,null_anytime,null_calibration,1402,3734689820,16,5000,0.0,0.05,rbf,median,anytime,bonferroni,1,2,False,UNRESOLVED,5000,True,False,False,0.00039420899702236056,0.0,0.18209213411654696,True,True,True,False
e603f1623f8b0c77d9c8,null_anytime,null_calibration,1403,1585902131,16,5000,0.0,0.05,rbf,median,anytime,bonferroni,1,2,False,UNRESOLVED,5000,True,False,False,0.0003951669787056744,0.0,0.18209213411654696,True,True,True,False
cc965020a80fa8289d4c,null_anytime,null_calibration,1404,1768849936,16,5000,0.0,0.05,rbf,median,anytime,bonferroni,1,2,False,UNRESOLVED,5000,True,False,False,0.0003945000353269279,0.0,0.18209213411654696,True,True,True,False
92fd2bf12d478a61c469,null_anytime,null_calibration,1405,1105291876,16,5000,0.0,0.05,rbf,median,anytime,bonferroni,1,2,False,UNRESOLVED,5000,True,False,False,0.0004891669959761202,0.0,0.18209213411654696,True,True,True,False
597f6823538f5c21c6c6,null_anytime,null_calibration,1406,1431847396,16,5000,0.0,0.05,rbf,median,anytime,bonferroni,1,2,False,UNRESOLVED,5000,True,False,False,0.0005927919992245734,0.0,0.18209213411654696,True,True,True,False
d830c060cac923d83474,null_anytime,null_calibration,1407,190686336,16,5000,0.0,0.05,rbf,median,anytime,bonferroni,1,2,False,UNRESOLVED,5000,True,False,False,0.0004109170404262841,0.0,0.18209213411654696,True,True,True,False
965c7fed80860d146394,null_anytime,null_calibration,1408,2258231283,16,5000,0.0,0.05,rbf,median,anytime,bonferroni,1,2,False,UNRESOLVED,5000,True,False,False,0.000398874981328845,0.0,0.18209213411654696,True,True,True,False
e49efbd9851d4bec4917,null_anytime,null_calibration,1409,3965002365,16,5000,0.0,0.05,rbf,median,anytime,bonferroni,1,2,False,UNRESOLVED,5000,True,False,False,0.0003974999999627471,0.0,0.18209213411654696,True,True,True,False
007a6d3c4f53fbc42ef5,null_anytime,null_calibration,1410,1902576841,16,5000,0.0,0.05,rbf,median,anytime,bonferroni,1,2,False,UNRESOLVED,5000,True,False,False,0.0003971249680034816,0.0,0.18209213411654696,True,True,True,False
f3caba56fc7849b33ee1,null_anytime,null_calibration,1411,1899960784,16,5000,0.0,0.05,rbf,median,anytime,bonferroni,1,2,False,UNRESOLVED,5000,True,False,False,0.0004202499985694885,0.0,0.18209213411654696,True,True,True,False
fa71fa32239a7ccd7368,null_anytime,null_calibration,1412,1783000604,16,5000,0.0,0.05,rbf,median,anytime,bonferroni,1,2,False,UNRESOLVED,5000,True,False,False,0.00039741600630804896,0.0,0.18209213411654696,True,True,True,False
0dea008b4100d645b2ab,null_anytime,null_calibration,1413,1607573848,16,5000,0.0,0.05,rbf,median,anytime,bonferroni,1,2,False,UNRESOLVED,5000,True,False,False,0.00039549998473376036,0.0,0.18209213411654696,True,True,True,False
bb2e89e12e28cc95fff5,null_anytime,null_calibration,1414,1046473057,16,5000,0.0,0.05,rbf,median,anytime,bonferroni,1,2,False,UNRESOLVED,5000,True,False,False,0.0003940419992431998,0.0,0.18209213411654696,True,True,True,False
9d052529ce440ed20277,null_anytime,null_calibration,1415,2800205877,16,5000,0.0,0.05,rbf,median,anytime,bonferroni,1,2,False,UNRESOLVED,5000,True,False,False,0.00039733300218358636,0.0,0.18209213411654696,True,True,True,False
9fdc0991a1c2047096f3,null_anytime,null_calibration,1416,1325282665,16,5000,0.0,0.05,rbf,median,anytime,bonferroni,1,2,False,UNRESOLVED,5000,True,False,False,0.0003938750014640391,0.0,0.18209213411654696,True,True,True,False
fa94d050b16133d39184,null_anytime,null_calibration,1417,738778740,16,5000,0.0,0.05,rbf,median,anytime,bonferroni,1,2,False,UNRESOLVED,5000,True,False,False,0.0003940829774364829,0.0,0.18209213411654696,True,True,True,False
b96ecf2ad6eff1bc1015,null_anytime,null_calibration,1418,2817051555,16,5000,0.0,0.05,rbf,median,anytime,bonferroni,1,2,False,UNRESOLVED,5000,True,False,False,0.0004065000102855265,0.0,0.18209213411654696,True,True,True,False
26c698c6f34280af1ec9,null_anytime,null_calibration,1419,2072548489,16,5000,0.0,0.05,rbf,median,anytime,bonferroni,1,2,False,UNRESOLVED,5000,True,False,False,0.00039787497371435165,0.0,0.18209213411654696,True,True,True,False
51682a8ec7e9bba11b22,null_anytime,null_calibration,1420,2515337229,16,5000,0.0,0.05,rbf,median,anytime,bonferroni,1,2,False,UNRESOLVED,5000,True,False,False,0.00039350002771243453,0.0,0.18209213411654696,True,True,True,False
f45ab2ba42d2f76baef1,null_anytime,null_calibration,1421,1425736440,16,5000,0.0,0.05,rbf,median,anytime,bonferroni,1,2,False,UNRESOLVED,5000,True,False,False,0.000395291019231081,0.0,0.18209213411654696,True,True,True,False
a8fadf983d02d15a5310,null_anytime,null_calibration,1422,3146100606,16,5000,0.0,0.05,rbf,median,anytime,bonferroni,1,2,False,UNRESOLVED,5000,True,False,False,0.0003961669863201678,0.0,0.18209213411654696,True,True,True,False
a27e3969f34e0aeb3563,null_anytime,null_calibration,1423,4277999183,16,5000,0.0,0.05,rbf,median,anytime,bonferroni,1,2,False,UNRESOLVED,5000,True,False,False,0.00039425003342330456,0.0,0.18209213411654696,True,True,True,False
e5c8b82fa355c0755d6a,null_anytime,null_calibration,1424,2415628531,16,5000,0.0,0.05,rbf,median,anytime,bonferroni,1,2,False,UNRESOLVED,5000,True,False,False,0.0003960409667342901,0.0,0.18209213411654696,True,True,True,False
81f4856b286fbada3f80,null_anytime,null_calibration,1425,2692420161,16,5000,0.0,0.05,rbf,median,anytime,bonferroni,1,2,False,UNRESOLVED,5000,True,False,False,0.0003946669748984277,0.0,0.18209213411654696,True,True,True,False
f8ef10e498532525092a,null_anytime,null_calibration,1426,1938555128,16,5000,0.0,0.05,rbf,median,anytime,bonferroni,1,2,False,UNRESOLVED,5000,True,False,False,0.00039366696728393435,0.0,0.18209213411654696,True,True,True,False
1ccc51d590a776fd2c3c,null_anytime,null_calibration,1427,1728079417,16,5000,0.0,0.05,rbf,median,anytime,bonferroni,1,2,False,UNRESOLVED,5000,True,False,False,0.00039908301550894976,0.0,0.18209213411654696,True,True,True,False
c392a7c370256fbce857,null_anytime,null_calibration,1428,1826606820,16,5000,0.0,0.05,rbf,median,anytime,bonferroni,1,2,False,UNRESOLVED,5000,True,False,False,0.000398124975617975,0.0,0.18209213411654696,True,True,True,False
d7cdfca41b304e5a5465,null_anytime,null_calibration,1429,3622215763,16,5000,0.0,0.05,rbf,median,anytime,bonferroni,1,2,False,UNRESOLVED,5000,True,False,False,0.00039604102494195104,0.0,0.18209213411654696,True,True,True,False
d718957378e5a6be842b,null_anytime,null_calibration,1430,1766173385,16,5000,0.0,0.05,rbf,median,anytime,bonferroni,1,2,False,UNRESOLVED,5000,True,False,False,0.0003946669748984277,0.0,0.18209213411654696,True,True,True,False
2538b1d02926a0d4aebf,null_anytime,null_calibration,1431,3310578846,16,5000,0.0,0.05,rbf,median,anytime,bonferroni,1,2,False,UNRESOLVED,5000,True,False,False,0.00039412500336766243,0.0,0.18209213411654696,True,True,True,False
47532898f134173e8aa2,null_anytime,null_calibration,1432,3709583665,16,5000,0.0,0.05,rbf,median,anytime,bonferroni,1,2,False,UNRESOLVED,5000,True,False,False,0.0003951250109821558,0.0,0.18209213411654696,True,True,True,False
93f8940e6f4560ecbce1,null_anytime,null_calibration,1433,2306967166,16,5000,0.0,0.05,rbf,median,anytime,bonferroni,1,2,False,UNRESOLVED,5000,True,False,False,0.00039612501859664917,0.0,0.18209213411654696,True,True,True,False
a27b3f09831709629769,null_anytime,null_calibration,1434,1881017890,16,5000,0.0,0.05,rbf,median,anytime,bonferroni,1,2,False,UNRESOLVED,5000,True,False,False,0.0003955420106649399,0.0,0.18209213411654696,True,True,True,False
d9b3a590208dbcd09a3b,null_anytime,null_calibration,1435,4271890070,16,5000,0.0,0.05,rbf,median,anytime,bonferroni,1,2,False,UNRESOLVED,5000,True,False,False,0.0003938750014640391,0.0,0.18209213411654696,True,True,True,False
9b5dc7913272d6e3d230,null_anytime,null_calibration,1436,3701255218,16,5000,0.0,0.05,rbf,median,anytime,bonferroni,1,2,False,UNRESOLVED,5000,True,False,False,0.0003944589989259839,0.0,0.18209213411654696,True,True,True,False
924a703064aa6898530d,null_anytime,null_calibration,1437,1309845938,16,5000,0.0,0.05,rbf,median,anytime,bonferroni,1,2,False,UNRESOLVED,5000,True,False,False,0.0003957499866373837,0.0,0.18209213411654696,True,True,True,False
44b22652303c13fac0af,null_anytime,null_calibration,1438,3545353249,16,5000,0.0,0.05,rbf,median,anytime,bonferroni,1,2,False,UNRESOLVED,5000,True,False,False,0.00039425003342330456,0.0,0.18209213411654696,True,True,True,False
0b89d03405e1e6a4f51b,null_anytime,null_calibration,1439,1186488180,16,5000,0.0,0.05,rbf,median,anytime,bonferroni,1,2,False,UNRESOLVED,5000,True,False,False,0.0003952080151066184,0.0,0.18209213411654696,True,True,True,False
47a6025c515049428d4b,null_anytime,null_calibration,1440,1194258225,16,5000,0.0,0.05,rbf,median,anytime,bonferroni,1,2,False,UNRESOLVED,5000,True,False,False,0.0003947080112993717,0.0,0.18209213411654696,True,True,True,False
28bc47fde659ce6909a8,null_anytime,null_calibration,1441,2349510593,16,5000,0.0,0.05,rbf,median,anytime,bonferroni,1,2,False,UNRESOLVED,5000,True,False,False,0.0003982910420745611,0.0,0.18209213411654696,True,True,True,False
0fa689c68b313012e47f,null_anytime,null_calibration,1442,3794134078,16,5000,0.0,0.05,rbf,median,anytime,bonferroni,1,2,False,UNRESOLVED,5000,True,False,False,0.00039587501669302583,0.0,0.18209213411654696,True,True,True,False
945a769f8ab815b83192,null_anytime,null_calibration,1443,1732960402,16,5000,0.0,0.05,rbf,median,anytime,bonferroni,1,2,False,UNRESOLVED,5000,True,False,False,0.0003951250109821558,0.0,0.18209213411654696,True,True,True,False
f442b80074a338e8546d,null_anytime,null_calibration,1444,356941837,16,5000,0.0,0.05,rbf,median,anytime,bonferroni,1,2,False,UNRESOLVED,5000,True,False,False,0.0004478750051930547,0.0,0.18209213411654696,True,True,True,False
2225fa58c959f0407ca8,null_anytime,null_calibration,1445,3599161899,16,5000,0.0,0.05,rbf,median,anytime,bonferroni,1,2,False,UNRESOLVED,5000,True,False,False,0.0005168330390006304,0.0,0.18209213411654696,True,True,True,False
c19ebc855c8462e27e91,null_anytime,null_calibration,1446,2025630931,16,5000,0.0,0.05,rbf,median,anytime,bonferroni,1,2,False,UNRESOLVED,5000,True,False,False,0.0005822079838253558,0.0,0.18209213411654696,True,True,True,False
485a16eabe13e4ca73e8,null_anytime,null_calibration,1447,1963479837,16,5000,0.0,0.05,rbf,median,anytime,bonferroni,1,2,False,UNRESOLVED,5000,True,False,False,0.0005083330324850976,0.0,0.18209213411654696,True,True,True,False
8e5b79b1a99b0d048ad8,null_anytime,null_calibration,1448,2923493805,16,5000,0.0,0.05,rbf,median,anytime,bonferroni,1,2,False,UNRESOLVED,5000,True,False,False,0.00048454198986291885,0.0,0.18209213411654696,True,True,True,False
21e584c92ff5d79c3de6,null_anytime,null_calibration,1449,686469856,16,5000,0.0,0.05,rbf,median,anytime,bonferroni,1,2,False,UNRESOLVED,5000,True,False,False,0.0004799999878741801,0.0,0.18209213411654696,True,True,True,False
2b5b0beb130ef8ad97bf,null_anytime,null_calibration,1450,2561967896,16,5000,0.0,0.05,rbf,median,anytime,bonferroni,1,2,False,UNRESOLVED,5000,True,False,False,0.00048337498446926475,0.0,0.18209213411654696,True,True,True,False
b3d50c8206ee46ba871d,null_anytime,null_calibration,1451,3283174460,16,5000,0.0,0.05,rbf,median,anytime,bonferroni,1,2,False,UNRESOLVED,5000,True,False,False,0.00048091699136421084,0.0,0.18209213411654696,True,True,True,False
6980ebb285d9dda1212e,null_anytime,null_calibration,1452,1915497369,16,5000,0.0,0.05,rbf,median,anytime,bonferroni,1,2,False,UNRESOLVED,5000,True,False,False,0.0004771669628098607,0.0,0.18209213411654696,True,True,True,False
1c99c70a72b48488ea69,null_anytime,null_calibration,1453,3868865305,16,5000,0.0,0.05,rbf,median,anytime,bonferroni,1,2,False,UNRESOLVED,5000,True,False,False,0.00048204202903434634,0.0,0.18209213411654696,True,True,True,False
38ac29116fea922674c5,null_anytime,null_calibration,1454,371116509,16,5000,0.0,0.05,rbf,median,anytime,bonferroni,1,2,False,UNRESOLVED,5000,True,False,False,0.00048287498066201806,0.0,0.18209213411654696,True,True,True,False
eeccb0c4dfb7084f4c47,null_anytime,null_calibration,1455,978678987,16,5000,0.0,0.05,rbf,median,anytime,bonferroni,1,2,False,UNRESOLVED,5000,True,False,False,0.00048408302245661616,0.0,0.18209213411654696,True,True,True,False
62c5fd9c586e3fc209d3,null_anytime,null_calibration,1456,125981956,16,5000,0.0,0.05,rbf,median,anytime,bonferroni,1,2,False,UNRESOLVED,5000,True,False,False,0.0004788339720107615,0.0,0.18209213411654696,True,True,True,False
af14dc1ea741fc2e21b9,null_anytime,null_calibration,1457,430022916,16,5000,0.0,0.05,rbf,median,anytime,bonferroni,1,2,False,UNRESOLVED,5000,True,False,False,0.0004760419833473861,0.0,0.18209213411654696,True,True,True,False
261018d5f613ccfb6cc1,null_anytime,null_calibration,1458,2032707128,16,5000,0.0,0.05,rbf,median,anytime,bonferroni,1,2,False,UNRESOLVED,5000,True,False,False,0.0005031659966334701,0.0,0.18209213411654696,True,True,True,False
55f52281c688eca9f27f,null_anytime,null_calibration,1459,1392684539,16,5000,0.0,0.05,rbf,median,anytime,bonferroni,1,2,False,UNRESOLVED,5000,True,False,False,0.0004907089751213789,0.0,0.18209213411654696,True,True,True,False
40067c82a936e532b734,null_anytime,null_calibration,1460,3186909412,16,5000,0.0,0.05,rbf,median,anytime,bonferroni,1,2,False,UNRESOLVED,5000,True,False,False,0.000499458983540535,0.0,0.18209213411654696,True,True,True,False
939db8d8a3ff15a36cea,null_anytime,null_calibration,1461,3171806100,16,5000,0.0,0.05,rbf,median,anytime,bonferroni,1,2,False,UNRESOLVED,5000,True,False,False,0.0005709169781766832,0.0,0.18209213411654696,True,True,True,False
4305fe5082e70b8443bf,null_anytime,null_calibration,1462,2439867721,16,5000,0.0,0.05,rbf,median,anytime,bonferroni,1,2,False,UNRESOLVED,5000,True,False,False,0.0005811669980175793,0.0,0.18209213411654696,True,True,True,False
9a7cf9fa2f651d41e086,null_anytime,null_calibration,1463,2564938146,16,5000,0.0,0.05,rbf,median,anytime,bonferroni,1,2,False,UNRESOLVED,5000,True,False,False,0.0005322499782778323,0.0,0.18209213411654696,True,True,True,False
d1f8c1b396edf9a3ab84,null_anytime,null_calibration,1464,1292857905,16,5000,0.0,0.05,rbf,median,anytime,bonferroni,1,2,False,UNRESOLVED,5000,True,False,False,0.0005382500239647925,0.0,0.18209213411654696,True,True,True,False
f4ed31ea3b54dfab1441,null_anytime,null_calibration,1465,394942758,16,5000,0.0,0.05,rbf,median,anytime,bonferroni,1,2,False,UNRESOLVED,5000,True,False,False,0.0005948329926468432,0.0,0.18209213411654696,True,True,True,False
998726caec6a5ee02f36,null_anytime,null_calibration,1466,40626471,16,5000,0.0,0.05,rbf,median,anytime,bonferroni,1,2,False,UNRESOLVED,5000,True,False,False,0.0005121660069562495,0.0,0.18209213411654696,True,True,True,False
78c348141e2a5a985a92,null_anytime,null_calibration,1467,136022057,16,5000,0.0,0.05,rbf,median,anytime,bonferroni,1,2,False,UNRESOLVED,5000,True,False,False,0.0004986249841749668,0.0,0.18209213411654696,True,True,True,False
dfa48245852f9562f9dc,null_anytime,null_calibration,1468,4083532851,16,5000,0.0,0.05,rbf,median,anytime,bonferroni,1,2,False,UNRESOLVED,5000,True,False,False,0.0004951669834554195,0.0,0.18209213411654696,True,True,True,False
b0106a3af20ab9d48697,null_anytime,null_calibration,1469,566092808,16,5000,0.0,0.05,rbf,median,anytime,bonferroni,1,2,False,UNRESOLVED,5000,True,False,False,0.00042220804607495666,0.0,0.18209213411654696,True,True,True,False
0b1f7d1ffe65a00fa106,null_anytime,null_calibration,1470,1463277936,16,5000,0.0,0.05,rbf,median,anytime,bonferroni,1,2,False,UNRESOLVED,5000,True,False,False,0.0004111669841222465,0.0,0.18209213411654696,True,True,True,False
0c711780a111aad78e0d,null_anytime,null_calibration,1471,463481508,16,5000,0.0,0.05,rbf,median,anytime,bonferroni,1,2,False,UNRESOLVED,5000,True,False,False,0.00040454103145748377,0.0,0.18209213411654696,True,True,True,False
bb5f1fed9e42a1665312,null_anytime,null_calibration,1472,365462045,16,5000,0.0,0.05,rbf,median,anytime,bonferroni,1,2,False,UNRESOLVED,5000,True,False,False,0.0003982500056736171,0.0,0.18209213411654696,True,True,True,False
cbcf2694c073f5d16d98,null_anytime,null_calibration,1473,1239377438,16,5000,0.0,0.05,rbf,median,anytime,bonferroni,1,2,False,UNRESOLVED,5000,True,False,False,0.000398166012018919,0.0,0.18209213411654696,True,True,True,False
cce27fc6c1f704711333,null_anytime,null_calibration,1474,877436877,16,5000,0.0,0.05,rbf,median,anytime,bonferroni,1,2,False,UNRESOLVED,5000,True,False,False,0.00039724999805912375,0.0,0.18209213411654696,True,True,True,False
eb8b5a679e40a5df2a28,null_anytime,null_calibration,1475,3277613366,16,5000,0.0,0.05,rbf,median,anytime,bonferroni,1,2,False,UNRESOLVED,5000,True,False,False,0.00039829197339713573,0.0,0.18209213411654696,True,True,True,False
cd60d6b2bf97a76308a3,null_anytime,null_calibration,1476,460381036,16,5000,0.0,0.05,rbf,median,anytime,bonferroni,1,2,False,UNRESOLVED,5000,True,False,False,0.00039879203541204333,0.0,0.18209213411654696,True,True,True,False
5707cfc46abdd8fe7237,null_anytime,null_calibration,1477,3162643624,16,5000,0.0,0.05,rbf,median,anytime,bonferroni,1,2,False,UNRESOLVED,5000,True,False,False,0.00039674999425187707,0.0,0.18209213411654696,True,True,True,False
7e62b6fc5ecfa3ad2e90,null_anytime,null_calibration,1478,2147591036,16,5000,0.0,0.05,rbf,median,anytime,bonferroni,1,2,False,UNRESOLVED,5000,True,False,False,0.00039708404801785946,0.0,0.18209213411654696,True,True,True,False
9d9ec8023674ebffa0cb,null_anytime,null_calibration,1479,668853575,16,5000,0.0,0.05,rbf,median,anytime,bonferroni,1,2,False,UNRESOLVED,5000,True,False,False,0.0004012910067103803,0.0,0.18209213411654696,True,True,True,False
4896d272570bce732225,null_anytime,null_calibration,1480,166457688,16,5000,0.0,0.05,rbf,median,anytime,bonferroni,1,2,False,UNRESOLVED,5000,True,False,False,0.00039729097625240684,0.0,0.18209213411654696,True,True,True,False
0946f428f29530c8d389,null_anytime,null_calibration,1481,2735369570,16,5000,0.0,0.05,rbf,median,anytime,bonferroni,1,2,False,UNRESOLVED,5000,True,False,False,0.0003970409743487835,0.0,0.18209213411654696,True,True,True,False
e14d679941bd4d71e78f,null_anytime,null_calibration,1482,2892329485,16,5000,0.0,0.05,rbf,median,anytime,bonferroni,1,2,False,UNRESOLVED,5000,True,False,False,0.00039712502621114254,0.0,0.18209213411654696,True,True,True,False
a5bbdc3da452d0ce44c8,null_anytime,null_calibration,1483,1509957512,16,5000,0.0,0.05,rbf,median,anytime,bonferroni,1,2,False,UNRESOLVED,5000,True,False,False,0.00039599998854100704,0.0,0.18209213411654696,True,True,True,False
ff33e2c3f52b3c59f248,null_anytime,null_calibration,1484,4104050373,16,5000,0.0,0.05,rbf,median,anytime,bonferroni,1,2,False,UNRESOLVED,5000,True,False,False,0.0003954159910790622,0.0,0.18209213411654696,True,True,True,False
d2fd468c856d08700532,null_anytime,null_calibration,1485,1538986563,16,5000,0.0,0.05,rbf,median,anytime,bonferroni,1,2,False,UNRESOLVED,5000,True,False,False,0.0004004999645985663,0.0,0.18209213411654696,True,True,True,False
8fee99b9c7f566545770,null_anytime,null_calibration,1486,1049182767,16,5000,0.0,0.05,rbf,median,anytime,bonferroni,1,2,False,UNRESOLVED,5000,True,False,False,0.0003968750243075192,0.0,0.18209213411654696,True,True,True,False
99613497c5f10d741226,null_anytime,null_calibration,1487,2794844407,16,5000,0.0,0.05,rbf,median,anytime,bonferroni,1,2,False,UNRESOLVED,5000,True,False,False,0.0003959160530939698,0.0,0.18209213411654696,True,True,True,False
10d22518f7d06680774f,null_anytime,null_calibration,1488,3149542108,16,5000,0.0,0.05,rbf,median,anytime,bonferroni,1,2,False,UNRESOLVED,5000,True,False,False,0.0003962080227211118,0.0,0.18209213411654696,True,True,True,False
1b29e1ed4b2fef41dcf6,null_anytime,null_calibration,1489,1920382018,16,5000,0.0,0.05,rbf,median,anytime,bonferroni,1,2,False,UNRESOLVED,5000,True,False,False,0.0003958329907618463,0.0,0.18209213411654696,True,True,True,False
761ac1fb482730b636fe,null_anytime,null_calibration,1490,4061701425,16,5000,0.0,0.05,rbf,median,anytime,bonferroni,1,2,False,UNRESOLVED,5000,True,False,False,0.0003947910154238343,0.0,0.18209213411654696,True,True,True,False
1f2af56bc0a93db7fca6,null_anytime,null_calibration,1491,2926427728,16,5000,0.0,0.05,rbf,median,anytime,bonferroni,1,2,False,UNRESOLVED,5000,True,False,False,0.0003965410287491977,0.0,0.18209213411654696,True,True,True,False
96d0619079497ecd9797,null_anytime,null_calibration,1492,4195516381,16,5000,0.0,0.05,rbf,median,anytime,bonferroni,1,2,False,UNRESOLVED,5000,True,False,False,0.00039658299647271633,0.0,0.18209213411654696,True,True,True,False
c19d3e5cbfc768333b06,null_anytime,null_calibration,1493,1471664493,16,5000,0.0,0.05,rbf,median,anytime,bonferroni,1,2,False,UNRESOLVED,5000,True,False,False,0.00039545801701024175,0.0,0.18209213411654696,True,True,True,False
50c8280478ab6459cb6e,null_anytime,null_calibration,1494,1969989098,16,5000,0.0,0.05,rbf,median,anytime,bonferroni,1,2,False,UNRESOLVED,5000,True,False,False,0.00039491604547947645,0.0,0.18209213411654696,True,True,True,False
2484f43ccfb410292efa,null_anytime,null_calibration,1495,2416537782,16,5000,0.0,0.05,rbf,median,anytime,bonferroni,1,2,False,UNRESOLVED,5000,True,False,False,0.0003956660511903465,0.0,0.18209213411654696,True,True,True,False
2e97d406bf0dacdf5362,null_anytime,null_calibration,1496,3732907261,16,5000,0.0,0.05,rbf,median,anytime,bonferroni,1,2,False,UNRESOLVED,5000,True,False,False,0.00039662496419623494,0.0,0.18209213411654696,True,True,True,False
c252c95012b06b44c025,null_anytime,null_calibration,1497,1947321158,16,5000,0.0,0.05,rbf,median,anytime,bonferroni,1,2,False,UNRESOLVED,5000,True,False,False,0.0003954590065404773,0.0,0.18209213411654696,True,True,True,False
01224115f2e486680c2a,null_anytime,null_calibration,1498,4048034266,16,5000,0.0,0.05,rbf,median,anytime,bonferroni,1,2,False,UNRESOLVED,5000,True,False,False,0.00039358402136713266,0.0,0.18209213411654696,True,True,True,False
bf5d6e443d9a9d6ed4e5,null_anytime,null_calibration,1499,3900727527,16,5000,0.0,0.05,rbf,median,anytime,bonferroni,1,2,False,UNRESOLVED,5000,True,False,False,0.00039554102113470435,0.0,0.18209213411654696,True,True,True,False
669b9cef378c63d82be1,null_anytime,null_calibration,1500,3927081386,16,5000,0.0,0.05,rbf,median,anytime,bonferroni,1,2,False,UNRESOLVED,5000,True,False,False,0.00039895903319120407,0.0,0.18209213411654696,True,True,True,False
c20c20e1415ad0a53e9c,null_anytime,null_calibration,1501,4220965496,16,5000,0.0,0.05,rbf,median,anytime,bonferroni,1,2,False,UNRESOLVED,5000,True,False,False,0.0003947080112993717,0.0,0.18209213411654696,True,True,True,False
eeed5bc9735a34a329fb,null_anytime,null_calibration,1502,4101550035,16,5000,0.0,0.05,rbf,median,anytime,bonferroni,1,2,False,UNRESOLVED,5000,True,False,False,0.0003945000353269279,0.0,0.18209213411654696,True,True,True,False
6ef4a241cbf86806a5dc,null_anytime,null_calibration,1503,3128309499,16,5000,0.0,0.05,rbf,median,anytime,bonferroni,1,2,False,UNRESOLVED,5000,True,False,False,0.00039583398029208183,0.0,0.18209213411654696,True,True,True,False
19b06ffbab0f266ff147,null_anytime,null_calibration,1504,48176121,16,5000,0.0,0.05,rbf,median,anytime,bonferroni,1,2,False,UNRESOLVED,5000,True,False,False,0.0003955420106649399,0.0,0.18209213411654696,True,True,True,False
679431bdec8b1f038180,null_anytime,null_calibration,1505,3019581268,16,5000,0.0,0.05,rbf,median,anytime,bonferroni,1,2,False,UNRESOLVED,5000,True,False,False,0.00039362499956041574,0.0,0.18209213411654696,True,True,True,False
449dd6243654ddb9bc62,null_anytime,null_calibration,1506,1033012471,16,5000,0.0,0.05,rbf,median,anytime,bonferroni,1,2,False,UNRESOLVED,5000,True,False,False,0.0003957079607062042,0.0,0.18209213411654696,True,True,True,False
b928b95eb712f593ec60,null_anytime,null_calibration,1507,3166544767,16,5000,0.0,0.05,rbf,median,anytime,bonferroni,1,2,False,UNRESOLVED,5000,True,False,False,0.0003955420106649399,0.0,0.18209213411654696,True,True,True,False
cae1104ca6484f89b9fd,null_anytime,null_calibration,1508,1138504438,16,5000,0.0,0.05,rbf,median,anytime,bonferroni,1,2,False,UNRESOLVED,5000,True,False,False,0.00039666600059717894,0.0,0.18209213411654696,True,True,True,False
2397b386904b3b138573,null_anytime,null_calibration,1509,2193214310,16,5000,0.0,0.05,rbf,median,anytime,bonferroni,1,2,False,UNRESOLVED,5000,True,False,False,0.0003986249794252217,0.0,0.18209213411654696,True,True,True,False
1f6d724a97714faefe86,null_anytime,null_calibration,1510,3442986474,16,5000,0.0,0.05,rbf,median,anytime,bonferroni,1,2,False,UNRESOLVED,5000,True,False,False,0.0003947910154238343,0.0,0.18209213411654696,True,True,True,False
44db0bd2f34b09ee97e6,null_anytime,null_calibration,1511,4284035565,16,5000,0.0,0.05,rbf,median,anytime,bonferroni,1,2,False,UNRESOLVED,5000,True,False,False,0.00039366702549159527,0.0,0.18209213411654696,True,True,True,False
c5377a307c2c15eccb89,null_anytime,null_calibration,1512,3403225798,16,5000,0.0,0.05,rbf,median,anytime,bonferroni,1,2,False,UNRESOLVED,5000,True,False,False,0.0003945420030504465,0.0,0.18209213411654696,True,True,True,False
577cd854771ff95cb23f,null_anytime,null_calibration,1513,1246198263,16,5000,0.0,0.05,rbf,median,anytime,bonferroni,1,2,False,UNRESOLVED,5000,True,False,False,0.00039604201447218657,0.0,0.18209213411654696,True,True,True,False
e18d7ccfbc9359bce32f,null_anytime,null_calibration,1514,2310388923,16,5000,0.0,0.05,rbf,median,anytime,bonferroni,1,2,False,UNRESOLVED,5000,True,False,False,0.000394917035009712,0.0,0.18209213411654696,True,True,True,False
a84ee2c2367f7b73bfad,null_anytime,null_calibration,1515,3952015719,16,5000,0.0,0.05,rbf,median,anytime,bonferroni,1,2,False,UNRESOLVED,5000,True,False,False,0.000395249982830137,0.0,0.18209213411654696,True,True,True,False
402c557cdb4ff732bb0c,null_anytime,null_calibration,1516,2236523392,16,5000,0.0,0.05,rbf,median,anytime,bonferroni,1,2,False,UNRESOLVED,5000,True,False,False,0.0004515000036917627,0.0,0.18209213411654696,True,True,True,False
357a16833ea079634c16,null_anytime,null_calibration,1517,634108364,16,5000,0.0,0.05,rbf,median,anytime,bonferroni,1,2,False,UNRESOLVED,5000,True,False,False,0.0005499580292962492,0.0,0.18209213411654696,True,True,True,False
9ac2db3e00bbc049d355,null_anytime,null_calibration,1518,939236897,16,5000,0.0,0.05,rbf,median,anytime,bonferroni,1,2,False,UNRESOLVED,5000,True,False,False,0.0005067919846624136,0.0,0.18209213411654696,True,True,True,False
6c9956a08cedfdda0e02,null_anytime,null_calibration,1519,2243617763,16,5000,0.0,0.05,rbf,median,anytime,bonferroni,1,2,False,UNRESOLVED,5000,True,False,False,0.0005170410149730742,0.0,0.18209213411654696,True,True,True,False
2ac3e1fbc345d6d84f2a,null_anytime,null_calibration,1520,2778321751,16,5000,0.0,0.05,rbf,median,anytime,bonferroni,1,2,False,UNRESOLVED,5000,True,False,False,0.0004925000248476863,0.0,0.18209213411654696,True,True,True,False
7894db32496fd054a4c8,null_anytime,null_calibration,1521,589381563,16,5000,0.0,0.05,rbf,median,anytime,bonferroni,1,2,False,UNRESOLVED,5000,True,False,False,0.0005432500038295984,0.0,0.18209213411654696,True,True,True,False
675b5b9ee3f8ef1502e4,null_anytime,null_calibration,1522,4076135816,16,5000,0.0,0.05,rbf,median,anytime,bonferroni,1,2,False,UNRESOLVED,5000,True,False,False,0.0004282089648768306,0.0,0.18209213411654696,True,True,True,False
3789d53706aae7bfa1ac,null_anytime,null_calibration,1523,3706888021,16,5000,0.0,0.05,rbf,median,anytime,bonferroni,1,2,False,UNRESOLVED,5000,True,False,False,0.0004859580076299608,0.0,0.18209213411654696,True,True,True,False
981819ccadc7e1ca06d2,null_anytime,null_calibration,1524,601063186,16,5000,0.0,0.05,rbf,median,anytime,bonferroni,1,2,False,UNRESOLVED,5000,True,False,False,0.0004052080330438912,0.0,0.18209213411654696,True,True,True,False
e4955ee142fa7a0cba53,null_anytime,null_calibration,1525,2970596798,16,5000,0.0,0.05,rbf,median,anytime,bonferroni,1,2,False,UNRESOLVED,5000,True,False,False,0.00041079201037064195,0.0,0.18209213411654696,True,True,True,False
6df71372f3ae7f6ac5ef,null_anytime,null_calibration,1526,2214565900,16,5000,0.0,0.05,rbf,median,anytime,bonferroni,1,2,False,UNRESOLVED,5000,True,False,False,0.00047258398262783885,0.0,0.18209213411654696,True,True,True,False
e1ddd9e7fd024fa6c081,null_anytime,null_calibration,1527,796977319,16,5000,0.0,0.05,rbf,median,anytime,bonferroni,1,2,False,UNRESOLVED,5000,True,False,False,0.00047916697803884745,0.0,0.18209213411654696,True,True,True,False
5522a694d1565ace00f4,null_anytime,null_calibration,1528,3592246516,16,5000,0.0,0.05,rbf,median,anytime,bonferroni,1,2,False,UNRESOLVED,5000,True,False,False,0.00041562505066394806,0.0,0.18209213411654696,True,True,True,False
8035b3b6815fd00b7773,null_anytime,null_calibration,1529,3171886598,16,5000,0.0,0.05,rbf,median,anytime,bonferroni,1,2,False,UNRESOLVED,5000,True,False,False,0.0004034999874420464,0.0,0.18209213411654696,True,True,True,False
6d450da9965adb1b0ac2,null_anytime,null_calibration,1530,2712981973,16,5000,0.0,0.05,rbf,median,anytime,bonferroni,1,2,False,UNRESOLVED,5000,True,False,False,0.00040083302883431315,0.0,0.18209213411654696,True,True,True,False
d2933e7d51311930d6b4,null_anytime,null_calibration,1531,1093200094,16,5000,0.0,0.05,rbf,median,anytime,bonferroni,1,2,False,UNRESOLVED,5000,True,False,False,0.0003997089806944132,0.0,0.18209213411654696,True,True,True,False
68803fac1afd42150d71,null_anytime,null_calibration,1532,3481522402,16,5000,0.0,0.05,rbf,median,anytime,bonferroni,1,2,False,UNRESOLVED,5000,True,False,False,0.0004022080102004111,0.0,0.18209213411654696,True,True,True,False
d55f92fed9b52b7cffaa,null_anytime,null_calibration,1533,882877415,16,5000,0.0,0.05,rbf,median,anytime,bonferroni,1,2,False,UNRESOLVED,5000,True,False,False,0.00039620796451345086,0.0,0.18209213411654696,True,True,True,False
c947127f1f9d02064b29,null_anytime,null_calibration,1534,1026123787,16,5000,0.0,0.05,rbf,median,anytime,bonferroni,1,2,False,UNRESOLVED,5000,True,False,False,0.00039733300218358636,0.0,0.18209213411654696,True,True,True,False
e62a1aecbb8c1f391458,null_anytime,null_calibration,1535,3643677209,16,5000,0.0,0.05,rbf,median,anytime,bonferroni,1,2,False,UNRESOLVED,5000,True,False,False,0.0003964999923482537,0.0,0.18209213411654696,True,True,True,False
69b661721677145d2a61,null_anytime,null_calibration,1536,660370259,16,5000,0.0,0.05,rbf,median,anytime,bonferroni,1,2,False,UNRESOLVED,5000,True,False,False,0.0003962499904446304,0.0,0.18209213411654696,True,True,True,False
39ac84a8b9f7a4616e0e,null_anytime,null_calibration,1537,1828411485,16,5000,0.0,0.05,rbf,median,anytime,bonferroni,1,2,False,UNRESOLVED,5000,True,False,False,0.0003957499866373837,0.0,0.18209213411654696,True,True,True,False
90a2e6f16f484019baa9,null_anytime,null_calibration,1538,770329703,16,5000,0.0,0.05,rbf,median,anytime,bonferroni,1,2,False,UNRESOLVED,5000,True,False,False,0.0003993749851360917,0.0,0.18209213411654696,True,True,True,False
201b7ca8c6780f2fb9f1,null_anytime,null_calibration,1539,2676979650,16,5000,0.0,0.05,rbf,median,anytime,bonferroni,1,2,False,UNRESOLVED,5000,True,False,False,0.00039724999805912375,0.0,0.18209213411654696,True,True,True,False
1826f723b6b685082f59,null_anytime,null_calibration,1540,2976270505,16,5000,0.0,0.05,rbf,median,anytime,bonferroni,1,2,False,UNRESOLVED,5000,True,False,False,0.0003946250071749091,0.0,0.18209213411654696,True,True,True,False
44b9f5f1d9bf73eb40c3,null_anytime,null_calibration,1541,2824139110,16,5000,0.0,0.05,rbf,median,anytime,bonferroni,1,2,False,UNRESOLVED,5000,True,False,False,0.00039533397648483515,0.0,0.18209213411654696,True,True,True,False
f13f95f28329af01b302,null_anytime,null_calibration,1542,1373844184,16,5000,0.0,0.05,rbf,median,anytime,bonferroni,1,2,False,UNRESOLVED,5000,True,False,False,0.00039541698060929775,0.0,0.18209213411654696,True,True,True,False
2611e48e538ee1079d59,null_anytime,null_calibration,1543,58523779,16,5000,0.0,0.05,rbf,median,anytime,bonferroni,1,2,False,UNRESOLVED,5000,True,False,False,0.0003956250147894025,0.0,0.18209213411654696,True,True,True,False
c508b0ac20186e8a1ae6,null_anytime,null_calibration,1544,2900914537,16,5000,0.0,0.05,rbf,median,anytime,bonferroni,1,2,False,UNRESOLVED,5000,True,False,False,0.0003937919973395765,0.0,0.18209213411654696,True,True,True,False
a35081e357396308b1e6,null_anytime,null_calibration,1545,1309105094,16,5000,0.0,0.05,rbf,median,anytime,bonferroni,1,2,False,UNRESOLVED,5000,True,False,False,0.00040900002932175994,0.0,0.18209213411654696,True,True,True,False
5884582fdcac18bd8dbb,null_anytime,null_calibration,1546,2970533768,16,5000,0.0,0.05,rbf,median,anytime,bonferroni,1,2,False,UNRESOLVED,5000,True,False,False,0.0003950829850509763,0.0,0.18209213411654696,True,True,True,False
760285f091ed09c39e38,null_anytime,null_calibration,1547,3050689264,16,5000,0.0,0.05,rbf,median,anytime,bonferroni,1,2,False,UNRESOLVED,5000,True,False,False,0.000394499977119267,0.0,0.18209213411654696,True,True,True,False
2c9a97b89869ce4efb24,null_anytime,null_calibration,1548,677771742,16,5000,0.0,0.05,rbf,median,anytime,bonferroni,1,2,False,UNRESOLVED,5000,True,False,False,0.00039612501859664917,0.0,0.18209213411654696,True,True,True,False
266fa6926ed39fef10dc,null_anytime,null_calibration,1549,283497099,16,5000,0.0,0.05,rbf,median,anytime,bonferroni,1,2,False,UNRESOLVED,5000,True,False,False,0.0003969999961555004,0.0,0.18209213411654696,True,True,True,False
212c995a93ad27185312,null_anytime,null_calibration,1550,118232731,16,5000,0.0,0.05,rbf,median,anytime,bonferroni,1,2,False,UNRESOLVED,5000,True,False,False,0.0003963749622926116,0.0,0.18209213411654696,True,True,True,False
8329fd65d1bef441ab27,null_anytime,null_calibration,1551,3916077490,16,5000,0.0,0.05,rbf,median,anytime,bonferroni,1,2,False,UNRESOLVED,5000,True,False,False,0.00039495801320299506,0.0,0.18209213411654696,True,True,True,False
f51b55da469812990fd1,null_anytime,null_calibration,1552,963082049,16,5000,0.0,0.05,rbf,median,anytime,bonferroni,1,2,False,UNRESOLVED,5000,True,False,False,0.0003970409743487835,0.0,0.18209213411654696,True,True,True,False
2d62c397450d14de3ca0,null_anytime,null_calibration,1553,25720623,16,5000,0.0,0.05,rbf,median,anytime,bonferroni,1,2,False,UNRESOLVED,5000,True,False,False,0.0003979589673690498,0.0,0.18209213411654696,True,True,True,False
aa1e5d0df80d282d2431,null_anytime,null_calibration,1554,2087130507,16,5000,0.0,0.05,rbf,median,anytime,bonferroni,1,2,False,UNRESOLVED,5000,True,False,False,0.0005305840168148279,0.0,0.18209213411654696,True,True,True,False
56ca67557133021f7a09,null_anytime,null_calibration,1555,1351054005,16,5000,0.0,0.05,rbf,median,anytime,bonferroni,1,2,False,UNRESOLVED,5000,True,False,False,0.0005214999546296895,0.0,0.18209213411654696,True,True,True,False
212ec01bcaf6ea9f3d3e,null_anytime,null_calibration,1556,729847412,16,5000,0.0,0.05,rbf,median,anytime,bonferroni,1,2,False,UNRESOLVED,5000,True,False,False,0.0004985409905202687,0.0,0.18209213411654696,True,True,True,False
39496cb42b8b308a142a,null_anytime,null_calibration,1557,3792212887,16,5000,0.0,0.05,rbf,median,anytime,bonferroni,1,2,False,UNRESOLVED,5000,True,False,False,0.0004301249864511192,0.0,0.18209213411654696,True,True,True,False
76ae7c53531737c1f025,null_anytime,null_calibration,1558,3296775595,16,5000,0.0,0.05,rbf,median,anytime,bonferroni,1,2,False,UNRESOLVED,5000,True,False,False,0.0004057080368511379,0.0,0.18209213411654696,True,True,True,False
b29ed9e66e16880af5d9,null_anytime,null_calibration,1559,1407094842,16,5000,0.0,0.05,rbf,median,anytime,bonferroni,1,2,False,UNRESOLVED,5000,True,False,False,0.0004018329782411456,0.0,0.18209213411654696,True,True,True,False
d67bf320f3c3cacbfc9d,null_anytime,null_calibration,1560,3015265901,16,5000,0.0,0.05,rbf,median,anytime,bonferroni,1,2,False,UNRESOLVED,5000,True,False,False,0.00040625000838190317,0.0,0.18209213411654696,True,True,True,False
c62383dd6a0b61104595,null_anytime,null_calibration,1561,1646560372,16,5000,0.0,0.05,rbf,median,anytime,bonferroni,1,2,False,UNRESOLVED,5000,True,False,False,0.00040016701677814126,0.0,0.18209213411654696,True,True,True,False
804814fb353b48172d84,null_anytime,null_calibration,1562,4260330017,16,5000,0.0,0.05,rbf,median,anytime,bonferroni,1,2,False,UNRESOLVED,5000,True,False,False,0.00039558298885822296,0.0,0.18209213411654696,True,True,True,False
84c27ce798c55b4878fa,null_anytime,null_calibration,1563,2757514292,16,5000,0.0,0.05,rbf,median,anytime,bonferroni,1,2,False,UNRESOLVED,5000,True,False,False,0.00039670802652835846,0.0,0.18209213411654696,True,True,True,False
114282e5160e03575d78,null_anytime,null_calibration,1564,2562780111,16,5000,0.0,0.05,rbf,median,anytime,bonferroni,1,2,False,UNRESOLVED,5000,True,False,False,0.000395291019231081,0.0,0.18209213411654696,True,True,True,False
7881add834e1da013461,null_anytime,null_calibration,1565,866922458,16,5000,0.0,0.05,rbf,median,anytime,bonferroni,1,2,False,UNRESOLVED,5000,True,False,False,0.0003957500448450446,0.0,0.18209213411654696,True,True,True,False
7d721e077d62735ca005,null_anytime,null_calibration,1566,3045052627,16,5000,0.0,0.05,rbf,median,anytime,bonferroni,1,2,False,UNRESOLVED,5000,True,False,False,0.0003965409705415368,0.0,0.18209213411654696,True,True,True,False
310faa41ac9a6dcd0e8a,null_anytime,null_calibration,1567,573002277,16,5000,0.0,0.05,rbf,median,anytime,bonferroni,1,2,False,UNRESOLVED,5000,True,False,False,0.0005002499674446881,0.0,0.18209213411654696,True,True,True,False
c952b7a1d685e7a7ae62,null_anytime,null_calibration,1568,1530893728,16,5000,0.0,0.05,rbf,median,anytime,bonferroni,1,2,False,UNRESOLVED,5000,True,False,False,0.00041691603837534785,0.0,0.18209213411654696,True,True,True,False
29bb4c6ff22180e0697b,null_anytime,null_calibration,1569,3429904579,16,5000,0.0,0.05,rbf,median,anytime,bonferroni,1,2,False,UNRESOLVED,5000,True,False,False,0.000401791010517627,0.0,0.18209213411654696,True,True,True,False
483e8125e7e7be790c43,null_anytime,null_calibration,1570,273347778,16,5000,0.0,0.05,rbf,median,anytime,bonferroni,1,2,False,UNRESOLVED,5000,True,False,False,0.00039908301550894976,0.0,0.18209213411654696,True,True,True,False
8c2351014bab2f5e5cdd,null_anytime,null_calibration,1571,582180153,16,5000,0.0,0.05,rbf,median,anytime,bonferroni,1,2,False,UNRESOLVED,5000,True,False,False,0.0003961669863201678,0.0,0.18209213411654696,True,True,True,False
6c681570dfca1e048765,null_anytime,null_calibration,1572,3391824599,16,5000,0.0,0.05,rbf,median,anytime,bonferroni,1,2,False,UNRESOLVED,5000,True,False,False,0.0003984590293839574,0.0,0.18209213411654696,True,True,True,False
c02a4ee3a2efa8e50e0c,null_anytime,null_calibration,1573,170691839,16,5000,0.0,0.05,rbf,median,anytime,bonferroni,1,2,False,UNRESOLVED,5000,True,False,False,0.00039674999425187707,0.0,0.18209213411654696,True,True,True,False
47889cc0314e80897498,null_anytime,null_calibration,1574,2313207917,16,5000,0.0,0.05,rbf,median,anytime,bonferroni,1,2,False,UNRESOLVED,5000,True,False,False,0.00039604102494195104,0.0,0.18209213411654696,True,True,True,False
6d57f63fb61c9f00f92a,null_anytime,null_calibration,1575,634775317,16,5000,0.0,0.05,rbf,median,anytime,bonferroni,1,2,False,UNRESOLVED,5000,True,False,False,0.00039779202779754996,0.0,0.18209213411654696,True,True,True,False
b77866eb6be9b60dffb2,null_anytime,null_calibration,1576,3345015435,16,5000,0.0,0.05,rbf,median,anytime,bonferroni,1,2,False,UNRESOLVED,5000,True,False,False,0.0003993329592049122,0.0,0.18209213411654696,True,True,True,False
b93ea4e0d9ede26fa627,null_anytime,null_calibration,1577,700824132,16,5000,0.0,0.05,rbf,median,anytime,bonferroni,1,2,False,UNRESOLVED,5000,True,False,False,0.00039437500527128577,0.0,0.18209213411654696,True,True,True,False
858f2e40bda3f2c758a9,null_anytime,null_calibration,1578,914405398,16,5000,0.0,0.05,rbf,median,anytime,bonferroni,1,2,False,UNRESOLVED,5000,True,False,False,0.00039612501859664917,0.0,0.18209213411654696,True,True,True,False
994058531fed6d6663bb,null_anytime,null_calibration,1579,1878192877,16,5000,0.0,0.05,rbf,median,anytime,bonferroni,1,2,False,UNRESOLVED,5000,True,False,False,0.00039629096863791347,0.0,0.18209213411654696,True,True,True,False
fe0d012d840ba1e6065c,null_anytime,null_calibration,1580,2311253169,16,5000,0.0,0.05,rbf,median,anytime,bonferroni,1,2,False,UNRESOLVED,5000,True,False,False,0.0003969160025008023,0.0,0.18209213411654696,True,True,True,False
907fe3e54f52ce1362d3,null_anytime,null_calibration,1581,3973488095,16,5000,0.0,0.05,rbf,median,anytime,bonferroni,1,2,False,UNRESOLVED,5000,True,False,False,0.00039470900082960725,0.0,0.18209213411654696,True,True,True,False
2f272e26fe54244f1067,null_anytime,null_calibration,1582,3014448132,16,5000,0.0,0.05,rbf,median,anytime,bonferroni,1,2,False,UNRESOLVED,5000,True,False,False,0.00039679103065282106,0.0,0.18209213411654696,True,True,True,False
46efa6be3663a3018876,null_anytime,null_calibration,1583,3828474846,16,5000,0.0,0.05,rbf,median,anytime,bonferroni,1,2,False,UNRESOLVED,5000,True,False,False,0.00039458402898162603,0.0,0.18209213411654696,True,True,True,False
6fb1b66ea609716ff5c3,null_anytime,null_calibration,1584,4005444227,16,5000,0.0,0.05,rbf,median,anytime,bonferroni,1,2,False,UNRESOLVED,5000,True,False,False,0.0003938750014640391,0.0,0.18209213411654696,True,True,True,False
8c14f222c6fd29db841e,null_anytime,null_calibration,1585,4104358725,16,5000,0.0,0.05,rbf,median,anytime,bonferroni,1,2,False,UNRESOLVED,5000,True,False,False,0.00039549998473376036,0.0,0.18209213411654696,True,True,True,False
d422b51dc2179882c7b0,null_anytime,null_calibration,1586,2340469223,16,5000,0.0,0.05,rbf,median,anytime,bonferroni,1,2,False,UNRESOLVED,5000,True,False,False,0.00039633404230698943,0.0,0.18209213411654696,True,True,True,False
eb5cf33fb6723011c99b,null_anytime,null_calibration,1587,3874438978,16,5000,0.0,0.05,rbf,median,anytime,bonferroni,1,2,False,UNRESOLVED,5000,True,False,False,0.00039716699393466115,0.0,0.18209213411654696,True,True,True,False
7a86327a1cbad1be02f1,null_anytime,null_calibration,1588,3960656525,16,5000,0.0,0.05,rbf,median,anytime,bonferroni,1,2,False,UNRESOLVED,5000,True,False,False,0.0004000829649157822,0.0,0.18209213411654696,True,True,True,False
a8aa53e45d12ac4d2f44,null_anytime,null_calibration,1589,3396885567,16,5000,0.0,0.05,rbf,median,anytime,bonferroni,1,2,False,UNRESOLVED,5000,True,False,False,0.00039779196958988905,0.0,0.18209213411654696,True,True,True,False
75ce553b755939904088,null_anytime,null_calibration,1590,2791798482,16,5000,0.0,0.05,rbf,median,anytime,bonferroni,1,2,False,UNRESOLVED,5000,True,False,False,0.00039612501859664917,0.0,0.18209213411654696,True,True,True,False
4a4824120005cdca9e65,null_anytime,null_calibration,1591,826602822,16,5000,0.0,0.05,rbf,median,anytime,bonferroni,1,2,False,UNRESOLVED,5000,True,False,False,0.00039474997902289033,0.0,0.18209213411654696,True,True,True,False
068bf264e842a8af5a60,null_anytime,null_calibration,1592,1282362429,16,5000,0.0,0.05,rbf,median,anytime,bonferroni,1,2,False,UNRESOLVED,5000,True,False,False,0.0003984590293839574,0.0,0.18209213411654696,True,True,True,False
42581a4c3611307fd9a9,null_anytime,null_calibration,1593,549308187,16,5000,0.0,0.05,rbf,median,anytime,bonferroni,1,2,False,UNRESOLVED,5000,True,False,False,0.00039674999425187707,0.0,0.18209213411654696,True,True,True,False
194d56b36204ac0945f1,null_anytime,null_calibration,1594,954160340,16,5000,0.0,0.05,rbf,median,anytime,bonferroni,1,2,False,UNRESOLVED,5000,True,False,False,0.0003958329907618463,0.0,0.18209213411654696,True,True,True,False
70cb7cb6b75cda12c61e,null_anytime,null_calibration,1595,1156532313,16,5000,0.0,0.05,rbf,median,anytime,bonferroni,1,2,False,UNRESOLVED,5000,True,False,False,0.0003969999961555004,0.0,0.18209213411654696,True,True,True,False
86f34fe007493e326934,null_anytime,null_calibration,1596,954278955,16,5000,0.0,0.05,rbf,median,anytime,bonferroni,1,2,False,UNRESOLVED,5000,True,False,False,0.00039491598727181554,0.0,0.18209213411654696,True,True,True,False
d88670bc321a16f5fbc0,null_anytime,null_calibration,1597,1998612384,16,5000,0.0,0.05,rbf,median,anytime,bonferroni,1,2,False,UNRESOLVED,5000,True,False,False,0.0003956669825129211,0.0,0.18209213411654696,True,True,True,False
1e95f537845b8f7da574,null_anytime,null_calibration,1598,3359230691,16,5000,0.0,0.05,rbf,median,anytime,bonferroni,1,2,False,UNRESOLVED,5000,True,False,False,0.0004075830220244825,0.0,0.18209213411654696,True,True,True,False
356ffe30c0e7e74b56f3,null_anytime,null_calibration,1599,979033603,16,5000,0.0,0.05,rbf,median,anytime,bonferroni,1,2,False,UNRESOLVED,5000,True,False,False,0.0003947080112993717,0.0,0.18209213411654696,True,True,True,False
428c4a277868e83faf35,null_anytime,null_calibration,1600,3038032158,16,5000,0.0,0.05,rbf,median,anytime,bonferroni,1,2,False,UNRESOLVED,5000,True,False,False,0.0003950000391341746,0.0,0.18209213411654696,True,True,True,False
6bd84ecd802fcd6a3014,null_anytime,null_calibration,1601,1823185415,16,5000,0.0,0.05,rbf,median,anytime,bonferroni,1,2,False,UNRESOLVED,5000,True,False,False,0.0003962089540436864,0.0,0.18209213411654696,True,True,True,False
15b35efc9d8341cec36e,null_anytime,null_calibration,1602,1994669271,16,5000,0.0,0.05,rbf,median,anytime,bonferroni,1,2,False,UNRESOLVED,5000,True,False,False,0.00039412500336766243,0.0,0.18209213411654696,True,True,True,False
241638fb153b587e83b9,null_anytime,null_calibration,1603,4221180938,16,5000,0.0,0.05,rbf,median,anytime,bonferroni,1,2,False,UNRESOLVED,5000,True,False,False,0.00039658398600295186,0.0,0.18209213411654696,True,True,True,False
f391788226c93747e136,null_anytime,null_calibration,1604,3967634713,16,5000,0.0,0.05,rbf,median,anytime,bonferroni,1,2,False,UNRESOLVED,5000,True,False,False,0.0003956250147894025,0.0,0.18209213411654696,True,True,True,False
df91ba81136221d51877,null_anytime,null_calibration,1605,1281945831,16,5000,0.0,0.05,rbf,median,anytime,bonferroni,1,2,False,UNRESOLVED,5000,True,False,False,0.0003944170312024653,0.0,0.18209213411654696,True,True,True,False
11653c9734f92d0040c7,null_anytime,null_calibration,1606,1906067681,16,5000,0.0,0.05,rbf,median,anytime,bonferroni,1,2,False,UNRESOLVED,5000,True,False,False,0.0003956660511903465,0.0,0.18209213411654696,True,True,True,False
5094dd424a6a4e99aed4,null_anytime,null_calibration,1607,2340427805,16,5000,0.0,0.05,rbf,median,anytime,bonferroni,1,2,False,UNRESOLVED,5000,True,False,False,0.00039504101732745767,0.0,0.18209213411654696,True,True,True,False
bb5697daefa217ceb059,null_anytime,null_calibration,1608,1251968708,16,5000,0.0,0.05,rbf,median,anytime,bonferroni,1,2,False,UNRESOLVED,5000,True,False,False,0.0003938750014640391,0.0,0.18209213411654696,True,True,True,False
25963937224902112d82,null_anytime,null_calibration,1609,1423999397,16,5000,0.0,0.05,rbf,median,anytime,bonferroni,1,2,False,UNRESOLVED,5000,True,False,False,0.0003992910496890545,0.0,0.18209213411654696,True,True,True,False
edaf2a856b5788d600db,null_anytime,null_calibration,1610,828736984,16,5000,0.0,0.05,rbf,median,anytime,bonferroni,1,2,False,UNRESOLVED,5000,True,False,False,0.0003962910268455744,0.0,0.18209213411654696,True,True,True,False
fa821e999116188b5650,null_anytime,null_calibration,1611,89855350,16,5000,0.0,0.05,rbf,median,anytime,bonferroni,1,2,False,UNRESOLVED,5000,True,False,False,0.0003959159948863089,0.0,0.18209213411654696,True,True,True,False
6a8437ac76285b800678,null_anytime,null_calibration,1612,3055303611,16,5000,0.0,0.05,rbf,median,anytime,bonferroni,1,2,False,UNRESOLVED,5000,True,False,False,0.0003951250109821558,0.0,0.18209213411654696,True,True,True,False
096d8f72c347666397f8,null_anytime,null_calibration,1613,1681324768,16,5000,0.0,0.05,rbf,median,anytime,bonferroni,1,2,False,UNRESOLVED,5000,True,False,False,0.0003956250147894025,0.0,0.18209213411654696,True,True,True,False
a91db7cd2370d9ac4196,null_anytime,null_calibration,1614,19981079,16,5000,0.0,0.05,rbf,median,anytime,bonferroni,1,2,False,UNRESOLVED,5000,True,False,False,0.0003945830394513905,0.0,0.18209213411654696,True,True,True,False
b4c22d2ccd56b717b122,null_anytime,null_calibration,1615,973357173,16,5000,0.0,0.05,rbf,median,anytime,bonferroni,1,2,False,UNRESOLVED,5000,True,False,False,0.00039466703310608864,0.0,0.18209213411654696,True,True,True,False
eb0ad4b215548530bb32,null_anytime,null_calibration,1616,453200362,16,5000,0.0,0.05,rbf,median,anytime,bonferroni,1,2,False,UNRESOLVED,5000,True,False,False,0.0003955840365961194,0.0,0.18209213411654696,True,True,True,False
3ef921dc6e2de32bbd9b,null_anytime,null_calibration,1617,2673392109,16,5000,0.0,0.05,rbf,median,anytime,bonferroni,1,2,False,UNRESOLVED,5000,True,False,False,0.00039604201447218657,0.0,0.18209213411654696,True,True,True,False
fe773850750c3c25c49c,null_anytime,null_calibration,1618,2410561879,16,5000,0.0,0.05,rbf,median,anytime,bonferroni,1,2,False,UNRESOLVED,5000,True,False,False,0.0003946250071749091,0.0,0.18209213411654696,True,True,True,False
b746fd462b82c25fcfd9,null_anytime,null_calibration,1619,498130471,16,5000,0.0,0.05,rbf,median,anytime,bonferroni,1,2,False,UNRESOLVED,5000,True,False,False,0.00039779103826731443,0.0,0.18209213411654696,True,True,True,False
10d51697735b7072622a,null_anytime,null_calibration,1620,3366916623,16,5000,0.0,0.05,rbf,median,anytime,bonferroni,1,2,False,UNRESOLVED,5000,True,False,False,0.0003953329869545996,0.0,0.18209213411654696,True,True,True,False
3859d28bcd8ff7378a49,null_anytime,null_calibration,1621,7770744,16,5000,0.0,0.05,rbf,median,anytime,bonferroni,1,2,False,UNRESOLVED,5000,True,False,False,0.0003952080151066184,0.0,0.18209213411654696,True,True,True,False
33c55cf5445106e44439,null_anytime,null_calibration,1622,3761211718,16,5000,0.0,0.05,rbf,median,anytime,bonferroni,1,2,False,UNRESOLVED,5000,True,False,False,0.0004111250163987279,0.0,0.18209213411654696,True,True,True,False
464c4f648b7ab319a2eb,null_anytime,null_calibration,1623,314966593,16,5000,0.0,0.05,rbf,median,anytime,bonferroni,1,2,False,UNRESOLVED,5000,True,False,False,0.0003974999999627471,0.0,0.18209213411654696,True,True,True,False
0bdc88b558efe2e86e2c,null_anytime,null_calibration,1624,3625561863,16,5000,0.0,0.05,rbf,median,anytime,bonferroni,1,2,False,UNRESOLVED,5000,True,False,False,0.0003963749622926116,0.0,0.18209213411654696,True,True,True,False
f986f068105de3342a24,null_anytime,null_calibration,1625,1486260587,16,5000,0.0,0.05,rbf,median,anytime,bonferroni,1,2,False,UNRESOLVED,5000,True,False,False,0.0003975830040872097,0.0,0.18209213411654696,True,True,True,False
1e3f1ff41592e6c90e5d,null_anytime,null_calibration,1626,2539265538,16,5000,0.0,0.05,rbf,median,anytime,bonferroni,1,2,False,UNRESOLVED,5000,True,False,False,0.0003962499904446304,0.0,0.18209213411654696,True,True,True,False
86e1d4e5cdf3a25fd0af,null_anytime,null_calibration,1627,2355874269,16,5000,0.0,0.05,rbf,median,anytime,bonferroni,1,2,False,UNRESOLVED,5000,True,False,False,0.00039541698060929775,0.0,0.18209213411654696,True,True,True,False
25ff488a39984001d8d7,null_anytime,null_calibration,1628,175402708,16,5000,0.0,0.05,rbf,median,anytime,bonferroni,1,2,False,UNRESOLVED,5000,True,False,False,0.00039612501859664917,0.0,0.18209213411654696,True,True,True,False
957b8a050ddc023ed5b2,null_anytime,null_calibration,1629,1208276351,16,5000,0.0,0.05,rbf,median,anytime,bonferroni,1,2,False,UNRESOLVED,5000,True,False,False,0.0003956250147894025,0.0,0.18209213411654696,True,True,True,False
98f26290527bd9faf122,null_anytime,null_calibration,1630,207471744,16,5000,0.0,0.05,rbf,median,anytime,bonferroni,1,2,False,UNRESOLVED,5000,True,False,False,0.00039729097625240684,0.0,0.18209213411654696,True,True,True,False
2acec0feffc7a9bd821f,null_anytime,null_calibration,1631,2458535255,16,5000,0.0,0.05,rbf,median,anytime,bonferroni,1,2,False,UNRESOLVED,5000,True,False,False,0.00039491697680205107,0.0,0.18209213411654696,True,True,True,False
7358bdd7a9d39704d104,null_anytime,null_calibration,1632,492805789,16,5000,0.0,0.05,rbf,median,anytime,bonferroni,1,2,False,UNRESOLVED,5000,True,False,False,0.00039479200495406985,0.0,0.18209213411654696,True,True,True,False
19681aa44a41f48fd99a,null_anytime,null_calibration,1633,1036260554,16,5000,0.0,0.05,rbf,median,anytime,bonferroni,1,2,False,UNRESOLVED,5000,True,False,False,0.00039495795499533415,0.0,0.18209213411654696,True,True,True,False
0512c8202d1e8186b530,null_anytime,null_calibration,1634,3531164697,16,5000,0.0,0.05,rbf,median,anytime,bonferroni,1,2,False,UNRESOLVED,5000,True,False,False,0.0003958329907618463,0.0,0.18209213411654696,True,True,True,False
88bc68f90cb42824d032,null_anytime,null_calibration,1635,83926536,16,5000,0.0,0.05,rbf,median,anytime,bonferroni,1,2,False,UNRESOLVED,5000,True,False,False,0.00039587501669302583,0.0,0.18209213411654696,True,True,True,False
782cce9d661d962477b3,null_anytime,null_calibration,1636,762732158,16,5000,0.0,0.05,rbf,median,anytime,bonferroni,1,2,False,UNRESOLVED,5000,True,False,False,0.0003950420068576932,0.0,0.18209213411654696,True,True,True,False
edf04891d86b55f36f2c,null_anytime,null_calibration,1637,2133233559,16,5000,0.0,0.05,rbf,median,anytime,bonferroni,1,2,False,UNRESOLVED,5000,True,False,False,0.00039604201447218657,0.0,0.18209213411654696,True,True,True,False
8631fad2e2856d556842,null_anytime,null_calibration,1638,1670514382,16,5000,0.0,0.05,rbf,median,anytime,bonferroni,1,2,False,UNRESOLVED,5000,True,False,False,0.00039608299266546965,0.0,0.18209213411654696,True,True,True,False
122590203dc8135dc9ec,null_anytime,null_calibration,1639,2164803333,16,5000,0.0,0.05,rbf,median,anytime,bonferroni,1,2,False,UNRESOLVED,5000,True,False,False,0.0003940419992431998,0.0,0.18209213411654696,True,True,True,False
f4efc4076dee7e177177,null_anytime,null_calibration,1640,3590879649,16,5000,0.0,0.05,rbf,median,anytime,bonferroni,1,2,False,UNRESOLVED,5000,True,False,False,0.0003962499904446304,0.0,0.18209213411654696,True,True,True,False
6022000e624fa922938f,null_anytime,null_calibration,1641,2728376323,16,5000,0.0,0.05,rbf,median,anytime,bonferroni,1,2,False,UNRESOLVED,5000,True,False,False,0.00039587501669302583,0.0,0.18209213411654696,True,True,True,False
e60726ab81f36fb8f44f,null_anytime,null_calibration,1642,905402147,16,5000,0.0,0.05,rbf,median,anytime,bonferroni,1,2,False,UNRESOLVED,5000,True,False,False,0.00039541703881695867,0.0,0.18209213411654696,True,True,True,False
bff2a77c4a900fe75865,null_anytime,null_calibration,1643,2171029021,16,5000,0.0,0.05,rbf,median,anytime,bonferroni,1,2,False,UNRESOLVED,5000,True,False,False,0.00039549998473376036,0.0,0.18209213411654696,True,True,True,False
fe455ecf0c52ef2cc7c9,null_anytime,null_calibration,1644,2736698565,16,5000,0.0,0.05,rbf,median,anytime,bonferroni,1,2,False,UNRESOLVED,5000,True,False,False,0.00039487500907853246,0.0,0.18209213411654696,True,True,True,False
3304f693176d3cacf848,null_anytime,null_calibration,1645,2266678940,16,5000,0.0,0.05,rbf,median,anytime,bonferroni,1,2,False,UNRESOLVED,5000,True,False,False,0.00039499998092651367,0.0,0.18209213411654696,True,True,True,False
15ce2a2da6d11367a681,null_anytime,null_calibration,1646,677179368,16,5000,0.0,0.05,rbf,median,anytime,bonferroni,1,2,False,UNRESOLVED,5000,True,False,False,0.00039758399361744523,0.0,0.18209213411654696,True,True,True,False
c5868e80aaa43770341e,null_anytime,null_calibration,1647,2916518728,16,5000,0.0,0.05,rbf,median,anytime,bonferroni,1,2,False,UNRESOLVED,5000,True,False,False,0.0003964999923482537,0.0,0.18209213411654696,True,True,True,False
a11f2b84f84e0850b54d,null_anytime,null_calibration,1648,2089330170,16,5000,0.0,0.05,rbf,median,anytime,bonferroni,1,2,False,UNRESOLVED,5000,True,False,False,0.00039941701106727123,0.0,0.18209213411654696,True,True,True,False
10b415e55d1ab80fdb42,null_anytime,null_calibration,1649,2273169411,16,5000,0.0,0.05,rbf,median,anytime,bonferroni,1,2,False,UNRESOLVED,5000,True,False,False,0.0003969999961555004,0.0,0.18209213411654696,True,True,True,False
d0ef7904b033e1ca0f71,null_anytime,null_calibration,1650,3829849525,16,5000,0.0,0.05,rbf,median,anytime,bonferroni,1,2,False,UNRESOLVED,5000,True,False,False,0.0003968339879065752,0.0,0.18209213411654696,True,True,True,False
73643ccafb75c41d3de6,null_anytime,null_calibration,1651,309944285,16,5000,0.0,0.05,rbf,median,anytime,bonferroni,1,2,False,UNRESOLVED,5000,True,False,False,0.00040075002470985055,0.0,0.18209213411654696,True,True,True,False
5d90987b0db0249ab81a,null_anytime,null_calibration,1652,2153823038,16,5000,0.0,0.05,rbf,median,anytime,bonferroni,1,2,False,UNRESOLVED,5000,True,False,False,0.0003969999961555004,0.0,0.18209213411654696,True,True,True,False
24ea7b9ffcd979f1c406,null_anytime,null_calibration,1653,4140242809,16,5000,0.0,0.05,rbf,median,anytime,bonferroni,1,2,False,UNRESOLVED,5000,True,False,False,0.0003961669863201678,0.0,0.18209213411654696,True,True,True,False
349e0721abe39901e2dc,null_anytime,null_calibration,1654,1504940531,16,5000,0.0,0.05,rbf,median,anytime,bonferroni,1,2,False,UNRESOLVED,5000,True,False,False,0.00039429101161658764,0.0,0.18209213411654696,True,True,True,False
6cc6ee76bf9ae78fdec2,null_anytime,null_calibration,1655,1693233166,16,5000,0.0,0.05,rbf,median,anytime,bonferroni,1,2,False,UNRESOLVED,5000,True,False,False,0.00039733300218358636,0.0,0.18209213411654696,True,True,True,False
87223759dbac95cfbacd,null_anytime,null_calibration,1656,2176092925,16,5000,0.0,0.05,rbf,median,anytime,bonferroni,1,2,False,UNRESOLVED,5000,True,False,False,0.00039470900082960725,0.0,0.18209213411654696,True,True,True,False
bc0ffd78d73df9248294,null_anytime,null_calibration,1657,1819697797,16,5000,0.0,0.05,rbf,median,anytime,bonferroni,1,2,False,UNRESOLVED,5000,True,False,False,0.0003958329907618463,0.0,0.18209213411654696,True,True,True,False
0f08e09d8b50caecf526,null_anytime,null_calibration,1658,183133893,16,5000,0.0,0.05,rbf,median,anytime,bonferroni,1,2,False,UNRESOLVED,5000,True,False,False,0.00040012499084696174,0.0,0.18209213411654696,True,True,True,False
0d122f862d5049c430e5,null_anytime,null_calibration,1659,4210038099,16,5000,0.0,0.05,rbf,median,anytime,bonferroni,1,2,False,UNRESOLVED,5000,True,False,False,0.0003974169958382845,0.0,0.18209213411654696,True,True,True,False
7a5ca69ce302c5a61b74,null_anytime,null_calibration,1660,2842978503,16,5000,0.0,0.05,rbf,median,anytime,bonferroni,1,2,False,UNRESOLVED,5000,True,False,False,0.0003964580246247351,0.0,0.18209213411654696,True,True,True,False
a308ee0652cfbf81d8ff,null_anytime,null_calibration,1661,306958728,16,5000,0.0,0.05,rbf,median,anytime,bonferroni,1,2,False,UNRESOLVED,5000,True,False,False,0.000397083000279963,0.0,0.18209213411654696,True,True,True,False
a37567d1db9b5dd923c3,null_anytime,null_calibration,1662,2102146439,16,5000,0.0,0.05,rbf,median,anytime,bonferroni,1,2,False,UNRESOLVED,5000,True,False,False,0.0003969580284319818,0.0,0.18209213411654696,True,True,True,False
b414e1a429d43e74ba46,null_anytime,null_calibration,1663,3843519088,16,5000,0.0,0.05,rbf,median,anytime,bonferroni,1,2,False,UNRESOLVED,5000,True,False,False,0.0003964159986935556,0.0,0.18209213411654696,True,True,True,False
bed7263e99975df09d4c,null_anytime,null_calibration,1664,1699274805,16,5000,0.0,0.05,rbf,median,anytime,bonferroni,1,2,False,UNRESOLVED,5000,True,False,False,0.0003982500056736171,0.0,0.18209213411654696,True,True,True,False
9a8c33eabbee54afe4de,null_anytime,null_calibration,1665,4285602078,16,5000,0.0,0.05,rbf,median,anytime,bonferroni,1,2,False,UNRESOLVED,5000,True,False,False,0.00039541703881695867,0.0,0.18209213411654696,True,True,True,False
6c2f33dd227497ef7a62,null_anytime,null_calibration,1666,3670418935,16,5000,0.0,0.05,rbf,median,anytime,bonferroni,1,2,False,UNRESOLVED,5000,True,False,False,0.0003963339840993285,0.0,0.18209213411654696,True,True,True,False
2b774340f6621f5b1215,null_anytime,null_calibration,1667,1213885002,16,5000,0.0,0.05,rbf,median,anytime,bonferroni,1,2,False,UNRESOLVED,5000,True,False,False,0.00039616599678993225,0.0,0.18209213411654696,True,True,True,False
e1091d12ce72afb9bcb5,null_anytime,null_calibration,1668,2911252646,16,5000,0.0,0.05,rbf,median,anytime,bonferroni,1,2,False,UNRESOLVED,5000,True,False,False,0.00039604201447218657,0.0,0.18209213411654696,True,True,True,False
11317fc9a8e837b82901,null_anytime,null_calibration,1669,2173989905,16,5000,0.0,0.05,rbf,median,anytime,bonferroni,1,2,False,UNRESOLVED,5000,True,False,False,0.00039758399361744523,0.0,0.18209213411654696,True,True,True,False
9eedf519e45676dd216f,null_anytime,null_calibration,1670,234314497,16,5000,0.0,0.05,rbf,median,anytime,bonferroni,1,2,False,UNRESOLVED,5000,True,False,False,0.0005061670090071857,0.0,0.18209213411654696,True,True,True,False
0f194175efd475d133b0,null_anytime,null_calibration,1671,939791973,16,5000,0.0,0.05,rbf,median,anytime,bonferroni,1,2,False,UNRESOLVED,5000,True,False,False,0.0005456249928101897,0.0,0.18209213411654696,True,True,True,False
86a644298514763fca0f,null_anytime,null_calibration,1672,1511098584,16,5000,0.0,0.05,rbf,median,anytime,bonferroni,1,2,False,UNRESOLVED,5000,True,False,False,0.0005873750196769834,0.0,0.18209213411654696,True,True,True,False
07fd0bc134908005f423,null_anytime,null_calibration,1673,355278433,16,5000,0.0,0.05,rbf,median,anytime,bonferroni,1,2,False,UNRESOLVED,5000,True,False,False,0.0005259590107016265,0.0,0.18209213411654696,True,True,True,False
cad07b457b7786c92c92,null_anytime,null_calibration,1674,2181725543,16,5000,0.0,0.05,rbf,median,anytime,bonferroni,1,2,False,UNRESOLVED,5000,True,False,False,0.0005091670318506658,0.0,0.18209213411654696,True,True,True,False
69fce612516821541685,null_anytime,null_calibration,1675,3373248243,16,5000,0.0,0.05,rbf,median,anytime,bonferroni,1,2,False,UNRESOLVED,5000,True,False,False,0.0010010830010287464,0.0,0.18209213411654696,True,True,True,False
a5d220f8111b6f10c2f7,null_anytime,null_calibration,1676,548822903,16,5000,0.0,0.05,rbf,median,anytime,bonferroni,1,2,False,UNRESOLVED,5000,True,False,False,0.00045320799108594656,0.0,0.18209213411654696,True,True,True,False
6c35612ef1bf59286799,null_anytime,null_calibration,1677,3268327411,16,5000,0.0,0.05,rbf,median,anytime,bonferroni,1,2,False,UNRESOLVED,5000,True,False,False,0.0004175839712843299,0.0,0.18209213411654696,True,True,True,False
929375a5d5a46d126911,null_anytime,null_calibration,1678,28640176,16,5000,0.0,0.05,rbf,median,anytime,bonferroni,1,2,False,UNRESOLVED,5000,True,False,False,0.00041429197881370783,0.0,0.18209213411654696,True,True,True,False
6dd01560edf18949612f,null_anytime,null_calibration,1679,2095618800,16,5000,0.0,0.05,rbf,median,anytime,bonferroni,1,2,False,UNRESOLVED,5000,True,False,False,0.00040779198752716184,0.0,0.18209213411654696,True,True,True,False
8a00e1a04a3a4b2a1704,null_anytime,null_calibration,1680,3219515605,16,5000,0.0,0.05,rbf,median,anytime,bonferroni,1,2,False,UNRESOLVED,5000,True,False,False,0.0004009169642813504,0.0,0.18209213411654696,True,True,True,False
447ba3294430670d604f,null_anytime,null_calibration,1681,1120945483,16,5000,0.0,0.05,rbf,median,anytime,bonferroni,1,2,False,UNRESOLVED,5000,True,False,False,0.0004003749927505851,0.0,0.18209213411654696,True,True,True,False
01d5ff00fc7e3a64eca3,null_anytime,null_calibration,1682,3422874752,16,5000,0.0,0.05,rbf,median,anytime,bonferroni,1,2,False,UNRESOLVED,5000,True,False,False,0.00040083302883431315,0.0,0.18209213411654696,True,True,True,False
6a7c723d9d3db46901f5,null_anytime,null_calibration,1683,1543607663,16,5000,0.0,0.05,rbf,median,anytime,bonferroni,1,2,False,UNRESOLVED,5000,True,False,False,0.00040029099909588695,0.0,0.18209213411654696,True,True,True,False
f37fecda4b68c23fa0c8,null_anytime,null_calibration,1684,1980802802,16,5000,0.0,0.05,rbf,median,anytime,bonferroni,1,2,False,UNRESOLVED,5000,True,False,False,0.00039870903128758073,0.0,0.18209213411654696,True,True,True,False
af92d0f3b2619e1b0e0e,null_anytime,null_calibration,1685,2480108507,16,5000,0.0,0.05,rbf,median,anytime,bonferroni,1,2,False,UNRESOLVED,5000,True,False,False,0.00039900001138448715,0.0,0.18209213411654696,True,True,True,False
65059d938ab862cee2b1,null_anytime,null_calibration,1686,4219050253,16,5000,0.0,0.05,rbf,median,anytime,bonferroni,1,2,False,UNRESOLVED,5000,True,False,False,0.0003975420258939266,0.0,0.18209213411654696,True,True,True,False
229681b55ab66fd6e67b,null_anytime,null_calibration,1687,1268287369,16,5000,0.0,0.05,rbf,median,anytime,bonferroni,1,2,False,UNRESOLVED,5000,True,False,False,0.00039779202779754996,0.0,0.18209213411654696,True,True,True,False
8e58f743726fe0fdf7ee,null_anytime,null_calibration,1688,2540395616,16,5000,0.0,0.05,rbf,median,anytime,bonferroni,1,2,False,UNRESOLVED,5000,True,False,False,0.0003990840050391853,0.0,0.18209213411654696,True,True,True,False
58c70cd96b8ae9d75276,null_anytime,null_calibration,1689,2278196981,16,5000,0.0,0.05,rbf,median,anytime,bonferroni,1,2,False,UNRESOLVED,5000,True,False,False,0.00039820902748033404,0.0,0.18209213411654696,True,True,True,False
708745d32742741b5788,null_anytime,null_calibration,1690,1986404063,16,5000,0.0,0.05,rbf,median,anytime,bonferroni,1,2,False,UNRESOLVED,5000,True,False,False,0.00039837503572925925,0.0,0.18209213411654696,True,True,True,False
cf3b5577d2464c5d8501,null_anytime,null_calibration,1691,165554746,16,5000,0.0,0.05,rbf,median,anytime,bonferroni,1,2,False,UNRESOLVED,5000,True,False,False,0.0004003749927505851,0.0,0.18209213411654696,True,True,True,False
2e45792e9ec05f14ebba,null_anytime,null_calibration,1692,351109652,16,5000,0.0,0.05,rbf,median,anytime,bonferroni,1,2,False,UNRESOLVED,5000,True,False,False,0.0004848330281674862,0.0,0.18209213411654696,True,True,True,False
954cb498095b9d05c976,null_anytime,null_calibration,1693,1971983265,16,5000,0.0,0.05,rbf,median,anytime,bonferroni,1,2,False,UNRESOLVED,5000,True,False,False,0.0005960410344414413,0.0,0.18209213411654696,True,True,True,False
f319bc86b6ee3f933c6f,null_anytime,null_calibration,1694,882881206,16,5000,0.0,0.05,rbf,median,anytime,bonferroni,1,2,False,UNRESOLVED,5000,True,False,False,0.0008431670139543712,0.0,0.18209213411654696,True,True,True,False
76e61b0dc87d9515b0c3,null_anytime,null_calibration,1695,985461452,16,5000,0.0,0.05,rbf,median,anytime,bonferroni,1,2,False,UNRESOLVED,5000,True,False,False,0.0005361670046113431,0.0,0.18209213411654696,True,True,True,False
84b2d06d285af1770357,null_anytime,null_calibration,1696,290928585,16,5000,0.0,0.05,rbf,median,anytime,bonferroni,1,2,False,UNRESOLVED,5000,True,False,False,0.0004942499799653888,0.0,0.18209213411654696,True,True,True,False
30b6837b4133e227585f,null_anytime,null_calibration,1697,3886219461,16,5000,0.0,0.05,rbf,median,anytime,bonferroni,1,2,False,UNRESOLVED,5000,True,False,False,0.00048470799811184406,0.0,0.18209213411654696,True,True,True,False
30a020d0bcf4b28f5850,null_anytime,null_calibration,1698,1904542325,16,5000,0.0,0.05,rbf,median,anytime,bonferroni,1,2,False,UNRESOLVED,5000,True,False,False,0.0004790419479832053,0.0,0.18209213411654696,True,True,True,False
c5b0b53150edb195e9ab,null_anytime,null_calibration,1699,2613407314,16,5000,0.0,0.05,rbf,median,anytime,bonferroni,1,2,False,UNRESOLVED,5000,True,False,False,0.0004959999932907522,0.0,0.18209213411654696,True,True,True,False
8577ba12c4f6be1adefd,null_anytime,null_calibration,1700,1693711004,16,5000,0.0,0.05,rbf,median,anytime,bonferroni,1,2,False,UNRESOLVED,5000,True,False,False,0.0004948750138282776,0.0,0.18209213411654696,True,True,True,False
d0a61df481991cfa8171,null_anytime,null_calibration,1701,715197158,16,5000,0.0,0.05,rbf,median,anytime,bonferroni,1,2,False,UNRESOLVED,5000,True,False,False,0.0004318749997764826,0.0,0.18209213411654696,True,True,True,False
08cbf371b670d1a216c0,null_anytime,null_calibration,1702,3990912065,16,5000,0.0,0.05,rbf,median,anytime,bonferroni,1,2,False,UNRESOLVED,5000,True,False,False,0.0005077499663457274,0.0,0.18209213411654696,True,True,True,False
5950ee3b985d130d21e1,null_anytime,null_calibration,1703,3834175888,16,5000,0.0,0.05,rbf,median,anytime,bonferroni,1,2,False,UNRESOLVED,5000,True,False,False,0.0006674170144833624,0.0,0.18209213411654696,True,True,True,False
39d81a70c698b8946a85,null_anytime,null_calibration,1704,3850325024,16,5000,0.0,0.05,rbf,median,anytime,bonferroni,1,2,False,UNRESOLVED,5000,True,False,False,0.0005818749777972698,0.0,0.18209213411654696,True,True,True,False
aa81a677f48938366781,null_anytime,null_calibration,1705,653194371,16,5000,0.0,0.05,rbf,median,anytime,bonferroni,1,2,False,UNRESOLVED,5000,True,False,False,0.000511875026859343,0.0,0.18209213411654696,True,True,True,False
0df3e7317bec3b90e281,null_anytime,null_calibration,1706,1350035611,16,5000,0.0,0.05,rbf,median,anytime,bonferroni,1,2,False,UNRESOLVED,5000,True,False,False,0.0005486660520546138,0.0,0.18209213411654696,True,True,True,False
e0ad7f4b3923e45af2ca,null_anytime,null_calibration,1707,65360287,16,5000,0.0,0.05,rbf,median,anytime,bonferroni,1,2,False,UNRESOLVED,5000,True,False,False,0.0006039580330252647,0.0,0.18209213411654696,True,True,True,False
64eb046615411ddd48b6,null_anytime,null_calibration,1708,28586666,16,5000,0.0,0.05,rbf,median,anytime,bonferroni,1,2,False,UNRESOLVED,5000,True,False,False,0.0005159169668331742,0.0,0.18209213411654696,True,True,True,False
992c34feb35cc91ba270,null_anytime,null_calibration,1709,592130429,16,5000,0.0,0.05,rbf,median,anytime,bonferroni,1,2,False,UNRESOLVED,5000,True,False,False,0.0004913749871775508,0.0,0.18209213411654696,True,True,True,False
c3762441d7bf20583ca2,null_anytime,null_calibration,1710,1272598060,16,5000,0.0,0.05,rbf,median,anytime,bonferroni,1,2,False,UNRESOLVED,5000,True,False,False,0.0004728750209324062,0.0,0.18209213411654696,True,True,True,False
ae831b21acf467a9b32e,null_anytime,null_calibration,1711,208987219,16,5000,0.0,0.05,rbf,median,anytime,bonferroni,1,2,False,UNRESOLVED,5000,True,False,False,0.0004219580441713333,0.0,0.18209213411654696,True,True,True,False
795d6d2315a4025c0269,null_anytime,null_calibration,1712,3851174992,16,5000,0.0,0.05,rbf,median,anytime,bonferroni,1,2,False,UNRESOLVED,5000,True,False,False,0.0004034170415252447,0.0,0.18209213411654696,True,True,True,False
b424bd7724e01791e0e4,null_anytime,null_calibration,1713,3676179302,16,5000,0.0,0.05,rbf,median,anytime,bonferroni,1,2,False,UNRESOLVED,5000,True,False,False,0.0003991670091636479,0.0,0.18209213411654696,True,True,True,False
c7904736eddb57c2ccaa,null_anytime,null_calibration,1714,3084705434,16,5000,0.0,0.05,rbf,median,anytime,bonferroni,1,2,False,UNRESOLVED,5000,True,False,False,0.0003988330136053264,0.0,0.18209213411654696,True,True,True,False
5106314f0a69953e42e5,null_anytime,null_calibration,1715,1467878797,16,5000,0.0,0.05,rbf,median,anytime,bonferroni,1,2,False,UNRESOLVED,5000,True,False,False,0.0003987909876741469,0.0,0.18209213411654696,True,True,True,False
a6bcbf507d2db96288f7,null_anytime,null_calibration,1716,1828626375,16,5000,0.0,0.05,rbf,median,anytime,bonferroni,1,2,False,UNRESOLVED,5000,True,False,False,0.00039720896165817976,0.0,0.18209213411654696,True,True,True,False
aa839b75679bd4e8d6fe,null_anytime,null_calibration,1717,1464107210,16,5000,0.0,0.05,rbf,median,anytime,bonferroni,1,2,False,UNRESOLVED,5000,True,False,False,0.00039666699012741446,0.0,0.18209213411654696,True,True,True,False
bb17240ad987514d5631,null_anytime,null_calibration,1718,360542905,16,5000,0.0,0.05,rbf,median,anytime,bonferroni,1,2,False,UNRESOLVED,5000,True,False,False,0.00039720797212794423,0.0,0.18209213411654696,True,True,True,False
c6d609500b800c5e1a8c,null_anytime,null_calibration,1719,3532755487,16,5000,0.0,0.05,rbf,median,anytime,bonferroni,1,2,False,UNRESOLVED,5000,True,False,False,0.0003957919543609023,0.0,0.18209213411654696,True,True,True,False
abb671d4a4422af1e377,null_anytime,null_calibration,1720,1538186538,16,5000,0.0,0.05,rbf,median,anytime,bonferroni,1,2,False,UNRESOLVED,5000,True,False,False,0.0003961670445278287,0.0,0.18209213411654696,True,True,True,False
ef1a06b6ddd1dace70dd,null_anytime,null_calibration,1721,3564223107,16,5000,0.0,0.05,rbf,median,anytime,bonferroni,1,2,False,UNRESOLVED,5000,True,False,False,0.00039724999805912375,0.0,0.18209213411654696,True,True,True,False
7563bd1b92399d77dfbc,null_anytime,null_calibration,1722,3445520765,16,5000,0.0,0.05,rbf,median,anytime,bonferroni,1,2,False,UNRESOLVED,5000,True,False,False,0.00039945804746821523,0.0,0.18209213411654696,True,True,True,False
152690539fb36fc2560e,null_anytime,null_calibration,1723,815182089,16,5000,0.0,0.05,rbf,median,anytime,bonferroni,1,2,False,UNRESOLVED,5000,True,False,False,0.0004027920076623559,0.0,0.18209213411654696,True,True,True,False
f170eb8aa71bf7851c6a,null_anytime,null_calibration,1724,18211595,16,5000,0.0,0.05,rbf,median,anytime,bonferroni,1,2,False,UNRESOLVED,5000,True,False,False,0.0004096249467693269,0.0,0.18209213411654696,True,True,True,False
1172caa91a08da638c3b,null_anytime,null_calibration,1725,802600253,16,5000,0.0,0.05,rbf,median,anytime,bonferroni,1,2,False,UNRESOLVED,5000,True,False,False,0.00039900001138448715,0.0,0.18209213411654696,True,True,True,False
b372ec7c8bd0af41b495,null_anytime,null_calibration,1726,2049460720,16,5000,0.0,0.05,rbf,median,anytime,bonferroni,1,2,False,UNRESOLVED,5000,True,False,False,0.00039787497371435165,0.0,0.18209213411654696,True,True,True,False
63c7e442975f2c8cfd55,null_anytime,null_calibration,1727,3423243174,16,5000,0.0,0.05,rbf,median,anytime,bonferroni,1,2,False,UNRESOLVED,5000,True,False,False,0.0003975420258939266,0.0,0.18209213411654696,True,True,True,False
777801b4482ee4e5366e,null_anytime,null_calibration,1728,4199494992,16,5000,0.0,0.05,rbf,median,anytime,bonferroni,1,2,False,UNRESOLVED,5000,True,False,False,0.00040012499084696174,0.0,0.18209213411654696,True,True,True,False
366b5911538c354b6b55,null_anytime,null_calibration,1729,1977935167,16,5000,0.0,0.05,rbf,median,anytime,bonferroni,1,2,False,UNRESOLVED,5000,True,False,False,0.0005576249677687883,0.0,0.18209213411654696,True,True,True,False
7bc8a07cf43832a15839,null_anytime,null_calibration,1730,155723776,16,5000,0.0,0.05,rbf,median,anytime,bonferroni,1,2,False,UNRESOLVED,5000,True,False,False,0.0004924999666400254,0.0,0.18209213411654696,True,True,True,False
aafba76ff662e3c94470,null_anytime,null_calibration,1731,4195817751,16,5000,0.0,0.05,rbf,median,anytime,bonferroni,1,2,False,UNRESOLVED,5000,True,False,False,0.000484999967738986,0.0,0.18209213411654696,True,True,True,False
5c6ba0948fe525e77ec5,null_anytime,null_calibration,1732,1495341881,16,5000,0.0,0.05,rbf,median,anytime,bonferroni,1,2,False,UNRESOLVED,5000,True,False,False,0.00048387498827651143,0.0,0.18209213411654696,True,True,True,False
15a4a55a8cea4939c121,null_anytime,null_calibration,1733,4167178632,16,5000,0.0,0.05,rbf,median,anytime,bonferroni,1,2,False,UNRESOLVED,5000,True,False,False,0.0004665000014938414,0.0,0.18209213411654696,True,True,True,False
29b0c99a7bda13fa46ff,null_anytime,null_calibration,1734,493544909,16,5000,0.0,0.05,rbf,median,anytime,bonferroni,1,2,False,UNRESOLVED,5000,True,False,False,0.0004202499985694885,0.0,0.18209213411654696,True,True,True,False
b3cac66e414bbd004167,null_anytime,null_calibration,1735,821341090,16,5000,0.0,0.05,rbf,median,anytime,bonferroni,1,2,False,UNRESOLVED,5000,True,False,False,0.0004105420084670186,0.0,0.18209213411654696,True,True,True,False
56b78b18f035dd92cc8b,null_anytime,null_calibration,1736,3299714401,16,5000,0.0,0.05,rbf,median,anytime,bonferroni,1,2,False,UNRESOLVED,5000,True,False,False,0.00040545902447775006,0.0,0.18209213411654696,True,True,True,False
c5b7d8e381d84203d918,null_anytime,null_calibration,1737,725686609,16,5000,0.0,0.05,rbf,median,anytime,bonferroni,1,2,False,UNRESOLVED,5000,True,False,False,0.00040070898830890656,0.0,0.18209213411654696,True,True,True,False
1830dd01d1c0ea332f20,null_anytime,null_calibration,1738,181879997,16,5000,0.0,0.05,rbf,median,anytime,bonferroni,1,2,False,UNRESOLVED,5000,True,False,False,0.0004015840240754187,0.0,0.18209213411654696,True,True,True,False
4ba5ed9512f20073fe66,null_anytime,null_calibration,1739,4279790467,16,5000,0.0,0.05,rbf,median,anytime,bonferroni,1,2,False,UNRESOLVED,5000,True,False,False,0.00039866595761850476,0.0,0.18209213411654696,True,True,True,False
e748c8147a5cebfe3268,null_anytime,null_calibration,1740,3907582081,16,5000,0.0,0.05,rbf,median,anytime,bonferroni,1,2,False,UNRESOLVED,5000,True,False,False,0.00040549994446337223,0.0,0.18209213411654696,True,True,True,False
940cee5e6162b2a2128d,null_anytime,null_calibration,1741,2527362195,16,5000,0.0,0.05,rbf,median,anytime,bonferroni,1,2,False,UNRESOLVED,5000,True,False,False,0.00040191697189584374,0.0,0.18209213411654696,True,True,True,False
391bf5bdfdfcd3240b95,null_anytime,null_calibration,1742,3161005459,16,5000,0.0,0.05,rbf,median,anytime,bonferroni,1,2,False,UNRESOLVED,5000,True,False,False,0.00039779196958988905,0.0,0.18209213411654696,True,True,True,False
c0956f7792c60234d290,null_anytime,null_calibration,1743,3854661847,16,5000,0.0,0.05,rbf,median,anytime,bonferroni,1,2,False,UNRESOLVED,5000,True,False,False,0.000396709016058594,0.0,0.18209213411654696,True,True,True,False
b7b216ddc5f5918f2973,null_anytime,null_calibration,1744,3798704182,16,5000,0.0,0.05,rbf,median,anytime,bonferroni,1,2,False,UNRESOLVED,5000,True,False,False,0.00039704202208667994,0.0,0.18209213411654696,True,True,True,False
87a53c5333b2b6c7f48b,null_anytime,null_calibration,1745,1556376189,16,5000,0.0,0.05,rbf,median,anytime,bonferroni,1,2,False,UNRESOLVED,5000,True,False,False,0.0003986249794252217,0.0,0.18209213411654696,True,True,True,False
9577367ad14bb2f70d4f,null_anytime,null_calibration,1746,38481837,16,5000,0.0,0.05,rbf,median,anytime,bonferroni,1,2,False,UNRESOLVED,5000,True,False,False,0.0003982909838669002,0.0,0.18209213411654696,True,True,True,False
f3f1bf1e0e044cb6a42a,null_anytime,null_calibration,1747,3981425388,16,5000,0.0,0.05,rbf,median,anytime,bonferroni,1,2,False,UNRESOLVED,5000,True,False,False,0.0004077499615959823,0.0,0.18209213411654696,True,True,True,False
0e790d14e5e0942e8252,null_anytime,null_calibration,1748,391812068,16,5000,0.0,0.05,rbf,median,anytime,bonferroni,1,2,False,UNRESOLVED,5000,True,False,False,0.00039729097625240684,0.0,0.18209213411654696,True,True,True,False
8066f28ecbbfdaa2694b,null_anytime,null_calibration,1749,3356026058,16,5000,0.0,0.05,rbf,median,anytime,bonferroni,1,2,False,UNRESOLVED,5000,True,False,False,0.0003996670129708946,0.0,0.18209213411654696,True,True,True,False
847d56c6d63b640376b4,null_anytime,null_calibration,1750,3472356027,16,5000,0.0,0.05,rbf,median,anytime,bonferroni,1,2,False,UNRESOLVED,5000,True,False,False,0.000398124975617975,0.0,0.18209213411654696,True,True,True,False
267a96a3961fa45b67b8,null_anytime,null_calibration,1751,3822678549,16,5000,0.0,0.05,rbf,median,anytime,bonferroni,1,2,False,UNRESOLVED,5000,True,False,False,0.00039595901034772396,0.0,0.18209213411654696,True,True,True,False
34f9f58219f27a561ba1,null_anytime,null_calibration,1752,3743592038,16,5000,0.0,0.05,rbf,median,anytime,bonferroni,1,2,False,UNRESOLVED,5000,True,False,False,0.0003962499904446304,0.0,0.18209213411654696,True,True,True,False
5f336c5be8171e68797a,null_anytime,null_calibration,1753,2778571325,16,5000,0.0,0.05,rbf,median,anytime,bonferroni,1,2,False,UNRESOLVED,5000,True,False,False,0.0003986250376328826,0.0,0.18209213411654696,True,True,True,False
1981e49bf4f095486015,null_anytime,null_calibration,1754,1908313061,16,5000,0.0,0.05,rbf,median,anytime,bonferroni,1,2,False,UNRESOLVED,5000,True,False,False,0.0003969999961555004,0.0,0.18209213411654696,True,True,True,False
5161591acfd00bafa575,null_anytime,null_calibration,1755,3842884066,16,5000,0.0,0.05,rbf,median,anytime,bonferroni,1,2,False,UNRESOLVED,5000,True,False,False,0.000398124975617975,0.0,0.18209213411654696,True,True,True,False
bdf8b69f9c66ffd80ba2,null_anytime,null_calibration,1756,649789458,16,5000,0.0,0.05,rbf,median,anytime,bonferroni,1,2,False,UNRESOLVED,5000,True,False,False,0.0004866250092163682,0.0,0.18209213411654696,True,True,True,False
d1c838632d7be268825f,null_anytime,null_calibration,1757,327548332,16,5000,0.0,0.05,rbf,median,anytime,bonferroni,1,2,False,UNRESOLVED,5000,True,False,False,0.0005495840450748801,0.0,0.18209213411654696,True,True,True,False
db51670c9bd5a2410d0a,null_anytime,null_calibration,1758,3258682863,16,5000,0.0,0.05,rbf,median,anytime,bonferroni,1,2,False,UNRESOLVED,5000,True,False,False,0.0005372500163502991,0.0,0.18209213411654696,True,True,True,False
a14679f22108eac136cf,null_anytime,null_calibration,1759,3989041713,16,5000,0.0,0.05,rbf,median,anytime,bonferroni,1,2,False,UNRESOLVED,5000,True,False,False,0.0005089160404168069,0.0,0.18209213411654696,True,True,True,False
3e19e7897a8e18c1dd28,null_anytime,null_calibration,1760,410568201,16,5000,0.0,0.05,rbf,median,anytime,bonferroni,1,2,False,UNRESOLVED,5000,True,False,False,0.0005048330058343709,0.0,0.18209213411654696,True,True,True,False
1e47af3968805ef510b8,null_anytime,null_calibration,1761,2698646275,16,5000,0.0,0.05,rbf,median,anytime,bonferroni,1,2,False,UNRESOLVED,5000,True,False,False,0.000513958977535367,0.0,0.18209213411654696,True,True,True,False
2b2fa9ab2639242d765d,null_anytime,null_calibration,1762,3842433391,16,5000,0.0,0.05,rbf,median,anytime,bonferroni,1,2,False,UNRESOLVED,5000,True,False,False,0.0004876669845543802,0.0,0.18209213411654696,True,True,True,False
67318730d8e02cadf0ce,null_anytime,null_calibration,1763,3817827839,16,5000,0.0,0.05,rbf,median,anytime,bonferroni,1,2,False,UNRESOLVED,5000,True,False,False,0.00048104103188961744,0.0,0.18209213411654696,True,True,True,False
c4fa760e1c623b89dd38,null_anytime,null_calibration,1764,1939861390,16,5000,0.0,0.05,rbf,median,anytime,bonferroni,1,2,False,UNRESOLVED,5000,True,False,False,0.00047904200619086623,0.0,0.18209213411654696,True,True,True,False
a58ea0eb52cbbea537ec,null_anytime,null_calibration,1765,3181110044,16,5000,0.0,0.05,rbf,median,anytime,bonferroni,1,2,False,UNRESOLVED,5000,True,False,False,0.00048591603990644217,0.0,0.18209213411654696,True,True,True,False
b53ac63fd5d415709fc7,null_anytime,null_calibration,1766,841621592,16,5000,0.0,0.05,rbf,median,anytime,bonferroni,1,2,False,UNRESOLVED,5000,True,False,False,0.0004809159436263144,0.0,0.18209213411654696,True,True,True,False
23706cf8ec2afc98ff07,null_anytime,null_calibration,1767,873633035,16,5000,0.0,0.05,rbf,median,anytime,bonferroni,1,2,False,UNRESOLVED,5000,True,False,False,0.0004746250342577696,0.0,0.18209213411654696,True,True,True,False
53dc70d07e7ac48e757f,null_anytime,null_calibration,1768,2732313202,16,5000,0.0,0.05,rbf,median,anytime,bonferroni,1,2,False,UNRESOLVED,5000,True,False,False,0.0004759170114994049,0.0,0.18209213411654696,True,True,True,False
333a7081e00dd21559bd,null_anytime,null_calibration,1769,3230367118,16,5000,0.0,0.05,rbf,median,anytime,bonferroni,1,2,False,UNRESOLVED,5000,True,False,False,0.0004848749958910048,0.0,0.18209213411654696,True,True,True,False
5ba0df1f3ce6b3c580be,null_anytime,null_calibration,1770,2235841025,16,5000,0.0,0.05,rbf,median,anytime,bonferroni,1,2,False,UNRESOLVED,5000,True,False,False,0.0004797080182470381,0.0,0.18209213411654696,True,True,True,False
b34e23aa5b300db0f7e6,null_anytime,null_calibration,1771,609212544,16,5000,0.0,0.05,rbf,median,anytime,bonferroni,1,2,False,UNRESOLVED,5000,True,False,False,0.0004758749855682254,0.0,0.18209213411654696,True,True,True,False
b0dfb2be62b8dba121a5,null_anytime,null_calibration,1772,1891759306,16,5000,0.0,0.05,rbf,median,anytime,bonferroni,1,2,False,UNRESOLVED,5000,True,False,False,0.00048037501983344555,0.0,0.18209213411654696,True,True,True,False
1a775460612a7dfb6104,null_anytime,null_calibration,1773,1030425810,16,5000,0.0,0.05,rbf,median,anytime,bonferroni,1,2,False,UNRESOLVED,5000,True,False,False,0.00047833402641117573,0.0,0.18209213411654696,True,True,True,False
0ab5926a44873560bbc4,null_anytime,null_calibration,1774,297564363,16,5000,0.0,0.05,rbf,median,anytime,bonferroni,1,2,False,UNRESOLVED,5000,True,False,False,0.0004795000422745943,0.0,0.18209213411654696,True,True,True,False
e438205f7e4d8e32e54e,null_anytime,null_calibration,1775,3252538194,16,5000,0.0,0.05,rbf,median,anytime,bonferroni,1,2,False,UNRESOLVED,5000,True,False,False,0.0005603330209851265,0.0,0.18209213411654696,True,True,True,False
39ed794360912e8ee71e,null_anytime,null_calibration,1776,1111668093,16,5000,0.0,0.05,rbf,median,anytime,bonferroni,1,2,False,UNRESOLVED,5000,True,False,False,0.000508541997987777,0.0,0.18209213411654696,True,True,True,False
edb72525dbb61655ffe7,null_anytime,null_calibration,1777,1889305875,16,5000,0.0,0.05,rbf,median,anytime,bonferroni,1,2,False,UNRESOLVED,5000,True,False,False,0.0005265829968266189,0.0,0.18209213411654696,True,True,True,False
8284e30f827d63148a3f,null_anytime,null_calibration,1778,1941698568,16,5000,0.0,0.05,rbf,median,anytime,bonferroni,1,2,False,UNRESOLVED,5000,True,False,False,0.000551624980289489,0.0,0.18209213411654696,True,True,True,False
224c6a100edcab24be64,null_anytime,null_calibration,1779,3513422606,16,5000,0.0,0.05,rbf,median,anytime,bonferroni,1,2,False,UNRESOLVED,5000,True,False,False,0.0006497499998658895,0.0,0.18209213411654696,True,True,True,False
24a2f8766c225558d9fb,null_anytime,null_calibration,1780,3023620139,16,5000,0.0,0.05,rbf,median,anytime,bonferroni,1,2,False,UNRESOLVED,5000,True,False,False,0.0005300000193528831,0.0,0.18209213411654696,True,True,True,False
c84719a7ef733574415a,null_anytime,null_calibration,1781,4129359461,16,5000,0.0,0.05,rbf,median,anytime,bonferroni,1,2,False,UNRESOLVED,5000,True,False,False,0.0004972920287400484,0.0,0.18209213411654696,True,True,True,False
4b4f3ab5d756b97a4b38,null_anytime,null_calibration,1782,1705129378,16,5000,0.0,0.05,rbf,median,anytime,bonferroni,1,2,False,UNRESOLVED,5000,True,False,False,0.000489042024128139,0.0,0.18209213411654696,True,True,True,False
1babd82f58dc7fb1f4ed,null_anytime,null_calibration,1783,2697736822,16,5000,0.0,0.05,rbf,median,anytime,bonferroni,1,2,False,UNRESOLVED,5000,True,False,False,0.0005870830500498414,0.0,0.18209213411654696,True,True,True,False
7213c32dfa5eb42020dd,null_anytime,null_calibration,1784,1177523525,16,5000,0.0,0.05,rbf,median,anytime,bonferroni,1,2,False,UNRESOLVED,5000,True,False,False,0.0004928330308757722,0.0,0.18209213411654696,True,True,True,False
5361ffb53b12b611f5e2,null_anytime,null_calibration,1785,1597040805,16,5000,0.0,0.05,rbf,median,anytime,bonferroni,1,2,False,UNRESOLVED,5000,True,False,False,0.0004929170245304704,0.0,0.18209213411654696,True,True,True,False
1ab6253f74c174077e2d,null_anytime,null_calibration,1786,2920749188,16,5000,0.0,0.05,rbf,median,anytime,bonferroni,1,2,False,UNRESOLVED,5000,True,False,False,0.0004992079921066761,0.0,0.18209213411654696,True,True,True,False
4cfb80a91a0815856cd5,null_anytime,null_calibration,1787,2059538850,16,5000,0.0,0.05,rbf,median,anytime,bonferroni,1,2,False,UNRESOLVED,5000,True,False,False,0.0004939169739373028,0.0,0.18209213411654696,True,True,True,False
bb2d7bf92b3b00feed9b,null_anytime,null_calibration,1788,235738329,16,5000,0.0,0.05,rbf,median,anytime,bonferroni,1,2,False,UNRESOLVED,5000,True,False,False,0.0004952080198563635,0.0,0.18209213411654696,True,True,True,False
96505a1fa1779ebc436c,null_anytime,null_calibration,1789,1034108535,16,5000,0.0,0.05,rbf,median,anytime,bonferroni,1,2,False,UNRESOLVED,5000,True,False,False,0.000497667002491653,0.0,0.18209213411654696,True,True,True,False
3a7aa5bfc839b4f67572,null_anytime,null_calibration,1790,458083396,16,5000,0.0,0.05,rbf,median,anytime,bonferroni,1,2,False,UNRESOLVED,5000,True,False,False,0.0004962499951943755,0.0,0.18209213411654696,True,True,True,False
bdf9d09130ea49bdca3a,null_anytime,null_calibration,1791,3499588892,16,5000,0.0,0.05,rbf,median,anytime,bonferroni,1,2,False,UNRESOLVED,5000,True,False,False,0.0004966660053469241,0.0,0.18209213411654696,True,True,True,False
4238f57e92a72185f51f,null_anytime,null_calibration,1792,3871274868,16,5000,0.0,0.05,rbf,median,anytime,bonferroni,1,2,False,UNRESOLVED,5000,True,False,False,0.0005094580119475722,0.0,0.18209213411654696,True,True,True,False
8a20a0590ce402977c09,null_anytime,null_calibration,1793,885057472,16,5000,0.0,0.05,rbf,median,anytime,bonferroni,1,2,False,UNRESOLVED,5000,True,False,False,0.0005415829946286976,0.0,0.18209213411654696,True,True,True,False
46bf53507a8791ddf240,null_anytime,null_calibration,1794,1910476483,16,5000,0.0,0.05,rbf,median,anytime,bonferroni,1,2,False,UNRESOLVED,5000,True,False,False,0.00044700002763420343,0.0,0.18209213411654696,True,True,True,False
8073ac7936e3d4fe2079,null_anytime,null_calibration,1795,1756718332,16,5000,0.0,0.05,rbf,median,anytime,bonferroni,1,2,False,UNRESOLVED,5000,True,False,False,0.00041725003393366933,0.0,0.18209213411654696,True,True,True,False
d64aedb4cc26674f6e49,null_anytime,null_calibration,1796,64416063,16,5000,0.0,0.05,rbf,median,anytime,bonferroni,1,2,False,UNRESOLVED,5000,True,False,False,0.0004135830095037818,0.0,0.18209213411654696,True,True,True,False
17f733a2c8027cce87bd,null_anytime,null_calibration,1797,4153448579,16,5000,0.0,0.05,rbf,median,anytime,bonferroni,1,2,False,UNRESOLVED,5000,True,False,False,0.00040620798245072365,0.0,0.18209213411654696,True,True,True,False
73bd69227587eb715736,null_anytime,null_calibration,1798,573139880,16,5000,0.0,0.05,rbf,median,anytime,bonferroni,1,2,False,UNRESOLVED,5000,True,False,False,0.0004012499703094363,0.0,0.18209213411654696,True,True,True,False
ce0c9027c20c764ea133,null_anytime,null_calibration,1799,3356478196,16,5000,0.0,0.05,rbf,median,anytime,bonferroni,1,2,False,UNRESOLVED,5000,True,False,False,0.00039958301931619644,0.0,0.18209213411654696,True,True,True,False
daeed0d4ffbdef28d28d,null_anytime,null_calibration,1800,2124612571,16,5000,0.0,0.05,rbf,median,anytime,bonferroni,1,2,False,UNRESOLVED,5000,True,False,False,0.00039583398029208183,0.0,0.18209213411654696,True,True,True,False
6dcf5121035ce6f2597e,null_anytime,null_calibration,1801,1828061764,16,5000,0.0,0.05,rbf,median,anytime,bonferroni,1,2,False,UNRESOLVED,5000,True,False,False,0.00039733300218358636,0.0,0.18209213411654696,True,True,True,False
3c369d8db5f296ff0171,null_anytime,null_calibration,1802,77716231,16,5000,0.0,0.05,rbf,median,anytime,bonferroni,1,2,False,UNRESOLVED,5000,True,False,False,0.00039850000757724047,0.0,0.18209213411654696,True,True,True,False
46c9f8c8e6b2546b23c6,null_anytime,null_calibration,1803,2079758939,16,5000,0.0,0.05,rbf,median,anytime,bonferroni,1,2,False,UNRESOLVED,5000,True,False,False,0.0004033339791931212,0.0,0.18209213411654696,True,True,True,False
3ffa220b8dcdd8114c94,null_anytime,null_calibration,1804,1090777043,16,5000,0.0,0.05,rbf,median,anytime,bonferroni,1,2,False,UNRESOLVED,5000,True,False,False,0.0003965410287491977,0.0,0.18209213411654696,True,True,True,False
4df195e14ff3332ee841,null_anytime,null_calibration,1805,986344702,16,5000,0.0,0.05,rbf,median,anytime,bonferroni,1,2,False,UNRESOLVED,5000,True,False,False,0.0003986250376328826,0.0,0.18209213411654696,True,True,True,False
e1f4a308b246923629b4,null_anytime,null_calibration,1806,338873115,16,5000,0.0,0.05,rbf,median,anytime,bonferroni,1,2,False,UNRESOLVED,5000,True,False,False,0.00039583398029208183,0.0,0.18209213411654696,True,True,True,False
ae0c503d9d8b4d2f0e04,null_anytime,null_calibration,1807,2625888612,16,5000,0.0,0.05,rbf,median,anytime,bonferroni,1,2,False,UNRESOLVED,5000,True,False,False,0.00039695901796221733,0.0,0.18209213411654696,True,True,True,False
fbbada056b5d745fd55e,null_anytime,null_calibration,1808,2034328015,16,5000,0.0,0.05,rbf,median,anytime,bonferroni,1,2,False,UNRESOLVED,5000,True,False,False,0.0003962080227211118,0.0,0.18209213411654696,True,True,True,False
5620c2f60c3e1476c0c7,null_anytime,null_calibration,1809,3700696189,16,5000,0.0,0.05,rbf,median,anytime,bonferroni,1,2,False,UNRESOLVED,5000,True,False,False,0.0003962090122513473,0.0,0.18209213411654696,True,True,True,False
eff28cb0eb85fb63bf6c,null_anytime,null_calibration,1810,1883176079,16,5000,0.0,0.05,rbf,median,anytime,bonferroni,1,2,False,UNRESOLVED,5000,True,False,False,0.00039491697680205107,0.0,0.18209213411654696,True,True,True,False
f2d19234478831cc096f,null_anytime,null_calibration,1811,2737160326,16,5000,0.0,0.05,rbf,median,anytime,bonferroni,1,2,False,UNRESOLVED,5000,True,False,False,0.0003955420106649399,0.0,0.18209213411654696,True,True,True,False
99f7c186d8083cc34e63,null_anytime,null_calibration,1812,3470428433,16,5000,0.0,0.05,rbf,median,anytime,bonferroni,1,2,False,UNRESOLVED,5000,True,False,False,0.00039666699012741446,0.0,0.18209213411654696,True,True,True,False
f7a807b97f7a8d29b262,null_anytime,null_calibration,1813,1939385973,16,5000,0.0,0.05,rbf,median,anytime,bonferroni,1,2,False,UNRESOLVED,5000,True,False,False,0.0003967920201830566,0.0,0.18209213411654696,True,True,True,False
d05afbd23c08212ed4c0,null_anytime,null_calibration,1814,2533077689,16,5000,0.0,0.05,rbf,median,anytime,bonferroni,1,2,False,UNRESOLVED,5000,True,False,False,0.0003962089540436864,0.0,0.18209213411654696,True,True,True,False
92aea72de7c3886c25d4,null_anytime,null_calibration,1815,480448410,16,5000,0.0,0.05,rbf,median,anytime,bonferroni,1,2,False,UNRESOLVED,5000,True,False,False,0.00040358403930440545,0.0,0.18209213411654696,True,True,True,False
1011f5a41fbb37764e49,null_anytime,null_calibration,1816,1289898865,16,5000,0.0,0.05,rbf,median,anytime,bonferroni,1,2,False,UNRESOLVED,5000,True,False,False,0.0003939999733120203,0.0,0.18209213411654696,True,True,True,False
02a611735f87aefd1b7b,null_anytime,null_calibration,1817,2008430502,16,5000,0.0,0.05,rbf,median,anytime,bonferroni,1,2,False,UNRESOLVED,5000,True,False,False,0.00039429200114682317,0.0,0.18209213411654696,True,True,True,False
7abff699c88ba6124119,null_anytime,null_calibration,1818,3375297665,16,5000,0.0,0.05,rbf,median,anytime,bonferroni,1,2,False,UNRESOLVED,5000,True,False,False,0.00039429200114682317,0.0,0.18209213411654696,True,True,True,False
ff6afb009f02c74208c5,null_anytime,null_calibration,1819,3633894116,16,5000,0.0,0.05,rbf,median,anytime,bonferroni,1,2,False,UNRESOLVED,5000,True,False,False,0.0003953329869545996,0.0,0.18209213411654696,True,True,True,False
13482bc4b95219d83170,null_anytime,null_calibration,1820,867982763,16,5000,0.0,0.05,rbf,median,anytime,bonferroni,1,2,False,UNRESOLVED,5000,True,False,False,0.0005817089695483446,0.0,0.18209213411654696,True,True,True,False
85238946caa4edfec3e3,null_anytime,null_calibration,1821,2164764216,16,5000,0.0,0.05,rbf,median,anytime,bonferroni,1,2,False,UNRESOLVED,5000,True,False,False,0.0004953330499120057,0.0,0.18209213411654696,True,True,True,False
0f60e85f541c81437888,null_anytime,null_calibration,1822,1216476782,16,5000,0.0,0.05,rbf,median,anytime,bonferroni,1,2,False,UNRESOLVED,5000,True,False,False,0.00048241601325571537,0.0,0.18209213411654696,True,True,True,False
cf769f9a3d56fea27bb8,null_anytime,null_calibration,1823,179507434,16,5000,0.0,0.05,rbf,median,anytime,bonferroni,1,2,False,UNRESOLVED,5000,True,False,False,0.0004830419784411788,0.0,0.18209213411654696,True,True,True,False
605d733f68ddf3af350b,null_anytime,null_calibration,1824,224637630,16,5000,0.0,0.05,rbf,median,anytime,bonferroni,1,2,False,UNRESOLVED,5000,True,False,False,0.000497708038892597,0.0,0.18209213411654696,True,True,True,False
30a6f6a09dfb0750d3ac,null_anytime,null_calibration,1825,1511393624,16,5000,0.0,0.05,rbf,median,anytime,bonferroni,1,2,False,UNRESOLVED,5000,True,False,False,0.00048525002785027027,0.0,0.18209213411654696,True,True,True,False
05a70d9a82365fa54d4f,null_anytime,null_calibration,1826,3546056856,16,5000,0.0,0.05,rbf,median,anytime,bonferroni,1,2,False,UNRESOLVED,5000,True,False,False,0.0005577090196311474,0.0,0.18209213411654696,True,True,True,False
a782e2375e46e98d03d5,null_anytime,null_calibration,1827,194230659,16,5000,0.0,0.05,rbf,median,anytime,bonferroni,1,2,False,UNRESOLVED,5000,True,False,False,0.0004612079937942326,0.0,0.18209213411654696,True,True,True,False
65a256756c81c33cce46,null_anytime,null_calibration,1828,1196254440,16,5000,0.0,0.05,rbf,median,anytime,bonferroni,1,2,False,UNRESOLVED,5000,True,False,False,0.0004142909892834723,0.0,0.18209213411654696,True,True,True,False
590ff06181b262ea5dff,null_anytime,null_calibration,1829,2658304508,16,5000,0.0,0.05,rbf,median,anytime,bonferroni,1,2,False,UNRESOLVED,5000,True,False,False,0.0005919169634580612,0.0,0.18209213411654696,True,True,True,False
f6cc8571ff364c9ee4f3,null_anytime,null_calibration,1830,3071235043,16,5000,0.0,0.05,rbf,median,anytime,bonferroni,1,2,False,UNRESOLVED,5000,True,False,False,0.0005307089886628091,0.0,0.18209213411654696,True,True,True,False
973edaba6c6af797bc3e,null_anytime,null_calibration,1831,2716891948,16,5000,0.0,0.05,rbf,median,anytime,bonferroni,1,2,False,UNRESOLVED,5000,True,False,False,0.0005050830077379942,0.0,0.18209213411654696,True,True,True,False
baf121f6ad8f4f5651f0,null_anytime,null_calibration,1832,2257419807,16,5000,0.0,0.05,rbf,median,anytime,bonferroni,1,2,False,UNRESOLVED,5000,True,False,False,0.000494459003675729,0.0,0.18209213411654696,True,True,True,False
64c5e90dd3fb95c4889f,null_anytime,null_calibration,1833,1202680522,16,5000,0.0,0.05,rbf,median,anytime,bonferroni,1,2,False,UNRESOLVED,5000,True,False,False,0.0004979160148650408,0.0,0.18209213411654696,True,True,True,False
6bd254228b504371d7be,null_anytime,null_calibration,1834,2277729370,16,5000,0.0,0.05,rbf,median,anytime,bonferroni,1,2,False,UNRESOLVED,5000,True,False,False,0.0005026659928262234,0.0,0.18209213411654696,True,True,True,False
14c05c01b0ef9b4061f0,null_anytime,null_calibration,1835,983848106,16,5000,0.0,0.05,rbf,median,anytime,bonferroni,1,2,False,UNRESOLVED,5000,True,False,False,0.0004979170043952763,0.0,0.18209213411654696,True,True,True,False
0ad16e537c16e2dfa19c,null_anytime,null_calibration,1836,692070623,16,5000,0.0,0.05,rbf,median,anytime,bonferroni,1,2,False,UNRESOLVED,5000,True,False,False,0.0004918330232612789,0.0,0.18209213411654696,True,True,True,False
6de4aeeee6c2b4fe1c3e,null_anytime,null_calibration,1837,1240581515,16,5000,0.0,0.05,rbf,median,anytime,bonferroni,1,2,False,UNRESOLVED,5000,True,False,False,0.00048129097558557987,0.0,0.18209213411654696,True,True,True,False
71b1ce0b89aa736c3705,null_anytime,null_calibration,1838,3252310866,16,5000,0.0,0.05,rbf,median,anytime,bonferroni,1,2,False,UNRESOLVED,5000,True,False,False,0.0004850829718634486,0.0,0.18209213411654696,True,True,True,False
01ed51cbe5c0e14b6285,null_anytime,null_calibration,1839,2026631758,16,5000,0.0,0.05,rbf,median,anytime,bonferroni,1,2,False,UNRESOLVED,5000,True,False,False,0.00048166699707508087,0.0,0.18209213411654696,True,True,True,False
ab63c5dc673f281566c9,null_anytime,null_calibration,1840,3051183016,16,5000,0.0,0.05,rbf,median,anytime,bonferroni,1,2,False,UNRESOLVED,5000,True,False,False,0.0005571660003624856,0.0,0.18209213411654696,True,True,True,False
6f6deae41992f86b6e61,null_anytime,null_calibration,1841,3692367375,16,5000,0.0,0.05,rbf,median,anytime,bonferroni,1,2,False,UNRESOLVED,5000,True,False,False,0.0005699169705621898,0.0,0.18209213411654696,True,True,True,False
906d3378a156ee6ae2b9,null_anytime,null_calibration,1842,4251408335,16,5000,0.0,0.05,rbf,median,anytime,bonferroni,1,2,False,UNRESOLVED,5000,True,False,False,0.0005698750028386712,0.0,0.18209213411654696,True,True,True,False
9517b1445e0c0a29c340,null_anytime,null_calibration,1843,1643420007,16,5000,0.0,0.05,rbf,median,anytime,bonferroni,1,2,False,UNRESOLVED,5000,True,False,False,0.0006557920132763684,0.0,0.18209213411654696,True,True,True,False
461fb5bb8b2d09965ffa,null_anytime,null_calibration,1844,614947321,16,5000,0.0,0.05,rbf,median,anytime,bonferroni,1,2,False,UNRESOLVED,5000,True,False,False,0.0005965419695712626,0.0,0.18209213411654696,True,True,True,False
1fdf932931e407f0c346,null_anytime,null_calibration,1845,444840477,16,5000,0.0,0.05,rbf,median,anytime,bonferroni,1,2,False,UNRESOLVED,5000,True,False,False,0.0005356249748729169,0.0,0.18209213411654696,True,True,True,False
f73fe3ddc0a0245bbcf9,null_anytime,null_calibration,1846,4197609138,16,5000,0.0,0.05,rbf,median,anytime,bonferroni,1,2,False,UNRESOLVED,5000,True,False,False,0.0004956249613314867,0.0,0.18209213411654696,True,True,True,False
6cd05305cbed93a57ef0,null_anytime,null_calibration,1847,314780161,16,5000,0.0,0.05,rbf,median,anytime,bonferroni,1,2,False,UNRESOLVED,5000,True,False,False,0.00048395799240097404,0.0,0.18209213411654696,True,True,True,False
d9c928e3193ec03423cd,null_anytime,null_calibration,1848,2475832110,16,5000,0.0,0.05,rbf,median,anytime,bonferroni,1,2,False,UNRESOLVED,5000,True,False,False,0.0004818339948542416,0.0,0.18209213411654696,True,True,True,False
58a377a3e78b13c5f909,null_anytime,null_calibration,1849,1355065527,16,5000,0.0,0.05,rbf,median,anytime,bonferroni,1,2,False,UNRESOLVED,5000,True,False,False,0.00048037496162578464,0.0,0.18209213411654696,True,True,True,False
652bb8a1a249f64e1784,null_anytime,null_calibration,1850,1338662993,16,5000,0.0,0.05,rbf,median,anytime,bonferroni,1,2,False,UNRESOLVED,5000,True,False,False,0.0004802080220542848,0.0,0.18209213411654696,True,True,True,False
5484c7322ca991bf70bd,null_anytime,null_calibration,1851,2549214059,16,5000,0.0,0.05,rbf,median,anytime,bonferroni,1,2,False,UNRESOLVED,5000,True,False,False,0.0004863340291194618,0.0,0.18209213411654696,True,True,True,False
bfb3bd07fe59b240e8f4,null_anytime,null_calibration,1852,1799998152,16,5000,0.0,0.05,rbf,median,anytime,bonferroni,1,2,False,UNRESOLVED,5000,True,False,False,0.00048708298709243536,0.0,0.18209213411654696,True,True,True,False
edd6d2722a491051da10,null_anytime,null_calibration,1853,3526367920,16,5000,0.0,0.05,rbf,median,anytime,bonferroni,1,2,False,UNRESOLVED,5000,True,False,False,0.00048441701801493764,0.0,0.18209213411654696,True,True,True,False
e2e59331b6dd6a7e61b4,null_anytime,null_calibration,1854,2192919963,16,5000,0.0,0.05,rbf,median,anytime,bonferroni,1,2,False,UNRESOLVED,5000,True,False,False,0.0004842919879592955,0.0,0.18209213411654696,True,True,True,False
7e1b079d4e5ccc03d8d6,null_anytime,null_calibration,1855,3493335649,16,5000,0.0,0.05,rbf,median,anytime,bonferroni,1,2,False,UNRESOLVED,5000,True,False,False,0.0004931660369038582,0.0,0.18209213411654696,True,True,True,False
59cb47bab0139b0950b1,null_anytime,null_calibration,1856,430448116,16,5000,0.0,0.05,rbf,median,anytime,bonferroni,1,2,False,UNRESOLVED,5000,True,False,False,0.00048591598169878125,0.0,0.18209213411654696,True,True,True,False
84017d951ce9b2606867,null_anytime,null_calibration,1857,501946275,16,5000,0.0,0.05,rbf,median,anytime,bonferroni,1,2,False,UNRESOLVED,5000,True,False,False,0.00048583297757431865,0.0,0.18209213411654696,True,True,True,False
219e5a8fdea5f9c5cf3e,null_anytime,null_calibration,1858,1467541910,16,5000,0.0,0.05,rbf,median,anytime,bonferroni,1,2,False,UNRESOLVED,5000,True,False,False,0.0005184579640626907,0.0,0.18209213411654696,True,True,True,False
0a564308cf4a57cf6c61,null_anytime,null_calibration,1859,1696755630,16,5000,0.0,0.05,rbf,median,anytime,bonferroni,1,2,False,UNRESOLVED,5000,True,False,False,0.0004648329922929406,0.0,0.18209213411654696,True,True,True,False
d3e444f6e8fa561bf606,null_anytime,null_calibration,1860,201558371,16,5000,0.0,0.05,rbf,median,anytime,bonferroni,1,2,False,UNRESOLVED,5000,True,False,False,0.0004230419872328639,0.0,0.18209213411654696,True,True,True,False
95989a53c10a2c626d2b,null_anytime,null_calibration,1861,801226604,16,5000,0.0,0.05,rbf,median,anytime,bonferroni,1,2,False,UNRESOLVED,5000,True,False,False,0.00045645900536328554,0.0,0.18209213411654696,True,True,True,False
6b825d1977829b86d049,null_anytime,null_calibration,1862,2014154558,16,5000,0.0,0.05,rbf,median,anytime,bonferroni,1,2,False,UNRESOLVED,5000,True,False,False,0.0005587090272456408,0.0,0.18209213411654696,True,True,True,False
c47987a29fe95641b611,null_anytime,null_calibration,1863,3562282245,16,5000,0.0,0.05,rbf,median,anytime,bonferroni,1,2,False,UNRESOLVED,5000,True,False,False,0.000593958015087992,0.0,0.18209213411654696,True,True,True,False
50595bf0eeff01297f1e,null_anytime,null_calibration,1864,478330966,16,5000,0.0,0.05,rbf,median,anytime,bonferroni,1,2,False,UNRESOLVED,5000,True,False,False,0.000504540977999568,0.0,0.18209213411654696,True,True,True,False
3d4fbfd00dfe5905e9a5,null_anytime,null_calibration,1865,2348998935,16,5000,0.0,0.05,rbf,median,anytime,bonferroni,1,2,False,UNRESOLVED,5000,True,False,False,0.000488624966237694,0.0,0.18209213411654696,True,True,True,False
45bb28471611c2126ac5,null_anytime,null_calibration,1866,2767251594,16,5000,0.0,0.05,rbf,median,anytime,bonferroni,1,2,False,UNRESOLVED,5000,True,False,False,0.0005053339991718531,0.0,0.18209213411654696,True,True,True,False
a32fdc7294e128e4a787,null_anytime,null_calibration,1867,243080608,16,5000,0.0,0.05,rbf,median,anytime,bonferroni,1,2,False,UNRESOLVED,5000,True,False,False,0.00041320902528241277,0.0,0.18209213411654696,True,True,True,False
03a0fbbea6ac533abfae,null_anytime,null_calibration,1868,3746485596,16,5000,0.0,0.05,rbf,median,anytime,bonferroni,1,2,False,UNRESOLVED,5000,True,False,False,0.0005917500238865614,0.0,0.18209213411654696,True,True,True,False
3b34f2e0a6100a67b3a5,null_anytime,null_calibration,1869,1189802259,16,5000,0.0,0.05,rbf,median,anytime,bonferroni,1,2,False,UNRESOLVED,5000,True,False,False,0.0005850829766131938,0.0,0.18209213411654696,True,True,True,False
12ab7cd6d84eaaa93a11,null_anytime,null_calibration,1870,209465366,16,5000,0.0,0.05,rbf,median,anytime,bonferroni,1,2,False,UNRESOLVED,5000,True,False,False,0.0005149170174263418,0.0,0.18209213411654696,True,True,True,False
2bca6f58e4c77b7665e3,null_anytime,null_calibration,1871,1461265512,16,5000,0.0,0.05,rbf,median,anytime,bonferroni,1,2,False,UNRESOLVED,5000,True,False,False,0.0006252080202102661,0.0,0.18209213411654696,True,True,True,False
4bcd7cde1fde4bdc113d,null_anytime,null_calibration,1872,577161352,16,5000,0.0,0.05,rbf,median,anytime,bonferroni,1,2,False,UNRESOLVED,5000,True,False,False,0.0005319159827195108,0.0,0.18209213411654696,True,True,True,False
a16bedb32d84fe618c8d,null_anytime,null_calibration,1873,3548437469,16,5000,0.0,0.05,rbf,median,anytime,bonferroni,1,2,False,UNRESOLVED,5000,True,False,False,0.00043595803435891867,0.0,0.18209213411654696,True,True,True,False
4c68019e3dffb6a0ee8f,null_anytime,null_calibration,1874,3607493199,16,5000,0.0,0.05,rbf,median,anytime,bonferroni,1,2,False,UNRESOLVED,5000,True,False,False,0.0004083329695276916,0.0,0.18209213411654696,True,True,True,False
0a284bceec914131dfd4,null_anytime,null_calibration,1875,3980577788,16,5000,0.0,0.05,rbf,median,anytime,bonferroni,1,2,False,UNRESOLVED,5000,True,False,False,0.00042862497502937913,0.0,0.18209213411654696,True,True,True,False
9af2bba4a43f5c3a38dc,null_anytime,null_calibration,1876,3529504194,16,5000,0.0,0.05,rbf,median,anytime,bonferroni,1,2,False,UNRESOLVED,5000,True,False,False,0.00041695800609886646,0.0,0.18209213411654696,True,True,True,False
d18ddc59088ddb9dcd20,null_anytime,null_calibration,1877,3139154464,16,5000,0.0,0.05,rbf,median,anytime,bonferroni,1,2,False,UNRESOLVED,5000,True,False,False,0.00046083296183496714,0.0,0.18209213411654696,True,True,True,False
979c7ad8554d903871f3,null_anytime,null_calibration,1878,4174196896,16,5000,0.0,0.05,rbf,median,anytime,bonferroni,1,2,False,UNRESOLVED,5000,True,False,False,0.0005285409861244261,0.0,0.18209213411654696,True,True,True,False
febefe9f07d5b01fcb25,null_anytime,null_calibration,1879,828023021,16,5000,0.0,0.05,rbf,median,anytime,bonferroni,1,2,False,UNRESOLVED,5000,True,False,False,0.0005456670187413692,0.0,0.18209213411654696,True,True,True,False
d2201c9e8befe22392aa,null_anytime,null_calibration,1880,2888353553,16,5000,0.0,0.05,rbf,median,anytime,bonferroni,1,2,False,UNRESOLVED,5000,True,False,False,0.0005026670405641198,0.0,0.18209213411654696,True,True,True,False
93734a8f227f9a0de99d,null_anytime,null_calibration,1881,2780041739,16,5000,0.0,0.05,rbf,median,anytime,bonferroni,1,2,False,UNRESOLVED,5000,True,False,False,0.00048575003165751696,0.0,0.18209213411654696,True,True,True,False
f02cd36a6f5cdfbedf58,null_anytime,null_calibration,1882,2767921787,16,5000,0.0,0.05,rbf,median,anytime,bonferroni,1,2,False,UNRESOLVED,5000,True,False,False,0.0004885829985141754,0.0,0.18209213411654696,True,True,True,False
122c48bd0e0c41e683e4,null_anytime,null_calibration,1883,3109077921,16,5000,0.0,0.05,rbf,median,anytime,bonferroni,1,2,False,UNRESOLVED,5000,True,False,False,0.0004790410166606307,0.0,0.18209213411654696,True,True,True,False
5495cbf7a68eab394f62,null_anytime,null_calibration,1884,336703467,16,5000,0.0,0.05,rbf,median,anytime,bonferroni,1,2,False,UNRESOLVED,5000,True,False,False,0.0004778330330736935,0.0,0.18209213411654696,True,True,True,False
efbda4df98735356ce26,null_anytime,null_calibration,1885,1786083993,16,5000,0.0,0.05,rbf,median,anytime,bonferroni,1,2,False,UNRESOLVED,5000,True,False,False,0.00047558301594108343,0.0,0.18209213411654696,True,True,True,False
802c64d067599cb59ace,null_anytime,null_calibration,1886,1666289763,16,5000,0.0,0.05,rbf,median,anytime,bonferroni,1,2,False,UNRESOLVED,5000,True,False,False,0.00047874997835606337,0.0,0.18209213411654696,True,True,True,False
8e655eb15443e924a5cc,null_anytime,null_calibration,1887,3991189989,16,5000,0.0,0.05,rbf,median,anytime,bonferroni,1,2,False,UNRESOLVED,5000,True,False,False,0.00047795800492167473,0.0,0.18209213411654696,True,True,True,False
1a5ada916bb46ede5dd3,null_anytime,null_calibration,1888,4103415436,16,5000,0.0,0.05,rbf,median,anytime,bonferroni,1,2,False,UNRESOLVED,5000,True,False,False,0.00048154202522709966,0.0,0.18209213411654696,True,True,True,False
20c6a846ccaf952edac6,null_anytime,null_calibration,1889,343001988,16,5000,0.0,0.05,rbf,median,anytime,bonferroni,1,2,False,UNRESOLVED,5000,True,False,False,0.00048354099271818995,0.0,0.18209213411654696,True,True,True,False
ed1e420cd0ebedda163c,null_anytime,null_calibration,1890,3539317583,16,5000,0.0,0.05,rbf,median,anytime,bonferroni,1,2,False,UNRESOLVED,5000,True,False,False,0.00048441701801493764,0.0,0.18209213411654696,True,True,True,False
a8a44f3c2d863b90ced6,null_anytime,null_calibration,1891,1603408609,16,5000,0.0,0.05,rbf,median,anytime,bonferroni,1,2,False,UNRESOLVED,5000,True,False,False,0.0004865829832851887,0.0,0.18209213411654696,True,True,True,False
ee3ac6755ef1c0eb3dfb,null_anytime,null_calibration,1892,3314028344,16,5000,0.0,0.05,rbf,median,anytime,bonferroni,1,2,False,UNRESOLVED,5000,True,False,False,0.0004775839624926448,0.0,0.18209213411654696,True,True,True,False
7bfc53a1a8b9fccb259d,null_anytime,null_calibration,1893,3461169645,16,5000,0.0,0.05,rbf,median,anytime,bonferroni,1,2,False,UNRESOLVED,5000,True,False,False,0.000572625023778528,0.0,0.18209213411654696,True,True,True,False
2953210399312e8714d0,null_anytime,null_calibration,1894,238747866,16,5000,0.0,0.05,rbf,median,anytime,bonferroni,1,2,False,UNRESOLVED,5000,True,False,False,0.0004189580213278532,0.0,0.18209213411654696,True,True,True,False
98caad61c01c9f09aeb6,null_anytime,null_calibration,1895,3839098442,16,5000,0.0,0.05,rbf,median,anytime,bonferroni,1,2,False,UNRESOLVED,5000,True,False,False,0.000410082982853055,0.0,0.18209213411654696,True,True,True,False
84d738b617b0e990de39,null_anytime,null_calibration,1896,2150174538,16,5000,0.0,0.05,rbf,median,anytime,bonferroni,1,2,False,UNRESOLVED,5000,True,False,False,0.0004124999977648258,0.0,0.18209213411654696,True,True,True,False
1d13148662cb74ceb4ce,null_anytime,null_calibration,1897,2575250632,16,5000,0.0,0.05,rbf,median,anytime,bonferroni,1,2,False,UNRESOLVED,5000,True,False,False,0.00040737498784437776,0.0,0.18209213411654696,True,True,True,False
ef840b6701ba7e3d89ca,null_anytime,null_calibration,1898,462470616,16,5000,0.0,0.05,rbf,median,anytime,bonferroni,1,2,False,UNRESOLVED,5000,True,False,False,0.00040195800829678774,0.0,0.18209213411654696,True,True,True,False
a525a21c7687759ab36f,null_anytime,null_calibration,1899,2893854424,16,5000,0.0,0.05,rbf,median,anytime,bonferroni,1,2,False,UNRESOLVED,5000,True,False,False,0.00040083297062665224,0.0,0.18209213411654696,True,True,True,False
abde9f608dc56374e41a,null_anytime,null_calibration,1900,4071764203,16,5000,0.0,0.05,rbf,median,anytime,bonferroni,1,2,False,UNRESOLVED,5000,True,False,False,0.00040195899782702327,0.0,0.18209213411654696,True,True,True,False
442f631b2a2c9d71acf2,null_anytime,null_calibration,1901,1139788760,16,5000,0.0,0.05,rbf,median,anytime,bonferroni,1,2,False,UNRESOLVED,5000,True,False,False,0.00040116702439263463,0.0,0.18209213411654696,True,True,True,False
4bb5da60716fbc348059,null_anytime,null_calibration,1902,273706061,16,5000,0.0,0.05,rbf,median,anytime,bonferroni,1,2,False,UNRESOLVED,5000,True,False,False,0.0004002919886261225,0.0,0.18209213411654696,True,True,True,False
753239016683d75da6aa,null_anytime,null_calibration,1903,3592716915,16,5000,0.0,0.05,rbf,median,anytime,bonferroni,1,2,False,UNRESOLVED,5000,True,False,False,0.0004042079672217369,0.0,0.18209213411654696,True,True,True,False
7059e82e5848024973f3,null_anytime,null_calibration,1904,1906060792,16,5000,0.0,0.05,rbf,median,anytime,bonferroni,1,2,False,UNRESOLVED,5000,True,False,False,0.0004000000189989805,0.0,0.18209213411654696,True,True,True,False
94c537ece310ac58dc73,null_anytime,null_calibration,1905,2415970124,16,5000,0.0,0.05,rbf,median,anytime,bonferroni,1,2,False,UNRESOLVED,5000,True,False,False,0.0004010419943369925,0.0,0.18209213411654696,True,True,True,False
b4e951872360c4030ee4,null_anytime,null_calibration,1906,1724174358,16,5000,0.0,0.05,rbf,median,anytime,bonferroni,1,2,False,UNRESOLVED,5000,True,False,False,0.00039916601963341236,0.0,0.18209213411654696,True,True,True,False
5fb1ec559ce3242fd4af,null_anytime,null_calibration,1907,339914048,16,5000,0.0,0.05,rbf,median,anytime,bonferroni,1,2,False,UNRESOLVED,5000,True,False,False,0.00039891700726002455,0.0,0.18209213411654696,True,True,True,False
fed2df6f509ff87a94e5,null_anytime,null_calibration,1908,3903613345,16,5000,0.0,0.05,rbf,median,anytime,bonferroni,1,2,False,UNRESOLVED,5000,True,False,False,0.0003969579702243209,0.0,0.18209213411654696,True,True,True,False
446bfb6ec0f87a426563,null_anytime,null_calibration,1909,614512705,16,5000,0.0,0.05,rbf,median,anytime,bonferroni,1,2,False,UNRESOLVED,5000,True,False,False,0.0003997919848188758,0.0,0.18209213411654696,True,True,True,False
a3ec1bffe99b4ec40af9,null_anytime,null_calibration,1910,3611763772,16,5000,0.0,0.05,rbf,median,anytime,bonferroni,1,2,False,UNRESOLVED,5000,True,False,False,0.0004153340123593807,0.0,0.18209213411654696,True,True,True,False
04b8a7091cf7c0697e54,null_anytime,null_calibration,1911,2734205825,16,5000,0.0,0.05,rbf,median,anytime,bonferroni,1,2,False,UNRESOLVED,5000,True,False,False,0.00040075002470985055,0.0,0.18209213411654696,True,True,True,False
a4628f6c34d43e0ed235,null_anytime,null_calibration,1912,1755644698,16,5000,0.0,0.05,rbf,median,anytime,bonferroni,1,2,False,UNRESOLVED,5000,True,False,False,0.0003999170148745179,0.0,0.18209213411654696,True,True,True,False
2dc80699838a004446a0,null_anytime,null_calibration,1913,3462740802,16,5000,0.0,0.05,rbf,median,anytime,bonferroni,1,2,False,UNRESOLVED,5000,True,False,False,0.0003992500132881105,0.0,0.18209213411654696,True,True,True,False
e7a412e3ea7ceeb13edf,null_anytime,null_calibration,1914,2657046985,16,5000,0.0,0.05,rbf,median,anytime,bonferroni,1,2,False,UNRESOLVED,5000,True,False,False,0.0003987919772043824,0.0,0.18209213411654696,True,True,True,False
10775ea9c68634fa68bd,null_anytime,null_calibration,1915,4045923473,16,5000,0.0,0.05,rbf,median,anytime,bonferroni,1,2,False,UNRESOLVED,5000,True,False,False,0.00039870903128758073,0.0,0.18209213411654696,True,True,True,False
611d9bb327ca253c0fb1,null_anytime,null_calibration,1916,1287802665,16,5000,0.0,0.05,rbf,median,anytime,bonferroni,1,2,False,UNRESOLVED,5000,True,False,False,0.00039841694524511695,0.0,0.18209213411654696,True,True,True,False
01734e5531f5b1b1b746,null_anytime,null_calibration,1917,586099362,16,5000,0.0,0.05,rbf,median,anytime,bonferroni,1,2,False,UNRESOLVED,5000,True,False,False,0.0004023750079795718,0.0,0.18209213411654696,True,True,True,False
363e7b84d013e92fab6a,null_anytime,null_calibration,1918,806510491,16,5000,0.0,0.05,rbf,median,anytime,bonferroni,1,2,False,UNRESOLVED,5000,True,False,False,0.0003997920430265367,0.0,0.18209213411654696,True,True,True,False
e9ae6b48f8900efb2277,null_anytime,null_calibration,1919,4161093597,16,5000,0.0,0.05,rbf,median,anytime,bonferroni,1,2,False,UNRESOLVED,5000,True,False,False,0.0003971249680034816,0.0,0.18209213411654696,True,True,True,False
5ba38387e77ef30113e5,null_anytime,null_calibration,1920,3629430634,16,5000,0.0,0.05,rbf,median,anytime,bonferroni,1,2,False,UNRESOLVED,5000,True,False,False,0.0003980000037699938,0.0,0.18209213411654696,True,True,True,False
e36f9392ea828ffb8109,null_anytime,null_calibration,1921,3946278852,16,5000,0.0,0.05,rbf,median,anytime,bonferroni,1,2,False,UNRESOLVED,5000,True,False,False,0.00039979099528864026,0.0,0.18209213411654696,True,True,True,False
b882578798fbf8fa3fad,null_anytime,null_calibration,1922,4020654318,16,5000,0.0,0.05,rbf,median,anytime,bonferroni,1,2,False,UNRESOLVED,5000,True,False,False,0.00040016695857048035,0.0,0.18209213411654696,True,True,True,False
9f2b4b7f6662ba69aae7,null_anytime,null_calibration,1923,969316354,16,5000,0.0,0.05,rbf,median,anytime,bonferroni,1,2,False,UNRESOLVED,5000,True,False,False,0.0003974579740315676,0.0,0.18209213411654696,True,True,True,False
f79c57638a2770d96b8f,null_anytime,null_calibration,1924,2682462071,16,5000,0.0,0.05,rbf,median,anytime,bonferroni,1,2,False,UNRESOLVED,5000,True,False,False,0.00040029099909588695,0.0,0.18209213411654696,True,True,True,False
20e38990ed2772cc7a82,null_anytime,null_calibration,1925,3562214684,16,5000,0.0,0.05,rbf,median,anytime,bonferroni,1,2,False,UNRESOLVED,5000,True,False,False,0.00040137500036507845,0.0,0.18209213411654696,True,True,True,False
9b93d86996a371e1e975,null_anytime,null_calibration,1926,2713011576,16,5000,0.0,0.05,rbf,median,anytime,bonferroni,1,2,False,UNRESOLVED,5000,True,False,False,0.0003986249794252217,0.0,0.18209213411654696,True,True,True,False
5f7aa2f586c7c55d89b1,null_anytime,null_calibration,1927,2585258918,16,5000,0.0,0.05,rbf,median,anytime,bonferroni,1,2,False,UNRESOLVED,5000,True,False,False,0.0004022089997306466,0.0,0.18209213411654696,True,True,True,False
a6d5e64d279f191ddc96,null_anytime,null_calibration,1928,2226966657,16,5000,0.0,0.05,rbf,median,anytime,bonferroni,1,2,False,UNRESOLVED,5000,True,False,False,0.0004110830486752093,0.0,0.18209213411654696,True,True,True,False
7e4ab5da244f0cc4cdbc,null_anytime,null_calibration,1929,826997620,16,5000,0.0,0.05,rbf,median,anytime,bonferroni,1,2,False,UNRESOLVED,5000,True,False,False,0.0004009170224890113,0.0,0.18209213411654696,True,True,True,False
978d109f52eeb42a32a2,null_anytime,null_calibration,1930,4243442389,16,5000,0.0,0.05,rbf,median,anytime,bonferroni,1,2,False,UNRESOLVED,5000,True,False,False,0.0003994160215370357,0.0,0.18209213411654696,True,True,True,False
cb6d734ceb1996d0c771,null_anytime,null_calibration,1931,1736489213,16,5000,0.0,0.05,rbf,median,anytime,bonferroni,1,2,False,UNRESOLVED,5000,True,False,False,0.0005366670084185898,0.0,0.18209213411654696,True,True,True,False
b4fd48f1cffc397923d3,null_anytime,null_calibration,1932,3505010141,16,5000,0.0,0.05,rbf,median,anytime,bonferroni,1,2,False,UNRESOLVED,5000,True,False,False,0.0004070419818162918,0.0,0.18209213411654696,True,True,True,False
869c3eea599d6cae4a85,null_anytime,null_calibration,1933,1122284238,16,5000,0.0,0.05,rbf,median,anytime,bonferroni,1,2,False,UNRESOLVED,5000,True,False,False,0.0003979169996455312,0.0,0.18209213411654696,True,True,True,False
172bd8c521487c7de996,null_anytime,null_calibration,1934,1208821935,16,5000,0.0,0.05,rbf,median,anytime,bonferroni,1,2,False,UNRESOLVED,5000,True,False,False,0.00039841700345277786,0.0,0.18209213411654696,True,True,True,False
3b2310de614146621bdb,null_anytime,null_calibration,1935,1081593097,16,5000,0.0,0.05,rbf,median,anytime,bonferroni,1,2,False,UNRESOLVED,5000,True,False,False,0.0003963750205002725,0.0,0.18209213411654696,True,True,True,False
05396a950b2936561bf4,null_anytime,null_calibration,1936,1362534379,16,5000,0.0,0.05,rbf,median,anytime,bonferroni,1,2,False,UNRESOLVED,5000,True,False,False,0.00039787503192201257,0.0,0.18209213411654696,True,True,True,False
effdaded80fcc431aefc,null_anytime,null_calibration,1937,2812025693,16,5000,0.0,0.05,rbf,median,anytime,bonferroni,1,2,False,UNRESOLVED,5000,True,False,False,0.00040137500036507845,0.0,0.18209213411654696,True,True,True,False
f99543e810b2511306d0,null_anytime,null_calibration,1938,3800063711,16,5000,0.0,0.05,rbf,median,anytime,bonferroni,1,2,False,UNRESOLVED,5000,True,False,False,0.00039433297934010625,0.0,0.18209213411654696,True,True,True,False
c3835846574c89e057bf,null_anytime,null_calibration,1939,2777949669,16,5000,0.0,0.05,rbf,median,anytime,bonferroni,1,2,False,UNRESOLVED,5000,True,False,False,0.00048154202522709966,0.0,0.18209213411654696,True,True,True,False
1279709269de63511600,null_anytime,null_calibration,1940,2495759302,16,5000,0.0,0.05,rbf,median,anytime,bonferroni,1,2,False,UNRESOLVED,5000,True,False,False,0.0005236249999143183,0.0,0.18209213411654696,True,True,True,False
1cfb69123455d772c4b1,null_anytime,null_calibration,1941,2775593634,16,5000,0.0,0.05,rbf,median,anytime,bonferroni,1,2,False,UNRESOLVED,5000,True,False,False,0.0004862079513259232,0.0,0.18209213411654696,True,True,True,False
55821f980815f7e55845,null_anytime,null_calibration,1942,3248110319,16,5000,0.0,0.05,rbf,median,anytime,bonferroni,1,2,False,UNRESOLVED,5000,True,False,False,0.0004843329661525786,0.0,0.18209213411654696,True,True,True,False
561cdefc617adddfbb25,null_anytime,null_calibration,1943,1842027699,16,5000,0.0,0.05,rbf,median,anytime,bonferroni,1,2,False,UNRESOLVED,5000,True,False,False,0.00047516601625829935,0.0,0.18209213411654696,True,True,True,False
7472d31d52617ce2aab6,null_anytime,null_calibration,1944,181326351,16,5000,0.0,0.05,rbf,median,anytime,bonferroni,1,2,False,UNRESOLVED,5000,True,False,False,0.00048445898573845625,0.0,0.18209213411654696,True,True,True,False
714e6accfaa3cd2f802f,null_anytime,null_calibration,1945,1137356921,16,5000,0.0,0.05,rbf,median,anytime,bonferroni,1,2,False,UNRESOLVED,5000,True,False,False,0.00048641598550602794,0.0,0.18209213411654696,True,True,True,False
b13e1dc8a6971f91a707,null_anytime,null_calibration,1946,549975656,16,5000,0.0,0.05,rbf,median,anytime,bonferroni,1,2,False,UNRESOLVED,5000,True,False,False,0.00047687499318271875,0.0,0.18209213411654696,True,True,True,False
1e8e7163acca1e2fa19d,null_anytime,null_calibration,1947,1205868470,16,5000,0.0,0.05,rbf,median,anytime,bonferroni,1,2,False,UNRESOLVED,5000,True,False,False,0.000499167013913393,0.0,0.18209213411654696,True,True,True,False
2d96830ee752b152ee53,null_anytime,null_calibration,1948,415587264,16,5000,0.0,0.05,rbf,median,anytime,bonferroni,1,2,False,UNRESOLVED,5000,True,False,False,0.0005140420398674905,0.0,0.18209213411654696,True,True,True,False
4a45db3d8ebccdd3442f,null_anytime,null_calibration,1949,1669856550,16,5000,0.0,0.05,rbf,median,anytime,bonferroni,1,2,False,UNRESOLVED,5000,True,False,False,0.000504583993460983,0.0,0.18209213411654696,True,True,True,False
e05a10cff93cae83ca7e,null_anytime,null_calibration,1950,4107407807,16,5000,0.0,0.05,rbf,median,anytime,bonferroni,1,2,False,UNRESOLVED,5000,True,False,False,0.0004817919689230621,0.0,0.18209213411654696,True,True,True,False
9f5f26374333c76373b5,null_anytime,null_calibration,1951,1354290329,16,5000,0.0,0.05,rbf,median,anytime,bonferroni,1,2,False,UNRESOLVED,5000,True,False,False,0.0004740420263260603,0.0,0.18209213411654696,True,True,True,False
ea33ecd6a5b2a4a189ab,null_anytime,null_calibration,1952,1735386745,16,5000,0.0,0.05,rbf,median,anytime,bonferroni,1,2,False,UNRESOLVED,5000,True,False,False,0.0004164999700151384,0.0,0.18209213411654696,True,True,True,False
b41e93a0e4e11e39ffca,null_anytime,null_calibration,1953,4025230723,16,5000,0.0,0.05,rbf,median,anytime,bonferroni,1,2,False,UNRESOLVED,5000,True,False,False,0.0004044999950565398,0.0,0.18209213411654696,True,True,True,False
ac05cc48df50bd06d5ea,null_anytime,null_calibration,1954,3173153629,16,5000,0.0,0.05,rbf,median,anytime,bonferroni,1,2,False,UNRESOLVED,5000,True,False,False,0.0003994579892605543,0.0,0.18209213411654696,True,True,True,False
298b9e9d339968825bfe,null_anytime,null_calibration,1955,3279860728,16,5000,0.0,0.05,rbf,median,anytime,bonferroni,1,2,False,UNRESOLVED,5000,True,False,False,0.00039941701106727123,0.0,0.18209213411654696,True,True,True,False
2e260c749ac144f81d5d,null_anytime,null_calibration,1956,978246426,16,5000,0.0,0.05,rbf,median,anytime,bonferroni,1,2,False,UNRESOLVED,5000,True,False,False,0.00039766699774190784,0.0,0.18209213411654696,True,True,True,False
6335f1fd8e37896af16c,null_anytime,null_calibration,1957,1550273586,16,5000,0.0,0.05,rbf,median,anytime,bonferroni,1,2,False,UNRESOLVED,5000,True,False,False,0.0003985419753007591,0.0,0.18209213411654696,True,True,True,False
c13041b0decc1c22d9d1,null_anytime,null_calibration,1958,2422166334,16,5000,0.0,0.05,rbf,median,anytime,bonferroni,1,2,False,UNRESOLVED,5000,True,False,False,0.0003964169882237911,0.0,0.18209213411654696,True,True,True,False
5bc278f13f62ad9a4896,null_anytime,null_calibration,1959,280830779,16,5000,0.0,0.05,rbf,median,anytime,bonferroni,1,2,False,UNRESOLVED,5000,True,False,False,0.00039641704643145204,0.0,0.18209213411654696,True,True,True,False
b5c76e647c588c6661fd,null_anytime,null_calibration,1960,2933444837,16,5000,0.0,0.05,rbf,median,anytime,bonferroni,1,2,False,UNRESOLVED,5000,True,False,False,0.0003980000037699938,0.0,0.18209213411654696,True,True,True,False
f1a490ee5150052290be,null_anytime,null_calibration,1961,3373289302,16,5000,0.0,0.05,rbf,median,anytime,bonferroni,1,2,False,UNRESOLVED,5000,True,False,False,0.0003949590027332306,0.0,0.18209213411654696,True,True,True,False
7e72714e928355c4e579,null_anytime,null_calibration,1962,3621036451,16,5000,0.0,0.05,rbf,median,anytime,bonferroni,1,2,False,UNRESOLVED,5000,True,False,False,0.00039587501669302583,0.0,0.18209213411654696,True,True,True,False
847541e5a7828f6a6f38,null_anytime,null_calibration,1963,2182444428,16,5000,0.0,0.05,rbf,median,anytime,bonferroni,1,2,False,UNRESOLVED,5000,True,False,False,0.0003960839821957052,0.0,0.18209213411654696,True,True,True,False
98ca50d48e59a04bb6a8,null_anytime,null_calibration,1964,38390509,16,5000,0.0,0.05,rbf,median,anytime,bonferroni,1,2,False,UNRESOLVED,5000,True,False,False,0.0003964999923482537,0.0,0.18209213411654696,True,True,True,False
04c08ca86fb01b8189d0,null_anytime,null_calibration,1965,3482176554,16,5000,0.0,0.05,rbf,median,anytime,bonferroni,1,2,False,UNRESOLVED,5000,True,False,False,0.00039670802652835846,0.0,0.18209213411654696,True,True,True,False
c621a2a72a878dc2ddc3,null_anytime,null_calibration,1966,1928487019,16,5000,0.0,0.05,rbf,median,anytime,bonferroni,1,2,False,UNRESOLVED,5000,True,False,False,0.00039712502621114254,0.0,0.18209213411654696,True,True,True,False
89f84adcc28f086c9d66,null_anytime,null_calibration,1967,1772187810,16,5000,0.0,0.05,rbf,median,anytime,bonferroni,1,2,False,UNRESOLVED,5000,True,False,False,0.00039670796832069755,0.0,0.18209213411654696,True,True,True,False
4620d382c304f2022f61,null_anytime,null_calibration,1968,1130614986,16,5000,0.0,0.05,rbf,median,anytime,bonferroni,1,2,False,UNRESOLVED,5000,True,False,False,0.0003980000037699938,0.0,0.18209213411654696,True,True,True,False
533748d0f4c64fd453f5,null_anytime,null_calibration,1969,1428617159,16,5000,0.0,0.05,rbf,median,anytime,bonferroni,1,2,False,UNRESOLVED,5000,True,False,False,0.0003968749660998583,0.0,0.18209213411654696,True,True,True,False
f51df5ec813f27a646dc,null_anytime,null_calibration,1970,3579843846,16,5000,0.0,0.05,rbf,median,anytime,bonferroni,1,2,False,UNRESOLVED,5000,True,False,False,0.0003976660082116723,0.0,0.18209213411654696,True,True,True,False
8a56427d457c2f945283,null_anytime,null_calibration,1971,2324742769,16,5000,0.0,0.05,rbf,median,anytime,bonferroni,1,2,False,UNRESOLVED,5000,True,False,False,0.00040262495167553425,0.0,0.18209213411654696,True,True,True,False
f273446e820dfea0ef05,null_anytime,null_calibration,1972,2941349879,16,5000,0.0,0.05,rbf,median,anytime,bonferroni,1,2,False,UNRESOLVED,5000,True,False,False,0.00039729103446006775,0.0,0.18209213411654696,True,True,True,False
a739817693ca15048e78,null_anytime,null_calibration,1973,4111011627,16,5000,0.0,0.05,rbf,median,anytime,bonferroni,1,2,False,UNRESOLVED,5000,True,False,False,0.0003985840012319386,0.0,0.18209213411654696,True,True,True,False
ff5dee468c76dc0dc6ab,null_anytime,null_calibration,1974,1483225761,16,5000,0.0,0.05,rbf,median,anytime,bonferroni,1,2,False,UNRESOLVED,5000,True,False,False,0.0003975830040872097,0.0,0.18209213411654696,True,True,True,False
15bc2af6fb74acd34af7,null_anytime,null_calibration,1975,1311476237,16,5000,0.0,0.05,rbf,median,anytime,bonferroni,1,2,False,UNRESOLVED,5000,True,False,False,0.00040083302883431315,0.0,0.18209213411654696,True,True,True,False
ce5b88251021036ea54f,null_anytime,null_calibration,1976,881282177,16,5000,0.0,0.05,rbf,median,anytime,bonferroni,1,2,False,UNRESOLVED,5000,True,False,False,0.00039716699393466115,0.0,0.18209213411654696,True,True,True,False
6a5968c25863847ca6ec,null_anytime,null_calibration,1977,1740825747,16,5000,0.0,0.05,rbf,median,anytime,bonferroni,1,2,False,UNRESOLVED,5000,True,False,False,0.0003962920163758099,0.0,0.18209213411654696,True,True,True,False
4f79f36f53c9720c2177,null_anytime,null_calibration,1978,580179424,16,5000,0.0,0.05,rbf,median,anytime,bonferroni,1,2,False,UNRESOLVED,5000,True,False,False,0.000395249982830137,0.0,0.18209213411654696,True,True,True,False
32935aab507ae3590d66,null_anytime,null_calibration,1979,3100951914,16,5000,0.0,0.05,rbf,median,anytime,bonferroni,1,2,False,UNRESOLVED,5000,True,False,False,0.00039608305087313056,0.0,0.18209213411654696,True,True,True,False
05b6be535607170b84cb,null_anytime,null_calibration,1980,87384339,16,5000,0.0,0.05,rbf,median,anytime,bonferroni,1,2,False,UNRESOLVED,5000,True,False,False,0.0004987079882994294,0.0,0.18209213411654696,True,True,True,False
43b44120c84162ae9ce6,null_anytime,null_calibration,1981,3777178834,16,5000,0.0,0.05,rbf,median,anytime,bonferroni,1,2,False,UNRESOLVED,5000,True,False,False,0.0005476250080391765,0.0,0.18209213411654696,True,True,True,False
d47cb03353cfee67fd90,null_anytime,null_calibration,1982,1046172033,16,5000,0.0,0.05,rbf,median,anytime,bonferroni,1,2,False,UNRESOLVED,5000,True,False,False,0.0005130000063218176,0.0,0.18209213411654696,True,True,True,False
d9d739dc45f3e7c53aec,null_anytime,null_calibration,1983,4179637511,16,5000,0.0,0.05,rbf,median,anytime,bonferroni,1,2,False,UNRESOLVED,5000,True,False,False,0.0005086670280434191,0.0,0.18209213411654696,True,True,True,False
ec4332ab7597f9417148,null_anytime,null_calibration,1984,768328221,16,5000,0.0,0.05,rbf,median,anytime,bonferroni,1,2,False,UNRESOLVED,5000,True,False,False,0.0005035420181229711,0.0,0.18209213411654696,True,True,True,False
062e6c88d0fcbb0dc10e,null_anytime,null_calibration,1985,4244034134,16,5000,0.0,0.05,rbf,median,anytime,bonferroni,1,2,False,UNRESOLVED,5000,True,False,False,0.0005118330009281635,0.0,0.18209213411654696,True,True,True,False
5b0c17729f721443eede,null_anytime,null_calibration,1986,1268593849,16,5000,0.0,0.05,rbf,median,anytime,bonferroni,1,2,False,UNRESOLVED,5000,True,False,False,0.0005160000291652977,0.0,0.18209213411654696,True,True,True,False
de5d1779bfbbc6a97a17,null_anytime,null_calibration,1987,4231125424,16,5000,0.0,0.05,rbf,median,anytime,bonferroni,1,2,False,UNRESOLVED,5000,True,False,False,0.0004905830137431622,0.0,0.18209213411654696,True,True,True,False
6595bb87c9febd0bec75,null_anytime,null_calibration,1988,4190761500,16,5000,0.0,0.05,rbf,median,anytime,bonferroni,1,2,False,UNRESOLVED,5000,True,False,False,0.0004826249787583947,0.0,0.18209213411654696,True,True,True,False
886462157b74f4141e02,null_anytime,null_calibration,1989,1144030175,16,5000,0.0,0.05,rbf,median,anytime,bonferroni,1,2,False,UNRESOLVED,5000,True,False,False,0.0004895419697277248,0.0,0.18209213411654696,True,True,True,False
30be83fa4803c768127c,null_anytime,null_calibration,1990,3446631400,16,5000,0.0,0.05,rbf,median,anytime,bonferroni,1,2,False,UNRESOLVED,5000,True,False,False,0.0004811669932678342,0.0,0.18209213411654696,True,True,True,False
4aa012ad8c0d211314b1,null_anytime,null_calibration,1991,3921531867,16,5000,0.0,0.05,rbf,median,anytime,bonferroni,1,2,False,UNRESOLVED,5000,True,False,False,0.0004851659759879112,0.0,0.18209213411654696,True,True,True,False
1c71b527d0f93215da79,null_anytime,null_calibration,1992,2248414151,16,5000,0.0,0.05,rbf,median,anytime,bonferroni,1,2,False,UNRESOLVED,5000,True,False,False,0.00047829095274209976,0.0,0.18209213411654696,True,True,True,False
c6b71fdb9148bbbfcde4,null_anytime,null_calibration,1993,197598008,16,5000,0.0,0.05,rbf,median,anytime,bonferroni,1,2,False,UNRESOLVED,5000,True,False,False,0.0004735839902423322,0.0,0.18209213411654696,True,True,True,False
0c088e1582e87e57d95c,null_anytime,null_calibration,1994,3066499264,16,5000,0.0,0.05,rbf,median,anytime,bonferroni,1,2,False,UNRESOLVED,5000,True,False,False,0.00048104202141985297,0.0,0.18209213411654696,True,True,True,False
841643e9be118680abec,null_anytime,null_calibration,1995,1969640351,16,5000,0.0,0.05,rbf,median,anytime,bonferroni,1,2,False,UNRESOLVED,5000,True,False,False,0.00047816603910177946,0.0,0.18209213411654696,True,True,True,False
0cc8f4c57cb7454ea960,null_anytime,null_calibration,1996,4013016377,16,5000,0.0,0.05,rbf,median,anytime,bonferroni,1,2,False,UNRESOLVED,5000,True,False,False,0.0004862080095335841,0.0,0.18209213411654696,True,True,True,False
2a023e3d335fbb1a63d2,null_anytime,null_calibration,1997,2355354053,16,5000,0.0,0.05,rbf,median,anytime,bonferroni,1,2,False,UNRESOLVED,5000,True,False,False,0.000494833046104759,0.0,0.18209213411654696,True,True,True,False
7888f06ea4612c348c4d,null_anytime,null_calibration,1998,640702550,16,5000,0.0,0.05,rbf,median,anytime,bonferroni,1,2,False,UNRESOLVED,5000,True,False,False,0.0004892920260317624,0.0,0.18209213411654696,True,True,True,False
edc053f24fcb3a222673,null_anytime,null_calibration,1999,4273104597,16,5000,0.0,0.05,rbf,median,anytime,bonferroni,1,2,False,UNRESOLVED,5000,True,False,False,0.0004801249597221613,0.0,0.18209213411654696,True,True,True,False
8b9eb957baec1aa3a30e,null_anytime,null_calibration,2000,144547708,16,5000,0.0,0.05,rbf,median,anytime,bonferroni,1,2,False,UNRESOLVED,5000,True,False,False,0.0004163749981671572,0.0,0.18209213411654696,True,True,True,False
cedee9019a006ca46cf0,null_anytime,null_calibration,2001,2442733136,16,5000,0.0,0.05,rbf,median,anytime,bonferroni,1,2,False,UNRESOLVED,5000,True,False,False,0.00040487502701580524,0.0,0.18209213411654696,True,True,True,False
5e657c076c6917d52f49,null_anytime,null_calibration,2002,3905567900,16,5000,0.0,0.05,rbf,median,anytime,bonferroni,1,2,False,UNRESOLVED,5000,True,False,False,0.0003987909876741469,0.0,0.18209213411654696,True,True,True,False
2bd97ac18351fcf55756,null_anytime,null_calibration,2003,2464379515,16,5000,0.0,0.05,rbf,median,anytime,bonferroni,1,2,False,UNRESOLVED,5000,True,False,False,0.00040324998553842306,0.0,0.18209213411654696,True,True,True,False
77a1abd23d5b7257cb74,null_anytime,null_calibration,2004,1312854895,16,5000,0.0,0.05,rbf,median,anytime,bonferroni,1,2,False,UNRESOLVED,5000,True,False,False,0.0003986670053564012,0.0,0.18209213411654696,True,True,True,False
12c80848c8e9e5968f03,null_anytime,null_calibration,2005,4147842027,16,5000,0.0,0.05,rbf,median,anytime,bonferroni,1,2,False,UNRESOLVED,5000,True,False,False,0.0003968749660998583,0.0,0.18209213411654696,True,True,True,False
3ad618bbceba1fa849bd,null_anytime,null_calibration,2006,2710536467,16,5000,0.0,0.05,rbf,median,anytime,bonferroni,1,2,False,UNRESOLVED,5000,True,False,False,0.0003974579740315676,0.0,0.18209213411654696,True,True,True,False
d0cd88f88d22c87dc16e,null_anytime,null_calibration,2007,3155281860,16,5000,0.0,0.05,rbf,median,anytime,bonferroni,1,2,False,UNRESOLVED,5000,True,False,False,0.00039695901796221733,0.0,0.18209213411654696,True,True,True,False
ed9fba48302ec1c7180e,null_anytime,null_calibration,2008,3054102137,16,5000,0.0,0.05,rbf,median,anytime,bonferroni,1,2,False,UNRESOLVED,5000,True,False,False,0.0003958329907618463,0.0,0.18209213411654696,True,True,True,False
5ce1321fe29bd5902f13,null_anytime,null_calibration,2009,2111488384,16,5000,0.0,0.05,rbf,median,anytime,bonferroni,1,2,False,UNRESOLVED,5000,True,False,False,0.0003964999923482537,0.0,0.18209213411654696,True,True,True,False
27bd2ceefd8957f267df,null_anytime,null_calibration,2010,581173926,16,5000,0.0,0.05,rbf,median,anytime,bonferroni,1,2,False,UNRESOLVED,5000,True,False,False,0.0003951250109821558,0.0,0.18209213411654696,True,True,True,False
efc5e69d4aab6ceafde2,null_anytime,null_calibration,2011,2541144182,16,5000,0.0,0.05,rbf,median,anytime,bonferroni,1,2,False,UNRESOLVED,5000,True,False,False,0.00040208298014476895,0.0,0.18209213411654696,True,True,True,False
f6727eff10916ac419b6,null_anytime,null_calibration,2012,343960687,16,5000,0.0,0.05,rbf,median,anytime,bonferroni,1,2,False,UNRESOLVED,5000,True,False,False,0.00039733300218358636,0.0,0.18209213411654696,True,True,True,False
047ef92e947b56785cc3,null_anytime,null_calibration,2013,2804547376,16,5000,0.0,0.05,rbf,median,anytime,bonferroni,1,2,False,UNRESOLVED,5000,True,False,False,0.0003980000037699938,0.0,0.18209213411654696,True,True,True,False
cbd01c11a02c6d70cbc4,null_anytime,null_calibration,2014,4274701371,16,5000,0.0,0.05,rbf,median,anytime,bonferroni,1,2,False,UNRESOLVED,5000,True,False,False,0.00039829197339713573,0.0,0.18209213411654696,True,True,True,False
02090a6640fabaa78627,null_anytime,null_calibration,2015,659621839,16,5000,0.0,0.05,rbf,median,anytime,bonferroni,1,2,False,UNRESOLVED,5000,True,False,False,0.00039795803604647517,0.0,0.18209213411654696,True,True,True,False
11b0f8255f02678b1588,null_anytime,null_calibration,2016,1517914496,16,5000,0.0,0.05,rbf,median,anytime,bonferroni,1,2,False,UNRESOLVED,5000,True,False,False,0.00039900001138448715,0.0,0.18209213411654696,True,True,True,False
e64ff07dce68f7e48b0f,null_anytime,null_calibration,2017,2623534456,16,5000,0.0,0.05,rbf,median,anytime,bonferroni,1,2,False,UNRESOLVED,5000,True,False,False,0.00039720803033560514,0.0,0.18209213411654696,True,True,True,False
685508a0e865a8e60e3f,null_anytime,null_calibration,2018,1946999142,16,5000,0.0,0.05,rbf,median,anytime,bonferroni,1,2,False,UNRESOLVED,5000,True,False,False,0.0003971249680034816,0.0,0.18209213411654696,True,True,True,False
bc45ccae973117a138f9,null_anytime,null_calibration,2019,3601852037,16,5000,0.0,0.05,rbf,median,anytime,bonferroni,1,2,False,UNRESOLVED,5000,True,False,False,0.00039695901796221733,0.0,0.18209213411654696,True,True,True,False
85b3723c2fde3a7fa80e,null_anytime,null_calibration,2020,3081479734,16,5000,0.0,0.05,rbf,median,anytime,bonferroni,1,2,False,UNRESOLVED,5000,True,False,False,0.0003986249794252217,0.0,0.18209213411654696,True,True,True,False
9d208a828f96f2b53f5b,null_anytime,null_calibration,2021,1644707097,16,5000,0.0,0.05,rbf,median,anytime,bonferroni,1,2,False,UNRESOLVED,5000,True,False,False,0.00039620796451345086,0.0,0.18209213411654696,True,True,True,False
be8537fc3450597f1fdb,null_anytime,null_calibration,2022,2546665277,16,5000,0.0,0.05,rbf,median,anytime,bonferroni,1,2,False,UNRESOLVED,5000,True,False,False,0.0003956250147894025,0.0,0.18209213411654696,True,True,True,False
9c81d0d2fdb4d9043748,null_anytime,null_calibration,2023,2992515034,16,5000,0.0,0.05,rbf,median,anytime,bonferroni,1,2,False,UNRESOLVED,5000,True,False,False,0.0003992909914813936,0.0,0.18209213411654696,True,True,True,False
9a780ec56ecb60cf7c00,null_anytime,null_calibration,2024,3314073754,16,5000,0.0,0.05,rbf,median,anytime,bonferroni,1,2,False,UNRESOLVED,5000,True,False,False,0.0003976249718107283,0.0,0.18209213411654696,True,True,True,False
b14c1ed1fc368e7eb966,null_anytime,null_calibration,2025,3952613236,16,5000,0.0,0.05,rbf,median,anytime,bonferroni,1,2,False,UNRESOLVED,5000,True,False,False,0.0003986249794252217,0.0,0.18209213411654696,True,True,True,False
db9efda467e2aae7fc37,null_anytime,null_calibration,2026,764046059,16,5000,0.0,0.05,rbf,median,anytime,bonferroni,1,2,False,UNRESOLVED,5000,True,False,False,0.00039704202208667994,0.0,0.18209213411654696,True,True,True,False
3749f8a0f6fd9dee07b6,null_anytime,null_calibration,2027,109287231,16,5000,0.0,0.05,rbf,median,anytime,bonferroni,1,2,False,UNRESOLVED,5000,True,False,False,0.0003986249794252217,0.0,0.18209213411654696,True,True,True,False
cda7bfd250f74ef05201,null_anytime,null_calibration,2028,3214367976,16,5000,0.0,0.05,rbf,median,anytime,bonferroni,1,2,False,UNRESOLVED,5000,True,False,False,0.000397041963879019,0.0,0.18209213411654696,True,True,True,False
5da8a312663ea20d4605,null_anytime,null_calibration,2029,1201043422,16,5000,0.0,0.05,rbf,median,anytime,bonferroni,1,2,False,UNRESOLVED,5000,True,False,False,0.00039654201827943325,0.0,0.18209213411654696,True,True,True,False
0dd1240d1a3d8d8683cd,null_anytime,null_calibration,2030,1973934293,16,5000,0.0,0.05,rbf,median,anytime,bonferroni,1,2,False,UNRESOLVED,5000,True,False,False,0.00041029200656339526,0.0,0.18209213411654696,True,True,True,False
a1bae5c56ac6a06bbe10,null_anytime,null_calibration,2031,2181140105,16,5000,0.0,0.05,rbf,median,anytime,bonferroni,1,2,False,UNRESOLVED,5000,True,False,False,0.00040004198672249913,0.0,0.18209213411654696,True,True,True,False
45cb23d6c742ebc5a539,null_anytime,null_calibration,2032,4162432983,16,5000,0.0,0.05,rbf,median,anytime,bonferroni,1,2,False,UNRESOLVED,5000,True,False,False,0.00039858301170170307,0.0,0.18209213411654696,True,True,True,False
f9c5f811b21f9aa99d3b,null_anytime,null_calibration,2033,2813149941,16,5000,0.0,0.05,rbf,median,anytime,bonferroni,1,2,False,UNRESOLVED,5000,True,False,False,0.00039950001519173384,0.0,0.18209213411654696,True,True,True,False
8618c63fff54fc403fba,null_anytime,null_calibration,2034,3941411806,16,5000,0.0,0.05,rbf,median,anytime,bonferroni,1,2,False,UNRESOLVED,5000,True,False,False,0.0003980830078944564,0.0,0.18209213411654696,True,True,True,False
373cd959018f99ddde2e,null_anytime,null_calibration,2035,3712955247,16,5000,0.0,0.05,rbf,median,anytime,bonferroni,1,2,False,UNRESOLVED,5000,True,False,False,0.0003958749584853649,0.0,0.18209213411654696,True,True,True,False
cae92d39eb50997d9b26,null_anytime,null_calibration,2036,4100589153,16,5000,0.0,0.05,rbf,median,anytime,bonferroni,1,2,False,UNRESOLVED,5000,True,False,False,0.0003963339840993285,0.0,0.18209213411654696,True,True,True,False
93ade3f7fbaaf2d94fbe,null_anytime,null_calibration,2037,4192602555,16,5000,0.0,0.05,rbf,median,anytime,bonferroni,1,2,False,UNRESOLVED,5000,True,False,False,0.00039837503572925925,0.0,0.18209213411654696,True,True,True,False
acb693294479c8b61718,null_anytime,null_calibration,2038,3814981323,16,5000,0.0,0.05,rbf,median,anytime,bonferroni,1,2,False,UNRESOLVED,5000,True,False,False,0.0003975830040872097,0.0,0.18209213411654696,True,True,True,False
eae18c9893241164ec0e,null_anytime,null_calibration,2039,1589907300,16,5000,0.0,0.05,rbf,median,anytime,bonferroni,1,2,False,UNRESOLVED,5000,True,False,False,0.00039729103446006775,0.0,0.18209213411654696,True,True,True,False
18d226bd7da91d043c89,null_anytime,null_calibration,2040,3118341276,16,5000,0.0,0.05,rbf,median,anytime,bonferroni,1,2,False,UNRESOLVED,5000,True,False,False,0.00039654201827943325,0.0,0.18209213411654696,True,True,True,False
674e113b49defb03ef01,null_anytime,null_calibration,2041,2112393268,16,5000,0.0,0.05,rbf,median,anytime,bonferroni,1,2,False,UNRESOLVED,5000,True,False,False,0.00039608299266546965,0.0,0.18209213411654696,True,True,True,False
7ed143e41db2739f43fa,null_anytime,null_calibration,2042,3999592710,16,5000,0.0,0.05,rbf,median,anytime,bonferroni,1,2,False,UNRESOLVED,5000,True,False,False,0.00039766699774190784,0.0,0.18209213411654696,True,True,True,False
e14b5941e997835e2bec,null_anytime,null_calibration,2043,463553374,16,5000,0.0,0.05,rbf,median,anytime,bonferroni,1,2,False,UNRESOLVED,5000,True,False,False,0.00040374998934566975,0.0,0.18209213411654696,True,True,True,False
3b78b7d91560f6a1d084,null_anytime,null_calibration,2044,1808391625,16,5000,0.0,0.05,rbf,median,anytime,bonferroni,1,2,False,UNRESOLVED,5000,True,False,False,0.00039929203921929,0.0,0.18209213411654696,True,True,True,False
173c65c3ec015ee87a40,null_anytime,null_calibration,2045,3796096199,16,5000,0.0,0.05,rbf,median,anytime,bonferroni,1,2,False,UNRESOLVED,5000,True,False,False,0.0003973750281147659,0.0,0.18209213411654696,True,True,True,False
cd994170bf101e7d171a,null_anytime,null_calibration,2046,783476067,16,5000,0.0,0.05,rbf,median,anytime,bonferroni,1,2,False,UNRESOLVED,5000,True,False,False,0.00039658299647271633,0.0,0.18209213411654696,True,True,True,False
8a80d3549c906efcc558,null_anytime,null_calibration,2047,2813655127,16,5000,0.0,0.05,rbf,median,anytime,bonferroni,1,2,False,UNRESOLVED,5000,True,False,False,0.0004004579968750477,0.0,0.18209213411654696,True,True,True,False
eeaeb340393742b8b974,null_anytime,null_calibration,2048,1242650437,16,5000,0.0,0.05,rbf,median,anytime,bonferroni,1,2,False,UNRESOLVED,5000,True,False,False,0.00039724999805912375,0.0,0.18209213411654696,True,True,True,False
bbde3c56c46b53c80679,null_anytime,null_calibration,2049,3485786135,16,5000,0.0,0.05,rbf,median,anytime,bonferroni,1,2,False,UNRESOLVED,5000,True,False,False,0.0003969999961555004,0.0,0.18209213411654696,True,True,True,False
b2ba3c21c1bd89c30aee,null_anytime,null_calibration,2050,3621732216,16,5000,0.0,0.05,rbf,median,anytime,bonferroni,1,2,False,UNRESOLVED,5000,True,False,False,0.0003987500094808638,0.0,0.18209213411654696,True,True,True,False
ace731d41fb8aab56368,null_anytime,null_calibration,2051,594977202,16,5000,0.0,0.05,rbf,median,anytime,bonferroni,1,2,False,UNRESOLVED,5000,True,False,False,0.0003967919619753957,0.0,0.18209213411654696,True,True,True,False
c07a6ed4795dd0b887ca,null_anytime,null_calibration,2052,1625836087,16,5000,0.0,0.05,rbf,median,anytime,bonferroni,1,2,False,UNRESOLVED,5000,True,False,False,0.00039795797783881426,0.0,0.18209213411654696,True,True,True,False
7343a8f5856fc6fb2470,null_anytime,null_calibration,2053,2969380707,16,5000,0.0,0.05,rbf,median,anytime,bonferroni,1,2,False,UNRESOLVED,5000,True,False,False,0.0003981669433414936,0.0,0.18209213411654696,True,True,True,False
fcbbac0d675075bcd8e7,null_anytime,null_calibration,2054,1048866641,16,5000,0.0,0.05,rbf,median,anytime,bonferroni,1,2,False,UNRESOLVED,5000,True,False,False,0.00039904098957777023,0.0,0.18209213411654696,True,True,True,False
d7364960a57853265371,null_anytime,null_calibration,2055,1227312444,16,5000,0.0,0.05,rbf,median,anytime,bonferroni,1,2,False,UNRESOLVED,5000,True,False,False,0.00039604201447218657,0.0,0.18209213411654696,True,True,True,False
5f74b7ee802fa4eede0b,null_anytime,null_calibration,2056,2529796566,16,5000,0.0,0.05,rbf,median,anytime,bonferroni,1,2,False,UNRESOLVED,5000,True,False,False,0.0003969999961555004,0.0,0.18209213411654696,True,True,True,False
f12c74ccf62777ad28c3,null_anytime,null_calibration,2057,1911316495,16,5000,0.0,0.05,rbf,median,anytime,bonferroni,1,2,False,UNRESOLVED,5000,True,False,False,0.00039854203350842,0.0,0.18209213411654696,True,True,True,False
03d2b1490828584bb26c,null_anytime,null_calibration,2058,4266156337,16,5000,0.0,0.05,rbf,median,anytime,bonferroni,1,2,False,UNRESOLVED,5000,True,False,False,0.00039841700345277786,0.0,0.18209213411654696,True,True,True,False
50a39664693fe9085409,null_anytime,null_calibration,2059,3470207055,16,5000,0.0,0.05,rbf,median,anytime,bonferroni,1,2,False,UNRESOLVED,5000,True,False,False,0.00039716699393466115,0.0,0.18209213411654696,True,True,True,False
d477a41c851db6b8f710,null_anytime,null_calibration,2060,1976465524,16,5000,0.0,0.05,rbf,median,anytime,bonferroni,1,2,False,UNRESOLVED,5000,True,False,False,0.00039654201827943325,0.0,0.18209213411654696,True,True,True,False
57813a4cefd0028fecf0,null_anytime,null_calibration,2061,3296746468,16,5000,0.0,0.05,rbf,median,anytime,bonferroni,1,2,False,UNRESOLVED,5000,True,False,False,0.0003967920201830566,0.0,0.18209213411654696,True,True,True,False
b6cb7047352495e306c7,null_anytime,null_calibration,2062,3671254027,16,5000,0.0,0.05,rbf,median,anytime,bonferroni,1,2,False,UNRESOLVED,5000,True,False,False,0.0003974999999627471,0.0,0.18209213411654696,True,True,True,False
b0f6a13243c3f748a8d2,null_anytime,null_calibration,2063,2835949540,16,5000,0.0,0.05,rbf,median,anytime,bonferroni,1,2,False,UNRESOLVED,5000,True,False,False,0.0003957080189138651,0.0,0.18209213411654696,True,True,True,False
5850a07fae0843d62592,null_anytime,null_calibration,2064,1873815176,16,5000,0.0,0.05,rbf,median,anytime,bonferroni,1,2,False,UNRESOLVED,5000,True,False,False,0.0003958749584853649,0.0,0.18209213411654696,True,True,True,False
b8ec73ecb06bc2bb1c5e,null_anytime,null_calibration,2065,2432875376,16,5000,0.0,0.05,rbf,median,anytime,bonferroni,1,2,False,UNRESOLVED,5000,True,False,False,0.0003950420068576932,0.0,0.18209213411654696,True,True,True,False
021f55f48a951a5bd0e4,null_anytime,null_calibration,2066,948794170,16,5000,0.0,0.05,rbf,median,anytime,bonferroni,1,2,False,UNRESOLVED,5000,True,False,False,0.0003969999961555004,0.0,0.18209213411654696,True,True,True,False
1690590629c303212190,null_anytime,null_calibration,2067,2087355480,16,5000,0.0,0.05,rbf,median,anytime,bonferroni,1,2,False,UNRESOLVED,5000,True,False,False,0.00039837503572925925,0.0,0.18209213411654696,True,True,True,False
2861eb6499383f01d6be,null_anytime,null_calibration,2068,3681107124,16,5000,0.0,0.05,rbf,median,anytime,bonferroni,1,2,False,UNRESOLVED,5000,True,False,False,0.00039787497371435165,0.0,0.18209213411654696,True,True,True,False
81a56d68160f47e5bbe3,null_anytime,null_calibration,2069,901619424,16,5000,0.0,0.05,rbf,median,anytime,bonferroni,1,2,False,UNRESOLVED,5000,True,False,False,0.0003982080379500985,0.0,0.18209213411654696,True,True,True,False
a3557955ff5a6ace4f4c,null_anytime,null_calibration,2070,694516206,16,5000,0.0,0.05,rbf,median,anytime,bonferroni,1,2,False,UNRESOLVED,5000,True,False,False,0.0003966670483350754,0.0,0.18209213411654696,True,True,True,False
cff9818ae04b9fade67d,null_anytime,null_calibration,2071,1985599878,16,5000,0.0,0.05,rbf,median,anytime,bonferroni,1,2,False,UNRESOLVED,5000,True,False,False,0.0003994999569840729,0.0,0.18209213411654696,True,True,True,False
00ea42ecf92d421abbba,null_anytime,null_calibration,2072,3138400570,16,5000,0.0,0.05,rbf,median,anytime,bonferroni,1,2,False,UNRESOLVED,5000,True,False,False,0.0003969999961555004,0.0,0.18209213411654696,True,True,True,False
cd5e9e535e0b184279df,null_anytime,null_calibration,2073,3914713558,16,5000,0.0,0.05,rbf,median,anytime,bonferroni,1,2,False,UNRESOLVED,5000,True,False,False,0.0003974579740315676,0.0,0.18209213411654696,True,True,True,False
31cfdaeb002ea490187f,null_anytime,null_calibration,2074,2679615334,16,5000,0.0,0.05,rbf,median,anytime,bonferroni,1,2,False,UNRESOLVED,5000,True,False,False,0.0003975409781560302,0.0,0.18209213411654696,True,True,True,False
a094e488e9f1ce9471e2,null_anytime,null_calibration,2075,1867461035,16,5000,0.0,0.05,rbf,median,anytime,bonferroni,1,2,False,UNRESOLVED,5000,True,False,False,0.00039783300599083304,0.0,0.18209213411654696,True,True,True,False
c760bae22613edd9ed31,null_anytime,null_calibration,2076,1056807093,16,5000,0.0,0.05,rbf,median,anytime,bonferroni,1,2,False,UNRESOLVED,5000,True,False,False,0.00040133396396413445,0.0,0.18209213411654696,True,True,True,False
e7094985be8c6c386193,null_anytime,null_calibration,2077,3065905148,16,5000,0.0,0.05,rbf,median,anytime,bonferroni,1,2,False,UNRESOLVED,5000,True,False,False,0.0003976249718107283,0.0,0.18209213411654696,True,True,True,False
88896e4df29828345f71,null_anytime,null_calibration,2078,1960867319,16,5000,0.0,0.05,rbf,median,anytime,bonferroni,1,2,False,UNRESOLVED,5000,True,False,False,0.0003955420106649399,0.0,0.18209213411654696,True,True,True,False
7909fc59025a7e340231,null_anytime,null_calibration,2079,527078213,16,5000,0.0,0.05,rbf,median,anytime,bonferroni,1,2,False,UNRESOLVED,5000,True,False,False,0.00039679103065282106,0.0,0.18209213411654696,True,True,True,False
7e3f4091cb6c95831c11,null_anytime,null_calibration,2080,1546030184,16,5000,0.0,0.05,rbf,median,anytime,bonferroni,1,2,False,UNRESOLVED,5000,True,False,False,0.00039795803604647517,0.0,0.18209213411654696,True,True,True,False
d568bda5af4aee64afc8,null_anytime,null_calibration,2081,3607129885,16,5000,0.0,0.05,rbf,median,anytime,bonferroni,1,2,False,UNRESOLVED,5000,True,False,False,0.0003953329869545996,0.0,0.18209213411654696,True,True,True,False
aea8ba0447ade3e08eea,null_anytime,null_calibration,2082,2290460303,16,5000,0.0,0.05,rbf,median,anytime,bonferroni,1,2,False,UNRESOLVED,5000,True,False,False,0.0003976659500040114,0.0,0.18209213411654696,True,True,True,False
33e400bb1b78d9bdc0ee,null_anytime,null_calibration,2083,4293920568,16,5000,0.0,0.05,rbf,median,anytime,bonferroni,1,2,False,UNRESOLVED,5000,True,False,False,0.0003964159986935556,0.0,0.18209213411654696,True,True,True,False
e5cf91600e9c42f2cae1,null_anytime,null_calibration,2084,62580071,16,5000,0.0,0.05,rbf,median,anytime,bonferroni,1,2,False,UNRESOLVED,5000,True,False,False,0.0003969999961555004,0.0,0.18209213411654696,True,True,True,False
36a8a302e8d48eddd797,null_anytime,null_calibration,2085,160771352,16,5000,0.0,0.05,rbf,median,anytime,bonferroni,1,2,False,UNRESOLVED,5000,True,False,False,0.0003974579740315676,0.0,0.18209213411654696,True,True,True,False
821b967e8afd77749b9b,null_anytime,null_calibration,2086,2390913526,16,5000,0.0,0.05,rbf,median,anytime,bonferroni,1,2,False,UNRESOLVED,5000,True,False,False,0.0003977909800596535,0.0,0.18209213411654696,True,True,True,False
cb609d53d7c7467ceb8a,null_anytime,null_calibration,2087,2857423370,16,5000,0.0,0.05,rbf,median,anytime,bonferroni,1,2,False,UNRESOLVED,5000,True,False,False,0.00039629096863791347,0.0,0.18209213411654696,True,True,True,False
1235950d971b27830188,null_anytime,null_calibration,2088,1948973705,16,5000,0.0,0.05,rbf,median,anytime,bonferroni,1,2,False,UNRESOLVED,5000,True,False,False,0.0003975419676862657,0.0,0.18209213411654696,True,True,True,False
a5b0cb69fe127ed495ac,null_anytime,null_calibration,2089,48720538,16,5000,0.0,0.05,rbf,median,anytime,bonferroni,1,2,False,UNRESOLVED,5000,True,False,False,0.0003969169920310378,0.0,0.18209213411654696,True,True,True,False
ca2b6c294ca7e227e2ed,null_anytime,null_calibration,2090,3694042873,16,5000,0.0,0.05,rbf,median,anytime,bonferroni,1,2,False,UNRESOLVED,5000,True,False,False,0.00039654201827943325,0.0,0.18209213411654696,True,True,True,False
0a166b8cbc1254d46c30,null_anytime,null_calibration,2091,2693911825,16,5000,0.0,0.05,rbf,median,anytime,bonferroni,1,2,False,UNRESOLVED,5000,True,False,False,0.0003962090122513473,0.0,0.18209213411654696,True,True,True,False
b05d3f0d35c438e1ff4e,null_anytime,null_calibration,2092,2483842995,16,5000,0.0,0.05,rbf,median,anytime,bonferroni,1,2,False,UNRESOLVED,5000,True,False,False,0.00039712502621114254,0.0,0.18209213411654696,True,True,True,False
0f8047515c278d8a0438,null_anytime,null_calibration,2093,2671713068,16,5000,0.0,0.05,rbf,median,anytime,bonferroni,1,2,False,UNRESOLVED,5000,True,False,False,0.0003962920163758099,0.0,0.18209213411654696,True,True,True,False
31a4cadb4aadb1325192,null_anytime,null_calibration,2094,2180671781,16,5000,0.0,0.05,rbf,median,anytime,bonferroni,1,2,False,UNRESOLVED,5000,True,False,False,0.00039541698060929775,0.0,0.18209213411654696,True,True,True,False
7ccd21fb44a09b97bd7e,null_anytime,null_calibration,2095,560295428,16,5000,0.0,0.05,rbf,median,anytime,bonferroni,1,2,False,UNRESOLVED,5000,True,False,False,0.0004728339845314622,0.0,0.18209213411654696,True,True,True,False
16b5e9aa7f243ff23e39,null_anytime,null_calibration,2096,2173052102,16,5000,0.0,0.05,rbf,median,anytime,bonferroni,1,2,False,UNRESOLVED,5000,True,False,False,0.0005362090305425227,0.0,0.18209213411654696,True,True,True,False
de6d6515238d115142d8,null_anytime,null_calibration,2097,909154818,16,5000,0.0,0.05,rbf,median,anytime,bonferroni,1,2,False,UNRESOLVED,5000,True,False,False,0.0005017079529352486,0.0,0.18209213411654696,True,True,True,False
0c78f998957e7fcf92ed,null_anytime,null_calibration,2098,3510416288,16,5000,0.0,0.05,rbf,median,anytime,bonferroni,1,2,False,UNRESOLVED,5000,True,False,False,0.0004961249651387334,0.0,0.18209213411654696,True,True,True,False
ded2b0bc8e1824f7f45f,null_anytime,null_calibration,2099,3516966999,16,5000,0.0,0.05,rbf,median,anytime,bonferroni,1,2,False,UNRESOLVED,5000,True,False,False,0.00048812496243044734,0.0,0.18209213411654696,True,True,True,False
53e4a6c61d822a6c24c1,null_anytime,null_calibration,2100,1383774195,16,5000,0.0,0.05,rbf,median,anytime,bonferroni,1,2,False,UNRESOLVED,5000,True,False,False,0.0005087089957669377,0.0,0.18209213411654696,True,True,True,False
a42f79ef52efacea6bfd,null_anytime,null_calibration,2101,924034053,16,5000,0.0,0.05,rbf,median,anytime,bonferroni,1,2,False,UNRESOLVED,5000,True,False,False,0.0005157500272616744,0.0,0.18209213411654696,True,True,True,False
5bca09a10b9f1f1f288b,null_anytime,null_calibration,2102,918082702,16,5000,0.0,0.05,rbf,median,anytime,bonferroni,1,2,False,UNRESOLVED,5000,True,False,False,0.0004887499962933362,0.0,0.18209213411654696,True,True,True,False
a39369625ef9a030f2e2,null_anytime,null_calibration,2103,3120246014,16,5000,0.0,0.05,rbf,median,anytime,bonferroni,1,2,False,UNRESOLVED,5000,True,False,False,0.0005257499869912863,0.0,0.18209213411654696,True,True,True,False
9090a81d386074caa62e,null_anytime,null_calibration,2104,1891273588,16,5000,0.0,0.05,rbf,median,anytime,bonferroni,1,2,False,UNRESOLVED,5000,True,False,False,0.0004460840136744082,0.0,0.18209213411654696,True,True,True,False
63f1d34c64d0144d1a53,null_anytime,null_calibration,2105,3989880227,16,5000,0.0,0.05,rbf,median,anytime,bonferroni,1,2,False,UNRESOLVED,5000,True,False,False,0.00041195901576429605,0.0,0.18209213411654696,True,True,True,False
e975205e36b740c44ab7,null_anytime,null_calibration,2106,2283221743,16,5000,0.0,0.05,rbf,median,anytime,bonferroni,1,2,False,UNRESOLVED,5000,True,False,False,0.00040304200956597924,0.0,0.18209213411654696,True,True,True,False
14fa404ec7896494d31e,null_anytime,null_calibration,2107,4167969978,16,5000,0.0,0.05,rbf,median,anytime,bonferroni,1,2,False,UNRESOLVED,5000,True,False,False,0.00040204200195148587,0.0,0.18209213411654696,True,True,True,False
0b155b9a7730372b8c19,null_anytime,null_calibration,2108,2673370969,16,5000,0.0,0.05,rbf,median,anytime,bonferroni,1,2,False,UNRESOLVED,5000,True,False,False,0.0004009170224890113,0.0,0.18209213411654696,True,True,True,False
5bce55cbc8a3a72bb305,null_anytime,null_calibration,2109,11880059,16,5000,0.0,0.05,rbf,median,anytime,bonferroni,1,2,False,UNRESOLVED,5000,True,False,False,0.00040074996650218964,0.0,0.18209213411654696,True,True,True,False
9d24ba9f1fd48b234554,null_anytime,null_calibration,2110,1143306978,16,5000,0.0,0.05,rbf,median,anytime,bonferroni,1,2,False,UNRESOLVED,5000,True,False,False,0.0003992089768871665,0.0,0.18209213411654696,True,True,True,False
d06d37af80875c952010,null_anytime,null_calibration,2111,3408378112,16,5000,0.0,0.05,rbf,median,anytime,bonferroni,1,2,False,UNRESOLVED,5000,True,False,False,0.0003980830078944564,0.0,0.18209213411654696,True,True,True,False
ed3901ad1620186b286a,null_anytime,null_calibration,2112,2514444225,16,5000,0.0,0.05,rbf,median,anytime,bonferroni,1,2,False,UNRESOLVED,5000,True,False,False,0.0003990840050391853,0.0,0.18209213411654696,True,True,True,False
240c8bd0842c9d10d88f,null_anytime,null_calibration,2113,2990282352,16,5000,0.0,0.05,rbf,median,anytime,bonferroni,1,2,False,UNRESOLVED,5000,True,False,False,0.00039412500336766243,0.0,0.18209213411654696,True,True,True,False
6c550f8116fbf26533d2,null_anytime,null_calibration,2114,395567229,16,5000,0.0,0.05,rbf,median,anytime,bonferroni,1,2,False,UNRESOLVED,5000,True,False,False,0.0003987500094808638,0.0,0.18209213411654696,True,True,True,False
1badae6da7514df84b4c,null_anytime,null_calibration,2115,761278047,16,5000,0.0,0.05,rbf,median,anytime,bonferroni,1,2,False,UNRESOLVED,5000,True,False,False,0.00039674999425187707,0.0,0.18209213411654696,True,True,True,False
41af7544a8388dce4914,null_anytime,null_calibration,2116,3554157235,16,5000,0.0,0.05,rbf,median,anytime,bonferroni,1,2,False,UNRESOLVED,5000,True,False,False,0.0004010000266134739,0.0,0.18209213411654696,True,True,True,False
a70e5bc5f6a920e8bb9d,null_anytime,null_calibration,2117,2022193321,16,5000,0.0,0.05,rbf,median,anytime,bonferroni,1,2,False,UNRESOLVED,5000,True,False,False,0.0003969169920310378,0.0,0.18209213411654696,True,True,True,False
a7253fbea084b0016410,null_anytime,null_calibration,2118,65975274,16,5000,0.0,0.05,rbf,median,anytime,bonferroni,1,2,False,UNRESOLVED,5000,True,False,False,0.0003976249718107283,0.0,0.18209213411654696,True,True,True,False
350ef28e15dd0ed8f0c6,null_anytime,null_calibration,2119,2832868366,16,5000,0.0,0.05,rbf,median,anytime,bonferroni,1,2,False,UNRESOLVED,5000,True,False,False,0.0003987909876741469,0.0,0.18209213411654696,True,True,True,False
ede53454c279ab20f7c3,null_anytime,null_calibration,2120,40513307,16,5000,0.0,0.05,rbf,median,anytime,bonferroni,1,2,False,UNRESOLVED,5000,True,False,False,0.0003981670015491545,0.0,0.18209213411654696,True,True,True,False
4f6d17d42f4177450e94,null_anytime,null_calibration,2121,1475188833,16,5000,0.0,0.05,rbf,median,anytime,bonferroni,1,2,False,UNRESOLVED,5000,True,False,False,0.00039558298885822296,0.0,0.18209213411654696,True,True,True,False
8faa412bd11de28a1f50,null_anytime,null_calibration,2122,1599299042,16,5000,0.0,0.05,rbf,median,anytime,bonferroni,1,2,False,UNRESOLVED,5000,True,False,False,0.00039608299266546965,0.0,0.18209213411654696,True,True,True,False
c0edf0e543481969bfde,null_anytime,null_calibration,2123,814722883,16,5000,0.0,0.05,rbf,median,anytime,bonferroni,1,2,False,UNRESOLVED,5000,True,False,False,0.00039608299266546965,0.0,0.18209213411654696,True,True,True,False
f161867f9b57d92cec3d,null_anytime,null_calibration,2124,3507564483,16,5000,0.0,0.05,rbf,median,anytime,bonferroni,1,2,False,UNRESOLVED,5000,True,False,False,0.0003963750205002725,0.0,0.18209213411654696,True,True,True,False
11cb8284457f3c8ef4a3,null_anytime,null_calibration,2125,382398519,16,5000,0.0,0.05,rbf,median,anytime,bonferroni,1,2,False,UNRESOLVED,5000,True,False,False,0.00040145800448954105,0.0,0.18209213411654696,True,True,True,False
78dbbf023337a8c5a6b7,null_anytime,null_calibration,2126,2697610079,16,5000,0.0,0.05,rbf,median,anytime,bonferroni,1,2,False,UNRESOLVED,5000,True,False,False,0.00039629096863791347,0.0,0.18209213411654696,True,True,True,False
44c4164493a35ef89751,null_anytime,null_calibration,2127,3228187483,16,5000,0.0,0.05,rbf,median,anytime,bonferroni,1,2,False,UNRESOLVED,5000,True,False,False,0.0003964159986935556,0.0,0.18209213411654696,True,True,True,False
0cfd48f66c6ec40283e3,null_anytime,null_calibration,2128,2087323883,16,5000,0.0,0.05,rbf,median,anytime,bonferroni,1,2,False,UNRESOLVED,5000,True,False,False,0.0003969169920310378,0.0,0.18209213411654696,True,True,True,False
b3fc2f8f5d94a08a92f1,null_anytime,null_calibration,2129,4073141081,16,5000,0.0,0.05,rbf,median,anytime,bonferroni,1,2,False,UNRESOLVED,5000,True,False,False,0.0004652919596992433,0.0,0.18209213411654696,True,True,True,False
d341ac8d185bad8a5ce3,null_anytime,null_calibration,2130,793283694,16,5000,0.0,0.05,rbf,median,anytime,bonferroni,1,2,False,UNRESOLVED,5000,True,False,False,0.0005193329998292029,0.0,0.18209213411654696,True,True,True,False
4bd405cf6b10776496f2,null_anytime,null_calibration,2131,2131603601,16,5000,0.0,0.05,rbf,median,anytime,bonferroni,1,2,False,UNRESOLVED,5000,True,False,False,0.0004882909706793725,0.0,0.18209213411654696,True,True,True,False
1ba709ecafad07cd7024,null_anytime,null_calibration,2132,3101812598,16,5000,0.0,0.05,rbf,median,anytime,bonferroni,1,2,False,UNRESOLVED,5000,True,False,False,0.0004888750263489783,0.0,0.18209213411654696,True,True,True,False
ea4cb6db8439431675fd,null_anytime,null_calibration,2133,3533995158,16,5000,0.0,0.05,rbf,median,anytime,bonferroni,1,2,False,UNRESOLVED,5000,True,False,False,0.0004777500289492309,0.0,0.18209213411654696,True,True,True,False
5bf4ea3f00ece1893bd6,null_anytime,null_calibration,2134,1506990559,16,5000,0.0,0.05,rbf,median,anytime,bonferroni,1,2,False,UNRESOLVED,5000,True,False,False,0.00047912501031532884,0.0,0.18209213411654696,True,True,True,False
b910e48586ac2e4bcff4,null_anytime,null_calibration,2135,3936638949,16,5000,0.0,0.05,rbf,median,anytime,bonferroni,1,2,False,UNRESOLVED,5000,True,False,False,0.0004766250494867563,0.0,0.18209213411654696,True,True,True,False
463afbe0ffc06cea39c4,null_anytime,null_calibration,2136,1382778801,16,5000,0.0,0.05,rbf,median,anytime,bonferroni,1,2,False,UNRESOLVED,5000,True,False,False,0.0004814579733647406,0.0,0.18209213411654696,True,True,True,False
c2d19f718f21c8b4fc3a,null_anytime,null_calibration,2137,693137095,16,5000,0.0,0.05,rbf,median,anytime,bonferroni,1,2,False,UNRESOLVED,5000,True,False,False,0.0005058749811723828,0.0,0.18209213411654696,True,True,True,False
76f77a2edec68974d4ec,null_anytime,null_calibration,2138,2194944837,16,5000,0.0,0.05,rbf,median,anytime,bonferroni,1,2,False,UNRESOLVED,5000,True,False,False,0.000559499952942133,0.0,0.18209213411654696,True,True,True,False
d6f497960c6c1699412e,null_anytime,null_calibration,2139,1814016056,16,5000,0.0,0.05,rbf,median,anytime,bonferroni,1,2,False,UNRESOLVED,5000,True,False,False,0.0005202079773880541,0.0,0.18209213411654696,True,True,True,False
fc2c4a64b2bf51fa42e6,null_anytime,null_calibration,2140,2627026064,16,5000,0.0,0.05,rbf,median,anytime,bonferroni,1,2,False,UNRESOLVED,5000,True,False,False,0.0004894580342806876,0.0,0.18209213411654696,True,True,True,False
3604f6233a95622efdb9,null_anytime,null_calibration,2141,2056541270,16,5000,0.0,0.05,rbf,median,anytime,bonferroni,1,2,False,UNRESOLVED,5000,True,False,False,0.00048029195750132203,0.0,0.18209213411654696,True,True,True,False
02aa44fc31a8fc9afecf,null_anytime,null_calibration,2142,83575768,16,5000,0.0,0.05,rbf,median,anytime,bonferroni,1,2,False,UNRESOLVED,5000,True,False,False,0.0004754170076921582,0.0,0.18209213411654696,True,True,True,False
453ceb190142064e9bfb,null_anytime,null_calibration,2143,710194313,16,5000,0.0,0.05,rbf,median,anytime,bonferroni,1,2,False,UNRESOLVED,5000,True,False,False,0.0004733339883387089,0.0,0.18209213411654696,True,True,True,False
89d4e6fd5124c559a0a6,null_anytime,null_calibration,2144,3929852079,16,5000,0.0,0.05,rbf,median,anytime,bonferroni,1,2,False,UNRESOLVED,5000,True,False,False,0.0004788750084117055,0.0,0.18209213411654696,True,True,True,False
a91eb3f5a27d45a7c952,null_anytime,null_calibration,2145,852190415,16,5000,0.0,0.05,rbf,median,anytime,bonferroni,1,2,False,UNRESOLVED,5000,True,False,False,0.00047633296344429255,0.0,0.18209213411654696,True,True,True,False
0b9e39db16624d9763ae,null_anytime,null_calibration,2146,2609148551,16,5000,0.0,0.05,rbf,median,anytime,bonferroni,1,2,False,UNRESOLVED,5000,True,False,False,0.0004728339845314622,0.0,0.18209213411654696,True,True,True,False
d92ddd10987b065ad3a6,null_anytime,null_calibration,2147,4058577944,16,5000,0.0,0.05,rbf,median,anytime,bonferroni,1,2,False,UNRESOLVED,5000,True,False,False,0.00047458300832659006,0.0,0.18209213411654696,True,True,True,False
ebef170f7bd47dbc26ab,null_anytime,null_calibration,2148,2944693228,16,5000,0.0,0.05,rbf,median,anytime,bonferroni,1,2,False,UNRESOLVED,5000,True,False,False,0.0004931250005029142,0.0,0.18209213411654696,True,True,True,False
2282f6884cae0abe8f8e,null_anytime,null_calibration,2149,999803028,16,5000,0.0,0.05,rbf,median,anytime,bonferroni,1,2,False,UNRESOLVED,5000,True,False,False,0.00047995802015066147,0.0,0.18209213411654696,True,True,True,False
207b4763a6c165e62305,null_anytime,null_calibration,2150,976703928,16,5000,0.0,0.05,rbf,median,anytime,bonferroni,1,2,False,UNRESOLVED,5000,True,False,False,0.00042624998604878783,0.0,0.18209213411654696,True,True,True,False
49e04a98493aeeb2d997,null_anytime,null_calibration,2151,148043205,16,5000,0.0,0.05,rbf,median,anytime,bonferroni,1,2,False,UNRESOLVED,5000,True,False,False,0.00040912500116974115,0.0,0.18209213411654696,True,True,True,False
bc6e9b7815fda1bf35f0,null_anytime,null_calibration,2152,3875482911,16,5000,0.0,0.05,rbf,median,anytime,bonferroni,1,2,False,UNRESOLVED,5000,True,False,False,0.0004023750079795718,0.0,0.18209213411654696,True,True,True,False
e96ddc75ce84a0451ec0,null_anytime,null_calibration,2153,2356032850,16,5000,0.0,0.05,rbf,median,anytime,bonferroni,1,2,False,UNRESOLVED,5000,True,False,False,0.000398124975617975,0.0,0.18209213411654696,True,True,True,False
d3a80c8f54188e5509ee,null_anytime,null_calibration,2154,1564429852,16,5000,0.0,0.05,rbf,median,anytime,bonferroni,1,2,False,UNRESOLVED,5000,True,False,False,0.0003974589635618031,0.0,0.18209213411654696,True,True,True,False
13f9c4ed2c1fe441de82,null_anytime,null_calibration,2155,3753023659,16,5000,0.0,0.05,rbf,median,anytime,bonferroni,1,2,False,UNRESOLVED,5000,True,False,False,0.00039666699012741446,0.0,0.18209213411654696,True,True,True,False
305aad6b6d16063fad2a,null_anytime,null_calibration,2156,2634097795,16,5000,0.0,0.05,rbf,median,anytime,bonferroni,1,2,False,UNRESOLVED,5000,True,False,False,0.0003946660435758531,0.0,0.18209213411654696,True,True,True,False
07fdae98f6b6eee8be5e,null_anytime,null_calibration,2157,2398543559,16,5000,0.0,0.05,rbf,median,anytime,bonferroni,1,2,False,UNRESOLVED,5000,True,False,False,0.0003958329907618463,0.0,0.18209213411654696,True,True,True,False
1ba6fb2031268dab5239,null_anytime,null_calibration,2158,233684810,16,5000,0.0,0.05,rbf,median,anytime,bonferroni,1,2,False,UNRESOLVED,5000,True,False,False,0.000400999968405813,0.0,0.18209213411654696,True,True,True,False
40a6689179fc9ab87b51,null_anytime,null_calibration,2159,4139959665,16,5000,0.0,0.05,rbf,median,anytime,bonferroni,1,2,False,UNRESOLVED,5000,True,False,False,0.0003958329907618463,0.0,0.18209213411654696,True,True,True,False
6ad05aabd0a7180b70de,null_anytime,null_calibration,2160,856112510,16,5000,0.0,0.05,rbf,median,anytime,bonferroni,1,2,False,UNRESOLVED,5000,True,False,False,0.00039495795499533415,0.0,0.18209213411654696,True,True,True,False
2282da3a437aca9cbe54,null_anytime,null_calibration,2161,2743447883,16,5000,0.0,0.05,rbf,median,anytime,bonferroni,1,2,False,UNRESOLVED,5000,True,False,False,0.0003957499866373837,0.0,0.18209213411654696,True,True,True,False
ca57e4befbc6ed4d9cce,null_anytime,null_calibration,2162,3509409260,16,5000,0.0,0.05,rbf,median,anytime,bonferroni,1,2,False,UNRESOLVED,5000,True,False,False,0.0003945829812437296,0.0,0.18209213411654696,True,True,True,False
73a82d7338cd4a60243d,null_anytime,null_calibration,2163,506548552,16,5000,0.0,0.05,rbf,median,anytime,bonferroni,1,2,False,UNRESOLVED,5000,True,False,False,0.0003945420030504465,0.0,0.18209213411654696,True,True,True,False
c6b42ed14339f86fcce5,null_anytime,null_calibration,2164,3215530121,16,5000,0.0,0.05,rbf,median,anytime,bonferroni,1,2,False,UNRESOLVED,5000,True,False,False,0.0003963750205002725,0.0,0.18209213411654696,True,True,True,False
61217f0b532faf5e54c1,null_anytime,null_calibration,2165,507491986,16,5000,0.0,0.05,rbf,median,anytime,bonferroni,1,2,False,UNRESOLVED,5000,True,False,False,0.0003960839821957052,0.0,0.18209213411654696,True,True,True,False
a29aba6ea122ec3be688,null_anytime,null_calibration,2166,4037716786,16,5000,0.0,0.05,rbf,median,anytime,bonferroni,1,2,False,UNRESOLVED,5000,True,False,False,0.00039437500527128577,0.0,0.18209213411654696,True,True,True,False
991a5fcb2daa4a61c348,null_anytime,null_calibration,2167,152161866,16,5000,0.0,0.05,rbf,median,anytime,bonferroni,1,2,False,UNRESOLVED,5000,True,False,False,0.00039662496419623494,0.0,0.18209213411654696,True,True,True,False
4362b03f80b263cf24ab,null_anytime,null_calibration,2168,279547247,16,5000,0.0,0.05,rbf,median,anytime,bonferroni,1,2,False,UNRESOLVED,5000,True,False,False,0.00039908301550894976,0.0,0.18209213411654696,True,True,True,False
ae24ec6b5ca1b449a3da,null_anytime,null_calibration,2169,2997491456,16,5000,0.0,0.05,rbf,median,anytime,bonferroni,1,2,False,UNRESOLVED,5000,True,False,False,0.0003940829774364829,0.0,0.18209213411654696,True,True,True,False
58b7ed304f0259d0fd92,null_anytime,null_calibration,2170,3665690843,16,5000,0.0,0.05,rbf,median,anytime,bonferroni,1,2,False,UNRESOLVED,5000,True,False,False,0.00039420899702236056,0.0,0.18209213411654696,True,True,True,False
463e9c0b33ea4123ed9f,null_anytime,null_calibration,2171,2730835760,16,5000,0.0,0.05,rbf,median,anytime,bonferroni,1,2,False,UNRESOLVED,5000,True,False,False,0.0003969169920310378,0.0,0.18209213411654696,True,True,True,False
bce1bb55dbf962d400d7,null_anytime,null_calibration,2172,816552005,16,5000,0.0,0.05,rbf,median,anytime,bonferroni,1,2,False,UNRESOLVED,5000,True,False,False,0.0003978339955210686,0.0,0.18209213411654696,True,True,True,False
4f85e398ffbcccf52eb6,null_anytime,null_calibration,2173,1941963446,16,5000,0.0,0.05,rbf,median,anytime,bonferroni,1,2,False,UNRESOLVED,5000,True,False,False,0.00039245799416676164,0.0,0.18209213411654696,True,True,True,False
ae028647a21843441960,null_anytime,null_calibration,2174,887649819,16,5000,0.0,0.05,rbf,median,anytime,bonferroni,1,2,False,UNRESOLVED,5000,True,False,False,0.0003947909572161734,0.0,0.18209213411654696,True,True,True,False
183b938c1ed8b0926f24,null_anytime,null_calibration,2175,3132589922,16,5000,0.0,0.05,rbf,median,anytime,bonferroni,1,2,False,UNRESOLVED,5000,True,False,False,0.0003939999733120203,0.0,0.18209213411654696,True,True,True,False
a883f81eb89120563085,null_anytime,null_calibration,2176,1298207763,16,5000,0.0,0.05,rbf,median,anytime,bonferroni,1,2,False,UNRESOLVED,5000,True,False,False,0.0003932919935323298,0.0,0.18209213411654696,True,True,True,False
1cd14dc9cb3cce1edc20,null_anytime,null_calibration,2177,4160528744,16,5000,0.0,0.05,rbf,median,anytime,bonferroni,1,2,False,UNRESOLVED,5000,True,False,False,0.00039479200495406985,0.0,0.18209213411654696,True,True,True,False
002e7ca070cc7c939dac,null_anytime,null_calibration,2178,4066059515,16,5000,0.0,0.05,rbf,median,anytime,bonferroni,1,2,False,UNRESOLVED,5000,True,False,False,0.0003939999733120203,0.0,0.18209213411654696,True,True,True,False
a74aa2b844125dc354aa,null_anytime,null_calibration,2179,3998476165,16,5000,0.0,0.05,rbf,median,anytime,bonferroni,1,2,False,UNRESOLVED,5000,True,False,False,0.00039316696347668767,0.0,0.18209213411654696,True,True,True,False
d630bf5691a6f6c68628,null_anytime,null_calibration,2180,4242400034,16,5000,0.0,0.05,rbf,median,anytime,bonferroni,1,2,False,UNRESOLVED,5000,True,False,False,0.0003921670140698552,0.0,0.18209213411654696,True,True,True,False
58460987b123d9d7c0a2,null_anytime,null_calibration,2181,199607516,16,5000,0.0,0.05,rbf,median,anytime,bonferroni,1,2,False,UNRESOLVED,5000,True,False,False,0.0003932090476155281,0.0,0.18209213411654696,True,True,True,False
65ffe2a970885d28afa1,null_anytime,null_calibration,2182,3537460844,16,5000,0.0,0.05,rbf,median,anytime,bonferroni,1,2,False,UNRESOLVED,5000,True,False,False,0.0003944580093957484,0.0,0.18209213411654696,True,True,True,False
a813548ec7829bd8e735,null_anytime,null_calibration,2183,3522360831,16,5000,0.0,0.05,rbf,median,anytime,bonferroni,1,2,False,UNRESOLVED,5000,True,False,False,0.0003943339688703418,0.0,0.18209213411654696,True,True,True,False
95d3e424e981b6622d94,null_anytime,null_calibration,2184,887245593,16,5000,0.0,0.05,rbf,median,anytime,bonferroni,1,2,False,UNRESOLVED,5000,True,False,False,0.0003935829736292362,0.0,0.18209213411654696,True,True,True,False
ba13ceffd4b7a7d8519c,null_anytime,null_calibration,2185,2588846446,16,5000,0.0,0.05,rbf,median,anytime,bonferroni,1,2,False,UNRESOLVED,5000,True,False,False,0.00039412500336766243,0.0,0.18209213411654696,True,True,True,False
b04e5d40bee2aa7b2654,null_anytime,null_calibration,2186,3686508954,16,5000,0.0,0.05,rbf,median,anytime,bonferroni,1,2,False,UNRESOLVED,5000,True,False,False,0.0003952909610234201,0.0,0.18209213411654696,True,True,True,False
e934eb4e44db7db827ef,null_anytime,null_calibration,2187,2196445968,16,5000,0.0,0.05,rbf,median,anytime,bonferroni,1,2,False,UNRESOLVED,5000,True,False,False,0.0003933330299332738,0.0,0.18209213411654696,True,True,True,False
cc209317b5c9982fc977,null_anytime,null_calibration,2188,1718974008,16,5000,0.0,0.05,rbf,median,anytime,bonferroni,1,2,False,UNRESOLVED,5000,True,False,False,0.00039299996569752693,0.0,0.18209213411654696,True,True,True,False
515dbb48a1f240e5ef56,null_anytime,null_calibration,2189,978134438,16,5000,0.0,0.05,rbf,median,anytime,bonferroni,1,2,False,UNRESOLVED,5000,True,False,False,0.0003974999999627471,0.0,0.18209213411654696,True,True,True,False
21add315a719cbe1b7f9,null_anytime,null_calibration,2190,969062034,16,5000,0.0,0.05,rbf,median,anytime,bonferroni,1,2,False,UNRESOLVED,5000,True,False,False,0.0003935410059057176,0.0,0.18209213411654696,True,True,True,False
c91a9ab11fe8e7d2b775,null_anytime,null_calibration,2191,3747611240,16,5000,0.0,0.05,rbf,median,anytime,bonferroni,1,2,False,UNRESOLVED,5000,True,False,False,0.00039591698441654444,0.0,0.18209213411654696,True,True,True,False
d0f3829bc8ee0b472e64,null_anytime,null_calibration,2192,2834911525,16,5000,0.0,0.05,rbf,median,anytime,bonferroni,1,2,False,UNRESOLVED,5000,True,False,False,0.0003957920125685632,0.0,0.18209213411654696,True,True,True,False
198795e20e4beda6ba2e,null_anytime,null_calibration,2193,2545952168,16,5000,0.0,0.05,rbf,median,anytime,bonferroni,1,2,False,UNRESOLVED,5000,True,False,False,0.0003939589951187372,0.0,0.18209213411654696,True,True,True,False
1e2984a4e7e697c05027,null_anytime,null_calibration,2194,3767954796,16,5000,0.0,0.05,rbf,median,anytime,bonferroni,1,2,False,UNRESOLVED,5000,True,False,False,0.0003926249919459224,0.0,0.18209213411654696,True,True,True,False
3819c31afd8614198372,null_anytime,null_calibration,2195,4160939939,16,5000,0.0,0.05,rbf,median,anytime,bonferroni,1,2,False,UNRESOLVED,5000,True,False,False,0.00039320799987763166,0.0,0.18209213411654696,True,True,True,False
f998ee82e358b5b4691c,null_anytime,null_calibration,2196,1676415691,16,5000,0.0,0.05,rbf,median,anytime,bonferroni,1,2,False,UNRESOLVED,5000,True,False,False,0.0003951669787056744,0.0,0.18209213411654696,True,True,True,False
881270a81c56b8b722ac,null_anytime,null_calibration,2197,1402194351,16,5000,0.0,0.05,rbf,median,anytime,bonferroni,1,2,False,UNRESOLVED,5000,True,False,False,0.0003957920125685632,0.0,0.18209213411654696,True,True,True,False
83b8129473549ec5805f,null_anytime,null_calibration,2198,2570212350,16,5000,0.0,0.05,rbf,median,anytime,bonferroni,1,2,False,UNRESOLVED,5000,True,False,False,0.0003946659853681922,0.0,0.18209213411654696,True,True,True,False
4ccfde7a9c2cbe40f794,null_anytime,null_calibration,2199,4199343886,16,5000,0.0,0.05,rbf,median,anytime,bonferroni,1,2,False,UNRESOLVED,5000,True,False,False,0.0003933340194635093,0.0,0.18209213411654696,True,True,True,False
e54abe0a272db7638635,null_anytime,null_calibration,2200,4116099885,16,5000,0.0,0.05,rbf,median,anytime,bonferroni,1,2,False,UNRESOLVED,5000,True,False,False,0.00039312499575316906,0.0,0.18209213411654696,True,True,True,False
27a78604ed276fd778d6,null_anytime,null_calibration,2201,1532075882,16,5000,0.0,0.05,rbf,median,anytime,bonferroni,1,2,False,UNRESOLVED,5000,True,False,False,0.0003927090438082814,0.0,0.18209213411654696,True,True,True,False
20a43c19417010c3d4ed,null_anytime,null_calibration,2202,2554564710,16,5000,0.0,0.05,rbf,median,anytime,bonferroni,1,2,False,UNRESOLVED,5000,True,False,False,0.00039299996569752693,0.0,0.18209213411654696,True,True,True,False
8ddfa020cdda4f53bdda,null_anytime,null_calibration,2203,2461029521,16,5000,0.0,0.05,rbf,median,anytime,bonferroni,1,2,False,UNRESOLVED,5000,True,False,False,0.00039245799416676164,0.0,0.18209213411654696,True,True,True,False
88290d7c8189bb812262,null_anytime,null_calibration,2204,1405786929,16,5000,0.0,0.05,rbf,median,anytime,bonferroni,1,2,False,UNRESOLVED,5000,True,False,False,0.00039412500336766243,0.0,0.18209213411654696,True,True,True,False
8b820c5024c6ace73c05,null_anytime,null_calibration,2205,2657555003,16,5000,0.0,0.05,rbf,median,anytime,bonferroni,1,2,False,UNRESOLVED,5000,True,False,False,0.000395249982830137,0.0,0.18209213411654696,True,True,True,False
0c5de0ac5e69e7f12d10,null_anytime,null_calibration,2206,2806074282,16,5000,0.0,0.05,rbf,median,anytime,bonferroni,1,2,False,UNRESOLVED,5000,True,False,False,0.0003945420030504465,0.0,0.18209213411654696,True,True,True,False
638aeed4eea3e33ed9d6,null_anytime,null_calibration,2207,525264177,16,5000,0.0,0.05,rbf,median,anytime,bonferroni,1,2,False,UNRESOLVED,5000,True,False,False,0.00039375002961605787,0.0,0.18209213411654696,True,True,True,False
a6f6fbc28304f6221243,null_anytime,null_calibration,2208,369742320,16,5000,0.0,0.05,rbf,median,anytime,bonferroni,1,2,False,UNRESOLVED,5000,True,False,False,0.00039312499575316906,0.0,0.18209213411654696,True,True,True,False
cc66a4f0d69a7df56bee,null_anytime,null_calibration,2209,1138133394,16,5000,0.0,0.05,rbf,median,anytime,bonferroni,1,2,False,UNRESOLVED,5000,True,False,False,0.0003933749976567924,0.0,0.18209213411654696,True,True,True,False
feefb26769b173388ff0,null_anytime,null_calibration,2210,690890310,16,5000,0.0,0.05,rbf,median,anytime,bonferroni,1,2,False,UNRESOLVED,5000,True,False,False,0.00039662496419623494,0.0,0.18209213411654696,True,True,True,False
89676889b50fe5e10c02,null_anytime,null_calibration,2211,655104943,16,5000,0.0,0.05,rbf,median,anytime,bonferroni,1,2,False,UNRESOLVED,5000,True,False,False,0.000394499977119267,0.0,0.18209213411654696,True,True,True,False
c2e391481b5792378de8,null_anytime,null_calibration,2212,2788420799,16,5000,0.0,0.05,rbf,median,anytime,bonferroni,1,2,False,UNRESOLVED,5000,True,False,False,0.00039308302802965045,0.0,0.18209213411654696,True,True,True,False
d70350a70c8cc84fdd84,null_anytime,null_calibration,2213,2743143781,16,5000,0.0,0.05,rbf,median,anytime,bonferroni,1,2,False,UNRESOLVED,5000,True,False,False,0.0003933329717256129,0.0,0.18209213411654696,True,True,True,False
9c6844452f6d9f2b70cb,null_anytime,null_calibration,2214,839929965,16,5000,0.0,0.05,rbf,median,anytime,bonferroni,1,2,False,UNRESOLVED,5000,True,False,False,0.00039350002771243453,0.0,0.18209213411654696,True,True,True,False
a93a00e3df288348fe8f,null_anytime,null_calibration,2215,3102491651,16,5000,0.0,0.05,rbf,median,anytime,bonferroni,1,2,False,UNRESOLVED,5000,True,False,False,0.0003943340270780027,0.0,0.18209213411654696,True,True,True,False
a833fed15e17fcdaf29f,null_anytime,null_calibration,2216,6026114,16,5000,0.0,0.05,rbf,median,anytime,bonferroni,1,2,False,UNRESOLVED,5000,True,False,False,0.00039383297553285956,0.0,0.18209213411654696,True,True,True,False
d8eb5084403a5aa2b644,null_anytime,null_calibration,2217,2572311703,16,5000,0.0,0.05,rbf,median,anytime,bonferroni,1,2,False,UNRESOLVED,5000,True,False,False,0.00039416702929884195,0.0,0.18209213411654696,True,True,True,False
f4878e74e0419574b017,null_anytime,null_calibration,2218,3179544348,16,5000,0.0,0.05,rbf,median,anytime,bonferroni,1,2,False,UNRESOLVED,5000,True,False,False,0.00039533304516226053,0.0,0.18209213411654696,True,True,True,False
a1886429484f058831f1,null_anytime,null_calibration,2219,1600099388,16,5000,0.0,0.05,rbf,median,anytime,bonferroni,1,2,False,UNRESOLVED,5000,True,False,False,0.0003938750014640391,0.0,0.18209213411654696,True,True,True,False
c58af9224898e6ebb76b,null_anytime,null_calibration,2220,2035110913,16,5000,0.0,0.05,rbf,median,anytime,bonferroni,1,2,False,UNRESOLVED,5000,True,False,False,0.0003935410059057176,0.0,0.18209213411654696,True,True,True,False
32586235c3e8c5ecb0e8,null_anytime,null_calibration,2221,1073425537,16,5000,0.0,0.05,rbf,median,anytime,bonferroni,1,2,False,UNRESOLVED,5000,True,False,False,0.0003980000037699938,0.0,0.18209213411654696,True,True,True,False
a0efac69e0e06aff303a,null_anytime,null_calibration,2222,1901509574,16,5000,0.0,0.05,rbf,median,anytime,bonferroni,1,2,False,UNRESOLVED,5000,True,False,False,0.0003944580093957484,0.0,0.18209213411654696,True,True,True,False
48ef7dd1ef06564af8cf,null_anytime,null_calibration,2223,3748359209,16,5000,0.0,0.05,rbf,median,anytime,bonferroni,1,2,False,UNRESOLVED,5000,True,False,False,0.0003947910154238343,0.0,0.18209213411654696,True,True,True,False
392f439bf6c02fb07970,null_anytime,null_calibration,2224,1617029843,16,5000,0.0,0.05,rbf,median,anytime,bonferroni,1,2,False,UNRESOLVED,5000,True,False,False,0.0003938330337405205,0.0,0.18209213411654696,True,True,True,False
c99a3dffd3fa12db2f3c,null_anytime,null_calibration,2225,3592359348,16,5000,0.0,0.05,rbf,median,anytime,bonferroni,1,2,False,UNRESOLVED,5000,True,False,False,0.0003933749976567924,0.0,0.18209213411654696,True,True,True,False
0ed6fcb258d07828f8a1,null_anytime,null_calibration,2226,3228847925,16,5000,0.0,0.05,rbf,median,anytime,bonferroni,1,2,False,UNRESOLVED,5000,True,False,False,0.000390874978620559,0.0,0.18209213411654696,True,True,True,False
e05e7d18e75424def0ef,null_anytime,null_calibration,2227,2973103903,16,5000,0.0,0.05,rbf,median,anytime,bonferroni,1,2,False,UNRESOLVED,5000,True,False,False,0.0003940000315196812,0.0,0.18209213411654696,True,True,True,False
e2feb89669ca32ab5e73,null_anytime,null_calibration,2228,1179256954,16,5000,0.0,0.05,rbf,median,anytime,bonferroni,1,2,False,UNRESOLVED,5000,True,False,False,0.0003950000391341746,0.0,0.18209213411654696,True,True,True,False
6068edbb48853ac5caf0,null_anytime,null_calibration,2229,3823514026,16,5000,0.0,0.05,rbf,median,anytime,bonferroni,1,2,False,UNRESOLVED,5000,True,False,False,0.00039233401184901595,0.0,0.18209213411654696,True,True,True,False
cb21d36b1ade78790f0e,null_anytime,null_calibration,2230,1630853513,16,5000,0.0,0.05,rbf,median,anytime,bonferroni,1,2,False,UNRESOLVED,5000,True,False,False,0.00039366603596135974,0.0,0.18209213411654696,True,True,True,False
3cd3f00f2651ef129c47,null_anytime,null_calibration,2231,1082493663,16,5000,0.0,0.05,rbf,median,anytime,bonferroni,1,2,False,UNRESOLVED,5000,True,False,False,0.0004015000304207206,0.0,0.18209213411654696,True,True,True,False
f247858f10e5437134b9,null_anytime,null_calibration,2232,1017207977,16,5000,0.0,0.05,rbf,median,anytime,bonferroni,1,2,False,UNRESOLVED,5000,True,False,False,0.0003987909876741469,0.0,0.18209213411654696,True,True,True,False
decd97a4dcfa16693694,null_anytime,null_calibration,2233,479063804,16,5000,0.0,0.05,rbf,median,anytime,bonferroni,1,2,False,UNRESOLVED,5000,True,False,False,0.00039254099829122424,0.0,0.18209213411654696,True,True,True,False
98c50a09f2de72da4fd7,null_anytime,null_calibration,2234,1104102896,16,5000,0.0,0.05,rbf,median,anytime,bonferroni,1,2,False,UNRESOLVED,5000,True,False,False,0.00040550000267103314,0.0,0.18209213411654696,True,True,True,False
0b8a462bbb30227657df,null_anytime,null_calibration,2235,980773452,16,5000,0.0,0.05,rbf,median,anytime,bonferroni,1,2,False,UNRESOLVED,5000,True,False,False,0.00039458402898162603,0.0,0.18209213411654696,True,True,True,False
730d9fa8bd480d0dedd6,null_anytime,null_calibration,2236,1987505187,16,5000,0.0,0.05,rbf,median,anytime,bonferroni,1,2,False,UNRESOLVED,5000,True,False,False,0.0003933340194635093,0.0,0.18209213411654696,True,True,True,False
38239bf3eae79f1eee22,null_anytime,null_calibration,2237,2593494521,16,5000,0.0,0.05,rbf,median,anytime,bonferroni,1,2,False,UNRESOLVED,5000,True,False,False,0.000395249982830137,0.0,0.18209213411654696,True,True,True,False
2a28aca3b94ba8c03161,null_anytime,null_calibration,2238,187632475,16,5000,0.0,0.05,rbf,median,anytime,bonferroni,1,2,False,UNRESOLVED,5000,True,False,False,0.00039354199543595314,0.0,0.18209213411654696,True,True,True,False
35f52537fd3935fe3067,null_anytime,null_calibration,2239,3781984402,16,5000,0.0,0.05,rbf,median,anytime,bonferroni,1,2,False,UNRESOLVED,5000,True,False,False,0.00039549998473376036,0.0,0.18209213411654696,True,True,True,False
f6a56e8a630ea6895014,null_anytime,null_calibration,2240,1717678628,16,5000,0.0,0.05,rbf,median,anytime,bonferroni,1,2,False,UNRESOLVED,5000,True,False,False,0.0003962500486522913,0.0,0.18209213411654696,True,True,True,False
8c5f7b09396888babd23,null_anytime,null_calibration,2241,3907774964,16,5000,0.0,0.05,rbf,median,anytime,bonferroni,1,2,False,UNRESOLVED,5000,True,False,False,0.0003957920125685632,0.0,0.18209213411654696,True,True,True,False
10347f75b78a99497338,null_anytime,null_calibration,2242,2149322681,16,5000,0.0,0.05,rbf,median,anytime,bonferroni,1,2,False,UNRESOLVED,5000,True,False,False,0.0003943340270780027,0.0,0.18209213411654696,True,True,True,False
c23048f290039ca4dbc4,null_anytime,null_calibration,2243,3187214395,16,5000,0.0,0.05,rbf,median,anytime,bonferroni,1,2,False,UNRESOLVED,5000,True,False,False,0.00039187498623505235,0.0,0.18209213411654696,True,True,True,False
cac9eec1ea79c523db27,null_anytime,null_calibration,2244,488874936,16,5000,0.0,0.05,rbf,median,anytime,bonferroni,1,2,False,UNRESOLVED,5000,True,False,False,0.00039354205364361405,0.0,0.18209213411654696,True,True,True,False
04b90aee7c47184f2165,null_anytime,null_calibration,2245,4070324708,16,5000,0.0,0.05,rbf,median,anytime,bonferroni,1,2,False,UNRESOLVED,5000,True,False,False,0.00048287498066201806,0.0,0.18209213411654696,True,True,True,False
53d57dbb978d2eda9bb7,null_anytime,null_calibration,2246,3417946137,16,5000,0.0,0.05,rbf,median,anytime,bonferroni,1,2,False,UNRESOLVED,5000,True,False,False,0.0005347079713828862,0.0,0.18209213411654696,True,True,True,False
54d8198776dbd924fe5a,null_anytime,null_calibration,2247,3135697408,16,5000,0.0,0.05,rbf,median,anytime,bonferroni,1,2,False,UNRESOLVED,5000,True,False,False,0.0004952920135110617,0.0,0.18209213411654696,True,True,True,False
c0e80ab3d006316d96b7,null_anytime,null_calibration,2248,1357736940,16,5000,0.0,0.05,rbf,median,anytime,bonferroni,1,2,False,UNRESOLVED,5000,True,False,False,0.0004889999981969595,0.0,0.18209213411654696,True,True,True,False
ec890eca7d465c1daf8f,null_anytime,null_calibration,2249,966389410,16,5000,0.0,0.05,rbf,median,anytime,bonferroni,1,2,False,UNRESOLVED,5000,True,False,False,0.0005144579918123782,0.0,0.18209213411654696,True,True,True,False
d7863dada725a4a28742,null_anytime,null_calibration,2250,886202186,16,5000,0.0,0.05,rbf,median,anytime,bonferroni,1,2,False,UNRESOLVED,5000,True,False,False,0.0005755420424975455,0.0,0.18209213411654696,True,True,True,False
d5ad10f9a18536395053,null_anytime,null_calibration,2251,1055296385,16,5000,0.0,0.05,rbf,median,anytime,bonferroni,1,2,False,UNRESOLVED,5000,True,False,False,0.0005123339942656457,0.0,0.18209213411654696,True,True,True,False
6bbc8a9aa0c75f18cce7,null_anytime,null_calibration,2252,3047309812,16,5000,0.0,0.05,rbf,median,anytime,bonferroni,1,2,False,UNRESOLVED,5000,True,False,False,0.0005272079724818468,0.0,0.18209213411654696,True,True,True,False
50a3130e343e690f7353,null_anytime,null_calibration,2253,378365669,16,5000,0.0,0.05,rbf,median,anytime,bonferroni,1,2,False,UNRESOLVED,5000,True,False,False,0.0005533749936148524,0.0,0.18209213411654696,True,True,True,False
ca84d66ce23be5617883,null_anytime,null_calibration,2254,4180325419,16,5000,0.0,0.05,rbf,median,anytime,bonferroni,1,2,False,UNRESOLVED,5000,True,False,False,0.0005284580402076244,0.0,0.18209213411654696,True,True,True,False
e293e4a81d4ec2b7fced,null_anytime,null_calibration,2255,3257772522,16,5000,0.0,0.05,rbf,median,anytime,bonferroni,1,2,False,UNRESOLVED,5000,True,False,False,0.0004945829859934747,0.0,0.18209213411654696,True,True,True,False
141f685328f40e885d1b,null_anytime,null_calibration,2256,2735876942,16,5000,0.0,0.05,rbf,median,anytime,bonferroni,1,2,False,UNRESOLVED,5000,True,False,False,0.0004883750225417316,0.0,0.18209213411654696,True,True,True,False
77111bfbff1d85d8f283,null_anytime,null_calibration,2257,202432865,16,5000,0.0,0.05,rbf,median,anytime,bonferroni,1,2,False,UNRESOLVED,5000,True,False,False,0.0004852919955737889,0.0,0.18209213411654696,True,True,True,False
42a91aaecc7c7319afc1,null_anytime,null_calibration,2258,1605551613,16,5000,0.0,0.05,rbf,median,anytime,bonferroni,1,2,False,UNRESOLVED,5000,True,False,False,0.0004848340176977217,0.0,0.18209213411654696,True,True,True,False
a51bde751f606bf9b8cc,null_anytime,null_calibration,2259,1228151311,16,5000,0.0,0.05,rbf,median,anytime,bonferroni,1,2,False,UNRESOLVED,5000,True,False,False,0.0004829580429941416,0.0,0.18209213411654696,True,True,True,False
7c34d65d88f581042de3,null_anytime,null_calibration,2260,3704783505,16,5000,0.0,0.05,rbf,median,anytime,bonferroni,1,2,False,UNRESOLVED,5000,True,False,False,0.0004823339986614883,0.0,0.18209213411654696,True,True,True,False
5cb1d7f992ba474b5935,null_anytime,null_calibration,2261,3488070821,16,5000,0.0,0.05,rbf,median,anytime,bonferroni,1,2,False,UNRESOLVED,5000,True,False,False,0.00048204197082668543,0.0,0.18209213411654696,True,True,True,False
6579d60f753f2e3c3356,null_anytime,null_calibration,2262,3740556836,16,5000,0.0,0.05,rbf,median,anytime,bonferroni,1,2,False,UNRESOLVED,5000,True,False,False,0.0004732079687528312,0.0,0.18209213411654696,True,True,True,False
f88ada00969ee36cf0d7,null_anytime,null_calibration,2263,1110180170,16,5000,0.0,0.05,rbf,median,anytime,bonferroni,1,2,False,UNRESOLVED,5000,True,False,False,0.0005037499940954149,0.0,0.18209213411654696,True,True,True,False
adbfba19f55ea30952bc,null_anytime,null_calibration,2264,1532222660,16,5000,0.0,0.05,rbf,median,anytime,bonferroni,1,2,False,UNRESOLVED,5000,True,False,False,0.0004460839554667473,0.0,0.18209213411654696,True,True,True,False
99041c6ec8793e972693,null_anytime,null_calibration,2265,1190114149,16,5000,0.0,0.05,rbf,median,anytime,bonferroni,1,2,False,UNRESOLVED,5000,True,False,False,0.000408667023293674,0.0,0.18209213411654696,True,True,True,False
a7c0a4b00f7f57b46af5,null_anytime,null_calibration,2266,2468690167,16,5000,0.0,0.05,rbf,median,anytime,bonferroni,1,2,False,UNRESOLVED,5000,True,False,False,0.000407207990065217,0.0,0.18209213411654696,True,True,True,False
a7e13efb1a0243e083a7,null_anytime,null_calibration,2267,4127245539,16,5000,0.0,0.05,rbf,median,anytime,bonferroni,1,2,False,UNRESOLVED,5000,True,False,False,0.00040249997982755303,0.0,0.18209213411654696,True,True,True,False
a65402d6d75450657e7c,null_anytime,null_calibration,2268,2435887932,16,5000,0.0,0.05,rbf,median,anytime,bonferroni,1,2,False,UNRESOLVED,5000,True,False,False,0.0003997089806944132,0.0,0.18209213411654696,True,True,True,False
5651ade5cb423599772e,null_anytime,null_calibration,2269,2210892517,16,5000,0.0,0.05,rbf,median,anytime,bonferroni,1,2,False,UNRESOLVED,5000,True,False,False,0.00039900001138448715,0.0,0.18209213411654696,True,True,True,False
2b8d5197e90d6dcc19a8,null_anytime,null_calibration,2270,2246280226,16,5000,0.0,0.05,rbf,median,anytime,bonferroni,1,2,False,UNRESOLVED,5000,True,False,False,0.00039779196958988905,0.0,0.18209213411654696,True,True,True,False
33f6e18f124622d6b69f,null_anytime,null_calibration,2271,1773871575,16,5000,0.0,0.05,rbf,median,anytime,bonferroni,1,2,False,UNRESOLVED,5000,True,False,False,0.00039895897498354316,0.0,0.18209213411654696,True,True,True,False
37788764444a142e832e,null_anytime,null_calibration,2272,884275912,16,5000,0.0,0.05,rbf,median,anytime,bonferroni,1,2,False,UNRESOLVED,5000,True,False,False,0.0003974579740315676,0.0,0.18209213411654696,True,True,True,False
6c2f6e611dcbff9aa271,null_anytime,null_calibration,2273,3975044485,16,5000,0.0,0.05,rbf,median,anytime,bonferroni,1,2,False,UNRESOLVED,5000,True,False,False,0.00039833300979807973,0.0,0.18209213411654696,True,True,True,False
d70f0f336375cc223f00,null_anytime,null_calibration,2274,4022226014,16,5000,0.0,0.05,rbf,median,anytime,bonferroni,1,2,False,UNRESOLVED,5000,True,False,False,0.0003982910420745611,0.0,0.18209213411654696,True,True,True,False
3311d7e3fd6640244ce7,null_anytime,null_calibration,2275,2980131733,16,5000,0.0,0.05,rbf,median,anytime,bonferroni,1,2,False,UNRESOLVED,5000,True,False,False,0.0003969579702243209,0.0,0.18209213411654696,True,True,True,False
974342384df8e8c435c6,null_anytime,null_calibration,2276,4283651788,16,5000,0.0,0.05,rbf,median,anytime,bonferroni,1,2,False,UNRESOLVED,5000,True,False,False,0.00039787497371435165,0.0,0.18209213411654696,True,True,True,False
8e5f29c52530da2dc1e7,null_anytime,null_calibration,2277,620628691,16,5000,0.0,0.05,rbf,median,anytime,bonferroni,1,2,False,UNRESOLVED,5000,True,False,False,0.00039779202779754996,0.0,0.18209213411654696,True,True,True,False
d38f56d0b729d2533374,null_anytime,null_calibration,2278,3486361848,16,5000,0.0,0.05,rbf,median,anytime,bonferroni,1,2,False,UNRESOLVED,5000,True,False,False,0.0003967920201830566,0.0,0.18209213411654696,True,True,True,False
abe13a13b103f9901bbe,null_anytime,null_calibration,2279,856136606,16,5000,0.0,0.05,rbf,median,anytime,bonferroni,1,2,False,UNRESOLVED,5000,True,False,False,0.00039608299266546965,0.0,0.18209213411654696,True,True,True,False
fd58a3b9a255b3c5edcd,null_anytime,null_calibration,2280,302887839,16,5000,0.0,0.05,rbf,median,anytime,bonferroni,1,2,False,UNRESOLVED,5000,True,False,False,0.000396332994569093,0.0,0.18209213411654696,True,True,True,False
1e3d3645d3880a79201d,null_anytime,null_calibration,2281,1896990281,16,5000,0.0,0.05,rbf,median,anytime,bonferroni,1,2,False,UNRESOLVED,5000,True,False,False,0.00039666699012741446,0.0,0.18209213411654696,True,True,True,False
7abafd16005cdf5c5dea,null_anytime,null_calibration,2282,3437731406,16,5000,0.0,0.05,rbf,median,anytime,bonferroni,1,2,False,UNRESOLVED,5000,True,False,False,0.0003981669433414936,0.0,0.18209213411654696,True,True,True,False
bfece9fadc1a0ff959dd,null_anytime,null_calibration,2283,434867336,16,5000,0.0,0.05,rbf,median,anytime,bonferroni,1,2,False,UNRESOLVED,5000,True,False,False,0.00039658299647271633,0.0,0.18209213411654696,True,True,True,False
ec0257a2b79552d7615a,null_anytime,null_calibration,2284,3364750576,16,5000,0.0,0.05,rbf,median,anytime,bonferroni,1,2,False,UNRESOLVED,5000,True,False,False,0.00039829203160479665,0.0,0.18209213411654696,True,True,True,False
2553b195f378fb815bfa,null_anytime,null_calibration,2285,684973202,16,5000,0.0,0.05,rbf,median,anytime,bonferroni,1,2,False,UNRESOLVED,5000,True,False,False,0.0004000000189989805,0.0,0.18209213411654696,True,True,True,False
5f1d27916f2962f1c00f,null_anytime,null_calibration,2286,4001927547,16,5000,0.0,0.05,rbf,median,anytime,bonferroni,1,2,False,UNRESOLVED,5000,True,False,False,0.0003979169996455312,0.0,0.18209213411654696,True,True,True,False
ccf68760d6d44d04d64d,null_anytime,null_calibration,2287,1963281013,16,5000,0.0,0.05,rbf,median,anytime,bonferroni,1,2,False,UNRESOLVED,5000,True,False,False,0.0004034590092487633,0.0,0.18209213411654696,True,True,True,False
cc5c06fd71f6b026c2cd,null_anytime,null_calibration,2288,914594330,16,5000,0.0,0.05,rbf,median,anytime,bonferroni,1,2,False,UNRESOLVED,5000,True,False,False,0.00039533304516226053,0.0,0.18209213411654696,True,True,True,False
421917f6ddae892c51f7,null_anytime,null_calibration,2289,3265373547,16,5000,0.0,0.05,rbf,median,anytime,bonferroni,1,2,False,UNRESOLVED,5000,True,False,False,0.00039845798164606094,0.0,0.18209213411654696,True,True,True,False
cb60513691811cf93e66,null_anytime,null_calibration,2290,3979989619,16,5000,0.0,0.05,rbf,median,anytime,bonferroni,1,2,False,UNRESOLVED,5000,True,False,False,0.00039591698441654444,0.0,0.18209213411654696,True,True,True,False
3ba720793318f64c6e5b,null_anytime,null_calibration,2291,2082250607,16,5000,0.0,0.05,rbf,median,anytime,bonferroni,1,2,False,UNRESOLVED,5000,True,False,False,0.0003968749660998583,0.0,0.18209213411654696,True,True,True,False
806698c6b65e9185ac29,null_anytime,null_calibration,2292,3966822660,16,5000,0.0,0.05,rbf,median,anytime,bonferroni,1,2,False,UNRESOLVED,5000,True,False,False,0.0003962920163758099,0.0,0.18209213411654696,True,True,True,False
7e7b20e631ebd5b28ca4,null_anytime,null_calibration,2293,1340878731,16,5000,0.0,0.05,rbf,median,anytime,bonferroni,1,2,False,UNRESOLVED,5000,True,False,False,0.0003957499866373837,0.0,0.18209213411654696,True,True,True,False
785858ba7793f71e83ad,null_anytime,null_calibration,2294,313659052,16,5000,0.0,0.05,rbf,median,anytime,bonferroni,1,2,False,UNRESOLVED,5000,True,False,False,0.000397083000279963,0.0,0.18209213411654696,True,True,True,False
91c2a1ec80bc6ea79c79,null_anytime,null_calibration,2295,41821746,16,5000,0.0,0.05,rbf,median,anytime,bonferroni,1,2,False,UNRESOLVED,5000,True,False,False,0.0003949590027332306,0.0,0.18209213411654696,True,True,True,False
230cd316b4f47bb2d5fd,null_anytime,null_calibration,2296,3449370137,16,5000,0.0,0.05,rbf,median,anytime,bonferroni,1,2,False,UNRESOLVED,5000,True,False,False,0.00039724999805912375,0.0,0.18209213411654696,True,True,True,False
80ff09c8992ae6773bf6,null_anytime,null_calibration,2297,1312821035,16,5000,0.0,0.05,rbf,median,anytime,bonferroni,1,2,False,UNRESOLVED,5000,True,False,False,0.00039633404230698943,0.0,0.18209213411654696,True,True,True,False
d8c613aee93215802325,null_anytime,null_calibration,2298,3652462458,16,5000,0.0,0.05,rbf,median,anytime,bonferroni,1,2,False,UNRESOLVED,5000,True,False,False,0.0003955420106649399,0.0,0.18209213411654696,True,True,True,False
e41a49468ffefc8e780e,null_anytime,null_calibration,2299,2693490401,16,5000,0.0,0.05,rbf,median,anytime,bonferroni,1,2,False,UNRESOLVED,5000,True,False,False,0.0003964159986935556,0.0,0.18209213411654696,True,True,True,False
bd7b7af374ff3cdc42c3,null_anytime,null_calibration,2300,2659106019,16,5000,0.0,0.05,rbf,median,anytime,bonferroni,1,2,False,UNRESOLVED,5000,True,False,False,0.00039550004294142127,0.0,0.18209213411654696,True,True,True,False
2af7f1b3544236670352,null_anytime,null_calibration,2301,3812119772,16,5000,0.0,0.05,rbf,median,anytime,bonferroni,1,2,False,UNRESOLVED,5000,True,False,False,0.00039779196958988905,0.0,0.18209213411654696,True,True,True,False
df296daab3a6e06e1dda,null_anytime,null_calibration,2302,3183587430,16,5000,0.0,0.05,rbf,median,anytime,bonferroni,1,2,False,UNRESOLVED,5000,True,False,False,0.00039495801320299506,0.0,0.18209213411654696,True,True,True,False
4fef5c10224107fb7f4c,null_anytime,null_calibration,2303,929023921,16,5000,0.0,0.05,rbf,median,anytime,bonferroni,1,2,False,UNRESOLVED,5000,True,False,False,0.000396332994569093,0.0,0.18209213411654696,True,True,True,False
115fd08be5c35bde4629,null_anytime,null_calibration,2304,1508180527,16,5000,0.0,0.05,rbf,median,anytime,bonferroni,1,2,False,UNRESOLVED,5000,True,False,False,0.0003965409705415368,0.0,0.18209213411654696,True,True,True,False
181343650441d39f1c43,null_anytime,null_calibration,2305,3222697645,16,5000,0.0,0.05,rbf,median,anytime,bonferroni,1,2,False,UNRESOLVED,5000,True,False,False,0.00039604195626452565,0.0,0.18209213411654696,True,True,True,False
aabd91dc6980a5a8ee6e,null_anytime,null_calibration,2306,1470733735,16,5000,0.0,0.05,rbf,median,anytime,bonferroni,1,2,False,UNRESOLVED,5000,True,False,False,0.0003980000037699938,0.0,0.18209213411654696,True,True,True,False
881b6f86b83c9205e927,null_anytime,null_calibration,2307,1098512440,16,5000,0.0,0.05,rbf,median,anytime,bonferroni,1,2,False,UNRESOLVED,5000,True,False,False,0.0003946669748984277,0.0,0.18209213411654696,True,True,True,False
b816213b451b23ba90fc,null_anytime,null_calibration,2308,3779618479,16,5000,0.0,0.05,rbf,median,anytime,bonferroni,1,2,False,UNRESOLVED,5000,True,False,False,0.0003965840442106128,0.0,0.18209213411654696,True,True,True,False
21903a5112b2334bf07e,null_anytime,null_calibration,2309,3212888310,16,5000,0.0,0.05,rbf,median,anytime,bonferroni,1,2,False,UNRESOLVED,5000,True,False,False,0.00039895903319120407,0.0,0.18209213411654696,True,True,True,False
46b016e1404c88c33be6,null_anytime,null_calibration,2310,3424434864,16,5000,0.0,0.05,rbf,median,anytime,bonferroni,1,2,False,UNRESOLVED,5000,True,False,False,0.00039495795499533415,0.0,0.18209213411654696,True,True,True,False
90a84fe776141653b364,null_anytime,null_calibration,2311,2068884342,16,5000,0.0,0.05,rbf,median,anytime,bonferroni,1,2,False,UNRESOLVED,5000,True,False,False,0.00039604201447218657,0.0,0.18209213411654696,True,True,True,False
573fd39b6c6484c68ac0,null_anytime,null_calibration,2312,2308122355,16,5000,0.0,0.05,rbf,median,anytime,bonferroni,1,2,False,UNRESOLVED,5000,True,False,False,0.00039412500336766243,0.0,0.18209213411654696,True,True,True,False
a7d04b31a41c58c5aeb9,null_anytime,null_calibration,2313,1783744217,16,5000,0.0,0.05,rbf,median,anytime,bonferroni,1,2,False,UNRESOLVED,5000,True,False,False,0.00039550004294142127,0.0,0.18209213411654696,True,True,True,False
a534ab61b51ffe4a230c,null_anytime,null_calibration,2314,306758790,16,5000,0.0,0.05,rbf,median,anytime,bonferroni,1,2,False,UNRESOLVED,5000,True,False,False,0.0004089580033905804,0.0,0.18209213411654696,True,True,True,False
75f91d4165aae6796203,null_anytime,null_calibration,2315,3166738950,16,5000,0.0,0.05,rbf,median,anytime,bonferroni,1,2,False,UNRESOLVED,5000,True,False,False,0.0003968749660998583,0.0,0.18209213411654696,True,True,True,False
b7c0ce45d1ba1b920b1a,null_anytime,null_calibration,2316,4268435047,16,5000,0.0,0.05,rbf,median,anytime,bonferroni,1,2,False,UNRESOLVED,5000,True,False,False,0.00039641704643145204,0.0,0.18209213411654696,True,True,True,False
608d37f700f91eae447d,null_anytime,null_calibration,2317,961635754,16,5000,0.0,0.05,rbf,median,anytime,bonferroni,1,2,False,UNRESOLVED,5000,True,False,False,0.0003971660044044256,0.0,0.18209213411654696,True,True,True,False
44198ec4669687fa6909,null_anytime,null_calibration,2318,3056990881,16,5000,0.0,0.05,rbf,median,anytime,bonferroni,1,2,False,UNRESOLVED,5000,True,False,False,0.000396709016058594,0.0,0.18209213411654696,True,True,True,False
8fb164846dda99f186f1,null_anytime,null_calibration,2319,1065087466,16,5000,0.0,0.05,rbf,median,anytime,bonferroni,1,2,False,UNRESOLVED,5000,True,False,False,0.0003957499866373837,0.0,0.18209213411654696,True,True,True,False
9b4c7207223c44656e40,null_anytime,null_calibration,2320,403907145,16,5000,0.0,0.05,rbf,median,anytime,bonferroni,1,2,False,UNRESOLVED,5000,True,False,False,0.000394917035009712,0.0,0.18209213411654696,True,True,True,False
c40124178507ce0cf9ab,null_anytime,null_calibration,2321,536214806,16,5000,0.0,0.05,rbf,median,anytime,bonferroni,1,2,False,UNRESOLVED,5000,True,False,False,0.00039583403849974275,0.0,0.18209213411654696,True,True,True,False
de83ac54ff85c5c1b0ef,null_anytime,null_calibration,2322,342282138,16,5000,0.0,0.05,rbf,median,anytime,bonferroni,1,2,False,UNRESOLVED,5000,True,False,False,0.00039420899702236056,0.0,0.18209213411654696,True,True,True,False
44a657508930d2e295bd,null_anytime,null_calibration,2323,1295988875,16,5000,0.0,0.05,rbf,median,anytime,bonferroni,1,2,False,UNRESOLVED,5000,True,False,False,0.0003959159948863089,0.0,0.18209213411654696,True,True,True,False
8219289f5fdd27e25fb9,null_anytime,null_calibration,2324,2392290588,16,5000,0.0,0.05,rbf,median,anytime,bonferroni,1,2,False,UNRESOLVED,5000,True,False,False,0.0003964580246247351,0.0,0.18209213411654696,True,True,True,False
83454289df4fa00142e0,null_anytime,null_calibration,2325,2136469255,16,5000,0.0,0.05,rbf,median,anytime,bonferroni,1,2,False,UNRESOLVED,5000,True,False,False,0.0003944589989259839,0.0,0.18209213411654696,True,True,True,False
023300508ddd693ecd3d,null_anytime,null_calibration,2326,1606827625,16,5000,0.0,0.05,rbf,median,anytime,bonferroni,1,2,False,UNRESOLVED,5000,True,False,False,0.00039616599678993225,0.0,0.18209213411654696,True,True,True,False
7e5c7e59dc209cd8b869,null_anytime,null_calibration,2327,3656738161,16,5000,0.0,0.05,rbf,median,anytime,bonferroni,1,2,False,UNRESOLVED,5000,True,False,False,0.00039712502621114254,0.0,0.18209213411654696,True,True,True,False
f6db01ff643e620fd5ef,null_anytime,null_calibration,2328,4217261559,16,5000,0.0,0.05,rbf,median,anytime,bonferroni,1,2,False,UNRESOLVED,5000,True,False,False,0.00039483397267758846,0.0,0.18209213411654696,True,True,True,False
d5116ab15729e700c2c4,null_anytime,null_calibration,2329,1436328856,16,5000,0.0,0.05,rbf,median,anytime,bonferroni,1,2,False,UNRESOLVED,5000,True,False,False,0.0003956250147894025,0.0,0.18209213411654696,True,True,True,False
338854f3767cc162dc20,null_anytime,null_calibration,2330,1668643842,16,5000,0.0,0.05,rbf,median,anytime,bonferroni,1,2,False,UNRESOLVED,5000,True,False,False,0.00040012499084696174,0.0,0.18209213411654696,True,True,True,False
23331a059a39e1a43218,null_anytime,null_calibration,2331,2146693608,16,5000,0.0,0.05,rbf,median,anytime,bonferroni,1,2,False,UNRESOLVED,5000,True,False,False,0.0003964999923482537,0.0,0.18209213411654696,True,True,True,False
2c1e84c00103239d93a1,null_anytime,null_calibration,2332,2830224148,16,5000,0.0,0.05,rbf,median,anytime,bonferroni,1,2,False,UNRESOLVED,5000,True,False,False,0.00039537495467811823,0.0,0.18209213411654696,True,True,True,False
e85b622f03d0bc342193,null_anytime,null_calibration,2333,164402519,16,5000,0.0,0.05,rbf,median,anytime,bonferroni,1,2,False,UNRESOLVED,5000,True,False,False,0.0003986249794252217,0.0,0.18209213411654696,True,True,True,False
db3de80d5509aea7453e,null_anytime,null_calibration,2334,3303151643,16,5000,0.0,0.05,rbf,median,anytime,bonferroni,1,2,False,UNRESOLVED,5000,True,False,False,0.0003969169920310378,0.0,0.18209213411654696,True,True,True,False
2787629ccfe4d6066a38,null_anytime,null_calibration,2335,3509037515,16,5000,0.0,0.05,rbf,median,anytime,bonferroni,1,2,False,UNRESOLVED,5000,True,False,False,0.00039920798735693097,0.0,0.18209213411654696,True,True,True,False
1814d8a249f757cbb896,null_anytime,null_calibration,2336,3764684272,16,5000,0.0,0.05,rbf,median,anytime,bonferroni,1,2,False,UNRESOLVED,5000,True,False,False,0.0004117920179851353,0.0,0.18209213411654696,True,True,True,False
8efd266893ff8397df77,null_anytime,null_calibration,2337,654432063,16,5000,0.0,0.05,rbf,median,anytime,bonferroni,1,2,False,UNRESOLVED,5000,True,False,False,0.0003967920201830566,0.0,0.18209213411654696,True,True,True,False
670dcc79c6cdb412c117,null_anytime,null_calibration,2338,4133593953,16,5000,0.0,0.05,rbf,median,anytime,bonferroni,1,2,False,UNRESOLVED,5000,True,False,False,0.0003956660511903465,0.0,0.18209213411654696,True,True,True,False
0fcbbe76d4a1ebeac210,null_anytime,null_calibration,2339,3301915071,16,5000,0.0,0.05,rbf,median,anytime,bonferroni,1,2,False,UNRESOLVED,5000,True,False,False,0.000397083000279963,0.0,0.18209213411654696,True,True,True,False
7049c680ed7d2842d171,null_anytime,null_calibration,2340,3609781340,16,5000,0.0,0.05,rbf,median,anytime,bonferroni,1,2,False,UNRESOLVED,5000,True,False,False,0.0003970409743487835,0.0,0.18209213411654696,True,True,True,False
f93410389f85d4199bfa,null_anytime,null_calibration,2341,1005805774,16,5000,0.0,0.05,rbf,median,anytime,bonferroni,1,2,False,UNRESOLVED,5000,True,False,False,0.0003964999923482537,0.0,0.18209213411654696,True,True,True,False
62e89d54dcf09395631d,null_anytime,null_calibration,2342,1097009195,16,5000,0.0,0.05,rbf,median,anytime,bonferroni,1,2,False,UNRESOLVED,5000,True,False,False,0.00039545795880258083,0.0,0.18209213411654696,True,True,True,False
93c06e670a36c29b4607,null_anytime,null_calibration,2343,201318734,16,5000,0.0,0.05,rbf,median,anytime,bonferroni,1,2,False,UNRESOLVED,5000,True,False,False,0.0003957499866373837,0.0,0.18209213411654696,True,True,True,False
4e89faa7c54d57657a0a,null_anytime,null_calibration,2344,3226365058,16,5000,0.0,0.05,rbf,median,anytime,bonferroni,1,2,False,UNRESOLVED,5000,True,False,False,0.00039479200495406985,0.0,0.18209213411654696,True,True,True,False
89f7bb831fef3a3c1c0d,null_anytime,null_calibration,2345,1166590794,16,5000,0.0,0.05,rbf,median,anytime,bonferroni,1,2,False,UNRESOLVED,5000,True,False,False,0.00039587501669302583,0.0,0.18209213411654696,True,True,True,False
60e8fbe4f4d8958d4988,null_anytime,null_calibration,2346,1659027839,16,5000,0.0,0.05,rbf,median,anytime,bonferroni,1,2,False,UNRESOLVED,5000,True,False,False,0.0003969999961555004,0.0,0.18209213411654696,True,True,True,False
baf36ef034b678d0f8e4,null_anytime,null_calibration,2347,1278021523,16,5000,0.0,0.05,rbf,median,anytime,bonferroni,1,2,False,UNRESOLVED,5000,True,False,False,0.00039841700345277786,0.0,0.18209213411654696,True,True,True,False
29a91b59b880db7efb11,null_anytime,null_calibration,2348,1816160429,16,5000,0.0,0.05,rbf,median,anytime,bonferroni,1,2,False,UNRESOLVED,5000,True,False,False,0.00039733300218358636,0.0,0.18209213411654696,True,True,True,False
59438cc77f2428214e51,null_anytime,null_calibration,2349,814848533,16,5000,0.0,0.05,rbf,median,anytime,bonferroni,1,2,False,UNRESOLVED,5000,True,False,False,0.0003963750205002725,0.0,0.18209213411654696,True,True,True,False
3644304ccd00b9e56a3d,null_anytime,null_calibration,2350,1878405444,16,5000,0.0,0.05,rbf,median,anytime,bonferroni,1,2,False,UNRESOLVED,5000,True,False,False,0.00039674999425187707,0.0,0.18209213411654696,True,True,True,False
d58a705d3e762b0c6828,null_anytime,null_calibration,2351,154492620,16,5000,0.0,0.05,rbf,median,anytime,bonferroni,1,2,False,UNRESOLVED,5000,True,False,False,0.0003987500094808638,0.0,0.18209213411654696,True,True,True,False
1ccbee47e011b47f7512,null_anytime,null_calibration,2352,1170695451,16,5000,0.0,0.05,rbf,median,anytime,bonferroni,1,2,False,UNRESOLVED,5000,True,False,False,0.00039483304135501385,0.0,0.18209213411654696,True,True,True,False
4c7f58207c026daa0e13,null_anytime,null_calibration,2353,465412855,16,5000,0.0,0.05,rbf,median,anytime,bonferroni,1,2,False,UNRESOLVED,5000,True,False,False,0.00039795803604647517,0.0,0.18209213411654696,True,True,True,False
d5d4911b807cc2d53853,null_anytime,null_calibration,2354,2926393525,16,5000,0.0,0.05,rbf,median,anytime,bonferroni,1,2,False,UNRESOLVED,5000,True,False,False,0.00039670802652835846,0.0,0.18209213411654696,True,True,True,False
94689bc2591737479c4a,null_anytime,null_calibration,2355,3250238294,16,5000,0.0,0.05,rbf,median,anytime,bonferroni,1,2,False,UNRESOLVED,5000,True,False,False,0.00039475003723055124,0.0,0.18209213411654696,True,True,True,False
d66be52d001f341ad6d3,null_anytime,null_calibration,2356,2240472736,16,5000,0.0,0.05,rbf,median,anytime,bonferroni,1,2,False,UNRESOLVED,5000,True,False,False,0.00039416702929884195,0.0,0.18209213411654696,True,True,True,False
9afcb2768a0c7d0b7c88,null_anytime,null_calibration,2357,2648796617,16,5000,0.0,0.05,rbf,median,anytime,bonferroni,1,2,False,UNRESOLVED,5000,True,False,False,0.0003951669787056744,0.0,0.18209213411654696,True,True,True,False
5ed93c6b25d9d1c1ffaa,null_anytime,null_calibration,2358,1255698086,16,5000,0.0,0.05,rbf,median,anytime,bonferroni,1,2,False,UNRESOLVED,5000,True,False,False,0.00039475003723055124,0.0,0.18209213411654696,True,True,True,False
4bc2b14fc5e2351e9a0f,null_anytime,null_calibration,2359,3678991836,16,5000,0.0,0.05,rbf,median,anytime,bonferroni,1,2,False,UNRESOLVED,5000,True,False,False,0.00039612496038898826,0.0,0.18209213411654696,True,True,True,False
2b700502cde8ac9b9ce0,null_anytime,null_calibration,2360,1809053094,16,5000,0.0,0.05,rbf,median,anytime,bonferroni,1,2,False,UNRESOLVED,5000,True,False,False,0.00039858295349404216,0.0,0.18209213411654696,True,True,True,False
c8d237511605f4a99431,null_anytime,null_calibration,2361,1390770415,16,5000,0.0,0.05,rbf,median,anytime,bonferroni,1,2,False,UNRESOLVED,5000,True,False,False,0.0003982079797424376,0.0,0.18209213411654696,True,True,True,False
862312ed9b7fd39bff42,null_anytime,null_calibration,2362,3614181474,16,5000,0.0,0.05,rbf,median,anytime,bonferroni,1,2,False,UNRESOLVED,5000,True,False,False,0.0003948340308852494,0.0,0.18209213411654696,True,True,True,False
9b580af65e08a9a774d0,null_anytime,null_calibration,2363,3016217740,16,5000,0.0,0.05,rbf,median,anytime,bonferroni,1,2,False,UNRESOLVED,5000,True,False,False,0.0003948340308852494,0.0,0.18209213411654696,True,True,True,False
ea38e1fb960662dcd878,null_anytime,null_calibration,2364,347945498,16,5000,0.0,0.05,rbf,median,anytime,bonferroni,1,2,False,UNRESOLVED,5000,True,False,False,0.0003959159948863089,0.0,0.18209213411654696,True,True,True,False
96eb14a1234e1465676c,null_anytime,null_calibration,2365,2488235265,16,5000,0.0,0.05,rbf,median,anytime,bonferroni,1,2,False,UNRESOLVED,5000,True,False,False,0.0003963750205002725,0.0,0.18209213411654696,True,True,True,False
e715aeb69423b26ae471,null_anytime,null_calibration,2366,250652163,16,5000,0.0,0.05,rbf,median,anytime,bonferroni,1,2,False,UNRESOLVED,5000,True,False,False,0.0003975830040872097,0.0,0.18209213411654696,True,True,True,False
efd0cdf17cb08ad6e40f,null_anytime,null_calibration,2367,2390188765,16,5000,0.0,0.05,rbf,median,anytime,bonferroni,1,2,False,UNRESOLVED,5000,True,False,False,0.00039670802652835846,0.0,0.18209213411654696,True,True,True,False
5a1d46fae107ff38035e,null_anytime,null_calibration,2368,3745516311,16,5000,0.0,0.05,rbf,median,anytime,bonferroni,1,2,False,UNRESOLVED,5000,True,False,False,0.00039566599298268557,0.0,0.18209213411654696,True,True,True,False
45274a09c6822679eae4,null_anytime,null_calibration,2369,1900687997,16,5000,0.0,0.05,rbf,median,anytime,bonferroni,1,2,False,UNRESOLVED,5000,True,False,False,0.0003957910230383277,0.0,0.18209213411654696,True,True,True,False
5213b1a5f63b374e5ec1,null_anytime,null_calibration,2370,3707978736,16,5000,0.0,0.05,rbf,median,anytime,bonferroni,1,2,False,UNRESOLVED,5000,True,False,False,0.00039487500907853246,0.0,0.18209213411654696,True,True,True,False
5c7dc48ebc83a306dadd,null_anytime,null_calibration,2371,3045528097,16,5000,0.0,0.05,rbf,median,anytime,bonferroni,1,2,False,UNRESOLVED,5000,True,False,False,0.0003958749584853649,0.0,0.18209213411654696,True,True,True,False
b52fe6cfb243ebed1cdb,null_anytime,null_calibration,2372,2897522960,16,5000,0.0,0.05,rbf,median,anytime,bonferroni,1,2,False,UNRESOLVED,5000,True,False,False,0.00039674999425187707,0.0,0.18209213411654696,True,True,True,False
51e632cca03a4c25859c,null_anytime,null_calibration,2373,2433329139,16,5000,0.0,0.05,rbf,median,anytime,bonferroni,1,2,False,UNRESOLVED,5000,True,False,False,0.00039599998854100704,0.0,0.18209213411654696,True,True,True,False
371f299518e64c939f41,null_anytime,null_calibration,2374,3127391406,16,5000,0.0,0.05,rbf,median,anytime,bonferroni,1,2,False,UNRESOLVED,5000,True,False,False,0.00039495795499533415,0.0,0.18209213411654696,True,True,True,False
981618ac7b19a7ce2ed5,null_anytime,null_calibration,2375,833866064,16,5000,0.0,0.05,rbf,median,anytime,bonferroni,1,2,False,UNRESOLVED,5000,True,False,False,0.00039658299647271633,0.0,0.18209213411654696,True,True,True,False
16e8562d705875cc8187,null_anytime,null_calibration,2376,2739948423,16,5000,0.0,0.05,rbf,median,anytime,bonferroni,1,2,False,UNRESOLVED,5000,True,False,False,0.0003955830470658839,0.0,0.18209213411654696,True,True,True,False
1342bc77fc5fe6e7d793,null_anytime,null_calibration,2377,1840289131,16,5000,0.0,0.05,rbf,median,anytime,bonferroni,1,2,False,UNRESOLVED,5000,True,False,False,0.0003951250109821558,0.0,0.18209213411654696,True,True,True,False
060cd989d3a61dc90a74,null_anytime,null_calibration,2378,3409241746,16,5000,0.0,0.05,rbf,median,anytime,bonferroni,1,2,False,UNRESOLVED,5000,True,False,False,0.0003969999961555004,0.0,0.18209213411654696,True,True,True,False
daf27614a6c6b875ceee,null_anytime,null_calibration,2379,205690915,16,5000,0.0,0.05,rbf,median,anytime,bonferroni,1,2,False,UNRESOLVED,5000,True,False,False,0.00047379196621477604,0.0,0.18209213411654696,True,True,True,False
a00fe6998a5669f6c5cb,null_anytime,null_calibration,2380,2097170037,16,5000,0.0,0.05,rbf,median,anytime,bonferroni,1,2,False,UNRESOLVED,5000,True,False,False,0.0006256669876165688,0.0,0.18209213411654696,True,True,True,False
25b8e18d47375963c92a,null_anytime,null_calibration,2381,1036209886,16,5000,0.0,0.05,rbf,median,anytime,bonferroni,1,2,False,UNRESOLVED,5000,True,False,False,0.0005900840042158961,0.0,0.18209213411654696,True,True,True,False
b811aecb0a9f043633b4,null_anytime,null_calibration,2382,2413193870,16,5000,0.0,0.05,rbf,median,anytime,bonferroni,1,2,False,UNRESOLVED,5000,True,False,False,0.0005695000290870667,0.0,0.18209213411654696,True,True,True,False
0800f887989e7317d895,null_anytime,null_calibration,2383,2054236268,16,5000,0.0,0.05,rbf,median,anytime,bonferroni,1,2,False,UNRESOLVED,5000,True,False,False,0.0005978340050205588,0.0,0.18209213411654696,True,True,True,False
9d8e8deea67b51c82016,null_anytime,null_calibration,2384,1704981825,16,5000,0.0,0.05,rbf,median,anytime,bonferroni,1,2,False,UNRESOLVED,5000,True,False,False,0.0004242910072207451,0.0,0.18209213411654696,True,True,True,False
a981c5ed4d9d41f0edab,null_anytime,null_calibration,2385,4165761386,16,5000,0.0,0.05,rbf,median,anytime,bonferroni,1,2,False,UNRESOLVED,5000,True,False,False,0.00040541699854657054,0.0,0.18209213411654696,True,True,True,False
ef92428976821d74f1d4,null_anytime,null_calibration,2386,2164337332,16,5000,0.0,0.05,rbf,median,anytime,bonferroni,1,2,False,UNRESOLVED,5000,True,False,False,0.0003993749851360917,0.0,0.18209213411654696,True,True,True,False
8fb966e3e77aded020dd,null_anytime,null_calibration,2387,1169393157,16,5000,0.0,0.05,rbf,median,anytime,bonferroni,1,2,False,UNRESOLVED,5000,True,False,False,0.0004011249984614551,0.0,0.18209213411654696,True,True,True,False
7f2edcf0aaced3f7de51,null_anytime,null_calibration,2388,1187117674,16,5000,0.0,0.05,rbf,median,anytime,bonferroni,1,2,False,UNRESOLVED,5000,True,False,False,0.00039829203160479665,0.0,0.18209213411654696,True,True,True,False
b1ec78b86531bd38f92c,null_anytime,null_calibration,2389,521391587,16,5000,0.0,0.05,rbf,median,anytime,bonferroni,1,2,False,UNRESOLVED,5000,True,False,False,0.00039775000186637044,0.0,0.18209213411654696,True,True,True,False
93e19b05a0bb23190e76,null_anytime,null_calibration,2390,4014495199,16,5000,0.0,0.05,rbf,median,anytime,bonferroni,1,2,False,UNRESOLVED,5000,True,False,False,0.0003968749660998583,0.0,0.18209213411654696,True,True,True,False
511b7e720f26d80fdc67,null_anytime,null_calibration,2391,2180972808,16,5000,0.0,0.05,rbf,median,anytime,bonferroni,1,2,False,UNRESOLVED,5000,True,False,False,0.00040012499084696174,0.0,0.18209213411654696,True,True,True,False
9f88870ed9b30c4a4ea6,null_anytime,null_calibration,2392,1252527176,16,5000,0.0,0.05,rbf,median,anytime,bonferroni,1,2,False,UNRESOLVED,5000,True,False,False,0.0003975830040872097,0.0,0.18209213411654696,True,True,True,False
7c0b69f0422e2fb3391a,null_anytime,null_calibration,2393,800932528,16,5000,0.0,0.05,rbf,median,anytime,bonferroni,1,2,False,UNRESOLVED,5000,True,False,False,0.0003963750205002725,0.0,0.18209213411654696,True,True,True,False
89ad2c3899d00f7bcc19,null_anytime,null_calibration,2394,1631926058,16,5000,0.0,0.05,rbf,median,anytime,bonferroni,1,2,False,UNRESOLVED,5000,True,False,False,0.00039654201827943325,0.0,0.18209213411654696,True,True,True,False
eed9a6f01402eb86f22f,null_anytime,null_calibration,2395,2011832700,16,5000,0.0,0.05,rbf,median,anytime,bonferroni,1,2,False,UNRESOLVED,5000,True,False,False,0.00039712502621114254,0.0,0.18209213411654696,True,True,True,False
a90fa584433db2a671ae,null_anytime,null_calibration,2396,530434985,16,5000,0.0,0.05,rbf,median,anytime,bonferroni,1,2,False,UNRESOLVED,5000,True,False,False,0.0003938750014640391,0.0,0.18209213411654696,True,True,True,False
d2dc127000d6f5ffb6cf,null_anytime,null_calibration,2397,2017028905,16,5000,0.0,0.05,rbf,median,anytime,bonferroni,1,2,False,UNRESOLVED,5000,True,False,False,0.000395208946429193,0.0,0.18209213411654696,True,True,True,False
97f00c97f178f2703882,null_anytime,null_calibration,2398,2145307314,16,5000,0.0,0.05,rbf,median,anytime,bonferroni,1,2,False,UNRESOLVED,5000,True,False,False,0.00039670796832069755,0.0,0.18209213411654696,True,True,True,False
27f1888ebe22c3af8d61,null_anytime,null_calibration,2399,1189279926,16,5000,0.0,0.05,rbf,median,anytime,bonferroni,1,2,False,UNRESOLVED,5000,True,False,False,0.00039504095911979675,0.0,0.18209213411654696,True,True,True,False
d8d5ba3a093a251473d0,null_anytime,null_calibration,2400,2499700517,16,5000,0.0,0.05,rbf,median,anytime,bonferroni,1,2,False,UNRESOLVED,5000,True,False,False,0.0004295000107958913,0.0,0.18209213411654696,True,True,True,False
8dec7bcd532ae58e3731,null_anytime,null_calibration,2401,579377128,16,5000,0.0,0.05,rbf,median,anytime,bonferroni,1,2,False,UNRESOLVED,5000,True,False,False,0.0003974580322392285,0.0,0.18209213411654696,True,True,True,False
84482b77d6d345f8fe24,null_anytime,null_calibration,2402,3925646361,16,5000,0.0,0.05,rbf,median,anytime,bonferroni,1,2,False,UNRESOLVED,5000,True,False,False,0.00039491598727181554,0.0,0.18209213411654696,True,True,True,False
eadd5fccbc5013af6280,null_anytime,null_calibration,2403,4027181301,16,5000,0.0,0.05,rbf,median,anytime,bonferroni,1,2,False,UNRESOLVED,5000,True,False,False,0.00039554096292704344,0.0,0.18209213411654696,True,True,True,False
74ca17782f30a009a262,null_anytime,null_calibration,2404,439160405,16,5000,0.0,0.05,rbf,median,anytime,bonferroni,1,2,False,UNRESOLVED,5000,True,False,False,0.00039737496990710497,0.0,0.18209213411654696,True,True,True,False
33de1612d96116544685,null_anytime,null_calibration,2405,2038857376,16,5000,0.0,0.05,rbf,median,anytime,bonferroni,1,2,False,UNRESOLVED,5000,True,False,False,0.00039495795499533415,0.0,0.18209213411654696,True,True,True,False
d6436ad28c129bedf81b,null_anytime,null_calibration,2406,4252589893,16,5000,0.0,0.05,rbf,median,anytime,bonferroni,1,2,False,UNRESOLVED,5000,True,False,False,0.00039429101161658764,0.0,0.18209213411654696,True,True,True,False
f0ffe54f628cedc3a71a,null_anytime,null_calibration,2407,1106291317,16,5000,0.0,0.05,rbf,median,anytime,bonferroni,1,2,False,UNRESOLVED,5000,True,False,False,0.00039483298314735293,0.0,0.18209213411654696,True,True,True,False
bc284e4bec4b48eec398,null_anytime,null_calibration,2408,337329854,16,5000,0.0,0.05,rbf,median,anytime,bonferroni,1,2,False,UNRESOLVED,5000,True,False,False,0.00039595802081748843,0.0,0.18209213411654696,True,True,True,False
0c170d64e2eea1384a1c,null_anytime,null_calibration,2409,3093811432,16,5000,0.0,0.05,rbf,median,anytime,bonferroni,1,2,False,UNRESOLVED,5000,True,False,False,0.0003962089540436864,0.0,0.18209213411654696,True,True,True,False
f9fcccbeebee4bd21af0,null_anytime,null_calibration,2410,3626920512,16,5000,0.0,0.05,rbf,median,anytime,bonferroni,1,2,False,UNRESOLVED,5000,True,False,False,0.0003950420068576932,0.0,0.18209213411654696,True,True,True,False
c58d2d09c41e24dbc443,null_anytime,null_calibration,2411,1745328969,16,5000,0.0,0.05,rbf,median,anytime,bonferroni,1,2,False,UNRESOLVED,5000,True,False,False,0.00039487500907853246,0.0,0.18209213411654696,True,True,True,False
5f9baea4d60d9d81d801,null_anytime,null_calibration,2412,3055895575,16,5000,0.0,0.05,rbf,median,anytime,bonferroni,1,2,False,UNRESOLVED,5000,True,False,False,0.0003945000353269279,0.0,0.18209213411654696,True,True,True,False
b5be8e8b8e00e4dcd667,null_anytime,null_calibration,2413,1154903925,16,5000,0.0,0.05,rbf,median,anytime,bonferroni,1,2,False,UNRESOLVED,5000,True,False,False,0.00039900001138448715,0.0,0.18209213411654696,True,True,True,False
a1fbc11c309eaf5c46d2,null_anytime,null_calibration,2414,334058235,16,5000,0.0,0.05,rbf,median,anytime,bonferroni,1,2,False,UNRESOLVED,5000,True,False,False,0.00039483397267758846,0.0,0.18209213411654696,True,True,True,False
7410cea6a6bf62b1d813,null_anytime,null_calibration,2415,2176752419,16,5000,0.0,0.05,rbf,median,anytime,bonferroni,1,2,False,UNRESOLVED,5000,True,False,False,0.00039720803033560514,0.0,0.18209213411654696,True,True,True,False
daca028da745b1ae1813,null_anytime,null_calibration,2416,4038775418,16,5000,0.0,0.05,rbf,median,anytime,bonferroni,1,2,False,UNRESOLVED,5000,True,False,False,0.0003963750205002725,0.0,0.18209213411654696,True,True,True,False
5eeb7b92fd1d504be990,null_anytime,null_calibration,2417,3031481254,16,5000,0.0,0.05,rbf,median,anytime,bonferroni,1,2,False,UNRESOLVED,5000,True,False,False,0.0003951669787056744,0.0,0.18209213411654696,True,True,True,False
f26d5a6819d07cddba70,null_anytime,null_calibration,2418,4013055038,16,5000,0.0,0.05,rbf,median,anytime,bonferroni,1,2,False,UNRESOLVED,5000,True,False,False,0.00039479200495406985,0.0,0.18209213411654696,True,True,True,False
5f3614e68cd954709704,null_anytime,null_calibration,2419,982005408,16,5000,0.0,0.05,rbf,median,anytime,bonferroni,1,2,False,UNRESOLVED,5000,True,False,False,0.00039591704262420535,0.0,0.18209213411654696,True,True,True,False
55590a32ec5c22c331a1,null_anytime,null_calibration,2420,1446167167,16,5000,0.0,0.05,rbf,median,anytime,bonferroni,1,2,False,UNRESOLVED,5000,True,False,False,0.0003968749660998583,0.0,0.18209213411654696,True,True,True,False
2d6356917aa1f146e752,null_anytime,null_calibration,2421,925059465,16,5000,0.0,0.05,rbf,median,anytime,bonferroni,1,2,False,UNRESOLVED,5000,True,False,False,0.0003963750205002725,0.0,0.18209213411654696,True,True,True,False
bea4b080917e970049de,null_anytime,null_calibration,2422,2864520452,16,5000,0.0,0.05,rbf,median,anytime,bonferroni,1,2,False,UNRESOLVED,5000,True,False,False,0.0003999170148745179,0.0,0.18209213411654696,True,True,True,False
bdd47835183fd9bdbfa1,null_anytime,null_calibration,2423,3946956264,16,5000,0.0,0.05,rbf,median,anytime,bonferroni,1,2,False,UNRESOLVED,5000,True,False,False,0.0003946250071749091,0.0,0.18209213411654696,True,True,True,False
dde5580934483a9b56e6,null_anytime,null_calibration,2424,1967790007,16,5000,0.0,0.05,rbf,median,anytime,bonferroni,1,2,False,UNRESOLVED,5000,True,False,False,0.0003964579664170742,0.0,0.18209213411654696,True,True,True,False
ea66266358e87eb77482,null_anytime,null_calibration,2425,136606089,16,5000,0.0,0.05,rbf,median,anytime,bonferroni,1,2,False,UNRESOLVED,5000,True,False,False,0.0003980419714935124,0.0,0.18209213411654696,True,True,True,False
6584445789393e80cc2e,null_anytime,null_calibration,2426,1420232058,16,5000,0.0,0.05,rbf,median,anytime,bonferroni,1,2,False,UNRESOLVED,5000,True,False,False,0.0003945000353269279,0.0,0.18209213411654696,True,True,True,False
850f08f41de82411d045,null_anytime,null_calibration,2427,2386018812,16,5000,0.0,0.05,rbf,median,anytime,bonferroni,1,2,False,UNRESOLVED,5000,True,False,False,0.0003932920517399907,0.0,0.18209213411654696,True,True,True,False
297579347c64934ae148,null_anytime,null_calibration,2428,3770259954,16,5000,0.0,0.05,rbf,median,anytime,bonferroni,1,2,False,UNRESOLVED,5000,True,False,False,0.00039479200495406985,0.0,0.18209213411654696,True,True,True,False
92581515658cf72d3258,null_anytime,null_calibration,2429,1427349543,16,5000,0.0,0.05,rbf,median,anytime,bonferroni,1,2,False,UNRESOLVED,5000,True,False,False,0.0003954159910790622,0.0,0.18209213411654696,True,True,True,False
a60a358720b3d62861a6,null_anytime,null_calibration,2430,3965129519,16,5000,0.0,0.05,rbf,median,anytime,bonferroni,1,2,False,UNRESOLVED,5000,True,False,False,0.0003955830470658839,0.0,0.18209213411654696,True,True,True,False
39e4ce1a97888e23a50b,null_anytime,null_calibration,2431,3636429602,16,5000,0.0,0.05,rbf,median,anytime,bonferroni,1,2,False,UNRESOLVED,5000,True,False,False,0.0005022909608669579,0.0,0.18209213411654696,True,True,True,False
a33eebb1ba3e528f47a9,null_anytime,null_calibration,2432,1190120462,16,5000,0.0,0.05,rbf,median,anytime,bonferroni,1,2,False,UNRESOLVED,5000,True,False,False,0.00060991698410362,0.0,0.18209213411654696,True,True,True,False
91bb68ec2f961ecacd0f,null_anytime,null_calibration,2433,1049787986,16,5000,0.0,0.05,rbf,median,anytime,bonferroni,1,2,False,UNRESOLVED,5000,True,False,False,0.0005522919818758965,0.0,0.18209213411654696,True,True,True,False
1c5983ae3394eaf39ff7,null_anytime,null_calibration,2434,3666829962,16,5000,0.0,0.05,rbf,median,anytime,bonferroni,1,2,False,UNRESOLVED,5000,True,False,False,0.0005642499891109765,0.0,0.18209213411654696,True,True,True,False
28205553b9eaa33712e1,null_anytime,null_calibration,2435,1068541950,16,5000,0.0,0.05,rbf,median,anytime,bonferroni,1,2,False,UNRESOLVED,5000,True,False,False,0.0005529160262085497,0.0,0.18209213411654696,True,True,True,False
a267a636bd295732da60,null_anytime,null_calibration,2436,2597009022,16,5000,0.0,0.05,rbf,median,anytime,bonferroni,1,2,False,UNRESOLVED,5000,True,False,False,0.000546541006769985,0.0,0.18209213411654696,True,True,True,False
6a7d00ad4c572dc9d2dd,null_anytime,null_calibration,2437,2088295280,16,5000,0.0,0.05,rbf,median,anytime,bonferroni,1,2,False,UNRESOLVED,5000,True,False,False,0.0005540000274777412,0.0,0.18209213411654696,True,True,True,False
464ab00033ed53bb9540,null_anytime,null_calibration,2438,2685416661,16,5000,0.0,0.05,rbf,median,anytime,bonferroni,1,2,False,UNRESOLVED,5000,True,False,False,0.0005705419462174177,0.0,0.18209213411654696,True,True,True,False
a61b0e21e86a728944f4,null_anytime,null_calibration,2439,1599035630,16,5000,0.0,0.05,rbf,median,anytime,bonferroni,1,2,False,UNRESOLVED,5000,True,False,False,0.0006267499993555248,0.0,0.18209213411654696,True,True,True,False
b4c4bfd44b0f0a46d7e5,null_anytime,null_calibration,2440,2379024310,16,5000,0.0,0.05,rbf,median,anytime,bonferroni,1,2,False,UNRESOLVED,5000,True,False,False,0.0005860840319655836,0.0,0.18209213411654696,True,True,True,False
cba9ee35fc2106bcae46,null_anytime,null_calibration,2441,1067012215,16,5000,0.0,0.05,rbf,median,anytime,bonferroni,1,2,False,UNRESOLVED,5000,True,False,False,0.0005694159772247076,0.0,0.18209213411654696,True,True,True,False
baf6fb7624a34bc412e6,null_anytime,null_calibration,2442,2548539368,16,5000,0.0,0.05,rbf,median,anytime,bonferroni,1,2,False,UNRESOLVED,5000,True,False,False,0.0006006250041536987,0.0,0.18209213411654696,True,True,True,False
67be8cb1d7a26c58d191,null_anytime,null_calibration,2443,83693041,16,5000,0.0,0.05,rbf,median,anytime,bonferroni,1,2,False,UNRESOLVED,5000,True,False,False,0.0006464580073952675,0.0,0.18209213411654696,True,True,True,False
aa508ac57b270736616c,null_anytime,null_calibration,2444,2319409967,16,5000,0.0,0.05,rbf,median,anytime,bonferroni,1,2,False,UNRESOLVED,5000,True,False,False,0.0005564580205827951,0.0,0.18209213411654696,True,True,True,False
2fcac37b9a90e4b72f87,null_anytime,null_calibration,2445,3778151945,16,5000,0.0,0.05,rbf,median,anytime,bonferroni,1,2,False,UNRESOLVED,5000,True,False,False,0.0005502089625224471,0.0,0.18209213411654696,True,True,True,False
7f36fd5d1de75923f011,null_anytime,null_calibration,2446,4150258566,16,5000,0.0,0.05,rbf,median,anytime,bonferroni,1,2,False,UNRESOLVED,5000,True,False,False,0.0005482910200953484,0.0,0.18209213411654696,True,True,True,False
42749cc127fba4eb4a45,null_anytime,null_calibration,2447,1733610795,16,5000,0.0,0.05,rbf,median,anytime,bonferroni,1,2,False,UNRESOLVED,5000,True,False,False,0.0005469160387292504,0.0,0.18209213411654696,True,True,True,False
bdfe3981f60063d3c8d2,null_anytime,null_calibration,2448,2906010435,16,5000,0.0,0.05,rbf,median,anytime,bonferroni,1,2,False,UNRESOLVED,5000,True,False,False,0.0004415829898789525,0.0,0.18209213411654696,True,True,True,False
9550fc31951904659d3a,null_anytime,null_calibration,2449,2212580836,16,5000,0.0,0.05,rbf,median,anytime,bonferroni,1,2,False,UNRESOLVED,5000,True,False,False,0.00040691596223041415,0.0,0.18209213411654696,True,True,True,False
a9af8e16a5432ff92ce9,null_anytime,null_calibration,2450,3166666079,16,5000,0.0,0.05,rbf,median,anytime,bonferroni,1,2,False,UNRESOLVED,5000,True,False,False,0.00039966596523299813,0.0,0.18209213411654696,True,True,True,False
a2242f10d9246d227dd5,null_anytime,null_calibration,2451,411942639,16,5000,0.0,0.05,rbf,median,anytime,bonferroni,1,2,False,UNRESOLVED,5000,True,False,False,0.00039666600059717894,0.0,0.18209213411654696,True,True,True,False
ed784738f6a38fe3ea13,null_anytime,null_calibration,2452,344031976,16,5000,0.0,0.05,rbf,median,anytime,bonferroni,1,2,False,UNRESOLVED,5000,True,False,False,0.00039658305468037724,0.0,0.18209213411654696,True,True,True,False
775624e594406b3fd5c9,null_anytime,null_calibration,2453,1284361830,16,5000,0.0,0.05,rbf,median,anytime,bonferroni,1,2,False,UNRESOLVED,5000,True,False,False,0.00039599998854100704,0.0,0.18209213411654696,True,True,True,False
c736bf3df24a030d91f8,null_anytime,null_calibration,2454,1764921098,16,5000,0.0,0.05,rbf,median,anytime,bonferroni,1,2,False,UNRESOLVED,5000,True,False,False,0.00039591704262420535,0.0,0.18209213411654696,True,True,True,False
313c07b25d07c4e14b63,null_anytime,null_calibration,2455,3700162531,16,5000,0.0,0.05,rbf,median,anytime,bonferroni,1,2,False,UNRESOLVED,5000,True,False,False,0.0003987500094808638,0.0,0.18209213411654696,True,True,True,False
565073dc355cff91e5b6,null_anytime,null_calibration,2456,3105833493,16,5000,0.0,0.05,rbf,median,anytime,bonferroni,1,2,False,UNRESOLVED,5000,True,False,False,0.00039541698060929775,0.0,0.18209213411654696,True,True,True,False
c83b7810ae725a5014d4,null_anytime,null_calibration,2457,3724554263,16,5000,0.0,0.05,rbf,median,anytime,bonferroni,1,2,False,UNRESOLVED,5000,True,False,False,0.00039537495467811823,0.0,0.18209213411654696,True,True,True,False
099351c1ebbf832148f2,null_anytime,null_calibration,2458,1409335876,16,5000,0.0,0.05,rbf,median,anytime,bonferroni,1,2,False,UNRESOLVED,5000,True,False,False,0.00039612501859664917,0.0,0.18209213411654696,True,True,True,False
877acf7a26daa8b9d198,null_anytime,null_calibration,2459,4290767630,16,5000,0.0,0.05,rbf,median,anytime,bonferroni,1,2,False,UNRESOLVED,5000,True,False,False,0.00039429101161658764,0.0,0.18209213411654696,True,True,True,False
4eaba86967bd01003074,null_anytime,null_calibration,2460,1392519670,16,5000,0.0,0.05,rbf,median,anytime,bonferroni,1,2,False,UNRESOLVED,5000,True,False,False,0.00039374997140839696,0.0,0.18209213411654696,True,True,True,False
e63c2b20b70899553864,null_anytime,null_calibration,2461,1633844745,16,5000,0.0,0.05,rbf,median,anytime,bonferroni,1,2,False,UNRESOLVED,5000,True,False,False,0.00039350002771243453,0.0,0.18209213411654696,True,True,True,False
3f5feff112dc33bf55a5,null_anytime,null_calibration,2462,439881264,16,5000,0.0,0.05,rbf,median,anytime,bonferroni,1,2,False,UNRESOLVED,5000,True,False,False,0.0003940419992431998,0.0,0.18209213411654696,True,True,True,False
b9c013f38a0fa2b8b320,null_anytime,null_calibration,2463,568424862,16,5000,0.0,0.05,rbf,median,anytime,bonferroni,1,2,False,UNRESOLVED,5000,True,False,False,0.0003953329869545996,0.0,0.18209213411654696,True,True,True,False
b7a8d1da3156f2248683,null_anytime,null_calibration,2464,2601284219,16,5000,0.0,0.05,rbf,median,anytime,bonferroni,1,2,False,UNRESOLVED,5000,True,False,False,0.00039433297934010625,0.0,0.18209213411654696,True,True,True,False
3c485e727f73e7c876bc,null_anytime,null_calibration,2465,3811842087,16,5000,0.0,0.05,rbf,median,anytime,bonferroni,1,2,False,UNRESOLVED,5000,True,False,False,0.00039674999425187707,0.0,0.18209213411654696,True,True,True,False
2d23609930848f9ec8e6,null_anytime,null_calibration,2466,1901938201,16,5000,0.0,0.05,rbf,median,anytime,bonferroni,1,2,False,UNRESOLVED,5000,True,False,False,0.000395291019231081,0.0,0.18209213411654696,True,True,True,False
ff10d452b37602c0e9de,null_anytime,null_calibration,2467,1038945608,16,5000,0.0,0.05,rbf,median,anytime,bonferroni,1,2,False,UNRESOLVED,5000,True,False,False,0.0003956669825129211,0.0,0.18209213411654696,True,True,True,False
6c315429f6af4af5abbb,null_anytime,null_calibration,2468,4219551622,16,5000,0.0,0.05,rbf,median,anytime,bonferroni,1,2,False,UNRESOLVED,5000,True,False,False,0.0003939580055885017,0.0,0.18209213411654696,True,True,True,False
e8bfceca567515cf1e0f,null_anytime,null_calibration,2469,3849854400,16,5000,0.0,0.05,rbf,median,anytime,bonferroni,1,2,False,UNRESOLVED,5000,True,False,False,0.0003938750014640391,0.0,0.18209213411654696,True,True,True,False
b7f984fc14b1ab5c4e48,null_anytime,null_calibration,2470,2125227039,16,5000,0.0,0.05,rbf,median,anytime,bonferroni,1,2,False,UNRESOLVED,5000,True,False,False,0.00039470900082960725,0.0,0.18209213411654696,True,True,True,False
a41fe932ab2330b0cef9,null_anytime,null_calibration,2471,2906527932,16,5000,0.0,0.05,rbf,median,anytime,bonferroni,1,2,False,UNRESOLVED,5000,True,False,False,0.0003940419992431998,0.0,0.18209213411654696,True,True,True,False
7c2fbd26ad664416079a,null_anytime,null_calibration,2472,4169163431,16,5000,0.0,0.05,rbf,median,anytime,bonferroni,1,2,False,UNRESOLVED,5000,True,False,False,0.00039791601011529565,0.0,0.18209213411654696,True,True,True,False
31cdfd0b84e95f933f55,null_anytime,null_calibration,2473,982236081,16,5000,0.0,0.05,rbf,median,anytime,bonferroni,1,2,False,UNRESOLVED,5000,True,False,False,0.00039433297934010625,0.0,0.18209213411654696,True,True,True,False
9a04075c31d1ca7e86e2,null_anytime,null_calibration,2474,1736764031,16,5000,0.0,0.05,rbf,median,anytime,bonferroni,1,2,False,UNRESOLVED,5000,True,False,False,0.0003943340270780027,0.0,0.18209213411654696,True,True,True,False
09b9b6c09341d4bcf0c7,null_anytime,null_calibration,2475,1867083385,16,5000,0.0,0.05,rbf,median,anytime,bonferroni,1,2,False,UNRESOLVED,5000,True,False,False,0.0003945000353269279,0.0,0.18209213411654696,True,True,True,False
5d2fc0da76096965ea93,null_anytime,null_calibration,2476,4013432791,16,5000,0.0,0.05,rbf,median,anytime,bonferroni,1,2,False,UNRESOLVED,5000,True,False,False,0.0003979589673690498,0.0,0.18209213411654696,True,True,True,False
3d08b1db4431f13065ba,null_anytime,null_calibration,2477,2648736618,16,5000,0.0,0.05,rbf,median,anytime,bonferroni,1,2,False,UNRESOLVED,5000,True,False,False,0.00039479200495406985,0.0,0.18209213411654696,True,True,True,False
65567113ff3ed326940c,null_anytime,null_calibration,2478,971428959,16,5000,0.0,0.05,rbf,median,anytime,bonferroni,1,2,False,UNRESOLVED,5000,True,False,False,0.00039375002961605787,0.0,0.18209213411654696,True,True,True,False
173dbb3e83dbf7f40dd9,null_anytime,null_calibration,2479,3057851500,16,5000,0.0,0.05,rbf,median,anytime,bonferroni,1,2,False,UNRESOLVED,5000,True,False,False,0.0003939170273952186,0.0,0.18209213411654696,True,True,True,False
de5a09c21a491fc44c79,null_anytime,null_calibration,2480,2509275942,16,5000,0.0,0.05,rbf,median,anytime,bonferroni,1,2,False,UNRESOLVED,5000,True,False,False,0.00039499998092651367,0.0,0.18209213411654696,True,True,True,False
afe235d57824a7829235,null_anytime,null_calibration,2481,3075647003,16,5000,0.0,0.05,rbf,median,anytime,bonferroni,1,2,False,UNRESOLVED,5000,True,False,False,0.0003926249919459224,0.0,0.18209213411654696,True,True,True,False
145c550626effb2707d2,null_anytime,null_calibration,2482,108998043,16,5000,0.0,0.05,rbf,median,anytime,bonferroni,1,2,False,UNRESOLVED,5000,True,False,False,0.00039437500527128577,0.0,0.18209213411654696,True,True,True,False
a5d9f07f5a42462f3b27,null_anytime,null_calibration,2483,1229111456,16,5000,0.0,0.05,rbf,median,anytime,bonferroni,1,2,False,UNRESOLVED,5000,True,False,False,0.00039312505396083,0.0,0.18209213411654696,True,True,True,False
b482127f9bb32f8e57d6,null_anytime,null_calibration,2484,1513205683,16,5000,0.0,0.05,rbf,median,anytime,bonferroni,1,2,False,UNRESOLVED,5000,True,False,False,0.0003957089502364397,0.0,0.18209213411654696,True,True,True,False
2bb96c9f6e49783a94c7,null_anytime,null_calibration,2485,2448791021,16,5000,0.0,0.05,rbf,median,anytime,bonferroni,1,2,False,UNRESOLVED,5000,True,False,False,0.00039358303183689713,0.0,0.18209213411654696,True,True,True,False
ed2a79816ae2c0d7d293,null_anytime,null_calibration,2486,409156771,16,5000,0.0,0.05,rbf,median,anytime,bonferroni,1,2,False,UNRESOLVED,5000,True,False,False,0.00039437500527128577,0.0,0.18209213411654696,True,True,True,False
7a7de004f2e8c97e1426,null_anytime,null_calibration,2487,3717645283,16,5000,0.0,0.05,rbf,median,anytime,bonferroni,1,2,False,UNRESOLVED,5000,True,False,False,0.0003926249919459224,0.0,0.18209213411654696,True,True,True,False
d2ff8ab779118164b087,null_anytime,null_calibration,2488,322712349,16,5000,0.0,0.05,rbf,median,anytime,bonferroni,1,2,False,UNRESOLVED,5000,True,False,False,0.0003939580055885017,0.0,0.18209213411654696,True,True,True,False
b32ce2229f19db5d0fd6,null_anytime,null_calibration,2489,3660192248,16,5000,0.0,0.05,rbf,median,anytime,bonferroni,1,2,False,UNRESOLVED,5000,True,False,False,0.000393084017559886,0.0,0.18209213411654696,True,True,True,False
373e0cf85b059de5425f,null_anytime,null_calibration,2490,3118448105,16,5000,0.0,0.05,rbf,median,anytime,bonferroni,1,2,False,UNRESOLVED,5000,True,False,False,0.00039408396696671844,0.0,0.18209213411654696,True,True,True,False
a21e78cdc19827912d69,null_anytime,null_calibration,2491,1259415429,16,5000,0.0,0.05,rbf,median,anytime,bonferroni,1,2,False,UNRESOLVED,5000,True,False,False,0.00039304204983636737,0.0,0.18209213411654696,True,True,True,False
f5b3f896ae044dadc9b6,null_anytime,null_calibration,2492,20763751,16,5000,0.0,0.05,rbf,median,anytime,bonferroni,1,2,False,UNRESOLVED,5000,True,False,False,0.0003939160378649831,0.0,0.18209213411654696,True,True,True,False
3759fe9f3bb48138e67d,null_anytime,null_calibration,2493,3048281996,16,5000,0.0,0.05,rbf,median,anytime,bonferroni,1,2,False,UNRESOLVED,5000,True,False,False,0.00039329100400209427,0.0,0.18209213411654696,True,True,True,False
5803a7b8e7c1ae332a74,null_anytime,null_calibration,2494,911359530,16,5000,0.0,0.05,rbf,median,anytime,bonferroni,1,2,False,UNRESOLVED,5000,True,False,False,0.00039412500336766243,0.0,0.18209213411654696,True,True,True,False
fc14f6dc2e6b863d6472,null_anytime,null_calibration,2495,2259750860,16,5000,0.0,0.05,rbf,median,anytime,bonferroni,1,2,False,UNRESOLVED,5000,True,False,False,0.00039370800368487835,0.0,0.18209213411654696,True,True,True,False
8fa07dcae498707e0d7d,null_anytime,null_calibration,2496,2287540993,16,5000,0.0,0.05,rbf,median,anytime,bonferroni,1,2,False,UNRESOLVED,5000,True,False,False,0.00039720896165817976,0.0,0.18209213411654696,True,True,True,False
6e7232572f16f67f8684,null_anytime,null_calibration,2497,2610140367,16,5000,0.0,0.05,rbf,median,anytime,bonferroni,1,2,False,UNRESOLVED,5000,True,False,False,0.00039600004674866796,0.0,0.18209213411654696,True,True,True,False
1a8399c675c816f9fd13,null_anytime,null_calibration,2498,2016388644,16,5000,0.0,0.05,rbf,median,anytime,bonferroni,1,2,False,UNRESOLVED,5000,True,False,False,0.0003926249919459224,0.0,0.18209213411654696,True,True,True,False
15e3204c0be04a002412,null_anytime,null_calibration,2499,3816702944,16,5000,0.0,0.05,rbf,median,anytime,bonferroni,1,2,False,UNRESOLVED,5000,True,False,False,0.00039433297934010625,0.0,0.18209213411654696,True,True,True,False
98fddc2cd42c90970783,null_anytime,null_calibration,2500,2655814555,16,5000,0.0,0.05,rbf,median,anytime,bonferroni,1,2,False,UNRESOLVED,5000,True,False,False,0.000392707996070385,0.0,0.18209213411654696,True,True,True,False
931b47d2953a9b41c1a2,null_anytime,null_calibration,2501,3440420345,16,5000,0.0,0.05,rbf,median,anytime,bonferroni,1,2,False,UNRESOLVED,5000,True,False,False,0.0003920830204151571,0.0,0.18209213411654696,True,True,True,False
0da4ce1e134eb0ef71cc,null_anytime,null_calibration,2502,633673389,16,5000,0.0,0.05,rbf,median,anytime,bonferroni,1,2,False,UNRESOLVED,5000,True,False,False,0.000393084017559886,0.0,0.18209213411654696,True,True,True,False
b5eeb2d35bb848163073,null_anytime,null_calibration,2503,1302772025,16,5000,0.0,0.05,rbf,median,anytime,bonferroni,1,2,False,UNRESOLVED,5000,True,False,False,0.00039187498623505235,0.0,0.18209213411654696,True,True,True,False
6379092282c0ee7e0da0,null_anytime,null_calibration,2504,1929644132,16,5000,0.0,0.05,rbf,median,anytime,bonferroni,1,2,False,UNRESOLVED,5000,True,False,False,0.00039191701216623187,0.0,0.18209213411654696,True,True,True,False
1f7f6fe7b5941d8beb24,null_anytime,null_calibration,2505,898665998,16,5000,0.0,0.05,rbf,median,anytime,bonferroni,1,2,False,UNRESOLVED,5000,True,False,False,0.00039758399361744523,0.0,0.18209213411654696,True,True,True,False
2bc213f75ffe35c7109d,null_anytime,null_calibration,2506,3742129643,16,5000,0.0,0.05,rbf,median,anytime,bonferroni,1,2,False,UNRESOLVED,5000,True,False,False,0.00039362499956041574,0.0,0.18209213411654696,True,True,True,False
497e3653f42d8f6068c9,null_anytime,null_calibration,2507,3764850172,16,5000,0.0,0.05,rbf,median,anytime,bonferroni,1,2,False,UNRESOLVED,5000,True,False,False,0.00039179198211058974,0.0,0.18209213411654696,True,True,True,False
a018e6d3ff5b25ac147a,null_anytime,null_calibration,2508,849015642,16,5000,0.0,0.05,rbf,median,anytime,bonferroni,1,2,False,UNRESOLVED,5000,True,False,False,0.0003908340004272759,0.0,0.18209213411654696,True,True,True,False
f452989439519c2fcbe0,null_anytime,null_calibration,2509,2007971943,16,5000,0.0,0.05,rbf,median,anytime,bonferroni,1,2,False,UNRESOLVED,5000,True,False,False,0.0003934160340577364,0.0,0.18209213411654696,True,True,True,False
aa3af7b19c530a31b427,null_anytime,null_calibration,2510,2682944761,16,5000,0.0,0.05,rbf,median,anytime,bonferroni,1,2,False,UNRESOLVED,5000,True,False,False,0.00039229198591783643,0.0,0.18209213411654696,True,True,True,False
e11a284b8e440a66f8f8,null_anytime,null_calibration,2511,1203800984,16,5000,0.0,0.05,rbf,median,anytime,bonferroni,1,2,False,UNRESOLVED,5000,True,False,False,0.00039166701026260853,0.0,0.18209213411654696,True,True,True,False
11ea0802fdb20aae0516,null_anytime,null_calibration,2512,3151860852,16,5000,0.0,0.05,rbf,median,anytime,bonferroni,1,2,False,UNRESOLVED,5000,True,False,False,0.0003932499676011503,0.0,0.18209213411654696,True,True,True,False
8cd865bcb7b8b322e557,null_anytime,null_calibration,2513,4172639,16,5000,0.0,0.05,rbf,median,anytime,bonferroni,1,2,False,UNRESOLVED,5000,True,False,False,0.00039441598346456885,0.0,0.18209213411654696,True,True,True,False
058b976e53ffa5c3c6ec,null_anytime,null_calibration,2514,3023892412,16,5000,0.0,0.05,rbf,median,anytime,bonferroni,1,2,False,UNRESOLVED,5000,True,False,False,0.0003945829812437296,0.0,0.18209213411654696,True,True,True,False
16d952af041e337dd8be,null_anytime,null_calibration,2515,987293419,16,5000,0.0,0.05,rbf,median,anytime,bonferroni,1,2,False,UNRESOLVED,5000,True,False,False,0.0003934170235879719,0.0,0.18209213411654696,True,True,True,False
2c7fb3b7a8659ef70f8b,null_anytime,null_calibration,2516,1469611336,16,5000,0.0,0.05,rbf,median,anytime,bonferroni,1,2,False,UNRESOLVED,5000,True,False,False,0.0003945420030504465,0.0,0.18209213411654696,True,True,True,False
dbcfabfeb5327836fa95,null_anytime,null_calibration,2517,640726401,16,5000,0.0,0.05,rbf,median,anytime,bonferroni,1,2,False,UNRESOLVED,5000,True,False,False,0.00039558298885822296,0.0,0.18209213411654696,True,True,True,False
259237029fd55d9f3724,null_anytime,null_calibration,2518,3681799395,16,5000,0.0,0.05,rbf,median,anytime,bonferroni,1,2,False,UNRESOLVED,5000,True,False,False,0.00039770803414285183,0.0,0.18209213411654696,True,True,True,False
8cf24195eb94e50dc63d,null_anytime,null_calibration,2519,932190245,16,5000,0.0,0.05,rbf,median,anytime,bonferroni,1,2,False,UNRESOLVED,5000,True,False,False,0.00039541703881695867,0.0,0.18209213411654696,True,True,True,False
93d395366dfeaacbe3c9,null_anytime,null_calibration,2520,740381806,16,5000,0.0,0.05,rbf,median,anytime,bonferroni,1,2,False,UNRESOLVED,5000,True,False,False,0.0003951250109821558,0.0,0.18209213411654696,True,True,True,False
bce5d6828afa616da2da,null_anytime,null_calibration,2521,3818327675,16,5000,0.0,0.05,rbf,median,anytime,bonferroni,1,2,False,UNRESOLVED,5000,True,False,False,0.00039362499956041574,0.0,0.18209213411654696,True,True,True,False
90846ca631046efbc362,null_anytime,null_calibration,2522,3656604942,16,5000,0.0,0.05,rbf,median,anytime,bonferroni,1,2,False,UNRESOLVED,5000,True,False,False,0.00039374997140839696,0.0,0.18209213411654696,True,True,True,False
6a2ce23265479cdf32e0,null_anytime,null_calibration,2523,3425754459,16,5000,0.0,0.05,rbf,median,anytime,bonferroni,1,2,False,UNRESOLVED,5000,True,False,False,0.0003913340042345226,0.0,0.18209213411654696,True,True,True,False
aef7b86a346fe5f2d916,null_anytime,null_calibration,2524,3993990740,16,5000,0.0,0.05,rbf,median,anytime,bonferroni,1,2,False,UNRESOLVED,5000,True,False,False,0.0003950829850509763,0.0,0.18209213411654696,True,True,True,False
11e9fc1e8daefaf17c7a,null_anytime,null_calibration,2525,4119961093,16,5000,0.0,0.05,rbf,median,anytime,bonferroni,1,2,False,UNRESOLVED,5000,True,False,False,0.00039429101161658764,0.0,0.18209213411654696,True,True,True,False
e1a5af7ab374bc3f7a9c,null_anytime,null_calibration,2526,193263244,16,5000,0.0,0.05,rbf,median,anytime,bonferroni,1,2,False,UNRESOLVED,5000,True,False,False,0.0003946660435758531,0.0,0.18209213411654696,True,True,True,False
1060e44b870a6a7b7fbb,null_anytime,null_calibration,2527,313742929,16,5000,0.0,0.05,rbf,median,anytime,bonferroni,1,2,False,UNRESOLVED,5000,True,False,False,0.0003938750014640391,0.0,0.18209213411654696,True,True,True,False
bc619489c0cf2cb34e77,null_anytime,null_calibration,2528,2553762834,16,5000,0.0,0.05,rbf,median,anytime,bonferroni,1,2,False,UNRESOLVED,5000,True,False,False,0.000393084017559886,0.0,0.18209213411654696,True,True,True,False
71e40545579d92a329b3,null_anytime,null_calibration,2529,2799294884,16,5000,0.0,0.05,rbf,median,anytime,bonferroni,1,2,False,UNRESOLVED,5000,True,False,False,0.0003933330299332738,0.0,0.18209213411654696,True,True,True,False
187859e813f55093e2ba,null_anytime,null_calibration,2530,2409982703,16,5000,0.0,0.05,rbf,median,anytime,bonferroni,1,2,False,UNRESOLVED,5000,True,False,False,0.0003932920517399907,0.0,0.18209213411654696,True,True,True,False
ac80f5004d6f90db57c5,null_anytime,null_calibration,2531,2927277695,16,5000,0.0,0.05,rbf,median,anytime,bonferroni,1,2,False,UNRESOLVED,5000,True,False,False,0.00039537495467811823,0.0,0.18209213411654696,True,True,True,False
2055952ff73155b41b87,null_anytime,null_calibration,2532,3971915672,16,5000,0.0,0.05,rbf,median,anytime,bonferroni,1,2,False,UNRESOLVED,5000,True,False,False,0.0003928749938495457,0.0,0.18209213411654696,True,True,True,False
cbf76996af5e769386aa,null_anytime,null_calibration,2533,1685217390,16,5000,0.0,0.05,rbf,median,anytime,bonferroni,1,2,False,UNRESOLVED,5000,True,False,False,0.0003920000162906945,0.0,0.18209213411654696,True,True,True,False
313519398363df6c520f,null_anytime,null_calibration,2534,2962817862,16,5000,0.0,0.05,rbf,median,anytime,bonferroni,1,2,False,UNRESOLVED,5000,True,False,False,0.0003934170235879719,0.0,0.18209213411654696,True,True,True,False
f7d42a7c57a60c981142,null_anytime,null_calibration,2535,4228167688,16,5000,0.0,0.05,rbf,median,anytime,bonferroni,1,2,False,UNRESOLVED,5000,True,False,False,0.0003928749938495457,0.0,0.18209213411654696,True,True,True,False
45c574c86cabfa2375c5,null_anytime,null_calibration,2536,3161010995,16,5000,0.0,0.05,rbf,median,anytime,bonferroni,1,2,False,UNRESOLVED,5000,True,False,False,0.00039558298885822296,0.0,0.18209213411654696,True,True,True,False
63ce58f36d8a24b9ada3,null_anytime,null_calibration,2537,3692128728,16,5000,0.0,0.05,rbf,median,anytime,bonferroni,1,2,False,UNRESOLVED,5000,True,False,False,0.0003958329907618463,0.0,0.18209213411654696,True,True,True,False
9518239a086c730946c6,null_anytime,null_calibration,2538,2743323081,16,5000,0.0,0.05,rbf,median,anytime,bonferroni,1,2,False,UNRESOLVED,5000,True,False,False,0.0003986249794252217,0.0,0.18209213411654696,True,True,True,False
286cb0d21d39d4af3a15,null_anytime,null_calibration,2539,1492441866,16,5000,0.0,0.05,rbf,median,anytime,bonferroni,1,2,False,UNRESOLVED,5000,True,False,False,0.00039720803033560514,0.0,0.18209213411654696,True,True,True,False
af77a87cc6fe92c19e7c,null_anytime,null_calibration,2540,368652636,16,5000,0.0,0.05,rbf,median,anytime,bonferroni,1,2,False,UNRESOLVED,5000,True,False,False,0.00040366698522120714,0.0,0.18209213411654696,True,True,True,False
c0b2b61be3bdd37c6c2c,null_anytime,null_calibration,2541,3892121557,16,5000,0.0,0.05,rbf,median,anytime,bonferroni,1,2,False,UNRESOLVED,5000,True,False,False,0.0003944169729948044,0.0,0.18209213411654696,True,True,True,False
276693ef15d47f6f99ce,null_anytime,null_calibration,2542,1220822148,16,5000,0.0,0.05,rbf,median,anytime,bonferroni,1,2,False,UNRESOLVED,5000,True,False,False,0.0003917079884558916,0.0,0.18209213411654696,True,True,True,False
90d98e3802ce6c120960,null_anytime,null_calibration,2543,4148898957,16,5000,0.0,0.05,rbf,median,anytime,bonferroni,1,2,False,UNRESOLVED,5000,True,False,False,0.00039175001438707113,0.0,0.18209213411654696,True,True,True,False
bb35b10b48bc12e5d135,null_anytime,null_calibration,2544,488699493,16,5000,0.0,0.05,rbf,median,anytime,bonferroni,1,2,False,UNRESOLVED,5000,True,False,False,0.00039587501669302583,0.0,0.18209213411654696,True,True,True,False
f15d5f13c64e25300a3d,null_anytime,null_calibration,2545,1329374162,16,5000,0.0,0.05,rbf,median,anytime,bonferroni,1,2,False,UNRESOLVED,5000,True,False,False,0.0003945420030504465,0.0,0.18209213411654696,True,True,True,False
bfe2a5b483699f431834,null_anytime,null_calibration,2546,3598715562,16,5000,0.0,0.05,rbf,median,anytime,bonferroni,1,2,False,UNRESOLVED,5000,True,False,False,0.00039250002009794116,0.0,0.18209213411654696,True,True,True,False
f1dadea1588b53e8bbba,null_anytime,null_calibration,2547,3979263812,16,5000,0.0,0.05,rbf,median,anytime,bonferroni,1,2,False,UNRESOLVED,5000,True,False,False,0.00039383297553285956,0.0,0.18209213411654696,True,True,True,False
a6874cb3820692483f29,null_anytime,null_calibration,2548,3990479524,16,5000,0.0,0.05,rbf,median,anytime,bonferroni,1,2,False,UNRESOLVED,5000,True,False,False,0.0003922079922631383,0.0,0.18209213411654696,True,True,True,False
fd702ced0c1e1c4e0bef,null_anytime,null_calibration,2549,761211788,16,5000,0.0,0.05,rbf,median,anytime,bonferroni,1,2,False,UNRESOLVED,5000,True,False,False,0.0003935829736292362,0.0,0.18209213411654696,True,True,True,False
369a3ec10975c1c06eab,null_anytime,null_calibration,2550,755650912,16,5000,0.0,0.05,rbf,median,anytime,bonferroni,1,2,False,UNRESOLVED,5000,True,False,False,0.00045537500409409404,0.0,0.18209213411654696,True,True,True,False
4e1daae18796ee13386b,null_anytime,null_calibration,2551,1802584625,16,5000,0.0,0.05,rbf,median,anytime,bonferroni,1,2,False,UNRESOLVED,5000,True,False,False,0.0006228749989531934,0.0,0.18209213411654696,True,True,True,False
c6e78ad4a98cf3897079,null_anytime,null_calibration,2552,2726162992,16,5000,0.0,0.05,rbf,median,anytime,bonferroni,1,2,False,UNRESOLVED,5000,True,False,False,0.0005697499727830291,0.0,0.18209213411654696,True,True,True,False
dfc43ae8e280c481c010,null_anytime,null_calibration,2553,2364184831,16,5000,0.0,0.05,rbf,median,anytime,bonferroni,1,2,False,UNRESOLVED,5000,True,False,False,0.000565416004974395,0.0,0.18209213411654696,True,True,True,False
45a0c4a726b62493dcab,null_anytime,null_calibration,2554,4275419714,16,5000,0.0,0.05,rbf,median,anytime,bonferroni,1,2,False,UNRESOLVED,5000,True,False,False,0.0005694580031558871,0.0,0.18209213411654696,True,True,True,False
f3e1987b05183a2df250,null_anytime,null_calibration,2555,1933295377,16,5000,0.0,0.05,rbf,median,anytime,bonferroni,1,2,False,UNRESOLVED,5000,True,False,False,0.0006023750174790621,0.0,0.18209213411654696,True,True,True,False
d74c9a9dd16cdc057d05,null_anytime,null_calibration,2556,124739054,16,5000,0.0,0.05,rbf,median,anytime,bonferroni,1,2,False,UNRESOLVED,5000,True,False,False,0.0006827919860370457,0.0,0.18209213411654696,True,True,True,False
79d37e1f9ccbfd1892d0,null_anytime,null_calibration,2557,4183707046,16,5000,0.0,0.05,rbf,median,anytime,bonferroni,1,2,False,UNRESOLVED,5000,True,False,False,0.0005074170185253024,0.0,0.18209213411654696,True,True,True,False
10745acc65e8c0d0df83,null_anytime,null_calibration,2558,899078418,16,5000,0.0,0.05,rbf,median,anytime,bonferroni,1,2,False,UNRESOLVED,5000,True,False,False,0.000412292021792382,0.0,0.18209213411654696,True,True,True,False
2c52719314efe22ed4d9,null_anytime,null_calibration,2559,3318560077,16,5000,0.0,0.05,rbf,median,anytime,bonferroni,1,2,False,UNRESOLVED,5000,True,False,False,0.00040683301631361246,0.0,0.18209213411654696,True,True,True,False
ab9e4e2a30ae7cc94f96,null_anytime,null_calibration,2560,3140113115,16,5000,0.0,0.05,rbf,median,anytime,bonferroni,1,2,False,UNRESOLVED,5000,True,False,False,0.0004033339791931212,0.0,0.18209213411654696,True,True,True,False
1a002ed8ff53e7bfc188,null_anytime,null_calibration,2561,3553204939,16,5000,0.0,0.05,rbf,median,anytime,bonferroni,1,2,False,UNRESOLVED,5000,True,False,False,0.00039716699393466115,0.0,0.18209213411654696,True,True,True,False
e22d7e0cd8d12229fb6d,null_anytime,null_calibration,2562,1138049630,16,5000,0.0,0.05,rbf,median,anytime,bonferroni,1,2,False,UNRESOLVED,5000,True,False,False,0.00039583403849974275,0.0,0.18209213411654696,True,True,True,False
28174daf7dcc7f65743e,null_anytime,null_calibration,2563,1239242555,16,5000,0.0,0.05,rbf,median,anytime,bonferroni,1,2,False,UNRESOLVED,5000,True,False,False,0.0003969579702243209,0.0,0.18209213411654696,True,True,True,False
bf36faa9b04bf5ca691b,null_anytime,null_calibration,2564,4107900542,16,5000,0.0,0.05,rbf,median,anytime,bonferroni,1,2,False,UNRESOLVED,5000,True,False,False,0.0003987500094808638,0.0,0.18209213411654696,True,True,True,False
ec905ee10c6410021404,null_anytime,null_calibration,2565,840840644,16,5000,0.0,0.05,rbf,median,anytime,bonferroni,1,2,False,UNRESOLVED,5000,True,False,False,0.0004430839908309281,0.0,0.18209213411654696,True,True,True,False
db1781f044078ea73344,null_anytime,null_calibration,2566,2862305102,16,5000,0.0,0.05,rbf,median,anytime,bonferroni,1,2,False,UNRESOLVED,5000,True,False,False,0.0003955830470658839,0.0,0.18209213411654696,True,True,True,False
64746faa00ff4cde3ed1,null_anytime,null_calibration,2567,2179579379,16,5000,0.0,0.05,rbf,median,anytime,bonferroni,1,2,False,UNRESOLVED,5000,True,False,False,0.00039770803414285183,0.0,0.18209213411654696,True,True,True,False
9a7624d92012876072f5,null_anytime,null_calibration,2568,2979001909,16,5000,0.0,0.05,rbf,median,anytime,bonferroni,1,2,False,UNRESOLVED,5000,True,False,False,0.00039841700345277786,0.0,0.18209213411654696,True,True,True,False
63ad483e98d23b4ca3c8,null_anytime,null_calibration,2569,2367463971,16,5000,0.0,0.05,rbf,median,anytime,bonferroni,1,2,False,UNRESOLVED,5000,True,False,False,0.00039533397648483515,0.0,0.18209213411654696,True,True,True,False
db116d5b93f032f5c32f,null_anytime,null_calibration,2570,3841058240,16,5000,0.0,0.05,rbf,median,anytime,bonferroni,1,2,False,UNRESOLVED,5000,True,False,False,0.0003957499866373837,0.0,0.18209213411654696,True,True,True,False
045b502f66cc142a2601,null_anytime,null_calibration,2571,3736583462,16,5000,0.0,0.05,rbf,median,anytime,bonferroni,1,2,False,UNRESOLVED,5000,True,False,False,0.0003969999961555004,0.0,0.18209213411654696,True,True,True,False
a24e32ffcb0e2ae90780,null_anytime,null_calibration,2572,3425885105,16,5000,0.0,0.05,rbf,median,anytime,bonferroni,1,2,False,UNRESOLVED,5000,True,False,False,0.0003940409515053034,0.0,0.18209213411654696,True,True,True,False
e50f880ad3d4af63fb4f,null_anytime,null_calibration,2573,224862551,16,5000,0.0,0.05,rbf,median,anytime,bonferroni,1,2,False,UNRESOLVED,5000,True,False,False,0.00039504101732745767,0.0,0.18209213411654696,True,True,True,False
09d7e00d8031d8ee7f27,null_anytime,null_calibration,2574,426501639,16,5000,0.0,0.05,rbf,median,anytime,bonferroni,1,2,False,UNRESOLVED,5000,True,False,False,0.00039674999425187707,0.0,0.18209213411654696,True,True,True,False
78146256b6eda2903da9,null_anytime,null_calibration,2575,1428863300,16,5000,0.0,0.05,rbf,median,anytime,bonferroni,1,2,False,UNRESOLVED,5000,True,False,False,0.0003940419992431998,0.0,0.18209213411654696,True,True,True,False
426a08c36447fd35ef53,null_anytime,null_calibration,2576,348854750,16,5000,0.0,0.05,rbf,median,anytime,bonferroni,1,2,False,UNRESOLVED,5000,True,False,False,0.00039549998473376036,0.0,0.18209213411654696,True,True,True,False
b2187eff2421318ae229,null_anytime,null_calibration,2577,1774860818,16,5000,0.0,0.05,rbf,median,anytime,bonferroni,1,2,False,UNRESOLVED,5000,True,False,False,0.00039425003342330456,0.0,0.18209213411654696,True,True,True,False
9cd47ac028094cc52b3a,null_anytime,null_calibration,2578,1505471227,16,5000,0.0,0.05,rbf,median,anytime,bonferroni,1,2,False,UNRESOLVED,5000,True,False,False,0.0003922089817933738,0.0,0.18209213411654696,True,True,True,False
e51dabb247425c1db232,null_anytime,null_calibration,2579,4011855599,16,5000,0.0,0.05,rbf,median,anytime,bonferroni,1,2,False,UNRESOLVED,5000,True,False,False,0.00039520900463685393,0.0,0.18209213411654696,True,True,True,False
2268834b435dd22abc4f,null_anytime,null_calibration,2580,3992698652,16,5000,0.0,0.05,rbf,median,anytime,bonferroni,1,2,False,UNRESOLVED,5000,True,False,False,0.0003938339650630951,0.0,0.18209213411654696,True,True,True,False
a1d8dd0e8d213e7ed3c5,null_anytime,null_calibration,2581,3312086054,16,5000,0.0,0.05,rbf,median,anytime,bonferroni,1,2,False,UNRESOLVED,5000,True,False,False,0.00039541703881695867,0.0,0.18209213411654696,True,True,True,False
e4fce2a2c0fb49a406cf,null_anytime,null_calibration,2582,1099417729,16,5000,0.0,0.05,rbf,median,anytime,bonferroni,1,2,False,UNRESOLVED,5000,True,False,False,0.000406834005843848,0.0,0.18209213411654696,True,True,True,False
7a869fc9503c0b6b0a31,null_anytime,null_calibration,2583,1689407858,16,5000,0.0,0.05,rbf,median,anytime,bonferroni,1,2,False,UNRESOLVED,5000,True,False,False,0.0003951659891754389,0.0,0.18209213411654696,True,True,True,False
d3db50392a402e4e253a,null_anytime,null_calibration,2584,4224644434,16,5000,0.0,0.05,rbf,median,anytime,bonferroni,1,2,False,UNRESOLVED,5000,True,False,False,0.0005827079876326025,0.0,0.18209213411654696,True,True,True,False
7c99a6b5ddffe26c618a,null_anytime,null_calibration,2585,1972856935,16,5000,0.0,0.05,rbf,median,anytime,bonferroni,1,2,False,UNRESOLVED,5000,True,False,False,0.0005892919725738466,0.0,0.18209213411654696,True,True,True,False
14a4b28b16815b5b8b96,null_anytime,null_calibration,2586,2191367633,16,5000,0.0,0.05,rbf,median,anytime,bonferroni,1,2,False,UNRESOLVED,5000,True,False,False,0.0005555410170927644,0.0,0.18209213411654696,True,True,True,False
51387a5b0a80d37b7967,null_anytime,null_calibration,2587,112233056,16,5000,0.0,0.05,rbf,median,anytime,bonferroni,1,2,False,UNRESOLVED,5000,True,False,False,0.0005501250270754099,0.0,0.18209213411654696,True,True,True,False
d5b8b6613b3c7266f34b,null_anytime,null_calibration,2588,525748789,16,5000,0.0,0.05,rbf,median,anytime,bonferroni,1,2,False,UNRESOLVED,5000,True,False,False,0.0005534999654628336,0.0,0.18209213411654696,True,True,True,False
c422bdf4d28bf8aa9669,null_anytime,null_calibration,2589,2252182248,16,5000,0.0,0.05,rbf,median,anytime,bonferroni,1,2,False,UNRESOLVED,5000,True,False,False,0.0005724169895984232,0.0,0.18209213411654696,True,True,True,False
27d69a2015fe0edcb314,null_anytime,null_calibration,2590,261379069,16,5000,0.0,0.05,rbf,median,anytime,bonferroni,1,2,False,UNRESOLVED,5000,True,False,False,0.0005672919796779752,0.0,0.18209213411654696,True,True,True,False
9e110b12d4e8c75e2cc4,null_anytime,null_calibration,2591,1384765381,16,5000,0.0,0.05,rbf,median,anytime,bonferroni,1,2,False,UNRESOLVED,5000,True,False,False,0.0005519999540410936,0.0,0.18209213411654696,True,True,True,False
d213a2f208bbaaa40fa4,null_anytime,null_calibration,2592,3767274651,16,5000,0.0,0.05,rbf,median,anytime,bonferroni,1,2,False,UNRESOLVED,5000,True,False,False,0.0005740420310758054,0.0,0.18209213411654696,True,True,True,False
e076dcacc4754455b366,null_anytime,null_calibration,2593,522481656,16,5000,0.0,0.05,rbf,median,anytime,bonferroni,1,2,False,UNRESOLVED,5000,True,False,False,0.0005772910080850124,0.0,0.18209213411654696,True,True,True,False
7c89b6f58ebdb31fa69a,null_anytime,null_calibration,2594,4201531220,16,5000,0.0,0.05,rbf,median,anytime,bonferroni,1,2,False,UNRESOLVED,5000,True,False,False,0.0005541659775190055,0.0,0.18209213411654696,True,True,True,False
ebdc6fcc9a2e2a70fb59,null_anytime,null_calibration,2595,1056428112,16,5000,0.0,0.05,rbf,median,anytime,bonferroni,1,2,False,UNRESOLVED,5000,True,False,False,0.0005437909858301282,0.0,0.18209213411654696,True,True,True,False
3cccf2261ce508dfceb8,null_anytime,null_calibration,2596,2589843828,16,5000,0.0,0.05,rbf,median,anytime,bonferroni,1,2,False,UNRESOLVED,5000,True,False,False,0.0005426660063676536,0.0,0.18209213411654696,True,True,True,False
83d0458ee992b18f007f,null_anytime,null_calibration,2597,2773641659,16,5000,0.0,0.05,rbf,median,anytime,bonferroni,1,2,False,UNRESOLVED,5000,True,False,False,0.0005413750186562538,0.0,0.18209213411654696,True,True,True,False
5213d83d33095ef23505,null_anytime,null_calibration,2598,3370553743,16,5000,0.0,0.05,rbf,median,anytime,bonferroni,1,2,False,UNRESOLVED,5000,True,False,False,0.0005445840070024133,0.0,0.18209213411654696,True,True,True,False
5b00c9e27e094e4d43f7,null_anytime,null_calibration,2599,3230807092,16,5000,0.0,0.05,rbf,median,anytime,bonferroni,1,2,False,UNRESOLVED,5000,True,False,False,0.0005417499924078584,0.0,0.18209213411654696,True,True,True,False
b91e2b16118dfe673266,null_anytime,null_calibration,2600,1634440842,16,5000,0.0,0.05,rbf,median,anytime,bonferroni,1,2,False,UNRESOLVED,5000,True,False,False,0.0005437920335680246,0.0,0.18209213411654696,True,True,True,False
54db56be91494ffa30b8,null_anytime,null_calibration,2601,101078072,16,5000,0.0,0.05,rbf,median,anytime,bonferroni,1,2,False,UNRESOLVED,5000,True,False,False,0.000482457980979234,0.0,0.18209213411654696,True,True,True,False
f625a8046689dc722d9c,null_anytime,null_calibration,2602,4064702814,16,5000,0.0,0.05,rbf,median,anytime,bonferroni,1,2,False,UNRESOLVED,5000,True,False,False,0.0004222920397296548,0.0,0.18209213411654696,True,True,True,False
167ed2fd0ce2ee0fe785,null_anytime,null_calibration,2603,4221248406,16,5000,0.0,0.05,rbf,median,anytime,bonferroni,1,2,False,UNRESOLVED,5000,True,False,False,0.000408999971114099,0.0,0.18209213411654696,True,True,True,False
c7df737adce0888ecd5f,null_anytime,null_calibration,2604,4205772545,16,5000,0.0,0.05,rbf,median,anytime,bonferroni,1,2,False,UNRESOLVED,5000,True,False,False,0.0004041659994982183,0.0,0.18209213411654696,True,True,True,False
5c5122c153bcc447766b,null_anytime,null_calibration,2605,2956465450,16,5000,0.0,0.05,rbf,median,anytime,bonferroni,1,2,False,UNRESOLVED,5000,True,False,False,0.0004022080102004111,0.0,0.18209213411654696,True,True,True,False
6828cb0817838e72a62c,null_anytime,null_calibration,2606,222742051,16,5000,0.0,0.05,rbf,median,anytime,bonferroni,1,2,False,UNRESOLVED,5000,True,False,False,0.0004029169795103371,0.0,0.18209213411654696,True,True,True,False
e004b654447cf8ead515,null_anytime,null_calibration,2607,3204413607,16,5000,0.0,0.05,rbf,median,anytime,bonferroni,1,2,False,UNRESOLVED,5000,True,False,False,0.00040133303264155984,0.0,0.18209213411654696,True,True,True,False
77e87bab7aa287591dce,null_anytime,null_calibration,2608,1304175503,16,5000,0.0,0.05,rbf,median,anytime,bonferroni,1,2,False,UNRESOLVED,5000,True,False,False,0.00040429196087643504,0.0,0.18209213411654696,True,True,True,False
9ba5db19ff293d111311,null_anytime,null_calibration,2609,1749948754,16,5000,0.0,0.05,rbf,median,anytime,bonferroni,1,2,False,UNRESOLVED,5000,True,False,False,0.00040095800068229437,0.0,0.18209213411654696,True,True,True,False
25a3394db5efdd4a51b7,null_anytime,null_calibration,2610,554250727,16,5000,0.0,0.05,rbf,median,anytime,bonferroni,1,2,False,UNRESOLVED,5000,True,False,False,0.00039900001138448715,0.0,0.18209213411654696,True,True,True,False
51412455ca56e3fb10ea,null_anytime,null_calibration,2611,1082074202,16,5000,0.0,0.05,rbf,median,anytime,bonferroni,1,2,False,UNRESOLVED,5000,True,False,False,0.0003987079835496843,0.0,0.18209213411654696,True,True,True,False
ec6d0d4d0c5f92e3de9c,null_anytime,null_calibration,2612,689564074,16,5000,0.0,0.05,rbf,median,anytime,bonferroni,1,2,False,UNRESOLVED,5000,True,False,False,0.00039758405182510614,0.0,0.18209213411654696,True,True,True,False
4689d6d61ad2e4b8b3df,null_anytime,null_calibration,2613,528890782,16,5000,0.0,0.05,rbf,median,anytime,bonferroni,1,2,False,UNRESOLVED,5000,True,False,False,0.00039670796832069755,0.0,0.18209213411654696,True,True,True,False
6f96cccbe7c15445f1e2,null_anytime,null_calibration,2614,2266198480,16,5000,0.0,0.05,rbf,median,anytime,bonferroni,1,2,False,UNRESOLVED,5000,True,False,False,0.00039608299266546965,0.0,0.18209213411654696,True,True,True,False
9ace8cd37346dbdb99f2,null_anytime,null_calibration,2615,2370879371,16,5000,0.0,0.05,rbf,median,anytime,bonferroni,1,2,False,UNRESOLVED,5000,True,False,False,0.000394499977119267,0.0,0.18209213411654696,True,True,True,False
13b4e3d33745c8fde5d3,null_anytime,null_calibration,2616,3273941296,16,5000,0.0,0.05,rbf,median,anytime,bonferroni,1,2,False,UNRESOLVED,5000,True,False,False,0.0003962910268455744,0.0,0.18209213411654696,True,True,True,False
54238c4172e1b9ac16bb,null_anytime,null_calibration,2617,2917527062,16,5000,0.0,0.05,rbf,median,anytime,bonferroni,1,2,False,UNRESOLVED,5000,True,False,False,0.0003955420106649399,0.0,0.18209213411654696,True,True,True,False
e358ac66187e47a7df96,null_anytime,null_calibration,2618,1306248842,16,5000,0.0,0.05,rbf,median,anytime,bonferroni,1,2,False,UNRESOLVED,5000,True,False,False,0.0003987500094808638,0.0,0.18209213411654696,True,True,True,False
239c4ecc35764db0e977,null_anytime,null_calibration,2619,4151104074,16,5000,0.0,0.05,rbf,median,anytime,bonferroni,1,2,False,UNRESOLVED,5000,True,False,False,0.00039712502621114254,0.0,0.18209213411654696,True,True,True,False
edbfe76129646ae74815,null_anytime,null_calibration,2620,3447938206,16,5000,0.0,0.05,rbf,median,anytime,bonferroni,1,2,False,UNRESOLVED,5000,True,False,False,0.00039662502240389585,0.0,0.18209213411654696,True,True,True,False
613c7b223ede63b97942,null_anytime,null_calibration,2621,162162305,16,5000,0.0,0.05,rbf,median,anytime,bonferroni,1,2,False,UNRESOLVED,5000,True,False,False,0.000395249982830137,0.0,0.18209213411654696,True,True,True,False
a7b8c1f89eb18ba2c157,null_anytime,null_calibration,2622,246660175,16,5000,0.0,0.05,rbf,median,anytime,bonferroni,1,2,False,UNRESOLVED,5000,True,False,False,0.0004110000445507467,0.0,0.18209213411654696,True,True,True,False
3024c00bf15323ec2dae,null_anytime,null_calibration,2623,1434201265,16,5000,0.0,0.05,rbf,median,anytime,bonferroni,1,2,False,UNRESOLVED,5000,True,False,False,0.000395208946429193,0.0,0.18209213411654696,True,True,True,False
a48345ed6891eb89320b,null_anytime,null_calibration,2624,929977010,16,5000,0.0,0.05,rbf,median,anytime,bonferroni,1,2,False,UNRESOLVED,5000,True,False,False,0.0004000000189989805,0.0,0.18209213411654696,True,True,True,False
03cb0f787d207e7df17c,null_anytime,null_calibration,2625,1538435721,16,5000,0.0,0.05,rbf,median,anytime,bonferroni,1,2,False,UNRESOLVED,5000,True,False,False,0.00039591698441654444,0.0,0.18209213411654696,True,True,True,False
08750584d88f52c62bf3,null_anytime,null_calibration,2626,598442277,16,5000,0.0,0.05,rbf,median,anytime,bonferroni,1,2,False,UNRESOLVED,5000,True,False,False,0.000397083000279963,0.0,0.18209213411654696,True,True,True,False
a3e0e301dc72349a0f3b,null_anytime,null_calibration,2627,2112022349,16,5000,0.0,0.05,rbf,median,anytime,bonferroni,1,2,False,UNRESOLVED,5000,True,False,False,0.0003969579702243209,0.0,0.18209213411654696,True,True,True,False
e474f1a223a5a8d585e2,null_anytime,null_calibration,2628,1184291009,16,5000,0.0,0.05,rbf,median,anytime,bonferroni,1,2,False,UNRESOLVED,5000,True,False,False,0.00039608299266546965,0.0,0.18209213411654696,True,True,True,False
31c6db472bf75aa41278,null_anytime,null_calibration,2629,1634219854,16,5000,0.0,0.05,rbf,median,anytime,bonferroni,1,2,False,UNRESOLVED,5000,True,False,False,0.0003997500170953572,0.0,0.18209213411654696,True,True,True,False
f49a006c274216b914ce,null_anytime,null_calibration,2630,1763841475,16,5000,0.0,0.05,rbf,median,anytime,bonferroni,1,2,False,UNRESOLVED,5000,True,False,False,0.0003955420106649399,0.0,0.18209213411654696,True,True,True,False
da932c3b2877ce74db6a,null_anytime,null_calibration,2631,3643200923,16,5000,0.0,0.05,rbf,median,anytime,bonferroni,1,2,False,UNRESOLVED,5000,True,False,False,0.0003958330489695072,0.0,0.18209213411654696,True,True,True,False
1f727610a8b18e0475d5,null_anytime,null_calibration,2632,2719890325,16,5000,0.0,0.05,rbf,median,anytime,bonferroni,1,2,False,UNRESOLVED,5000,True,False,False,0.0003945420030504465,0.0,0.18209213411654696,True,True,True,False
7fa112edac8231dc8d25,null_anytime,null_calibration,2633,2104602333,16,5000,0.0,0.05,rbf,median,anytime,bonferroni,1,2,False,UNRESOLVED,5000,True,False,False,0.00039712502621114254,0.0,0.18209213411654696,True,True,True,False
253b00041dad82f080e3,null_anytime,null_calibration,2634,4110381091,16,5000,0.0,0.05,rbf,median,anytime,bonferroni,1,2,False,UNRESOLVED,5000,True,False,False,0.00039558298885822296,0.0,0.18209213411654696,True,True,True,False
d19c0d211172317b11a8,null_anytime,null_calibration,2635,3318476158,16,5000,0.0,0.05,rbf,median,anytime,bonferroni,1,2,False,UNRESOLVED,5000,True,False,False,0.0003964580246247351,0.0,0.18209213411654696,True,True,True,False
b01e17b0feda51f63d22,null_anytime,null_calibration,2636,362650347,16,5000,0.0,0.05,rbf,median,anytime,bonferroni,1,2,False,UNRESOLVED,5000,True,False,False,0.00039674999425187707,0.0,0.18209213411654696,True,True,True,False
5adda425d4ac777a0bae,null_anytime,null_calibration,2637,4092713259,16,5000,0.0,0.05,rbf,median,anytime,bonferroni,1,2,False,UNRESOLVED,5000,True,False,False,0.00039737496990710497,0.0,0.18209213411654696,True,True,True,False
f8ef18a8d10733cf92e7,null_anytime,null_calibration,2638,426913082,16,5000,0.0,0.05,rbf,median,anytime,bonferroni,1,2,False,UNRESOLVED,5000,True,False,False,0.0003958330489695072,0.0,0.18209213411654696,True,True,True,False
616f04fe9b435952ea8a,null_anytime,null_calibration,2639,2195013108,16,5000,0.0,0.05,rbf,median,anytime,bonferroni,1,2,False,UNRESOLVED,5000,True,False,False,0.00039887503953650594,0.0,0.18209213411654696,True,True,True,False
49f154b42234c07d3f6a,null_anytime,null_calibration,2640,1558926433,16,5000,0.0,0.05,rbf,median,anytime,bonferroni,1,2,False,UNRESOLVED,5000,True,False,False,0.00039837503572925925,0.0,0.18209213411654696,True,True,True,False
c6d79b7f6d19aefa1224,null_anytime,null_calibration,2641,2793509318,16,5000,0.0,0.05,rbf,median,anytime,bonferroni,1,2,False,UNRESOLVED,5000,True,False,False,0.0003971249680034816,0.0,0.18209213411654696,True,True,True,False
2bcf5d5890a163514184,null_anytime,null_calibration,2642,2357821043,16,5000,0.0,0.05,rbf,median,anytime,bonferroni,1,2,False,UNRESOLVED,5000,True,False,False,0.0004075000179000199,0.0,0.18209213411654696,True,True,True,False
b6aca8e5320febb0186e,null_anytime,null_calibration,2643,3293967395,16,5000,0.0,0.05,rbf,median,anytime,bonferroni,1,2,False,UNRESOLVED,5000,True,False,False,0.000399957993067801,0.0,0.18209213411654696,True,True,True,False
959e7af2fea0f24b63fa,null_anytime,null_calibration,2644,1549617626,16,5000,0.0,0.05,rbf,median,anytime,bonferroni,1,2,False,UNRESOLVED,5000,True,False,False,0.0003969169920310378,0.0,0.18209213411654696,True,True,True,False
d12ff78f899289bec987,null_anytime,null_calibration,2645,3722778673,16,5000,0.0,0.05,rbf,median,anytime,bonferroni,1,2,False,UNRESOLVED,5000,True,False,False,0.0003980830078944564,0.0,0.18209213411654696,True,True,True,False
c9b0c0b26890b711a248,null_anytime,null_calibration,2646,636230209,16,5000,0.0,0.05,rbf,median,anytime,bonferroni,1,2,False,UNRESOLVED,5000,True,False,False,0.00039662496419623494,0.0,0.18209213411654696,True,True,True,False
d954318ed6f6c353275f,null_anytime,null_calibration,2647,214749249,16,5000,0.0,0.05,rbf,median,anytime,bonferroni,1,2,False,UNRESOLVED,5000,True,False,False,0.0003962910268455744,0.0,0.18209213411654696,True,True,True,False
ee11901635a0201b1bf9,null_anytime,null_calibration,2648,1163523057,16,5000,0.0,0.05,rbf,median,anytime,bonferroni,1,2,False,UNRESOLVED,5000,True,False,False,0.0004012080025859177,0.0,0.18209213411654696,True,True,True,False
f54d1ef9b816964a5994,null_anytime,null_calibration,2649,3036055960,16,5000,0.0,0.05,rbf,median,anytime,bonferroni,1,2,False,UNRESOLVED,5000,True,False,False,0.000395249982830137,0.0,0.18209213411654696,True,True,True,False
7abf4ed39fa5372b74ad,null_anytime,null_calibration,2650,3016399197,16,5000,0.0,0.05,rbf,median,anytime,bonferroni,1,2,False,UNRESOLVED,5000,True,False,False,0.0003987079835496843,0.0,0.18209213411654696,True,True,True,False
52554d35def930b9291f,null_anytime,null_calibration,2651,2952262990,16,5000,0.0,0.05,rbf,median,anytime,bonferroni,1,2,False,UNRESOLVED,5000,True,False,False,0.00039658299647271633,0.0,0.18209213411654696,True,True,True,False
4958d8325e534f88e439,null_anytime,null_calibration,2652,1957749843,16,5000,0.0,0.05,rbf,median,anytime,bonferroni,1,2,False,UNRESOLVED,5000,True,False,False,0.00039525004103779793,0.0,0.18209213411654696,True,True,True,False
de8fec3db52b52cb69eb,null_anytime,null_calibration,2653,1681911365,16,5000,0.0,0.05,rbf,median,anytime,bonferroni,1,2,False,UNRESOLVED,5000,True,False,False,0.0003964159986935556,0.0,0.18209213411654696,True,True,True,False
978c025366d1968ff0dd,null_anytime,null_calibration,2654,4214126205,16,5000,0.0,0.05,rbf,median,anytime,bonferroni,1,2,False,UNRESOLVED,5000,True,False,False,0.00039599998854100704,0.0,0.18209213411654696,True,True,True,False
878b6a51ef4acfeccff3,null_anytime,null_calibration,2655,339212629,16,5000,0.0,0.05,rbf,median,anytime,bonferroni,1,2,False,UNRESOLVED,5000,True,False,False,0.0003964169882237911,0.0,0.18209213411654696,True,True,True,False
a6965ea9ebdd55868ef1,null_anytime,null_calibration,2656,916366489,16,5000,0.0,0.05,rbf,median,anytime,bonferroni,1,2,False,UNRESOLVED,5000,True,False,False,0.000395667040720582,0.0,0.18209213411654696,True,True,True,False
a719e3aab9503e10603b,null_anytime,null_calibration,2657,2463873825,16,5000,0.0,0.05,rbf,median,anytime,bonferroni,1,2,False,UNRESOLVED,5000,True,False,False,0.0003971660044044256,0.0,0.18209213411654696,True,True,True,False
99dfcab0ad1673611775,null_anytime,null_calibration,2658,4024745157,16,5000,0.0,0.05,rbf,median,anytime,bonferroni,1,2,False,UNRESOLVED,5000,True,False,False,0.00039662502240389585,0.0,0.18209213411654696,True,True,True,False
fe21d3d052a802bf34ce,null_anytime,null_calibration,2659,3818544717,16,5000,0.0,0.05,rbf,median,anytime,bonferroni,1,2,False,UNRESOLVED,5000,True,False,False,0.0003968750243075192,0.0,0.18209213411654696,True,True,True,False
701ef1e593d56b619e48,null_anytime,null_calibration,2660,3368250210,16,5000,0.0,0.05,rbf,median,anytime,bonferroni,1,2,False,UNRESOLVED,5000,True,False,False,0.0003974169958382845,0.0,0.18209213411654696,True,True,True,False
60bce6cb99e5f629f153,null_anytime,null_calibration,2661,1109366575,16,5000,0.0,0.05,rbf,median,anytime,bonferroni,1,2,False,UNRESOLVED,5000,True,False,False,0.00039612501859664917,0.0,0.18209213411654696,True,True,True,False
878a72cc361a64ac24a3,null_anytime,null_calibration,2662,2541228737,16,5000,0.0,0.05,rbf,median,anytime,bonferroni,1,2,False,UNRESOLVED,5000,True,False,False,0.0003958329907618463,0.0,0.18209213411654696,True,True,True,False
6d4576d2d389410e05eb,null_anytime,null_calibration,2663,3140397492,16,5000,0.0,0.05,rbf,median,anytime,bonferroni,1,2,False,UNRESOLVED,5000,True,False,False,0.0003974589635618031,0.0,0.18209213411654696,True,True,True,False
64e9cf1ce773a05f7f15,null_anytime,null_calibration,2664,3615176517,16,5000,0.0,0.05,rbf,median,anytime,bonferroni,1,2,False,UNRESOLVED,5000,True,False,False,0.0003981670015491545,0.0,0.18209213411654696,True,True,True,False
54bd27086f4fbfcfd605,null_anytime,null_calibration,2665,198204492,16,5000,0.0,0.05,rbf,median,anytime,bonferroni,1,2,False,UNRESOLVED,5000,True,False,False,0.00039674999425187707,0.0,0.18209213411654696,True,True,True,False
fea027e797bbccaa31f0,null_anytime,null_calibration,2666,4021879668,16,5000,0.0,0.05,rbf,median,anytime,bonferroni,1,2,False,UNRESOLVED,5000,True,False,False,0.0003954590065404773,0.0,0.18209213411654696,True,True,True,False
0d6726ddefca9a899afe,null_anytime,null_calibration,2667,2540769273,16,5000,0.0,0.05,rbf,median,anytime,bonferroni,1,2,False,UNRESOLVED,5000,True,False,False,0.00039604195626452565,0.0,0.18209213411654696,True,True,True,False
894513183a43aecbfd84,null_anytime,null_calibration,2668,316331397,16,5000,0.0,0.05,rbf,median,anytime,bonferroni,1,2,False,UNRESOLVED,5000,True,False,False,0.0004009170224890113,0.0,0.18209213411654696,True,True,True,False
f7fa96b579c90b3219b7,null_anytime,null_calibration,2669,355322678,16,5000,0.0,0.05,rbf,median,anytime,bonferroni,1,2,False,UNRESOLVED,5000,True,False,False,0.00039712502621114254,0.0,0.18209213411654696,True,True,True,False
628673001aa4c4e39907,null_anytime,null_calibration,2670,2365021796,16,5000,0.0,0.05,rbf,median,anytime,bonferroni,1,2,False,UNRESOLVED,5000,True,False,False,0.00039416702929884195,0.0,0.18209213411654696,True,True,True,False
19356125be33d271bb4c,null_anytime,null_calibration,2671,2822990641,16,5000,0.0,0.05,rbf,median,anytime,bonferroni,1,2,False,UNRESOLVED,5000,True,False,False,0.00040020898450165987,0.0,0.18209213411654696,True,True,True,False
05f8092f238a1a50a33e,null_anytime,null_calibration,2672,1186689289,16,5000,0.0,0.05,rbf,median,anytime,bonferroni,1,2,False,UNRESOLVED,5000,True,False,False,0.00039599998854100704,0.0,0.18209213411654696,True,True,True,False
e5441a750db1a4c751e2,null_anytime,null_calibration,2673,3848365089,16,5000,0.0,0.05,rbf,median,anytime,bonferroni,1,2,False,UNRESOLVED,5000,True,False,False,0.0003980410401709378,0.0,0.18209213411654696,True,True,True,False
91e44aa137287f409627,null_anytime,null_calibration,2674,518706144,16,5000,0.0,0.05,rbf,median,anytime,bonferroni,1,2,False,UNRESOLVED,5000,True,False,False,0.0003971660044044256,0.0,0.18209213411654696,True,True,True,False
979d408dc5e72f7c9a8c,null_anytime,null_calibration,2675,1426451093,16,5000,0.0,0.05,rbf,median,anytime,bonferroni,1,2,False,UNRESOLVED,5000,True,False,False,0.0003987499512732029,0.0,0.18209213411654696,True,True,True,False
7d8754174dbcc4dcf44a,null_anytime,null_calibration,2676,484716436,16,5000,0.0,0.05,rbf,median,anytime,bonferroni,1,2,False,UNRESOLVED,5000,True,False,False,0.000399957993067801,0.0,0.18209213411654696,True,True,True,False
be00f318646d474678be,null_anytime,null_calibration,2677,966049541,16,5000,0.0,0.05,rbf,median,anytime,bonferroni,1,2,False,UNRESOLVED,5000,True,False,False,0.0003982910420745611,0.0,0.18209213411654696,True,True,True,False
1930a186bfd2494a26e3,null_anytime,null_calibration,2678,69242254,16,5000,0.0,0.05,rbf,median,anytime,bonferroni,1,2,False,UNRESOLVED,5000,True,False,False,0.0003969999961555004,0.0,0.18209213411654696,True,True,True,False
6a6db861ccd0616834d4,null_anytime,null_calibration,2679,4152790985,16,5000,0.0,0.05,rbf,median,anytime,bonferroni,1,2,False,UNRESOLVED,5000,True,False,False,0.00040029099909588695,0.0,0.18209213411654696,True,True,True,False
b6de8bcef1667f2a765a,null_anytime,null_calibration,2680,998961822,16,5000,0.0,0.05,rbf,median,anytime,bonferroni,1,2,False,UNRESOLVED,5000,True,False,False,0.00039612501859664917,0.0,0.18209213411654696,True,True,True,False
893794750d04d00702c4,null_anytime,null_calibration,2681,2700840679,16,5000,0.0,0.05,rbf,median,anytime,bonferroni,1,2,False,UNRESOLVED,5000,True,False,False,0.00039904197910800576,0.0,0.18209213411654696,True,True,True,False
a9977d326c5bee96c434,null_anytime,null_calibration,2682,785440764,16,5000,0.0,0.05,rbf,median,anytime,bonferroni,1,2,False,UNRESOLVED,5000,True,False,False,0.0003997919848188758,0.0,0.18209213411654696,True,True,True,False
12d2ce818566dafa8b00,null_anytime,null_calibration,2683,3731762356,16,5000,0.0,0.05,rbf,median,anytime,bonferroni,1,2,False,UNRESOLVED,5000,True,False,False,0.000396332994569093,0.0,0.18209213411654696,True,True,True,False
756713f187db1a059b25,null_anytime,null_calibration,2684,2722610888,16,5000,0.0,0.05,rbf,median,anytime,bonferroni,1,2,False,UNRESOLVED,5000,True,False,False,0.0003979589673690498,0.0,0.18209213411654696,True,True,True,False
af9bb1f840580b528bcc,null_anytime,null_calibration,2685,3162710451,16,5000,0.0,0.05,rbf,median,anytime,bonferroni,1,2,False,UNRESOLVED,5000,True,False,False,0.00039595802081748843,0.0,0.18209213411654696,True,True,True,False
996b6fe8b11a3cf0f8e0,null_anytime,null_calibration,2686,3489330130,16,5000,0.0,0.05,rbf,median,anytime,bonferroni,1,2,False,UNRESOLVED,5000,True,False,False,0.00039658299647271633,0.0,0.18209213411654696,True,True,True,False
86d998fe522c8f20011e,null_anytime,null_calibration,2687,1962545350,16,5000,0.0,0.05,rbf,median,anytime,bonferroni,1,2,False,UNRESOLVED,5000,True,False,False,0.00039354199543595314,0.0,0.18209213411654696,True,True,True,False
d1f98a3042dbdd0a9af4,null_anytime,null_calibration,2688,1080656219,16,5000,0.0,0.05,rbf,median,anytime,bonferroni,1,2,False,UNRESOLVED,5000,True,False,False,0.000396332994569093,0.0,0.18209213411654696,True,True,True,False
ddc2986b0a0149161878,null_anytime,null_calibration,2689,2992932610,16,5000,0.0,0.05,rbf,median,anytime,bonferroni,1,2,False,UNRESOLVED,5000,True,False,False,0.000396332994569093,0.0,0.18209213411654696,True,True,True,False
bd87401dd5aff3cc082c,null_anytime,null_calibration,2690,3045658891,16,5000,0.0,0.05,rbf,median,anytime,bonferroni,1,2,False,UNRESOLVED,5000,True,False,False,0.0003968340461142361,0.0,0.18209213411654696,True,True,True,False
826ab72dccee2ec8701f,null_anytime,null_calibration,2691,3184776679,16,5000,0.0,0.05,rbf,median,anytime,bonferroni,1,2,False,UNRESOLVED,5000,True,False,False,0.00039491598727181554,0.0,0.18209213411654696,True,True,True,False
111bb4f89cd6a72f97f1,null_anytime,null_calibration,2692,2866107878,16,5000,0.0,0.05,rbf,median,anytime,bonferroni,1,2,False,UNRESOLVED,5000,True,False,False,0.00039895897498354316,0.0,0.18209213411654696,True,True,True,False
d1e456a52015d4fd8c53,null_anytime,null_calibration,2693,977256645,16,5000,0.0,0.05,rbf,median,anytime,bonferroni,1,2,False,UNRESOLVED,5000,True,False,False,0.0003961670445278287,0.0,0.18209213411654696,True,True,True,False
2f6e64a56ee657cc1cf4,null_anytime,null_calibration,2694,2847027877,16,5000,0.0,0.05,rbf,median,anytime,bonferroni,1,2,False,UNRESOLVED,5000,True,False,False,0.0003969579702243209,0.0,0.18209213411654696,True,True,True,False
4f6aace3f9caae68c41d,null_anytime,null_calibration,2695,2924582140,16,5000,0.0,0.05,rbf,median,anytime,bonferroni,1,2,False,UNRESOLVED,5000,True,False,False,0.0003976249718107283,0.0,0.18209213411654696,True,True,True,False
d395b8a95c78ca992215,null_anytime,null_calibration,2696,1361322160,16,5000,0.0,0.05,rbf,median,anytime,bonferroni,1,2,False,UNRESOLVED,5000,True,False,False,0.00039612496038898826,0.0,0.18209213411654696,True,True,True,False
9d747ee32c49ba635d8e,null_anytime,null_calibration,2697,947108012,16,5000,0.0,0.05,rbf,median,anytime,bonferroni,1,2,False,UNRESOLVED,5000,True,False,False,0.0003975420258939266,0.0,0.18209213411654696,True,True,True,False
0bc1acb71c33d102b331,null_anytime,null_calibration,2698,598550634,16,5000,0.0,0.05,rbf,median,anytime,bonferroni,1,2,False,UNRESOLVED,5000,True,False,False,0.0003986249794252217,0.0,0.18209213411654696,True,True,True,False
3b203db821755f449ac1,null_anytime,null_calibration,2699,2266849259,16,5000,0.0,0.05,rbf,median,anytime,bonferroni,1,2,False,UNRESOLVED,5000,True,False,False,0.0003961670445278287,0.0,0.18209213411654696,True,True,True,False
258adf7508fdd1488563,null_anytime,null_calibration,2700,2480702838,16,5000,0.0,0.05,rbf,median,anytime,bonferroni,1,2,False,UNRESOLVED,5000,True,False,False,0.00039766699774190784,0.0,0.18209213411654696,True,True,True,False
0cce896bc0a19aef35dd,null_anytime,null_calibration,2701,659025210,16,5000,0.0,0.05,rbf,median,anytime,bonferroni,1,2,False,UNRESOLVED,5000,True,False,False,0.0003956669825129211,0.0,0.18209213411654696,True,True,True,False
dac18ac194208dccf0e7,null_anytime,null_calibration,2702,857059295,16,5000,0.0,0.05,rbf,median,anytime,bonferroni,1,2,False,UNRESOLVED,5000,True,False,False,0.00039695901796221733,0.0,0.18209213411654696,True,True,True,False
ecee88806f25fe5fbffb,null_anytime,null_calibration,2703,3613709800,16,5000,0.0,0.05,rbf,median,anytime,bonferroni,1,2,False,UNRESOLVED,5000,True,False,False,0.000395249982830137,0.0,0.18209213411654696,True,True,True,False
927454375d69146b8441,null_anytime,null_calibration,2704,4261851559,16,5000,0.0,0.05,rbf,median,anytime,bonferroni,1,2,False,UNRESOLVED,5000,True,False,False,0.0005149160278961062,0.0,0.18209213411654696,True,True,True,False
bd4cf05b65f5c7f3ed81,null_anytime,null_calibration,2705,1487172771,16,5000,0.0,0.05,rbf,median,anytime,bonferroni,1,2,False,UNRESOLVED,5000,True,False,False,0.0006307910080067813,0.0,0.18209213411654696,True,True,True,False
cc93b749c88e9d1f6f64,null_anytime,null_calibration,2706,1155929898,16,5000,0.0,0.05,rbf,median,anytime,bonferroni,1,2,False,UNRESOLVED,5000,True,False,False,0.0005850000306963921,0.0,0.18209213411654696,True,True,True,False
04a6b7beeb67c430306f,null_anytime,null_calibration,2707,2886990615,16,5000,0.0,0.05,rbf,median,anytime,bonferroni,1,2,False,UNRESOLVED,5000,True,False,False,0.0006014579557813704,0.0,0.18209213411654696,True,True,True,False
420b354c6997fb43c18a,null_anytime,null_calibration,2708,1943724613,16,5000,0.0,0.05,rbf,median,anytime,bonferroni,1,2,False,UNRESOLVED,5000,True,False,False,0.0005824579857289791,0.0,0.18209213411654696,True,True,True,False
8a292a3cff64a566e48e,null_anytime,null_calibration,2709,3386888967,16,5000,0.0,0.05,rbf,median,anytime,bonferroni,1,2,False,UNRESOLVED,5000,True,False,False,0.00059833301929757,0.0,0.18209213411654696,True,True,True,False
2f86db3d586699b2e55f,null_anytime,null_calibration,2710,4188908637,16,5000,0.0,0.05,rbf,median,anytime,bonferroni,1,2,False,UNRESOLVED,5000,True,False,False,0.0005831249873153865,0.0,0.18209213411654696,True,True,True,False
ecc98445c5a714a22bc6,null_anytime,null_calibration,2711,52383023,16,5000,0.0,0.05,rbf,median,anytime,bonferroni,1,2,False,UNRESOLVED,5000,True,False,False,0.0006227080011740327,0.0,0.18209213411654696,True,True,True,False
c841a1d2f397b36145d1,null_anytime,null_calibration,2712,49166856,16,5000,0.0,0.05,rbf,median,anytime,bonferroni,1,2,False,UNRESOLVED,5000,True,False,False,0.0006435000104829669,0.0,0.18209213411654696,True,True,True,False
e91c40b69682c4b9e5e6,null_anytime,null_calibration,2713,2889391392,16,5000,0.0,0.05,rbf,median,anytime,bonferroni,1,2,False,UNRESOLVED,5000,True,False,False,0.0005975840031169355,0.0,0.18209213411654696,True,True,True,False
6b1f51dbfbb76d35ba45,null_anytime,null_calibration,2714,1140066837,16,5000,0.0,0.05,rbf,median,anytime,bonferroni,1,2,False,UNRESOLVED,5000,True,False,False,0.0005624160403385758,0.0,0.18209213411654696,True,True,True,False
2d01e97eb228354e490c,null_anytime,null_calibration,2715,1563572879,16,5000,0.0,0.05,rbf,median,anytime,bonferroni,1,2,False,UNRESOLVED,5000,True,False,False,0.0005551670328713953,0.0,0.18209213411654696,True,True,True,False
a34a3b22001b0f8cd1a6,null_anytime,null_calibration,2716,4009069885,16,5000,0.0,0.05,rbf,median,anytime,bonferroni,1,2,False,UNRESOLVED,5000,True,False,False,0.0005675830179825425,0.0,0.18209213411654696,True,True,True,False
9cb0a843f1d3a7144caf,null_anytime,null_calibration,2717,2419507305,16,5000,0.0,0.05,rbf,median,anytime,bonferroni,1,2,False,UNRESOLVED,5000,True,False,False,0.0005581669975072145,0.0,0.18209213411654696,True,True,True,False
eaa7ecb688a91138dfe8,null_anytime,null_calibration,2718,338543594,16,5000,0.0,0.05,rbf,median,anytime,bonferroni,1,2,False,UNRESOLVED,5000,True,False,False,0.0005571250221692026,0.0,0.18209213411654696,True,True,True,False
3962326e217caf8cf0f2,null_anytime,null_calibration,2719,2960862282,16,5000,0.0,0.05,rbf,median,anytime,bonferroni,1,2,False,UNRESOLVED,5000,True,False,False,0.0005884590209461749,0.0,0.18209213411654696,True,True,True,False
16550a17046135f97000,null_anytime,null_calibration,2720,1411446578,16,5000,0.0,0.05,rbf,median,anytime,bonferroni,1,2,False,UNRESOLVED,5000,True,False,False,0.0005200000014156103,0.0,0.18209213411654696,True,True,True,False
1c3193c6016d19fb3e2c,null_anytime,null_calibration,2721,3783049804,16,5000,0.0,0.05,rbf,median,anytime,bonferroni,1,2,False,UNRESOLVED,5000,True,False,False,0.0004143329570069909,0.0,0.18209213411654696,True,True,True,False
1b289638bfcc2c32501a,null_anytime,null_calibration,2722,190449994,16,5000,0.0,0.05,rbf,median,anytime,bonferroni,1,2,False,UNRESOLVED,5000,True,False,False,0.00040262500988319516,0.0,0.18209213411654696,True,True,True,False
488f611d0eafca55f2be,null_anytime,null_calibration,2723,4269636115,16,5000,0.0,0.05,rbf,median,anytime,bonferroni,1,2,False,UNRESOLVED,5000,True,False,False,0.00039958395063877106,0.0,0.18209213411654696,True,True,True,False
40b1de03bb32eacc8c33,null_anytime,null_calibration,2724,154618196,16,5000,0.0,0.05,rbf,median,anytime,bonferroni,1,2,False,UNRESOLVED,5000,True,False,False,0.00040091597475111485,0.0,0.18209213411654696,True,True,True,False
82be1d1196cc91f7be43,null_anytime,null_calibration,2725,4133493430,16,5000,0.0,0.05,rbf,median,anytime,bonferroni,1,2,False,UNRESOLVED,5000,True,False,False,0.00040179200004786253,0.0,0.18209213411654696,True,True,True,False
f889d3c7af5c45df15a0,null_anytime,null_calibration,2726,1383304211,16,5000,0.0,0.05,rbf,median,anytime,bonferroni,1,2,False,UNRESOLVED,5000,True,False,False,0.00039854203350842,0.0,0.18209213411654696,True,True,True,False
a8ead456506e909ad864,null_anytime,null_calibration,2727,2988829469,16,5000,0.0,0.05,rbf,median,anytime,bonferroni,1,2,False,UNRESOLVED,5000,True,False,False,0.00039658398600295186,0.0,0.18209213411654696,True,True,True,False
8da6f9fb1d6b336453e0,null_anytime,null_calibration,2728,1593568307,16,5000,0.0,0.05,rbf,median,anytime,bonferroni,1,2,False,UNRESOLVED,5000,True,False,False,0.0003946250071749091,0.0,0.18209213411654696,True,True,True,False
7caafdd9e8efac3bb029,null_anytime,null_calibration,2729,2219622573,16,5000,0.0,0.05,rbf,median,anytime,bonferroni,1,2,False,UNRESOLVED,5000,True,False,False,0.0003962499904446304,0.0,0.18209213411654696,True,True,True,False
a49aa8375952480445ee,null_anytime,null_calibration,2730,3404708048,16,5000,0.0,0.05,rbf,median,anytime,bonferroni,1,2,False,UNRESOLVED,5000,True,False,False,0.00039704202208667994,0.0,0.18209213411654696,True,True,True,False
cf461d9ace6a586b985c,null_anytime,null_calibration,2731,525488801,16,5000,0.0,0.05,rbf,median,anytime,bonferroni,1,2,False,UNRESOLVED,5000,True,False,False,0.0003946250071749091,0.0,0.18209213411654696,True,True,True,False
6145c4358f6a2e17bae2,null_anytime,null_calibration,2732,891278187,16,5000,0.0,0.05,rbf,median,anytime,bonferroni,1,2,False,UNRESOLVED,5000,True,False,False,0.0003946250071749091,0.0,0.18209213411654696,True,True,True,False
514ca7468c846b716d4d,null_anytime,null_calibration,2733,1266105487,16,5000,0.0,0.05,rbf,median,anytime,bonferroni,1,2,False,UNRESOLVED,5000,True,False,False,0.00039345899131149054,0.0,0.18209213411654696,True,True,True,False
98337adf4139a73d9f9f,null_anytime,null_calibration,2734,2431113407,16,5000,0.0,0.05,rbf,median,anytime,bonferroni,1,2,False,UNRESOLVED,5000,True,False,False,0.0003952080151066184,0.0,0.18209213411654696,True,True,True,False
e60154e279b4825b865f,null_anytime,null_calibration,2735,1176433496,16,5000,0.0,0.05,rbf,median,anytime,bonferroni,1,2,False,UNRESOLVED,5000,True,False,False,0.00039533403469249606,0.0,0.18209213411654696,True,True,True,False
4b5bdefed05188be1a81,null_anytime,null_calibration,2736,2632499872,16,5000,0.0,0.05,rbf,median,anytime,bonferroni,1,2,False,UNRESOLVED,5000,True,False,False,0.00039295898750424385,0.0,0.18209213411654696,True,True,True,False
775755c572e089a0221d,null_anytime,null_calibration,2737,3248738445,16,5000,0.0,0.05,rbf,median,anytime,bonferroni,1,2,False,UNRESOLVED,5000,True,False,False,0.00039429101161658764,0.0,0.18209213411654696,True,True,True,False
82ab26bbabae7627c560,null_anytime,null_calibration,2738,2008023163,16,5000,0.0,0.05,rbf,median,anytime,bonferroni,1,2,False,UNRESOLVED,5000,True,False,False,0.0003933749976567924,0.0,0.18209213411654696,True,True,True,False
90971ee58ac9de3f958d,null_anytime,null_calibration,2739,2562340942,16,5000,0.0,0.05,rbf,median,anytime,bonferroni,1,2,False,UNRESOLVED,5000,True,False,False,0.0003937919973395765,0.0,0.18209213411654696,True,True,True,False
46945831510a18994e29,null_anytime,null_calibration,2740,1927205539,16,5000,0.0,0.05,rbf,median,anytime,bonferroni,1,2,False,UNRESOLVED,5000,True,False,False,0.000393458001781255,0.0,0.18209213411654696,True,True,True,False
8ad90f94ef65862c05c2,null_anytime,null_calibration,2741,2412586556,16,5000,0.0,0.05,rbf,median,anytime,bonferroni,1,2,False,UNRESOLVED,5000,True,False,False,0.0003974999999627471,0.0,0.18209213411654696,True,True,True,False
8e76f87de00d37d70769,null_anytime,null_calibration,2742,149337181,16,5000,0.0,0.05,rbf,median,anytime,bonferroni,1,2,False,UNRESOLVED,5000,True,False,False,0.0003945830394513905,0.0,0.18209213411654696,True,True,True,False
f64833e6e0f654599b70,null_anytime,null_calibration,2743,1002781826,16,5000,0.0,0.05,rbf,median,anytime,bonferroni,1,2,False,UNRESOLVED,5000,True,False,False,0.0003987079835496843,0.0,0.18209213411654696,True,True,True,False
91a4456b16f5b122486d,null_anytime,null_calibration,2744,963609997,16,5000,0.0,0.05,rbf,median,anytime,bonferroni,1,2,False,UNRESOLVED,5000,True,False,False,0.00040820904541760683,0.0,0.18209213411654696,True,True,True,False
d6fb2a7d792edaee7236,null_anytime,null_calibration,2745,3929023985,16,5000,0.0,0.05,rbf,median,anytime,bonferroni,1,2,False,UNRESOLVED,5000,True,False,False,0.0003928749938495457,0.0,0.18209213411654696,True,True,True,False
9a447c5feb45dd8a0178,null_anytime,null_calibration,2746,850947934,16,5000,0.0,0.05,rbf,median,anytime,bonferroni,1,2,False,UNRESOLVED,5000,True,False,False,0.0003935410059057176,0.0,0.18209213411654696,True,True,True,False
d76fbafd6b5764acecd7,null_anytime,null_calibration,2747,2946758531,16,5000,0.0,0.05,rbf,median,anytime,bonferroni,1,2,False,UNRESOLVED,5000,True,False,False,0.0003981670015491545,0.0,0.18209213411654696,True,True,True,False
9a14d7f07706ec958fc6,null_anytime,null_calibration,2748,3664598643,16,5000,0.0,0.05,rbf,median,anytime,bonferroni,1,2,False,UNRESOLVED,5000,True,False,False,0.0003950829850509763,0.0,0.18209213411654696,True,True,True,False
f9d08cd468efbb889538,null_anytime,null_calibration,2749,3808403679,16,5000,0.0,0.05,rbf,median,anytime,bonferroni,1,2,False,UNRESOLVED,5000,True,False,False,0.00039366603596135974,0.0,0.18209213411654696,True,True,True,False
00c9854d97f96d662d50,null_anytime,null_calibration,2750,1856637316,16,5000,0.0,0.05,rbf,median,anytime,bonferroni,1,2,False,UNRESOLVED,5000,True,False,False,0.000393458001781255,0.0,0.18209213411654696,True,True,True,False
319d3fb8ed0204b9cd7b,null_anytime,null_calibration,2751,4132221208,16,5000,0.0,0.05,rbf,median,anytime,bonferroni,1,2,False,UNRESOLVED,5000,True,False,False,0.00044662499567493796,0.0,0.18209213411654696,True,True,True,False
48acb1a006bd36eb82cd,null_anytime,null_calibration,2752,3993747289,16,5000,0.0,0.05,rbf,median,anytime,bonferroni,1,2,False,UNRESOLVED,5000,True,False,False,0.0003923330223187804,0.0,0.18209213411654696,True,True,True,False
9a9e67d33d8425fabf1f,null_anytime,null_calibration,2753,2086579695,16,5000,0.0,0.05,rbf,median,anytime,bonferroni,1,2,False,UNRESOLVED,5000,True,False,False,0.00039245799416676164,0.0,0.18209213411654696,True,True,True,False
ff72ce467f1da86422e9,null_anytime,null_calibration,2754,1019863017,16,5000,0.0,0.05,rbf,median,anytime,bonferroni,1,2,False,UNRESOLVED,5000,True,False,False,0.0003935410059057176,0.0,0.18209213411654696,True,True,True,False
c4f074446da47b8a379e,null_anytime,null_calibration,2755,1350911359,16,5000,0.0,0.05,rbf,median,anytime,bonferroni,1,2,False,UNRESOLVED,5000,True,False,False,0.00039254198782145977,0.0,0.18209213411654696,True,True,True,False
297da7709d0451b12586,null_anytime,null_calibration,2756,3587698235,16,5000,0.0,0.05,rbf,median,anytime,bonferroni,1,2,False,UNRESOLVED,5000,True,False,False,0.00039320799987763166,0.0,0.18209213411654696,True,True,True,False
8114f37b11f9b0cd0d6e,null_anytime,null_calibration,2757,1239167235,16,5000,0.0,0.05,rbf,median,anytime,bonferroni,1,2,False,UNRESOLVED,5000,True,False,False,0.00039241701597347856,0.0,0.18209213411654696,True,True,True,False
4a5e097adbe962781698,null_anytime,null_calibration,2758,2261116470,16,5000,0.0,0.05,rbf,median,anytime,bonferroni,1,2,False,UNRESOLVED,5000,True,False,False,0.0003926249919459224,0.0,0.18209213411654696,True,True,True,False
ac7df9070b50d16d9623,null_anytime,null_calibration,2759,3059110111,16,5000,0.0,0.05,rbf,median,anytime,bonferroni,1,2,False,UNRESOLVED,5000,True,False,False,0.0003926670178771019,0.0,0.18209213411654696,True,True,True,False
991d0129ce431fa8ebd8,null_anytime,null_calibration,2760,1501526649,16,5000,0.0,0.05,rbf,median,anytime,bonferroni,1,2,False,UNRESOLVED,5000,True,False,False,0.0003922079922631383,0.0,0.18209213411654696,True,True,True,False
6fe3e2b444251c969299,null_anytime,null_calibration,2761,603184309,16,5000,0.0,0.05,rbf,median,anytime,bonferroni,1,2,False,UNRESOLVED,5000,True,False,False,0.00039199995808303356,0.0,0.18209213411654696,True,True,True,False
16d6fe66c9b37a179631,null_anytime,null_calibration,2762,3363539818,16,5000,0.0,0.05,rbf,median,anytime,bonferroni,1,2,False,UNRESOLVED,5000,True,False,False,0.00039312499575316906,0.0,0.18209213411654696,True,True,True,False
3f3c8103681419df8220,null_anytime,null_calibration,2763,4285387050,16,5000,0.0,0.05,rbf,median,anytime,bonferroni,1,2,False,UNRESOLVED,5000,True,False,False,0.00039383297553285956,0.0,0.18209213411654696,True,True,True,False
7d4791f24e14c9b70b5f,null_anytime,null_calibration,2764,1147649506,16,5000,0.0,0.05,rbf,median,anytime,bonferroni,1,2,False,UNRESOLVED,5000,True,False,False,0.00039133301470428705,0.0,0.18209213411654696,True,True,True,False
5885d7fcea3975ef37c1,null_anytime,null_calibration,2765,932728478,16,5000,0.0,0.05,rbf,median,anytime,bonferroni,1,2,False,UNRESOLVED,5000,True,False,False,0.0003927919897250831,0.0,0.18209213411654696,True,True,True,False
c0f47be10fd7168d82eb,null_anytime,null_calibration,2766,1893865396,16,5000,0.0,0.05,rbf,median,anytime,bonferroni,1,2,False,UNRESOLVED,5000,True,False,False,0.0003921670140698552,0.0,0.18209213411654696,True,True,True,False
1799caeefde5bf25294a,null_anytime,null_calibration,2767,808694162,16,5000,0.0,0.05,rbf,median,anytime,bonferroni,1,2,False,UNRESOLVED,5000,True,False,False,0.0003926249919459224,0.0,0.18209213411654696,True,True,True,False
b69a08a5903040e81f62,null_anytime,null_calibration,2768,3506593849,16,5000,0.0,0.05,rbf,median,anytime,bonferroni,1,2,False,UNRESOLVED,5000,True,False,False,0.00039724999805912375,0.0,0.18209213411654696,True,True,True,False
fff240de97857eb652ff,null_anytime,null_calibration,2769,358438544,16,5000,0.0,0.05,rbf,median,anytime,bonferroni,1,2,False,UNRESOLVED,5000,True,False,False,0.0003944589989259839,0.0,0.18209213411654696,True,True,True,False
3cc2374684f3f60ac5d9,null_anytime,null_calibration,2770,2609173267,16,5000,0.0,0.05,rbf,median,anytime,bonferroni,1,2,False,UNRESOLVED,5000,True,False,False,0.00039258296601474285,0.0,0.18209213411654696,True,True,True,False
919cb95b9a8e90321886,null_anytime,null_calibration,2771,4149244527,16,5000,0.0,0.05,rbf,median,anytime,bonferroni,1,2,False,UNRESOLVED,5000,True,False,False,0.00039320799987763166,0.0,0.18209213411654696,True,True,True,False
3f6d97c6910381f01eef,null_anytime,null_calibration,2772,3598983777,16,5000,0.0,0.05,rbf,median,anytime,bonferroni,1,2,False,UNRESOLVED,5000,True,False,False,0.0003927919897250831,0.0,0.18209213411654696,True,True,True,False
b3732ae492c4d569f14c,null_anytime,null_calibration,2773,3793805803,16,5000,0.0,0.05,rbf,median,anytime,bonferroni,1,2,False,UNRESOLVED,5000,True,False,False,0.00039241701597347856,0.0,0.18209213411654696,True,True,True,False
9b2a6daa1204bef6ec65,null_anytime,null_calibration,2774,1274158791,16,5000,0.0,0.05,rbf,median,anytime,bonferroni,1,2,False,UNRESOLVED,5000,True,False,False,0.0003945830394513905,0.0,0.18209213411654696,True,True,True,False
0ca044f09bd51846e057,null_anytime,null_calibration,2775,1251492825,16,5000,0.0,0.05,rbf,median,anytime,bonferroni,1,2,False,UNRESOLVED,5000,True,False,False,0.0003921670140698552,0.0,0.18209213411654696,True,True,True,False
183333cab84c952e36a8,null_anytime,null_calibration,2776,1188257051,16,5000,0.0,0.05,rbf,median,anytime,bonferroni,1,2,False,UNRESOLVED,5000,True,False,False,0.00039558298885822296,0.0,0.18209213411654696,True,True,True,False
0fcc6cf4010263ae1164,null_anytime,null_calibration,2777,338534232,16,5000,0.0,0.05,rbf,median,anytime,bonferroni,1,2,False,UNRESOLVED,5000,True,False,False,0.000393416965380311,0.0,0.18209213411654696,True,True,True,False
3241b7460ae2bff390de,null_anytime,null_calibration,2778,155521980,16,5000,0.0,0.05,rbf,median,anytime,bonferroni,1,2,False,UNRESOLVED,5000,True,False,False,0.0003931670216843486,0.0,0.18209213411654696,True,True,True,False
6779fd834c3828d17032,null_anytime,null_calibration,2779,1974379763,16,5000,0.0,0.05,rbf,median,anytime,bonferroni,1,2,False,UNRESOLVED,5000,True,False,False,0.00039370794547721744,0.0,0.18209213411654696,True,True,True,False
2634bbb2ef14b85fab01,null_anytime,null_calibration,2780,3141480986,16,5000,0.0,0.05,rbf,median,anytime,bonferroni,1,2,False,UNRESOLVED,5000,True,False,False,0.0003939169691875577,0.0,0.18209213411654696,True,True,True,False
747b3ae9ce617290a5b6,null_anytime,null_calibration,2781,958328123,16,5000,0.0,0.05,rbf,median,anytime,bonferroni,1,2,False,UNRESOLVED,5000,True,False,False,0.00039241701597347856,0.0,0.18209213411654696,True,True,True,False
cd74feafa43c4fa38910,null_anytime,null_calibration,2782,1480408997,16,5000,0.0,0.05,rbf,median,anytime,bonferroni,1,2,False,UNRESOLVED,5000,True,False,False,0.0003929579979740083,0.0,0.18209213411654696,True,True,True,False
09620f8c87fd792b179f,null_anytime,null_calibration,2783,3601410439,16,5000,0.0,0.05,rbf,median,anytime,bonferroni,1,2,False,UNRESOLVED,5000,True,False,False,0.0003933749976567924,0.0,0.18209213411654696,True,True,True,False
a1792cc7e1509ed25837,null_anytime,null_calibration,2784,726892862,16,5000,0.0,0.05,rbf,median,anytime,bonferroni,1,2,False,UNRESOLVED,5000,True,False,False,0.000393084017559886,0.0,0.18209213411654696,True,True,True,False
b25bc60fffecdf5d822e,null_anytime,null_calibration,2785,2609557679,16,5000,0.0,0.05,rbf,median,anytime,bonferroni,1,2,False,UNRESOLVED,5000,True,False,False,0.00039191602263599634,0.0,0.18209213411654696,True,True,True,False
3de0c633b2cb029ea928,null_anytime,null_calibration,2786,2734467804,16,5000,0.0,0.05,rbf,median,anytime,bonferroni,1,2,False,UNRESOLVED,5000,True,False,False,0.000393416965380311,0.0,0.18209213411654696,True,True,True,False
3ebb01c1d1bce1fd7a7f,null_anytime,null_calibration,2787,1667175769,16,5000,0.0,0.05,rbf,median,anytime,bonferroni,1,2,False,UNRESOLVED,5000,True,False,False,0.00039283401565626264,0.0,0.18209213411654696,True,True,True,False
819d36b04d7b0e33d9cc,null_anytime,null_calibration,2788,3002777725,16,5000,0.0,0.05,rbf,median,anytime,bonferroni,1,2,False,UNRESOLVED,5000,True,False,False,0.00039129197830334306,0.0,0.18209213411654696,True,True,True,False
86bfc8ddc66d1b281bdc,null_anytime,null_calibration,2789,1792756648,16,5000,0.0,0.05,rbf,median,anytime,bonferroni,1,2,False,UNRESOLVED,5000,True,False,False,0.0003928749938495457,0.0,0.18209213411654696,True,True,True,False
74c9ba402944476e2b6a,null_anytime,null_calibration,2790,889936437,16,5000,0.0,0.05,rbf,median,anytime,bonferroni,1,2,False,UNRESOLVED,5000,True,False,False,0.0003951659891754389,0.0,0.18209213411654696,True,True,True,False
b8eae3aaaa8d696d1c29,null_anytime,null_calibration,2791,2270421012,16,5000,0.0,0.05,rbf,median,anytime,bonferroni,1,2,False,UNRESOLVED,5000,True,False,False,0.0003939580055885017,0.0,0.18209213411654696,True,True,True,False
f8b2ef36ab2c09e108c8,null_anytime,null_calibration,2792,1012291623,16,5000,0.0,0.05,rbf,median,anytime,bonferroni,1,2,False,UNRESOLVED,5000,True,False,False,0.00039141601882874966,0.0,0.18209213411654696,True,True,True,False
bf55e5998518b6b8df24,null_anytime,null_calibration,2793,912797639,16,5000,0.0,0.05,rbf,median,anytime,bonferroni,1,2,False,UNRESOLVED,5000,True,False,False,0.0006273339968174696,0.0,0.18209213411654696,True,True,True,False
5c8d1e25b5b263dfb167,null_anytime,null_calibration,2794,310601731,16,5000,0.0,0.05,rbf,median,anytime,bonferroni,1,2,False,UNRESOLVED,5000,True,False,False,0.0005971249775029719,0.0,0.18209213411654696,True,True,True,False
8d2263d499564ad5f7b9,null_anytime,null_calibration,2795,1467159706,16,5000,0.0,0.05,rbf,median,anytime,bonferroni,1,2,False,UNRESOLVED,5000,True,False,False,0.0005632080137729645,0.0,0.18209213411654696,True,True,True,False
2b7f84489174b56895e5,null_anytime,null_calibration,2796,2709661236,16,5000,0.0,0.05,rbf,median,anytime,bonferroni,1,2,False,UNRESOLVED,5000,True,False,False,0.000571833981666714,0.0,0.18209213411654696,True,True,True,False
ee9c3f87e1a8d5848845,null_anytime,null_calibration,2797,1242291458,16,5000,0.0,0.05,rbf,median,anytime,bonferroni,1,2,False,UNRESOLVED,5000,True,False,False,0.0005912079941481352,0.0,0.18209213411654696,True,True,True,False
6ff8b4f8b3fd534a35a5,null_anytime,null_calibration,2798,845589625,16,5000,0.0,0.05,rbf,median,anytime,bonferroni,1,2,False,UNRESOLVED,5000,True,False,False,0.000573707977309823,0.0,0.18209213411654696,True,True,True,False
f2d3e316894fae5bc2c2,null_anytime,null_calibration,2799,4200577796,16,5000,0.0,0.05,rbf,median,anytime,bonferroni,1,2,False,UNRESOLVED,5000,True,False,False,0.0005510839982889593,0.0,0.18209213411654696,True,True,True,False
a55cf677203630408376,null_anytime,null_calibration,2800,184104342,16,5000,0.0,0.05,rbf,median,anytime,bonferroni,1,2,False,UNRESOLVED,5000,True,False,False,0.0005436670035123825,0.0,0.18209213411654696,True,True,True,False
4f580c2b74160a9bbb74,null_anytime,null_calibration,2801,142602936,16,5000,0.0,0.05,rbf,median,anytime,bonferroni,1,2,False,UNRESOLVED,5000,True,False,False,0.0005573329981416464,0.0,0.18209213411654696,True,True,True,False
eb1ea0b1ab08bc8e9798,null_anytime,null_calibration,2802,3102467904,16,5000,0.0,0.05,rbf,median,anytime,bonferroni,1,2,False,UNRESOLVED,5000,True,False,False,0.0005436250357888639,0.0,0.18209213411654696,True,True,True,False
cbf330a8c920150259c7,null_anytime,null_calibration,2803,2643783412,16,5000,0.0,0.05,rbf,median,anytime,bonferroni,1,2,False,UNRESOLVED,5000,True,False,False,0.0005521670100279152,0.0,0.18209213411654696,True,True,True,False
ba4425e52a4748ea6551,null_anytime,null_calibration,2804,2679747202,16,5000,0.0,0.05,rbf,median,anytime,bonferroni,1,2,False,UNRESOLVED,5000,True,False,False,0.000556332990527153,0.0,0.18209213411654696,True,True,True,False
08b0f145f8363caa76e2,null_anytime,null_calibration,2805,2541426503,16,5000,0.0,0.05,rbf,median,anytime,bonferroni,1,2,False,UNRESOLVED,5000,True,False,False,0.0005502499989233911,0.0,0.18209213411654696,True,True,True,False
dfacd9bb3e61a1a5ed33,null_anytime,null_calibration,2806,4105894751,16,5000,0.0,0.05,rbf,median,anytime,bonferroni,1,2,False,UNRESOLVED,5000,True,False,False,0.0005457919905893505,0.0,0.18209213411654696,True,True,True,False
3c5a843813ea258e3883,null_anytime,null_calibration,2807,2911448700,16,5000,0.0,0.05,rbf,median,anytime,bonferroni,1,2,False,UNRESOLVED,5000,True,False,False,0.0005662500043399632,0.0,0.18209213411654696,True,True,True,False
e18df78984936a4d6e34,null_anytime,null_calibration,2808,1527970293,16,5000,0.0,0.05,rbf,median,anytime,bonferroni,1,2,False,UNRESOLVED,5000,True,False,False,0.0005437080399133265,0.0,0.18209213411654696,True,True,True,False
ef6224e3dd962b3e6416,null_anytime,null_calibration,2809,3082601148,16,5000,0.0,0.05,rbf,median,anytime,bonferroni,1,2,False,UNRESOLVED,5000,True,False,False,0.0005696670268662274,0.0,0.18209213411654696,True,True,True,False
955ff2335e39787b495b,null_anytime,null_calibration,2810,769898815,16,5000,0.0,0.05,rbf,median,anytime,bonferroni,1,2,False,UNRESOLVED,5000,True,False,False,0.0004140419769100845,0.0,0.18209213411654696,True,True,True,False
8e41b4c40636da218f08,null_anytime,null_calibration,2811,887825376,16,5000,0.0,0.05,rbf,median,anytime,bonferroni,1,2,False,UNRESOLVED,5000,True,False,False,0.00040033296681940556,0.0,0.18209213411654696,True,True,True,False
4ce47733f92f147764c3,null_anytime,null_calibration,2812,3154312655,16,5000,0.0,0.05,rbf,median,anytime,bonferroni,1,2,False,UNRESOLVED,5000,True,False,False,0.00039724999805912375,0.0,0.18209213411654696,True,True,True,False
de5e7afba4387bda1e38,null_anytime,null_calibration,2813,3870538803,16,5000,0.0,0.05,rbf,median,anytime,bonferroni,1,2,False,UNRESOLVED,5000,True,False,False,0.00039775000186637044,0.0,0.18209213411654696,True,True,True,False
ea03a20ce74bd0df57c6,null_anytime,null_calibration,2814,3083766586,16,5000,0.0,0.05,rbf,median,anytime,bonferroni,1,2,False,UNRESOLVED,5000,True,False,False,0.0003962080227211118,0.0,0.18209213411654696,True,True,True,False
114cceb1a4140b2924be,null_anytime,null_calibration,2815,2398297009,16,5000,0.0,0.05,rbf,median,anytime,bonferroni,1,2,False,UNRESOLVED,5000,True,False,False,0.0003940410097129643,0.0,0.18209213411654696,True,True,True,False
81167f6ff7f838c5500e,null_anytime,null_calibration,2816,2912331790,16,5000,0.0,0.05,rbf,median,anytime,bonferroni,1,2,False,UNRESOLVED,5000,True,False,False,0.0003928329679183662,0.0,0.18209213411654696,True,True,True,False
a0baff34d6e4eb42d46d,null_anytime,null_calibration,2817,2419579006,16,5000,0.0,0.05,rbf,median,anytime,bonferroni,1,2,False,UNRESOLVED,5000,True,False,False,0.0003928749938495457,0.0,0.18209213411654696,True,True,True,False
6974c0db1c6415e86e9b,null_anytime,null_calibration,2818,2922310265,16,5000,0.0,0.05,rbf,median,anytime,bonferroni,1,2,False,UNRESOLVED,5000,True,False,False,0.0004069170099683106,0.0,0.18209213411654696,True,True,True,False
78c616bfdf1a5c8720c4,null_anytime,null_calibration,2819,696496448,16,5000,0.0,0.05,rbf,median,anytime,bonferroni,1,2,False,UNRESOLVED,5000,True,False,False,0.0003920830204151571,0.0,0.18209213411654696,True,True,True,False
6b8ca3aacbf5bb2ae596,null_anytime,null_calibration,2820,135686867,16,5000,0.0,0.05,rbf,median,anytime,bonferroni,1,2,False,UNRESOLVED,5000,True,False,False,0.00039008300518617034,0.0,0.18209213411654696,True,True,True,False
db594ad34f38298b01ea,null_anytime,null_calibration,2821,1544525735,16,5000,0.0,0.05,rbf,median,anytime,bonferroni,1,2,False,UNRESOLVED,5000,True,False,False,0.0003928749938495457,0.0,0.18209213411654696,True,True,True,False
d187168a5cb5f72941b7,null_anytime,null_calibration,2822,283498147,16,5000,0.0,0.05,rbf,median,anytime,bonferroni,1,2,False,UNRESOLVED,5000,True,False,False,0.0003921669558621943,0.0,0.18209213411654696,True,True,True,False
13433bade8e2a7d3c525,null_anytime,null_calibration,2823,4093863988,16,5000,0.0,0.05,rbf,median,anytime,bonferroni,1,2,False,UNRESOLVED,5000,True,False,False,0.0003928330261260271,0.0,0.18209213411654696,True,True,True,False
37b47b2bce7891f75b65,null_anytime,null_calibration,2824,2260714910,16,5000,0.0,0.05,rbf,median,anytime,bonferroni,1,2,False,UNRESOLVED,5000,True,False,False,0.0006309159798547626,0.0,0.18209213411654696,True,True,True,False
3df1bfa44d7d49adbdc4,null_anytime,null_calibration,2825,2727733521,16,5000,0.0,0.05,rbf,median,anytime,bonferroni,1,2,False,UNRESOLVED,5000,True,False,False,0.0005704999784938991,0.0,0.18209213411654696,True,True,True,False
28e8c4d4b757940cb04d,null_anytime,null_calibration,2826,803463156,16,5000,0.0,0.05,rbf,median,anytime,bonferroni,1,2,False,UNRESOLVED,5000,True,False,False,0.0005731249693781137,0.0,0.18209213411654696,True,True,True,False
822f7ff644622a0b8475,null_anytime,null_calibration,2827,4244972753,16,5000,0.0,0.05,rbf,median,anytime,bonferroni,1,2,False,UNRESOLVED,5000,True,False,False,0.0005556669784709811,0.0,0.18209213411654696,True,True,True,False
617e806e6847979b7677,null_anytime,null_calibration,2828,2395635793,16,5000,0.0,0.05,rbf,median,anytime,bonferroni,1,2,False,UNRESOLVED,5000,True,False,False,0.0005699589964933693,0.0,0.18209213411654696,True,True,True,False
41e5efdfc636c8bf4785,null_anytime,null_calibration,2829,1924925532,16,5000,0.0,0.05,rbf,median,anytime,bonferroni,1,2,False,UNRESOLVED,5000,True,False,False,0.0005804169923067093,0.0,0.18209213411654696,True,True,True,False
c52b9d2e7ed6540d8e5d,null_anytime,null_calibration,2830,3937543752,16,5000,0.0,0.05,rbf,median,anytime,bonferroni,1,2,False,UNRESOLVED,5000,True,False,False,0.0005736250313930213,0.0,0.18209213411654696,True,True,True,False
2d72f6e846597be4ac81,null_anytime,null_calibration,2831,1132964334,16,5000,0.0,0.05,rbf,median,anytime,bonferroni,1,2,False,UNRESOLVED,5000,True,False,False,0.00041679199784994125,0.0,0.18209213411654696,True,True,True,False
bc4b37e81035dd0aaa87,null_anytime,null_calibration,2832,2673632669,16,5000,0.0,0.05,rbf,median,anytime,bonferroni,1,2,False,UNRESOLVED,5000,True,False,False,0.0004024580121040344,0.0,0.18209213411654696,True,True,True,False
186910c664780ad093db,null_anytime,null_calibration,2833,3223054283,16,5000,0.0,0.05,rbf,median,anytime,bonferroni,1,2,False,UNRESOLVED,5000,True,False,False,0.0003997089806944132,0.0,0.18209213411654696,True,True,True,False
e0e26a598d6393f6bb95,null_anytime,null_calibration,2834,3347385784,16,5000,0.0,0.05,rbf,median,anytime,bonferroni,1,2,False,UNRESOLVED,5000,True,False,False,0.0003962500486522913,0.0,0.18209213411654696,True,True,True,False
ef7076a2353852717bce,null_anytime,null_calibration,2835,667291151,16,5000,0.0,0.05,rbf,median,anytime,bonferroni,1,2,False,UNRESOLVED,5000,True,False,False,0.0003959159948863089,0.0,0.18209213411654696,True,True,True,False
a009770f223fb38099de,null_anytime,null_calibration,2836,2814301031,16,5000,0.0,0.05,rbf,median,anytime,bonferroni,1,2,False,UNRESOLVED,5000,True,False,False,0.0003962500486522913,0.0,0.18209213411654696,True,True,True,False
6bfafe6823c443866aa9,null_anytime,null_calibration,2837,2762667773,16,5000,0.0,0.05,rbf,median,anytime,bonferroni,1,2,False,UNRESOLVED,5000,True,False,False,0.0003954159910790622,0.0,0.18209213411654696,True,True,True,False
38ad52b6db86db68e6d3,null_anytime,null_calibration,2838,1587672720,16,5000,0.0,0.05,rbf,median,anytime,bonferroni,1,2,False,UNRESOLVED,5000,True,False,False,0.00039487500907853246,0.0,0.18209213411654696,True,True,True,False
45e4862285561c95bc0f,null_anytime,null_calibration,2839,385168002,16,5000,0.0,0.05,rbf,median,anytime,bonferroni,1,2,False,UNRESOLVED,5000,True,False,False,0.0003974999999627471,0.0,0.18209213411654696,True,True,True,False
352832a2ffde3c267be8,null_anytime,null_calibration,2840,2229412846,16,5000,0.0,0.05,rbf,median,anytime,bonferroni,1,2,False,UNRESOLVED,5000,True,False,False,0.0003950829850509763,0.0,0.18209213411654696,True,True,True,False
1e0f4e00f3765d9ad260,null_anytime,null_calibration,2841,3738254655,16,5000,0.0,0.05,rbf,median,anytime,bonferroni,1,2,False,UNRESOLVED,5000,True,False,False,0.00039345899131149054,0.0,0.18209213411654696,True,True,True,False
9ceb6d3ee858146a70f9,null_anytime,null_calibration,2842,1363866726,16,5000,0.0,0.05,rbf,median,anytime,bonferroni,1,2,False,UNRESOLVED,5000,True,False,False,0.00039437500527128577,0.0,0.18209213411654696,True,True,True,False
33db63d1ee8e5f3f1209,null_anytime,null_calibration,2843,1758464286,16,5000,0.0,0.05,rbf,median,anytime,bonferroni,1,2,False,UNRESOLVED,5000,True,False,False,0.0003980419714935124,0.0,0.18209213411654696,True,True,True,False
8ece74556d5d40a6498d,null_anytime,null_calibration,2844,4290304287,16,5000,0.0,0.05,rbf,median,anytime,bonferroni,1,2,False,UNRESOLVED,5000,True,False,False,0.0003954159910790622,0.0,0.18209213411654696,True,True,True,False
f9fdb15dec9424a825a9,null_anytime,null_calibration,2845,3463155966,16,5000,0.0,0.05,rbf,median,anytime,bonferroni,1,2,False,UNRESOLVED,5000,True,False,False,0.0003938330337405205,0.0,0.18209213411654696,True,True,True,False
5406d35de8a7fd95b043,null_anytime,null_calibration,2846,2257947439,16,5000,0.0,0.05,rbf,median,anytime,bonferroni,1,2,False,UNRESOLVED,5000,True,False,False,0.00040558300679549575,0.0,0.18209213411654696,True,True,True,False
20995bd13c46c2a63e5d,null_anytime,null_calibration,2847,572833219,16,5000,0.0,0.05,rbf,median,anytime,bonferroni,1,2,False,UNRESOLVED,5000,True,False,False,0.0003950840327888727,0.0,0.18209213411654696,True,True,True,False
d9d53f7fbf02f84dd247,null_anytime,null_calibration,2848,2328146544,16,5000,0.0,0.05,rbf,median,anytime,bonferroni,1,2,False,UNRESOLVED,5000,True,False,False,0.0003921249881386757,0.0,0.18209213411654696,True,True,True,False
f03c4388b05d5c836a68,null_anytime,null_calibration,2849,2014108028,16,5000,0.0,0.05,rbf,median,anytime,bonferroni,1,2,False,UNRESOLVED,5000,True,False,False,0.0003943340270780027,0.0,0.18209213411654696,True,True,True,False
bd12c65c9ca1e795d5e8,null_anytime,null_calibration,2850,4122408022,16,5000,0.0,0.05,rbf,median,anytime,bonferroni,1,2,False,UNRESOLVED,5000,True,False,False,0.00039316696347668767,0.0,0.18209213411654696,True,True,True,False
07b4ff20b2430dd379fa,null_anytime,null_calibration,2851,1712690603,16,5000,0.0,0.05,rbf,median,anytime,bonferroni,1,2,False,UNRESOLVED,5000,True,False,False,0.00039300002390518785,0.0,0.18209213411654696,True,True,True,False
ed3f0555588b4b5a7c6b,null_anytime,null_calibration,2852,3841503051,16,5000,0.0,0.05,rbf,median,anytime,bonferroni,1,2,False,UNRESOLVED,5000,True,False,False,0.00039295898750424385,0.0,0.18209213411654696,True,True,True,False
bbb4cac43db7862d0d72,null_anytime,null_calibration,2853,3730590090,16,5000,0.0,0.05,rbf,median,anytime,bonferroni,1,2,False,UNRESOLVED,5000,True,False,False,0.00039445795118808746,0.0,0.18209213411654696,True,True,True,False
d80d04075ce06de74579,null_anytime,null_calibration,2854,77871817,16,5000,0.0,0.05,rbf,median,anytime,bonferroni,1,2,False,UNRESOLVED,5000,True,False,False,0.00039599998854100704,0.0,0.18209213411654696,True,True,True,False
f5939f57262b170876ed,null_anytime,null_calibration,2855,2151236830,16,5000,0.0,0.05,rbf,median,anytime,bonferroni,1,2,False,UNRESOLVED,5000,True,False,False,0.0003920000162906945,0.0,0.18209213411654696,True,True,True,False
015038955450c42255f0,null_anytime,null_calibration,2856,1348543907,16,5000,0.0,0.05,rbf,median,anytime,bonferroni,1,2,False,UNRESOLVED,5000,True,False,False,0.00039362499956041574,0.0,0.18209213411654696,True,True,True,False
a01cbbfb552a4a077492,null_anytime,null_calibration,2857,2013673259,16,5000,0.0,0.05,rbf,median,anytime,bonferroni,1,2,False,UNRESOLVED,5000,True,False,False,0.0003942090552300215,0.0,0.18209213411654696,True,True,True,False
acb6584845d3d65f7b48,null_anytime,null_calibration,2858,1242100647,16,5000,0.0,0.05,rbf,median,anytime,bonferroni,1,2,False,UNRESOLVED,5000,True,False,False,0.0003927089856006205,0.0,0.18209213411654696,True,True,True,False
05db8fd764a7a213b830,null_anytime,null_calibration,2859,3471325180,16,5000,0.0,0.05,rbf,median,anytime,bonferroni,1,2,False,UNRESOLVED,5000,True,False,False,0.000392707996070385,0.0,0.18209213411654696,True,True,True,False
8161fb43bbd77c38bb8f,null_anytime,null_calibration,2860,3791107474,16,5000,0.0,0.05,rbf,median,anytime,bonferroni,1,2,False,UNRESOLVED,5000,True,False,False,0.00039616599678993225,0.0,0.18209213411654696,True,True,True,False
c024214ef407c7a40b4c,null_anytime,null_calibration,2861,3262366213,16,5000,0.0,0.05,rbf,median,anytime,bonferroni,1,2,False,UNRESOLVED,5000,True,False,False,0.00039537495467811823,0.0,0.18209213411654696,True,True,True,False
937663190ea36b02d2bf,null_anytime,null_calibration,2862,3704040533,16,5000,0.0,0.05,rbf,median,anytime,bonferroni,1,2,False,UNRESOLVED,5000,True,False,False,0.00039499998092651367,0.0,0.18209213411654696,True,True,True,False
ff8e6207f5069158688d,null_anytime,null_calibration,2863,107470646,16,5000,0.0,0.05,rbf,median,anytime,bonferroni,1,2,False,UNRESOLVED,5000,True,False,False,0.0003950420068576932,0.0,0.18209213411654696,True,True,True,False
8c7b1adc97373164fbd7,null_anytime,null_calibration,2864,3741429281,16,5000,0.0,0.05,rbf,median,anytime,bonferroni,1,2,False,UNRESOLVED,5000,True,False,False,0.0003940410097129643,0.0,0.18209213411654696,True,True,True,False
b7def691bfbad88adcdb,null_anytime,null_calibration,2865,1548338814,16,5000,0.0,0.05,rbf,median,anytime,bonferroni,1,2,False,UNRESOLVED,5000,True,False,False,0.00039541703881695867,0.0,0.18209213411654696,True,True,True,False
4a15aeae94853e9feff2,null_anytime,null_calibration,2866,198843842,16,5000,0.0,0.05,rbf,median,anytime,bonferroni,1,2,False,UNRESOLVED,5000,True,False,False,0.00039249996189028025,0.0,0.18209213411654696,True,True,True,False
d5452b032537c722cd07,null_anytime,null_calibration,2867,1468917584,16,5000,0.0,0.05,rbf,median,anytime,bonferroni,1,2,False,UNRESOLVED,5000,True,False,False,0.00039308296982198954,0.0,0.18209213411654696,True,True,True,False
a3fd10770a3896330a27,null_anytime,null_calibration,2868,2709140761,16,5000,0.0,0.05,rbf,median,anytime,bonferroni,1,2,False,UNRESOLVED,5000,True,False,False,0.00039362499956041574,0.0,0.18209213411654696,True,True,True,False
033bca3b33922f45f83e,null_anytime,null_calibration,2869,4166123293,16,5000,0.0,0.05,rbf,median,anytime,bonferroni,1,2,False,UNRESOLVED,5000,True,False,False,0.0003933749976567924,0.0,0.18209213411654696,True,True,True,False
19b7c419fc72b6e451de,null_anytime,null_calibration,2870,721859387,16,5000,0.0,0.05,rbf,median,anytime,bonferroni,1,2,False,UNRESOLVED,5000,True,False,False,0.00039354199543595314,0.0,0.18209213411654696,True,True,True,False
0f23cc32d3f30527159b,null_anytime,null_calibration,2871,3922413050,16,5000,0.0,0.05,rbf,median,anytime,bonferroni,1,2,False,UNRESOLVED,5000,True,False,False,0.0003910830128006637,0.0,0.18209213411654696,True,True,True,False
7fdde3ab7feead02acde,null_anytime,null_calibration,2872,1050350854,16,5000,0.0,0.05,rbf,median,anytime,bonferroni,1,2,False,UNRESOLVED,5000,True,False,False,0.0003932919935323298,0.0,0.18209213411654696,True,True,True,False
16c652c7e692d88efab9,null_anytime,null_calibration,2873,981465739,16,5000,0.0,0.05,rbf,median,anytime,bonferroni,1,2,False,UNRESOLVED,5000,True,False,False,0.00040679197991266847,0.0,0.18209213411654696,True,True,True,False
31938fecdadbdcf266e5,null_anytime,null_calibration,2874,4264693683,16,5000,0.0,0.05,rbf,median,anytime,bonferroni,1,2,False,UNRESOLVED,5000,True,False,False,0.00039241695776581764,0.0,0.18209213411654696,True,True,True,False
1d6e8619287a081be943,null_anytime,null_calibration,2875,6493352,16,5000,0.0,0.05,rbf,median,anytime,bonferroni,1,2,False,UNRESOLVED,5000,True,False,False,0.0003927089856006205,0.0,0.18209213411654696,True,True,True,False
1c7c537b50a266096d71,null_anytime,null_calibration,2876,3496825645,16,5000,0.0,0.05,rbf,median,anytime,bonferroni,1,2,False,UNRESOLVED,5000,True,False,False,0.0003935829736292362,0.0,0.18209213411654696,True,True,True,False
5914ac0dea00f1019580,null_anytime,null_calibration,2877,892773506,16,5000,0.0,0.05,rbf,median,anytime,bonferroni,1,2,False,UNRESOLVED,5000,True,False,False,0.0003933330299332738,0.0,0.18209213411654696,True,True,True,False
0f2a26172e5a1597e34c,null_anytime,null_calibration,2878,1220344496,16,5000,0.0,0.05,rbf,median,anytime,bonferroni,1,2,False,UNRESOLVED,5000,True,False,False,0.0003934159758500755,0.0,0.18209213411654696,True,True,True,False
6a94cb092692545940e9,null_anytime,null_calibration,2879,1839519022,16,5000,0.0,0.05,rbf,median,anytime,bonferroni,1,2,False,UNRESOLVED,5000,True,False,False,0.00039612501859664917,0.0,0.18209213411654696,True,True,True,False
e612833381e2a6fdab42,null_anytime,null_calibration,2880,991447685,16,5000,0.0,0.05,rbf,median,anytime,bonferroni,1,2,False,UNRESOLVED,5000,True,False,False,0.00039237499004229903,0.0,0.18209213411654696,True,True,True,False
b7b67b45d46e187bfb59,null_anytime,null_calibration,2881,830204462,16,5000,0.0,0.05,rbf,median,anytime,bonferroni,1,2,False,UNRESOLVED,5000,True,False,False,0.0003921670140698552,0.0,0.18209213411654696,True,True,True,False
cd96be8eef92f3f981dd,null_anytime,null_calibration,2882,1314740178,16,5000,0.0,0.05,rbf,median,anytime,bonferroni,1,2,False,UNRESOLVED,5000,True,False,False,0.00039537501288577914,0.0,0.18209213411654696,True,True,True,False
121cbeb259452abc6db0,null_anytime,null_calibration,2883,1044727424,16,5000,0.0,0.05,rbf,median,anytime,bonferroni,1,2,False,UNRESOLVED,5000,True,False,False,0.0003923329641111195,0.0,0.18209213411654696,True,True,True,False
a4a79632792d64c86274,null_anytime,null_calibration,2884,2010697885,16,5000,0.0,0.05,rbf,median,anytime,bonferroni,1,2,False,UNRESOLVED,5000,True,False,False,0.0003926249919459224,0.0,0.18209213411654696,True,True,True,False
9e14e0a32ad66bd3517c,null_anytime,null_calibration,2885,3490693223,16,5000,0.0,0.05,rbf,median,anytime,bonferroni,1,2,False,UNRESOLVED,5000,True,False,False,0.000393458001781255,0.0,0.18209213411654696,True,True,True,False
23a012ee8831777705f5,null_anytime,null_calibration,2886,2214897369,16,5000,0.0,0.05,rbf,median,anytime,bonferroni,1,2,False,UNRESOLVED,5000,True,False,False,0.0003922499599866569,0.0,0.18209213411654696,True,True,True,False
794fb1add00b11a76a2d,null_anytime,null_calibration,2887,1200140407,16,5000,0.0,0.05,rbf,median,anytime,bonferroni,1,2,False,UNRESOLVED,5000,True,False,False,0.0003920000162906945,0.0,0.18209213411654696,True,True,True,False
568b7bce22fd49b59c8e,null_anytime,null_calibration,2888,345167865,16,5000,0.0,0.05,rbf,median,anytime,bonferroni,1,2,False,UNRESOLVED,5000,True,False,False,0.00039466703310608864,0.0,0.18209213411654696,True,True,True,False
5234eebe3591feb1086e,null_anytime,null_calibration,2889,2843735616,16,5000,0.0,0.05,rbf,median,anytime,bonferroni,1,2,False,UNRESOLVED,5000,True,False,False,0.00039291701978072524,0.0,0.18209213411654696,True,True,True,False
cf92c05545af85cb4e2f,null_anytime,null_calibration,2890,978363265,16,5000,0.0,0.05,rbf,median,anytime,bonferroni,1,2,False,UNRESOLVED,5000,True,False,False,0.0003914589760825038,0.0,0.18209213411654696,True,True,True,False
0825e028bc5b4fd78e58,null_anytime,null_calibration,2891,149805222,16,5000,0.0,0.05,rbf,median,anytime,bonferroni,1,2,False,UNRESOLVED,5000,True,False,False,0.00039237499004229903,0.0,0.18209213411654696,True,True,True,False
16dff3b80f924ed86c5f,null_anytime,null_calibration,2892,1689763952,16,5000,0.0,0.05,rbf,median,anytime,bonferroni,1,2,False,UNRESOLVED,5000,True,False,False,0.00039370800368487835,0.0,0.18209213411654696,True,True,True,False
3135d4e0b50443acde72,null_anytime,null_calibration,2893,1122534511,16,5000,0.0,0.05,rbf,median,anytime,bonferroni,1,2,False,UNRESOLVED,5000,True,False,False,0.00039195799035951495,0.0,0.18209213411654696,True,True,True,False
72efe15b29c5c52d4c1c,null_anytime,null_calibration,2894,4154610773,16,5000,0.0,0.05,rbf,median,anytime,bonferroni,1,2,False,UNRESOLVED,5000,True,False,False,0.0003915419802069664,0.0,0.18209213411654696,True,True,True,False
15101b1b10b07ac4e4d9,null_anytime,null_calibration,2895,18393517,16,5000,0.0,0.05,rbf,median,anytime,bonferroni,1,2,False,UNRESOLVED,5000,True,False,False,0.0003915420384146273,0.0,0.18209213411654696,True,True,True,False
7a78cbf89250e5c25264,null_anytime,null_calibration,2896,251497034,16,5000,0.0,0.05,rbf,median,anytime,bonferroni,1,2,False,UNRESOLVED,5000,True,False,False,0.0003920000162906945,0.0,0.18209213411654696,True,True,True,False
6a135d0a76d44c43d6ad,null_anytime,null_calibration,2897,1700476076,16,5000,0.0,0.05,rbf,median,anytime,bonferroni,1,2,False,UNRESOLVED,5000,True,False,False,0.00039258302422240376,0.0,0.18209213411654696,True,True,True,False
8dd72dd578a122e3eaf6,null_anytime,null_calibration,2898,3424769431,16,5000,0.0,0.05,rbf,median,anytime,bonferroni,1,2,False,UNRESOLVED,5000,True,False,False,0.0003922909963876009,0.0,0.18209213411654696,True,True,True,False
b93877faf8b78fbda155,null_anytime,null_calibration,2899,2045847198,16,5000,0.0,0.05,rbf,median,anytime,bonferroni,1,2,False,UNRESOLVED,5000,True,False,False,0.0003922500181943178,0.0,0.18209213411654696,True,True,True,False
dd7afedf6cf212eb23c3,null_anytime,null_calibration,2900,2852341991,16,5000,0.0,0.05,rbf,median,anytime,bonferroni,1,2,False,UNRESOLVED,5000,True,False,False,0.00039245898369699717,0.0,0.18209213411654696,True,True,True,False
422bbb17b1ac99c36919,null_anytime,null_calibration,2901,592172799,16,5000,0.0,0.05,rbf,median,anytime,bonferroni,1,2,False,UNRESOLVED,5000,True,False,False,0.00039191602263599634,0.0,0.18209213411654696,True,True,True,False
09faa5748f8614d292ce,null_anytime,null_calibration,2902,4134307570,16,5000,0.0,0.05,rbf,median,anytime,bonferroni,1,2,False,UNRESOLVED,5000,True,False,False,0.0003923329641111195,0.0,0.18209213411654696,True,True,True,False
468553ba375b05180990,null_anytime,null_calibration,2903,3820271068,16,5000,0.0,0.05,rbf,median,anytime,bonferroni,1,2,False,UNRESOLVED,5000,True,False,False,0.0005290830158628523,0.0,0.18209213411654696,True,True,True,False
b6755fb3bf52c4e1ddee,null_anytime,null_calibration,2904,3262369876,16,5000,0.0,0.05,rbf,median,anytime,bonferroni,1,2,False,UNRESOLVED,5000,True,False,False,0.0006300000241026282,0.0,0.18209213411654696,True,True,True,False
b1c5899161bc712cb9b4,null_anytime,null_calibration,2905,3335414985,16,5000,0.0,0.05,rbf,median,anytime,bonferroni,1,2,False,UNRESOLVED,5000,True,False,False,0.0005688749952241778,0.0,0.18209213411654696,True,True,True,False
f22306c8146383d7a412,null_anytime,null_calibration,2906,853501711,16,5000,0.0,0.05,rbf,median,anytime,bonferroni,1,2,False,UNRESOLVED,5000,True,False,False,0.0005879579694010317,0.0,0.18209213411654696,True,True,True,False
ce8f0a021238fb489836,null_anytime,null_calibration,2907,457867138,16,5000,0.0,0.05,rbf,median,anytime,bonferroni,1,2,False,UNRESOLVED,5000,True,False,False,0.0006462499732151628,0.0,0.18209213411654696,True,True,True,False
e06441065be08017122e,null_anytime,null_calibration,2908,4044158284,16,5000,0.0,0.05,rbf,median,anytime,bonferroni,1,2,False,UNRESOLVED,5000,True,False,False,0.0005579169956035912,0.0,0.18209213411654696,True,True,True,False
4d4fd9c24e2588731e71,null_anytime,null_calibration,2909,1470737358,16,5000,0.0,0.05,rbf,median,anytime,bonferroni,1,2,False,UNRESOLVED,5000,True,False,False,0.0005475000361911952,0.0,0.18209213411654696,True,True,True,False
5ce24b4a95e6442dd46a,null_anytime,null_calibration,2910,900133392,16,5000,0.0,0.05,rbf,median,anytime,bonferroni,1,2,False,UNRESOLVED,5000,True,False,False,0.0005450420430861413,0.0,0.18209213411654696,True,True,True,False
9c01a5bb4b33a343ef04,null_anytime,null_calibration,2911,1385518407,16,5000,0.0,0.05,rbf,median,anytime,bonferroni,1,2,False,UNRESOLVED,5000,True,False,False,0.0005441670073196292,0.0,0.18209213411654696,True,True,True,False
0f27372b2934294aa2bc,null_anytime,null_calibration,2912,280590839,16,5000,0.0,0.05,rbf,median,anytime,bonferroni,1,2,False,UNRESOLVED,5000,True,False,False,0.0005454170168377459,0.0,0.18209213411654696,True,True,True,False
c08ca619c0b608501b39,null_anytime,null_calibration,2913,41521691,16,5000,0.0,0.05,rbf,median,anytime,bonferroni,1,2,False,UNRESOLVED,5000,True,False,False,0.0005478339735418558,0.0,0.18209213411654696,True,True,True,False
cda2a6638cf330d592d5,null_anytime,null_calibration,2914,1823150967,16,5000,0.0,0.05,rbf,median,anytime,bonferroni,1,2,False,UNRESOLVED,5000,True,False,False,0.0005445420392788947,0.0,0.18209213411654696,True,True,True,False
3e1171cd3e472e772dea,null_anytime,null_calibration,2915,1191909064,16,5000,0.0,0.05,rbf,median,anytime,bonferroni,1,2,False,UNRESOLVED,5000,True,False,False,0.0005457499646581709,0.0,0.18209213411654696,True,True,True,False
547fbefab3cc6da33408,null_anytime,null_calibration,2916,2156368094,16,5000,0.0,0.05,rbf,median,anytime,bonferroni,1,2,False,UNRESOLVED,5000,True,False,False,0.0005472920020110905,0.0,0.18209213411654696,True,True,True,False
a0c03ff8d1058724d8b4,null_anytime,null_calibration,2917,1686392708,16,5000,0.0,0.05,rbf,median,anytime,bonferroni,1,2,False,UNRESOLVED,5000,True,False,False,0.0005453329649753869,0.0,0.18209213411654696,True,True,True,False
d8a02d199c526b5d8f42,null_anytime,null_calibration,2918,624519622,16,5000,0.0,0.05,rbf,median,anytime,bonferroni,1,2,False,UNRESOLVED,5000,True,False,False,0.0005519170081242919,0.0,0.18209213411654696,True,True,True,False
a6f49844946e8eabb5da,null_anytime,null_calibration,2919,2815073051,16,5000,0.0,0.05,rbf,median,anytime,bonferroni,1,2,False,UNRESOLVED,5000,True,False,False,0.0005487909656949341,0.0,0.18209213411654696,True,True,True,False
4c81b8b0ab8ffa8f88c6,null_anytime,null_calibration,2920,225182265,16,5000,0.0,0.05,rbf,median,anytime,bonferroni,1,2,False,UNRESOLVED,5000,True,False,False,0.00048512499779462814,0.0,0.18209213411654696,True,True,True,False
8a0c2903022ba10e3b79,null_anytime,null_calibration,2921,195343558,16,5000,0.0,0.05,rbf,median,anytime,bonferroni,1,2,False,UNRESOLVED,5000,True,False,False,0.00040912500116974115,0.0,0.18209213411654696,True,True,True,False
69321973b521f0a6cb0a,null_anytime,null_calibration,2922,326442193,16,5000,0.0,0.05,rbf,median,anytime,bonferroni,1,2,False,UNRESOLVED,5000,True,False,False,0.00039966602344065905,0.0,0.18209213411654696,True,True,True,False
8895f6be9caf51db4a34,null_anytime,null_calibration,2923,1823514535,16,5000,0.0,0.05,rbf,median,anytime,bonferroni,1,2,False,UNRESOLVED,5000,True,False,False,0.0003979169996455312,0.0,0.18209213411654696,True,True,True,False
2dfcec59dd11601fc4d8,null_anytime,null_calibration,2924,3879242211,16,5000,0.0,0.05,rbf,median,anytime,bonferroni,1,2,False,UNRESOLVED,5000,True,False,False,0.00039375002961605787,0.0,0.18209213411654696,True,True,True,False
e9279f5071d1ad02abf8,null_anytime,null_calibration,2925,2298361911,16,5000,0.0,0.05,rbf,median,anytime,bonferroni,1,2,False,UNRESOLVED,5000,True,False,False,0.00039350002771243453,0.0,0.18209213411654696,True,True,True,False
2de9f8246a3611a5ed07,null_anytime,null_calibration,2926,2527236650,16,5000,0.0,0.05,rbf,median,anytime,bonferroni,1,2,False,UNRESOLVED,5000,True,False,False,0.00039179198211058974,0.0,0.18209213411654696,True,True,True,False
a1949ea5a9c4800d3c88,null_anytime,null_calibration,2927,416950683,16,5000,0.0,0.05,rbf,median,anytime,bonferroni,1,2,False,UNRESOLVED,5000,True,False,False,0.00039362499956041574,0.0,0.18209213411654696,True,True,True,False
35297a45093d9e0be5f6,null_anytime,null_calibration,2928,336303067,16,5000,0.0,0.05,rbf,median,anytime,bonferroni,1,2,False,UNRESOLVED,5000,True,False,False,0.0003939999733120203,0.0,0.18209213411654696,True,True,True,False
62314918a865a65d08f0,null_anytime,null_calibration,2929,96243773,16,5000,0.0,0.05,rbf,median,anytime,bonferroni,1,2,False,UNRESOLVED,5000,True,False,False,0.0003945830394513905,0.0,0.18209213411654696,True,True,True,False
04d2aa2f233522019c17,null_anytime,null_calibration,2930,801109530,16,5000,0.0,0.05,rbf,median,anytime,bonferroni,1,2,False,UNRESOLVED,5000,True,False,False,0.0003937919973395765,0.0,0.18209213411654696,True,True,True,False
ac1cd11ce973375f61e7,null_anytime,null_calibration,2931,3695332746,16,5000,0.0,0.05,rbf,median,anytime,bonferroni,1,2,False,UNRESOLVED,5000,True,False,False,0.00039308302802965045,0.0,0.18209213411654696,True,True,True,False
504ccb5524da978093cc,null_anytime,null_calibration,2932,2704423580,16,5000,0.0,0.05,rbf,median,anytime,bonferroni,1,2,False,UNRESOLVED,5000,True,False,False,0.0003928749938495457,0.0,0.18209213411654696,True,True,True,False
68bc93abb6b864d66b30,null_anytime,null_calibration,2933,2297972282,16,5000,0.0,0.05,rbf,median,anytime,bonferroni,1,2,False,UNRESOLVED,5000,True,False,False,0.00039350002771243453,0.0,0.18209213411654696,True,True,True,False
2c12a32e2169d21cd44e,null_anytime,null_calibration,2934,124721647,16,5000,0.0,0.05,rbf,median,anytime,bonferroni,1,2,False,UNRESOLVED,5000,True,False,False,0.0003920000162906945,0.0,0.18209213411654696,True,True,True,False
1d3792e2f1f93b4e2ae1,null_anytime,null_calibration,2935,3930926078,16,5000,0.0,0.05,rbf,median,anytime,bonferroni,1,2,False,UNRESOLVED,5000,True,False,False,0.00039083301089704037,0.0,0.18209213411654696,True,True,True,False
f95d2d5be58cbae3b3af,null_anytime,null_calibration,2936,3828932469,16,5000,0.0,0.05,rbf,median,anytime,bonferroni,1,2,False,UNRESOLVED,5000,True,False,False,0.0003927500220015645,0.0,0.18209213411654696,True,True,True,False
53a5f2f61dab6d66c250,null_anytime,null_calibration,2937,2677606895,16,5000,0.0,0.05,rbf,median,anytime,bonferroni,1,2,False,UNRESOLVED,5000,True,False,False,0.0003917909925803542,0.0,0.18209213411654696,True,True,True,False
069f31b06bbbbb6f0445,null_anytime,null_calibration,2938,2429280490,16,5000,0.0,0.05,rbf,median,anytime,bonferroni,1,2,False,UNRESOLVED,5000,True,False,False,0.00039183400804176927,0.0,0.18209213411654696,True,True,True,False
f339fba86b6a938c65cd,null_anytime,null_calibration,2939,2703684406,16,5000,0.0,0.05,rbf,median,anytime,bonferroni,1,2,False,UNRESOLVED,5000,True,False,False,0.0003923330223187804,0.0,0.18209213411654696,True,True,True,False
6797a7204800c1cbfea4,null_anytime,null_calibration,2940,1076213111,16,5000,0.0,0.05,rbf,median,anytime,bonferroni,1,2,False,UNRESOLVED,5000,True,False,False,0.00039300002390518785,0.0,0.18209213411654696,True,True,True,False
daf6bd76db2af1cd3c63,null_anytime,null_calibration,2941,1844754582,16,5000,0.0,0.05,rbf,median,anytime,bonferroni,1,2,False,UNRESOLVED,5000,True,False,False,0.0003964169882237911,0.0,0.18209213411654696,True,True,True,False
e537a8b7c7923a029ee2,null_anytime,null_calibration,2942,2290642732,16,5000,0.0,0.05,rbf,median,anytime,bonferroni,1,2,False,UNRESOLVED,5000,True,False,False,0.00039549998473376036,0.0,0.18209213411654696,True,True,True,False
ddd4f8742e32997d0bc8,null_anytime,null_calibration,2943,373417493,16,5000,0.0,0.05,rbf,median,anytime,bonferroni,1,2,False,UNRESOLVED,5000,True,False,False,0.00039441598346456885,0.0,0.18209213411654696,True,True,True,False
78f3ac32a26f9cb07a42,null_anytime,null_calibration,2944,3579203645,16,5000,0.0,0.05,rbf,median,anytime,bonferroni,1,2,False,UNRESOLVED,5000,True,False,False,0.00039474997902289033,0.0,0.18209213411654696,True,True,True,False
7a4a971e23bfa8a13346,null_anytime,null_calibration,2945,3424804541,16,5000,0.0,0.05,rbf,median,anytime,bonferroni,1,2,False,UNRESOLVED,5000,True,False,False,0.0003957909648306668,0.0,0.18209213411654696,True,True,True,False
4170aa63144ab99aaaed,null_anytime,null_calibration,2946,2520613048,16,5000,0.0,0.05,rbf,median,anytime,bonferroni,1,2,False,UNRESOLVED,5000,True,False,False,0.0003934999695047736,0.0,0.18209213411654696,True,True,True,False
f1ca73ea8630551c3eb1,null_anytime,null_calibration,2947,776179626,16,5000,0.0,0.05,rbf,median,anytime,bonferroni,1,2,False,UNRESOLVED,5000,True,False,False,0.00039537501288577914,0.0,0.18209213411654696,True,True,True,False
0016c6c50fde037ec1f4,null_anytime,null_calibration,2948,1764110337,16,5000,0.0,0.05,rbf,median,anytime,bonferroni,1,2,False,UNRESOLVED,5000,True,False,False,0.00040245900163426995,0.0,0.18209213411654696,True,True,True,False
860e7ddd61a185a8914b,null_anytime,null_calibration,2949,95491225,16,5000,0.0,0.05,rbf,median,anytime,bonferroni,1,2,False,UNRESOLVED,5000,True,False,False,0.0003937919973395765,0.0,0.18209213411654696,True,True,True,False
d38d145d6fc805741ea4,null_anytime,null_calibration,2950,1734358082,16,5000,0.0,0.05,rbf,median,anytime,bonferroni,1,2,False,UNRESOLVED,5000,True,False,False,0.00039437500527128577,0.0,0.18209213411654696,True,True,True,False
876df98dda55fef0abdd,null_anytime,null_calibration,2951,2516759454,16,5000,0.0,0.05,rbf,median,anytime,bonferroni,1,2,False,UNRESOLVED,5000,True,False,False,0.0003944580093957484,0.0,0.18209213411654696,True,True,True,False
82f277b4531f56df9fb5,null_anytime,null_calibration,2952,2025580045,16,5000,0.0,0.05,rbf,median,anytime,bonferroni,1,2,False,UNRESOLVED,5000,True,False,False,0.0003935409476980567,0.0,0.18209213411654696,True,True,True,False
c33d42def2fef441f4e6,null_anytime,null_calibration,2953,2069042386,16,5000,0.0,0.05,rbf,median,anytime,bonferroni,1,2,False,UNRESOLVED,5000,True,False,False,0.00039358303183689713,0.0,0.18209213411654696,True,True,True,False
448946ae57fa6e8dbcb2,null_anytime,null_calibration,2954,1206445101,16,5000,0.0,0.05,rbf,median,anytime,bonferroni,1,2,False,UNRESOLVED,5000,True,False,False,0.00039383297553285956,0.0,0.18209213411654696,True,True,True,False
0e681c24c42b2e279f4f,null_anytime,null_calibration,2955,3310237648,16,5000,0.0,0.05,rbf,median,anytime,bonferroni,1,2,False,UNRESOLVED,5000,True,False,False,0.0003933749976567924,0.0,0.18209213411654696,True,True,True,False
ae36ec2a1f3f2dc29f85,null_anytime,null_calibration,2956,4138474373,16,5000,0.0,0.05,rbf,median,anytime,bonferroni,1,2,False,UNRESOLVED,5000,True,False,False,0.00039412500336766243,0.0,0.18209213411654696,True,True,True,False
5078f71cc5b19b5635f6,null_anytime,null_calibration,2957,793336953,16,5000,0.0,0.05,rbf,median,anytime,bonferroni,1,2,False,UNRESOLVED,5000,True,False,False,0.0003915830166079104,0.0,0.18209213411654696,True,True,True,False
31dfb8562dd0fa83bbb8,null_anytime,null_calibration,2958,3791612998,16,5000,0.0,0.05,rbf,median,anytime,bonferroni,1,2,False,UNRESOLVED,5000,True,False,False,0.0003922499599866569,0.0,0.18209213411654696,True,True,True,False
3edd343f022ef73d4fb2,null_anytime,null_calibration,2959,2104627717,16,5000,0.0,0.05,rbf,median,anytime,bonferroni,1,2,False,UNRESOLVED,5000,True,False,False,0.0003940830356441438,0.0,0.18209213411654696,True,True,True,False
4cad5e0ccf5b56c2407c,null_anytime,null_calibration,2960,2956856728,16,5000,0.0,0.05,rbf,median,anytime,bonferroni,1,2,False,UNRESOLVED,5000,True,False,False,0.00039312499575316906,0.0,0.18209213411654696,True,True,True,False
0314720ebc1b3db4098f,null_anytime,null_calibration,2961,888296539,16,5000,0.0,0.05,rbf,median,anytime,bonferroni,1,2,False,UNRESOLVED,5000,True,False,False,0.00039475003723055124,0.0,0.18209213411654696,True,True,True,False
3e6cdc60a002bc5f2867,null_anytime,null_calibration,2962,3332221716,16,5000,0.0,0.05,rbf,median,anytime,bonferroni,1,2,False,UNRESOLVED,5000,True,False,False,0.0003928749938495457,0.0,0.18209213411654696,True,True,True,False
274604f8a2877c29bec6,null_anytime,null_calibration,2963,772267328,16,5000,0.0,0.05,rbf,median,anytime,bonferroni,1,2,False,UNRESOLVED,5000,True,False,False,0.0003970409743487835,0.0,0.18209213411654696,True,True,True,False
75309dee8c07f0fb1dd1,null_anytime,null_calibration,2964,1788688209,16,5000,0.0,0.05,rbf,median,anytime,bonferroni,1,2,False,UNRESOLVED,5000,True,False,False,0.00039320799987763166,0.0,0.18209213411654696,True,True,True,False
263c54600b4496456aa0,null_anytime,null_calibration,2965,1984254836,16,5000,0.0,0.05,rbf,median,anytime,bonferroni,1,2,False,UNRESOLVED,5000,True,False,False,0.00039312499575316906,0.0,0.18209213411654696,True,True,True,False
3bcbe553eec5fe6bbd79,null_anytime,null_calibration,2966,266258121,16,5000,0.0,0.05,rbf,median,anytime,bonferroni,1,2,False,UNRESOLVED,5000,True,False,False,0.0003957090084441006,0.0,0.18209213411654696,True,True,True,False
9d564e44c435e80b519a,null_anytime,null_calibration,2967,1555343115,16,5000,0.0,0.05,rbf,median,anytime,bonferroni,1,2,False,UNRESOLVED,5000,True,False,False,0.00039358402136713266,0.0,0.18209213411654696,True,True,True,False
e8ac70ca1b0c1910db5d,null_anytime,null_calibration,2968,2312823328,16,5000,0.0,0.05,rbf,median,anytime,bonferroni,1,2,False,UNRESOLVED,5000,True,False,False,0.0003956669825129211,0.0,0.18209213411654696,True,True,True,False
50655af94e89dfeaa97a,null_anytime,null_calibration,2969,2919400584,16,5000,0.0,0.05,rbf,median,anytime,bonferroni,1,2,False,UNRESOLVED,5000,True,False,False,0.000392707996070385,0.0,0.18209213411654696,True,True,True,False
35dd6a00f4973a3c3d7c,null_anytime,null_calibration,2970,3167489878,16,5000,0.0,0.05,rbf,median,anytime,bonferroni,1,2,False,UNRESOLVED,5000,True,False,False,0.00039229198591783643,0.0,0.18209213411654696,True,True,True,False
8a64a4565b1a040b25e8,null_anytime,null_calibration,2971,1256323603,16,5000,0.0,0.05,rbf,median,anytime,bonferroni,1,2,False,UNRESOLVED,5000,True,False,False,0.00039250002009794116,0.0,0.18209213411654696,True,True,True,False
8ecbaf423854b3ae5ba0,null_anytime,null_calibration,2972,514169376,16,5000,0.0,0.05,rbf,median,anytime,bonferroni,1,2,False,UNRESOLVED,5000,True,False,False,0.0003903749748133123,0.0,0.18209213411654696,True,True,True,False
cdb881d77fae8a5a5b73,null_anytime,null_calibration,2973,3430909464,16,5000,0.0,0.05,rbf,median,anytime,bonferroni,1,2,False,UNRESOLVED,5000,True,False,False,0.0003914170083589852,0.0,0.18209213411654696,True,True,True,False
c521a3de08675275cdce,null_anytime,null_calibration,2974,1872734218,16,5000,0.0,0.05,rbf,median,anytime,bonferroni,1,2,False,UNRESOLVED,5000,True,False,False,0.00039249996189028025,0.0,0.18209213411654696,True,True,True,False
369c79c82f6808f29b15,null_anytime,null_calibration,2975,143943323,16,5000,0.0,0.05,rbf,median,anytime,bonferroni,1,2,False,UNRESOLVED,5000,True,False,False,0.00039137498242780566,0.0,0.18209213411654696,True,True,True,False
ca5f42d3301f3fdc59ef,null_anytime,null_calibration,2976,571530471,16,5000,0.0,0.05,rbf,median,anytime,bonferroni,1,2,False,UNRESOLVED,5000,True,False,False,0.0003916669520549476,0.0,0.18209213411654696,True,True,True,False
b57aa328971cd031d937,null_anytime,null_calibration,2977,3474729337,16,5000,0.0,0.05,rbf,median,anytime,bonferroni,1,2,False,UNRESOLVED,5000,True,False,False,0.00039354199543595314,0.0,0.18209213411654696,True,True,True,False
894c1a5b0fe9125cf702,null_anytime,null_calibration,2978,3020787520,16,5000,0.0,0.05,rbf,median,anytime,bonferroni,1,2,False,UNRESOLVED,5000,True,False,False,0.00039254099829122424,0.0,0.18209213411654696,True,True,True,False
492c4ff8be5411a4aeef,null_anytime,null_calibration,2979,4287728116,16,5000,0.0,0.05,rbf,median,anytime,bonferroni,1,2,False,UNRESOLVED,5000,True,False,False,0.00039283401565626264,0.0,0.18209213411654696,True,True,True,False
1adb7c2810c109ec0a2a,null_anytime,null_calibration,2980,886191306,16,5000,0.0,0.05,rbf,median,anytime,bonferroni,1,2,False,UNRESOLVED,5000,True,False,False,0.00039187498623505235,0.0,0.18209213411654696,True,True,True,False
31fdae575b5d40ad0e03,null_anytime,null_calibration,2981,3138022386,16,5000,0.0,0.05,rbf,median,anytime,bonferroni,1,2,False,UNRESOLVED,5000,True,False,False,0.000391583947930485,0.0,0.18209213411654696,True,True,True,False
a2a30473239f7bd81ffe,null_anytime,null_calibration,2982,2419905620,16,5000,0.0,0.05,rbf,median,anytime,bonferroni,1,2,False,UNRESOLVED,5000,True,False,False,0.000392666959669441,0.0,0.18209213411654696,True,True,True,False
82d0f993da7fc4842ac7,null_anytime,null_calibration,2983,3767416184,16,5000,0.0,0.05,rbf,median,anytime,bonferroni,1,2,False,UNRESOLVED,5000,True,False,False,0.0003921670140698552,0.0,0.18209213411654696,True,True,True,False
cfb8d91569a933c2f4c1,null_anytime,null_calibration,2984,2725765290,16,5000,0.0,0.05,rbf,median,anytime,bonferroni,1,2,False,UNRESOLVED,5000,True,False,False,0.00039670796832069755,0.0,0.18209213411654696,True,True,True,False
04f0c56b1bb2390c7457,null_anytime,null_calibration,2985,3305456955,16,5000,0.0,0.05,rbf,median,anytime,bonferroni,1,2,False,UNRESOLVED,5000,True,False,False,0.00039299996569752693,0.0,0.18209213411654696,True,True,True,False
fdcfb936217194c444e9,null_anytime,null_calibration,2986,3677571761,16,5000,0.0,0.05,rbf,median,anytime,bonferroni,1,2,False,UNRESOLVED,5000,True,False,False,0.00039291701978072524,0.0,0.18209213411654696,True,True,True,False
e9e245a30606fed56e8b,null_anytime,null_calibration,2987,2924057851,16,5000,0.0,0.05,rbf,median,anytime,bonferroni,1,2,False,UNRESOLVED,5000,True,False,False,0.0003926249919459224,0.0,0.18209213411654696,True,True,True,False
f5c320392ad6aaa2e6de,null_anytime,null_calibration,2988,3959372929,16,5000,0.0,0.05,rbf,median,anytime,bonferroni,1,2,False,UNRESOLVED,5000,True,False,False,0.00040658400394022465,0.0,0.18209213411654696,True,True,True,False
7e6dc946cbfeec370b31,null_anytime,null_calibration,2989,1472668271,16,5000,0.0,0.05,rbf,median,anytime,bonferroni,1,2,False,UNRESOLVED,5000,True,False,False,0.0003933330299332738,0.0,0.18209213411654696,True,True,True,False
d7ddc0098f7219b70146,null_anytime,null_calibration,2990,2998090157,16,5000,0.0,0.05,rbf,median,anytime,bonferroni,1,2,False,UNRESOLVED,5000,True,False,False,0.0003928749938495457,0.0,0.18209213411654696,True,True,True,False
c248e3e807e098acf270,null_anytime,null_calibration,2991,2842446364,16,5000,0.0,0.05,rbf,median,anytime,bonferroni,1,2,False,UNRESOLVED,5000,True,False,False,0.0003930410020984709,0.0,0.18209213411654696,True,True,True,False
70f43bc5e86ace84f942,null_anytime,null_calibration,2992,2799225816,16,5000,0.0,0.05,rbf,median,anytime,bonferroni,1,2,False,UNRESOLVED,5000,True,False,False,0.00039358303183689713,0.0,0.18209213411654696,True,True,True,False
c011469a79c2ef88f6cd,null_anytime,null_calibration,2993,2190547610,16,5000,0.0,0.05,rbf,median,anytime,bonferroni,1,2,False,UNRESOLVED,5000,True,False,False,0.00039454095531255007,0.0,0.18209213411654696,True,True,True,False
20becfdd3f95a1c3d580,null_anytime,null_calibration,2994,1039145496,16,5000,0.0,0.05,rbf,median,anytime,bonferroni,1,2,False,UNRESOLVED,5000,True,False,False,0.000392707996070385,0.0,0.18209213411654696,True,True,True,False
ce951436ed9338db1588,null_anytime,null_calibration,2995,3409150991,16,5000,0.0,0.05,rbf,median,anytime,bonferroni,1,2,False,UNRESOLVED,5000,True,False,False,0.00039187498623505235,0.0,0.18209213411654696,True,True,True,False
adf8fbef53d424e4f760,null_anytime,null_calibration,2996,1513150482,16,5000,0.0,0.05,rbf,median,anytime,bonferroni,1,2,False,UNRESOLVED,5000,True,False,False,0.0003927089856006205,0.0,0.18209213411654696,True,True,True,False
375f39fea7fca6865026,null_anytime,null_calibration,2997,2854321929,16,5000,0.0,0.05,rbf,median,anytime,bonferroni,1,2,False,UNRESOLVED,5000,True,False,False,0.00039408402517437935,0.0,0.18209213411654696,True,True,True,False
0ada4c8e8f7fe43a450a,null_anytime,null_calibration,2998,167088923,16,5000,0.0,0.05,rbf,median,anytime,bonferroni,1,2,False,UNRESOLVED,5000,True,False,False,0.0003940829774364829,0.0,0.18209213411654696,True,True,True,False
ccb86b7ab1147f205cbd,null_anytime,null_calibration,2999,27717273,16,5000,0.0,0.05,rbf,median,anytime,bonferroni,1,2,False,UNRESOLVED,5000,True,False,False,0.0003931670216843486,0.0,0.18209213411654696,True,True,True,False
4e00416017ef408d4d8a,null_anytime,null_calibration,3000,1024152501,16,5000,0.0,0.05,rbf,median,anytime,bonferroni,1,2,False,UNRESOLVED,5000,True,False,False,0.0003915419802069664,0.0,0.18209213411654696,True,True,True,False
797a88244a84d5769aac,null_anytime,null_calibration,3001,2784998072,16,5000,0.0,0.05,rbf,median,anytime,bonferroni,1,2,False,UNRESOLVED,5000,True,False,False,0.00039308302802965045,0.0,0.18209213411654696,True,True,True,False
15c463ffffbd86f0b5dd,null_anytime,null_calibration,3002,2102308772,16,5000,0.0,0.05,rbf,median,anytime,bonferroni,1,2,False,UNRESOLVED,5000,True,False,False,0.0003940000315196812,0.0,0.18209213411654696,True,True,True,False
42914e54a1ec4b9c371e,null_anytime,null_calibration,3003,1806210135,16,5000,0.0,0.05,rbf,median,anytime,bonferroni,1,2,False,UNRESOLVED,5000,True,False,False,0.0003937919973395765,0.0,0.18209213411654696,True,True,True,False
5cfb526a018aed60cab1,null_anytime,null_calibration,3004,2187727349,16,5000,0.0,0.05,rbf,median,anytime,bonferroni,1,2,False,UNRESOLVED,5000,True,False,False,0.0003935829736292362,0.0,0.18209213411654696,True,True,True,False
a9ca7f0c2510494502e0,null_anytime,null_calibration,3005,791814550,16,5000,0.0,0.05,rbf,median,anytime,bonferroni,1,2,False,UNRESOLVED,5000,True,False,False,0.00039795797783881426,0.0,0.18209213411654696,True,True,True,False
896e83acbb438711b147,null_anytime,null_calibration,3006,1775029676,16,5000,0.0,0.05,rbf,median,anytime,bonferroni,1,2,False,UNRESOLVED,5000,True,False,False,0.00039329100400209427,0.0,0.18209213411654696,True,True,True,False
a98f0b79ff090f14633c,null_anytime,null_calibration,3007,1709477335,16,5000,0.0,0.05,rbf,median,anytime,bonferroni,1,2,False,UNRESOLVED,5000,True,False,False,0.0003934170235879719,0.0,0.18209213411654696,True,True,True,False
6aac7235e6d0686b44a7,null_anytime,null_calibration,3008,3420298113,16,5000,0.0,0.05,rbf,median,anytime,bonferroni,1,2,False,UNRESOLVED,5000,True,False,False,0.0003934999695047736,0.0,0.18209213411654696,True,True,True,False
17656976b58a50f9283a,null_anytime,null_calibration,3009,2130847696,16,5000,0.0,0.05,rbf,median,anytime,bonferroni,1,2,False,UNRESOLVED,5000,True,False,False,0.00039420800749212503,0.0,0.18209213411654696,True,True,True,False
b79db8a5b5e937270095,null_anytime,null_calibration,3010,3407453427,16,5000,0.0,0.05,rbf,median,anytime,bonferroni,1,2,False,UNRESOLVED,5000,True,False,False,0.0003937919973395765,0.0,0.18209213411654696,True,True,True,False
b1a7ed05ae00a39a18b2,null_anytime,null_calibration,3011,1786799343,16,5000,0.0,0.05,rbf,median,anytime,bonferroni,1,2,False,UNRESOLVED,5000,True,False,False,0.0003927499637939036,0.0,0.18209213411654696,True,True,True,False
4b0c0cb193942c56e32c,null_anytime,null_calibration,3012,2879211450,16,5000,0.0,0.05,rbf,median,anytime,bonferroni,1,2,False,UNRESOLVED,5000,True,False,False,0.00039120804285630584,0.0,0.18209213411654696,True,True,True,False
85f22fee53accf039a29,null_anytime,null_calibration,3013,1837813702,16,5000,0.0,0.05,rbf,median,anytime,bonferroni,1,2,False,UNRESOLVED,5000,True,False,False,0.00039304199162870646,0.0,0.18209213411654696,True,True,True,False
7683482a3ea7a5b60a77,null_anytime,null_calibration,3014,492989163,16,5000,0.0,0.05,rbf,median,anytime,bonferroni,1,2,False,UNRESOLVED,5000,True,False,False,0.0003940000315196812,0.0,0.18209213411654696,True,True,True,False
a74f0a0e91d3e362e3c2,null_anytime,null_calibration,3015,2566059337,16,5000,0.0,0.05,rbf,median,anytime,bonferroni,1,2,False,UNRESOLVED,5000,True,False,False,0.0003939580055885017,0.0,0.18209213411654696,True,True,True,False
0b7cab17b79b91351209,null_anytime,null_calibration,3016,2032914020,16,5000,0.0,0.05,rbf,median,anytime,bonferroni,1,2,False,UNRESOLVED,5000,True,False,False,0.00039316603215411305,0.0,0.18209213411654696,True,True,True,False
c3c933e7acf463e44fdf,null_anytime,null_calibration,3017,529648660,16,5000,0.0,0.05,rbf,median,anytime,bonferroni,1,2,False,UNRESOLVED,5000,True,False,False,0.00039658299647271633,0.0,0.18209213411654696,True,True,True,False
5decc46e94d575e185d2,null_anytime,null_calibration,3018,227082252,16,5000,0.0,0.05,rbf,median,anytime,bonferroni,1,2,False,UNRESOLVED,5000,True,False,False,0.0003934170235879719,0.0,0.18209213411654696,True,True,True,False
c2c0ce9239fb65d6790d,null_anytime,null_calibration,3019,199293868,16,5000,0.0,0.05,rbf,median,anytime,bonferroni,1,2,False,UNRESOLVED,5000,True,False,False,0.0003927919897250831,0.0,0.18209213411654696,True,True,True,False
38c6ef49d8c0b7ede715,null_anytime,null_calibration,3020,1609671619,16,5000,0.0,0.05,rbf,median,anytime,bonferroni,1,2,False,UNRESOLVED,5000,True,False,False,0.00039424997521564364,0.0,0.18209213411654696,True,True,True,False
847cfecfa052b8881931,null_anytime,null_calibration,3021,3801268326,16,5000,0.0,0.05,rbf,median,anytime,bonferroni,1,2,False,UNRESOLVED,5000,True,False,False,0.0003915830166079104,0.0,0.18209213411654696,True,True,True,False
61c334040dbec3bc3009,null_anytime,null_calibration,3022,659989646,16,5000,0.0,0.05,rbf,median,anytime,bonferroni,1,2,False,UNRESOLVED,5000,True,False,False,0.0007409170502796769,0.0,0.18209213411654696,True,True,True,False
d2b06eea5acf830ef23b,null_anytime,null_calibration,3023,2962341443,16,5000,0.0,0.05,rbf,median,anytime,bonferroni,1,2,False,UNRESOLVED,5000,True,False,False,0.0006270839949138463,0.0,0.18209213411654696,True,True,True,False
96073b84ad9f83d64edc,null_anytime,null_calibration,3024,262204714,16,5000,0.0,0.05,rbf,median,anytime,bonferroni,1,2,False,UNRESOLVED,5000,True,False,False,0.0005683329654857516,0.0,0.18209213411654696,True,True,True,False
8851e846ad77dd7cf8a6,null_anytime,null_calibration,3025,4109107692,16,5000,0.0,0.05,rbf,median,anytime,bonferroni,1,2,False,UNRESOLVED,5000,True,False,False,0.00055779202375561,0.0,0.18209213411654696,True,True,True,False
680c887623371ca39474,null_anytime,null_calibration,3026,447158736,16,5000,0.0,0.05,rbf,median,anytime,bonferroni,1,2,False,UNRESOLVED,5000,True,False,False,0.0005506669986061752,0.0,0.18209213411654696,True,True,True,False
6c9eaf218680cef33346,null_anytime,null_calibration,3027,743535211,16,5000,0.0,0.05,rbf,median,anytime,bonferroni,1,2,False,UNRESOLVED,5000,True,False,False,0.0005463340203277767,0.0,0.18209213411654696,True,True,True,False
29bf2fb99cf1c3593058,null_anytime,null_calibration,3028,4120674310,16,5000,0.0,0.05,rbf,median,anytime,bonferroni,1,2,False,UNRESOLVED,5000,True,False,False,0.0005479579558596015,0.0,0.18209213411654696,True,True,True,False
17b2567ce38e586d83f8,null_anytime,null_calibration,3029,9531546,16,5000,0.0,0.05,rbf,median,anytime,bonferroni,1,2,False,UNRESOLVED,5000,True,False,False,0.0005455409991554916,0.0,0.18209213411654696,True,True,True,False
6e59b1180caed26812e7,null_anytime,null_calibration,3030,3857737780,16,5000,0.0,0.05,rbf,median,anytime,bonferroni,1,2,False,UNRESOLVED,5000,True,False,False,0.0005436659557744861,0.0,0.18209213411654696,True,True,True,False
bb03632075fb6677e302,null_anytime,null_calibration,3031,3878516498,16,5000,0.0,0.05,rbf,median,anytime,bonferroni,1,2,False,UNRESOLVED,5000,True,False,False,0.0005449159652926028,0.0,0.18209213411654696,True,True,True,False
8bb55c679dd31a8d197d,null_anytime,null_calibration,3032,879255052,16,5000,0.0,0.05,rbf,median,anytime,bonferroni,1,2,False,UNRESOLVED,5000,True,False,False,0.0005452079931274056,0.0,0.18209213411654696,True,True,True,False
7170638e52649d538948,null_anytime,null_calibration,3033,559360257,16,5000,0.0,0.05,rbf,median,anytime,bonferroni,1,2,False,UNRESOLVED,5000,True,False,False,0.0005574999959208071,0.0,0.18209213411654696,True,True,True,False
64241b0f63712a470970,null_anytime,null_calibration,3034,2969963855,16,5000,0.0,0.05,rbf,median,anytime,bonferroni,1,2,False,UNRESOLVED,5000,True,False,False,0.0005593749810941517,0.0,0.18209213411654696,True,True,True,False
83f8724ea8fe049e6323,null_anytime,null_calibration,3035,835871064,16,5000,0.0,0.05,rbf,median,anytime,bonferroni,1,2,False,UNRESOLVED,5000,True,False,False,0.0005924169672653079,0.0,0.18209213411654696,True,True,True,False
ff6b82bb67b2ae90c901,null_anytime,null_calibration,3036,2565788563,16,5000,0.0,0.05,rbf,median,anytime,bonferroni,1,2,False,UNRESOLVED,5000,True,False,False,0.0006212090374901891,0.0,0.18209213411654696,True,True,True,False
91e4afaf6ed1cc2f0fe2,null_anytime,null_calibration,3037,1733190791,16,5000,0.0,0.05,rbf,median,anytime,bonferroni,1,2,False,UNRESOLVED,5000,True,False,False,0.0005903749843128026,0.0,0.18209213411654696,True,True,True,False
014661064099a930af50,null_anytime,null_calibration,3038,940933021,16,5000,0.0,0.05,rbf,median,anytime,bonferroni,1,2,False,UNRESOLVED,5000,True,False,False,0.0005068340105935931,0.0,0.18209213411654696,True,True,True,False
441b4a3458eb80be8fbc,null_anytime,null_calibration,3039,3754289107,16,5000,0.0,0.05,rbf,median,anytime,bonferroni,1,2,False,UNRESOLVED,5000,True,False,False,0.0004272079677321017,0.0,0.18209213411654696,True,True,True,False
5cad5682579caf04d5e9,null_anytime,null_calibration,3040,2734146051,16,5000,0.0,0.05,rbf,median,anytime,bonferroni,1,2,False,UNRESOLVED,5000,True,False,False,0.0004083749954588711,0.0,0.18209213411654696,True,True,True,False
b70f19b7eb74b3998c68,null_anytime,null_calibration,3041,3881800362,16,5000,0.0,0.05,rbf,median,anytime,bonferroni,1,2,False,UNRESOLVED,5000,True,False,False,0.0004041249630972743,0.0,0.18209213411654696,True,True,True,False
f2344d3fb0e464ceb924,null_anytime,null_calibration,3042,2267165689,16,5000,0.0,0.05,rbf,median,anytime,bonferroni,1,2,False,UNRESOLVED,5000,True,False,False,0.0004009589902125299,0.0,0.18209213411654696,True,True,True,False
5b52e009c6c03a79288e,null_anytime,null_calibration,3043,623835383,16,5000,0.0,0.05,rbf,median,anytime,bonferroni,1,2,False,UNRESOLVED,5000,True,False,False,0.0003994999569840729,0.0,0.18209213411654696,True,True,True,False
99634331d4cec4de6572,null_anytime,null_calibration,3044,889367131,16,5000,0.0,0.05,rbf,median,anytime,bonferroni,1,2,False,UNRESOLVED,5000,True,False,False,0.00040199997602030635,0.0,0.18209213411654696,True,True,True,False
67f82cd06c576318480c,null_anytime,null_calibration,3045,3073142477,16,5000,0.0,0.05,rbf,median,anytime,bonferroni,1,2,False,UNRESOLVED,5000,True,False,False,0.00039995898259803653,0.0,0.18209213411654696,True,True,True,False
45d75e7367ce4201770e,null_anytime,null_calibration,3046,3475416608,16,5000,0.0,0.05,rbf,median,anytime,bonferroni,1,2,False,UNRESOLVED,5000,True,False,False,0.00039841700345277786,0.0,0.18209213411654696,True,True,True,False
22bffcbedbfa56809da7,null_anytime,null_calibration,3047,1071341989,16,5000,0.0,0.05,rbf,median,anytime,bonferroni,1,2,False,UNRESOLVED,5000,True,False,False,0.0004035830497741699,0.0,0.18209213411654696,True,True,True,False
f73971a49608188cd454,null_anytime,null_calibration,3048,1456196148,16,5000,0.0,0.05,rbf,median,anytime,bonferroni,1,2,False,UNRESOLVED,5000,True,False,False,0.00039950001519173384,0.0,0.18209213411654696,True,True,True,False
a67e3ca2f1fd29dad791,null_anytime,null_calibration,3049,948943305,16,5000,0.0,0.05,rbf,median,anytime,bonferroni,1,2,False,UNRESOLVED,5000,True,False,False,0.0003974999999627471,0.0,0.18209213411654696,True,True,True,False
049f88792d591b0ff11c,null_anytime,null_calibration,3050,555573734,16,5000,0.0,0.05,rbf,median,anytime,bonferroni,1,2,False,UNRESOLVED,5000,True,False,False,0.00040912500116974115,0.0,0.18209213411654696,True,True,True,False
b6bb1bbae635524316df,null_anytime,null_calibration,3051,517657165,16,5000,0.0,0.05,rbf,median,anytime,bonferroni,1,2,False,UNRESOLVED,5000,True,False,False,0.00039833300979807973,0.0,0.18209213411654696,True,True,True,False
609a1e6b4ba8457e3eeb,null_anytime,null_calibration,3052,117307911,16,5000,0.0,0.05,rbf,median,anytime,bonferroni,1,2,False,UNRESOLVED,5000,True,False,False,0.000398166012018919,0.0,0.18209213411654696,True,True,True,False
2ba21bab096a3e0f99e6,null_anytime,null_calibration,3053,3124528228,16,5000,0.0,0.05,rbf,median,anytime,bonferroni,1,2,False,UNRESOLVED,5000,True,False,False,0.0004005830269306898,0.0,0.18209213411654696,True,True,True,False
417dc57b5d057ad08383,null_anytime,null_calibration,3054,838348438,16,5000,0.0,0.05,rbf,median,anytime,bonferroni,1,2,False,UNRESOLVED,5000,True,False,False,0.00039770803414285183,0.0,0.18209213411654696,True,True,True,False
7f0293ee60a8a2579818,null_anytime,null_calibration,3055,1735513844,16,5000,0.0,0.05,rbf,median,anytime,bonferroni,1,2,False,UNRESOLVED,5000,True,False,False,0.00039837503572925925,0.0,0.18209213411654696,True,True,True,False
7f09a252ea46bb708755,null_anytime,null_calibration,3056,1578767052,16,5000,0.0,0.05,rbf,median,anytime,bonferroni,1,2,False,UNRESOLVED,5000,True,False,False,0.0003987500094808638,0.0,0.18209213411654696,True,True,True,False
79beda72317aacfbac41,null_anytime,null_calibration,3057,2604513208,16,5000,0.0,0.05,rbf,median,anytime,bonferroni,1,2,False,UNRESOLVED,5000,True,False,False,0.0003986660158261657,0.0,0.18209213411654696,True,True,True,False
f59d9aac4fb49c3348e5,null_anytime,null_calibration,3058,1200194297,16,5000,0.0,0.05,rbf,median,anytime,bonferroni,1,2,False,UNRESOLVED,5000,True,False,False,0.00039858301170170307,0.0,0.18209213411654696,True,True,True,False
b72dc5d189a707c305da,null_anytime,null_calibration,3059,4283210798,16,5000,0.0,0.05,rbf,median,anytime,bonferroni,1,2,False,UNRESOLVED,5000,True,False,False,0.0003967920201830566,0.0,0.18209213411654696,True,True,True,False
a38e7876fdea37aad301,null_anytime,null_calibration,3060,3144280965,16,5000,0.0,0.05,rbf,median,anytime,bonferroni,1,2,False,UNRESOLVED,5000,True,False,False,0.00039766699774190784,0.0,0.18209213411654696,True,True,True,False
8fe987752c0e27d6d7ab,null_anytime,null_calibration,3061,529898409,16,5000,0.0,0.05,rbf,median,anytime,bonferroni,1,2,False,UNRESOLVED,5000,True,False,False,0.00039587501669302583,0.0,0.18209213411654696,True,True,True,False
976cb8b4f8a8b85158b2,null_anytime,null_calibration,3062,903520070,16,5000,0.0,0.05,rbf,median,anytime,bonferroni,1,2,False,UNRESOLVED,5000,True,False,False,0.0004006249946542084,0.0,0.18209213411654696,True,True,True,False
9442c1f1a0c5ae4970ae,null_anytime,null_calibration,3063,3100769358,16,5000,0.0,0.05,rbf,median,anytime,bonferroni,1,2,False,UNRESOLVED,5000,True,False,False,0.0003961669863201678,0.0,0.18209213411654696,True,True,True,False
089f45207e8bdd970eef,null_anytime,null_calibration,3064,1958207244,16,5000,0.0,0.05,rbf,median,anytime,bonferroni,1,2,False,UNRESOLVED,5000,True,False,False,0.0003961669863201678,0.0,0.18209213411654696,True,True,True,False
f0bb924b7212c75a547f,null_anytime,null_calibration,3065,4020619197,16,5000,0.0,0.05,rbf,median,anytime,bonferroni,1,2,False,UNRESOLVED,5000,True,False,False,0.0003969999961555004,0.0,0.18209213411654696,True,True,True,False
5a23bd58cf1f25022d24,null_anytime,null_calibration,3066,2455277216,16,5000,0.0,0.05,rbf,median,anytime,bonferroni,1,2,False,UNRESOLVED,5000,True,False,False,0.0003969999961555004,0.0,0.18209213411654696,True,True,True,False
1f3ad1d1cf76fa5b7e11,null_anytime,null_calibration,3067,159129079,16,5000,0.0,0.05,rbf,median,anytime,bonferroni,1,2,False,UNRESOLVED,5000,True,False,False,0.00039729196578264236,0.0,0.18209213411654696,True,True,True,False
6e1b7cb1bb61f64c16a8,null_anytime,null_calibration,3068,3282251098,16,5000,0.0,0.05,rbf,median,anytime,bonferroni,1,2,False,UNRESOLVED,5000,True,False,False,0.0003969160025008023,0.0,0.18209213411654696,True,True,True,False
075b54d988aa5d9bcb87,null_anytime,null_calibration,3069,3195560329,16,5000,0.0,0.05,rbf,median,anytime,bonferroni,1,2,False,UNRESOLVED,5000,True,False,False,0.0003974170540459454,0.0,0.18209213411654696,True,True,True,False
421da93c0202df8f6692,null_anytime,null_calibration,3070,2404103910,16,5000,0.0,0.05,rbf,median,anytime,bonferroni,1,2,False,UNRESOLVED,5000,True,False,False,0.00039495795499533415,0.0,0.18209213411654696,True,True,True,False
06f2d1c3651319daf82b,null_anytime,null_calibration,3071,2063901343,16,5000,0.0,0.05,rbf,median,anytime,bonferroni,1,2,False,UNRESOLVED,5000,True,False,False,0.0003957079607062042,0.0,0.18209213411654696,True,True,True,False
67d7adb19236b54bc55b,null_anytime,null_calibration,3072,4188478414,16,5000,0.0,0.05,rbf,median,anytime,bonferroni,1,2,False,UNRESOLVED,5000,True,False,False,0.00039741594810038805,0.0,0.18209213411654696,True,True,True,False
c3277dc678d534ff9d21,null_anytime,null_calibration,3073,3784613385,16,5000,0.0,0.05,rbf,median,anytime,bonferroni,1,2,False,UNRESOLVED,5000,True,False,False,0.0003963339840993285,0.0,0.18209213411654696,True,True,True,False
3fc7f1dfcf617f2dceac,null_anytime,null_calibration,3074,2095075704,16,5000,0.0,0.05,rbf,median,anytime,bonferroni,1,2,False,UNRESOLVED,5000,True,False,False,0.0004004170186817646,0.0,0.18209213411654696,True,True,True,False
2f43930edf4010ddf683,null_anytime,null_calibration,3075,548836303,16,5000,0.0,0.05,rbf,median,anytime,bonferroni,1,2,False,UNRESOLVED,5000,True,False,False,0.00039595802081748843,0.0,0.18209213411654696,True,True,True,False
523c0454f8d075e84c41,null_anytime,null_calibration,3076,2199673566,16,5000,0.0,0.05,rbf,median,anytime,bonferroni,1,2,False,UNRESOLVED,5000,True,False,False,0.0003962499904446304,0.0,0.18209213411654696,True,True,True,False
b8b755ae655de072c898,null_anytime,null_calibration,3077,2330940405,16,5000,0.0,0.05,rbf,median,anytime,bonferroni,1,2,False,UNRESOLVED,5000,True,False,False,0.0003956250147894025,0.0,0.18209213411654696,True,True,True,False
a3b0a8246e754e8d1289,null_anytime,null_calibration,3078,1491600105,16,5000,0.0,0.05,rbf,median,anytime,bonferroni,1,2,False,UNRESOLVED,5000,True,False,False,0.0003969999961555004,0.0,0.18209213411654696,True,True,True,False
e87ea067275b23ee6f8b,null_anytime,null_calibration,3079,1445383714,16,5000,0.0,0.05,rbf,median,anytime,bonferroni,1,2,False,UNRESOLVED,5000,True,False,False,0.0003969999961555004,0.0,0.18209213411654696,True,True,True,False
b449107e715565cd0aa1,null_anytime,null_calibration,3080,4169608593,16,5000,0.0,0.05,rbf,median,anytime,bonferroni,1,2,False,UNRESOLVED,5000,True,False,False,0.0003969169920310378,0.0,0.18209213411654696,True,True,True,False
f824a3bc808f3d552a3f,null_anytime,null_calibration,3081,831538893,16,5000,0.0,0.05,rbf,median,anytime,bonferroni,1,2,False,UNRESOLVED,5000,True,False,False,0.0003961670445278287,0.0,0.18209213411654696,True,True,True,False
2e4eae2fbe946ff41e27,null_anytime,null_calibration,3082,1980974341,16,5000,0.0,0.05,rbf,median,anytime,bonferroni,1,2,False,UNRESOLVED,5000,True,False,False,0.0003958749584853649,0.0,0.18209213411654696,True,True,True,False
1f894a2d9a1946e01b65,null_anytime,null_calibration,3083,209892529,16,5000,0.0,0.05,rbf,median,anytime,bonferroni,1,2,False,UNRESOLVED,5000,True,False,False,0.0003963749622926116,0.0,0.18209213411654696,True,True,True,False
b2c42c473ba91540cb65,null_anytime,null_calibration,3084,3943511573,16,5000,0.0,0.05,rbf,median,anytime,bonferroni,1,2,False,UNRESOLVED,5000,True,False,False,0.00039737496990710497,0.0,0.18209213411654696,True,True,True,False
f6e825cbca931df8f1e7,null_anytime,null_calibration,3085,1072384392,16,5000,0.0,0.05,rbf,median,anytime,bonferroni,1,2,False,UNRESOLVED,5000,True,False,False,0.00039329100400209427,0.0,0.18209213411654696,True,True,True,False
3c252ff3e18f520984aa,null_anytime,null_calibration,3086,396737960,16,5000,0.0,0.05,rbf,median,anytime,bonferroni,1,2,False,UNRESOLVED,5000,True,False,False,0.0003981250338256359,0.0,0.18209213411654696,True,True,True,False
99594c55e96fcc46dc51,null_anytime,null_calibration,3087,1540236693,16,5000,0.0,0.05,rbf,median,anytime,bonferroni,1,2,False,UNRESOLVED,5000,True,False,False,0.00039704202208667994,0.0,0.18209213411654696,True,True,True,False
b4248c0e23609b37d9c7,null_anytime,null_calibration,3088,1339612739,16,5000,0.0,0.05,rbf,median,anytime,bonferroni,1,2,False,UNRESOLVED,5000,True,False,False,0.0003956669825129211,0.0,0.18209213411654696,True,True,True,False
508b71658a789df9bd0a,null_anytime,null_calibration,3089,138744996,16,5000,0.0,0.05,rbf,median,anytime,bonferroni,1,2,False,UNRESOLVED,5000,True,False,False,0.0003949590027332306,0.0,0.18209213411654696,True,True,True,False
a71e3230728f37829671,null_anytime,null_calibration,3090,3041349224,16,5000,0.0,0.05,rbf,median,anytime,bonferroni,1,2,False,UNRESOLVED,5000,True,False,False,0.0003962090122513473,0.0,0.18209213411654696,True,True,True,False
bbcb1ecaa361bfd35080,null_anytime,null_calibration,3091,3619985319,16,5000,0.0,0.05,rbf,median,anytime,bonferroni,1,2,False,UNRESOLVED,5000,True,False,False,0.0003946250071749091,0.0,0.18209213411654696,True,True,True,False
f9a1c71d137a8c2bc958,null_anytime,null_calibration,3092,2456815775,16,5000,0.0,0.05,rbf,median,anytime,bonferroni,1,2,False,UNRESOLVED,5000,True,False,False,0.00039595802081748843,0.0,0.18209213411654696,True,True,True,False
640b5e117b0a272e9e67,null_anytime,null_calibration,3093,2673478831,16,5000,0.0,0.05,rbf,median,anytime,bonferroni,1,2,False,UNRESOLVED,5000,True,False,False,0.0003950420068576932,0.0,0.18209213411654696,True,True,True,False
91b3bb3f0b1a4d17a34f,null_anytime,null_calibration,3094,691079613,16,5000,0.0,0.05,rbf,median,anytime,bonferroni,1,2,False,UNRESOLVED,5000,True,False,False,0.00039674999425187707,0.0,0.18209213411654696,True,True,True,False
5c7cb9add06db3ba46f7,null_anytime,null_calibration,3095,971919003,16,5000,0.0,0.05,rbf,median,anytime,bonferroni,1,2,False,UNRESOLVED,5000,True,False,False,0.00039737496990710497,0.0,0.18209213411654696,True,True,True,False
73da046a25c4a34ddd21,null_anytime,null_calibration,3096,2235039673,16,5000,0.0,0.05,rbf,median,anytime,bonferroni,1,2,False,UNRESOLVED,5000,True,False,False,0.00039770902367308736,0.0,0.18209213411654696,True,True,True,False
c6949206e09036dc99bb,null_anytime,null_calibration,3097,4004000350,16,5000,0.0,0.05,rbf,median,anytime,bonferroni,1,2,False,UNRESOLVED,5000,True,False,False,0.0003969999961555004,0.0,0.18209213411654696,True,True,True,False
67da694af5415a3773ff,null_anytime,null_calibration,3098,851171208,16,5000,0.0,0.05,rbf,median,anytime,bonferroni,1,2,False,UNRESOLVED,5000,True,False,False,0.0003938330337405205,0.0,0.18209213411654696,True,True,True,False
d7339e96c6f450d10f36,null_anytime,null_calibration,3099,811990363,16,5000,0.0,0.05,rbf,median,anytime,bonferroni,1,2,False,UNRESOLVED,5000,True,False,False,0.0003945000353269279,0.0,0.18209213411654696,True,True,True,False
fcd4c5716974179daa45,null_anytime,null_calibration,3100,2505300519,16,5000,0.0,0.05,rbf,median,anytime,bonferroni,1,2,False,UNRESOLVED,5000,True,False,False,0.00039545795880258083,0.0,0.18209213411654696,True,True,True,False
f43a660a49c1638dbfdc,null_anytime,null_calibration,3101,3794091339,16,5000,0.0,0.05,rbf,median,anytime,bonferroni,1,2,False,UNRESOLVED,5000,True,False,False,0.00039666699012741446,0.0,0.18209213411654696,True,True,True,False
4517ad4722f4c3939f44,null_anytime,null_calibration,3102,619421147,16,5000,0.0,0.05,rbf,median,anytime,bonferroni,1,2,False,UNRESOLVED,5000,True,False,False,0.000397041963879019,0.0,0.18209213411654696,True,True,True,False
b96583fa3af188b49fa8,null_anytime,null_calibration,3103,2259792501,16,5000,0.0,0.05,rbf,median,anytime,bonferroni,1,2,False,UNRESOLVED,5000,True,False,False,0.00039654201827943325,0.0,0.18209213411654696,True,True,True,False
92b54514b43b0f472960,null_anytime,null_calibration,3104,1650464792,16,5000,0.0,0.05,rbf,median,anytime,bonferroni,1,2,False,UNRESOLVED,5000,True,False,False,0.00039666699012741446,0.0,0.18209213411654696,True,True,True,False
61962a323a0fb4d2eabd,null_anytime,null_calibration,3105,2839487582,16,5000,0.0,0.05,rbf,median,anytime,bonferroni,1,2,False,UNRESOLVED,5000,True,False,False,0.0003945420030504465,0.0,0.18209213411654696,True,True,True,False
49ef1b09ae8fc8d3412f,null_anytime,null_calibration,3106,3546836194,16,5000,0.0,0.05,rbf,median,anytime,bonferroni,1,2,False,UNRESOLVED,5000,True,False,False,0.00039729103446006775,0.0,0.18209213411654696,True,True,True,False
a86e5ec4955c6e78e964,null_anytime,null_calibration,3107,3464984970,16,5000,0.0,0.05,rbf,median,anytime,bonferroni,1,2,False,UNRESOLVED,5000,True,False,False,0.0003975420258939266,0.0,0.18209213411654696,True,True,True,False
9911ad39624f40de19a7,null_anytime,null_calibration,3108,4000200587,16,5000,0.0,0.05,rbf,median,anytime,bonferroni,1,2,False,UNRESOLVED,5000,True,False,False,0.0003951249527744949,0.0,0.18209213411654696,True,True,True,False
ea630b7a9ef47f849461,null_anytime,null_calibration,3109,1526043840,16,5000,0.0,0.05,rbf,median,anytime,bonferroni,1,2,False,UNRESOLVED,5000,True,False,False,0.0003977909800596535,0.0,0.18209213411654696,True,True,True,False
3dc94a5b9ec6a487182a,null_anytime,null_calibration,3110,1790808462,16,5000,0.0,0.05,rbf,median,anytime,bonferroni,1,2,False,UNRESOLVED,5000,True,False,False,0.0003987500094808638,0.0,0.18209213411654696,True,True,True,False
e0e9329347a8709b29cb,null_anytime,null_calibration,3111,185917268,16,5000,0.0,0.05,rbf,median,anytime,bonferroni,1,2,False,UNRESOLVED,5000,True,False,False,0.0003957080189138651,0.0,0.18209213411654696,True,True,True,False
fb729884ef3aec73940a,null_anytime,null_calibration,3112,3445397115,16,5000,0.0,0.05,rbf,median,anytime,bonferroni,1,2,False,UNRESOLVED,5000,True,False,False,0.00039658299647271633,0.0,0.18209213411654696,True,True,True,False
77e03667f6518488e76b,null_anytime,null_calibration,3113,3088444080,16,5000,0.0,0.05,rbf,median,anytime,bonferroni,1,2,False,UNRESOLVED,5000,True,False,False,0.0003946660435758531,0.0,0.18209213411654696,True,True,True,False
ce40cbb43c88ade0319e,null_anytime,null_calibration,3114,3325753185,16,5000,0.0,0.05,rbf,median,anytime,bonferroni,1,2,False,UNRESOLVED,5000,True,False,False,0.00039666699012741446,0.0,0.18209213411654696,True,True,True,False
7db5ad2241459696e6e6,null_anytime,null_calibration,3115,1906921763,16,5000,0.0,0.05,rbf,median,anytime,bonferroni,1,2,False,UNRESOLVED,5000,True,False,False,0.00039658299647271633,0.0,0.18209213411654696,True,True,True,False
1ad2caac27c9cff3521b,null_anytime,null_calibration,3116,4015630792,16,5000,0.0,0.05,rbf,median,anytime,bonferroni,1,2,False,UNRESOLVED,5000,True,False,False,0.00039612501859664917,0.0,0.18209213411654696,True,True,True,False
d93b38bf71f093f677ec,null_anytime,null_calibration,3117,1568026613,16,5000,0.0,0.05,rbf,median,anytime,bonferroni,1,2,False,UNRESOLVED,5000,True,False,False,0.0003994169528596103,0.0,0.18209213411654696,True,True,True,False
d9ebd87120bb3a7df718,null_anytime,null_calibration,3118,1110708484,16,5000,0.0,0.05,rbf,median,anytime,bonferroni,1,2,False,UNRESOLVED,5000,True,False,False,0.0003955830470658839,0.0,0.18209213411654696,True,True,True,False
699db06f9c755332e5ae,null_anytime,null_calibration,3119,3489509055,16,5000,0.0,0.05,rbf,median,anytime,bonferroni,1,2,False,UNRESOLVED,5000,True,False,False,0.00039775000186637044,0.0,0.18209213411654696,True,True,True,False
eb9e396f238001e4172a,null_anytime,null_calibration,3120,650589624,16,5000,0.0,0.05,rbf,median,anytime,bonferroni,1,2,False,UNRESOLVED,5000,True,False,False,0.0003963749622926116,0.0,0.18209213411654696,True,True,True,False
9c5faa2e4c637779f8c1,null_anytime,null_calibration,3121,2860121431,16,5000,0.0,0.05,rbf,median,anytime,bonferroni,1,2,False,UNRESOLVED,5000,True,False,False,0.0003975830040872097,0.0,0.18209213411654696,True,True,True,False
7e567978361c676d3028,null_anytime,null_calibration,3122,1564151798,16,5000,0.0,0.05,rbf,median,anytime,bonferroni,1,2,False,UNRESOLVED,5000,True,False,False,0.00039658299647271633,0.0,0.18209213411654696,True,True,True,False
0f559ec89597d1bca88b,null_anytime,null_calibration,3123,644413837,16,5000,0.0,0.05,rbf,median,anytime,bonferroni,1,2,False,UNRESOLVED,5000,True,False,False,0.000397083000279963,0.0,0.18209213411654696,True,True,True,False
b4176aecfa171231a027,null_anytime,null_calibration,3124,780955533,16,5000,0.0,0.05,rbf,median,anytime,bonferroni,1,2,False,UNRESOLVED,5000,True,False,False,0.00039662502240389585,0.0,0.18209213411654696,True,True,True,False
c03c614e694e1e3c8fa8,null_anytime,null_calibration,3125,3134479807,16,5000,0.0,0.05,rbf,median,anytime,bonferroni,1,2,False,UNRESOLVED,5000,True,False,False,0.00039787497371435165,0.0,0.18209213411654696,True,True,True,False
3b0663d811917978bfae,null_anytime,null_calibration,3126,3548431073,16,5000,0.0,0.05,rbf,median,anytime,bonferroni,1,2,False,UNRESOLVED,5000,True,False,False,0.0003962090122513473,0.0,0.18209213411654696,True,True,True,False
6899866a67bb7e8e15dc,null_anytime,null_calibration,3127,1576724109,16,5000,0.0,0.05,rbf,median,anytime,bonferroni,1,2,False,UNRESOLVED,5000,True,False,False,0.00039599998854100704,0.0,0.18209213411654696,True,True,True,False
141cf3127bc5b7aa088e,null_anytime,null_calibration,3128,3245498635,16,5000,0.0,0.05,rbf,median,anytime,bonferroni,1,2,False,UNRESOLVED,5000,True,False,False,0.00039674999425187707,0.0,0.18209213411654696,True,True,True,False
5d5e1ce5c3fa9ea0b0d3,null_anytime,null_calibration,3129,4076626253,16,5000,0.0,0.05,rbf,median,anytime,bonferroni,1,2,False,UNRESOLVED,5000,True,False,False,0.00039666699012741446,0.0,0.18209213411654696,True,True,True,False
8fd4f145533bcc8fceb6,null_anytime,null_calibration,3130,1815450017,16,5000,0.0,0.05,rbf,median,anytime,bonferroni,1,2,False,UNRESOLVED,5000,True,False,False,0.0003967920201830566,0.0,0.18209213411654696,True,True,True,False
aab17810543f98e54c54,null_anytime,null_calibration,3131,386786752,16,5000,0.0,0.05,rbf,median,anytime,bonferroni,1,2,False,UNRESOLVED,5000,True,False,False,0.0003962920163758099,0.0,0.18209213411654696,True,True,True,False
46c859fecd8f7610a3af,null_anytime,null_calibration,3132,3203438178,16,5000,0.0,0.05,rbf,median,anytime,bonferroni,1,2,False,UNRESOLVED,5000,True,False,False,0.00039704202208667994,0.0,0.18209213411654696,True,True,True,False
1457750978d9b6059fae,null_anytime,null_calibration,3133,2504464213,16,5000,0.0,0.05,rbf,median,anytime,bonferroni,1,2,False,UNRESOLVED,5000,True,False,False,0.000396291958168149,0.0,0.18209213411654696,True,True,True,False
8254dab5a065ed4ac6c5,null_anytime,null_calibration,3134,2478935308,16,5000,0.0,0.05,rbf,median,anytime,bonferroni,1,2,False,UNRESOLVED,5000,True,False,False,0.0004000000189989805,0.0,0.18209213411654696,True,True,True,False
9a4573bb8c2828c12cb4,null_anytime,null_calibration,3135,1849092344,16,5000,0.0,0.05,rbf,median,anytime,bonferroni,1,2,False,UNRESOLVED,5000,True,False,False,0.00041045801481232047,0.0,0.18209213411654696,True,True,True,False
e72b64416e51e40f7338,null_anytime,null_calibration,3136,2165151548,16,5000,0.0,0.05,rbf,median,anytime,bonferroni,1,2,False,UNRESOLVED,5000,True,False,False,0.00039587501669302583,0.0,0.18209213411654696,True,True,True,False
75ce58c74bb39460d173,null_anytime,null_calibration,3137,3415312179,16,5000,0.0,0.05,rbf,median,anytime,bonferroni,1,2,False,UNRESOLVED,5000,True,False,False,0.0003965410287491977,0.0,0.18209213411654696,True,True,True,False
e0e24a9ebebdc4b255f7,null_anytime,null_calibration,3138,1877859072,16,5000,0.0,0.05,rbf,median,anytime,bonferroni,1,2,False,UNRESOLVED,5000,True,False,False,0.00040041597094386816,0.0,0.18209213411654696,True,True,True,False
5940767859cfe0e18862,null_anytime,null_calibration,3139,43669847,16,5000,0.0,0.05,rbf,median,anytime,bonferroni,1,2,False,UNRESOLVED,5000,True,False,False,0.0003962920163758099,0.0,0.18209213411654696,True,True,True,False
14a519fad1458872861e,null_anytime,null_calibration,3140,705097911,16,5000,0.0,0.05,rbf,median,anytime,bonferroni,1,2,False,UNRESOLVED,5000,True,False,False,0.0003967920201830566,0.0,0.18209213411654696,True,True,True,False
91c4681df7be1a534003,null_anytime,null_calibration,3141,875144249,16,5000,0.0,0.05,rbf,median,anytime,bonferroni,1,2,False,UNRESOLVED,5000,True,False,False,0.00039475003723055124,0.0,0.18209213411654696,True,True,True,False
5bc7bbe00da6adcce258,null_anytime,null_calibration,3142,3738817122,16,5000,0.0,0.05,rbf,median,anytime,bonferroni,1,2,False,UNRESOLVED,5000,True,False,False,0.00039475003723055124,0.0,0.18209213411654696,True,True,True,False
d00e84f1613bcc7edcbe,null_anytime,null_calibration,3143,3770867860,16,5000,0.0,0.05,rbf,median,anytime,bonferroni,1,2,False,UNRESOLVED,5000,True,False,False,0.0003964999923482537,0.0,0.18209213411654696,True,True,True,False
e181ddbcfdbab072266a,null_anytime,null_calibration,3144,1692679177,16,5000,0.0,0.05,rbf,median,anytime,bonferroni,1,2,False,UNRESOLVED,5000,True,False,False,0.0003964580246247351,0.0,0.18209213411654696,True,True,True,False
1b3af728add9c5c208ba,null_anytime,null_calibration,3145,575268621,16,5000,0.0,0.05,rbf,median,anytime,bonferroni,1,2,False,UNRESOLVED,5000,True,False,False,0.00039483298314735293,0.0,0.18209213411654696,True,True,True,False
135ce90e5400fb367b30,null_anytime,null_calibration,3146,333493002,16,5000,0.0,0.05,rbf,median,anytime,bonferroni,1,2,False,UNRESOLVED,5000,True,False,False,0.0003969169920310378,0.0,0.18209213411654696,True,True,True,False
d21b1e5ccba090fedaa0,null_anytime,null_calibration,3147,3406122391,16,5000,0.0,0.05,rbf,median,anytime,bonferroni,1,2,False,UNRESOLVED,5000,True,False,False,0.0003961670445278287,0.0,0.18209213411654696,True,True,True,False
8dc1a2968f184b5112c7,null_anytime,null_calibration,3148,2755702414,16,5000,0.0,0.05,rbf,median,anytime,bonferroni,1,2,False,UNRESOLVED,5000,True,False,False,0.0003976249718107283,0.0,0.18209213411654696,True,True,True,False
d96a7af5424c8b469416,null_anytime,null_calibration,3149,197565970,16,5000,0.0,0.05,rbf,median,anytime,bonferroni,1,2,False,UNRESOLVED,5000,True,False,False,0.0003992919810116291,0.0,0.18209213411654696,True,True,True,False
2285c0559a9133be29b7,null_anytime,null_calibration,3150,34408875,16,5000,0.0,0.05,rbf,median,anytime,bonferroni,1,2,False,UNRESOLVED,5000,True,False,False,0.0003987919772043824,0.0,0.18209213411654696,True,True,True,False
814fb27388e59350ba46,null_anytime,null_calibration,3151,2325246066,16,5000,0.0,0.05,rbf,median,anytime,bonferroni,1,2,False,UNRESOLVED,5000,True,False,False,0.0003996670129708946,0.0,0.18209213411654696,True,True,True,False
c7b26af8b35dfbd2cd82,null_anytime,null_calibration,3152,1015229602,16,5000,0.0,0.05,rbf,median,anytime,bonferroni,1,2,False,UNRESOLVED,5000,True,False,False,0.00040720897959545255,0.0,0.18209213411654696,True,True,True,False
d1f486243427faa94abb,null_anytime,null_calibration,3153,1936565318,16,5000,0.0,0.05,rbf,median,anytime,bonferroni,1,2,False,UNRESOLVED,5000,True,False,False,0.00039612496038898826,0.0,0.18209213411654696,True,True,True,False
e3dbc803673243b8154f,null_anytime,null_calibration,3154,2723557323,16,5000,0.0,0.05,rbf,median,anytime,bonferroni,1,2,False,UNRESOLVED,5000,True,False,False,0.0003963330527767539,0.0,0.18209213411654696,True,True,True,False
f8f168cffa94a7af20ce,null_anytime,null_calibration,3155,734185949,16,5000,0.0,0.05,rbf,median,anytime,bonferroni,1,2,False,UNRESOLVED,5000,True,False,False,0.0003969999961555004,0.0,0.18209213411654696,True,True,True,False
9b947ab33f6a45b7c43d,null_anytime,null_calibration,3156,2520226998,16,5000,0.0,0.05,rbf,median,anytime,bonferroni,1,2,False,UNRESOLVED,5000,True,False,False,0.0003957920125685632,0.0,0.18209213411654696,True,True,True,False
a0e941325692f70aa9ec,null_anytime,null_calibration,3157,1859257399,16,5000,0.0,0.05,rbf,median,anytime,bonferroni,1,2,False,UNRESOLVED,5000,True,False,False,0.0003981670015491545,0.0,0.18209213411654696,True,True,True,False
1e865ec5d9ef4f88f676,null_anytime,null_calibration,3158,309520322,16,5000,0.0,0.05,rbf,median,anytime,bonferroni,1,2,False,UNRESOLVED,5000,True,False,False,0.00039820902748033404,0.0,0.18209213411654696,True,True,True,False
41116d465111dea9b1b3,null_anytime,null_calibration,3159,2264595839,16,5000,0.0,0.05,rbf,median,anytime,bonferroni,1,2,False,UNRESOLVED,5000,True,False,False,0.00039720797212794423,0.0,0.18209213411654696,True,True,True,False
1ea61126ca9a16628440,null_anytime,null_calibration,3160,1211890603,16,5000,0.0,0.05,rbf,median,anytime,bonferroni,1,2,False,UNRESOLVED,5000,True,False,False,0.0003991670091636479,0.0,0.18209213411654696,True,True,True,False
c12817e04345db53f29a,null_anytime,null_calibration,3161,525385084,16,5000,0.0,0.05,rbf,median,anytime,bonferroni,1,2,False,UNRESOLVED,5000,True,False,False,0.0003961669863201678,0.0,0.18209213411654696,True,True,True,False
b1d071b5e8f0503ac8f4,null_anytime,null_calibration,3162,2609640617,16,5000,0.0,0.05,rbf,median,anytime,bonferroni,1,2,False,UNRESOLVED,5000,True,False,False,0.0003957499866373837,0.0,0.18209213411654696,True,True,True,False
52f5e14cd3f2f7c68fd6,null_anytime,null_calibration,3163,4004143806,16,5000,0.0,0.05,rbf,median,anytime,bonferroni,1,2,False,UNRESOLVED,5000,True,False,False,0.00039787503192201257,0.0,0.18209213411654696,True,True,True,False
db418910edfb05e9d4aa,null_anytime,null_calibration,3164,23208200,16,5000,0.0,0.05,rbf,median,anytime,bonferroni,1,2,False,UNRESOLVED,5000,True,False,False,0.0003980420297011733,0.0,0.18209213411654696,True,True,True,False
38fefb1c207d20499d0e,null_anytime,null_calibration,3165,30337140,16,5000,0.0,0.05,rbf,median,anytime,bonferroni,1,2,False,UNRESOLVED,5000,True,False,False,0.00039674999425187707,0.0,0.18209213411654696,True,True,True,False
cb36fa7802b4a9cd10f7,null_anytime,null_calibration,3166,3316432523,16,5000,0.0,0.05,rbf,median,anytime,bonferroni,1,2,False,UNRESOLVED,5000,True,False,False,0.0005992919905111194,0.0,0.18209213411654696,True,True,True,False
1c970c48394f0cae0f24,null_anytime,null_calibration,3167,4248216371,16,5000,0.0,0.05,rbf,median,anytime,bonferroni,1,2,False,UNRESOLVED,5000,True,False,False,0.0006071659736335278,0.0,0.18209213411654696,True,True,True,False
88f01241e8a2fca4a95d,null_anytime,null_calibration,3168,2700715733,16,5000,0.0,0.05,rbf,median,anytime,bonferroni,1,2,False,UNRESOLVED,5000,True,False,False,0.0005572499940171838,0.0,0.18209213411654696,True,True,True,False
ea88b430f936d15de0aa,null_anytime,null_calibration,3169,4283232436,16,5000,0.0,0.05,rbf,median,anytime,bonferroni,1,2,False,UNRESOLVED,5000,True,False,False,0.0005720829940401018,0.0,0.18209213411654696,True,True,True,False
60aa57ab50d15ee68771,null_anytime,null_calibration,3170,26536477,16,5000,0.0,0.05,rbf,median,anytime,bonferroni,1,2,False,UNRESOLVED,5000,True,False,False,0.0005515410448424518,0.0,0.18209213411654696,True,True,True,False
a948d4d268bc9c7a6c22,null_anytime,null_calibration,3171,1098273294,16,5000,0.0,0.05,rbf,median,anytime,bonferroni,1,2,False,UNRESOLVED,5000,True,False,False,0.0005731660057790577,0.0,0.18209213411654696,True,True,True,False
ffeec093d23a86e0369c,null_anytime,null_calibration,3172,2132621052,16,5000,0.0,0.05,rbf,median,anytime,bonferroni,1,2,False,UNRESOLVED,5000,True,False,False,0.00057050003670156,0.0,0.18209213411654696,True,True,True,False
76bd1990d9eb41be948c,null_anytime,null_calibration,3173,2576885711,16,5000,0.0,0.05,rbf,median,anytime,bonferroni,1,2,False,UNRESOLVED,5000,True,False,False,0.000567207986023277,0.0,0.18209213411654696,True,True,True,False
36d2c8d623381d93b683,null_anytime,null_calibration,3174,483647683,16,5000,0.0,0.05,rbf,median,anytime,bonferroni,1,2,False,UNRESOLVED,5000,True,False,False,0.0005462089902721345,0.0,0.18209213411654696,True,True,True,False
8d7497ca0fce3e1567bd,null_anytime,null_calibration,3175,349425482,16,5000,0.0,0.05,rbf,median,anytime,bonferroni,1,2,False,UNRESOLVED,5000,True,False,False,0.0005422079702839255,0.0,0.18209213411654696,True,True,True,False
c56c719310bdd7149658,null_anytime,null_calibration,3176,952161796,16,5000,0.0,0.05,rbf,median,anytime,bonferroni,1,2,False,UNRESOLVED,5000,True,False,False,0.0005427500000223517,0.0,0.18209213411654696,True,True,True,False
b46773b5dc4a7b2be893,null_anytime,null_calibration,3177,4273471630,16,5000,0.0,0.05,rbf,median,anytime,bonferroni,1,2,False,UNRESOLVED,5000,True,False,False,0.0005424169939942658,0.0,0.18209213411654696,True,True,True,False
03a04d46fd06e45a4ff3,null_anytime,null_calibration,3178,3186309713,16,5000,0.0,0.05,rbf,median,anytime,bonferroni,1,2,False,UNRESOLVED,5000,True,False,False,0.0005528749898076057,0.0,0.18209213411654696,True,True,True,False
eee69d1799533e8fdfea,null_anytime,null_calibration,3179,2633580246,16,5000,0.0,0.05,rbf,median,anytime,bonferroni,1,2,False,UNRESOLVED,5000,True,False,False,0.0005427500000223517,0.0,0.18209213411654696,True,True,True,False
2a47ea0df55ca54be790,null_anytime,null_calibration,3180,3404466895,16,5000,0.0,0.05,rbf,median,anytime,bonferroni,1,2,False,UNRESOLVED,5000,True,False,False,0.0005423339898698032,0.0,0.18209213411654696,True,True,True,False
24e4c6acdf8ebcc9f1fd,null_anytime,null_calibration,3181,3684422586,16,5000,0.0,0.05,rbf,median,anytime,bonferroni,1,2,False,UNRESOLVED,5000,True,False,False,0.0005464159767143428,0.0,0.18209213411654696,True,True,True,False
7c524e48b22dab66feaa,null_anytime,null_calibration,3182,940482268,16,5000,0.0,0.05,rbf,median,anytime,bonferroni,1,2,False,UNRESOLVED,5000,True,False,False,0.0005410420126281679,0.0,0.18209213411654696,True,True,True,False
d7bd68747ab40362f185,null_anytime,null_calibration,3183,1254710636,16,5000,0.0,0.05,rbf,median,anytime,bonferroni,1,2,False,UNRESOLVED,5000,True,False,False,0.00047924998216331005,0.0,0.18209213411654696,True,True,True,False
6f3a1cf078f3d14ec7d3,null_anytime,null_calibration,3184,1541129351,16,5000,0.0,0.05,rbf,median,anytime,bonferroni,1,2,False,UNRESOLVED,5000,True,False,False,0.00041500001680105925,0.0,0.18209213411654696,True,True,True,False
c8bf2987e3c05c88dc5a,null_anytime,null_calibration,3185,3137312290,16,5000,0.0,0.05,rbf,median,anytime,bonferroni,1,2,False,UNRESOLVED,5000,True,False,False,0.0004024159861728549,0.0,0.18209213411654696,True,True,True,False
25b1a9cc9960e0880a44,null_anytime,null_calibration,3186,2492981430,16,5000,0.0,0.05,rbf,median,anytime,bonferroni,1,2,False,UNRESOLVED,5000,True,False,False,0.0004000829649157822,0.0,0.18209213411654696,True,True,True,False
ba5cb001f4356601cffd,null_anytime,null_calibration,3187,2084846305,16,5000,0.0,0.05,rbf,median,anytime,bonferroni,1,2,False,UNRESOLVED,5000,True,False,False,0.0003982079797424376,0.0,0.18209213411654696,True,True,True,False
80e1fea8b55cc4b2f9b1,null_anytime,null_calibration,3188,3351933160,16,5000,0.0,0.05,rbf,median,anytime,bonferroni,1,2,False,UNRESOLVED,5000,True,False,False,0.00039787497371435165,0.0,0.18209213411654696,True,True,True,False
89b535781c216c17f054,null_anytime,null_calibration,3189,1662108067,16,5000,0.0,0.05,rbf,median,anytime,bonferroni,1,2,False,UNRESOLVED,5000,True,False,False,0.0003977079759351909,0.0,0.18209213411654696,True,True,True,False
291912f93be89d09ba47,null_anytime,null_calibration,3190,4198983246,16,5000,0.0,0.05,rbf,median,anytime,bonferroni,1,2,False,UNRESOLVED,5000,True,False,False,0.00039724999805912375,0.0,0.18209213411654696,True,True,True,False
a6dd7059f4c2be3bee72,null_anytime,null_calibration,3191,2596009603,16,5000,0.0,0.05,rbf,median,anytime,bonferroni,1,2,False,UNRESOLVED,5000,True,False,False,0.0003962499904446304,0.0,0.18209213411654696,True,True,True,False
27b82bba5ab39baef28a,null_anytime,null_calibration,3192,2460799555,16,5000,0.0,0.05,rbf,median,anytime,bonferroni,1,2,False,UNRESOLVED,5000,True,False,False,0.00040029099909588695,0.0,0.18209213411654696,True,True,True,False
efdf499db6592a54a8f8,null_anytime,null_calibration,3193,3633000842,16,5000,0.0,0.05,rbf,median,anytime,bonferroni,1,2,False,UNRESOLVED,5000,True,False,False,0.00039729097625240684,0.0,0.18209213411654696,True,True,True,False
b5d0b95076c24463fb8d,null_anytime,null_calibration,3194,234135283,16,5000,0.0,0.05,rbf,median,anytime,bonferroni,1,2,False,UNRESOLVED,5000,True,False,False,0.00039658299647271633,0.0,0.18209213411654696,True,True,True,False
1069426de8bd0f1f3cd7,null_anytime,null_calibration,3195,2078528072,16,5000,0.0,0.05,rbf,median,anytime,bonferroni,1,2,False,UNRESOLVED,5000,True,False,False,0.0004041250213049352,0.0,0.18209213411654696,True,True,True,False
f51c26cfc97d7af501f7,null_anytime,null_calibration,3196,3443713388,16,5000,0.0,0.05,rbf,median,anytime,bonferroni,1,2,False,UNRESOLVED,5000,True,False,False,0.0004022910143248737,0.0,0.18209213411654696,True,True,True,False
39786f760bcc9a368e13,null_anytime,null_calibration,3197,243600374,16,5000,0.0,0.05,rbf,median,anytime,bonferroni,1,2,False,UNRESOLVED,5000,True,False,False,0.0003975830040872097,0.0,0.18209213411654696,True,True,True,False
8438f974c7c15ee4b9d9,null_anytime,null_calibration,3198,1696793200,16,5000,0.0,0.05,rbf,median,anytime,bonferroni,1,2,False,UNRESOLVED,5000,True,False,False,0.00039858295349404216,0.0,0.18209213411654696,True,True,True,False
53f76f32b2facd5562d0,null_anytime,null_calibration,3199,142798798,16,5000,0.0,0.05,rbf,median,anytime,bonferroni,1,2,False,UNRESOLVED,5000,True,False,False,0.00039549998473376036,0.0,0.18209213411654696,True,True,True,False
8747853b66e5dbbcb757,null_anytime,null_calibration,3200,823533829,16,5000,0.0,0.05,rbf,median,anytime,bonferroni,1,2,False,UNRESOLVED,5000,True,False,False,0.00039608299266546965,0.0,0.18209213411654696,True,True,True,False
b1f5ef9bdbc28a39b49d,null_anytime,null_calibration,3201,2406375527,16,5000,0.0,0.05,rbf,median,anytime,bonferroni,1,2,False,UNRESOLVED,5000,True,False,False,0.0003969170502386987,0.0,0.18209213411654696,True,True,True,False
a67da9b418539ce5cfc9,null_anytime,null_calibration,3202,338134739,16,5000,0.0,0.05,rbf,median,anytime,bonferroni,1,2,False,UNRESOLVED,5000,True,False,False,0.0003940419992431998,0.0,0.18209213411654696,True,True,True,False
8976de57a0dc4860fccb,null_anytime,null_calibration,3203,1440977227,16,5000,0.0,0.05,rbf,median,anytime,bonferroni,1,2,False,UNRESOLVED,5000,True,False,False,0.0003969999961555004,0.0,0.18209213411654696,True,True,True,False
a140d8027e4d0af14465,null_anytime,null_calibration,3204,2532006183,16,5000,0.0,0.05,rbf,median,anytime,bonferroni,1,2,False,UNRESOLVED,5000,True,False,False,0.0003955839783884585,0.0,0.18209213411654696,True,True,True,False
1053dad70326e6dc185d,null_anytime,null_calibration,3205,3400904894,16,5000,0.0,0.05,rbf,median,anytime,bonferroni,1,2,False,UNRESOLVED,5000,True,False,False,0.00039583398029208183,0.0,0.18209213411654696,True,True,True,False
aa27cb7312ce3d10d92b,null_anytime,null_calibration,3206,1831034962,16,5000,0.0,0.05,rbf,median,anytime,bonferroni,1,2,False,UNRESOLVED,5000,True,False,False,0.00040016701677814126,0.0,0.18209213411654696,True,True,True,False
4dbbff6479c53f69c002,null_anytime,null_calibration,3207,1192058838,16,5000,0.0,0.05,rbf,median,anytime,bonferroni,1,2,False,UNRESOLVED,5000,True,False,False,0.00039904098957777023,0.0,0.18209213411654696,True,True,True,False
be6935abd2056907a261,null_anytime,null_calibration,3208,157129914,16,5000,0.0,0.05,rbf,median,anytime,bonferroni,1,2,False,UNRESOLVED,5000,True,False,False,0.00039499998092651367,0.0,0.18209213411654696,True,True,True,False
646967b7512d332a90cd,null_anytime,null_calibration,3209,1137857475,16,5000,0.0,0.05,rbf,median,anytime,bonferroni,1,2,False,UNRESOLVED,5000,True,False,False,0.0003959159948863089,0.0,0.18209213411654696,True,True,True,False
0fe4c0318948c44e2d6c,null_anytime,null_calibration,3210,1564362411,16,5000,0.0,0.05,rbf,median,anytime,bonferroni,1,2,False,UNRESOLVED,5000,True,False,False,0.00039645901415497065,0.0,0.18209213411654696,True,True,True,False
30e1b05e2bbd49337ba3,null_anytime,null_calibration,3211,2123266835,16,5000,0.0,0.05,rbf,median,anytime,bonferroni,1,2,False,UNRESOLVED,5000,True,False,False,0.00039783300599083304,0.0,0.18209213411654696,True,True,True,False
9cbd8a77eac13ae27727,null_anytime,null_calibration,3212,2894205224,16,5000,0.0,0.05,rbf,median,anytime,bonferroni,1,2,False,UNRESOLVED,5000,True,False,False,0.0003971660044044256,0.0,0.18209213411654696,True,True,True,False
47a7146c46b24fc0a63d,null_anytime,null_calibration,3213,1329607968,16,5000,0.0,0.05,rbf,median,anytime,bonferroni,1,2,False,UNRESOLVED,5000,True,False,False,0.0003993749851360917,0.0,0.18209213411654696,True,True,True,False
350f2864e44551688558,null_anytime,null_calibration,3214,376161682,16,5000,0.0,0.05,rbf,median,anytime,bonferroni,1,2,False,UNRESOLVED,5000,True,False,False,0.00039566599298268557,0.0,0.18209213411654696,True,True,True,False
ebf333d1e6a3839e33a5,null_anytime,null_calibration,3215,2170497591,16,5000,0.0,0.05,rbf,median,anytime,bonferroni,1,2,False,UNRESOLVED,5000,True,False,False,0.00039541698060929775,0.0,0.18209213411654696,True,True,True,False
12c8aedcd2b2bdf7a814,null_anytime,null_calibration,3216,3742805589,16,5000,0.0,0.05,rbf,median,anytime,bonferroni,1,2,False,UNRESOLVED,5000,True,False,False,0.0003962090122513473,0.0,0.18209213411654696,True,True,True,False
d4984581168b0540d525,null_anytime,null_calibration,3217,279038894,16,5000,0.0,0.05,rbf,median,anytime,bonferroni,1,2,False,UNRESOLVED,5000,True,False,False,0.00039612496038898826,0.0,0.18209213411654696,True,True,True,False
eb994baaff2d796cf7e9,null_anytime,null_calibration,3218,185966437,16,5000,0.0,0.05,rbf,median,anytime,bonferroni,1,2,False,UNRESOLVED,5000,True,False,False,0.00039662496419623494,0.0,0.18209213411654696,True,True,True,False
63ed2e9f668a417a450f,null_anytime,null_calibration,3219,4050375532,16,5000,0.0,0.05,rbf,median,anytime,bonferroni,1,2,False,UNRESOLVED,5000,True,False,False,0.00039591698441654444,0.0,0.18209213411654696,True,True,True,False
df3e2748ed17c757b26f,null_anytime,null_calibration,3220,1890534623,16,5000,0.0,0.05,rbf,median,anytime,bonferroni,1,2,False,UNRESOLVED,5000,True,False,False,0.0003946250071749091,0.0,0.18209213411654696,True,True,True,False
2f7838dfe1e4d17270ed,null_anytime,null_calibration,3221,4233916084,16,5000,0.0,0.05,rbf,median,anytime,bonferroni,1,2,False,UNRESOLVED,5000,True,False,False,0.0003967920201830566,0.0,0.18209213411654696,True,True,True,False
43030bf982a68711385b,null_anytime,null_calibration,3222,4193496437,16,5000,0.0,0.05,rbf,median,anytime,bonferroni,1,2,False,UNRESOLVED,5000,True,False,False,0.0003950420068576932,0.0,0.18209213411654696,True,True,True,False
1dc54d7026f5d5f7a522,null_anytime,null_calibration,3223,3544711917,16,5000,0.0,0.05,rbf,median,anytime,bonferroni,1,2,False,UNRESOLVED,5000,True,False,False,0.0003963339840993285,0.0,0.18209213411654696,True,True,True,False
30e1f6abfdf7022e5f79,null_anytime,null_calibration,3224,1445117917,16,5000,0.0,0.05,rbf,median,anytime,bonferroni,1,2,False,UNRESOLVED,5000,True,False,False,0.00039616599678993225,0.0,0.18209213411654696,True,True,True,False
bc2da97390ce2735a8d4,null_anytime,null_calibration,3225,327408631,16,5000,0.0,0.05,rbf,median,anytime,bonferroni,1,2,False,UNRESOLVED,5000,True,False,False,0.0003963750205002725,0.0,0.18209213411654696,True,True,True,False
7d0fc5e0b4758d8ce9a4,null_anytime,null_calibration,3226,1477480859,16,5000,0.0,0.05,rbf,median,anytime,bonferroni,1,2,False,UNRESOLVED,5000,True,False,False,0.00039662502240389585,0.0,0.18209213411654696,True,True,True,False
ec7a2025ddc53ce739d9,null_anytime,null_calibration,3227,2072355886,16,5000,0.0,0.05,rbf,median,anytime,bonferroni,1,2,False,UNRESOLVED,5000,True,False,False,0.0003962910268455744,0.0,0.18209213411654696,True,True,True,False
f76bc22a0185ed1a3571,null_anytime,null_calibration,3228,4020033140,16,5000,0.0,0.05,rbf,median,anytime,bonferroni,1,2,False,UNRESOLVED,5000,True,False,False,0.0003962090122513473,0.0,0.18209213411654696,True,True,True,False
0c5a11493a02f7ea72a8,null_anytime,null_calibration,3229,4082376144,16,5000,0.0,0.05,rbf,median,anytime,bonferroni,1,2,False,UNRESOLVED,5000,True,False,False,0.0003952080151066184,0.0,0.18209213411654696,True,True,True,False
de78be03c20e51cbcec4,null_anytime,null_calibration,3230,1919941179,16,5000,0.0,0.05,rbf,median,anytime,bonferroni,1,2,False,UNRESOLVED,5000,True,False,False,0.0003969169920310378,0.0,0.18209213411654696,True,True,True,False
e3a9ffb9a6c8fdea1682,null_anytime,null_calibration,3231,4267802271,16,5000,0.0,0.05,rbf,median,anytime,bonferroni,1,2,False,UNRESOLVED,5000,True,False,False,0.00039770803414285183,0.0,0.18209213411654696,True,True,True,False
16fb6ad731edcc4a21f4,null_anytime,null_calibration,3232,2196632580,16,5000,0.0,0.05,rbf,median,anytime,bonferroni,1,2,False,UNRESOLVED,5000,True,False,False,0.00039537495467811823,0.0,0.18209213411654696,True,True,True,False
e280af9851324dc52e0d,null_anytime,null_calibration,3233,863338656,16,5000,0.0,0.05,rbf,median,anytime,bonferroni,1,2,False,UNRESOLVED,5000,True,False,False,0.00039495801320299506,0.0,0.18209213411654696,True,True,True,False
ca98f14c9927cc87bbeb,null_anytime,null_calibration,3234,1910298448,16,5000,0.0,0.05,rbf,median,anytime,bonferroni,1,2,False,UNRESOLVED,5000,True,False,False,0.00040141696808859706,0.0,0.18209213411654696,True,True,True,False
95cf095edaaf289fc6af,null_anytime,null_calibration,3235,107934823,16,5000,0.0,0.05,rbf,median,anytime,bonferroni,1,2,False,UNRESOLVED,5000,True,False,False,0.0003950420068576932,0.0,0.18209213411654696,True,True,True,False
afdaa4089963f9b64124,null_anytime,null_calibration,3236,712925733,16,5000,0.0,0.05,rbf,median,anytime,bonferroni,1,2,False,UNRESOLVED,5000,True,False,False,0.0003975419676862657,0.0,0.18209213411654696,True,True,True,False
20e75a06500b68fd7587,null_anytime,null_calibration,3237,2393236336,16,5000,0.0,0.05,rbf,median,anytime,bonferroni,1,2,False,UNRESOLVED,5000,True,False,False,0.0003962090122513473,0.0,0.18209213411654696,True,True,True,False
337717546179d225ccf5,null_anytime,null_calibration,3238,2369649747,16,5000,0.0,0.05,rbf,median,anytime,bonferroni,1,2,False,UNRESOLVED,5000,True,False,False,0.00039545801701024175,0.0,0.18209213411654696,True,True,True,False
1f3ca5e5f68a2ddc34a6,null_anytime,null_calibration,3239,4160135763,16,5000,0.0,0.05,rbf,median,anytime,bonferroni,1,2,False,UNRESOLVED,5000,True,False,False,0.0003958330489695072,0.0,0.18209213411654696,True,True,True,False
ebb8b7c326c0de229d5c,null_anytime,null_calibration,3240,1615149813,16,5000,0.0,0.05,rbf,median,anytime,bonferroni,1,2,False,UNRESOLVED,5000,True,False,False,0.00039429200114682317,0.0,0.18209213411654696,True,True,True,False
7d274147c85430b2872d,null_anytime,null_calibration,3241,3611754473,16,5000,0.0,0.05,rbf,median,anytime,bonferroni,1,2,False,UNRESOLVED,5000,True,False,False,0.0003946250071749091,0.0,0.18209213411654696,True,True,True,False
46f43de5bb245637d635,null_anytime,null_calibration,3242,1456944337,16,5000,0.0,0.05,rbf,median,anytime,bonferroni,1,2,False,UNRESOLVED,5000,True,False,False,0.00039908295730128884,0.0,0.18209213411654696,True,True,True,False
d5e2d3fb73bf187e11d4,null_anytime,null_calibration,3243,1387077757,16,5000,0.0,0.05,rbf,median,anytime,bonferroni,1,2,False,UNRESOLVED,5000,True,False,False,0.00039645901415497065,0.0,0.18209213411654696,True,True,True,False
87ff4d46d8afd784a7cb,null_anytime,null_calibration,3244,2673477904,16,5000,0.0,0.05,rbf,median,anytime,bonferroni,1,2,False,UNRESOLVED,5000,True,False,False,0.0003951250109821558,0.0,0.18209213411654696,True,True,True,False
3f6850722fdf00d2d31e,null_anytime,null_calibration,3245,1406954463,16,5000,0.0,0.05,rbf,median,anytime,bonferroni,1,2,False,UNRESOLVED,5000,True,False,False,0.00039591698441654444,0.0,0.18209213411654696,True,True,True,False
7347efb3ceddb9865ffa,null_anytime,null_calibration,3246,3982884919,16,5000,0.0,0.05,rbf,median,anytime,bonferroni,1,2,False,UNRESOLVED,5000,True,False,False,0.0003933749976567924,0.0,0.18209213411654696,True,True,True,False
7e86f6df73502e68dbe3,null_anytime,null_calibration,3247,4052296629,16,5000,0.0,0.05,rbf,median,anytime,bonferroni,1,2,False,UNRESOLVED,5000,True,False,False,0.00039595802081748843,0.0,0.18209213411654696,True,True,True,False
9eb95ceda2a5772cad65,null_anytime,null_calibration,3248,2407752108,16,5000,0.0,0.05,rbf,median,anytime,bonferroni,1,2,False,UNRESOLVED,5000,True,False,False,0.0003951249527744949,0.0,0.18209213411654696,True,True,True,False
5e100c02ff111ac958db,null_anytime,null_calibration,3249,3091012872,16,5000,0.0,0.05,rbf,median,anytime,bonferroni,1,2,False,UNRESOLVED,5000,True,False,False,0.0003938750014640391,0.0,0.18209213411654696,True,True,True,False
c4a970c366f94c2363ba,null_anytime,null_calibration,3250,3707390811,16,5000,0.0,0.05,rbf,median,anytime,bonferroni,1,2,False,UNRESOLVED,5000,True,False,False,0.00039633404230698943,0.0,0.18209213411654696,True,True,True,False
80d737fdd3250d935b59,null_anytime,null_calibration,3251,1748030140,16,5000,0.0,0.05,rbf,median,anytime,bonferroni,1,2,False,UNRESOLVED,5000,True,False,False,0.0003974579740315676,0.0,0.18209213411654696,True,True,True,False
75f8179c254fa007ce55,null_anytime,null_calibration,3252,521714857,16,5000,0.0,0.05,rbf,median,anytime,bonferroni,1,2,False,UNRESOLVED,5000,True,False,False,0.00039716699393466115,0.0,0.18209213411654696,True,True,True,False
db742a45cd02de23917e,null_anytime,null_calibration,3253,3179474314,16,5000,0.0,0.05,rbf,median,anytime,bonferroni,1,2,False,UNRESOLVED,5000,True,False,False,0.00039520900463685393,0.0,0.18209213411654696,True,True,True,False
57562203ed6ab6e1aa68,null_anytime,null_calibration,3254,1131874204,16,5000,0.0,0.05,rbf,median,anytime,bonferroni,1,2,False,UNRESOLVED,5000,True,False,False,0.0004075419856235385,0.0,0.18209213411654696,True,True,True,False
9df70b3a1b5bdd75d7cd,null_anytime,null_calibration,3255,2043318101,16,5000,0.0,0.05,rbf,median,anytime,bonferroni,1,2,False,UNRESOLVED,5000,True,False,False,0.00040266697760671377,0.0,0.18209213411654696,True,True,True,False
7f97f66c5521b39e88ac,null_anytime,null_calibration,3256,556689028,16,5000,0.0,0.05,rbf,median,anytime,bonferroni,1,2,False,UNRESOLVED,5000,True,False,False,0.000397083000279963,0.0,0.18209213411654696,True,True,True,False
6ac385d22760bbea2b69,null_anytime,null_calibration,3257,2293990414,16,5000,0.0,0.05,rbf,median,anytime,bonferroni,1,2,False,UNRESOLVED,5000,True,False,False,0.0003968330565840006,0.0,0.18209213411654696,True,True,True,False
24d373d64fd069c9c421,null_anytime,null_calibration,3258,128970785,16,5000,0.0,0.05,rbf,median,anytime,bonferroni,1,2,False,UNRESOLVED,5000,True,False,False,0.00039654201827943325,0.0,0.18209213411654696,True,True,True,False
6c88fb091fd03e4f9b4b,null_anytime,null_calibration,3259,560772710,16,5000,0.0,0.05,rbf,median,anytime,bonferroni,1,2,False,UNRESOLVED,5000,True,False,False,0.0003973339917138219,0.0,0.18209213411654696,True,True,True,False
35faedd4ef6bb63cd5d4,null_anytime,null_calibration,3260,63061080,16,5000,0.0,0.05,rbf,median,anytime,bonferroni,1,2,False,UNRESOLVED,5000,True,False,False,0.0003957920125685632,0.0,0.18209213411654696,True,True,True,False
bb6be56632bc6c459b6d,null_anytime,null_calibration,3261,3620692166,16,5000,0.0,0.05,rbf,median,anytime,bonferroni,1,2,False,UNRESOLVED,5000,True,False,False,0.00039425003342330456,0.0,0.18209213411654696,True,True,True,False
4b9c9f1498c6a892bbc7,null_anytime,null_calibration,3262,3329479554,16,5000,0.0,0.05,rbf,median,anytime,bonferroni,1,2,False,UNRESOLVED,5000,True,False,False,0.00039466703310608864,0.0,0.18209213411654696,True,True,True,False
dfe6e268f6e1a91653f4,null_anytime,null_calibration,3263,267180953,16,5000,0.0,0.05,rbf,median,anytime,bonferroni,1,2,False,UNRESOLVED,5000,True,False,False,0.00039495795499533415,0.0,0.18209213411654696,True,True,True,False
75b9d9299a86647959c2,null_anytime,null_calibration,3264,2500666644,16,5000,0.0,0.05,rbf,median,anytime,bonferroni,1,2,False,UNRESOLVED,5000,True,False,False,0.00039487495087087154,0.0,0.18209213411654696,True,True,True,False
6e8905c90aca82faf624,null_anytime,null_calibration,3265,4081507874,16,5000,0.0,0.05,rbf,median,anytime,bonferroni,1,2,False,UNRESOLVED,5000,True,False,False,0.00039583398029208183,0.0,0.18209213411654696,True,True,True,False
09a85eed4fc2925d3fbc,null_anytime,null_calibration,3266,1390189643,16,5000,0.0,0.05,rbf,median,anytime,bonferroni,1,2,False,UNRESOLVED,5000,True,False,False,0.0003945000353269279,0.0,0.18209213411654696,True,True,True,False
c1d03f414d52929925f2,null_anytime,null_calibration,3267,3516868743,16,5000,0.0,0.05,rbf,median,anytime,bonferroni,1,2,False,UNRESOLVED,5000,True,False,False,0.0003937919973395765,0.0,0.18209213411654696,True,True,True,False
33615caec10cb4259f5d,null_anytime,null_calibration,3268,858397249,16,5000,0.0,0.05,rbf,median,anytime,bonferroni,1,2,False,UNRESOLVED,5000,True,False,False,0.00039620796451345086,0.0,0.18209213411654696,True,True,True,False
cc363374bffe90157756,null_anytime,null_calibration,3269,3983017992,16,5000,0.0,0.05,rbf,median,anytime,bonferroni,1,2,False,UNRESOLVED,5000,True,False,False,0.000397459021769464,0.0,0.18209213411654696,True,True,True,False
e2f65d962c7c348e2177,null_anytime,null_calibration,3270,3427867735,16,5000,0.0,0.05,rbf,median,anytime,bonferroni,1,2,False,UNRESOLVED,5000,True,False,False,0.00039487495087087154,0.0,0.18209213411654696,True,True,True,False
f669b93dfb3e66afd89b,null_anytime,null_calibration,3271,1848161508,16,5000,0.0,0.05,rbf,median,anytime,bonferroni,1,2,False,UNRESOLVED,5000,True,False,False,0.000394499977119267,0.0,0.18209213411654696,True,True,True,False
d16dc90c63d1477fb45b,null_anytime,null_calibration,3272,915077455,16,5000,0.0,0.05,rbf,median,anytime,bonferroni,1,2,False,UNRESOLVED,5000,True,False,False,0.00039495795499533415,0.0,0.18209213411654696,True,True,True,False
2440e6c4aba7bfff3302,null_anytime,null_calibration,3273,1568938266,16,5000,0.0,0.05,rbf,median,anytime,bonferroni,1,2,False,UNRESOLVED,5000,True,False,False,0.0003957499866373837,0.0,0.18209213411654696,True,True,True,False
a1f3d0af78ec7c128895,null_anytime,null_calibration,3274,3471942501,16,5000,0.0,0.05,rbf,median,anytime,bonferroni,1,2,False,UNRESOLVED,5000,True,False,False,0.00039787503192201257,0.0,0.18209213411654696,True,True,True,False
e837f4c8643dcdc27b27,null_anytime,null_calibration,3275,1210002228,16,5000,0.0,0.05,rbf,median,anytime,bonferroni,1,2,False,UNRESOLVED,5000,True,False,False,0.000394917035009712,0.0,0.18209213411654696,True,True,True,False
dbfda5a53879b79fffc5,null_anytime,null_calibration,3276,936883309,16,5000,0.0,0.05,rbf,median,anytime,bonferroni,1,2,False,UNRESOLVED,5000,True,False,False,0.00039974995888769627,0.0,0.18209213411654696,True,True,True,False
f9f0d4b0b58bb94c991c,null_anytime,null_calibration,3277,2141022178,16,5000,0.0,0.05,rbf,median,anytime,bonferroni,1,2,False,UNRESOLVED,5000,True,False,False,0.00039520900463685393,0.0,0.18209213411654696,True,True,True,False
979ea821b0735fe4acaa,null_anytime,null_calibration,3278,3202651582,16,5000,0.0,0.05,rbf,median,anytime,bonferroni,1,2,False,UNRESOLVED,5000,True,False,False,0.0003951250109821558,0.0,0.18209213411654696,True,True,True,False
383852728c55e416b57c,null_anytime,null_calibration,3279,3653171277,16,5000,0.0,0.05,rbf,median,anytime,bonferroni,1,2,False,UNRESOLVED,5000,True,False,False,0.00039829203160479665,0.0,0.18209213411654696,True,True,True,False
b8fc5609a3b5015f08ca,null_anytime,null_calibration,3280,2300524483,16,5000,0.0,0.05,rbf,median,anytime,bonferroni,1,2,False,UNRESOLVED,5000,True,False,False,0.0003957090084441006,0.0,0.18209213411654696,True,True,True,False
e08c4ccb018515f46a57,null_anytime,null_calibration,3281,3820551221,16,5000,0.0,0.05,rbf,median,anytime,bonferroni,1,2,False,UNRESOLVED,5000,True,False,False,0.0003945829812437296,0.0,0.18209213411654696,True,True,True,False
e53234838fbdcc12a3ad,null_anytime,null_calibration,3282,957850027,16,5000,0.0,0.05,rbf,median,anytime,bonferroni,1,2,False,UNRESOLVED,5000,True,False,False,0.0003957499866373837,0.0,0.18209213411654696,True,True,True,False
86ef160828e88c709cfc,null_anytime,null_calibration,3283,333747993,16,5000,0.0,0.05,rbf,median,anytime,bonferroni,1,2,False,UNRESOLVED,5000,True,False,False,0.0003946669748984277,0.0,0.18209213411654696,True,True,True,False
14f3884699e7ebd765c7,null_anytime,null_calibration,3284,1323797382,16,5000,0.0,0.05,rbf,median,anytime,bonferroni,1,2,False,UNRESOLVED,5000,True,False,False,0.00039558298885822296,0.0,0.18209213411654696,True,True,True,False
0326e02e4ca09c757eae,null_anytime,null_calibration,3285,3417924405,16,5000,0.0,0.05,rbf,median,anytime,bonferroni,1,2,False,UNRESOLVED,5000,True,False,False,0.0003946250071749091,0.0,0.18209213411654696,True,True,True,False
53010f4e70e39e570f94,null_anytime,null_calibration,3286,744706194,16,5000,0.0,0.05,rbf,median,anytime,bonferroni,1,2,False,UNRESOLVED,5000,True,False,False,0.00039604201447218657,0.0,0.18209213411654696,True,True,True,False
2b9d8bbad0574a6e8355,null_anytime,null_calibration,3287,885997896,16,5000,0.0,0.05,rbf,median,anytime,bonferroni,1,2,False,UNRESOLVED,5000,True,False,False,0.0006316669750958681,0.0,0.18209213411654696,True,True,True,False
1716ecebeaa69c030190,null_anytime,null_calibration,3288,1868485364,16,5000,0.0,0.05,rbf,median,anytime,bonferroni,1,2,False,UNRESOLVED,5000,True,False,False,0.000649375026114285,0.0,0.18209213411654696,True,True,True,False
73c00a61e4b060b5e52d,null_anytime,null_calibration,3289,4179502199,16,5000,0.0,0.05,rbf,median,anytime,bonferroni,1,2,False,UNRESOLVED,5000,True,False,False,0.0005629169754683971,0.0,0.18209213411654696,True,True,True,False
58c428d19e4a9e7defc2,null_anytime,null_calibration,3290,1208965719,16,5000,0.0,0.05,rbf,median,anytime,bonferroni,1,2,False,UNRESOLVED,5000,True,False,False,0.00055237504420802,0.0,0.18209213411654696,True,True,True,False
379f19f41718bdbd8e1c,null_anytime,null_calibration,3291,762509913,16,5000,0.0,0.05,rbf,median,anytime,bonferroni,1,2,False,UNRESOLVED,5000,True,False,False,0.0005506250308826566,0.0,0.18209213411654696,True,True,True,False
3135a8d653fb755a40c0,null_anytime,null_calibration,3292,364201584,16,5000,0.0,0.05,rbf,median,anytime,bonferroni,1,2,False,UNRESOLVED,5000,True,False,False,0.0005606249906122684,0.0,0.18209213411654696,True,True,True,False
a63ac52d41e012e85c98,null_anytime,null_calibration,3293,3287172771,16,5000,0.0,0.05,rbf,median,anytime,bonferroni,1,2,False,UNRESOLVED,5000,True,False,False,0.0005462919943965971,0.0,0.18209213411654696,True,True,True,False
10f8d634628432b410ac,null_anytime,null_calibration,3294,1402173976,16,5000,0.0,0.05,rbf,median,anytime,bonferroni,1,2,False,UNRESOLVED,5000,True,False,False,0.0005467089940793812,0.0,0.18209213411654696,True,True,True,False
e51d9fecb4eeb9879208,null_anytime,null_calibration,3295,2027615615,16,5000,0.0,0.05,rbf,median,anytime,bonferroni,1,2,False,UNRESOLVED,5000,True,False,False,0.0005458749947138131,0.0,0.18209213411654696,True,True,True,False
b55d9750fbab220a82c7,null_anytime,null_calibration,3296,3582939952,16,5000,0.0,0.05,rbf,median,anytime,bonferroni,1,2,False,UNRESOLVED,5000,True,False,False,0.0005454170168377459,0.0,0.18209213411654696,True,True,True,False
fa5402c6663901d86ab8,null_anytime,null_calibration,3297,1797930943,16,5000,0.0,0.05,rbf,median,anytime,bonferroni,1,2,False,UNRESOLVED,5000,True,False,False,0.0005440830136649311,0.0,0.18209213411654696,True,True,True,False
4250acfdac49175a5f70,null_anytime,null_calibration,3298,1530312244,16,5000,0.0,0.05,rbf,median,anytime,bonferroni,1,2,False,UNRESOLVED,5000,True,False,False,0.0005434160120785236,0.0,0.18209213411654696,True,True,True,False
4a65b062384b002ace52,null_anytime,null_calibration,3299,1147625602,16,5000,0.0,0.05,rbf,median,anytime,bonferroni,1,2,False,UNRESOLVED,5000,True,False,False,0.0005517079844139516,0.0,0.18209213411654696,True,True,True,False
3421ba66ef6373c6ef92,null_anytime,null_calibration,3300,2701119298,16,5000,0.0,0.05,rbf,median,anytime,bonferroni,1,2,False,UNRESOLVED,5000,True,False,False,0.000548041018191725,0.0,0.18209213411654696,True,True,True,False
d857a33926aa06bbccb2,null_anytime,null_calibration,3301,4108289251,16,5000,0.0,0.05,rbf,median,anytime,bonferroni,1,2,False,UNRESOLVED,5000,True,False,False,0.0005534589872695506,0.0,0.18209213411654696,True,True,True,False
a4d20d95f9c8b18fe807,null_anytime,null_calibration,3302,2277109409,16,5000,0.0,0.05,rbf,median,anytime,bonferroni,1,2,False,UNRESOLVED,5000,True,False,False,0.0006357920356094837,0.0,0.18209213411654696,True,True,True,False
43df1eed157814f0a6b5,null_anytime,null_calibration,3303,238985468,16,5000,0.0,0.05,rbf,median,anytime,bonferroni,1,2,False,UNRESOLVED,5000,True,False,False,0.0006659170030616224,0.0,0.18209213411654696,True,True,True,False
f579da48d3c70e1e9c40,null_anytime,null_calibration,3304,4237027422,16,5000,0.0,0.05,rbf,median,anytime,bonferroni,1,2,False,UNRESOLVED,5000,True,False,False,0.0005929580074734986,0.0,0.18209213411654696,True,True,True,False
1f0205c7ec9f484d878e,null_anytime,null_calibration,3305,749122610,16,5000,0.0,0.05,rbf,median,anytime,bonferroni,1,2,False,UNRESOLVED,5000,True,False,False,0.0005586670013144612,0.0,0.18209213411654696,True,True,True,False
eca09d2113f08f2de232,null_anytime,null_calibration,3306,2746564345,16,5000,0.0,0.05,rbf,median,anytime,bonferroni,1,2,False,UNRESOLVED,5000,True,False,False,0.0005511670024134219,0.0,0.18209213411654696,True,True,True,False
4e9bdb5ff1e55e2384e5,null_anytime,null_calibration,3307,1939979073,16,5000,0.0,0.05,rbf,median,anytime,bonferroni,1,2,False,UNRESOLVED,5000,True,False,False,0.0005477920058183372,0.0,0.18209213411654696,True,True,True,False
54bc5cad564d50edcf3a,null_anytime,null_calibration,3308,2544786511,16,5000,0.0,0.05,rbf,median,anytime,bonferroni,1,2,False,UNRESOLVED,5000,True,False,False,0.0005479170358739793,0.0,0.18209213411654696,True,True,True,False
e0a31472d321ee1df118,null_anytime,null_calibration,3309,448821698,16,5000,0.0,0.05,rbf,median,anytime,bonferroni,1,2,False,UNRESOLVED,5000,True,False,False,0.0005460000247694552,0.0,0.18209213411654696,True,True,True,False
14c670ec4d316ebf4067,null_anytime,null_calibration,3310,2079816056,16,5000,0.0,0.05,rbf,median,anytime,bonferroni,1,2,False,UNRESOLVED,5000,True,False,False,0.0005499579710885882,0.0,0.18209213411654696,True,True,True,False
6ecc6037443323afa975,null_anytime,null_calibration,3311,2982552450,16,5000,0.0,0.05,rbf,median,anytime,bonferroni,1,2,False,UNRESOLVED,5000,True,False,False,0.0005448749870993197,0.0,0.18209213411654696,True,True,True,False
b76a57f0babac6109410,null_anytime,null_calibration,3312,2743201030,16,5000,0.0,0.05,rbf,median,anytime,bonferroni,1,2,False,UNRESOLVED,5000,True,False,False,0.0005659590242430568,0.0,0.18209213411654696,True,True,True,False
af10db4ba1016a2e9ed3,null_anytime,null_calibration,3313,1130880732,16,5000,0.0,0.05,rbf,median,anytime,bonferroni,1,2,False,UNRESOLVED,5000,True,False,False,0.000562082976102829,0.0,0.18209213411654696,True,True,True,False
6ddab988314985dee2b0,null_anytime,null_calibration,3314,714022258,16,5000,0.0,0.05,rbf,median,anytime,bonferroni,1,2,False,UNRESOLVED,5000,True,False,False,0.000554499973077327,0.0,0.18209213411654696,True,True,True,False
29415332b8474f4bf3e5,null_anytime,null_calibration,3315,2533018995,16,5000,0.0,0.05,rbf,median,anytime,bonferroni,1,2,False,UNRESOLVED,5000,True,False,False,0.0005804170505143702,0.0,0.18209213411654696,True,True,True,False
cf3ea7c7eae2b660089f,null_anytime,null_calibration,3316,3376675196,16,5000,0.0,0.05,rbf,median,anytime,bonferroni,1,2,False,UNRESOLVED,5000,True,False,False,0.0005780000356025994,0.0,0.18209213411654696,True,True,True,False
79035905f31196a6d104,null_anytime,null_calibration,3317,1623715392,16,5000,0.0,0.05,rbf,median,anytime,bonferroni,1,2,False,UNRESOLVED,5000,True,False,False,0.000545125047210604,0.0,0.18209213411654696,True,True,True,False
e9c276a6e219c7f343b6,null_anytime,null_calibration,3318,4194223363,16,5000,0.0,0.05,rbf,median,anytime,bonferroni,1,2,False,UNRESOLVED,5000,True,False,False,0.000544707989320159,0.0,0.18209213411654696,True,True,True,False
c0e5f59f39b45fc6789d,null_anytime,null_calibration,3319,4128016623,16,5000,0.0,0.05,rbf,median,anytime,bonferroni,1,2,False,UNRESOLVED,5000,True,False,False,0.0005487920134328306,0.0,0.18209213411654696,True,True,True,False
727013b0356ed4214908,null_anytime,null_calibration,3320,3416386550,16,5000,0.0,0.05,rbf,median,anytime,bonferroni,1,2,False,UNRESOLVED,5000,True,False,False,0.0005388330318965018,0.0,0.18209213411654696,True,True,True,False
6960d2a450e9b55a5bbd,null_anytime,null_calibration,3321,2255978122,16,5000,0.0,0.05,rbf,median,anytime,bonferroni,1,2,False,UNRESOLVED,5000,True,False,False,0.0004012080025859177,0.0,0.18209213411654696,True,True,True,False
9c3b00a36b70d7131c96,null_anytime,null_calibration,3322,683644612,16,5000,0.0,0.05,rbf,median,anytime,bonferroni,1,2,False,UNRESOLVED,5000,True,False,False,0.00039783300599083304,0.0,0.18209213411654696,True,True,True,False
a9b9a78817b20ce49486,null_anytime,null_calibration,3323,3421533204,16,5000,0.0,0.05,rbf,median,anytime,bonferroni,1,2,False,UNRESOLVED,5000,True,False,False,0.0003962920163758099,0.0,0.18209213411654696,True,True,True,False
4dd5d6f0fc448955cc7c,null_anytime,null_calibration,3324,1221747958,16,5000,0.0,0.05,rbf,median,anytime,bonferroni,1,2,False,UNRESOLVED,5000,True,False,False,0.0003979169996455312,0.0,0.18209213411654696,True,True,True,False
60da88c6d702a21e5211,null_anytime,null_calibration,3325,3524310582,16,5000,0.0,0.05,rbf,median,anytime,bonferroni,1,2,False,UNRESOLVED,5000,True,False,False,0.00039658299647271633,0.0,0.18209213411654696,True,True,True,False
1d57a2d7c52b808061f8,null_anytime,null_calibration,3326,1236054758,16,5000,0.0,0.05,rbf,median,anytime,bonferroni,1,2,False,UNRESOLVED,5000,True,False,False,0.00039779202779754996,0.0,0.18209213411654696,True,True,True,False
b7123ac8c8138e9b085b,null_anytime,null_calibration,3327,1490665742,16,5000,0.0,0.05,rbf,median,anytime,bonferroni,1,2,False,UNRESOLVED,5000,True,False,False,0.00039737496990710497,0.0,0.18209213411654696,True,True,True,False
f5ca0f00c7cce3059c52,null_anytime,null_calibration,3328,3250699166,16,5000,0.0,0.05,rbf,median,anytime,bonferroni,1,2,False,UNRESOLVED,5000,True,False,False,0.0003968329983763397,0.0,0.18209213411654696,True,True,True,False
9e153ff908b63bb07502,null_anytime,null_calibration,3329,1912120562,16,5000,0.0,0.05,rbf,median,anytime,bonferroni,1,2,False,UNRESOLVED,5000,True,False,False,0.000396709016058594,0.0,0.18209213411654696,True,True,True,False
2d9ba6e23aa690ae470d,null_anytime,null_calibration,3330,1015830334,16,5000,0.0,0.05,rbf,median,anytime,bonferroni,1,2,False,UNRESOLVED,5000,True,False,False,0.0003997920430265367,0.0,0.18209213411654696,True,True,True,False
2d590e8eb2310969e3e9,null_anytime,null_calibration,3331,2277030608,16,5000,0.0,0.05,rbf,median,anytime,bonferroni,1,2,False,UNRESOLVED,5000,True,False,False,0.00039787503192201257,0.0,0.18209213411654696,True,True,True,False
75d11265eda31d33caff,null_anytime,null_calibration,3332,2569739616,16,5000,0.0,0.05,rbf,median,anytime,bonferroni,1,2,False,UNRESOLVED,5000,True,False,False,0.00039741600630804896,0.0,0.18209213411654696,True,True,True,False
457f05a852644de9c692,null_anytime,null_calibration,3333,1726727771,16,5000,0.0,0.05,rbf,median,anytime,bonferroni,1,2,False,UNRESOLVED,5000,True,False,False,0.00039616599678993225,0.0,0.18209213411654696,True,True,True,False
aba71af299f98f051421,null_anytime,null_calibration,3334,4189670980,16,5000,0.0,0.05,rbf,median,anytime,bonferroni,1,2,False,UNRESOLVED,5000,True,False,False,0.00039549998473376036,0.0,0.18209213411654696,True,True,True,False
c07dd89b4877afbc23e2,null_anytime,null_calibration,3335,2382139705,16,5000,0.0,0.05,rbf,median,anytime,bonferroni,1,2,False,UNRESOLVED,5000,True,False,False,0.0003986249794252217,0.0,0.18209213411654696,True,True,True,False
d9242cf7df2e6fb7bdf6,null_anytime,null_calibration,3336,849961970,16,5000,0.0,0.05,rbf,median,anytime,bonferroni,1,2,False,UNRESOLVED,5000,True,False,False,0.00039795797783881426,0.0,0.18209213411654696,True,True,True,False
cb77aedcc9959d064662,null_anytime,null_calibration,3337,2181426519,16,5000,0.0,0.05,rbf,median,anytime,bonferroni,1,2,False,UNRESOLVED,5000,True,False,False,0.0003964169882237911,0.0,0.18209213411654696,True,True,True,False
4bb1413cbacf3d5fa3df,null_anytime,null_calibration,3338,3150874452,16,5000,0.0,0.05,rbf,median,anytime,bonferroni,1,2,False,UNRESOLVED,5000,True,False,False,0.00039599998854100704,0.0,0.18209213411654696,True,True,True,False
9224eb229f2b836d09ae,null_anytime,null_calibration,3339,3084987833,16,5000,0.0,0.05,rbf,median,anytime,bonferroni,1,2,False,UNRESOLVED,5000,True,False,False,0.00039591698441654444,0.0,0.18209213411654696,True,True,True,False
2a89b4e6e186f96977c9,null_anytime,null_calibration,3340,3326775864,16,5000,0.0,0.05,rbf,median,anytime,bonferroni,1,2,False,UNRESOLVED,5000,True,False,False,0.00039587501669302583,0.0,0.18209213411654696,True,True,True,False
3d35468d24222ac10550,null_anytime,null_calibration,3341,3150087382,16,5000,0.0,0.05,rbf,median,anytime,bonferroni,1,2,False,UNRESOLVED,5000,True,False,False,0.0004408330423757434,0.0,0.18209213411654696,True,True,True,False
01c24bc9e75fe1f1533f,null_anytime,null_calibration,3342,2589969213,16,5000,0.0,0.05,rbf,median,anytime,bonferroni,1,2,False,UNRESOLVED,5000,True,False,False,0.00039658299647271633,0.0,0.18209213411654696,True,True,True,False
65d9e7944709e2829980,null_anytime,null_calibration,3343,2918736503,16,5000,0.0,0.05,rbf,median,anytime,bonferroni,1,2,False,UNRESOLVED,5000,True,False,False,0.0003963339840993285,0.0,0.18209213411654696,True,True,True,False
7f37feec88e396f5f49f,null_anytime,null_calibration,3344,3947863538,16,5000,0.0,0.05,rbf,median,anytime,bonferroni,1,2,False,UNRESOLVED,5000,True,False,False,0.0003997500170953572,0.0,0.18209213411654696,True,True,True,False
b0e6abbf70aac3e274e2,null_anytime,null_calibration,3345,4007190027,16,5000,0.0,0.05,rbf,median,anytime,bonferroni,1,2,False,UNRESOLVED,5000,True,False,False,0.00039604195626452565,0.0,0.18209213411654696,True,True,True,False
c36734f6ee36fc85a93f,null_anytime,null_calibration,3346,1346835986,16,5000,0.0,0.05,rbf,median,anytime,bonferroni,1,2,False,UNRESOLVED,5000,True,False,False,0.00039729196578264236,0.0,0.18209213411654696,True,True,True,False
07f1a484c4ae1d88a30c,null_anytime,null_calibration,3347,1530724706,16,5000,0.0,0.05,rbf,median,anytime,bonferroni,1,2,False,UNRESOLVED,5000,True,False,False,0.00039595802081748843,0.0,0.18209213411654696,True,True,True,False
ef79f4a639827ab434e3,null_anytime,null_calibration,3348,3509313307,16,5000,0.0,0.05,rbf,median,anytime,bonferroni,1,2,False,UNRESOLVED,5000,True,False,False,0.00039604201447218657,0.0,0.18209213411654696,True,True,True,False
b803195932a53f594124,null_anytime,null_calibration,3349,2480559886,16,5000,0.0,0.05,rbf,median,anytime,bonferroni,1,2,False,UNRESOLVED,5000,True,False,False,0.00039583403849974275,0.0,0.18209213411654696,True,True,True,False
9415e6b8f6e990edf9fd,null_anytime,null_calibration,3350,1230462472,16,5000,0.0,0.05,rbf,median,anytime,bonferroni,1,2,False,UNRESOLVED,5000,True,False,False,0.0004005410009995103,0.0,0.18209213411654696,True,True,True,False
30e06886c42f86e9a1bc,null_anytime,null_calibration,3351,1879274980,16,5000,0.0,0.05,rbf,median,anytime,bonferroni,1,2,False,UNRESOLVED,5000,True,False,False,0.0003969999961555004,0.0,0.18209213411654696,True,True,True,False
e039db1caa0bdcad8ee0,null_anytime,null_calibration,3352,3791357858,16,5000,0.0,0.05,rbf,median,anytime,bonferroni,1,2,False,UNRESOLVED,5000,True,False,False,0.0006739579839631915,0.0,0.18209213411654696,True,True,True,False
5780cbd92fce0b11198e,null_anytime,null_calibration,3353,1262235608,16,5000,0.0,0.05,rbf,median,anytime,bonferroni,1,2,False,UNRESOLVED,5000,True,False,False,0.0006132499547675252,0.0,0.18209213411654696,True,True,True,False
0ed53841427c2bf89dcd,null_anytime,null_calibration,3354,3569434580,16,5000,0.0,0.05,rbf,median,anytime,bonferroni,1,2,False,UNRESOLVED,5000,True,False,False,0.0005547910113818944,0.0,0.18209213411654696,True,True,True,False
206b131d6b5ad582b376,null_anytime,null_calibration,3355,764816517,16,5000,0.0,0.05,rbf,median,anytime,bonferroni,1,2,False,UNRESOLVED,5000,True,False,False,0.0005719169857911766,0.0,0.18209213411654696,True,True,True,False
24fa5bb766d08c8fead8,null_anytime,null_calibration,3356,1709712195,16,5000,0.0,0.05,rbf,median,anytime,bonferroni,1,2,False,UNRESOLVED,5000,True,False,False,0.00055854202946648,0.0,0.18209213411654696,True,True,True,False
5f0b2be10162e6511af6,null_anytime,null_calibration,3357,2518367364,16,5000,0.0,0.05,rbf,median,anytime,bonferroni,1,2,False,UNRESOLVED,5000,True,False,False,0.0005456670187413692,0.0,0.18209213411654696,True,True,True,False
ee8359cdc338972b7596,null_anytime,null_calibration,3358,3967706511,16,5000,0.0,0.05,rbf,median,anytime,bonferroni,1,2,False,UNRESOLVED,5000,True,False,False,0.0005454999627545476,0.0,0.18209213411654696,True,True,True,False
d333759b905d6062afdf,null_anytime,null_calibration,3359,1213325192,16,5000,0.0,0.05,rbf,median,anytime,bonferroni,1,2,False,UNRESOLVED,5000,True,False,False,0.0005428750300779939,0.0,0.18209213411654696,True,True,True,False
58ceec275ea791384e3d,null_anytime,null_calibration,3360,67075349,16,5000,0.0,0.05,rbf,median,anytime,bonferroni,1,2,False,UNRESOLVED,5000,True,False,False,0.0005605419864878058,0.0,0.18209213411654696,True,True,True,False
40643bfaa2fe0db585b8,null_anytime,null_calibration,3361,524120987,16,5000,0.0,0.05,rbf,median,anytime,bonferroni,1,2,False,UNRESOLVED,5000,True,False,False,0.0005430830060504377,0.0,0.18209213411654696,True,True,True,False
f33b6986a75e0cf93136,null_anytime,null_calibration,3362,931845800,16,5000,0.0,0.05,rbf,median,anytime,bonferroni,1,2,False,UNRESOLVED,5000,True,False,False,0.000543624977581203,0.0,0.18209213411654696,True,True,True,False
7237de9d621bd60c580a,null_anytime,null_calibration,3363,685801994,16,5000,0.0,0.05,rbf,median,anytime,bonferroni,1,2,False,UNRESOLVED,5000,True,False,False,0.0005538329714909196,0.0,0.18209213411654696,True,True,True,False
b95ae6d575dfb6d1b1a5,null_anytime,null_calibration,3364,462119425,16,5000,0.0,0.05,rbf,median,anytime,bonferroni,1,2,False,UNRESOLVED,5000,True,False,False,0.00054191704839468,0.0,0.18209213411654696,True,True,True,False
c9275ee71208d4f9a904,null_anytime,null_calibration,3365,70186359,16,5000,0.0,0.05,rbf,median,anytime,bonferroni,1,2,False,UNRESOLVED,5000,True,False,False,0.0005485839792527258,0.0,0.18209213411654696,True,True,True,False
32fbc177f547cd06091b,null_anytime,null_calibration,3366,949277793,16,5000,0.0,0.05,rbf,median,anytime,bonferroni,1,2,False,UNRESOLVED,5000,True,False,False,0.0005484999855980277,0.0,0.18209213411654696,True,True,True,False
8a93e24e3ad0a2713a80,null_anytime,null_calibration,3367,3913146303,16,5000,0.0,0.05,rbf,median,anytime,bonferroni,1,2,False,UNRESOLVED,5000,True,False,False,0.0005735000013373792,0.0,0.18209213411654696,True,True,True,False
0ec8d1880f189e821eb0,null_anytime,null_calibration,3368,3029335591,16,5000,0.0,0.05,rbf,median,anytime,bonferroni,1,2,False,UNRESOLVED,5000,True,False,False,0.0005884580314159393,0.0,0.18209213411654696,True,True,True,False
819f930f67e6c24168e5,null_anytime,null_calibration,3369,782379038,16,5000,0.0,0.05,rbf,median,anytime,bonferroni,1,2,False,UNRESOLVED,5000,True,False,False,0.000415499962400645,0.0,0.18209213411654696,True,True,True,False
f56338922126ba9b34a0,null_anytime,null_calibration,3370,3173714101,16,5000,0.0,0.05,rbf,median,anytime,bonferroni,1,2,False,UNRESOLVED,5000,True,False,False,0.00040395901305601,0.0,0.18209213411654696,True,True,True,False
3112e60ac379bab80545,null_anytime,null_calibration,3371,1135175281,16,5000,0.0,0.05,rbf,median,anytime,bonferroni,1,2,False,UNRESOLVED,5000,True,False,False,0.00039895804366096854,0.0,0.18209213411654696,True,True,True,False
b36413f8ca3026dc177d,null_anytime,null_calibration,3372,3320833799,16,5000,0.0,0.05,rbf,median,anytime,bonferroni,1,2,False,UNRESOLVED,5000,True,False,False,0.0004006249946542084,0.0,0.18209213411654696,True,True,True,False
1bcf63b05541b97a5d72,null_anytime,null_calibration,3373,2180968401,16,5000,0.0,0.05,rbf,median,anytime,bonferroni,1,2,False,UNRESOLVED,5000,True,False,False,0.0003974579740315676,0.0,0.18209213411654696,True,True,True,False
4c27dd00544073c71f92,null_anytime,null_calibration,3374,1074408187,16,5000,0.0,0.05,rbf,median,anytime,bonferroni,1,2,False,UNRESOLVED,5000,True,False,False,0.000398874981328845,0.0,0.18209213411654696,True,True,True,False
c090e80f7c0016de2869,null_anytime,null_calibration,3375,1274020713,16,5000,0.0,0.05,rbf,median,anytime,bonferroni,1,2,False,UNRESOLVED,5000,True,False,False,0.0003957499866373837,0.0,0.18209213411654696,True,True,True,False
d1a5f1e8ee521b9a9e2d,null_anytime,null_calibration,3376,2627844127,16,5000,0.0,0.05,rbf,median,anytime,bonferroni,1,2,False,UNRESOLVED,5000,True,False,False,0.00039491697680205107,0.0,0.18209213411654696,True,True,True,False
59d211305bb606b3b410,null_anytime,null_calibration,3377,2291729452,16,5000,0.0,0.05,rbf,median,anytime,bonferroni,1,2,False,UNRESOLVED,5000,True,False,False,0.00039429200114682317,0.0,0.18209213411654696,True,True,True,False
3bf8d9a30e3ca6d600ea,null_anytime,null_calibration,3378,731198825,16,5000,0.0,0.05,rbf,median,anytime,bonferroni,1,2,False,UNRESOLVED,5000,True,False,False,0.0003915000124834478,0.0,0.18209213411654696,True,True,True,False
28e238fc0b2447385bde,null_anytime,null_calibration,3379,1448766612,16,5000,0.0,0.05,rbf,median,anytime,bonferroni,1,2,False,UNRESOLVED,5000,True,False,False,0.00039437500527128577,0.0,0.18209213411654696,True,True,True,False
0bc0537edfa78c18dc72,null_anytime,null_calibration,3380,2148366101,16,5000,0.0,0.05,rbf,median,anytime,bonferroni,1,2,False,UNRESOLVED,5000,True,False,False,0.0003933749976567924,0.0,0.18209213411654696,True,True,True,False
d5176ea4cf9375c85506,null_anytime,null_calibration,3381,3725921173,16,5000,0.0,0.05,rbf,median,anytime,bonferroni,1,2,False,UNRESOLVED,5000,True,False,False,0.0003974999999627471,0.0,0.18209213411654696,True,True,True,False
dff92e6820a381cfbad1,null_anytime,null_calibration,3382,2464425761,16,5000,0.0,0.05,rbf,median,anytime,bonferroni,1,2,False,UNRESOLVED,5000,True,False,False,0.00039425003342330456,0.0,0.18209213411654696,True,True,True,False
84d0e5ad417099adeeec,null_anytime,null_calibration,3383,1755875773,16,5000,0.0,0.05,rbf,median,anytime,bonferroni,1,2,False,UNRESOLVED,5000,True,False,False,0.0003929579979740083,0.0,0.18209213411654696,True,True,True,False
4f1b0da1548b63caf871,null_anytime,null_calibration,3384,1649260562,16,5000,0.0,0.05,rbf,median,anytime,bonferroni,1,2,False,UNRESOLVED,5000,True,False,False,0.0003940000315196812,0.0,0.18209213411654696,True,True,True,False
fc3b617fd62ef4b5f748,null_anytime,null_calibration,3385,1444421684,16,5000,0.0,0.05,rbf,median,anytime,bonferroni,1,2,False,UNRESOLVED,5000,True,False,False,0.00039354199543595314,0.0,0.18209213411654696,True,True,True,False
910db17852c90b368ad0,null_anytime,null_calibration,3386,4104302157,16,5000,0.0,0.05,rbf,median,anytime,bonferroni,1,2,False,UNRESOLVED,5000,True,False,False,0.00039233401184901595,0.0,0.18209213411654696,True,True,True,False
c350626675038c63807a,null_anytime,null_calibration,3387,2822130004,16,5000,0.0,0.05,rbf,median,anytime,bonferroni,1,2,False,UNRESOLVED,5000,True,False,False,0.0003940410097129643,0.0,0.18209213411654696,True,True,True,False
06d14d98f8ccf94722ae,null_anytime,null_calibration,3388,3801652000,16,5000,0.0,0.05,rbf,median,anytime,bonferroni,1,2,False,UNRESOLVED,5000,True,False,False,0.0003933749976567924,0.0,0.18209213411654696,True,True,True,False
9e1ef3d2677896302dda,null_anytime,null_calibration,3389,3518249336,16,5000,0.0,0.05,rbf,median,anytime,bonferroni,1,2,False,UNRESOLVED,5000,True,False,False,0.00039312499575316906,0.0,0.18209213411654696,True,True,True,False
d36433f65d5fccca590a,null_anytime,null_calibration,3390,4113118117,16,5000,0.0,0.05,rbf,median,anytime,bonferroni,1,2,False,UNRESOLVED,5000,True,False,False,0.0003915419802069664,0.0,0.18209213411654696,True,True,True,False
55f8efa90e80812a488e,null_anytime,null_calibration,3391,3047016995,16,5000,0.0,0.05,rbf,median,anytime,bonferroni,1,2,False,UNRESOLVED,5000,True,False,False,0.0003944169729948044,0.0,0.18209213411654696,True,True,True,False
86ac9807d05ffb5cf7de,null_anytime,null_calibration,3392,3273279387,16,5000,0.0,0.05,rbf,median,anytime,bonferroni,1,2,False,UNRESOLVED,5000,True,False,False,0.00039895903319120407,0.0,0.18209213411654696,True,True,True,False
2d3f6842d35947ce3b7a,null_anytime,null_calibration,3393,3712135955,16,5000,0.0,0.05,rbf,median,anytime,bonferroni,1,2,False,UNRESOLVED,5000,True,False,False,0.0003932919935323298,0.0,0.18209213411654696,True,True,True,False
9c1e40afbadf733389b3,null_anytime,null_calibration,3394,166503577,16,5000,0.0,0.05,rbf,median,anytime,bonferroni,1,2,False,UNRESOLVED,5000,True,False,False,0.00039170903619378805,0.0,0.18209213411654696,True,True,True,False
38c7ddfc8c8baf869ef2,null_anytime,null_calibration,3395,3280606097,16,5000,0.0,0.05,rbf,median,anytime,bonferroni,1,2,False,UNRESOLVED,5000,True,False,False,0.000394499977119267,0.0,0.18209213411654696,True,True,True,False
24472d45791c001e4e26,null_anytime,null_calibration,3396,1405187980,16,5000,0.0,0.05,rbf,median,anytime,bonferroni,1,2,False,UNRESOLVED,5000,True,False,False,0.0003923329641111195,0.0,0.18209213411654696,True,True,True,False
144fd644f9b0f8faad82,null_anytime,null_calibration,3397,1968780083,16,5000,0.0,0.05,rbf,median,anytime,bonferroni,1,2,False,UNRESOLVED,5000,True,False,False,0.00039316696347668767,0.0,0.18209213411654696,True,True,True,False
3e4c840e2db8d0319724,null_anytime,null_calibration,3398,1721929955,16,5000,0.0,0.05,rbf,median,anytime,bonferroni,1,2,False,UNRESOLVED,5000,True,False,False,0.00039358396315947175,0.0,0.18209213411654696,True,True,True,False
aa10cb556bc33743f24a,null_anytime,null_calibration,3399,3526561162,16,5000,0.0,0.05,rbf,median,anytime,bonferroni,1,2,False,UNRESOLVED,5000,True,False,False,0.0003916250425390899,0.0,0.18209213411654696,True,True,True,False
d5780a5e5a7218523807,null_anytime,null_calibration,3400,1913845988,16,5000,0.0,0.05,rbf,median,anytime,bonferroni,1,2,False,UNRESOLVED,5000,True,False,False,0.0003932500258088112,0.0,0.18209213411654696,True,True,True,False
0dc1385794e9394b0325,null_anytime,null_calibration,3401,2776141989,16,5000,0.0,0.05,rbf,median,anytime,bonferroni,1,2,False,UNRESOLVED,5000,True,False,False,0.00039362499956041574,0.0,0.18209213411654696,True,True,True,False
a5e6ebfb6728b9f2917a,null_anytime,null_calibration,3402,1351155631,16,5000,0.0,0.05,rbf,median,anytime,bonferroni,1,2,False,UNRESOLVED,5000,True,False,False,0.00039187498623505235,0.0,0.18209213411654696,True,True,True,False
f31eb25adb91ba7d2bb0,null_anytime,null_calibration,3403,3798608371,16,5000,0.0,0.05,rbf,median,anytime,bonferroni,1,2,False,UNRESOLVED,5000,True,False,False,0.00039179198211058974,0.0,0.18209213411654696,True,True,True,False
523b6891c9b394ee0283,null_anytime,null_calibration,3404,3108636023,16,5000,0.0,0.05,rbf,median,anytime,bonferroni,1,2,False,UNRESOLVED,5000,True,False,False,0.0003940410097129643,0.0,0.18209213411654696,True,True,True,False
b17dfc8bb4f2c6a6e8d2,null_anytime,null_calibration,3405,1386710042,16,5000,0.0,0.05,rbf,median,anytime,bonferroni,1,2,False,UNRESOLVED,5000,True,False,False,0.00039179198211058974,0.0,0.18209213411654696,True,True,True,False
28e9f3310a75788fd263,null_anytime,null_calibration,3406,362183695,16,5000,0.0,0.05,rbf,median,anytime,bonferroni,1,2,False,UNRESOLVED,5000,True,False,False,0.0003921670140698552,0.0,0.18209213411654696,True,True,True,False
4e3836868aea05b2fc0f,null_anytime,null_calibration,3407,3145853512,16,5000,0.0,0.05,rbf,median,anytime,bonferroni,1,2,False,UNRESOLVED,5000,True,False,False,0.0003926249919459224,0.0,0.18209213411654696,True,True,True,False
f2013214fad988263df0,null_anytime,null_calibration,3408,1213344451,16,5000,0.0,0.05,rbf,median,anytime,bonferroni,1,2,False,UNRESOLVED,5000,True,False,False,0.0003920830204151571,0.0,0.18209213411654696,True,True,True,False
ce745892ef92a96f4628,null_anytime,null_calibration,3409,1145524986,16,5000,0.0,0.05,rbf,median,anytime,bonferroni,1,2,False,UNRESOLVED,5000,True,False,False,0.0003926250501535833,0.0,0.18209213411654696,True,True,True,False
25eecf1666e57bedb896,null_anytime,null_calibration,3410,106081518,16,5000,0.0,0.05,rbf,median,anytime,bonferroni,1,2,False,UNRESOLVED,5000,True,False,False,0.0003922089817933738,0.0,0.18209213411654696,True,True,True,False
b0f25cc94d4dca68b3ea,null_anytime,null_calibration,3411,1333748520,16,5000,0.0,0.05,rbf,median,anytime,bonferroni,1,2,False,UNRESOLVED,5000,True,False,False,0.0003908750368282199,0.0,0.18209213411654696,True,True,True,False
90ed523bb81e99412136,null_anytime,null_calibration,3412,2612322296,16,5000,0.0,0.05,rbf,median,anytime,bonferroni,1,2,False,UNRESOLVED,5000,True,False,False,0.0003934999695047736,0.0,0.18209213411654696,True,True,True,False
fb0067c1250ba0933ae4,null_anytime,null_calibration,3413,3264890087,16,5000,0.0,0.05,rbf,median,anytime,bonferroni,1,2,False,UNRESOLVED,5000,True,False,False,0.0003962499904446304,0.0,0.18209213411654696,True,True,True,False
9b8a412d5eb8674f077e,null_anytime,null_calibration,3414,1705091686,16,5000,0.0,0.05,rbf,median,anytime,bonferroni,1,2,False,UNRESOLVED,5000,True,False,False,0.00039425003342330456,0.0,0.18209213411654696,True,True,True,False
1092ac3a79cd7d97be10,null_anytime,null_calibration,3415,4268783130,16,5000,0.0,0.05,rbf,median,anytime,bonferroni,1,2,False,UNRESOLVED,5000,True,False,False,0.0003923330223187804,0.0,0.18209213411654696,True,True,True,False
369adb2f4eb547182144,null_anytime,null_calibration,3416,3380201628,16,5000,0.0,0.05,rbf,median,anytime,bonferroni,1,2,False,UNRESOLVED,5000,True,False,False,0.0003953329869545996,0.0,0.18209213411654696,True,True,True,False
917873b673fa0c543ca3,null_anytime,null_calibration,3417,857397888,16,5000,0.0,0.05,rbf,median,anytime,bonferroni,1,2,False,UNRESOLVED,5000,True,False,False,0.00039549998473376036,0.0,0.18209213411654696,True,True,True,False
813557b2a6c6427a07cb,null_anytime,null_calibration,3418,1544270420,16,5000,0.0,0.05,rbf,median,anytime,bonferroni,1,2,False,UNRESOLVED,5000,True,False,False,0.000391666020732373,0.0,0.18209213411654696,True,True,True,False
285a9dce90107698a777,null_anytime,null_calibration,3419,1968733689,16,5000,0.0,0.05,rbf,median,anytime,bonferroni,1,2,False,UNRESOLVED,5000,True,False,False,0.00039550004294142127,0.0,0.18209213411654696,True,True,True,False
7f6e97804f30f28fd1d9,null_anytime,null_calibration,3420,4134014118,16,5000,0.0,0.05,rbf,median,anytime,bonferroni,1,2,False,UNRESOLVED,5000,True,False,False,0.00039429200114682317,0.0,0.18209213411654696,True,True,True,False
ee1b41c242a5ee95a8a5,null_anytime,null_calibration,3421,3006335001,16,5000,0.0,0.05,rbf,median,anytime,bonferroni,1,2,False,UNRESOLVED,5000,True,False,False,0.0003950830432586372,0.0,0.18209213411654696,True,True,True,False
7585ebda574cca1fa58f,null_anytime,null_calibration,3422,1517650111,16,5000,0.0,0.05,rbf,median,anytime,bonferroni,1,2,False,UNRESOLVED,5000,True,False,False,0.00039529200876131654,0.0,0.18209213411654696,True,True,True,False
8df69c46dcc582a8ae72,null_anytime,null_calibration,3423,2487398565,16,5000,0.0,0.05,rbf,median,anytime,bonferroni,1,2,False,UNRESOLVED,5000,True,False,False,0.00039229198591783643,0.0,0.18209213411654696,True,True,True,False
27c2651e894f9c3f6b65,null_anytime,null_calibration,3424,2425352753,16,5000,0.0,0.05,rbf,median,anytime,bonferroni,1,2,False,UNRESOLVED,5000,True,False,False,0.00039566599298268557,0.0,0.18209213411654696,True,True,True,False
219eb336a7773c9ff992,null_anytime,null_calibration,3425,1967974917,16,5000,0.0,0.05,rbf,median,anytime,bonferroni,1,2,False,UNRESOLVED,5000,True,False,False,0.0003923330223187804,0.0,0.18209213411654696,True,True,True,False
8b69751c2a9c33a26492,null_anytime,null_calibration,3426,3963194286,16,5000,0.0,0.05,rbf,median,anytime,bonferroni,1,2,False,UNRESOLVED,5000,True,False,False,0.00039479200495406985,0.0,0.18209213411654696,True,True,True,False
4c0d375e964c24559624,null_anytime,null_calibration,3427,1009021315,16,5000,0.0,0.05,rbf,median,anytime,bonferroni,1,2,False,UNRESOLVED,5000,True,False,False,0.00039308296982198954,0.0,0.18209213411654696,True,True,True,False
b070f83d6d3b6e25efa4,null_anytime,null_calibration,3428,575376707,16,5000,0.0,0.05,rbf,median,anytime,bonferroni,1,2,False,UNRESOLVED,5000,True,False,False,0.0003940829774364829,0.0,0.18209213411654696,True,True,True,False
2148baab8628bbf48fa7,null_anytime,null_calibration,3429,2931148329,16,5000,0.0,0.05,rbf,median,anytime,bonferroni,1,2,False,UNRESOLVED,5000,True,False,False,0.000407207990065217,0.0,0.18209213411654696,True,True,True,False
07e9718d65b11f5730fe,null_anytime,null_calibration,3430,3354985702,16,5000,0.0,0.05,rbf,median,anytime,bonferroni,1,2,False,UNRESOLVED,5000,True,False,False,0.0003915000124834478,0.0,0.18209213411654696,True,True,True,False
5e81863787b1ebabfd30,null_anytime,null_calibration,3431,2948520017,16,5000,0.0,0.05,rbf,median,anytime,bonferroni,1,2,False,UNRESOLVED,5000,True,False,False,0.0003941660397686064,0.0,0.18209213411654696,True,True,True,False
2f49824723561b0dd5ae,null_anytime,null_calibration,3432,3072412329,16,5000,0.0,0.05,rbf,median,anytime,bonferroni,1,2,False,UNRESOLVED,5000,True,False,False,0.0003927089856006205,0.0,0.18209213411654696,True,True,True,False
a46e5d0e26e129b75b13,null_anytime,null_calibration,3433,2420341197,16,5000,0.0,0.05,rbf,median,anytime,bonferroni,1,2,False,UNRESOLVED,5000,True,False,False,0.0003969999961555004,0.0,0.18209213411654696,True,True,True,False
153ca66c049b00255498,null_anytime,null_calibration,3434,1997219821,16,5000,0.0,0.05,rbf,median,anytime,bonferroni,1,2,False,UNRESOLVED,5000,True,False,False,0.0003969580284319818,0.0,0.18209213411654696,True,True,True,False
d72023ac185b25b53fc1,null_anytime,null_calibration,3435,1438401803,16,5000,0.0,0.05,rbf,median,anytime,bonferroni,1,2,False,UNRESOLVED,5000,True,False,False,0.00039433303754776716,0.0,0.18209213411654696,True,True,True,False
fc10f7ff15f1f3c03a5f,null_anytime,null_calibration,3436,2975542965,16,5000,0.0,0.05,rbf,median,anytime,bonferroni,1,2,False,UNRESOLVED,5000,True,False,False,0.0003926249919459224,0.0,0.18209213411654696,True,True,True,False
4c9a857cabcb668442ba,null_anytime,null_calibration,3437,2143753663,16,5000,0.0,0.05,rbf,median,anytime,bonferroni,1,2,False,UNRESOLVED,5000,True,False,False,0.0003932920517399907,0.0,0.18209213411654696,True,True,True,False
8d822159b8279eafd1b2,null_anytime,null_calibration,3438,1324761101,16,5000,0.0,0.05,rbf,median,anytime,bonferroni,1,2,False,UNRESOLVED,5000,True,False,False,0.00039491697680205107,0.0,0.18209213411654696,True,True,True,False
23bcf8cba6af59ec2385,null_anytime,null_calibration,3439,4087231747,16,5000,0.0,0.05,rbf,median,anytime,bonferroni,1,2,False,UNRESOLVED,5000,True,False,False,0.00039237499004229903,0.0,0.18209213411654696,True,True,True,False
d77f56690cfa9030e866,null_anytime,null_calibration,3440,4102404440,16,5000,0.0,0.05,rbf,median,anytime,bonferroni,1,2,False,UNRESOLVED,5000,True,False,False,0.0003944580093957484,0.0,0.18209213411654696,True,True,True,False
98aaa113173176bbbf34,null_anytime,null_calibration,3441,1024635893,16,5000,0.0,0.05,rbf,median,anytime,bonferroni,1,2,False,UNRESOLVED,5000,True,False,False,0.0003950829850509763,0.0,0.18209213411654696,True,True,True,False
0e1c4620b99a278278f3,null_anytime,null_calibration,3442,2260982252,16,5000,0.0,0.05,rbf,median,anytime,bonferroni,1,2,False,UNRESOLVED,5000,True,False,False,0.0003921670140698552,0.0,0.18209213411654696,True,True,True,False
d9d08e28780b02e89480,null_anytime,null_calibration,3443,4089739422,16,5000,0.0,0.05,rbf,median,anytime,bonferroni,1,2,False,UNRESOLVED,5000,True,False,False,0.00039308296982198954,0.0,0.18209213411654696,True,True,True,False
a975287e945b6e23f047,null_anytime,null_calibration,3444,1788362596,16,5000,0.0,0.05,rbf,median,anytime,bonferroni,1,2,False,UNRESOLVED,5000,True,False,False,0.00039329100400209427,0.0,0.18209213411654696,True,True,True,False
89d99654a05de212f0cf,null_anytime,null_calibration,3445,1362135905,16,5000,0.0,0.05,rbf,median,anytime,bonferroni,1,2,False,UNRESOLVED,5000,True,False,False,0.00039320799987763166,0.0,0.18209213411654696,True,True,True,False
e8aa8298cbd5b7bcc810,null_anytime,null_calibration,3446,2909713335,16,5000,0.0,0.05,rbf,median,anytime,bonferroni,1,2,False,UNRESOLVED,5000,True,False,False,0.0003946250071749091,0.0,0.18209213411654696,True,True,True,False
c26d8c5b0e167deddb21,null_anytime,null_calibration,3447,580550580,16,5000,0.0,0.05,rbf,median,anytime,bonferroni,1,2,False,UNRESOLVED,5000,True,False,False,0.0003938330337405205,0.0,0.18209213411654696,True,True,True,False
fbe4165f90b53b4c0278,null_anytime,null_calibration,3448,706975922,16,5000,0.0,0.05,rbf,median,anytime,bonferroni,1,2,False,UNRESOLVED,5000,True,False,False,0.0003927919897250831,0.0,0.18209213411654696,True,True,True,False
502f72621baa13f370cd,null_anytime,null_calibration,3449,3004266558,16,5000,0.0,0.05,rbf,median,anytime,bonferroni,1,2,False,UNRESOLVED,5000,True,False,False,0.0003944580093957484,0.0,0.18209213411654696,True,True,True,False
33a32101cb01b7394e93,null_anytime,null_calibration,3450,1175393629,16,5000,0.0,0.05,rbf,median,anytime,bonferroni,1,2,False,UNRESOLVED,5000,True,False,False,0.00039425003342330456,0.0,0.18209213411654696,True,True,True,False
95831eeb8101a5e29e20,null_anytime,null_calibration,3451,127452448,16,5000,0.0,0.05,rbf,median,anytime,bonferroni,1,2,False,UNRESOLVED,5000,True,False,False,0.0003939580055885017,0.0,0.18209213411654696,True,True,True,False
b2e1bc7c79c0fda1b764,null_anytime,null_calibration,3452,1682872617,16,5000,0.0,0.05,rbf,median,anytime,bonferroni,1,2,False,UNRESOLVED,5000,True,False,False,0.00039374997140839696,0.0,0.18209213411654696,True,True,True,False
d8e59a3e1204d610892a,null_anytime,null_calibration,3453,3420051099,16,5000,0.0,0.05,rbf,median,anytime,bonferroni,1,2,False,UNRESOLVED,5000,True,False,False,0.0003946250071749091,0.0,0.18209213411654696,True,True,True,False
6bdd730945be33d2550c,null_anytime,null_calibration,3454,1632983137,16,5000,0.0,0.05,rbf,median,anytime,bonferroni,1,2,False,UNRESOLVED,5000,True,False,False,0.00039391597965732217,0.0,0.18209213411654696,True,True,True,False
30fa5a67e8ee44ec7e7f,null_anytime,null_calibration,3455,1284525604,16,5000,0.0,0.05,rbf,median,anytime,bonferroni,1,2,False,UNRESOLVED,5000,True,False,False,0.00039795797783881426,0.0,0.18209213411654696,True,True,True,False
6ff283f8a0e272852f2f,null_anytime,null_calibration,3456,2714597893,16,5000,0.0,0.05,rbf,median,anytime,bonferroni,1,2,False,UNRESOLVED,5000,True,False,False,0.00039599998854100704,0.0,0.18209213411654696,True,True,True,False
c762dc9d5ece11c18778,null_anytime,null_calibration,3457,758905109,16,5000,0.0,0.05,rbf,median,anytime,bonferroni,1,2,False,UNRESOLVED,5000,True,False,False,0.00039549998473376036,0.0,0.18209213411654696,True,True,True,False
d6e12b08746fa42961d7,null_anytime,null_calibration,3458,4212724385,16,5000,0.0,0.05,rbf,median,anytime,bonferroni,1,2,False,UNRESOLVED,5000,True,False,False,0.0004034169833175838,0.0,0.18209213411654696,True,True,True,False
08b33f953389111f4118,null_anytime,null_calibration,3459,225039009,16,5000,0.0,0.05,rbf,median,anytime,bonferroni,1,2,False,UNRESOLVED,5000,True,False,False,0.0003939580055885017,0.0,0.18209213411654696,True,True,True,False
9499ba18331547700cf1,null_anytime,null_calibration,3460,1650039306,16,5000,0.0,0.05,rbf,median,anytime,bonferroni,1,2,False,UNRESOLVED,5000,True,False,False,0.0003951659891754389,0.0,0.18209213411654696,True,True,True,False
3a01e47143e2fc6fa3ef,null_anytime,null_calibration,3461,321962419,16,5000,0.0,0.05,rbf,median,anytime,bonferroni,1,2,False,UNRESOLVED,5000,True,False,False,0.0003934999695047736,0.0,0.18209213411654696,True,True,True,False
685ab324e458d7ad8ebd,null_anytime,null_calibration,3462,377315173,16,5000,0.0,0.05,rbf,median,anytime,bonferroni,1,2,False,UNRESOLVED,5000,True,False,False,0.00039125001057982445,0.0,0.18209213411654696,True,True,True,False
910ac049867e55821b52,null_anytime,null_calibration,3463,3613185948,16,5000,0.0,0.05,rbf,median,anytime,bonferroni,1,2,False,UNRESOLVED,5000,True,False,False,0.0003933329717256129,0.0,0.18209213411654696,True,True,True,False
67d440e11f78fbe29dea,null_anytime,null_calibration,3464,4154139538,16,5000,0.0,0.05,rbf,median,anytime,bonferroni,1,2,False,UNRESOLVED,5000,True,False,False,0.0003929159720428288,0.0,0.18209213411654696,True,True,True,False
46dead77bff15dc4d429,null_anytime,null_calibration,3465,2991596574,16,5000,0.0,0.05,rbf,median,anytime,bonferroni,1,2,False,UNRESOLVED,5000,True,False,False,0.00039437500527128577,0.0,0.18209213411654696,True,True,True,False
f4e990ed65aae0f344d6,null_anytime,null_calibration,3466,1801693693,16,5000,0.0,0.05,rbf,median,anytime,bonferroni,1,2,False,UNRESOLVED,5000,True,False,False,0.00039312499575316906,0.0,0.18209213411654696,True,True,True,False
ca4c0ddb52c041cfc6ff,null_anytime,null_calibration,3467,2461134414,16,5000,0.0,0.05,rbf,median,anytime,bonferroni,1,2,False,UNRESOLVED,5000,True,False,False,0.0003926249919459224,0.0,0.18209213411654696,True,True,True,False
44210471048f34d7b4b5,null_anytime,null_calibration,3468,1382194520,16,5000,0.0,0.05,rbf,median,anytime,bonferroni,1,2,False,UNRESOLVED,5000,True,False,False,0.00039083301089704037,0.0,0.18209213411654696,True,True,True,False
6036712100668d977080,null_anytime,null_calibration,3469,3497272161,16,5000,0.0,0.05,rbf,median,anytime,bonferroni,1,2,False,UNRESOLVED,5000,True,False,False,0.00039199995808303356,0.0,0.18209213411654696,True,True,True,False
b025623caee0a1f31455,null_anytime,null_calibration,3470,824805910,16,5000,0.0,0.05,rbf,median,anytime,bonferroni,1,2,False,UNRESOLVED,5000,True,False,False,0.00039250002009794116,0.0,0.18209213411654696,True,True,True,False
71c6ed7cbe388b2669b2,null_anytime,null_calibration,3471,3455907208,16,5000,0.0,0.05,rbf,median,anytime,bonferroni,1,2,False,UNRESOLVED,5000,True,False,False,0.0003926670178771019,0.0,0.18209213411654696,True,True,True,False
1aedf1ab32a19805a180,null_anytime,null_calibration,3472,1372495434,16,5000,0.0,0.05,rbf,median,anytime,bonferroni,1,2,False,UNRESOLVED,5000,True,False,False,0.00039362499956041574,0.0,0.18209213411654696,True,True,True,False
28446be0489f0692fddc,null_anytime,null_calibration,3473,3369804767,16,5000,0.0,0.05,rbf,median,anytime,bonferroni,1,2,False,UNRESOLVED,5000,True,False,False,0.0003939580055885017,0.0,0.18209213411654696,True,True,True,False
52e2a1c4f38522fa06c6,null_anytime,null_calibration,3474,1141514804,16,5000,0.0,0.05,rbf,median,anytime,bonferroni,1,2,False,UNRESOLVED,5000,True,False,False,0.0006298749940469861,0.0,0.18209213411654696,True,True,True,False
375ef873dd1107367321,null_anytime,null_calibration,3475,346257910,16,5000,0.0,0.05,rbf,median,anytime,bonferroni,1,2,False,UNRESOLVED,5000,True,False,False,0.0005746249807998538,0.0,0.18209213411654696,True,True,True,False
45b5e3cd63c83cba6600,null_anytime,null_calibration,3476,1964154218,16,5000,0.0,0.05,rbf,median,anytime,bonferroni,1,2,False,UNRESOLVED,5000,True,False,False,0.0005523329600691795,0.0,0.18209213411654696,True,True,True,False
3b8822a9125a351b9372,null_anytime,null_calibration,3477,4274461897,16,5000,0.0,0.05,rbf,median,anytime,bonferroni,1,2,False,UNRESOLVED,5000,True,False,False,0.0005509170005097985,0.0,0.18209213411654696,True,True,True,False
658f75593bad3b0a55e0,null_anytime,null_calibration,3478,4078776684,16,5000,0.0,0.05,rbf,median,anytime,bonferroni,1,2,False,UNRESOLVED,5000,True,False,False,0.0005444999551400542,0.0,0.18209213411654696,True,True,True,False
b1443b2234f7b7f8bbe3,null_anytime,null_calibration,3479,1179085392,16,5000,0.0,0.05,rbf,median,anytime,bonferroni,1,2,False,UNRESOLVED,5000,True,False,False,0.0005469589959830046,0.0,0.18209213411654696,True,True,True,False
f038ef6b58ddf284213d,null_anytime,null_calibration,3480,645485948,16,5000,0.0,0.05,rbf,median,anytime,bonferroni,1,2,False,UNRESOLVED,5000,True,False,False,0.0005518329562619328,0.0,0.18209213411654696,True,True,True,False
7d842fca018209068c0e,null_anytime,null_calibration,3481,3897852046,16,5000,0.0,0.05,rbf,median,anytime,bonferroni,1,2,False,UNRESOLVED,5000,True,False,False,0.0005592500092461705,0.0,0.18209213411654696,True,True,True,False
47811f998b517d9b4afb,null_anytime,null_calibration,3482,357845283,16,5000,0.0,0.05,rbf,median,anytime,bonferroni,1,2,False,UNRESOLVED,5000,True,False,False,0.0005721669876947999,0.0,0.18209213411654696,True,True,True,False
7cb880e469054a299fae,null_anytime,null_calibration,3483,3211719769,16,5000,0.0,0.05,rbf,median,anytime,bonferroni,1,2,False,UNRESOLVED,5000,True,False,False,0.0005919579998590052,0.0,0.18209213411654696,True,True,True,False
af22a985c0b66435406e,null_anytime,null_calibration,3484,927329654,16,5000,0.0,0.05,rbf,median,anytime,bonferroni,1,2,False,UNRESOLVED,5000,True,False,False,0.0006281659589149058,0.0,0.18209213411654696,True,True,True,False
f5fb33d20be0cc23eda3,null_anytime,null_calibration,3485,761443559,16,5000,0.0,0.05,rbf,median,anytime,bonferroni,1,2,False,UNRESOLVED,5000,True,False,False,0.0005580830038525164,0.0,0.18209213411654696,True,True,True,False
efd5d5d3baea15f9d800,null_anytime,null_calibration,3486,2116145782,16,5000,0.0,0.05,rbf,median,anytime,bonferroni,1,2,False,UNRESOLVED,5000,True,False,False,0.0005552080110646784,0.0,0.18209213411654696,True,True,True,False
2747fab1842267808f86,null_anytime,null_calibration,3487,3823422084,16,5000,0.0,0.05,rbf,median,anytime,bonferroni,1,2,False,UNRESOLVED,5000,True,False,False,0.0005467499722726643,0.0,0.18209213411654696,True,True,True,False
c5615a474c0a9f2e3f32,null_anytime,null_calibration,3488,835189868,16,5000,0.0,0.05,rbf,median,anytime,bonferroni,1,2,False,UNRESOLVED,5000,True,False,False,0.0005442920373752713,0.0,0.18209213411654696,True,True,True,False
267459aec1a0d1774359,null_anytime,null_calibration,3489,3822129074,16,5000,0.0,0.05,rbf,median,anytime,bonferroni,1,2,False,UNRESOLVED,5000,True,False,False,0.0005437910440377891,0.0,0.18209213411654696,True,True,True,False
17e0c7c4466517c964b8,null_anytime,null_calibration,3490,2231545471,16,5000,0.0,0.05,rbf,median,anytime,bonferroni,1,2,False,UNRESOLVED,5000,True,False,False,0.0005677499575540423,0.0,0.18209213411654696,True,True,True,False
e971509f7821965bff6a,null_anytime,null_calibration,3491,301985533,16,5000,0.0,0.05,rbf,median,anytime,bonferroni,1,2,False,UNRESOLVED,5000,True,False,False,0.00041579100070521235,0.0,0.18209213411654696,True,True,True,False
d407de9dbecd64a71e56,null_anytime,null_calibration,3492,3791086234,16,5000,0.0,0.05,rbf,median,anytime,bonferroni,1,2,False,UNRESOLVED,5000,True,False,False,0.0004063340020366013,0.0,0.18209213411654696,True,True,True,False
5d2e39da56202545d6ba,null_anytime,null_calibration,3493,1526097484,16,5000,0.0,0.05,rbf,median,anytime,bonferroni,1,2,False,UNRESOLVED,5000,True,False,False,0.0004015419981442392,0.0,0.18209213411654696,True,True,True,False
2d110949776a2a9100b7,null_anytime,null_calibration,3494,443164659,16,5000,0.0,0.05,rbf,median,anytime,bonferroni,1,2,False,UNRESOLVED,5000,True,False,False,0.0004018329782411456,0.0,0.18209213411654696,True,True,True,False
a8bf9df6f81efcae1346,null_anytime,null_calibration,3495,800723272,16,5000,0.0,0.05,rbf,median,anytime,bonferroni,1,2,False,UNRESOLVED,5000,True,False,False,0.0003986670053564012,0.0,0.18209213411654696,True,True,True,False
975fc61797cfc356c906,null_anytime,null_calibration,3496,2083680921,16,5000,0.0,0.05,rbf,median,anytime,bonferroni,1,2,False,UNRESOLVED,5000,True,False,False,0.00039716699393466115,0.0,0.18209213411654696,True,True,True,False
74f6ae0b4683546029dc,null_anytime,null_calibration,3497,1829406388,16,5000,0.0,0.05,rbf,median,anytime,bonferroni,1,2,False,UNRESOLVED,5000,True,False,False,0.00039775000186637044,0.0,0.18209213411654696,True,True,True,False
ce5a27517a8621e02b70,null_anytime,null_calibration,3498,2337348974,16,5000,0.0,0.05,rbf,median,anytime,bonferroni,1,2,False,UNRESOLVED,5000,True,False,False,0.00039695901796221733,0.0,0.18209213411654696,True,True,True,False
d2e08e79cf2fb79aafc9,null_anytime,null_calibration,3499,3395466068,16,5000,0.0,0.05,rbf,median,anytime,bonferroni,1,2,False,UNRESOLVED,5000,True,False,False,0.00039670802652835846,0.0,0.18209213411654696,True,True,True,False
798676283639a0df75be,null_anytime,null_calibration,3500,913874590,16,5000,0.0,0.05,rbf,median,anytime,bonferroni,1,2,False,UNRESOLVED,5000,True,False,False,0.00044229195918887854,0.0,0.18209213411654696,True,True,True,False
9af19f273ebd3e6bb875,null_anytime,null_calibration,3501,3360756112,16,5000,0.0,0.05,rbf,median,anytime,bonferroni,1,2,False,UNRESOLVED,5000,True,False,False,0.0003412499791011214,0.0,0.18209213411654696,True,True,True,False
3a220ce38696806918af,null_anytime,null_calibration,3502,578721330,16,5000,0.0,0.05,rbf,median,anytime,bonferroni,1,2,False,UNRESOLVED,5000,True,False,False,0.0003262080135755241,0.0,0.18209213411654696,True,True,True,False
ac146773cae0996383df,null_anytime,null_calibration,3503,2200355803,16,5000,0.0,0.05,rbf,median,anytime,bonferroni,1,2,False,UNRESOLVED,5000,True,False,False,0.00033024995354935527,0.0,0.18209213411654696,True,True,True,False
98ae9cb64523ac555fe7,null_anytime,null_calibration,3504,3788180968,16,5000,0.0,0.05,rbf,median,anytime,bonferroni,1,2,False,UNRESOLVED,5000,True,False,False,0.00032104196725413203,0.0,0.18209213411654696,True,True,True,False
430ba9f487b734589724,null_anytime,null_calibration,3505,1010688438,16,5000,0.0,0.05,rbf,median,anytime,bonferroni,1,2,False,UNRESOLVED,5000,True,False,False,0.00031774997478350997,0.0,0.18209213411654696,True,True,True,False
e3c44133e50180e60f69,null_anytime,null_calibration,3506,1599765298,16,5000,0.0,0.05,rbf,median,anytime,bonferroni,1,2,False,UNRESOLVED,5000,True,False,False,0.00031295802909880877,0.0,0.18209213411654696,True,True,True,False
1ae20bb2d1c4b467ca32,null_anytime,null_calibration,3507,3330590249,16,5000,0.0,0.05,rbf,median,anytime,bonferroni,1,2,False,UNRESOLVED,5000,True,False,False,0.00033520901342853904,0.0,0.18209213411654696,True,True,True,False
6744d10fc3dc1fca13b9,null_anytime,null_calibration,3508,3468077378,16,5000,0.0,0.05,rbf,median,anytime,bonferroni,1,2,False,UNRESOLVED,5000,True,False,False,0.0003213750314898789,0.0,0.18209213411654696,True,True,True,False
55cd5dc66b98a39c50d0,null_anytime,null_calibration,3509,1440517029,16,5000,0.0,0.05,rbf,median,anytime,bonferroni,1,2,False,UNRESOLVED,5000,True,False,False,0.0003142500063404441,0.0,0.18209213411654696,True,True,True,False
45f0b0726d69cbca9ead,null_anytime,null_calibration,3510,4221112612,16,5000,0.0,0.05,rbf,median,anytime,bonferroni,1,2,False,UNRESOLVED,5000,True,False,False,0.00030983396572992206,0.0,0.18209213411654696,True,True,True,False
fd25926c266576c60d97,null_anytime,null_calibration,3511,750994121,16,5000,0.0,0.05,rbf,median,anytime,bonferroni,1,2,False,UNRESOLVED,5000,True,False,False,0.0003105420037172735,0.0,0.18209213411654696,True,True,True,False
d2c3e0cc41fd74eb924f,null_anytime,null_calibration,3512,3967964711,16,5000,0.0,0.05,rbf,median,anytime,bonferroni,1,2,False,UNRESOLVED,5000,True,False,False,0.0003082919865846634,0.0,0.18209213411654696,True,True,True,False
5d248652e0517c04871f,null_anytime,null_calibration,3513,152613678,16,5000,0.0,0.05,rbf,median,anytime,bonferroni,1,2,False,UNRESOLVED,5000,True,False,False,0.0003077080473303795,0.0,0.18209213411654696,True,True,True,False
336b27327887cb7fcfb4,null_anytime,null_calibration,3514,3643304472,16,5000,0.0,0.05,rbf,median,anytime,bonferroni,1,2,False,UNRESOLVED,5000,True,False,False,0.0003071670071221888,0.0,0.18209213411654696,True,True,True,False
f4cbacb1e0142dd96035,null_anytime,null_calibration,3515,2005066147,16,5000,0.0,0.05,rbf,median,anytime,bonferroni,1,2,False,UNRESOLVED,5000,True,False,False,0.00030854198848828673,0.0,0.18209213411654696,True,True,True,False
159fd9973b421b7f328a,null_anytime,null_calibration,3516,2146686165,16,5000,0.0,0.05,rbf,median,anytime,bonferroni,1,2,False,UNRESOLVED,5000,True,False,False,0.0003081670147366822,0.0,0.18209213411654696,True,True,True,False
8d31eede0aca76d36f4d,null_anytime,null_calibration,3517,436182842,16,5000,0.0,0.05,rbf,median,anytime,bonferroni,1,2,False,UNRESOLVED,5000,True,False,False,0.0003094170242547989,0.0,0.18209213411654696,True,True,True,False
5f744df793245520ec3e,null_anytime,null_calibration,3518,1423796062,16,5000,0.0,0.05,rbf,median,anytime,bonferroni,1,2,False,UNRESOLVED,5000,True,False,False,0.0003083340125158429,0.0,0.18209213411654696,True,True,True,False
a810208db2d7ebf5c37b,null_anytime,null_calibration,3519,598963058,16,5000,0.0,0.05,rbf,median,anytime,bonferroni,1,2,False,UNRESOLVED,5000,True,False,False,0.0003073749830946326,0.0,0.18209213411654696,True,True,True,False
3a6ca6bd368fd0f4b0c1,null_anytime,null_calibration,3520,3018778873,16,5000,0.0,0.05,rbf,median,anytime,bonferroni,1,2,False,UNRESOLVED,5000,True,False,False,0.0003088749945163727,0.0,0.18209213411654696,True,True,True,False
8ba7c3b280d508b95159,null_anytime,null_calibration,3521,202227222,16,5000,0.0,0.05,rbf,median,anytime,bonferroni,1,2,False,UNRESOLVED,5000,True,False,False,0.00030858302488923073,0.0,0.18209213411654696,True,True,True,False
b9bf3535cb68df456012,null_anytime,null_calibration,3522,2974296824,16,5000,0.0,0.05,rbf,median,anytime,bonferroni,1,2,False,UNRESOLVED,5000,True,False,False,0.00030804198468104005,0.0,0.18209213411654696,True,True,True,False
d27a70d151892400335c,null_anytime,null_calibration,3523,1431545719,16,5000,0.0,0.05,rbf,median,anytime,bonferroni,1,2,False,UNRESOLVED,5000,True,False,False,0.00030741700902581215,0.0,0.18209213411654696,True,True,True,False
04d7ea695c31cfcf5d70,null_anytime,null_calibration,3524,4155865525,16,5000,0.0,0.05,rbf,median,anytime,bonferroni,1,2,False,UNRESOLVED,5000,True,False,False,0.0003077089786529541,0.0,0.18209213411654696,True,True,True,False
adabcb5e30fee3984232,null_anytime,null_calibration,3525,2120562454,16,5000,0.0,0.05,rbf,median,anytime,bonferroni,1,2,False,UNRESOLVED,5000,True,False,False,0.0003065000055357814,0.0,0.18209213411654696,True,True,True,False
391738ea79b78a985e3d,null_anytime,null_calibration,3526,2312868758,16,5000,0.0,0.05,rbf,median,anytime,bonferroni,1,2,False,UNRESOLVED,5000,True,False,False,0.0003054160042665899,0.0,0.18209213411654696,True,True,True,False
e4e15053698ef3b2ac38,null_anytime,null_calibration,3527,2514924839,16,5000,0.0,0.05,rbf,median,anytime,bonferroni,1,2,False,UNRESOLVED,5000,True,False,False,0.00030687503749504685,0.0,0.18209213411654696,True,True,True,False
367512d9c824c4d4b052,null_anytime,null_calibration,3528,3844433697,16,5000,0.0,0.05,rbf,median,anytime,bonferroni,1,2,False,UNRESOLVED,5000,True,False,False,0.0003067500074394047,0.0,0.18209213411654696,True,True,True,False
c5e1d0f55c40e7868bec,null_anytime,null_calibration,3529,3006337911,16,5000,0.0,0.05,rbf,median,anytime,bonferroni,1,2,False,UNRESOLVED,5000,True,False,False,0.00030970899388194084,0.0,0.18209213411654696,True,True,True,False
18bdce059ceddc14ef34,null_anytime,null_calibration,3530,2922993227,16,5000,0.0,0.05,rbf,median,anytime,bonferroni,1,2,False,UNRESOLVED,5000,True,False,False,0.0003072500112466514,0.0,0.18209213411654696,True,True,True,False
c3fc2f52cf189abe7908,null_anytime,null_calibration,3531,2903786412,16,5000,0.0,0.05,rbf,median,anytime,bonferroni,1,2,False,UNRESOLVED,5000,True,False,False,0.00030841602711007,0.0,0.18209213411654696,True,True,True,False
1519cbbeb63665a1b6cd,null_anytime,null_calibration,3532,3074832875,16,5000,0.0,0.05,rbf,median,anytime,bonferroni,1,2,False,UNRESOLVED,5000,True,False,False,0.00030874996446073055,0.0,0.18209213411654696,True,True,True,False
3c0adff2fe9819cc0093,null_anytime,null_calibration,3533,2478503760,16,5000,0.0,0.05,rbf,median,anytime,bonferroni,1,2,False,UNRESOLVED,5000,True,False,False,0.00031033402774482965,0.0,0.18209213411654696,True,True,True,False
95cb7703670b7e92db8b,null_anytime,null_calibration,3534,1660629216,16,5000,0.0,0.05,rbf,median,anytime,bonferroni,1,2,False,UNRESOLVED,5000,True,False,False,0.00030812498880550265,0.0,0.18209213411654696,True,True,True,False
9eedd7c0db0f278e73ca,null_anytime,null_calibration,3535,1804211371,16,5000,0.0,0.05,rbf,median,anytime,bonferroni,1,2,False,UNRESOLVED,5000,True,False,False,0.00030729203717783093,0.0,0.18209213411654696,True,True,True,False
974d25d08cdc1dc2831a,null_anytime,null_calibration,3536,4108257692,16,5000,0.0,0.05,rbf,median,anytime,bonferroni,1,2,False,UNRESOLVED,5000,True,False,False,0.00030800001695752144,0.0,0.18209213411654696,True,True,True,False
a9072c6ab1ecdc7e19ff,null_anytime,null_calibration,3537,1461583541,16,5000,0.0,0.05,rbf,median,anytime,bonferroni,1,2,False,UNRESOLVED,5000,True,False,False,0.00030750001315027475,0.0,0.18209213411654696,True,True,True,False
b56a11b10fda815956cf,null_anytime,null_calibration,3538,407442993,16,5000,0.0,0.05,rbf,median,anytime,bonferroni,1,2,False,UNRESOLVED,5000,True,False,False,0.00031058298191055655,0.0,0.18209213411654696,True,True,True,False
8709c2be84e29ee29ddd,null_anytime,null_calibration,3539,3202226686,16,5000,0.0,0.05,rbf,median,anytime,bonferroni,1,2,False,UNRESOLVED,5000,True,False,False,0.00030629104003310204,0.0,0.18209213411654696,True,True,True,False
377ad8a26d3271bcd94c,null_anytime,null_calibration,3540,758797634,16,5000,0.0,0.05,rbf,median,anytime,bonferroni,1,2,False,UNRESOLVED,5000,True,False,False,0.00030512496596202254,0.0,0.18209213411654696,True,True,True,False
1b10f3bf98e80a7dff4f,null_anytime,null_calibration,3541,2720101904,16,5000,0.0,0.05,rbf,median,anytime,bonferroni,1,2,False,UNRESOLVED,5000,True,False,False,0.00030691601568832994,0.0,0.18209213411654696,True,True,True,False
1d0d280cdd8546567e40,null_anytime,null_calibration,3542,3677343663,16,5000,0.0,0.05,rbf,median,anytime,bonferroni,1,2,False,UNRESOLVED,5000,True,False,False,0.0003075420390814543,0.0,0.18209213411654696,True,True,True,False
4fcabd6f226e3611d02c,null_anytime,null_calibration,3543,1017397373,16,5000,0.0,0.05,rbf,median,anytime,bonferroni,1,2,False,UNRESOLVED,5000,True,False,False,0.0003086659708060324,0.0,0.18209213411654696,True,True,True,False
eb2676999ab7f521c303,null_anytime,null_calibration,3544,3802238441,16,5000,0.0,0.05,rbf,median,anytime,bonferroni,1,2,False,UNRESOLVED,5000,True,False,False,0.00030866701854392886,0.0,0.18209213411654696,True,True,True,False
445374bfc48d6365a7dd,null_anytime,null_calibration,3545,4120766526,16,5000,0.0,0.05,rbf,median,anytime,bonferroni,1,2,False,UNRESOLVED,5000,True,False,False,0.00030766596319153905,0.0,0.18209213411654696,True,True,True,False
7f7ae241f2b2d6a2764d,null_anytime,null_calibration,3546,290425219,16,5000,0.0,0.05,rbf,median,anytime,bonferroni,1,2,False,UNRESOLVED,5000,True,False,False,0.000307333015371114,0.0,0.18209213411654696,True,True,True,False
434415ced8eb5f4c9047,null_anytime,null_calibration,3547,1024658065,16,5000,0.0,0.05,rbf,median,anytime,bonferroni,1,2,False,UNRESOLVED,5000,True,False,False,0.00030795898055657744,0.0,0.18209213411654696,True,True,True,False
569970a2e00577cd0863,null_anytime,null_calibration,3548,787394548,16,5000,0.0,0.05,rbf,median,anytime,bonferroni,1,2,False,UNRESOLVED,5000,True,False,False,0.0003071670071221888,0.0,0.18209213411654696,True,True,True,False
ba4b739674a60eba2e85,null_anytime,null_calibration,3549,413410438,16,5000,0.0,0.05,rbf,median,anytime,bonferroni,1,2,False,UNRESOLVED,5000,True,False,False,0.000305499997921288,0.0,0.18209213411654696,True,True,True,False
37b92325b5c016ae1ba6,null_anytime,null_calibration,3550,4206850647,16,5000,0.0,0.05,rbf,median,anytime,bonferroni,1,2,False,UNRESOLVED,5000,True,False,False,0.0003068329533562064,0.0,0.18209213411654696,True,True,True,False
741977ed1431b2a40238,null_anytime,null_calibration,3551,2774691225,16,5000,0.0,0.05,rbf,median,anytime,bonferroni,1,2,False,UNRESOLVED,5000,True,False,False,0.0003087919903919101,0.0,0.18209213411654696,True,True,True,False
166a7bd22f81c3f7b305,null_anytime,null_calibration,3552,3428629435,16,5000,0.0,0.05,rbf,median,anytime,bonferroni,1,2,False,UNRESOLVED,5000,True,False,False,0.00030883302679285407,0.0,0.18209213411654696,True,True,True,False
a00efba2e55e2bdc717d,null_anytime,null_calibration,3553,579045666,16,5000,0.0,0.05,rbf,median,anytime,bonferroni,1,2,False,UNRESOLVED,5000,True,False,False,0.00030583300394937396,0.0,0.18209213411654696,True,True,True,False
f8865536cd67852c98f2,null_anytime,null_calibration,3554,3058356744,16,5000,0.0,0.05,rbf,median,anytime,bonferroni,1,2,False,UNRESOLVED,5000,True,False,False,0.0003067500074394047,0.0,0.18209213411654696,True,True,True,False
8b09bd5d92fcefccb107,null_anytime,null_calibration,3555,4119635524,16,5000,0.0,0.05,rbf,median,anytime,bonferroni,1,2,False,UNRESOLVED,5000,True,False,False,0.00030687503749504685,0.0,0.18209213411654696,True,True,True,False
5d4291e474e287bf6f74,null_anytime,null_calibration,3556,1213147601,16,5000,0.0,0.05,rbf,median,anytime,bonferroni,1,2,False,UNRESOLVED,5000,True,False,False,0.0003066250355914235,0.0,0.18209213411654696,True,True,True,False
75afcdd42067abb6e32e,null_anytime,null_calibration,3557,4267272332,16,5000,0.0,0.05,rbf,median,anytime,bonferroni,1,2,False,UNRESOLVED,5000,True,False,False,0.00030683301156386733,0.0,0.18209213411654696,True,True,True,False
979fb5906c1460fdc58e,null_anytime,null_calibration,3558,997313655,16,5000,0.0,0.05,rbf,median,anytime,bonferroni,1,2,False,UNRESOLVED,5000,True,False,False,0.00030754198087379336,0.0,0.18209213411654696,True,True,True,False
1c257bc113f675c1dd16,null_anytime,null_calibration,3559,745074657,16,5000,0.0,0.05,rbf,median,anytime,bonferroni,1,2,False,UNRESOLVED,5000,True,False,False,0.00030695798341184855,0.0,0.18209213411654696,True,True,True,False
af5d648fa911cc632486,null_anytime,null_calibration,3560,3422974367,16,5000,0.0,0.05,rbf,median,anytime,bonferroni,1,2,False,UNRESOLVED,5000,True,False,False,0.00030737504130229354,0.0,0.18209213411654696,True,True,True,False
88c2e100e5a9a1375686,null_anytime,null_calibration,3561,2336476356,16,5000,0.0,0.05,rbf,median,anytime,bonferroni,1,2,False,UNRESOLVED,5000,True,False,False,0.0003049580263905227,0.0,0.18209213411654696,True,True,True,False
02a355d133dbc0abfd89,null_anytime,null_calibration,3562,1948564800,16,5000,0.0,0.05,rbf,median,anytime,bonferroni,1,2,False,UNRESOLVED,5000,True,False,False,0.0003077499568462372,0.0,0.18209213411654696,True,True,True,False
85e0ecc4f13de1f0c327,null_anytime,null_calibration,3563,1788230606,16,5000,0.0,0.05,rbf,median,anytime,bonferroni,1,2,False,UNRESOLVED,5000,True,False,False,0.0003070840029977262,0.0,0.18209213411654696,True,True,True,False
b786bd73a3e6a86c5927,null_anytime,null_calibration,3564,3682362275,16,5000,0.0,0.05,rbf,median,anytime,bonferroni,1,2,False,UNRESOLVED,5000,True,False,False,0.0003077499568462372,0.0,0.18209213411654696,True,True,True,False
f3043bdcbf5797204ef9,null_anytime,null_calibration,3565,1173435367,16,5000,0.0,0.05,rbf,median,anytime,bonferroni,1,2,False,UNRESOLVED,5000,True,False,False,0.0003081670147366822,0.0,0.18209213411654696,True,True,True,False
ab588f9935029edf1ed3,null_anytime,null_calibration,3566,1006299259,16,5000,0.0,0.05,rbf,median,anytime,bonferroni,1,2,False,UNRESOLVED,5000,True,False,False,0.00030745798721909523,0.0,0.18209213411654696,True,True,True,False
18e2a94d49451a5c162c,null_anytime,null_calibration,3567,3407591736,16,5000,0.0,0.05,rbf,median,anytime,bonferroni,1,2,False,UNRESOLVED,5000,True,False,False,0.00030750001315027475,0.0,0.18209213411654696,True,True,True,False
ca62e2fc138279f416b5,null_anytime,null_calibration,3568,2268494443,16,5000,0.0,0.05,rbf,median,anytime,bonferroni,1,2,False,UNRESOLVED,5000,True,False,False,0.0003083750489167869,0.0,0.18209213411654696,True,True,True,False
c41a7cfbaf498afeab0e,null_anytime,null_calibration,3569,786193273,16,5000,0.0,0.05,rbf,median,anytime,bonferroni,1,2,False,UNRESOLVED,5000,True,False,False,0.00030824996065348387,0.0,0.18209213411654696,True,True,True,False
160f0e24d7440a0e50a4,null_anytime,null_calibration,3570,3102062656,16,5000,0.0,0.05,rbf,median,anytime,bonferroni,1,2,False,UNRESOLVED,5000,True,False,False,0.00030683301156386733,0.0,0.18209213411654696,True,True,True,False
101e2b86dedb03301b4f,null_anytime,null_calibration,3571,3595943597,16,5000,0.0,0.05,rbf,median,anytime,bonferroni,1,2,False,UNRESOLVED,5000,True,False,False,0.0003102499758824706,0.0,0.18209213411654696,True,True,True,False
110e94bab4ef2990cc02,null_anytime,null_calibration,3572,2001452967,16,5000,0.0,0.05,rbf,median,anytime,bonferroni,1,2,False,UNRESOLVED,5000,True,False,False,0.00030616699950769544,0.0,0.18209213411654696,True,True,True,False
cf72cbaceae0f6fc6472,null_anytime,null_calibration,3573,3674821757,16,5000,0.0,0.05,rbf,median,anytime,bonferroni,1,2,False,UNRESOLVED,5000,True,False,False,0.0003066249773837626,0.0,0.18209213411654696,True,True,True,False
22393bd137c26a568865,null_anytime,null_calibration,3574,1854956916,16,5000,0.0,0.05,rbf,median,anytime,bonferroni,1,2,False,UNRESOLVED,5000,True,False,False,0.00031629198929294944,0.0,0.18209213411654696,True,True,True,False
e80a5c007ad806436d9d,null_anytime,null_calibration,3575,3942191007,16,5000,0.0,0.05,rbf,median,anytime,bonferroni,1,2,False,UNRESOLVED,5000,True,False,False,0.0003071249811910093,0.0,0.18209213411654696,True,True,True,False
eedf7d4627f7b7c95c45,null_anytime,null_calibration,3576,3963927114,16,5000,0.0,0.05,rbf,median,anytime,bonferroni,1,2,False,UNRESOLVED,5000,True,False,False,0.0003088340163230896,0.0,0.18209213411654696,True,True,True,False
c34b05a200ebef96fbe2,null_anytime,null_calibration,3577,1953802525,16,5000,0.0,0.05,rbf,median,anytime,bonferroni,1,2,False,UNRESOLVED,5000,True,False,False,0.00030687497928738594,0.0,0.18209213411654696,True,True,True,False
c4acef83c670d71dcee4,null_anytime,null_calibration,3578,55346752,16,5000,0.0,0.05,rbf,median,anytime,bonferroni,1,2,False,UNRESOLVED,5000,True,False,False,0.00031704199500381947,0.0,0.18209213411654696,True,True,True,False
f7b62017f1af13d96e28,null_anytime,null_calibration,3579,1172624728,16,5000,0.0,0.05,rbf,median,anytime,bonferroni,1,2,False,UNRESOLVED,5000,True,False,False,0.00030845898436382413,0.0,0.18209213411654696,True,True,True,False
7f0faab3d68384f46a94,null_anytime,null_calibration,3580,3792337451,16,5000,0.0,0.05,rbf,median,anytime,bonferroni,1,2,False,UNRESOLVED,5000,True,False,False,0.00030625000363215804,0.0,0.18209213411654696,True,True,True,False
a9b787c250c071112fe2,null_anytime,null_calibration,3581,3683033935,16,5000,0.0,0.05,rbf,median,anytime,bonferroni,1,2,False,UNRESOLVED,5000,True,False,False,0.00030641595367342234,0.0,0.18209213411654696,True,True,True,False
d289d1dd2a4c9e0c4264,null_anytime,null_calibration,3582,3568228381,16,5000,0.0,0.05,rbf,median,anytime,bonferroni,1,2,False,UNRESOLVED,5000,True,False,False,0.00030679197516292334,0.0,0.18209213411654696,True,True,True,False
21dc24facb861b2d32ca,null_anytime,null_calibration,3583,4249588713,16,5000,0.0,0.05,rbf,median,anytime,bonferroni,1,2,False,UNRESOLVED,5000,True,False,False,0.0003053749678656459,0.0,0.18209213411654696,True,True,True,False
aebff6d81b325339b3e7,null_anytime,null_calibration,3584,3717289073,16,5000,0.0,0.05,rbf,median,anytime,bonferroni,1,2,False,UNRESOLVED,5000,True,False,False,0.00030933303060010076,0.0,0.18209213411654696,True,True,True,False
b5c82d72e961a497134a,null_anytime,null_calibration,3585,2777269352,16,5000,0.0,0.05,rbf,median,anytime,bonferroni,1,2,False,UNRESOLVED,5000,True,False,False,0.0003069589729420841,0.0,0.18209213411654696,True,True,True,False
df37b8461127b472becf,null_anytime,null_calibration,3586,2757630148,16,5000,0.0,0.05,rbf,median,anytime,bonferroni,1,2,False,UNRESOLVED,5000,True,False,False,0.00030633300775662065,0.0,0.18209213411654696,True,True,True,False
48b12c4c70e188ff17c6,null_anytime,null_calibration,3587,2984315432,16,5000,0.0,0.05,rbf,median,anytime,bonferroni,1,2,False,UNRESOLVED,5000,True,False,False,0.0003058750298805535,0.0,0.18209213411654696,True,True,True,False
549d49f584bc3e3f645c,null_anytime,null_calibration,3588,2537361900,16,5000,0.0,0.05,rbf,median,anytime,bonferroni,1,2,False,UNRESOLVED,5000,True,False,False,0.00030637503368780017,0.0,0.18209213411654696,True,True,True,False
018d67229d291891eb07,null_anytime,null_calibration,3589,1375914907,16,5000,0.0,0.05,rbf,median,anytime,bonferroni,1,2,False,UNRESOLVED,5000,True,False,False,0.0003077500150538981,0.0,0.18209213411654696,True,True,True,False
84a0adf9a245565eb75c,null_anytime,null_calibration,3590,697180555,16,5000,0.0,0.05,rbf,median,anytime,bonferroni,1,2,False,UNRESOLVED,5000,True,False,False,0.0003065000055357814,0.0,0.18209213411654696,True,True,True,False
06ee44b2c051f122948e,null_anytime,null_calibration,3591,1405595912,16,5000,0.0,0.05,rbf,median,anytime,bonferroni,1,2,False,UNRESOLVED,5000,True,False,False,0.00030591600807383657,0.0,0.18209213411654696,True,True,True,False
47fde4cdbf9bfc6aff4e,null_anytime,null_calibration,3592,1208642726,16,5000,0.0,0.05,rbf,median,anytime,bonferroni,1,2,False,UNRESOLVED,5000,True,False,False,0.0003168330295011401,0.0,0.18209213411654696,True,True,True,False
0123ce11eb3eb583726b,null_anytime,null_calibration,3593,4175442088,16,5000,0.0,0.05,rbf,median,anytime,bonferroni,1,2,False,UNRESOLVED,5000,True,False,False,0.00030750001315027475,0.0,0.18209213411654696,True,True,True,False
3f68d22df56e89f4e34b,null_anytime,null_calibration,3594,3068884732,16,5000,0.0,0.05,rbf,median,anytime,bonferroni,1,2,False,UNRESOLVED,5000,True,False,False,0.00030800001695752144,0.0,0.18209213411654696,True,True,True,False
1eb2a8040fbcfd48dc68,null_anytime,null_calibration,3595,3896075270,16,5000,0.0,0.05,rbf,median,anytime,bonferroni,1,2,False,UNRESOLVED,5000,True,False,False,0.0003079159650951624,0.0,0.18209213411654696,True,True,True,False
08e3cc86bc044023f39f,null_anytime,null_calibration,3596,2118906211,16,5000,0.0,0.05,rbf,median,anytime,bonferroni,1,2,False,UNRESOLVED,5000,True,False,False,0.00030562496976926923,0.0,0.18209213411654696,True,True,True,False
9c4abe2576e705adf0d3,null_anytime,null_calibration,3597,2696325527,16,5000,0.0,0.05,rbf,median,anytime,bonferroni,1,2,False,UNRESOLVED,5000,True,False,False,0.00030737504130229354,0.0,0.18209213411654696,True,True,True,False
958ac2a51d8e7ef7179b,null_anytime,null_calibration,3598,1302867054,16,5000,0.0,0.05,rbf,median,anytime,bonferroni,1,2,False,UNRESOLVED,5000,True,False,False,0.00030687503749504685,0.0,0.18209213411654696,True,True,True,False
d6d03c4ddc2e1e79d957,null_anytime,null_calibration,3599,1406887675,16,5000,0.0,0.05,rbf,median,anytime,bonferroni,1,2,False,UNRESOLVED,5000,True,False,False,0.00030729203717783093,0.0,0.18209213411654696,True,True,True,False
b6b9935a72d8b8eb62ee,null_anytime,null_calibration,3600,2446151155,16,5000,0.0,0.05,rbf,median,anytime,bonferroni,1,2,False,UNRESOLVED,5000,True,False,False,0.00030729197897017,0.0,0.18209213411654696,True,True,True,False
39c1592f9377330924a9,null_anytime,null_calibration,3601,3003688285,16,5000,0.0,0.05,rbf,median,anytime,bonferroni,1,2,False,UNRESOLVED,5000,True,False,False,0.0003042079624719918,0.0,0.18209213411654696,True,True,True,False
9fe3f79a2167d9b21c79,null_anytime,null_calibration,3602,2800127827,16,5000,0.0,0.05,rbf,median,anytime,bonferroni,1,2,False,UNRESOLVED,5000,True,False,False,0.0003070419770665467,0.0,0.18209213411654696,True,True,True,False
ddae8f9a6fa5396a5d31,null_anytime,null_calibration,3603,385975208,16,5000,0.0,0.05,rbf,median,anytime,bonferroni,1,2,False,UNRESOLVED,5000,True,False,False,0.00030625000363215804,0.0,0.18209213411654696,True,True,True,False
5fb7bcf08ec4ff3678c2,null_anytime,null_calibration,3604,3700845096,16,5000,0.0,0.05,rbf,median,anytime,bonferroni,1,2,False,UNRESOLVED,5000,True,False,False,0.00030495901592075825,0.0,0.18209213411654696,True,True,True,False
04bbedfb72a918b6fe3e,null_anytime,null_calibration,3605,3617596559,16,5000,0.0,0.05,rbf,median,anytime,bonferroni,1,2,False,UNRESOLVED,5000,True,False,False,0.00030729197897017,0.0,0.18209213411654696,True,True,True,False
e0f5e1bdb271b981aa4d,null_anytime,null_calibration,3606,2393447700,16,5000,0.0,0.05,rbf,median,anytime,bonferroni,1,2,False,UNRESOLVED,5000,True,False,False,0.00030741700902581215,0.0,0.18209213411654696,True,True,True,False
66dc594e9528215ea5b0,null_anytime,null_calibration,3607,585225377,16,5000,0.0,0.05,rbf,median,anytime,bonferroni,1,2,False,UNRESOLVED,5000,True,False,False,0.0003067079815082252,0.0,0.18209213411654696,True,True,True,False
95c9a3064887619db0d1,null_anytime,null_calibration,3608,2290366374,16,5000,0.0,0.05,rbf,median,anytime,bonferroni,1,2,False,UNRESOLVED,5000,True,False,False,0.0003065419732593,0.0,0.18209213411654696,True,True,True,False
817512764fce3961f67c,null_anytime,null_calibration,3609,897985341,16,5000,0.0,0.05,rbf,median,anytime,bonferroni,1,2,False,UNRESOLVED,5000,True,False,False,0.00030562496976926923,0.0,0.18209213411654696,True,True,True,False
32e06858fed149c622e0,null_anytime,null_calibration,3610,207358907,16,5000,0.0,0.05,rbf,median,anytime,bonferroni,1,2,False,UNRESOLVED,5000,True,False,False,0.00030679197516292334,0.0,0.18209213411654696,True,True,True,False
2bcc71d2068401d5c581,null_anytime,null_calibration,3611,4274290434,16,5000,0.0,0.05,rbf,median,anytime,bonferroni,1,2,False,UNRESOLVED,5000,True,False,False,0.00030804204288870096,0.0,0.18209213411654696,True,True,True,False
50221631d2787fcd3712,null_anytime,null_calibration,3612,2354858471,16,5000,0.0,0.05,rbf,median,anytime,bonferroni,1,2,False,UNRESOLVED,5000,True,False,False,0.0003072500112466514,0.0,0.18209213411654696,True,True,True,False
1abe48312114ab275b22,null_anytime,null_calibration,3613,486280343,16,5000,0.0,0.05,rbf,median,anytime,bonferroni,1,2,False,UNRESOLVED,5000,True,False,False,0.00030812498880550265,0.0,0.18209213411654696,True,True,True,False
43c107a5cf2ad4ec8330,null_anytime,null_calibration,3614,1140567754,16,5000,0.0,0.05,rbf,median,anytime,bonferroni,1,2,False,UNRESOLVED,5000,True,False,False,0.0004320829757489264,0.0,0.18209213411654696,True,True,True,False
62f7c299c650ff8b2ced,null_anytime,null_calibration,3615,135133023,16,5000,0.0,0.05,rbf,median,anytime,bonferroni,1,2,False,UNRESOLVED,5000,True,False,False,0.00045841600513085723,0.0,0.18209213411654696,True,True,True,False
6d0279a278b29bfbd14e,null_anytime,null_calibration,3616,3893461046,16,5000,0.0,0.05,rbf,median,anytime,bonferroni,1,2,False,UNRESOLVED,5000,True,False,False,0.0004189169849269092,0.0,0.18209213411654696,True,True,True,False
89a74ce35c769496dd0c,null_anytime,null_calibration,3617,4287530414,16,5000,0.0,0.05,rbf,median,anytime,bonferroni,1,2,False,UNRESOLVED,5000,True,False,False,0.00042154197581112385,0.0,0.18209213411654696,True,True,True,False
5381af6d3598c5156b67,null_anytime,null_calibration,3618,2546888953,16,5000,0.0,0.05,rbf,median,anytime,bonferroni,1,2,False,UNRESOLVED,5000,True,False,False,0.0004348749644123018,0.0,0.18209213411654696,True,True,True,False
eb23f5a72d14131a90d2,null_anytime,null_calibration,3619,1105733093,16,5000,0.0,0.05,rbf,median,anytime,bonferroni,1,2,False,UNRESOLVED,5000,True,False,False,0.0004135830095037818,0.0,0.18209213411654696,True,True,True,False
5febee07404364c8a274,null_anytime,null_calibration,3620,4101054252,16,5000,0.0,0.05,rbf,median,anytime,bonferroni,1,2,False,UNRESOLVED,5000,True,False,False,0.00042458297684788704,0.0,0.18209213411654696,True,True,True,False
35b89d23fd157833e9b4,null_anytime,null_calibration,3621,2867888333,16,5000,0.0,0.05,rbf,median,anytime,bonferroni,1,2,False,UNRESOLVED,5000,True,False,False,0.00042975001269951463,0.0,0.18209213411654696,True,True,True,False
c524c90752ad841bb335,null_anytime,null_calibration,3622,2865024520,16,5000,0.0,0.05,rbf,median,anytime,bonferroni,1,2,False,UNRESOLVED,5000,True,False,False,0.0004569160519167781,0.0,0.18209213411654696,True,True,True,False
5c0b83841bfc6804ed54,null_anytime,null_calibration,3623,2854122701,16,5000,0.0,0.05,rbf,median,anytime,bonferroni,1,2,False,UNRESOLVED,5000,True,False,False,0.00046383304288610816,0.0,0.18209213411654696,True,True,True,False
c07d36c7656dab3dbaf8,null_anytime,null_calibration,3624,1046819341,16,5000,0.0,0.05,rbf,median,anytime,bonferroni,1,2,False,UNRESOLVED,5000,True,False,False,0.0004094159812666476,0.0,0.18209213411654696,True,True,True,False
a810c3454b9d73665797,null_anytime,null_calibration,3625,235198505,16,5000,0.0,0.05,rbf,median,anytime,bonferroni,1,2,False,UNRESOLVED,5000,True,False,False,0.0004129580338485539,0.0,0.18209213411654696,True,True,True,False
5b924890ee0a6b4f2bc7,null_anytime,null_calibration,3626,2308661123,16,5000,0.0,0.05,rbf,median,anytime,bonferroni,1,2,False,UNRESOLVED,5000,True,False,False,0.0004136249772273004,0.0,0.18209213411654696,True,True,True,False
79242e3c8e4167a12339,null_anytime,null_calibration,3627,1303566144,16,5000,0.0,0.05,rbf,median,anytime,bonferroni,1,2,False,UNRESOLVED,5000,True,False,False,0.00041145901195704937,0.0,0.18209213411654696,True,True,True,False
0a06d36836d96f2a8c25,null_anytime,null_calibration,3628,279444103,16,5000,0.0,0.05,rbf,median,anytime,bonferroni,1,2,False,UNRESOLVED,5000,True,False,False,0.0004083329695276916,0.0,0.18209213411654696,True,True,True,False
f547889b546a81f49f51,null_anytime,null_calibration,3629,3661307346,16,5000,0.0,0.05,rbf,median,anytime,bonferroni,1,2,False,UNRESOLVED,5000,True,False,False,0.00040674995398148894,0.0,0.18209213411654696,True,True,True,False
63a1141f733d15ba331f,null_anytime,null_calibration,3630,1006273573,16,5000,0.0,0.05,rbf,median,anytime,bonferroni,1,2,False,UNRESOLVED,5000,True,False,False,0.0004306670161895454,0.0,0.18209213411654696,True,True,True,False
de03dfe78371ea4f2b4c,null_anytime,null_calibration,3631,467047306,16,5000,0.0,0.05,rbf,median,anytime,bonferroni,1,2,False,UNRESOLVED,5000,True,False,False,0.0004092919989489019,0.0,0.18209213411654696,True,True,True,False
aafd77c55fb0e1d16619,null_anytime,null_calibration,3632,3902661062,16,5000,0.0,0.05,rbf,median,anytime,bonferroni,1,2,False,UNRESOLVED,5000,True,False,False,0.0004058339982293546,0.0,0.18209213411654696,True,True,True,False
3faaace83ccad563a7f6,null_anytime,null_calibration,3633,1042991719,16,5000,0.0,0.05,rbf,median,anytime,bonferroni,1,2,False,UNRESOLVED,5000,True,False,False,0.0004152500187046826,0.0,0.18209213411654696,True,True,True,False
999de72d23495dd78c21,null_anytime,null_calibration,3634,2683577375,16,5000,0.0,0.05,rbf,median,anytime,bonferroni,1,2,False,UNRESOLVED,5000,True,False,False,0.00040612497832626104,0.0,0.18209213411654696,True,True,True,False
5b4a59f796226dd0228f,null_anytime,null_calibration,3635,1725992979,16,5000,0.0,0.05,rbf,median,anytime,bonferroni,1,2,False,UNRESOLVED,5000,True,False,False,0.00041137501830235124,0.0,0.18209213411654696,True,True,True,False
13a78b1900c4277bcd81,null_anytime,null_calibration,3636,3025152152,16,5000,0.0,0.05,rbf,median,anytime,bonferroni,1,2,False,UNRESOLVED,5000,True,False,False,0.000482875038869679,0.0,0.18209213411654696,True,True,True,False
a90333850a1ce925a5d6,null_anytime,null_calibration,3637,1766315506,16,5000,0.0,0.05,rbf,median,anytime,bonferroni,1,2,False,UNRESOLVED,5000,True,False,False,0.00040249997982755303,0.0,0.18209213411654696,True,True,True,False
d3010c3153feac774bad,null_anytime,null_calibration,3638,3704862095,16,5000,0.0,0.05,rbf,median,anytime,bonferroni,1,2,False,UNRESOLVED,5000,True,False,False,0.00033374998020008206,0.0,0.18209213411654696,True,True,True,False
37f0287dd30f57e2e105,null_anytime,null_calibration,3639,4137120895,16,5000,0.0,0.05,rbf,median,anytime,bonferroni,1,2,False,UNRESOLVED,5000,True,False,False,0.0003189999843016267,0.0,0.18209213411654696,True,True,True,False
f07ecf93ef65faad93da,null_anytime,null_calibration,3640,3702902073,16,5000,0.0,0.05,rbf,median,anytime,bonferroni,1,2,False,UNRESOLVED,5000,True,False,False,0.0003149170079268515,0.0,0.18209213411654696,True,True,True,False
e9c6f8a6a2dea8b61b11,null_anytime,null_calibration,3641,56426086,16,5000,0.0,0.05,rbf,median,anytime,bonferroni,1,2,False,UNRESOLVED,5000,True,False,False,0.0003101249458268285,0.0,0.18209213411654696,True,True,True,False
3a8f79ab40c648f3d055,null_anytime,null_calibration,3642,3936524227,16,5000,0.0,0.05,rbf,median,anytime,bonferroni,1,2,False,UNRESOLVED,5000,True,False,False,0.0003066249773837626,0.0,0.18209213411654696,True,True,True,False
75345867a7fc315cb08f,null_anytime,null_calibration,3643,1588883222,16,5000,0.0,0.05,rbf,median,anytime,bonferroni,1,2,False,UNRESOLVED,5000,True,False,False,0.000306959031149745,0.0,0.18209213411654696,True,True,True,False
8c82dd55fb0950e72b19,null_anytime,null_calibration,3644,3340689581,16,5000,0.0,0.05,rbf,median,anytime,bonferroni,1,2,False,UNRESOLVED,5000,True,False,False,0.00030620902543887496,0.0,0.18209213411654696,True,True,True,False
213d8e77c96a75fe67aa,null_anytime,null_calibration,3645,3679362833,16,5000,0.0,0.05,rbf,median,anytime,bonferroni,1,2,False,UNRESOLVED,5000,True,False,False,0.00030583300394937396,0.0,0.18209213411654696,True,True,True,False
e02754c5afcdcd0e79e6,null_anytime,null_calibration,3646,2938037309,16,5000,0.0,0.05,rbf,median,anytime,bonferroni,1,2,False,UNRESOLVED,5000,True,False,False,0.00030616699950769544,0.0,0.18209213411654696,True,True,True,False
b2cb86e1cd4a48d67a07,null_anytime,null_calibration,3647,1608589637,16,5000,0.0,0.05,rbf,median,anytime,bonferroni,1,2,False,UNRESOLVED,5000,True,False,False,0.0003061250317841768,0.0,0.18209213411654696,True,True,True,False
cf57f6f836e1c94fe23f,null_anytime,null_calibration,3648,403556174,16,5000,0.0,0.05,rbf,median,anytime,bonferroni,1,2,False,UNRESOLVED,5000,True,False,False,0.0003072909894399345,0.0,0.18209213411654696,True,True,True,False
b75563ed275d4ee0e91c,null_anytime,null_calibration,3649,476073829,16,5000,0.0,0.05,rbf,median,anytime,bonferroni,1,2,False,UNRESOLVED,5000,True,False,False,0.00030529097421094775,0.0,0.18209213411654696,True,True,True,False
f2165c668d87aa267a4b,null_anytime,null_calibration,3650,1253955144,16,5000,0.0,0.05,rbf,median,anytime,bonferroni,1,2,False,UNRESOLVED,5000,True,False,False,0.00030441698618233204,0.0,0.18209213411654696,True,True,True,False
21cabe3515b2cda63d92,null_anytime,null_calibration,3651,4238454814,16,5000,0.0,0.05,rbf,median,anytime,bonferroni,1,2,False,UNRESOLVED,5000,True,False,False,0.0003066249773837626,0.0,0.18209213411654696,True,True,True,False
fdf5801ff10487b8f31e,null_anytime,null_calibration,3652,3458451447,16,5000,0.0,0.05,rbf,median,anytime,bonferroni,1,2,False,UNRESOLVED,5000,True,False,False,0.0003060830058529973,0.0,0.18209213411654696,True,True,True,False
a53fa0d90a0456dfc9a9,null_anytime,null_calibration,3653,97937786,16,5000,0.0,0.05,rbf,median,anytime,bonferroni,1,2,False,UNRESOLVED,5000,True,False,False,0.00030462502036243677,0.0,0.18209213411654696,True,True,True,False
5454b26f431a462626d5,null_anytime,null_calibration,3654,2923969081,16,5000,0.0,0.05,rbf,median,anytime,bonferroni,1,2,False,UNRESOLVED,5000,True,False,False,0.000305499997921288,0.0,0.18209213411654696,True,True,True,False
d9a0075d4668ec4a3f09,null_anytime,null_calibration,3655,3541377524,16,5000,0.0,0.05,rbf,median,anytime,bonferroni,1,2,False,UNRESOLVED,5000,True,False,False,0.00030687497928738594,0.0,0.18209213411654696,True,True,True,False
a0e367bc8c3c5f45a33d,null_anytime,null_calibration,3656,3480084253,16,5000,0.0,0.05,rbf,median,anytime,bonferroni,1,2,False,UNRESOLVED,5000,True,False,False,0.0003074159612879157,0.0,0.18209213411654696,True,True,True,False
f18564158e0e52e59f88,null_anytime,null_calibration,3657,44977985,16,5000,0.0,0.05,rbf,median,anytime,bonferroni,1,2,False,UNRESOLVED,5000,True,False,False,0.00030574999982491136,0.0,0.18209213411654696,True,True,True,False
e092fc72775fb73aeb09,null_anytime,null_calibration,3658,120230704,16,5000,0.0,0.05,rbf,median,anytime,bonferroni,1,2,False,UNRESOLVED,5000,True,False,False,0.00030566699570044875,0.0,0.18209213411654696,True,True,True,False
9c4ec5ddb976249d2d01,null_anytime,null_calibration,3659,2341383929,16,5000,0.0,0.05,rbf,median,anytime,bonferroni,1,2,False,UNRESOLVED,5000,True,False,False,0.00030499999411404133,0.0,0.18209213411654696,True,True,True,False
b21389bb039d451617cd,null_anytime,null_calibration,3660,543669808,16,5000,0.0,0.05,rbf,median,anytime,bonferroni,1,2,False,UNRESOLVED,5000,True,False,False,0.000304749992210418,0.0,0.18209213411654696,True,True,True,False
d7221c521fbfc7027299,null_anytime,null_calibration,3661,1276923115,16,5000,0.0,0.05,rbf,median,anytime,bonferroni,1,2,False,UNRESOLVED,5000,True,False,False,0.0003048750222660601,0.0,0.18209213411654696,True,True,True,False
7bf33eb7cf36dbb30c64,null_anytime,null_calibration,3662,1781599147,16,5000,0.0,0.05,rbf,median,anytime,bonferroni,1,2,False,UNRESOLVED,5000,True,False,False,0.00030445802258327603,0.0,0.18209213411654696,True,True,True,False
c3382d42b378710ae22d,null_anytime,null_calibration,3663,3367971390,16,5000,0.0,0.05,rbf,median,anytime,bonferroni,1,2,False,UNRESOLVED,5000,True,False,False,0.0003042499884031713,0.0,0.18209213411654696,True,True,True,False
bd74596762f30ae9d81b,null_anytime,null_calibration,3664,2152255216,16,5000,0.0,0.05,rbf,median,anytime,bonferroni,1,2,False,UNRESOLVED,5000,True,False,False,0.00030520797008648515,0.0,0.18209213411654696,True,True,True,False
50b84bf6fb3b27b972da,null_anytime,null_calibration,3665,3909805979,16,5000,0.0,0.05,rbf,median,anytime,bonferroni,1,2,False,UNRESOLVED,5000,True,False,False,0.0003035830450244248,0.0,0.18209213411654696,True,True,True,False
7ab4bb7af2854f4c2705,null_anytime,null_calibration,3666,2911804936,16,5000,0.0,0.05,rbf,median,anytime,bonferroni,1,2,False,UNRESOLVED,5000,True,False,False,0.00030324998078867793,0.0,0.18209213411654696,True,True,True,False
444c509c6724156a0a17,null_anytime,null_calibration,3667,3037764372,16,5000,0.0,0.05,rbf,median,anytime,bonferroni,1,2,False,UNRESOLVED,5000,True,False,False,0.00030637503368780017,0.0,0.18209213411654696,True,True,True,False
77d3bff7a4f396eb0112,null_anytime,null_calibration,3668,4116331616,16,5000,0.0,0.05,rbf,median,anytime,bonferroni,1,2,False,UNRESOLVED,5000,True,False,False,0.00030395801877602935,0.0,0.18209213411654696,True,True,True,False
c081d92484047a7b4808,null_anytime,null_calibration,3669,2149565914,16,5000,0.0,0.05,rbf,median,anytime,bonferroni,1,2,False,UNRESOLVED,5000,True,False,False,0.0003053339896723628,0.0,0.18209213411654696,True,True,True,False
e6dcc54b3c4a007cdb1c,null_anytime,null_calibration,3670,1838004028,16,5000,0.0,0.05,rbf,median,anytime,bonferroni,1,2,False,UNRESOLVED,5000,True,False,False,0.00030279200291261077,0.0,0.18209213411654696,True,True,True,False
d9257cf6b5838d72aad7,null_anytime,null_calibration,3671,2624129815,16,5000,0.0,0.05,rbf,median,anytime,bonferroni,1,2,False,UNRESOLVED,5000,True,False,False,0.00030470796627923846,0.0,0.18209213411654696,True,True,True,False
5eda1662ecfd4f5fe693,null_anytime,null_calibration,3672,1201811494,16,5000,0.0,0.05,rbf,median,anytime,bonferroni,1,2,False,UNRESOLVED,5000,True,False,False,0.0003065000055357814,0.0,0.18209213411654696,True,True,True,False
c1f0c4783e990f558b41,null_anytime,null_calibration,3673,3906296614,16,5000,0.0,0.05,rbf,median,anytime,bonferroni,1,2,False,UNRESOLVED,5000,True,False,False,0.00030945800244808197,0.0,0.18209213411654696,True,True,True,False
ae45391577dbc4bcbda6,null_anytime,null_calibration,3674,2250469771,16,5000,0.0,0.05,rbf,median,anytime,bonferroni,1,2,False,UNRESOLVED,5000,True,False,False,0.00030633294954895973,0.0,0.18209213411654696,True,True,True,False
b7ea262685cf61e5b483,null_anytime,null_calibration,3675,3670373396,16,5000,0.0,0.05,rbf,median,anytime,bonferroni,1,2,False,UNRESOLVED,5000,True,False,False,0.0003056660061702132,0.0,0.18209213411654696,True,True,True,False
50ad4ed9acfead0a2381,null_anytime,null_calibration,3676,3169649822,16,5000,0.0,0.05,rbf,median,anytime,bonferroni,1,2,False,UNRESOLVED,5000,True,False,False,0.0003072500112466514,0.0,0.18209213411654696,True,True,True,False
fe55af7a59bd0fc381f8,null_anytime,null_calibration,3677,3741544888,16,5000,0.0,0.05,rbf,median,anytime,bonferroni,1,2,False,UNRESOLVED,5000,True,False,False,0.000305499997921288,0.0,0.18209213411654696,True,True,True,False
5e6dcd783abdbdb7e674,null_anytime,null_calibration,3678,123946230,16,5000,0.0,0.05,rbf,median,anytime,bonferroni,1,2,False,UNRESOLVED,5000,True,False,False,0.00030383403645828366,0.0,0.18209213411654696,True,True,True,False
a39ea330e6203f675807,null_anytime,null_calibration,3679,3563330205,16,5000,0.0,0.05,rbf,median,anytime,bonferroni,1,2,False,UNRESOLVED,5000,True,False,False,0.0003042499884031713,0.0,0.18209213411654696,True,True,True,False
bc9f21f68c885f826127,null_anytime,null_calibration,3680,4203836621,16,5000,0.0,0.05,rbf,median,anytime,bonferroni,1,2,False,UNRESOLVED,5000,True,False,False,0.0003044579643756151,0.0,0.18209213411654696,True,True,True,False
dafe3ab8fab1ad1f189a,null_anytime,null_calibration,3681,307060625,16,5000,0.0,0.05,rbf,median,anytime,bonferroni,1,2,False,UNRESOLVED,5000,True,False,False,0.0003042080206796527,0.0,0.18209213411654696,True,True,True,False
b6d40cc10c04a49e0dba,null_anytime,null_calibration,3682,2961412676,16,5000,0.0,0.05,rbf,median,anytime,bonferroni,1,2,False,UNRESOLVED,5000,True,False,False,0.0003023750032298267,0.0,0.18209213411654696,True,True,True,False
caebd2d70f45c2ed880c,null_anytime,null_calibration,3683,47462272,16,5000,0.0,0.05,rbf,median,anytime,bonferroni,1,2,False,UNRESOLVED,5000,True,False,False,0.0003041670424863696,0.0,0.18209213411654696,True,True,True,False
097b2875605892538659,null_anytime,null_calibration,3684,2329260928,16,5000,0.0,0.05,rbf,median,anytime,bonferroni,1,2,False,UNRESOLVED,5000,True,False,False,0.00030387501465156674,0.0,0.18209213411654696,True,True,True,False
3fbaa1f79cef633aa3a1,null_anytime,null_calibration,3685,1910464278,16,5000,0.0,0.05,rbf,median,anytime,bonferroni,1,2,False,UNRESOLVED,5000,True,False,False,0.0003031249507330358,0.0,0.18209213411654696,True,True,True,False
517f50f7a0abdb32bd2e,null_anytime,null_calibration,3686,874924392,16,5000,0.0,0.05,rbf,median,anytime,bonferroni,1,2,False,UNRESOLVED,5000,True,False,False,0.00030574999982491136,0.0,0.18209213411654696,True,True,True,False
230c6ffe9f82a8a963ce,null_anytime,null_calibration,3687,2956531588,16,5000,0.0,0.05,rbf,median,anytime,bonferroni,1,2,False,UNRESOLVED,5000,True,False,False,0.00030399998649954796,0.0,0.18209213411654696,True,True,True,False
07a2a38828870d6890e7,null_anytime,null_calibration,3688,2116128817,16,5000,0.0,0.05,rbf,median,anytime,bonferroni,1,2,False,UNRESOLVED,5000,True,False,False,0.0003030829830095172,0.0,0.18209213411654696,True,True,True,False
9416be81fc9c23302232,null_anytime,null_calibration,3689,3552765657,16,5000,0.0,0.05,rbf,median,anytime,bonferroni,1,2,False,UNRESOLVED,5000,True,False,False,0.0003061249735765159,0.0,0.18209213411654696,True,True,True,False
51c59b1f99fdb6efbabc,null_anytime,null_calibration,3690,2329535966,16,5000,0.0,0.05,rbf,median,anytime,bonferroni,1,2,False,UNRESOLVED,5000,True,False,False,0.0003070830134674907,0.0,0.18209213411654696,True,True,True,False
d57162b4e7d0d391cc8c,null_anytime,null_calibration,3691,1782347462,16,5000,0.0,0.05,rbf,median,anytime,bonferroni,1,2,False,UNRESOLVED,5000,True,False,False,0.00030841602711007,0.0,0.18209213411654696,True,True,True,False
75e39c07ecbe6cc8f082,null_anytime,null_calibration,3692,3344283850,16,5000,0.0,0.05,rbf,median,anytime,bonferroni,1,2,False,UNRESOLVED,5000,True,False,False,0.0003040420124307275,0.0,0.18209213411654696,True,True,True,False
806726c28445942c404d,null_anytime,null_calibration,3693,1804310223,16,5000,0.0,0.05,rbf,median,anytime,bonferroni,1,2,False,UNRESOLVED,5000,True,False,False,0.00030508299823850393,0.0,0.18209213411654696,True,True,True,False
144536a4171b64de3ab8,null_anytime,null_calibration,3694,1734961103,16,5000,0.0,0.05,rbf,median,anytime,bonferroni,1,2,False,UNRESOLVED,5000,True,False,False,0.0003102089976891875,0.0,0.18209213411654696,True,True,True,False
d6a1861ade4bc399b3e0,null_anytime,null_calibration,3695,2068526469,16,5000,0.0,0.05,rbf,median,anytime,bonferroni,1,2,False,UNRESOLVED,5000,True,False,False,0.0003052920219488442,0.0,0.18209213411654696,True,True,True,False
12a2dcc65fa3cd46e295,null_anytime,null_calibration,3696,658900752,16,5000,0.0,0.05,rbf,median,anytime,bonferroni,1,2,False,UNRESOLVED,5000,True,False,False,0.0003052919637411833,0.0,0.18209213411654696,True,True,True,False
4215bdba456df2ff350e,null_anytime,null_calibration,3697,2728512040,16,5000,0.0,0.05,rbf,median,anytime,bonferroni,1,2,False,UNRESOLVED,5000,True,False,False,0.00030762498499825597,0.0,0.18209213411654696,True,True,True,False
700627e6fec4e7075873,null_anytime,null_calibration,3698,1540795431,16,5000,0.0,0.05,rbf,median,anytime,bonferroni,1,2,False,UNRESOLVED,5000,True,False,False,0.0003084170166403055,0.0,0.18209213411654696,True,True,True,False
0fdb5afbe64e812c929f,null_anytime,null_calibration,3699,3641077296,16,5000,0.0,0.05,rbf,median,anytime,bonferroni,1,2,False,UNRESOLVED,5000,True,False,False,0.00030516699189320207,0.0,0.18209213411654696,True,True,True,False
a3fb62faaa8179192eed,null_anytime,null_calibration,3700,833708878,16,5000,0.0,0.05,rbf,median,anytime,bonferroni,1,2,False,UNRESOLVED,5000,True,False,False,0.00030462502036243677,0.0,0.18209213411654696,True,True,True,False
51136f9b0661398b0993,null_anytime,null_calibration,3701,1073537916,16,5000,0.0,0.05,rbf,median,anytime,bonferroni,1,2,False,UNRESOLVED,5000,True,False,False,0.00031454203417524695,0.0,0.18209213411654696,True,True,True,False
50d766bcab3a37d30dec,null_anytime,null_calibration,3702,4091465492,16,5000,0.0,0.05,rbf,median,anytime,bonferroni,1,2,False,UNRESOLVED,5000,True,False,False,0.00030633300775662065,0.0,0.18209213411654696,True,True,True,False
9d93df6e6a6aa5e786f8,null_anytime,null_calibration,3703,4135925652,16,5000,0.0,0.05,rbf,median,anytime,bonferroni,1,2,False,UNRESOLVED,5000,True,False,False,0.0003060420276597142,0.0,0.18209213411654696,True,True,True,False
2dfec399e4efc8f9fe82,null_anytime,null_calibration,3704,1340017755,16,5000,0.0,0.05,rbf,median,anytime,bonferroni,1,2,False,UNRESOLVED,5000,True,False,False,0.0003042909665964544,0.0,0.18209213411654696,True,True,True,False
680d5adb7f9debaeeea9,null_anytime,null_calibration,3705,2584283852,16,5000,0.0,0.05,rbf,median,anytime,bonferroni,1,2,False,UNRESOLVED,5000,True,False,False,0.0003048750222660601,0.0,0.18209213411654696,True,True,True,False
799e9053290a23e01628,null_anytime,null_calibration,3706,664741697,16,5000,0.0,0.05,rbf,median,anytime,bonferroni,1,2,False,UNRESOLVED,5000,True,False,False,0.0003055419656448066,0.0,0.18209213411654696,True,True,True,False
54a53fcaed4d556baae7,null_anytime,null_calibration,3707,1264500376,16,5000,0.0,0.05,rbf,median,anytime,bonferroni,1,2,False,UNRESOLVED,5000,True,False,False,0.0003067500074394047,0.0,0.18209213411654696,True,True,True,False
3de7614b3e55d4bfa3f1,null_anytime,null_calibration,3708,2106542108,16,5000,0.0,0.05,rbf,median,anytime,bonferroni,1,2,False,UNRESOLVED,5000,True,False,False,0.00030700000934302807,0.0,0.18209213411654696,True,True,True,False
29c82953945d217d0935,null_anytime,null_calibration,3709,3210226151,16,5000,0.0,0.05,rbf,median,anytime,bonferroni,1,2,False,UNRESOLVED,5000,True,False,False,0.00030637503368780017,0.0,0.18209213411654696,True,True,True,False
56a0db7e8c81299674c5,null_anytime,null_calibration,3710,3806256011,16,5000,0.0,0.05,rbf,median,anytime,bonferroni,1,2,False,UNRESOLVED,5000,True,False,False,0.00030508299823850393,0.0,0.18209213411654696,True,True,True,False
48e056f8f0e30d6ed31d,null_anytime,null_calibration,3711,31403581,16,5000,0.0,0.05,rbf,median,anytime,bonferroni,1,2,False,UNRESOLVED,5000,True,False,False,0.0003049169899895787,0.0,0.18209213411654696,True,True,True,False
3304f041e08e26d0e8ff,null_anytime,null_calibration,3712,2699378492,16,5000,0.0,0.05,rbf,median,anytime,bonferroni,1,2,False,UNRESOLVED,5000,True,False,False,0.0003042499884031713,0.0,0.18209213411654696,True,True,True,False
24c124b8ea53f835bc49,null_anytime,null_calibration,3713,2497768285,16,5000,0.0,0.05,rbf,median,anytime,bonferroni,1,2,False,UNRESOLVED,5000,True,False,False,0.00030637497548013926,0.0,0.18209213411654696,True,True,True,False
bc74fdd7f8405783650c,null_anytime,null_calibration,3714,3244480101,16,5000,0.0,0.05,rbf,median,anytime,bonferroni,1,2,False,UNRESOLVED,5000,True,False,False,0.0003064170014113188,0.0,0.18209213411654696,True,True,True,False
5f329daa984e61aa9191,null_anytime,null_calibration,3715,6378356,16,5000,0.0,0.05,rbf,median,anytime,bonferroni,1,2,False,UNRESOLVED,5000,True,False,False,0.00030683301156386733,0.0,0.18209213411654696,True,True,True,False
9aa8edbda84cd88a88f2,null_anytime,null_calibration,3716,3402669240,16,5000,0.0,0.05,rbf,median,anytime,bonferroni,1,2,False,UNRESOLVED,5000,True,False,False,0.0003041669842787087,0.0,0.18209213411654696,True,True,True,False
52c0464a087830be110e,null_anytime,null_calibration,3717,1256602475,16,5000,0.0,0.05,rbf,median,anytime,bonferroni,1,2,False,UNRESOLVED,5000,True,False,False,0.00030641601188108325,0.0,0.18209213411654696,True,True,True,False
bc5a79cf4b0a23719ca2,null_anytime,null_calibration,3718,1189282748,16,5000,0.0,0.05,rbf,median,anytime,bonferroni,1,2,False,UNRESOLVED,5000,True,False,False,0.0003072909894399345,0.0,0.18209213411654696,True,True,True,False
099b09e92b7f8a686d75,null_anytime,null_calibration,3719,315544567,16,5000,0.0,0.05,rbf,median,anytime,bonferroni,1,2,False,UNRESOLVED,5000,True,False,False,0.00030574999982491136,0.0,0.18209213411654696,True,True,True,False
04bc179b8d22d04fa34f,null_anytime,null_calibration,3720,796345725,16,5000,0.0,0.05,rbf,median,anytime,bonferroni,1,2,False,UNRESOLVED,5000,True,False,False,0.0003053330001421273,0.0,0.18209213411654696,True,True,True,False
a68ac2eb9fb88b1e1014,null_anytime,null_calibration,3721,121156228,16,5000,0.0,0.05,rbf,median,anytime,bonferroni,1,2,False,UNRESOLVED,5000,True,False,False,0.0003064590273424983,0.0,0.18209213411654696,True,True,True,False
9f3424da62e7bb01d4bb,null_anytime,null_calibration,3722,1750837897,16,5000,0.0,0.05,rbf,median,anytime,bonferroni,1,2,False,UNRESOLVED,5000,True,False,False,0.0003059579757973552,0.0,0.18209213411654696,True,True,True,False
dcbcb58ca08a56c944b7,null_anytime,null_calibration,3723,649613230,16,5000,0.0,0.05,rbf,median,anytime,bonferroni,1,2,False,UNRESOLVED,5000,True,False,False,0.0003064170014113188,0.0,0.18209213411654696,True,True,True,False
0bcea6049a532b746aa7,null_anytime,null_calibration,3724,444661166,16,5000,0.0,0.05,rbf,median,anytime,bonferroni,1,2,False,UNRESOLVED,5000,True,False,False,0.0003065000055357814,0.0,0.18209213411654696,True,True,True,False
30ac2988a3a01ce53fed,null_anytime,null_calibration,3725,2628053161,16,5000,0.0,0.05,rbf,median,anytime,bonferroni,1,2,False,UNRESOLVED,5000,True,False,False,0.00030454201623797417,0.0,0.18209213411654696,True,True,True,False
898a506a2be025cc5538,null_anytime,null_calibration,3726,1930444569,16,5000,0.0,0.05,rbf,median,anytime,bonferroni,1,2,False,UNRESOLVED,5000,True,False,False,0.00030454195803031325,0.0,0.18209213411654696,True,True,True,False
e6c9bd7495324cf873d7,null_anytime,null_calibration,3727,2906459093,16,5000,0.0,0.05,rbf,median,anytime,bonferroni,1,2,False,UNRESOLVED,5000,True,False,False,0.0003057920257560909,0.0,0.18209213411654696,True,True,True,False
13388dc236e2a0d2c4e5,null_anytime,null_calibration,3728,3644431807,16,5000,0.0,0.05,rbf,median,anytime,bonferroni,1,2,False,UNRESOLVED,5000,True,False,False,0.00030441698618233204,0.0,0.18209213411654696,True,True,True,False
aacefc38a1b5f077931f,null_anytime,null_calibration,3729,3677137168,16,5000,0.0,0.05,rbf,median,anytime,bonferroni,1,2,False,UNRESOLVED,5000,True,False,False,0.0003067079815082252,0.0,0.18209213411654696,True,True,True,False
a87531634742b903bce8,null_anytime,null_calibration,3730,171833382,16,5000,0.0,0.05,rbf,median,anytime,bonferroni,1,2,False,UNRESOLVED,5000,True,False,False,0.0003046670462936163,0.0,0.18209213411654696,True,True,True,False
928c260051c6a232dcc0,null_anytime,null_calibration,3731,496616358,16,5000,0.0,0.05,rbf,median,anytime,bonferroni,1,2,False,UNRESOLVED,5000,True,False,False,0.00030504196183755994,0.0,0.18209213411654696,True,True,True,False
64aa75650c9a239bee13,null_anytime,null_calibration,3732,2425162730,16,5000,0.0,0.05,rbf,median,anytime,bonferroni,1,2,False,UNRESOLVED,5000,True,False,False,0.00030616699950769544,0.0,0.18209213411654696,True,True,True,False
d2e1191b6e60f92e6e36,null_anytime,null_calibration,3733,3458887005,16,5000,0.0,0.05,rbf,median,anytime,bonferroni,1,2,False,UNRESOLVED,5000,True,False,False,0.00030645797960460186,0.0,0.18209213411654696,True,True,True,False
3896a4a1dc41fbe481d2,null_anytime,null_calibration,3734,3821396755,16,5000,0.0,0.05,rbf,median,anytime,bonferroni,1,2,False,UNRESOLVED,5000,True,False,False,0.0003048329963348806,0.0,0.18209213411654696,True,True,True,False
5e82e868c9cb507a4b7d,null_anytime,null_calibration,3735,526071276,16,5000,0.0,0.05,rbf,median,anytime,bonferroni,1,2,False,UNRESOLVED,5000,True,False,False,0.0003037499845959246,0.0,0.18209213411654696,True,True,True,False
ce8ae8c53d770d5d784e,null_anytime,null_calibration,3736,42972389,16,5000,0.0,0.05,rbf,median,anytime,bonferroni,1,2,False,UNRESOLVED,5000,True,False,False,0.0003066250355914235,0.0,0.18209213411654696,True,True,True,False
75a1541ff84ec4d44f13,null_anytime,null_calibration,3737,1188472635,16,5000,0.0,0.05,rbf,median,anytime,bonferroni,1,2,False,UNRESOLVED,5000,True,False,False,0.0003054169937968254,0.0,0.18209213411654696,True,True,True,False
dba0d95529bae25c6c0d,null_anytime,null_calibration,3738,3733137751,16,5000,0.0,0.05,rbf,median,anytime,bonferroni,1,2,False,UNRESOLVED,5000,True,False,False,0.00030520802829414606,0.0,0.18209213411654696,True,True,True,False
cc84da763a40fe387239,null_anytime,null_calibration,3739,1512228722,16,5000,0.0,0.05,rbf,median,anytime,bonferroni,1,2,False,UNRESOLVED,5000,True,False,False,0.00030937499832361937,0.0,0.18209213411654696,True,True,True,False
1ad34489d16a4eeb9b15,null_anytime,null_calibration,3740,1567302504,16,5000,0.0,0.05,rbf,median,anytime,bonferroni,1,2,False,UNRESOLVED,5000,True,False,False,0.0003043329925276339,0.0,0.18209213411654696,True,True,True,False
d6bee3f118bbff1715de,null_anytime,null_calibration,3741,1785799025,16,5000,0.0,0.05,rbf,median,anytime,bonferroni,1,2,False,UNRESOLVED,5000,True,False,False,0.0003038329887203872,0.0,0.18209213411654696,True,True,True,False
2829abe47ed81fe0a96d,null_anytime,null_calibration,3742,4173998814,16,5000,0.0,0.05,rbf,median,anytime,bonferroni,1,2,False,UNRESOLVED,5000,True,False,False,0.00030554202385246754,0.0,0.18209213411654696,True,True,True,False
44c7f5d0706244cda7bb,null_anytime,null_calibration,3743,1424386148,16,5000,0.0,0.05,rbf,median,anytime,bonferroni,1,2,False,UNRESOLVED,5000,True,False,False,0.0003065000055357814,0.0,0.18209213411654696,True,True,True,False
751500a11e97f870138b,null_anytime,null_calibration,3744,2625640578,16,5000,0.0,0.05,rbf,median,anytime,bonferroni,1,2,False,UNRESOLVED,5000,True,False,False,0.0003064589691348374,0.0,0.18209213411654696,True,True,True,False
99fe753015f02976b15e,null_anytime,null_calibration,3745,1273443771,16,5000,0.0,0.05,rbf,median,anytime,bonferroni,1,2,False,UNRESOLVED,5000,True,False,False,0.0003059169976040721,0.0,0.18209213411654696,True,True,True,False
96fb090236b4fac3aeb1,null_anytime,null_calibration,3746,3952542020,16,5000,0.0,0.05,rbf,median,anytime,bonferroni,1,2,False,UNRESOLVED,5000,True,False,False,0.0003064170014113188,0.0,0.18209213411654696,True,True,True,False
fd5d0d7d6257ff4672a6,null_anytime,null_calibration,3747,3906441916,16,5000,0.0,0.05,rbf,median,anytime,bonferroni,1,2,False,UNRESOLVED,5000,True,False,False,0.0003052500542253256,0.0,0.18209213411654696,True,True,True,False
f43a52f04c1570b4b1ab,null_anytime,null_calibration,3748,780378137,16,5000,0.0,0.05,rbf,median,anytime,bonferroni,1,2,False,UNRESOLVED,5000,True,False,False,0.00030574999982491136,0.0,0.18209213411654696,True,True,True,False
a30d00bcdb5394c32ad8,null_anytime,null_calibration,3749,417586385,16,5000,0.0,0.05,rbf,median,anytime,bonferroni,1,2,False,UNRESOLVED,5000,True,False,False,0.00030337501084432006,0.0,0.18209213411654696,True,True,True,False
3cb811bef21478847194,null_anytime,null_calibration,3750,3565848790,16,5000,0.0,0.05,rbf,median,anytime,bonferroni,1,2,False,UNRESOLVED,5000,True,False,False,0.00030512502416968346,0.0,0.18209213411654696,True,True,True,False
88db80f8e20b76dad4b9,null_anytime,null_calibration,3751,2721224414,16,5000,0.0,0.05,rbf,median,anytime,bonferroni,1,2,False,UNRESOLVED,5000,True,False,False,0.0003049169899895787,0.0,0.18209213411654696,True,True,True,False
117c5f72edad5e3e31a7,null_anytime,null_calibration,3752,3504789543,16,5000,0.0,0.05,rbf,median,anytime,bonferroni,1,2,False,UNRESOLVED,5000,True,False,False,0.00030583300394937396,0.0,0.18209213411654696,True,True,True,False
3e162af30e7d649fb1ca,null_anytime,null_calibration,3753,1172532235,16,5000,0.0,0.05,rbf,median,anytime,bonferroni,1,2,False,UNRESOLVED,5000,True,False,False,0.00030554202385246754,0.0,0.18209213411654696,True,True,True,False
1920875401b612012e19,null_anytime,null_calibration,3754,3634720567,16,5000,0.0,0.05,rbf,median,anytime,bonferroni,1,2,False,UNRESOLVED,5000,True,False,False,0.00030979199800640345,0.0,0.18209213411654696,True,True,True,False
79e80d46bc80398e5a2e,null_anytime,null_calibration,3755,1972062591,16,5000,0.0,0.05,rbf,median,anytime,bonferroni,1,2,False,UNRESOLVED,5000,True,False,False,0.0003072909894399345,0.0,0.18209213411654696,True,True,True,False
3869caa1f0b72161832c,null_anytime,null_calibration,3756,3208638099,16,5000,0.0,0.05,rbf,median,anytime,bonferroni,1,2,False,UNRESOLVED,5000,True,False,False,0.0003052920219488442,0.0,0.18209213411654696,True,True,True,False
a092d848a79240a3f7f3,null_anytime,null_calibration,3757,885863713,16,5000,0.0,0.05,rbf,median,anytime,bonferroni,1,2,False,UNRESOLVED,5000,True,False,False,0.0003038329887203872,0.0,0.18209213411654696,True,True,True,False
525055245b0eb9e81fbb,null_anytime,null_calibration,3758,827857771,16,5000,0.0,0.05,rbf,median,anytime,bonferroni,1,2,False,UNRESOLVED,5000,True,False,False,0.000303666980471462,0.0,0.18209213411654696,True,True,True,False
ffe1332ef68c146e7017,null_anytime,null_calibration,3759,4263801255,16,5000,0.0,0.05,rbf,median,anytime,bonferroni,1,2,False,UNRESOLVED,5000,True,False,False,0.00030416599474847317,0.0,0.18209213411654696,True,True,True,False
3d8f0d79a20c25b4e2f4,null_anytime,null_calibration,3760,4201081883,16,5000,0.0,0.05,rbf,median,anytime,bonferroni,1,2,False,UNRESOLVED,5000,True,False,False,0.00031091697746887803,0.0,0.18209213411654696,True,True,True,False
a364977e37b05957d208,null_anytime,null_calibration,3761,443131086,16,5000,0.0,0.05,rbf,median,anytime,bonferroni,1,2,False,UNRESOLVED,5000,True,False,False,0.0003060409799218178,0.0,0.18209213411654696,True,True,True,False
b92c097057c4c2ab23d5,null_anytime,null_calibration,3762,1466230019,16,5000,0.0,0.05,rbf,median,anytime,bonferroni,1,2,False,UNRESOLVED,5000,True,False,False,0.00030624994542449713,0.0,0.18209213411654696,True,True,True,False
d708c52c1be9261824f1,null_anytime,null_calibration,3763,3823539577,16,5000,0.0,0.05,rbf,median,anytime,bonferroni,1,2,False,UNRESOLVED,5000,True,False,False,0.0003054579719901085,0.0,0.18209213411654696,True,True,True,False
2cc1cc770e971b98b30c,null_anytime,null_calibration,3764,1484233173,16,5000,0.0,0.05,rbf,median,anytime,bonferroni,1,2,False,UNRESOLVED,5000,True,False,False,0.00030529103241860867,0.0,0.18209213411654696,True,True,True,False
5b2d6de647d597ec939c,null_anytime,null_calibration,3765,3674405360,16,5000,0.0,0.05,rbf,median,anytime,bonferroni,1,2,False,UNRESOLVED,5000,True,False,False,0.00030616699950769544,0.0,0.18209213411654696,True,True,True,False
3736a5ffeb82b8f3a683,null_anytime,null_calibration,3766,3330549435,16,5000,0.0,0.05,rbf,median,anytime,bonferroni,1,2,False,UNRESOLVED,5000,True,False,False,0.0003060000017285347,0.0,0.18209213411654696,True,True,True,False
0a4ab6b3b6a33b1eb7a3,null_anytime,null_calibration,3767,1960058318,16,5000,0.0,0.05,rbf,median,anytime,bonferroni,1,2,False,UNRESOLVED,5000,True,False,False,0.00030441698618233204,0.0,0.18209213411654696,True,True,True,False
bd34bc29b0d5eef31ab5,null_anytime,null_calibration,3768,718898632,16,5000,0.0,0.05,rbf,median,anytime,bonferroni,1,2,False,UNRESOLVED,5000,True,False,False,0.00030695798341184855,0.0,0.18209213411654696,True,True,True,False
ebb2acc3ed6535f498fa,null_anytime,null_calibration,3769,3587133086,16,5000,0.0,0.05,rbf,median,anytime,bonferroni,1,2,False,UNRESOLVED,5000,True,False,False,0.0006232500309124589,0.0,0.18209213411654696,True,True,True,False
9c9539273765c618af6e,null_anytime,null_calibration,3770,2659551263,16,5000,0.0,0.05,rbf,median,anytime,bonferroni,1,2,False,UNRESOLVED,5000,True,False,False,0.000524125003721565,0.0,0.18209213411654696,True,True,True,False
7b31f95d5dbe38a1abb7,null_anytime,null_calibration,3771,2710121884,16,5000,0.0,0.05,rbf,median,anytime,bonferroni,1,2,False,UNRESOLVED,5000,True,False,False,0.000518666987773031,0.0,0.18209213411654696,True,True,True,False
a33f5e9543195376fffe,null_anytime,null_calibration,3772,3006487715,16,5000,0.0,0.05,rbf,median,anytime,bonferroni,1,2,False,UNRESOLVED,5000,True,False,False,0.0004977919743396342,0.0,0.18209213411654696,True,True,True,False
bbe2627c12340091bd8d,null_anytime,null_calibration,3773,4281340806,16,5000,0.0,0.05,rbf,median,anytime,bonferroni,1,2,False,UNRESOLVED,5000,True,False,False,0.0004886250244453549,0.0,0.18209213411654696,True,True,True,False
5468efbf716a7e9dabff,null_anytime,null_calibration,3774,201349129,16,5000,0.0,0.05,rbf,median,anytime,bonferroni,1,2,False,UNRESOLVED,5000,True,False,False,0.00047641602577641606,0.0,0.18209213411654696,True,True,True,False
be6253a9f0317da137f2,null_anytime,null_calibration,3775,2188913776,16,5000,0.0,0.05,rbf,median,anytime,bonferroni,1,2,False,UNRESOLVED,5000,True,False,False,0.0004722920130006969,0.0,0.18209213411654696,True,True,True,False
477e86d17ac84dcacb6c,null_anytime,null_calibration,3776,2861667621,16,5000,0.0,0.05,rbf,median,anytime,bonferroni,1,2,False,UNRESOLVED,5000,True,False,False,0.00047733302926644683,0.0,0.18209213411654696,True,True,True,False
4bc32848744244459cc3,null_anytime,null_calibration,3777,1329333857,16,5000,0.0,0.05,rbf,median,anytime,bonferroni,1,2,False,UNRESOLVED,5000,True,False,False,0.0004723750171251595,0.0,0.18209213411654696,True,True,True,False
f35468036f3f1c91ada3,null_anytime,null_calibration,3778,3855109182,16,5000,0.0,0.05,rbf,median,anytime,bonferroni,1,2,False,UNRESOLVED,5000,True,False,False,0.00048166699707508087,0.0,0.18209213411654696,True,True,True,False
774e718bc10d7151faa5,null_anytime,null_calibration,3779,1657126824,16,5000,0.0,0.05,rbf,median,anytime,bonferroni,1,2,False,UNRESOLVED,5000,True,False,False,0.00047095795162022114,0.0,0.18209213411654696,True,True,True,False
46aed31b08cfc6961140,null_anytime,null_calibration,3780,2455280548,16,5000,0.0,0.05,rbf,median,anytime,bonferroni,1,2,False,UNRESOLVED,5000,True,False,False,0.00047083402751013637,0.0,0.18209213411654696,True,True,True,False
dd1367721c473a4b32e4,null_anytime,null_calibration,3781,307586974,16,5000,0.0,0.05,rbf,median,anytime,bonferroni,1,2,False,UNRESOLVED,5000,True,False,False,0.0004707499756477773,0.0,0.18209213411654696,True,True,True,False
7900c1a82448c0944f55,null_anytime,null_calibration,3782,2644594467,16,5000,0.0,0.05,rbf,median,anytime,bonferroni,1,2,False,UNRESOLVED,5000,True,False,False,0.00046970800030976534,0.0,0.18209213411654696,True,True,True,False
df960e7e0c5d7e1c19a6,null_anytime,null_calibration,3783,4087248184,16,5000,0.0,0.05,rbf,median,anytime,bonferroni,1,2,False,UNRESOLVED,5000,True,False,False,0.0004750840016640723,0.0,0.18209213411654696,True,True,True,False
03752144ef00767c67d9,null_anytime,null_calibration,3784,3135153374,16,5000,0.0,0.05,rbf,median,anytime,bonferroni,1,2,False,UNRESOLVED,5000,True,False,False,0.0004766249912790954,0.0,0.18209213411654696,True,True,True,False
2fa50ef89c690397ecfd,null_anytime,null_calibration,3785,2460604833,16,5000,0.0,0.05,rbf,median,anytime,bonferroni,1,2,False,UNRESOLVED,5000,True,False,False,0.0004794999840669334,0.0,0.18209213411654696,True,True,True,False
9ff49361aafecdea0925,null_anytime,null_calibration,3786,3175471228,16,5000,0.0,0.05,rbf,median,anytime,bonferroni,1,2,False,UNRESOLVED,5000,True,False,False,0.0004807919613085687,0.0,0.18209213411654696,True,True,True,False
9c3db09b5bed11ac4a3f,null_anytime,null_calibration,3787,1493419583,16,5000,0.0,0.05,rbf,median,anytime,bonferroni,1,2,False,UNRESOLVED,5000,True,False,False,0.00048120797146111727,0.0,0.18209213411654696,True,True,True,False
ccb4e849b0de1d3ca650,null_anytime,null_calibration,3788,211013438,16,5000,0.0,0.05,rbf,median,anytime,bonferroni,1,2,False,UNRESOLVED,5000,True,False,False,0.0004562920075841248,0.0,0.18209213411654696,True,True,True,False
026b2d308c8c2f0f3db9,null_anytime,null_calibration,3789,1829478349,16,5000,0.0,0.05,rbf,median,anytime,bonferroni,1,2,False,UNRESOLVED,5000,True,False,False,0.000362333026714623,0.0,0.18209213411654696,True,True,True,False
9fa08a36a149f6b9749d,null_anytime,null_calibration,3790,3038967949,16,5000,0.0,0.05,rbf,median,anytime,bonferroni,1,2,False,UNRESOLVED,5000,True,False,False,0.0003270409652031958,0.0,0.18209213411654696,True,True,True,False
03e07775bb54ed118d86,null_anytime,null_calibration,3791,3256345536,16,5000,0.0,0.05,rbf,median,anytime,bonferroni,1,2,False,UNRESOLVED,5000,True,False,False,0.0003173329751007259,0.0,0.18209213411654696,True,True,True,False
fb905febf22f88ecdc12,null_anytime,null_calibration,3792,759576098,16,5000,0.0,0.05,rbf,median,anytime,bonferroni,1,2,False,UNRESOLVED,5000,True,False,False,0.00031525001395493746,0.0,0.18209213411654696,True,True,True,False
f5d6c18c3c69075e3451,null_anytime,null_calibration,3793,2395098803,16,5000,0.0,0.05,rbf,median,anytime,bonferroni,1,2,False,UNRESOLVED,5000,True,False,False,0.00031216698698699474,0.0,0.18209213411654696,True,True,True,False
f633a237653c73645df1,null_anytime,null_calibration,3794,1660915239,16,5000,0.0,0.05,rbf,median,anytime,bonferroni,1,2,False,UNRESOLVED,5000,True,False,False,0.00031174998730421066,0.0,0.18209213411654696,True,True,True,False
782da9dcc9a9839fdc74,null_anytime,null_calibration,3795,1347101517,16,5000,0.0,0.05,rbf,median,anytime,bonferroni,1,2,False,UNRESOLVED,5000,True,False,False,0.0003097910084761679,0.0,0.18209213411654696,True,True,True,False
9946d427f1ec0efe8188,null_anytime,null_calibration,3796,4260219726,16,5000,0.0,0.05,rbf,median,anytime,bonferroni,1,2,False,UNRESOLVED,5000,True,False,False,0.00031508400570601225,0.0,0.18209213411654696,True,True,True,False
30d0cb6402689e3431b1,null_anytime,null_calibration,3797,2684182580,16,5000,0.0,0.05,rbf,median,anytime,bonferroni,1,2,False,UNRESOLVED,5000,True,False,False,0.0003090830286964774,0.0,0.18209213411654696,True,True,True,False
ebb40d331ec994da0578,null_anytime,null_calibration,3798,2334657211,16,5000,0.0,0.05,rbf,median,anytime,bonferroni,1,2,False,UNRESOLVED,5000,True,False,False,0.00030904205050319433,0.0,0.18209213411654696,True,True,True,False
daf791405c893c485e2c,null_anytime,null_calibration,3799,3324749852,16,5000,0.0,0.05,rbf,median,anytime,bonferroni,1,2,False,UNRESOLVED,5000,True,False,False,0.0003124999930150807,0.0,0.18209213411654696,True,True,True,False
695e64f5ed6f51f31101,null_anytime,null_calibration,3800,2945740893,16,5000,0.0,0.05,rbf,median,anytime,bonferroni,1,2,False,UNRESOLVED,5000,True,False,False,0.0003095830325037241,0.0,0.18209213411654696,True,True,True,False
e23aa9ee86e1c4163ecd,null_anytime,null_calibration,3801,3120508207,16,5000,0.0,0.05,rbf,median,anytime,bonferroni,1,2,False,UNRESOLVED,5000,True,False,False,0.0003088340163230896,0.0,0.18209213411654696,True,True,True,False
b9f16e496ed0b9110f6d,null_anytime,null_calibration,3802,2747294376,16,5000,0.0,0.05,rbf,median,anytime,bonferroni,1,2,False,UNRESOLVED,5000,True,False,False,0.00030879100086167455,0.0,0.18209213411654696,True,True,True,False
0b116ac90581160797ec,null_anytime,null_calibration,3803,304686372,16,5000,0.0,0.05,rbf,median,anytime,bonferroni,1,2,False,UNRESOLVED,5000,True,False,False,0.0003084169584326446,0.0,0.18209213411654696,True,True,True,False
4a6160d8bf802bfe599f,null_anytime,null_calibration,3804,2981870637,16,5000,0.0,0.05,rbf,median,anytime,bonferroni,1,2,False,UNRESOLVED,5000,True,False,False,0.00030745804542675614,0.0,0.18209213411654696,True,True,True,False
c2701b8eddb447169bae,null_anytime,null_calibration,3805,4113215849,16,5000,0.0,0.05,rbf,median,anytime,bonferroni,1,2,False,UNRESOLVED,5000,True,False,False,0.00030625000363215804,0.0,0.18209213411654696,True,True,True,False
f0db84be6ec01ac8e3f8,null_anytime,null_calibration,3806,4166977059,16,5000,0.0,0.05,rbf,median,anytime,bonferroni,1,2,False,UNRESOLVED,5000,True,False,False,0.00030800001695752144,0.0,0.18209213411654696,True,True,True,False
32bd12c60ed179414376,null_anytime,null_calibration,3807,1864157619,16,5000,0.0,0.05,rbf,median,anytime,bonferroni,1,2,False,UNRESOLVED,5000,True,False,False,0.0003078329609706998,0.0,0.18209213411654696,True,True,True,False
6fe4e6c76101491ed655,null_anytime,null_calibration,3808,316526064,16,5000,0.0,0.05,rbf,median,anytime,bonferroni,1,2,False,UNRESOLVED,5000,True,False,False,0.00030691700521856546,0.0,0.18209213411654696,True,True,True,False
7ac7ddde15b30f20566a,null_anytime,null_calibration,3809,1882585028,16,5000,0.0,0.05,rbf,median,anytime,bonferroni,1,2,False,UNRESOLVED,5000,True,False,False,0.000307333015371114,0.0,0.18209213411654696,True,True,True,False
6be9549a25bc881e77eb,null_anytime,null_calibration,3810,2640900361,16,5000,0.0,0.05,rbf,median,anytime,bonferroni,1,2,False,UNRESOLVED,5000,True,False,False,0.0003054160042665899,0.0,0.18209213411654696,True,True,True,False
92e26be2a8050b00e6d1,null_anytime,null_calibration,3811,3948486944,16,5000,0.0,0.05,rbf,median,anytime,bonferroni,1,2,False,UNRESOLVED,5000,True,False,False,0.00030687503749504685,0.0,0.18209213411654696,True,True,True,False
aacf25b70b842fa8d93a,null_anytime,null_calibration,3812,3647346458,16,5000,0.0,0.05,rbf,median,anytime,bonferroni,1,2,False,UNRESOLVED,5000,True,False,False,0.0003078750451095402,0.0,0.18209213411654696,True,True,True,False
a00e284dd9ecc214e78b,null_anytime,null_calibration,3813,929502776,16,5000,0.0,0.05,rbf,median,anytime,bonferroni,1,2,False,UNRESOLVED,5000,True,False,False,0.0003072500112466514,0.0,0.18209213411654696,True,True,True,False
ff7c3570dc683990204c,null_anytime,null_calibration,3814,4033252029,16,5000,0.0,0.05,rbf,median,anytime,bonferroni,1,2,False,UNRESOLVED,5000,True,False,False,0.0003077919827774167,0.0,0.18209213411654696,True,True,True,False
5205ddebb4c18fe1e525,null_anytime,null_calibration,3815,3365755180,16,5000,0.0,0.05,rbf,median,anytime,bonferroni,1,2,False,UNRESOLVED,5000,True,False,False,0.00030625000363215804,0.0,0.18209213411654696,True,True,True,False
1754ed4af03e99d80987,null_anytime,null_calibration,3816,1089549191,16,5000,0.0,0.05,rbf,median,anytime,bonferroni,1,2,False,UNRESOLVED,5000,True,False,False,0.0003057090216316283,0.0,0.18209213411654696,True,True,True,False
69c9b7df074dc042af0a,null_anytime,null_calibration,3817,208472598,16,5000,0.0,0.05,rbf,median,anytime,bonferroni,1,2,False,UNRESOLVED,5000,True,False,False,0.0003084170166403055,0.0,0.18209213411654696,True,True,True,False
43bf1de32934248618f2,null_anytime,null_calibration,3818,1169016636,16,5000,0.0,0.05,rbf,median,anytime,bonferroni,1,2,False,UNRESOLVED,5000,True,False,False,0.00030870805494487286,0.0,0.18209213411654696,True,True,True,False
914ae6cefe0062676bea,null_anytime,null_calibration,3819,696989562,16,5000,0.0,0.05,rbf,median,anytime,bonferroni,1,2,False,UNRESOLVED,5000,True,False,False,0.0003113329876214266,0.0,0.18209213411654696,True,True,True,False
36010d75d191a95e358c,null_anytime,null_calibration,3820,1153249366,16,5000,0.0,0.05,rbf,median,anytime,bonferroni,1,2,False,UNRESOLVED,5000,True,False,False,0.0003085000207647681,0.0,0.18209213411654696,True,True,True,False
217a4ee5e2c03bc0a9cb,null_anytime,null_calibration,3821,1566351647,16,5000,0.0,0.05,rbf,median,anytime,bonferroni,1,2,False,UNRESOLVED,5000,True,False,False,0.00030920800054445863,0.0,0.18209213411654696,True,True,True,False
777550754bebbe8e171d,null_anytime,null_calibration,3822,4004298112,16,5000,0.0,0.05,rbf,median,anytime,bonferroni,1,2,False,UNRESOLVED,5000,True,False,False,0.00030683301156386733,0.0,0.18209213411654696,True,True,True,False
42510a6247c84d8cb9d5,null_anytime,null_calibration,3823,4088287974,16,5000,0.0,0.05,rbf,median,anytime,bonferroni,1,2,False,UNRESOLVED,5000,True,False,False,0.000307333015371114,0.0,0.18209213411654696,True,True,True,False
70f9b25996b00a91dc55,null_anytime,null_calibration,3824,1322689342,16,5000,0.0,0.05,rbf,median,anytime,bonferroni,1,2,False,UNRESOLVED,5000,True,False,False,0.0003059590235352516,0.0,0.18209213411654696,True,True,True,False
73a1953a0955f315a81a,null_anytime,null_calibration,3825,1648506031,16,5000,0.0,0.05,rbf,median,anytime,bonferroni,1,2,False,UNRESOLVED,5000,True,False,False,0.00030683301156386733,0.0,0.18209213411654696,True,True,True,False
730d759f5a80e7f0de8e,null_anytime,null_calibration,3826,1647513844,16,5000,0.0,0.05,rbf,median,anytime,bonferroni,1,2,False,UNRESOLVED,5000,True,False,False,0.00030579103622585535,0.0,0.18209213411654696,True,True,True,False
c58a766943ae0cb92401,null_anytime,null_calibration,3827,1307680025,16,5000,0.0,0.05,rbf,median,anytime,bonferroni,1,2,False,UNRESOLVED,5000,True,False,False,0.00030574999982491136,0.0,0.18209213411654696,True,True,True,False
aed7265d20e24a38b82c,null_anytime,null_calibration,3828,881302403,16,5000,0.0,0.05,rbf,median,anytime,bonferroni,1,2,False,UNRESOLVED,5000,True,False,False,0.00030875002266839147,0.0,0.18209213411654696,True,True,True,False
936714d002c138fea84d,null_anytime,null_calibration,3829,1969622291,16,5000,0.0,0.05,rbf,median,anytime,bonferroni,1,2,False,UNRESOLVED,5000,True,False,False,0.00030745798721909523,0.0,0.18209213411654696,True,True,True,False
c279510d10d5c52f69ac,null_anytime,null_calibration,3830,4178105020,16,5000,0.0,0.05,rbf,median,anytime,bonferroni,1,2,False,UNRESOLVED,5000,True,False,False,0.0003072909894399345,0.0,0.18209213411654696,True,True,True,False
ea4f695496b61d328996,null_anytime,null_calibration,3831,3802014889,16,5000,0.0,0.05,rbf,median,anytime,bonferroni,1,2,False,UNRESOLVED,5000,True,False,False,0.0003066670033149421,0.0,0.18209213411654696,True,True,True,False
a737ea5da743fe78b5ed,null_anytime,null_calibration,3832,3528576601,16,5000,0.0,0.05,rbf,median,anytime,bonferroni,1,2,False,UNRESOLVED,5000,True,False,False,0.00030620803590863943,0.0,0.18209213411654696,True,True,True,False
89c6b87b9375f72ab8a1,null_anytime,null_calibration,3833,1175912033,16,5000,0.0,0.05,rbf,median,anytime,bonferroni,1,2,False,UNRESOLVED,5000,True,False,False,0.00030574999982491136,0.0,0.18209213411654696,True,True,True,False
bc7fdf661fb27bd4e5f0,null_anytime,null_calibration,3834,3358208705,16,5000,0.0,0.05,rbf,median,anytime,bonferroni,1,2,False,UNRESOLVED,5000,True,False,False,0.00030587497167289257,0.0,0.18209213411654696,True,True,True,False
c256a6c7c9812436f5ae,null_anytime,null_calibration,3835,491390539,16,5000,0.0,0.05,rbf,median,anytime,bonferroni,1,2,False,UNRESOLVED,5000,True,False,False,0.00030783400870859623,0.0,0.18209213411654696,True,True,True,False
a8f7826a5cc169ae1247,null_anytime,null_calibration,3836,2263473231,16,5000,0.0,0.05,rbf,median,anytime,bonferroni,1,2,False,UNRESOLVED,5000,True,False,False,0.0003067499492317438,0.0,0.18209213411654696,True,True,True,False
758a6d71e73599694da0,null_anytime,null_calibration,3837,1292798149,16,5000,0.0,0.05,rbf,median,anytime,bonferroni,1,2,False,UNRESOLVED,5000,True,False,False,0.00030745798721909523,0.0,0.18209213411654696,True,True,True,False
6ee6652fa381a97c7881,null_anytime,null_calibration,3838,3432281009,16,5000,0.0,0.05,rbf,median,anytime,bonferroni,1,2,False,UNRESOLVED,5000,True,False,False,0.00030683400109410286,0.0,0.18209213411654696,True,True,True,False
252b8d183d6354509ef3,null_anytime,null_calibration,3839,1887549948,16,5000,0.0,0.05,rbf,median,anytime,bonferroni,1,2,False,UNRESOLVED,5000,True,False,False,0.00030633300775662065,0.0,0.18209213411654696,True,True,True,False
affa61a6f3e1462fbef6,null_anytime,null_calibration,3840,946382601,16,5000,0.0,0.05,rbf,median,anytime,bonferroni,1,2,False,UNRESOLVED,5000,True,False,False,0.0003077500150538981,0.0,0.18209213411654696,True,True,True,False
efd6c0b8821164429339,null_anytime,null_calibration,3841,2223002134,16,5000,0.0,0.05,rbf,median,anytime,bonferroni,1,2,False,UNRESOLVED,5000,True,False,False,0.0003094589919783175,0.0,0.18209213411654696,True,True,True,False
52845633fd580a88c84c,null_anytime,null_calibration,3842,3441002716,16,5000,0.0,0.05,rbf,median,anytime,bonferroni,1,2,False,UNRESOLVED,5000,True,False,False,0.00030908401822671294,0.0,0.18209213411654696,True,True,True,False
ba84f3c0a6dc8aadca21,null_anytime,null_calibration,3843,4079616313,16,5000,0.0,0.05,rbf,median,anytime,bonferroni,1,2,False,UNRESOLVED,5000,True,False,False,0.00030754198087379336,0.0,0.18209213411654696,True,True,True,False
04a17b8df8da906f1771,null_anytime,null_calibration,3844,2943989241,16,5000,0.0,0.05,rbf,median,anytime,bonferroni,1,2,False,UNRESOLVED,5000,True,False,False,0.0003077919827774167,0.0,0.18209213411654696,True,True,True,False
fc87c73ff63064d1c245,null_anytime,null_calibration,3845,3439676470,16,5000,0.0,0.05,rbf,median,anytime,bonferroni,1,2,False,UNRESOLVED,5000,True,False,False,0.000305499997921288,0.0,0.18209213411654696,True,True,True,False
bd1206e97ccf9d040407,null_anytime,null_calibration,3846,2814549019,16,5000,0.0,0.05,rbf,median,anytime,bonferroni,1,2,False,UNRESOLVED,5000,True,False,False,0.00030816596699878573,0.0,0.18209213411654696,True,True,True,False
4b1aeb8cf0a58823eb30,null_anytime,null_calibration,3847,2659268722,16,5000,0.0,0.05,rbf,median,anytime,bonferroni,1,2,False,UNRESOLVED,5000,True,False,False,0.00030750001315027475,0.0,0.18209213411654696,True,True,True,False
b716d74d155eb8e00735,null_anytime,null_calibration,3848,3573072339,16,5000,0.0,0.05,rbf,median,anytime,bonferroni,1,2,False,UNRESOLVED,5000,True,False,False,0.00030699995113536716,0.0,0.18209213411654696,True,True,True,False
23ae0c08d86f0fc34248,null_anytime,null_calibration,3849,3514993500,16,5000,0.0,0.05,rbf,median,anytime,bonferroni,1,2,False,UNRESOLVED,5000,True,False,False,0.0003077499568462372,0.0,0.18209213411654696,True,True,True,False
5a0bd7c97af7e991e181,null_anytime,null_calibration,3850,2272481408,16,5000,0.0,0.05,rbf,median,anytime,bonferroni,1,2,False,UNRESOLVED,5000,True,False,False,0.0003070419770665467,0.0,0.18209213411654696,True,True,True,False
f57606e4c869556e160f,null_anytime,null_calibration,3851,4208328705,16,5000,0.0,0.05,rbf,median,anytime,bonferroni,1,2,False,UNRESOLVED,5000,True,False,False,0.00030574999982491136,0.0,0.18209213411654696,True,True,True,False
a3b272c87a4676b28e32,null_anytime,null_calibration,3852,2049487423,16,5000,0.0,0.05,rbf,median,anytime,bonferroni,1,2,False,UNRESOLVED,5000,True,False,False,0.0003072499530389905,0.0,0.18209213411654696,True,True,True,False
739b650aac392091e979,null_anytime,null_calibration,3853,602398513,16,5000,0.0,0.05,rbf,median,anytime,bonferroni,1,2,False,UNRESOLVED,5000,True,False,False,0.00030645797960460186,0.0,0.18209213411654696,True,True,True,False
d045293874d2b0942a84,null_anytime,null_calibration,3854,3616092312,16,5000,0.0,0.05,rbf,median,anytime,bonferroni,1,2,False,UNRESOLVED,5000,True,False,False,0.0003060000017285347,0.0,0.18209213411654696,True,True,True,False
d0c1f721318e19dc16ab,null_anytime,null_calibration,3855,1731288115,16,5000,0.0,0.05,rbf,median,anytime,bonferroni,1,2,False,UNRESOLVED,5000,True,False,False,0.0003060830058529973,0.0,0.18209213411654696,True,True,True,False
8fb27d8ec001022db825,null_anytime,null_calibration,3856,3988834192,16,5000,0.0,0.05,rbf,median,anytime,bonferroni,1,2,False,UNRESOLVED,5000,True,False,False,0.0003064170014113188,0.0,0.18209213411654696,True,True,True,False
0a64ffe34cf846e7146c,null_anytime,null_calibration,3857,1465405399,16,5000,0.0,0.05,rbf,median,anytime,bonferroni,1,2,False,UNRESOLVED,5000,True,False,False,0.00030562496976926923,0.0,0.18209213411654696,True,True,True,False
01ae5e2729deb817c8d6,null_anytime,null_calibration,3858,1140107339,16,5000,0.0,0.05,rbf,median,anytime,bonferroni,1,2,False,UNRESOLVED,5000,True,False,False,0.00030741700902581215,0.0,0.18209213411654696,True,True,True,False
1f87260b328a6d21299d,null_anytime,null_calibration,3859,3081432336,16,5000,0.0,0.05,rbf,median,anytime,bonferroni,1,2,False,UNRESOLVED,5000,True,False,False,0.00030679203337058425,0.0,0.18209213411654696,True,True,True,False
3906a3d51fd244e9581d,null_anytime,null_calibration,3860,3121624764,16,5000,0.0,0.05,rbf,median,anytime,bonferroni,1,2,False,UNRESOLVED,5000,True,False,False,0.0003057920257560909,0.0,0.18209213411654696,True,True,True,False
eda9d8a2b7dbe043240d,null_anytime,null_calibration,3861,522934092,16,5000,0.0,0.05,rbf,median,anytime,bonferroni,1,2,False,UNRESOLVED,5000,True,False,False,0.00030820799292996526,0.0,0.18209213411654696,True,True,True,False
ec6bb1904ba325e11de7,null_anytime,null_calibration,3862,2767320862,16,5000,0.0,0.05,rbf,median,anytime,bonferroni,1,2,False,UNRESOLVED,5000,True,False,False,0.00030975003028288484,0.0,0.18209213411654696,True,True,True,False
3892123c1ed15a105474,null_anytime,null_calibration,3863,1896773024,16,5000,0.0,0.05,rbf,median,anytime,bonferroni,1,2,False,UNRESOLVED,5000,True,False,False,0.00030808302108198404,0.0,0.18209213411654696,True,True,True,False
ea702af30706d8e8f03f,null_anytime,null_calibration,3864,4013980886,16,5000,0.0,0.05,rbf,median,anytime,bonferroni,1,2,False,UNRESOLVED,5000,True,False,False,0.0003049169899895787,0.0,0.18209213411654696,True,True,True,False
ff67d1ede1ed99c198d3,null_anytime,null_calibration,3865,3405532360,16,5000,0.0,0.05,rbf,median,anytime,bonferroni,1,2,False,UNRESOLVED,5000,True,False,False,0.00031337497057393193,0.0,0.18209213411654696,True,True,True,False
88c2dc91cd1868b7f36a,null_anytime,null_calibration,3866,2889164874,16,5000,0.0,0.05,rbf,median,anytime,bonferroni,1,2,False,UNRESOLVED,5000,True,False,False,0.0003077500150538981,0.0,0.18209213411654696,True,True,True,False
5620730dc6eece7a57c3,null_anytime,null_calibration,3867,3173720974,16,5000,0.0,0.05,rbf,median,anytime,bonferroni,1,2,False,UNRESOLVED,5000,True,False,False,0.0003060830058529973,0.0,0.18209213411654696,True,True,True,False
4ca173a32262e23506a7,null_anytime,null_calibration,3868,4280953729,16,5000,0.0,0.05,rbf,median,anytime,bonferroni,1,2,False,UNRESOLVED,5000,True,False,False,0.0003060000017285347,0.0,0.18209213411654696,True,True,True,False
b0c0f31e573e5b52cb0b,null_anytime,null_calibration,3869,1097177627,16,5000,0.0,0.05,rbf,median,anytime,bonferroni,1,2,False,UNRESOLVED,5000,True,False,False,0.00030687497928738594,0.0,0.18209213411654696,True,True,True,False
a2471cf1e74bc1089a8d,null_anytime,null_calibration,3870,682965229,16,5000,0.0,0.05,rbf,median,anytime,bonferroni,1,2,False,UNRESOLVED,5000,True,False,False,0.00030866602901369333,0.0,0.18209213411654696,True,True,True,False
f55a9bb935709947845a,null_anytime,null_calibration,3871,2721401364,16,5000,0.0,0.05,rbf,median,anytime,bonferroni,1,2,False,UNRESOLVED,5000,True,False,False,0.0003079160233028233,0.0,0.18209213411654696,True,True,True,False
99762733c2001db87d99,null_anytime,null_calibration,3872,1427556869,16,5000,0.0,0.05,rbf,median,anytime,bonferroni,1,2,False,UNRESOLVED,5000,True,False,False,0.00030508299823850393,0.0,0.18209213411654696,True,True,True,False
c1e79a717c7ccdf71829,null_anytime,null_calibration,3873,1034192935,16,5000,0.0,0.05,rbf,median,anytime,bonferroni,1,2,False,UNRESOLVED,5000,True,False,False,0.0003081670147366822,0.0,0.18209213411654696,True,True,True,False
55084f9123746e875a26,null_anytime,null_calibration,3874,3641524213,16,5000,0.0,0.05,rbf,median,anytime,bonferroni,1,2,False,UNRESOLVED,5000,True,False,False,0.000306583009660244,0.0,0.18209213411654696,True,True,True,False
18394bd9d7252fe9bba7,null_anytime,null_calibration,3875,1879182056,16,5000,0.0,0.05,rbf,median,anytime,bonferroni,1,2,False,UNRESOLVED,5000,True,False,False,0.00030670897103846073,0.0,0.18209213411654696,True,True,True,False
9537d453b8f0447086c6,null_anytime,null_calibration,3876,1596347231,16,5000,0.0,0.05,rbf,median,anytime,bonferroni,1,2,False,UNRESOLVED,5000,True,False,False,0.0003064589691348374,0.0,0.18209213411654696,True,True,True,False
4295fb72e6f3b5601955,null_anytime,null_calibration,3877,480374511,16,5000,0.0,0.05,rbf,median,anytime,bonferroni,1,2,False,UNRESOLVED,5000,True,False,False,0.0003073329571634531,0.0,0.18209213411654696,True,True,True,False
7df274ccb461cc38967f,null_anytime,null_calibration,3878,3667162641,16,5000,0.0,0.05,rbf,median,anytime,bonferroni,1,2,False,UNRESOLVED,5000,True,False,False,0.00030699995113536716,0.0,0.18209213411654696,True,True,True,False
ed24ba9b4bd8a8d45e74,null_anytime,null_calibration,3879,219452556,16,5000,0.0,0.05,rbf,median,anytime,bonferroni,1,2,False,UNRESOLVED,5000,True,False,False,0.00030683301156386733,0.0,0.18209213411654696,True,True,True,False
a738d604bfb110ae5485,null_anytime,null_calibration,3880,3779519197,16,5000,0.0,0.05,rbf,median,anytime,bonferroni,1,2,False,UNRESOLVED,5000,True,False,False,0.00030858302488923073,0.0,0.18209213411654696,True,True,True,False
5baa51a9b7bef5cdc700,null_anytime,null_calibration,3881,1637640413,16,5000,0.0,0.05,rbf,median,anytime,bonferroni,1,2,False,UNRESOLVED,5000,True,False,False,0.0003066670033149421,0.0,0.18209213411654696,True,True,True,False
bbe25b0022aaccd9d64d,null_anytime,null_calibration,3882,589355272,16,5000,0.0,0.05,rbf,median,anytime,bonferroni,1,2,False,UNRESOLVED,5000,True,False,False,0.00030566699570044875,0.0,0.18209213411654696,True,True,True,False
792d3f02332077b69be1,null_anytime,null_calibration,3883,2438185382,16,5000,0.0,0.05,rbf,median,anytime,bonferroni,1,2,False,UNRESOLVED,5000,True,False,False,0.000308374990709126,0.0,0.18209213411654696,True,True,True,False
a2e2f3cd75223b537d0b,null_anytime,null_calibration,3884,3416224092,16,5000,0.0,0.05,rbf,median,anytime,bonferroni,1,2,False,UNRESOLVED,5000,True,False,False,0.00030691700521856546,0.0,0.18209213411654696,True,True,True,False
bcb245d03ae9fb39dc89,null_anytime,null_calibration,3885,2413267090,16,5000,0.0,0.05,rbf,median,anytime,bonferroni,1,2,False,UNRESOLVED,5000,True,False,False,0.00030629197135567665,0.0,0.18209213411654696,True,True,True,False
6f80749a22e3fa84f7fe,null_anytime,null_calibration,3886,147223849,16,5000,0.0,0.05,rbf,median,anytime,bonferroni,1,2,False,UNRESOLVED,5000,True,False,False,0.0003061249735765159,0.0,0.18209213411654696,True,True,True,False
9ae038c6ec22a48a27a2,null_anytime,null_calibration,3887,1772962695,16,5000,0.0,0.05,rbf,median,anytime,bonferroni,1,2,False,UNRESOLVED,5000,True,False,False,0.00030520797008648515,0.0,0.18209213411654696,True,True,True,False
1054166de5cfa77d75b4,null_anytime,null_calibration,3888,3565245489,16,5000,0.0,0.05,rbf,median,anytime,bonferroni,1,2,False,UNRESOLVED,5000,True,False,False,0.00030670897103846073,0.0,0.18209213411654696,True,True,True,False
71eebe5263f1c65ea182,null_anytime,null_calibration,3889,961368936,16,5000,0.0,0.05,rbf,median,anytime,bonferroni,1,2,False,UNRESOLVED,5000,True,False,False,0.0003069589729420841,0.0,0.18209213411654696,True,True,True,False
8d2eaba895faf557a8ad,null_anytime,null_calibration,3890,3051966557,16,5000,0.0,0.05,rbf,median,anytime,bonferroni,1,2,False,UNRESOLVED,5000,True,False,False,0.00030637497548013926,0.0,0.18209213411654696,True,True,True,False
ad97ba437e27bace7b0a,null_anytime,null_calibration,3891,911006707,16,5000,0.0,0.05,rbf,median,anytime,bonferroni,1,2,False,UNRESOLVED,5000,True,False,False,0.000304708955809474,0.0,0.18209213411654696,True,True,True,False
8796c6fc85f8404a773f,null_anytime,null_calibration,3892,306863983,16,5000,0.0,0.05,rbf,median,anytime,bonferroni,1,2,False,UNRESOLVED,5000,True,False,False,0.00030524999601766467,0.0,0.18209213411654696,True,True,True,False
f280e15fb78ca79f34f2,null_anytime,null_calibration,3893,362491114,16,5000,0.0,0.05,rbf,median,anytime,bonferroni,1,2,False,UNRESOLVED,5000,True,False,False,0.0003466659691184759,0.0,0.18209213411654696,True,True,True,False
1dcf379efc62d14ed8c8,null_anytime,null_calibration,3894,1055940514,16,5000,0.0,0.05,rbf,median,anytime,bonferroni,1,2,False,UNRESOLVED,5000,True,False,False,0.0003480419982224703,0.0,0.18209213411654696,True,True,True,False
9a77b9d4c752725a053a,null_anytime,null_calibration,3895,3465497770,16,5000,0.0,0.05,rbf,median,anytime,bonferroni,1,2,False,UNRESOLVED,5000,True,False,False,0.0003450419753789902,0.0,0.18209213411654696,True,True,True,False
764232e5c4736262f06a,null_anytime,null_calibration,3896,88538455,16,5000,0.0,0.05,rbf,median,anytime,bonferroni,1,2,False,UNRESOLVED,5000,True,False,False,0.00034662499092519283,0.0,0.18209213411654696,True,True,True,False
38b258a40acc2fbb151f,null_anytime,null_calibration,3897,1982704195,16,5000,0.0,0.05,rbf,median,anytime,bonferroni,1,2,False,UNRESOLVED,5000,True,False,False,0.0003445419715717435,0.0,0.18209213411654696,True,True,True,False
5f35c1061c16989483b4,null_anytime,null_calibration,3898,3683315853,16,5000,0.0,0.05,rbf,median,anytime,bonferroni,1,2,False,UNRESOLVED,5000,True,False,False,0.0003483329783193767,0.0,0.18209213411654696,True,True,True,False
8f5f9cf76938d2e8b84b,null_anytime,null_calibration,3899,3369343670,16,5000,0.0,0.05,rbf,median,anytime,bonferroni,1,2,False,UNRESOLVED,5000,True,False,False,0.00034779199631884694,0.0,0.18209213411654696,True,True,True,False
b89e23a5a8d49e33beb4,null_anytime,null_calibration,3900,2289153274,16,5000,0.0,0.05,rbf,median,anytime,bonferroni,1,2,False,UNRESOLVED,5000,True,False,False,0.00034500000765547156,0.0,0.18209213411654696,True,True,True,False
7bc82d3cc9548eaf52a6,null_anytime,null_calibration,3901,3803852198,16,5000,0.0,0.05,rbf,median,anytime,bonferroni,1,2,False,UNRESOLVED,5000,True,False,False,0.0003457089769653976,0.0,0.18209213411654696,True,True,True,False
bbc6c14899b511c99a93,null_anytime,null_calibration,3902,970127851,16,5000,0.0,0.05,rbf,median,anytime,bonferroni,1,2,False,UNRESOLVED,5000,True,False,False,0.00034433399559929967,0.0,0.18209213411654696,True,True,True,False
51a9ffff792c92032ef2,null_anytime,null_calibration,3903,2470532983,16,5000,0.0,0.05,rbf,median,anytime,bonferroni,1,2,False,UNRESOLVED,5000,True,False,False,0.00034425000194460154,0.0,0.18209213411654696,True,True,True,False
d2bdfa6d921e4ecd3249,null_anytime,null_calibration,3904,848648636,16,5000,0.0,0.05,rbf,median,anytime,bonferroni,1,2,False,UNRESOLVED,5000,True,False,False,0.0003457499551586807,0.0,0.18209213411654696,True,True,True,False
35e7376129ff97c13ddf,null_anytime,null_calibration,3905,756273349,16,5000,0.0,0.05,rbf,median,anytime,bonferroni,1,2,False,UNRESOLVED,5000,True,False,False,0.00035087496507912874,0.0,0.18209213411654696,True,True,True,False
f4a11d40d78b554fa73b,null_anytime,null_calibration,3906,1520783369,16,5000,0.0,0.05,rbf,median,anytime,bonferroni,1,2,False,UNRESOLVED,5000,True,False,False,0.0003464579931460321,0.0,0.18209213411654696,True,True,True,False
21bab87c34ddd45f0574,null_anytime,null_calibration,3907,57602678,16,5000,0.0,0.05,rbf,median,anytime,bonferroni,1,2,False,UNRESOLVED,5000,True,False,False,0.00034604198299348354,0.0,0.18209213411654696,True,True,True,False
368a057a24ff42ead33c,null_anytime,null_calibration,3908,1077327794,16,5000,0.0,0.05,rbf,median,anytime,bonferroni,1,2,False,UNRESOLVED,5000,True,False,False,0.00034491601400077343,0.0,0.18209213411654696,True,True,True,False
033442fe28f2535acc80,null_anytime,null_calibration,3909,2746691268,16,5000,0.0,0.05,rbf,median,anytime,bonferroni,1,2,False,UNRESOLVED,5000,True,False,False,0.0003487910144031048,0.0,0.18209213411654696,True,True,True,False
670e56d50685f04c7281,null_anytime,null_calibration,3910,1798101490,16,5000,0.0,0.05,rbf,median,anytime,bonferroni,1,2,False,UNRESOLVED,5000,True,False,False,0.000565374968573451,0.0,0.18209213411654696,True,True,True,False
4c48dfb4eb4ec95d09b5,null_anytime,null_calibration,3911,36791511,16,5000,0.0,0.05,rbf,median,anytime,bonferroni,1,2,False,UNRESOLVED,5000,True,False,False,0.0005495829973369837,0.0,0.18209213411654696,True,True,True,False
22379bf20b21492ce949,null_anytime,null_calibration,3912,2912801729,16,5000,0.0,0.05,rbf,median,anytime,bonferroni,1,2,False,UNRESOLVED,5000,True,False,False,0.0005458749947138131,0.0,0.18209213411654696,True,True,True,False
f448b67eb7b1616959d7,null_anytime,null_calibration,3913,2008347170,16,5000,0.0,0.05,rbf,median,anytime,bonferroni,1,2,False,UNRESOLVED,5000,True,False,False,0.00047904200619086623,0.0,0.18209213411654696,True,True,True,False
e33177ac0d8a3c1bb679,null_anytime,null_calibration,3914,4202376981,16,5000,0.0,0.05,rbf,median,anytime,bonferroni,1,2,False,UNRESOLVED,5000,True,False,False,0.0004754160181619227,0.0,0.18209213411654696,True,True,True,False
cceebb51ffed35f1a57c,null_anytime,null_calibration,3915,2431555388,16,5000,0.0,0.05,rbf,median,anytime,bonferroni,1,2,False,UNRESOLVED,5000,True,False,False,0.00047395803267136216,0.0,0.18209213411654696,True,True,True,False
3e88f9a4e216cfe4e3ce,null_anytime,null_calibration,3916,3149673039,16,5000,0.0,0.05,rbf,median,anytime,bonferroni,1,2,False,UNRESOLVED,5000,True,False,False,0.00047516601625829935,0.0,0.18209213411654696,True,True,True,False
6aaecec89e7a8ab8827f,null_anytime,null_calibration,3917,1362820082,16,5000,0.0,0.05,rbf,median,anytime,bonferroni,1,2,False,UNRESOLVED,5000,True,False,False,0.00047212501522153616,0.0,0.18209213411654696,True,True,True,False
48035e5a8508a6bec779,null_anytime,null_calibration,3918,346497807,16,5000,0.0,0.05,rbf,median,anytime,bonferroni,1,2,False,UNRESOLVED,5000,True,False,False,0.0004812080296687782,0.0,0.18209213411654696,True,True,True,False
7b7a435ec62dab2276f2,null_anytime,null_calibration,3919,1719288787,16,5000,0.0,0.05,rbf,median,anytime,bonferroni,1,2,False,UNRESOLVED,5000,True,False,False,0.00047341600293293595,0.0,0.18209213411654696,True,True,True,False
c9430c846a61cabb81ba,null_anytime,null_calibration,3920,3364218848,16,5000,0.0,0.05,rbf,median,anytime,bonferroni,1,2,False,UNRESOLVED,5000,True,False,False,0.0004743330064229667,0.0,0.18209213411654696,True,True,True,False
e3c04124a3c2c691bc1a,null_anytime,null_calibration,3921,1129343628,16,5000,0.0,0.05,rbf,median,anytime,bonferroni,1,2,False,UNRESOLVED,5000,True,False,False,0.0004712080117315054,0.0,0.18209213411654696,True,True,True,False
bdee9a4df8c1cf6a9836,null_anytime,null_calibration,3922,2877355804,16,5000,0.0,0.05,rbf,median,anytime,bonferroni,1,2,False,UNRESOLVED,5000,True,False,False,0.00047212501522153616,0.0,0.18209213411654696,True,True,True,False
381ddc75d02dd73aa6b2,null_anytime,null_calibration,3923,198257714,16,5000,0.0,0.05,rbf,median,anytime,bonferroni,1,2,False,UNRESOLVED,5000,True,False,False,0.0004718749551102519,0.0,0.18209213411654696,True,True,True,False
b25955a36227bb851ec2,null_anytime,null_calibration,3924,1844215253,16,5000,0.0,0.05,rbf,median,anytime,bonferroni,1,2,False,UNRESOLVED,5000,True,False,False,0.00047450000420212746,0.0,0.18209213411654696,True,True,True,False
aa8be760f4d169f0daca,null_anytime,null_calibration,3925,3825434174,16,5000,0.0,0.05,rbf,median,anytime,bonferroni,1,2,False,UNRESOLVED,5000,True,False,False,0.0004712090012617409,0.0,0.18209213411654696,True,True,True,False
a629e361918345139678,null_anytime,null_calibration,3926,2882099884,16,5000,0.0,0.05,rbf,median,anytime,bonferroni,1,2,False,UNRESOLVED,5000,True,False,False,0.00047500000800937414,0.0,0.18209213411654696,True,True,True,False
2f22bdaaa1eef54f78cc,null_anytime,null_calibration,3927,3240899107,16,5000,0.0,0.05,rbf,median,anytime,bonferroni,1,2,False,UNRESOLVED,5000,True,False,False,0.00047695799730718136,0.0,0.18209213411654696,True,True,True,False
c2ef9df590d230c47258,null_anytime,null_calibration,3928,3748451396,16,5000,0.0,0.05,rbf,median,anytime,bonferroni,1,2,False,UNRESOLVED,5000,True,False,False,0.00048620899906381965,0.0,0.18209213411654696,True,True,True,False
cbb4daeddac178720fb6,null_anytime,null_calibration,3929,1922810983,16,5000,0.0,0.05,rbf,median,anytime,bonferroni,1,2,False,UNRESOLVED,5000,True,False,False,0.0004628750029951334,0.0,0.18209213411654696,True,True,True,False
0d4f474578f09f8e4b08,null_anytime,null_calibration,3930,906130525,16,5000,0.0,0.05,rbf,median,anytime,bonferroni,1,2,False,UNRESOLVED,5000,True,False,False,0.0003695840132422745,0.0,0.18209213411654696,True,True,True,False
0c5c499d09a4844e0880,null_anytime,null_calibration,3931,2999513218,16,5000,0.0,0.05,rbf,median,anytime,bonferroni,1,2,False,UNRESOLVED,5000,True,False,False,0.00035358400782570243,0.0,0.18209213411654696,True,True,True,False
bfda3c3fd4356f4b7669,null_anytime,null_calibration,3932,3884759079,16,5000,0.0,0.05,rbf,median,anytime,bonferroni,1,2,False,UNRESOLVED,5000,True,False,False,0.0003488329821266234,0.0,0.18209213411654696,True,True,True,False
46f43f5b3405bf93c9bb,null_anytime,null_calibration,3933,409659498,16,5000,0.0,0.05,rbf,median,anytime,bonferroni,1,2,False,UNRESOLVED,5000,True,False,False,0.00034737499663606286,0.0,0.18209213411654696,True,True,True,False
81f315064bbc90d2d226,null_anytime,null_calibration,3934,487280036,16,5000,0.0,0.05,rbf,median,anytime,bonferroni,1,2,False,UNRESOLVED,5000,True,False,False,0.0003482920001260936,0.0,0.18209213411654696,True,True,True,False
2e4bb66dffeff28e4b9c,null_anytime,null_calibration,3935,390275957,16,5000,0.0,0.05,rbf,median,anytime,bonferroni,1,2,False,UNRESOLVED,5000,True,False,False,0.0003743330016732216,0.0,0.18209213411654696,True,True,True,False
a36cffebf366fb4d6f0e,null_anytime,null_calibration,3936,2114045657,16,5000,0.0,0.05,rbf,median,anytime,bonferroni,1,2,False,UNRESOLVED,5000,True,False,False,0.00034654198680073023,0.0,0.18209213411654696,True,True,True,False
2259535f7847168325a0,null_anytime,null_calibration,3937,2885919126,16,5000,0.0,0.05,rbf,median,anytime,bonferroni,1,2,False,UNRESOLVED,5000,True,False,False,0.0003481250023469329,0.0,0.18209213411654696,True,True,True,False
6fb82f52993ae4c9f589,null_anytime,null_calibration,3938,1281649195,16,5000,0.0,0.05,rbf,median,anytime,bonferroni,1,2,False,UNRESOLVED,5000,True,False,False,0.0003472910029813647,0.0,0.18209213411654696,True,True,True,False
86dcf5e02cf573ad59ba,null_anytime,null_calibration,3939,3380640936,16,5000,0.0,0.05,rbf,median,anytime,bonferroni,1,2,False,UNRESOLVED,5000,True,False,False,0.00034550001146271825,0.0,0.18209213411654696,True,True,True,False
11112a3e7e94ce4ab420,null_anytime,null_calibration,3940,3622171977,16,5000,0.0,0.05,rbf,median,anytime,bonferroni,1,2,False,UNRESOLVED,5000,True,False,False,0.00034616701304912567,0.0,0.18209213411654696,True,True,True,False
d1894222158d39a71db7,null_anytime,null_calibration,3941,2031551678,16,5000,0.0,0.05,rbf,median,anytime,bonferroni,1,2,False,UNRESOLVED,5000,True,False,False,0.00034633296309038997,0.0,0.18209213411654696,True,True,True,False
3c4c505acaf89f8ed457,null_anytime,null_calibration,3942,3904710108,16,5000,0.0,0.05,rbf,median,anytime,bonferroni,1,2,False,UNRESOLVED,5000,True,False,False,0.0003458340070210397,0.0,0.18209213411654696,True,True,True,False
d086eaf3922cfa5a0308,null_anytime,null_calibration,3943,3385311240,16,5000,0.0,0.05,rbf,median,anytime,bonferroni,1,2,False,UNRESOLVED,5000,True,False,False,0.0003450420335866511,0.0,0.18209213411654696,True,True,True,False
f501fd9c5941de9fac77,null_anytime,null_calibration,3944,2178284622,16,5000,0.0,0.05,rbf,median,anytime,bonferroni,1,2,False,UNRESOLVED,5000,True,False,False,0.0003440419677644968,0.0,0.18209213411654696,True,True,True,False
c083a62d7963105e207a,null_anytime,null_calibration,3945,3445730631,16,5000,0.0,0.05,rbf,median,anytime,bonferroni,1,2,False,UNRESOLVED,5000,True,False,False,0.000345667009241879,0.0,0.18209213411654696,True,True,True,False
1690794c4975e80d878e,null_anytime,null_calibration,3946,714404319,16,5000,0.0,0.05,rbf,median,anytime,bonferroni,1,2,False,UNRESOLVED,5000,True,False,False,0.0003450419753789902,0.0,0.18209213411654696,True,True,True,False
9cfe3b66e8d2bcc23d99,null_anytime,null_calibration,3947,565620898,16,5000,0.0,0.05,rbf,median,anytime,bonferroni,1,2,False,UNRESOLVED,5000,True,False,False,0.0003454579855315387,0.0,0.18209213411654696,True,True,True,False
c45ae23e9a18d05c89c0,null_anytime,null_calibration,3948,2460306597,16,5000,0.0,0.05,rbf,median,anytime,bonferroni,1,2,False,UNRESOLVED,5000,True,False,False,0.0003447089693509042,0.0,0.18209213411654696,True,True,True,False
a6a6d1feb4cc61a40a46,null_anytime,null_calibration,3949,799090921,16,5000,0.0,0.05,rbf,median,anytime,bonferroni,1,2,False,UNRESOLVED,5000,True,False,False,0.00035920803202316165,0.0,0.18209213411654696,True,True,True,False
a58b7fbf4aaf67da45fd,null_anytime,null_calibration,3950,1193948417,16,5000,0.0,0.05,rbf,median,anytime,bonferroni,1,2,False,UNRESOLVED,5000,True,False,False,0.00034666701685637236,0.0,0.18209213411654696,True,True,True,False
0483fc4017530675e8c9,null_anytime,null_calibration,3951,1280443647,16,5000,0.0,0.05,rbf,median,anytime,bonferroni,1,2,False,UNRESOLVED,5000,True,False,False,0.0003450840013101697,0.0,0.18209213411654696,True,True,True,False
a4fecb9949af8fde9371,null_anytime,null_calibration,3952,377985919,16,5000,0.0,0.05,rbf,median,anytime,bonferroni,1,2,False,UNRESOLVED,5000,True,False,False,0.00034508301177993417,0.0,0.18209213411654696,True,True,True,False
0ee4eed6586c0e619455,null_anytime,null_calibration,3953,1233383080,16,5000,0.0,0.05,rbf,median,anytime,bonferroni,1,2,False,UNRESOLVED,5000,True,False,False,0.00034608395071700215,0.0,0.18209213411654696,True,True,True,False
22edbc293d084c9a01ff,null_anytime,null_calibration,3954,411953293,16,5000,0.0,0.05,rbf,median,anytime,bonferroni,1,2,False,UNRESOLVED,5000,True,False,False,0.00034554203739389777,0.0,0.18209213411654696,True,True,True,False
b11e74be70ab91948118,null_anytime,null_calibration,3955,3710279323,16,5000,0.0,0.05,rbf,median,anytime,bonferroni,1,2,False,UNRESOLVED,5000,True,False,False,0.00034362502628937364,0.0,0.18209213411654696,True,True,True,False
0c2b967bb9aa71a2e60f,null_anytime,null_calibration,3956,279081302,16,5000,0.0,0.05,rbf,median,anytime,bonferroni,1,2,False,UNRESOLVED,5000,True,False,False,0.0003477080026641488,0.0,0.18209213411654696,True,True,True,False
5a1f7e34432dd66fce76,null_anytime,null_calibration,3957,4219488048,16,5000,0.0,0.05,rbf,median,anytime,bonferroni,1,2,False,UNRESOLVED,5000,True,False,False,0.0006038749706931412,0.0,0.18209213411654696,True,True,True,False
b42577283634ed3e5f43,null_anytime,null_calibration,3958,4112765797,16,5000,0.0,0.05,rbf,median,anytime,bonferroni,1,2,False,UNRESOLVED,5000,True,False,False,0.00048699998296797276,0.0,0.18209213411654696,True,True,True,False
5631bda8cf8d2650af66,null_anytime,null_calibration,3959,2832441926,16,5000,0.0,0.05,rbf,median,anytime,bonferroni,1,2,False,UNRESOLVED,5000,True,False,False,0.00047979102237150073,0.0,0.18209213411654696,True,True,True,False
619551f9fbd505ea523c,null_anytime,null_calibration,3960,3694472207,16,5000,0.0,0.05,rbf,median,anytime,bonferroni,1,2,False,UNRESOLVED,5000,True,False,False,0.00047433399595320225,0.0,0.18209213411654696,True,True,True,False
e89ceb001b8cd7db2b01,null_anytime,null_calibration,3961,2814376317,16,5000,0.0,0.05,rbf,median,anytime,bonferroni,1,2,False,UNRESOLVED,5000,True,False,False,0.0004740420263260603,0.0,0.18209213411654696,True,True,True,False
0505661e31c1c78bcf3b,null_anytime,null_calibration,3962,1999655971,16,5000,0.0,0.05,rbf,median,anytime,bonferroni,1,2,False,UNRESOLVED,5000,True,False,False,0.00048341602087020874,0.0,0.18209213411654696,True,True,True,False
8a4ff6028eba1d98e288,null_anytime,null_calibration,3963,3640406457,16,5000,0.0,0.05,rbf,median,anytime,bonferroni,1,2,False,UNRESOLVED,5000,True,False,False,0.0004729999927803874,0.0,0.18209213411654696,True,True,True,False
ae20b7bbc26d539ebdaf,null_anytime,null_calibration,3964,2938709766,16,5000,0.0,0.05,rbf,median,anytime,bonferroni,1,2,False,UNRESOLVED,5000,True,False,False,0.0004769170191138983,0.0,0.18209213411654696,True,True,True,False
965f9ba6ce58e398d892,null_anytime,null_calibration,3965,1201097902,16,5000,0.0,0.05,rbf,median,anytime,bonferroni,1,2,False,UNRESOLVED,5000,True,False,False,0.00047254201490432024,0.0,0.18209213411654696,True,True,True,False
f8a7dd600e067321aee9,null_anytime,null_calibration,3966,2830688678,16,5000,0.0,0.05,rbf,median,anytime,bonferroni,1,2,False,UNRESOLVED,5000,True,False,False,0.0004811250255443156,0.0,0.18209213411654696,True,True,True,False
27afa979ca49dea41013,null_anytime,null_calibration,3967,3821489009,16,5000,0.0,0.05,rbf,median,anytime,bonferroni,1,2,False,UNRESOLVED,5000,True,False,False,0.00047925004037097096,0.0,0.18209213411654696,True,True,True,False
0cb2f55cb03833bfe4c9,null_anytime,null_calibration,3968,2181777443,16,5000,0.0,0.05,rbf,median,anytime,bonferroni,1,2,False,UNRESOLVED,5000,True,False,False,0.00047491700388491154,0.0,0.18209213411654696,True,True,True,False
77d51557f443754af648,null_anytime,null_calibration,3969,295885526,16,5000,0.0,0.05,rbf,median,anytime,bonferroni,1,2,False,UNRESOLVED,5000,True,False,False,0.00048270903062075377,0.0,0.18209213411654696,True,True,True,False
aa05f11759b9d34877ab,null_anytime,null_calibration,3970,4218093395,16,5000,0.0,0.05,rbf,median,anytime,bonferroni,1,2,False,UNRESOLVED,5000,True,False,False,0.0005081249983049929,0.0,0.18209213411654696,True,True,True,False
16cf6cc854160a254075,null_anytime,null_calibration,3971,3834434023,16,5000,0.0,0.05,rbf,median,anytime,bonferroni,1,2,False,UNRESOLVED,5000,True,False,False,0.0005572920199483633,0.0,0.18209213411654696,True,True,True,False
74ac5045e02f7562ed7e,null_anytime,null_calibration,3972,1871411047,16,5000,0.0,0.05,rbf,median,anytime,bonferroni,1,2,False,UNRESOLVED,5000,True,False,False,0.0005284170038066804,0.0,0.18209213411654696,True,True,True,False
1564ef3944d248ad49ba,null_anytime,null_calibration,3973,17750259,16,5000,0.0,0.05,rbf,median,anytime,bonferroni,1,2,False,UNRESOLVED,5000,True,False,False,0.0004860420012846589,0.0,0.18209213411654696,True,True,True,False
1389b9ee33da167e69cc,null_anytime,null_calibration,3974,790465471,16,5000,0.0,0.05,rbf,median,anytime,bonferroni,1,2,False,UNRESOLVED,5000,True,False,False,0.00047212501522153616,0.0,0.18209213411654696,True,True,True,False
14d4c2bfaafcf14f92d5,null_anytime,null_calibration,3975,3549775756,16,5000,0.0,0.05,rbf,median,anytime,bonferroni,1,2,False,UNRESOLVED,5000,True,False,False,0.0004706250037997961,0.0,0.18209213411654696,True,True,True,False
e76f0b53c21d983fe92f,null_anytime,null_calibration,3976,3626688051,16,5000,0.0,0.05,rbf,median,anytime,bonferroni,1,2,False,UNRESOLVED,5000,True,False,False,0.00039912498323246837,0.0,0.18209213411654696,True,True,True,False
bc456f20b23bd9f28774,null_anytime,null_calibration,3977,3952712609,16,5000,0.0,0.05,rbf,median,anytime,bonferroni,1,2,False,UNRESOLVED,5000,True,False,False,0.00035733403638005257,0.0,0.18209213411654696,True,True,True,False
048bba6739f99160d1a2,null_anytime,null_calibration,3978,3236778460,16,5000,0.0,0.05,rbf,median,anytime,bonferroni,1,2,False,UNRESOLVED,5000,True,False,False,0.00035191699862480164,0.0,0.18209213411654696,True,True,True,False
d30d743b9ee3d4f43335,null_anytime,null_calibration,3979,313391765,16,5000,0.0,0.05,rbf,median,anytime,bonferroni,1,2,False,UNRESOLVED,5000,True,False,False,0.00034858303843066096,0.0,0.18209213411654696,True,True,True,False
81c01545ca3ee1eeb1ba,null_anytime,null_calibration,3980,427359020,16,5000,0.0,0.05,rbf,median,anytime,bonferroni,1,2,False,UNRESOLVED,5000,True,False,False,0.00034799997229129076,0.0,0.18209213411654696,True,True,True,False
61c55c0c6d8d1c914588,null_anytime,null_calibration,3981,238453769,16,5000,0.0,0.05,rbf,median,anytime,bonferroni,1,2,False,UNRESOLVED,5000,True,False,False,0.00034679099917411804,0.0,0.18209213411654696,True,True,True,False
8ec25cae9da6cc1d8334,null_anytime,null_calibration,3982,2545151426,16,5000,0.0,0.05,rbf,median,anytime,bonferroni,1,2,False,UNRESOLVED,5000,True,False,False,0.00034670799504965544,0.0,0.18209213411654696,True,True,True,False
b6c174c6c6bab6a9db6b,null_anytime,null_calibration,3983,1731820831,16,5000,0.0,0.05,rbf,median,anytime,bonferroni,1,2,False,UNRESOLVED,5000,True,False,False,0.00034487503580749035,0.0,0.18209213411654696,True,True,True,False
40b7d7911ed849d41f03,null_anytime,null_calibration,3984,794256701,16,5000,0.0,0.05,rbf,median,anytime,bonferroni,1,2,False,UNRESOLVED,5000,True,False,False,0.00034500000765547156,0.0,0.18209213411654696,True,True,True,False
7c0248dd33803189b2a5,null_anytime,null_calibration,3985,1648701737,16,5000,0.0,0.05,rbf,median,anytime,bonferroni,1,2,False,UNRESOLVED,5000,True,False,False,0.00034604198299348354,0.0,0.18209213411654696,True,True,True,False
3beabdc85892e5ecda22,null_anytime,null_calibration,3986,779181826,16,5000,0.0,0.05,rbf,median,anytime,bonferroni,1,2,False,UNRESOLVED,5000,True,False,False,0.0003445419715717435,0.0,0.18209213411654696,True,True,True,False
416a65edb0c13273d205,null_anytime,null_calibration,3987,2013272663,16,5000,0.0,0.05,rbf,median,anytime,bonferroni,1,2,False,UNRESOLVED,5000,True,False,False,0.0003450420335866511,0.0,0.18209213411654696,True,True,True,False
d0c5f9cf84b308950eaa,null_anytime,null_calibration,3988,4169729039,16,5000,0.0,0.05,rbf,median,anytime,bonferroni,1,2,False,UNRESOLVED,5000,True,False,False,0.0003482080064713955,0.0,0.18209213411654696,True,True,True,False
c9736b984da8c7a85bbf,null_anytime,null_calibration,3989,1353471961,16,5000,0.0,0.05,rbf,median,anytime,bonferroni,1,2,False,UNRESOLVED,5000,True,False,False,0.00034495798172429204,0.0,0.18209213411654696,True,True,True,False
7edd04b7dcb7877c7860,null_anytime,null_calibration,3990,985234512,16,5000,0.0,0.05,rbf,median,anytime,bonferroni,1,2,False,UNRESOLVED,5000,True,False,False,0.00034379196586087346,0.0,0.18209213411654696,True,True,True,False
80342c7d25a928d2cc8d,null_anytime,null_calibration,3991,1504526309,16,5000,0.0,0.05,rbf,median,anytime,bonferroni,1,2,False,UNRESOLVED,5000,True,False,False,0.0003466659691184759,0.0,0.18209213411654696,True,True,True,False
b033d03cb52fe7a016ce,null_anytime,null_calibration,3992,2549076452,16,5000,0.0,0.05,rbf,median,anytime,bonferroni,1,2,False,UNRESOLVED,5000,True,False,False,0.000343457970302552,0.0,0.18209213411654696,True,True,True,False
11b5414b62b3793e3d4d,null_anytime,null_calibration,3993,2965494498,16,5000,0.0,0.05,rbf,median,anytime,bonferroni,1,2,False,UNRESOLVED,5000,True,False,False,0.00034545897506177425,0.0,0.18209213411654696,True,True,True,False
1cade3d699a88521aeaa,null_anytime,null_calibration,3994,1129722023,16,5000,0.0,0.05,rbf,median,anytime,bonferroni,1,2,False,UNRESOLVED,5000,True,False,False,0.00034612504532560706,0.0,0.18209213411654696,True,True,True,False
9513b27f795e3164c6ad,null_anytime,null_calibration,3995,4112988730,16,5000,0.0,0.05,rbf,median,anytime,bonferroni,1,2,False,UNRESOLVED,5000,True,False,False,0.00034666602732613683,0.0,0.18209213411654696,True,True,True,False
6e8d0d8141005576c8a0,null_anytime,null_calibration,3996,2664578658,16,5000,0.0,0.05,rbf,median,anytime,bonferroni,1,2,False,UNRESOLVED,5000,True,False,False,0.0003453339450061321,0.0,0.18209213411654696,True,True,True,False
31b4a3101017414938e7,null_anytime,null_calibration,3997,1153374979,16,5000,0.0,0.05,rbf,median,anytime,bonferroni,1,2,False,UNRESOLVED,5000,True,False,False,0.00034270796459168196,0.0,0.18209213411654696,True,True,True,False
15a8fd129938cdc7c525,null_anytime,null_calibration,3998,3853623144,16,5000,0.0,0.05,rbf,median,anytime,bonferroni,1,2,False,UNRESOLVED,5000,True,False,False,0.00034495803993195295,0.0,0.18209213411654696,True,True,True,False
5e64258f9647b3b6799d,null_anytime,null_calibration,3999,3275297118,16,5000,0.0,0.05,rbf,median,anytime,bonferroni,1,2,False,UNRESOLVED,5000,True,False,False,0.00034425000194460154,0.0,0.18209213411654696,True,True,True,False
