simulation_id,scenario_id,scenario_family,replicate_id,seed,dimension,sample_budget,effect_size,alpha,kernel,bandwidth,stopping_rule,multiplicity_rule,representation_count,model_count,reference_reuse,decision,stopping_time,coverage,false_positive,false_negative,runtime_seconds,true_mean,confidence_width,synthetic_validation_only,not_real_generator_evidence,not_empirical_paper_evidence,claim_allowed
83f5e666b0c995b9d494,adaptive,adaptive_allocation,0,2990402373,16,5000,0.08,0.05,rbf,median,anytime,bonferroni,1,10,False,UNRESOLVED,5000,True,False,True,0.00039995898259803653,0.08,0.18209213411654696,True,True,True,False
51bd4b70fd51b78a7c35,adaptive,adaptive_allocation,1,4080462505,16,5000,0.08,0.05,rbf,median,anytime,bonferroni,1,10,False,UNRESOLVED,5000,True,False,True,0.0003952080151066184,0.08,0.18209213411654696,True,True,True,False
d3b81ca884616f047ca9,adaptive,adaptive_allocation,2,2754279094,16,5000,0.08,0.05,rbf,median,anytime,bonferroni,1,10,False,UNRESOLVED,5000,True,False,True,0.00039604102494195104,0.08,0.18209213411654696,True,True,True,False
61f8bf004218196facfa,adaptive,adaptive_allocation,3,914310002,16,5000,0.08,0.05,rbf,median,anytime,bonferroni,1,10,False,UNRESOLVED,5000,True,False,True,0.00039608299266546965,0.08,0.18209213411654696,True,True,True,False
5eeab14fe3dac5280793,adaptive,adaptive_allocation,4,1045748378,16,5000,0.08,0.05,rbf,median,anytime,bonferroni,1,10,False,UNRESOLVED,5000,True,False,True,0.00039891700726002455,0.08,0.18209213411654696,True,True,True,False
be87025d5b9fd092fb7f,adaptive,adaptive_allocation,5,1095473497,16,5000,0.08,0.05,rbf,median,anytime,bonferroni,1,10,False,UNRESOLVED,5000,True,False,True,0.00039604201447218657,0.08,0.18209213411654696,True,True,True,False
8658809a95a70cd21b58,adaptive,adaptive_allocation,6,2055783708,16,5000,0.08,0.05,rbf,median,anytime,bonferroni,1,10,False,UNRESOLVED,5000,True,False,True,0.0003959579626098275,0.08,0.18209213411654696,True,True,True,False
9c0fa491f0de40406859,adaptive,adaptive_allocation,7,1243680034,16,5000,0.08,0.05,rbf,median,anytime,bonferroni,1,10,False,UNRESOLVED,5000,True,False,True,0.00039458402898162603,0.08,0.18209213411654696,True,True,True,False
cd7aeb576c67b28df776,adaptive,adaptive_allocation,8,2841898748,16,5000,0.08,0.05,rbf,median,anytime,bonferroni,1,10,False,UNRESOLVED,5000,True,False,True,0.0005291249835863709,0.08,0.18209213411654696,True,True,True,False
a50fd81c8e6a4734b856,adaptive,adaptive_allocation,9,484831125,16,5000,0.08,0.05,rbf,median,anytime,bonferroni,1,10,False,UNRESOLVED,5000,True,False,True,0.0005427079740911722,0.08,0.18209213411654696,True,True,True,False
5c63dc019e9f8a4c7827,adaptive,adaptive_allocation,10,4113953638,16,5000,0.08,0.05,rbf,median,anytime,bonferroni,1,10,False,UNRESOLVED,5000,True,False,True,0.0005206250352784991,0.08,0.18209213411654696,True,True,True,False
f4cfbca3a9c0159fcb51,adaptive,adaptive_allocation,11,4277274319,16,5000,0.08,0.05,rbf,median,anytime,bonferroni,1,10,False,UNRESOLVED,5000,True,False,True,0.0004975000047124922,0.08,0.18209213411654696,True,True,True,False
6b926db0d4556097a60c,adaptive,adaptive_allocation,12,1075651142,16,5000,0.08,0.05,rbf,median,anytime,bonferroni,1,10,False,UNRESOLVED,5000,True,False,True,0.0005032079643569887,0.08,0.18209213411654696,True,True,True,False
9f43b053a751cf4825c9,adaptive,adaptive_allocation,13,917922302,16,5000,0.08,0.05,rbf,median,anytime,bonferroni,1,10,False,UNRESOLVED,5000,True,False,True,0.00048145902110263705,0.08,0.18209213411654696,True,True,True,False
aaafde87a150db216a17,adaptive,adaptive_allocation,14,2842842504,16,5000,0.08,0.05,rbf,median,anytime,bonferroni,1,10,False,UNRESOLVED,5000,True,False,True,0.0004818750312551856,0.08,0.18209213411654696,True,True,True,False
2754f99febf6009488f1,adaptive,adaptive_allocation,15,3257947823,16,5000,0.08,0.05,rbf,median,anytime,bonferroni,1,10,False,UNRESOLVED,5000,True,False,True,0.0004722499870695174,0.08,0.18209213411654696,True,True,True,False
da1296b0e67eb7115eed,adaptive,adaptive_allocation,16,3128037685,16,5000,0.08,0.05,rbf,median,anytime,bonferroni,1,10,False,UNRESOLVED,5000,True,False,True,0.0004725409671664238,0.08,0.18209213411654696,True,True,True,False
3dad350228ec77018c51,adaptive,adaptive_allocation,17,1816369602,16,5000,0.08,0.05,rbf,median,anytime,bonferroni,1,10,False,UNRESOLVED,5000,True,False,True,0.0004758340073749423,0.08,0.18209213411654696,True,True,True,False
83809dae2090b487affc,adaptive,adaptive_allocation,18,1748136228,16,5000,0.08,0.05,rbf,median,anytime,bonferroni,1,10,False,UNRESOLVED,5000,True,False,True,0.0004699170240201056,0.08,0.18209213411654696,True,True,True,False
d4a23a143ca3ec3bdb8c,adaptive,adaptive_allocation,19,354904732,16,5000,0.08,0.05,rbf,median,anytime,bonferroni,1,10,False,UNRESOLVED,5000,True,False,True,0.0004718330455943942,0.08,0.18209213411654696,True,True,True,False
91f091478aac6dfc99d4,adaptive,adaptive_allocation,20,2640758765,16,5000,0.08,0.05,rbf,median,anytime,bonferroni,1,10,False,UNRESOLVED,5000,True,False,True,0.0004700839635916054,0.08,0.18209213411654696,True,True,True,False
697cac16ff94a1293255,adaptive,adaptive_allocation,21,2408018397,16,5000,0.08,0.05,rbf,median,anytime,bonferroni,1,10,False,UNRESOLVED,5000,True,False,True,0.00047445896780118346,0.08,0.18209213411654696,True,True,True,False
71a6e982fa4c7f445276,adaptive,adaptive_allocation,22,1851678700,16,5000,0.08,0.05,rbf,median,anytime,bonferroni,1,10,False,UNRESOLVED,5000,True,False,True,0.00047154200728982687,0.08,0.18209213411654696,True,True,True,False
e6158694cd3a9d801189,adaptive,adaptive_allocation,23,2127090150,16,5000,0.08,0.05,rbf,median,anytime,bonferroni,1,10,False,UNRESOLVED,5000,True,False,True,0.00047374999849125743,0.08,0.18209213411654696,True,True,True,False
b7cd880dc2b5abd5577b,adaptive,adaptive_allocation,24,1137213580,16,5000,0.08,0.05,rbf,median,anytime,bonferroni,1,10,False,UNRESOLVED,5000,True,False,True,0.00046954199206084013,0.08,0.18209213411654696,True,True,True,False
feaac6323df64871e9b5,adaptive,adaptive_allocation,25,2786849652,16,5000,0.08,0.05,rbf,median,anytime,bonferroni,1,10,False,UNRESOLVED,5000,True,False,True,0.0004826249787583947,0.08,0.18209213411654696,True,True,True,False
84cc8a8d84e13055aad1,adaptive,adaptive_allocation,26,813866543,16,5000,0.08,0.05,rbf,median,anytime,bonferroni,1,10,False,UNRESOLVED,5000,True,False,True,0.00048562500160187483,0.08,0.18209213411654696,True,True,True,False
273221f2672a4872756b,adaptive,adaptive_allocation,27,754570801,16,5000,0.08,0.05,rbf,median,anytime,bonferroni,1,10,False,UNRESOLVED,5000,True,False,True,0.0004842919879592955,0.08,0.18209213411654696,True,True,True,False
fcc406fc92e89a888730,adaptive,adaptive_allocation,28,2752194846,16,5000,0.08,0.05,rbf,median,anytime,bonferroni,1,10,False,UNRESOLVED,5000,True,False,True,0.0004207080346532166,0.08,0.18209213411654696,True,True,True,False
4aaa57b408769ef1ffe4,adaptive,adaptive_allocation,29,3302455208,16,5000,0.08,0.05,rbf,median,anytime,bonferroni,1,10,False,UNRESOLVED,5000,True,False,True,0.0004091670271009207,0.08,0.18209213411654696,True,True,True,False
a0b707ff194548b444ff,adaptive,adaptive_allocation,30,1732970119,16,5000,0.08,0.05,rbf,median,anytime,bonferroni,1,10,False,UNRESOLVED,5000,True,False,True,0.00040191703010350466,0.08,0.18209213411654696,True,True,True,False
4371416d8971fcdaef35,adaptive,adaptive_allocation,31,303094154,16,5000,0.08,0.05,rbf,median,anytime,bonferroni,1,10,False,UNRESOLVED,5000,True,False,True,0.0003997090389020741,0.08,0.18209213411654696,True,True,True,False
73f7647e9e577566ea6c,adaptive,adaptive_allocation,32,2838343592,16,5000,0.08,0.05,rbf,median,anytime,bonferroni,1,10,False,UNRESOLVED,5000,True,False,True,0.0003997919848188758,0.08,0.18209213411654696,True,True,True,False
6f2176fe6daed0dfc472,adaptive,adaptive_allocation,33,1092542548,16,5000,0.08,0.05,rbf,median,anytime,bonferroni,1,10,False,UNRESOLVED,5000,True,False,True,0.00040120899211615324,0.08,0.18209213411654696,True,True,True,False
200627cc9dd01991db27,adaptive,adaptive_allocation,34,409768053,16,5000,0.08,0.05,rbf,median,anytime,bonferroni,1,10,False,UNRESOLVED,5000,True,False,True,0.0003975830040872097,0.08,0.18209213411654696,True,True,True,False
93899690c0fd47f65248,adaptive,adaptive_allocation,35,2259719567,16,5000,0.08,0.05,rbf,median,anytime,bonferroni,1,10,False,UNRESOLVED,5000,True,False,True,0.0003974169958382845,0.08,0.18209213411654696,True,True,True,False
0930a4d4d7014a1a7bb0,adaptive,adaptive_allocation,36,925347103,16,5000,0.08,0.05,rbf,median,anytime,bonferroni,1,10,False,UNRESOLVED,5000,True,False,True,0.0003963749622926116,0.08,0.18209213411654696,True,True,True,False
efb8e9af7d3f2ba8dba0,adaptive,adaptive_allocation,37,943200485,16,5000,0.08,0.05,rbf,median,anytime,bonferroni,1,10,False,UNRESOLVED,5000,True,False,True,0.000343457970302552,0.08,0.18209213411654696,True,True,True,False
2560fc917ed9c104b979,adaptive,adaptive_allocation,38,2333876504,16,5000,0.08,0.05,rbf,median,anytime,bonferroni,1,10,False,UNRESOLVED,5000,True,False,True,0.00034066697116941214,0.08,0.18209213411654696,True,True,True,False
c3e713c7dfe81f498956,adaptive,adaptive_allocation,39,2545786360,16,5000,0.08,0.05,rbf,median,anytime,bonferroni,1,10,False,UNRESOLVED,5000,True,False,True,0.0003430409706197679,0.08,0.18209213411654696,True,True,True,False
53ff5d3e827ded92e198,adaptive,adaptive_allocation,40,327862328,16,5000,0.08,0.05,rbf,median,anytime,bonferroni,1,10,False,UNRESOLVED,5000,True,False,True,0.0003422909649088979,0.08,0.18209213411654696,True,True,True,False
9a10dc09aabe53337738,adaptive,adaptive_allocation,41,2260331634,16,5000,0.08,0.05,rbf,median,anytime,bonferroni,1,10,False,UNRESOLVED,5000,True,False,True,0.0003434580285102129,0.08,0.18209213411654696,True,True,True,False
53254fda743a28717d14,adaptive,adaptive_allocation,42,1276351702,16,5000,0.08,0.05,rbf,median,anytime,bonferroni,1,10,False,UNRESOLVED,5000,True,False,True,0.0003421250148676336,0.08,0.18209213411654696,True,True,True,False
2fd9cae862cfec39dd9f,adaptive,adaptive_allocation,43,182722877,16,5000,0.08,0.05,rbf,median,anytime,bonferroni,1,10,False,UNRESOLVED,5000,True,False,True,0.0003412910155020654,0.08,0.18209213411654696,True,True,True,False
edfdfd6a3d91fae0c5f6,adaptive,adaptive_allocation,44,2825431057,16,5000,0.08,0.05,rbf,median,anytime,bonferroni,1,10,False,UNRESOLVED,5000,True,False,True,0.0003417080151848495,0.08,0.18209213411654696,True,True,True,False
1b101edd85a4cb07be10,adaptive,adaptive_allocation,45,717153337,16,5000,0.08,0.05,rbf,median,anytime,bonferroni,1,10,False,UNRESOLVED,5000,True,False,True,0.0003440420259721577,0.08,0.18209213411654696,True,True,True,False
52378b2d51f476e9e8a5,adaptive,adaptive_allocation,46,1372056893,16,5000,0.08,0.05,rbf,median,anytime,bonferroni,1,10,False,UNRESOLVED,5000,True,False,True,0.0003404589951969683,0.08,0.18209213411654696,True,True,True,False
e946e126cad30316b680,adaptive,adaptive_allocation,47,3296616808,16,5000,0.08,0.05,rbf,median,anytime,bonferroni,1,10,False,UNRESOLVED,5000,True,False,True,0.0003399580018594861,0.08,0.18209213411654696,True,True,True,False
022dd4ff95e64b1eb568,adaptive,adaptive_allocation,48,2956344747,16,5000,0.08,0.05,rbf,median,anytime,bonferroni,1,10,False,UNRESOLVED,5000,True,False,True,0.00034137500915676355,0.08,0.18209213411654696,True,True,True,False
ac35c2729e803362a106,adaptive,adaptive_allocation,49,3838645357,16,5000,0.08,0.05,rbf,median,anytime,bonferroni,1,10,False,UNRESOLVED,5000,True,False,True,0.00034304196015000343,0.08,0.18209213411654696,True,True,True,False
0c1bf216089a4605fcb9,adaptive,adaptive_allocation,50,3311807115,16,5000,0.08,0.05,rbf,median,anytime,bonferroni,1,10,False,UNRESOLVED,5000,True,False,True,0.00034079200122505426,0.08,0.18209213411654696,True,True,True,False
ee4a9308a649f82ed0a5,adaptive,adaptive_allocation,51,1325652288,16,5000,0.08,0.05,rbf,median,anytime,bonferroni,1,10,False,UNRESOLVED,5000,True,False,True,0.0003444169997237623,0.08,0.18209213411654696,True,True,True,False
4e692d9a7ba9c969fd26,adaptive,adaptive_allocation,52,308410696,16,5000,0.08,0.05,rbf,median,anytime,bonferroni,1,10,False,UNRESOLVED,5000,True,False,True,0.00034245901042595506,0.08,0.18209213411654696,True,True,True,False
da261e17c6b7db7b0319,adaptive,adaptive_allocation,53,639874855,16,5000,0.08,0.05,rbf,median,anytime,bonferroni,1,10,False,UNRESOLVED,5000,True,False,True,0.00034633296309038997,0.08,0.18209213411654696,True,True,True,False
a22d89d44d566a7f7d3c,adaptive,adaptive_allocation,54,945342665,16,5000,0.08,0.05,rbf,median,anytime,bonferroni,1,10,False,UNRESOLVED,5000,True,False,True,0.0003410410135984421,0.08,0.18209213411654696,True,True,True,False
e2d774aa90800183d149,adaptive,adaptive_allocation,55,3129974801,16,5000,0.08,0.05,rbf,median,anytime,bonferroni,1,10,False,UNRESOLVED,5000,True,False,True,0.0003417499829083681,0.08,0.18209213411654696,True,True,True,False
a453963f4a1a46581fbe,adaptive,adaptive_allocation,56,436469639,16,5000,0.08,0.05,rbf,median,anytime,bonferroni,1,10,False,UNRESOLVED,5000,True,False,True,0.00034079200122505426,0.08,0.18209213411654696,True,True,True,False
c9fe1323f0d2bcef610a,adaptive,adaptive_allocation,57,1243302052,16,5000,0.08,0.05,rbf,median,anytime,bonferroni,1,10,False,UNRESOLVED,5000,True,False,True,0.00034324999433010817,0.08,0.18209213411654696,True,True,True,False
b9cdb5bf7395aaf5d848,adaptive,adaptive_allocation,58,121171585,16,5000,0.08,0.05,rbf,median,anytime,bonferroni,1,10,False,UNRESOLVED,5000,True,False,True,0.0003404160379432142,0.08,0.18209213411654696,True,True,True,False
925060fb8a50cc77c179,adaptive,adaptive_allocation,59,1501305497,16,5000,0.08,0.05,rbf,median,anytime,bonferroni,1,10,False,UNRESOLVED,5000,True,False,True,0.0003405419993214309,0.08,0.18209213411654696,True,True,True,False
09fe16bd57ce9669e67f,adaptive,adaptive_allocation,60,723233806,16,5000,0.08,0.05,rbf,median,anytime,bonferroni,1,10,False,UNRESOLVED,5000,True,False,True,0.0003406249452382326,0.08,0.18209213411654696,True,True,True,False
0071be4836e1de2f8832,adaptive,adaptive_allocation,61,3384062185,16,5000,0.08,0.05,rbf,median,anytime,bonferroni,1,10,False,UNRESOLVED,5000,True,False,True,0.00034437497379258275,0.08,0.18209213411654696,True,True,True,False
0af656f082719473ef5d,adaptive,adaptive_allocation,62,1660168893,16,5000,0.08,0.05,rbf,median,anytime,bonferroni,1,10,False,UNRESOLVED,5000,True,False,True,0.0003398340195417404,0.08,0.18209213411654696,True,True,True,False
a01e2f1b1b3a20c13453,adaptive,adaptive_allocation,63,1361814625,16,5000,0.08,0.05,rbf,median,anytime,bonferroni,1,10,False,UNRESOLVED,5000,True,False,True,0.0003409580094739795,0.08,0.18209213411654696,True,True,True,False
77629722353d9ecf7683,adaptive,adaptive_allocation,64,426572912,16,5000,0.08,0.05,rbf,median,anytime,bonferroni,1,10,False,UNRESOLVED,5000,True,False,True,0.0003406659816391766,0.08,0.18209213411654696,True,True,True,False
07b996d2c7fbcdcfbc25,adaptive,adaptive_allocation,65,2504496915,16,5000,0.08,0.05,rbf,median,anytime,bonferroni,1,10,False,UNRESOLVED,5000,True,False,True,0.0003451249795034528,0.08,0.18209213411654696,True,True,True,False
0cce7c738b17f5002849,adaptive,adaptive_allocation,66,323229140,16,5000,0.08,0.05,rbf,median,anytime,bonferroni,1,10,False,UNRESOLVED,5000,True,False,True,0.0003394579980522394,0.08,0.18209213411654696,True,True,True,False
06b49ba229d22a53541e,adaptive,adaptive_allocation,67,1774336506,16,5000,0.08,0.05,rbf,median,anytime,bonferroni,1,10,False,UNRESOLVED,5000,True,False,True,0.0003397500258870423,0.08,0.18209213411654696,True,True,True,False
0ee9b6cf189cf5982701,adaptive,adaptive_allocation,68,1329660049,16,5000,0.08,0.05,rbf,median,anytime,bonferroni,1,10,False,UNRESOLVED,5000,True,False,True,0.0003397919936105609,0.08,0.18209213411654696,True,True,True,False
64e57cd6fc8bd184186b,adaptive,adaptive_allocation,69,918892655,16,5000,0.08,0.05,rbf,median,anytime,bonferroni,1,10,False,UNRESOLVED,5000,True,False,True,0.0003485409542918205,0.08,0.18209213411654696,True,True,True,False
9ec3e93c8febcdf44d56,adaptive,adaptive_allocation,70,4154263672,16,5000,0.08,0.05,rbf,median,anytime,bonferroni,1,10,False,UNRESOLVED,5000,True,False,True,0.000393458001781255,0.08,0.18209213411654696,True,True,True,False
d091bb2e991df4b76a5e,adaptive,adaptive_allocation,71,1855747646,16,5000,0.08,0.05,rbf,median,anytime,bonferroni,1,10,False,UNRESOLVED,5000,True,False,True,0.0003963749622926116,0.08,0.18209213411654696,True,True,True,False
2bec0f08b11b71bfc413,adaptive,adaptive_allocation,72,389274368,16,5000,0.08,0.05,rbf,median,anytime,bonferroni,1,10,False,UNRESOLVED,5000,True,False,True,0.0003969999961555004,0.08,0.18209213411654696,True,True,True,False
de5ebda33bc61795cd74,adaptive,adaptive_allocation,73,309772269,16,5000,0.08,0.05,rbf,median,anytime,bonferroni,1,10,False,UNRESOLVED,5000,True,False,True,0.0004166250000707805,0.08,0.18209213411654696,True,True,True,False
417348c1030e922e2178,adaptive,adaptive_allocation,74,2057176809,16,5000,0.08,0.05,rbf,median,anytime,bonferroni,1,10,False,UNRESOLVED,5000,True,False,True,0.0003960839821957052,0.08,0.18209213411654696,True,True,True,False
ea45b89550e8925a1c15,adaptive,adaptive_allocation,75,757806281,16,5000,0.08,0.05,rbf,median,anytime,bonferroni,1,10,False,UNRESOLVED,5000,True,False,True,0.0003955420106649399,0.08,0.18209213411654696,True,True,True,False
d9dde0589c1f7b28df7f,adaptive,adaptive_allocation,76,3528405224,16,5000,0.08,0.05,rbf,median,anytime,bonferroni,1,10,False,UNRESOLVED,5000,True,False,True,0.00039362499956041574,0.08,0.18209213411654696,True,True,True,False
e2b1b5374bf558e5750d,adaptive,adaptive_allocation,77,3102711456,16,5000,0.08,0.05,rbf,median,anytime,bonferroni,1,10,False,UNRESOLVED,5000,True,False,True,0.000396291958168149,0.08,0.18209213411654696,True,True,True,False
a3da39f57d8f41f0ad82,adaptive,adaptive_allocation,78,780526295,16,5000,0.08,0.05,rbf,median,anytime,bonferroni,1,10,False,UNRESOLVED,5000,True,False,True,0.00039695901796221733,0.08,0.18209213411654696,True,True,True,False
8dcd626bc343dcd306f8,adaptive,adaptive_allocation,79,1702613916,16,5000,0.08,0.05,rbf,median,anytime,bonferroni,1,10,False,UNRESOLVED,5000,True,False,True,0.0003974589635618031,0.08,0.18209213411654696,True,True,True,False
e9c35b7d72104a8dc7b3,adaptive,adaptive_allocation,80,2077308575,16,5000,0.08,0.05,rbf,median,anytime,bonferroni,1,10,False,UNRESOLVED,5000,True,False,True,0.00039487500907853246,0.08,0.18209213411654696,True,True,True,False
b5bad36c7b042d332959,adaptive,adaptive_allocation,81,740544244,16,5000,0.08,0.05,rbf,median,anytime,bonferroni,1,10,False,UNRESOLVED,5000,True,False,True,0.00040204095421358943,0.08,0.18209213411654696,True,True,True,False
ac962ad15b7003e3af99,adaptive,adaptive_allocation,82,873683594,16,5000,0.08,0.05,rbf,median,anytime,bonferroni,1,10,False,UNRESOLVED,5000,True,False,True,0.0003964999923482537,0.08,0.18209213411654696,True,True,True,False
9a5f1566914025af6d1c,adaptive,adaptive_allocation,83,1414109938,16,5000,0.08,0.05,rbf,median,anytime,bonferroni,1,10,False,UNRESOLVED,5000,True,False,True,0.0003947910154238343,0.08,0.18209213411654696,True,True,True,False
3889512fc4a6376f3209,adaptive,adaptive_allocation,84,1351119967,16,5000,0.08,0.05,rbf,median,anytime,bonferroni,1,10,False,UNRESOLVED,5000,True,False,True,0.00039412500336766243,0.08,0.18209213411654696,True,True,True,False
4c96250b438c08c9e84f,adaptive,adaptive_allocation,85,1129490894,16,5000,0.08,0.05,rbf,median,anytime,bonferroni,1,10,False,UNRESOLVED,5000,True,False,True,0.0003964999923482537,0.08,0.18209213411654696,True,True,True,False
1a79777e3a07f431948e,adaptive,adaptive_allocation,86,3164667287,16,5000,0.08,0.05,rbf,median,anytime,bonferroni,1,10,False,UNRESOLVED,5000,True,False,True,0.00039429200114682317,0.08,0.18209213411654696,True,True,True,False
c9bd708d73f4b55a7a86,adaptive,adaptive_allocation,87,2335850224,16,5000,0.08,0.05,rbf,median,anytime,bonferroni,1,10,False,UNRESOLVED,5000,True,False,True,0.000391624984331429,0.08,0.18209213411654696,True,True,True,False
bb93fa594031bd2e2083,adaptive,adaptive_allocation,88,2080224520,16,5000,0.08,0.05,rbf,median,anytime,bonferroni,1,10,False,UNRESOLVED,5000,True,False,True,0.0003939580055885017,0.08,0.18209213411654696,True,True,True,False
93c25200ac17d63e331e,adaptive,adaptive_allocation,89,2291628435,16,5000,0.08,0.05,rbf,median,anytime,bonferroni,1,10,False,UNRESOLVED,5000,True,False,True,0.0003987079835496843,0.08,0.18209213411654696,True,True,True,False
4e7cf4f028ff0956f414,adaptive,adaptive_allocation,90,1908773714,16,5000,0.08,0.05,rbf,median,anytime,bonferroni,1,10,False,UNRESOLVED,5000,True,False,True,0.0003933749976567924,0.08,0.18209213411654696,True,True,True,False
275e208c9fa7ce37377d,adaptive,adaptive_allocation,91,4175331446,16,5000,0.08,0.05,rbf,median,anytime,bonferroni,1,10,False,UNRESOLVED,5000,True,False,True,0.0003929579979740083,0.08,0.18209213411654696,True,True,True,False
679a2d745246bf9094cb,adaptive,adaptive_allocation,92,2440155560,16,5000,0.08,0.05,rbf,median,anytime,bonferroni,1,10,False,UNRESOLVED,5000,True,False,True,0.00039354199543595314,0.08,0.18209213411654696,True,True,True,False
d6dab253afb3c2125d4e,adaptive,adaptive_allocation,93,1455939677,16,5000,0.08,0.05,rbf,median,anytime,bonferroni,1,10,False,UNRESOLVED,5000,True,False,True,0.00039612496038898826,0.08,0.18209213411654696,True,True,True,False
311e8f63f151a235c307,adaptive,adaptive_allocation,94,1483316987,16,5000,0.08,0.05,rbf,median,anytime,bonferroni,1,10,False,UNRESOLVED,5000,True,False,True,0.0003926249919459224,0.08,0.18209213411654696,True,True,True,False
d409ea275e8506e82fe0,adaptive,adaptive_allocation,95,1471201957,16,5000,0.08,0.05,rbf,median,anytime,bonferroni,1,10,False,UNRESOLVED,5000,True,False,True,0.00039383297553285956,0.08,0.18209213411654696,True,True,True,False
10c6a70647bd1d49deb5,adaptive,adaptive_allocation,96,2496880250,16,5000,0.08,0.05,rbf,median,anytime,bonferroni,1,10,False,UNRESOLVED,5000,True,False,True,0.00039366696728393435,0.08,0.18209213411654696,True,True,True,False
5fea1ba521bc17153afa,adaptive,adaptive_allocation,97,2353398638,16,5000,0.08,0.05,rbf,median,anytime,bonferroni,1,10,False,UNRESOLVED,5000,True,False,True,0.0003964999923482537,0.08,0.18209213411654696,True,True,True,False
6f69f60864453df6c115,adaptive,adaptive_allocation,98,819972480,16,5000,0.08,0.05,rbf,median,anytime,bonferroni,1,10,False,UNRESOLVED,5000,True,False,True,0.00039358402136713266,0.08,0.18209213411654696,True,True,True,False
c5e95bf3e6e9da080a78,adaptive,adaptive_allocation,99,3046667113,16,5000,0.08,0.05,rbf,median,anytime,bonferroni,1,10,False,UNRESOLVED,5000,True,False,True,0.0003945419448427856,0.08,0.18209213411654696,True,True,True,False
3679e870391706dc56ef,adaptive,adaptive_allocation,100,1256213950,16,5000,0.08,0.05,rbf,median,anytime,bonferroni,1,10,False,UNRESOLVED,5000,True,False,True,0.00039433303754776716,0.08,0.18209213411654696,True,True,True,False
21b07a47dc616932dc2e,adaptive,adaptive_allocation,101,1535479565,16,5000,0.08,0.05,rbf,median,anytime,bonferroni,1,10,False,UNRESOLVED,5000,True,False,True,0.0003982079797424376,0.08,0.18209213411654696,True,True,True,False
608a56e21a4cc868acb6,adaptive,adaptive_allocation,102,2048232635,16,5000,0.08,0.05,rbf,median,anytime,bonferroni,1,10,False,UNRESOLVED,5000,True,False,True,0.0003922500181943178,0.08,0.18209213411654696,True,True,True,False
6c16d3946f4ecf9c8e89,adaptive,adaptive_allocation,103,1137069819,16,5000,0.08,0.05,rbf,median,anytime,bonferroni,1,10,False,UNRESOLVED,5000,True,False,True,0.00035399995977059007,0.08,0.18209213411654696,True,True,True,False
146b65db8ad7e49f555e,adaptive,adaptive_allocation,104,2739412274,16,5000,0.08,0.05,rbf,median,anytime,bonferroni,1,10,False,UNRESOLVED,5000,True,False,True,0.00033958302810788155,0.08,0.18209213411654696,True,True,True,False
7fa31e911423f0d60201,adaptive,adaptive_allocation,105,3480589023,16,5000,0.08,0.05,rbf,median,anytime,bonferroni,1,10,False,UNRESOLVED,5000,True,False,True,0.00034145801328122616,0.08,0.18209213411654696,True,True,True,False
d2bb6095c5d073a3911c,adaptive,adaptive_allocation,106,3449564721,16,5000,0.08,0.05,rbf,median,anytime,bonferroni,1,10,False,UNRESOLVED,5000,True,False,True,0.0003399580018594861,0.08,0.18209213411654696,True,True,True,False
09bce49c30f9cf5522bf,adaptive,adaptive_allocation,107,1379431225,16,5000,0.08,0.05,rbf,median,anytime,bonferroni,1,10,False,UNRESOLVED,5000,True,False,True,0.0003400410059839487,0.08,0.18209213411654696,True,True,True,False
cdbec1c537518779eb53,adaptive,adaptive_allocation,108,2039846580,16,5000,0.08,0.05,rbf,median,anytime,bonferroni,1,10,False,UNRESOLVED,5000,True,False,True,0.000339832971803844,0.08,0.18209213411654696,True,True,True,False
b3839b861f5267c1d87d,adaptive,adaptive_allocation,109,368005397,16,5000,0.08,0.05,rbf,median,anytime,bonferroni,1,10,False,UNRESOLVED,5000,True,False,True,0.0003412909572944045,0.08,0.18209213411654696,True,True,True,False
a0f52dbc09e4b38f785b,adaptive,adaptive_allocation,110,3348315123,16,5000,0.08,0.05,rbf,median,anytime,bonferroni,1,10,False,UNRESOLVED,5000,True,False,True,0.000339917023666203,0.08,0.18209213411654696,True,True,True,False
c9d3ea2f1104fbab8608,adaptive,adaptive_allocation,111,2893118936,16,5000,0.08,0.05,rbf,median,anytime,bonferroni,1,10,False,UNRESOLVED,5000,True,False,True,0.0003409999771974981,0.08,0.18209213411654696,True,True,True,False
6106f529f4f4a38225b2,adaptive,adaptive_allocation,112,3604071239,16,5000,0.08,0.05,rbf,median,anytime,bonferroni,1,10,False,UNRESOLVED,5000,True,False,True,0.0003404580056667328,0.08,0.18209213411654696,True,True,True,False
8c928aea2e485bdcdc11,adaptive,adaptive_allocation,113,2668074169,16,5000,0.08,0.05,rbf,median,anytime,bonferroni,1,10,False,UNRESOLVED,5000,True,False,True,0.00034425000194460154,0.08,0.18209213411654696,True,True,True,False
4ba12f85f91baec38265,adaptive,adaptive_allocation,114,2000994270,16,5000,0.08,0.05,rbf,median,anytime,bonferroni,1,10,False,UNRESOLVED,5000,True,False,True,0.00033950002398341894,0.08,0.18209213411654696,True,True,True,False
11e4a1066e99ef09cab8,adaptive,adaptive_allocation,115,2527429979,16,5000,0.08,0.05,rbf,median,anytime,bonferroni,1,10,False,UNRESOLVED,5000,True,False,True,0.0003385840100236237,0.08,0.18209213411654696,True,True,True,False
c8e5c86cf05da6a406ff,adaptive,adaptive_allocation,116,2189489707,16,5000,0.08,0.05,rbf,median,anytime,bonferroni,1,10,False,UNRESOLVED,5000,True,False,True,0.000340208993293345,0.08,0.18209213411654696,True,True,True,False
49de4729b69cc5cccaa1,adaptive,adaptive_allocation,117,3891219176,16,5000,0.08,0.05,rbf,median,anytime,bonferroni,1,10,False,UNRESOLVED,5000,True,False,True,0.00034145801328122616,0.08,0.18209213411654696,True,True,True,False
c33cf2fa9d9bcdb2a079,adaptive,adaptive_allocation,118,1338790194,16,5000,0.08,0.05,rbf,median,anytime,bonferroni,1,10,False,UNRESOLVED,5000,True,False,True,0.000338749960064888,0.08,0.18209213411654696,True,True,True,False
56e57243b7cea33af1b5,adaptive,adaptive_allocation,119,3945462075,16,5000,0.08,0.05,rbf,median,anytime,bonferroni,1,10,False,UNRESOLVED,5000,True,False,True,0.00034025002969428897,0.08,0.18209213411654696,True,True,True,False
75a82b9e22733caab2ef,adaptive,adaptive_allocation,120,401934024,16,5000,0.08,0.05,rbf,median,anytime,bonferroni,1,10,False,UNRESOLVED,5000,True,False,True,0.0003403750015422702,0.08,0.18209213411654696,True,True,True,False
ba59a9dafc6db6b356c0,adaptive,adaptive_allocation,121,1629741421,16,5000,0.08,0.05,rbf,median,anytime,bonferroni,1,10,False,UNRESOLVED,5000,True,False,True,0.0003428750205785036,0.08,0.18209213411654696,True,True,True,False
c5cdc625e847d10c5aee,adaptive,adaptive_allocation,122,4184692615,16,5000,0.08,0.05,rbf,median,anytime,bonferroni,1,10,False,UNRESOLVED,5000,True,False,True,0.0003406659816391766,0.08,0.18209213411654696,True,True,True,False
db0fe5f7902df742a3da,adaptive,adaptive_allocation,123,1579664216,16,5000,0.08,0.05,rbf,median,anytime,bonferroni,1,10,False,UNRESOLVED,5000,True,False,True,0.00033849995816126466,0.08,0.18209213411654696,True,True,True,False
2c460affc176de68594e,adaptive,adaptive_allocation,124,2562732327,16,5000,0.08,0.05,rbf,median,anytime,bonferroni,1,10,False,UNRESOLVED,5000,True,False,True,0.0003388330223970115,0.08,0.18209213411654696,True,True,True,False
d01d8e8a7be10e56b1ca,adaptive,adaptive_allocation,125,2446270352,16,5000,0.08,0.05,rbf,median,anytime,bonferroni,1,10,False,UNRESOLVED,5000,True,False,True,0.00035541702527552843,0.08,0.18209213411654696,True,True,True,False
52d9fd82104b7c045aa3,adaptive,adaptive_allocation,126,4107380554,16,5000,0.08,0.05,rbf,median,anytime,bonferroni,1,10,False,UNRESOLVED,5000,True,False,True,0.0003407079493626952,0.08,0.18209213411654696,True,True,True,False
84629f9ff787363d580b,adaptive,adaptive_allocation,127,2577634054,16,5000,0.08,0.05,rbf,median,anytime,bonferroni,1,10,False,UNRESOLVED,5000,True,False,True,0.0003393750521354377,0.08,0.18209213411654696,True,True,True,False
498ec45adc4ae4f78143,adaptive,adaptive_allocation,128,2984530277,16,5000,0.08,0.05,rbf,median,anytime,bonferroni,1,10,False,UNRESOLVED,5000,True,False,True,0.0003409999771974981,0.08,0.18209213411654696,True,True,True,False
cfde411777ac473d9d16,adaptive,adaptive_allocation,129,4037482230,16,5000,0.08,0.05,rbf,median,anytime,bonferroni,1,10,False,UNRESOLVED,5000,True,False,True,0.0003432919620536268,0.08,0.18209213411654696,True,True,True,False
fd31dbe5bd67841ad7c1,adaptive,adaptive_allocation,130,4233139063,16,5000,0.08,0.05,rbf,median,anytime,bonferroni,1,10,False,UNRESOLVED,5000,True,False,True,0.00033912499202415347,0.08,0.18209213411654696,True,True,True,False
819c8912ca1cd197c7ee,adaptive,adaptive_allocation,131,311012849,16,5000,0.08,0.05,rbf,median,anytime,bonferroni,1,10,False,UNRESOLVED,5000,True,False,True,0.0004044590168632567,0.08,0.18209213411654696,True,True,True,False
a65a9919ace1eec36b9d,adaptive,adaptive_allocation,132,2949606437,16,5000,0.08,0.05,rbf,median,anytime,bonferroni,1,10,False,UNRESOLVED,5000,True,False,True,0.0005577499978244305,0.08,0.18209213411654696,True,True,True,False
9c8f0eda6d5debaa3aa3,adaptive,adaptive_allocation,133,3985079476,16,5000,0.08,0.05,rbf,median,anytime,bonferroni,1,10,False,UNRESOLVED,5000,True,False,True,0.000524125003721565,0.08,0.18209213411654696,True,True,True,False
137b46bfe5440f008f06,adaptive,adaptive_allocation,134,2280525888,16,5000,0.08,0.05,rbf,median,anytime,bonferroni,1,10,False,UNRESOLVED,5000,True,False,True,0.0005194999976083636,0.08,0.18209213411654696,True,True,True,False
0777d3ca868e6baa30e2,adaptive,adaptive_allocation,135,4056354648,16,5000,0.08,0.05,rbf,median,anytime,bonferroni,1,10,False,UNRESOLVED,5000,True,False,True,0.0005065840086899698,0.08,0.18209213411654696,True,True,True,False
e95736f3ab19dbfa3130,adaptive,adaptive_allocation,136,4274276200,16,5000,0.08,0.05,rbf,median,anytime,bonferroni,1,10,False,UNRESOLVED,5000,True,False,True,0.000479582988191396,0.08,0.18209213411654696,True,True,True,False
ddbf2afc7a5f4b51ff25,adaptive,adaptive_allocation,137,4168531853,16,5000,0.08,0.05,rbf,median,anytime,bonferroni,1,10,False,UNRESOLVED,5000,True,False,True,0.0004830410471186042,0.08,0.18209213411654696,True,True,True,False
7056e16587d9ab5cd37e,adaptive,adaptive_allocation,138,2563201732,16,5000,0.08,0.05,rbf,median,anytime,bonferroni,1,10,False,UNRESOLVED,5000,True,False,True,0.0004734999965876341,0.08,0.18209213411654696,True,True,True,False
2d57ffd801ac0de79862,adaptive,adaptive_allocation,139,3920146259,16,5000,0.08,0.05,rbf,median,anytime,bonferroni,1,10,False,UNRESOLVED,5000,True,False,True,0.0004747500061057508,0.08,0.18209213411654696,True,True,True,False
502c8ff8f2fe769d25b0,adaptive,adaptive_allocation,140,1356751945,16,5000,0.08,0.05,rbf,median,anytime,bonferroni,1,10,False,UNRESOLVED,5000,True,False,True,0.0004794169799424708,0.08,0.18209213411654696,True,True,True,False
9f9739e051ef41f84090,adaptive,adaptive_allocation,141,3070190274,16,5000,0.08,0.05,rbf,median,anytime,bonferroni,1,10,False,UNRESOLVED,5000,True,False,True,0.00047624995931982994,0.08,0.18209213411654696,True,True,True,False
351e2500dcfd310e207e,adaptive,adaptive_allocation,142,2561266091,16,5000,0.08,0.05,rbf,median,anytime,bonferroni,1,10,False,UNRESOLVED,5000,True,False,True,0.0004724160535261035,0.08,0.18209213411654696,True,True,True,False
392be6add031338daf5f,adaptive,adaptive_allocation,143,678176290,16,5000,0.08,0.05,rbf,median,anytime,bonferroni,1,10,False,UNRESOLVED,5000,True,False,True,0.0004711669753305614,0.08,0.18209213411654696,True,True,True,False
0c278c05af3892d590b9,adaptive,adaptive_allocation,144,80411025,16,5000,0.08,0.05,rbf,median,anytime,bonferroni,1,10,False,UNRESOLVED,5000,True,False,True,0.0004694999661296606,0.08,0.18209213411654696,True,True,True,False
b8705ef5e94f52055a34,adaptive,adaptive_allocation,145,3877774600,16,5000,0.08,0.05,rbf,median,anytime,bonferroni,1,10,False,UNRESOLVED,5000,True,False,True,0.000474124972242862,0.08,0.18209213411654696,True,True,True,False
ac799b2f60ff0d1577fb,adaptive,adaptive_allocation,146,1465065092,16,5000,0.08,0.05,rbf,median,anytime,bonferroni,1,10,False,UNRESOLVED,5000,True,False,True,0.0004713329835794866,0.08,0.18209213411654696,True,True,True,False
ccdbdfd65698b4cb440e,adaptive,adaptive_allocation,147,2978430547,16,5000,0.08,0.05,rbf,median,anytime,bonferroni,1,10,False,UNRESOLVED,5000,True,False,True,0.0004709589993581176,0.08,0.18209213411654696,True,True,True,False
92d17eeebd81cb343ebe,adaptive,adaptive_allocation,148,2121362879,16,5000,0.08,0.05,rbf,median,anytime,bonferroni,1,10,False,UNRESOLVED,5000,True,False,True,0.0005064579891040921,0.08,0.18209213411654696,True,True,True,False
302560f5b8c86063d84f,adaptive,adaptive_allocation,149,504844222,16,5000,0.08,0.05,rbf,median,anytime,bonferroni,1,10,False,UNRESOLVED,5000,True,False,True,0.0005285419756546617,0.08,0.18209213411654696,True,True,True,False
b6d5e88a150123442109,adaptive,adaptive_allocation,150,237763071,16,5000,0.08,0.05,rbf,median,anytime,bonferroni,1,10,False,UNRESOLVED,5000,True,False,True,0.000509292003698647,0.08,0.18209213411654696,True,True,True,False
882784b32a2a9a9993b9,adaptive,adaptive_allocation,151,1210979599,16,5000,0.08,0.05,rbf,median,anytime,bonferroni,1,10,False,UNRESOLVED,5000,True,False,True,0.0004215409862808883,0.08,0.18209213411654696,True,True,True,False
96f30f3d76fbf43d98ed,adaptive,adaptive_allocation,152,3944561362,16,5000,0.08,0.05,rbf,median,anytime,bonferroni,1,10,False,UNRESOLVED,5000,True,False,True,0.00040570797864347696,0.08,0.18209213411654696,True,True,True,False
ed703e7c60d785a10422,adaptive,adaptive_allocation,153,2971480784,16,5000,0.08,0.05,rbf,median,anytime,bonferroni,1,10,False,UNRESOLVED,5000,True,False,True,0.0004034580197185278,0.08,0.18209213411654696,True,True,True,False
85dd62a7b85cfb439509,adaptive,adaptive_allocation,154,2344951791,16,5000,0.08,0.05,rbf,median,anytime,bonferroni,1,10,False,UNRESOLVED,5000,True,False,True,0.00040137500036507845,0.08,0.18209213411654696,True,True,True,False
7b173df62ee69450fe2d,adaptive,adaptive_allocation,155,317867951,16,5000,0.08,0.05,rbf,median,anytime,bonferroni,1,10,False,UNRESOLVED,5000,True,False,True,0.000401749974116683,0.08,0.18209213411654696,True,True,True,False
09de3efd1cecd8d089d2,adaptive,adaptive_allocation,156,1661788302,16,5000,0.08,0.05,rbf,median,anytime,bonferroni,1,10,False,UNRESOLVED,5000,True,False,True,0.00039858301170170307,0.08,0.18209213411654696,True,True,True,False
3179ab033a29a9b8ca99,adaptive,adaptive_allocation,157,3870453377,16,5000,0.08,0.05,rbf,median,anytime,bonferroni,1,10,False,UNRESOLVED,5000,True,False,True,0.00039787497371435165,0.08,0.18209213411654696,True,True,True,False
a7820052cb95bb5e1250,adaptive,adaptive_allocation,158,3736111890,16,5000,0.08,0.05,rbf,median,anytime,bonferroni,1,10,False,UNRESOLVED,5000,True,False,True,0.00039858301170170307,0.08,0.18209213411654696,True,True,True,False
ebb91aa0874fdbe42d7c,adaptive,adaptive_allocation,159,85216320,16,5000,0.08,0.05,rbf,median,anytime,bonferroni,1,10,False,UNRESOLVED,5000,True,False,True,0.00039737496990710497,0.08,0.18209213411654696,True,True,True,False
97ddd0475cae0f19d9f8,adaptive,adaptive_allocation,160,30234474,16,5000,0.08,0.05,rbf,median,anytime,bonferroni,1,10,False,UNRESOLVED,5000,True,False,True,0.0003981670015491545,0.08,0.18209213411654696,True,True,True,False
2973b45161425e14fc70,adaptive,adaptive_allocation,161,1758997377,16,5000,0.08,0.05,rbf,median,anytime,bonferroni,1,10,False,UNRESOLVED,5000,True,False,True,0.0004003749927505851,0.08,0.18209213411654696,True,True,True,False
f08e50a425ed30be32b4,adaptive,adaptive_allocation,162,2247744192,16,5000,0.08,0.05,rbf,median,anytime,bonferroni,1,10,False,UNRESOLVED,5000,True,False,True,0.00039766699774190784,0.08,0.18209213411654696,True,True,True,False
f210ef02ad627ce5d68d,adaptive,adaptive_allocation,163,2857203570,16,5000,0.08,0.05,rbf,median,anytime,bonferroni,1,10,False,UNRESOLVED,5000,True,False,True,0.0003975830040872097,0.08,0.18209213411654696,True,True,True,False
cb22217fd029c3252fd9,adaptive,adaptive_allocation,164,2471202017,16,5000,0.08,0.05,rbf,median,anytime,bonferroni,1,10,False,UNRESOLVED,5000,True,False,True,0.0003961669863201678,0.08,0.18209213411654696,True,True,True,False
94bf1895c6aa165f1638,adaptive,adaptive_allocation,165,3737559863,16,5000,0.08,0.05,rbf,median,anytime,bonferroni,1,10,False,UNRESOLVED,5000,True,False,True,0.0003969169920310378,0.08,0.18209213411654696,True,True,True,False
30ca4d519a206f702900,adaptive,adaptive_allocation,166,3255048568,16,5000,0.08,0.05,rbf,median,anytime,bonferroni,1,10,False,UNRESOLVED,5000,True,False,True,0.00039833300979807973,0.08,0.18209213411654696,True,True,True,False
e20bf031e24eae546e0c,adaptive,adaptive_allocation,167,1005329723,16,5000,0.08,0.05,rbf,median,anytime,bonferroni,1,10,False,UNRESOLVED,5000,True,False,True,0.0003976660082116723,0.08,0.18209213411654696,True,True,True,False
f738e444e0bea5791e3b,adaptive,adaptive_allocation,168,2064524100,16,5000,0.08,0.05,rbf,median,anytime,bonferroni,1,10,False,UNRESOLVED,5000,True,False,True,0.0003970409743487835,0.08,0.18209213411654696,True,True,True,False
b381be2021a5ae0c9f19,adaptive,adaptive_allocation,169,37947535,16,5000,0.08,0.05,rbf,median,anytime,bonferroni,1,10,False,UNRESOLVED,5000,True,False,True,0.0003986249794252217,0.08,0.18209213411654696,True,True,True,False
c896c0b2782a3c2ac334,adaptive,adaptive_allocation,170,3840232703,16,5000,0.08,0.05,rbf,median,anytime,bonferroni,1,10,False,UNRESOLVED,5000,True,False,True,0.0003985419753007591,0.08,0.18209213411654696,True,True,True,False
82b39c06d6e1a7b94820,adaptive,adaptive_allocation,171,71826091,16,5000,0.08,0.05,rbf,median,anytime,bonferroni,1,10,False,UNRESOLVED,5000,True,False,True,0.0003993330174125731,0.08,0.18209213411654696,True,True,True,False
29c4a5e31f2e7a18702d,adaptive,adaptive_allocation,172,552179725,16,5000,0.08,0.05,rbf,median,anytime,bonferroni,1,10,False,UNRESOLVED,5000,True,False,True,0.0003986670053564012,0.08,0.18209213411654696,True,True,True,False
2d34f51d1e221074de30,adaptive,adaptive_allocation,173,2970879981,16,5000,0.08,0.05,rbf,median,anytime,bonferroni,1,10,False,UNRESOLVED,5000,True,False,True,0.0003979590255767107,0.08,0.18209213411654696,True,True,True,False
5eaac3357c7030cb9ec8,adaptive,adaptive_allocation,174,1773271542,16,5000,0.08,0.05,rbf,median,anytime,bonferroni,1,10,False,UNRESOLVED,5000,True,False,True,0.0003982910420745611,0.08,0.18209213411654696,True,True,True,False
99ec6943626d8d5f3c01,adaptive,adaptive_allocation,175,1833504049,16,5000,0.08,0.05,rbf,median,anytime,bonferroni,1,10,False,UNRESOLVED,5000,True,False,True,0.00039820896927267313,0.08,0.18209213411654696,True,True,True,False
7de02328fb0ea0c8a070,adaptive,adaptive_allocation,176,3455813348,16,5000,0.08,0.05,rbf,median,anytime,bonferroni,1,10,False,UNRESOLVED,5000,True,False,True,0.00039662502240389585,0.08,0.18209213411654696,True,True,True,False
90502ad66e378b0b434f,adaptive,adaptive_allocation,177,2771379032,16,5000,0.08,0.05,rbf,median,anytime,bonferroni,1,10,False,UNRESOLVED,5000,True,False,True,0.00039554102113470435,0.08,0.18209213411654696,True,True,True,False
5761c359a4319757674c,adaptive,adaptive_allocation,178,2046592436,16,5000,0.08,0.05,rbf,median,anytime,bonferroni,1,10,False,UNRESOLVED,5000,True,False,True,0.00039716699393466115,0.08,0.18209213411654696,True,True,True,False
d1a9cc1ce31ccbdfcd2f,adaptive,adaptive_allocation,179,2471243759,16,5000,0.08,0.05,rbf,median,anytime,bonferroni,1,10,False,UNRESOLVED,5000,True,False,True,0.0003971249680034816,0.08,0.18209213411654696,True,True,True,False
2a6998720e3dc6f7db9e,adaptive,adaptive_allocation,180,1752574734,16,5000,0.08,0.05,rbf,median,anytime,bonferroni,1,10,False,UNRESOLVED,5000,True,False,True,0.00039658299647271633,0.08,0.18209213411654696,True,True,True,False
ed8eea6da41aaaed6dcd,adaptive,adaptive_allocation,181,2548754819,16,5000,0.08,0.05,rbf,median,anytime,bonferroni,1,10,False,UNRESOLVED,5000,True,False,True,0.000396332994569093,0.08,0.18209213411654696,True,True,True,False
ca8515f093226644ba19,adaptive,adaptive_allocation,182,1235252289,16,5000,0.08,0.05,rbf,median,anytime,bonferroni,1,10,False,UNRESOLVED,5000,True,False,True,0.0003975420258939266,0.08,0.18209213411654696,True,True,True,False
0a4aa659e35a7e2fef9e,adaptive,adaptive_allocation,183,3232006717,16,5000,0.08,0.05,rbf,median,anytime,bonferroni,1,10,False,UNRESOLVED,5000,True,False,True,0.0003962910268455744,0.08,0.18209213411654696,True,True,True,False
0a416a9dbff90bcad2fd,adaptive,adaptive_allocation,184,483701591,16,5000,0.08,0.05,rbf,median,anytime,bonferroni,1,10,False,UNRESOLVED,5000,True,False,True,0.000397041963879019,0.08,0.18209213411654696,True,True,True,False
cfe6906594c4065d3ce4,adaptive,adaptive_allocation,185,2659454550,16,5000,0.08,0.05,rbf,median,anytime,bonferroni,1,10,False,UNRESOLVED,5000,True,False,True,0.0003969579702243209,0.08,0.18209213411654696,True,True,True,False
2db17cdd1a0377825cf5,adaptive,adaptive_allocation,186,1402741726,16,5000,0.08,0.05,rbf,median,anytime,bonferroni,1,10,False,UNRESOLVED,5000,True,False,True,0.00039795803604647517,0.08,0.18209213411654696,True,True,True,False
eee61591d0d0b77d43dd,adaptive,adaptive_allocation,187,3395438701,16,5000,0.08,0.05,rbf,median,anytime,bonferroni,1,10,False,UNRESOLVED,5000,True,False,True,0.0005259170429781079,0.08,0.18209213411654696,True,True,True,False
9d8de68e5dbbc42d314d,adaptive,adaptive_allocation,188,2542446287,16,5000,0.08,0.05,rbf,median,anytime,bonferroni,1,10,False,UNRESOLVED,5000,True,False,True,0.0005077499663457274,0.08,0.18209213411654696,True,True,True,False
9eab67e597e232d7e405,adaptive,adaptive_allocation,189,3765011628,16,5000,0.08,0.05,rbf,median,anytime,bonferroni,1,10,False,UNRESOLVED,5000,True,False,True,0.0005051670013926923,0.08,0.18209213411654696,True,True,True,False
264ae2ea47e34269a7ef,adaptive,adaptive_allocation,190,1759860409,16,5000,0.08,0.05,rbf,median,anytime,bonferroni,1,10,False,UNRESOLVED,5000,True,False,True,0.0005103749572299421,0.08,0.18209213411654696,True,True,True,False
aae81d9c9a4e9ae9c8e2,adaptive,adaptive_allocation,191,1398992792,16,5000,0.08,0.05,rbf,median,anytime,bonferroni,1,10,False,UNRESOLVED,5000,True,False,True,0.0005142500158399343,0.08,0.18209213411654696,True,True,True,False
7e78fad14f1bbcd83b37,adaptive,adaptive_allocation,192,3619345971,16,5000,0.08,0.05,rbf,median,anytime,bonferroni,1,10,False,UNRESOLVED,5000,True,False,True,0.00047820800682529807,0.08,0.18209213411654696,True,True,True,False
adeaa17f9ae3eda2105d,adaptive,adaptive_allocation,193,522932350,16,5000,0.08,0.05,rbf,median,anytime,bonferroni,1,10,False,UNRESOLVED,5000,True,False,True,0.0004722499870695174,0.08,0.18209213411654696,True,True,True,False
48e44268725a9d329867,adaptive,adaptive_allocation,194,3886698696,16,5000,0.08,0.05,rbf,median,anytime,bonferroni,1,10,False,UNRESOLVED,5000,True,False,True,0.000471667037345469,0.08,0.18209213411654696,True,True,True,False
bfd33f623aed52ddfd4e,adaptive,adaptive_allocation,195,34481205,16,5000,0.08,0.05,rbf,median,anytime,bonferroni,1,10,False,UNRESOLVED,5000,True,False,True,0.000472709012683481,0.08,0.18209213411654696,True,True,True,False
ee691d3d44b339a4dc8f,adaptive,adaptive_allocation,196,2559765575,16,5000,0.08,0.05,rbf,median,anytime,bonferroni,1,10,False,UNRESOLVED,5000,True,False,True,0.00047212495701387525,0.08,0.18209213411654696,True,True,True,False
b60e2bb348c54980ab6c,adaptive,adaptive_allocation,197,1092838117,16,5000,0.08,0.05,rbf,median,anytime,bonferroni,1,10,False,UNRESOLVED,5000,True,False,True,0.0004773329710587859,0.08,0.18209213411654696,True,True,True,False
1fa434f634d0109a631f,adaptive,adaptive_allocation,198,324370585,16,5000,0.08,0.05,rbf,median,anytime,bonferroni,1,10,False,UNRESOLVED,5000,True,False,True,0.00047149998135864735,0.08,0.18209213411654696,True,True,True,False
2b993df0106c6a3ba19c,adaptive,adaptive_allocation,199,3172263018,16,5000,0.08,0.05,rbf,median,anytime,bonferroni,1,10,False,UNRESOLVED,5000,True,False,True,0.00047199998516589403,0.08,0.18209213411654696,True,True,True,False
2371e81d626c4408b017,adaptive,adaptive_allocation,200,3826009972,16,5000,0.08,0.05,rbf,median,anytime,bonferroni,1,10,False,UNRESOLVED,5000,True,False,True,0.0004703340237028897,0.08,0.18209213411654696,True,True,True,False
fa50749926f37d05d592,adaptive,adaptive_allocation,201,2004933287,16,5000,0.08,0.05,rbf,median,anytime,bonferroni,1,10,False,UNRESOLVED,5000,True,False,True,0.00048045796575024724,0.08,0.18209213411654696,True,True,True,False
82cd7cd350a5db7e1c74,adaptive,adaptive_allocation,202,3488738278,16,5000,0.08,0.05,rbf,median,anytime,bonferroni,1,10,False,UNRESOLVED,5000,True,False,True,0.0004977500066161156,0.08,0.18209213411654696,True,True,True,False
5c6738d07802dd9a2363,adaptive,adaptive_allocation,203,3518829401,16,5000,0.08,0.05,rbf,median,anytime,bonferroni,1,10,False,UNRESOLVED,5000,True,False,True,0.0004762920434586704,0.08,0.18209213411654696,True,True,True,False
25e2ec13db45c7759a12,adaptive,adaptive_allocation,204,533057401,16,5000,0.08,0.05,rbf,median,anytime,bonferroni,1,10,False,UNRESOLVED,5000,True,False,True,0.00047675002133473754,0.08,0.18209213411654696,True,True,True,False
45660079a9395dab190c,adaptive,adaptive_allocation,205,3954036027,16,5000,0.08,0.05,rbf,median,anytime,bonferroni,1,10,False,UNRESOLVED,5000,True,False,True,0.0005007919971831143,0.08,0.18209213411654696,True,True,True,False
a34be109f06be60369c4,adaptive,adaptive_allocation,206,2858963196,16,5000,0.08,0.05,rbf,median,anytime,bonferroni,1,10,False,UNRESOLVED,5000,True,False,True,0.0004942080122418702,0.08,0.18209213411654696,True,True,True,False
230f9e30c36922fa3ae6,adaptive,adaptive_allocation,207,2565330057,16,5000,0.08,0.05,rbf,median,anytime,bonferroni,1,10,False,UNRESOLVED,5000,True,False,True,0.00035979202948510647,0.08,0.18209213411654696,True,True,True,False
e612c08f0ce50506b51c,adaptive,adaptive_allocation,208,4004917669,16,5000,0.08,0.05,rbf,median,anytime,bonferroni,1,10,False,UNRESOLVED,5000,True,False,True,0.0003482080064713955,0.08,0.18209213411654696,True,True,True,False
1817b4a75ebdd84e7015,adaptive,adaptive_allocation,209,950766784,16,5000,0.08,0.05,rbf,median,anytime,bonferroni,1,10,False,UNRESOLVED,5000,True,False,True,0.00034445797791704535,0.08,0.18209213411654696,True,True,True,False
510259c77e7c899bd13c,adaptive,adaptive_allocation,210,2733330712,16,5000,0.08,0.05,rbf,median,anytime,bonferroni,1,10,False,UNRESOLVED,5000,True,False,True,0.00034745800076052547,0.08,0.18209213411654696,True,True,True,False
f85f84e77675c04e8b01,adaptive,adaptive_allocation,211,3931777550,16,5000,0.08,0.05,rbf,median,anytime,bonferroni,1,10,False,UNRESOLVED,5000,True,False,True,0.0003470419906079769,0.08,0.18209213411654696,True,True,True,False
f5246b3d6abafec55280,adaptive,adaptive_allocation,212,2252718049,16,5000,0.08,0.05,rbf,median,anytime,bonferroni,1,10,False,UNRESOLVED,5000,True,False,True,0.00039616599678993225,0.08,0.18209213411654696,True,True,True,False
0edd22d10ae5e06e3507,adaptive,adaptive_allocation,213,3604074181,16,5000,0.08,0.05,rbf,median,anytime,bonferroni,1,10,False,UNRESOLVED,5000,True,False,True,0.00039600004674866796,0.08,0.18209213411654696,True,True,True,False
c2b0cecc720e43f44332,adaptive,adaptive_allocation,214,1546524026,16,5000,0.08,0.05,rbf,median,anytime,bonferroni,1,10,False,UNRESOLVED,5000,True,False,True,0.00039962498703971505,0.08,0.18209213411654696,True,True,True,False
3d4c7b09dec33dc6065a,adaptive,adaptive_allocation,215,54688400,16,5000,0.08,0.05,rbf,median,anytime,bonferroni,1,10,False,UNRESOLVED,5000,True,False,True,0.0003951250109821558,0.08,0.18209213411654696,True,True,True,False
b25acace5cbff1b1e63e,adaptive,adaptive_allocation,216,2988345326,16,5000,0.08,0.05,rbf,median,anytime,bonferroni,1,10,False,UNRESOLVED,5000,True,False,True,0.00039520900463685393,0.08,0.18209213411654696,True,True,True,False
af7168ff3fffd9e22004,adaptive,adaptive_allocation,217,2853706683,16,5000,0.08,0.05,rbf,median,anytime,bonferroni,1,10,False,UNRESOLVED,5000,True,False,True,0.0003962920163758099,0.08,0.18209213411654696,True,True,True,False
25b0e235309830d31eaf,adaptive,adaptive_allocation,218,2074859105,16,5000,0.08,0.05,rbf,median,anytime,bonferroni,1,10,False,UNRESOLVED,5000,True,False,True,0.000400334014557302,0.08,0.18209213411654696,True,True,True,False
e53314985f08d3c5c0c7,adaptive,adaptive_allocation,219,2800473948,16,5000,0.08,0.05,rbf,median,anytime,bonferroni,1,10,False,UNRESOLVED,5000,True,False,True,0.0003957920125685632,0.08,0.18209213411654696,True,True,True,False
15428d8a5c96b63a3bc6,adaptive,adaptive_allocation,220,2217922501,16,5000,0.08,0.05,rbf,median,anytime,bonferroni,1,10,False,UNRESOLVED,5000,True,False,True,0.00039662502240389585,0.08,0.18209213411654696,True,True,True,False
b9a5433b1f4826208211,adaptive,adaptive_allocation,221,2179857788,16,5000,0.08,0.05,rbf,median,anytime,bonferroni,1,10,False,UNRESOLVED,5000,True,False,True,0.00039887503953650594,0.08,0.18209213411654696,True,True,True,False
d7636f2768ded2257890,adaptive,adaptive_allocation,222,1907575288,16,5000,0.08,0.05,rbf,median,anytime,bonferroni,1,10,False,UNRESOLVED,5000,True,False,True,0.00039954204112291336,0.08,0.18209213411654696,True,True,True,False
ac2aaf67deafe631d8d8,adaptive,adaptive_allocation,223,225346680,16,5000,0.08,0.05,rbf,median,anytime,bonferroni,1,10,False,UNRESOLVED,5000,True,False,True,0.00039466703310608864,0.08,0.18209213411654696,True,True,True,False
f7213f1194b674796f7b,adaptive,adaptive_allocation,224,2540007249,16,5000,0.08,0.05,rbf,median,anytime,bonferroni,1,10,False,UNRESOLVED,5000,True,False,True,0.0003969579702243209,0.08,0.18209213411654696,True,True,True,False
cdc45b3e21c70dcb74c0,adaptive,adaptive_allocation,225,3666037192,16,5000,0.08,0.05,rbf,median,anytime,bonferroni,1,10,False,UNRESOLVED,5000,True,False,True,0.000395291019231081,0.08,0.18209213411654696,True,True,True,False
28b4abf7d646e7d07589,adaptive,adaptive_allocation,226,1292697378,16,5000,0.08,0.05,rbf,median,anytime,bonferroni,1,10,False,UNRESOLVED,5000,True,False,True,0.0003992910496890545,0.08,0.18209213411654696,True,True,True,False
d7606db4381cfa0acd47,adaptive,adaptive_allocation,227,1443438494,16,5000,0.08,0.05,rbf,median,anytime,bonferroni,1,10,False,UNRESOLVED,5000,True,False,True,0.00039491604547947645,0.08,0.18209213411654696,True,True,True,False
12768c4704ee0ad35071,adaptive,adaptive_allocation,228,2603098946,16,5000,0.08,0.05,rbf,median,anytime,bonferroni,1,10,False,UNRESOLVED,5000,True,False,True,0.00039229204412549734,0.08,0.18209213411654696,True,True,True,False
fab5e328bd28e71c3b9d,adaptive,adaptive_allocation,229,3667921153,16,5000,0.08,0.05,rbf,median,anytime,bonferroni,1,10,False,UNRESOLVED,5000,True,False,True,0.00039437500527128577,0.08,0.18209213411654696,True,True,True,False
436cb7a3b0ab8884412a,adaptive,adaptive_allocation,230,2219960078,16,5000,0.08,0.05,rbf,median,anytime,bonferroni,1,10,False,UNRESOLVED,5000,True,False,True,0.0003973339917138219,0.08,0.18209213411654696,True,True,True,False
cbb3ddc4592227aca9d7,adaptive,adaptive_allocation,231,2032003408,16,5000,0.08,0.05,rbf,median,anytime,bonferroni,1,10,False,UNRESOLVED,5000,True,False,True,0.00039658299647271633,0.08,0.18209213411654696,True,True,True,False
837dee4bd383b1e87cf5,adaptive,adaptive_allocation,232,19615250,16,5000,0.08,0.05,rbf,median,anytime,bonferroni,1,10,False,UNRESOLVED,5000,True,False,True,0.0003929160302504897,0.08,0.18209213411654696,True,True,True,False
21237a1738db2077c4fb,adaptive,adaptive_allocation,233,328066941,16,5000,0.08,0.05,rbf,median,anytime,bonferroni,1,10,False,UNRESOLVED,5000,True,False,True,0.00039537495467811823,0.08,0.18209213411654696,True,True,True,False
2b42089e6f74d402386d,adaptive,adaptive_allocation,234,3721112945,16,5000,0.08,0.05,rbf,median,anytime,bonferroni,1,10,False,UNRESOLVED,5000,True,False,True,0.00039883400313556194,0.08,0.18209213411654696,True,True,True,False
50d66cd19c0e8490151b,adaptive,adaptive_allocation,235,2495201820,16,5000,0.08,0.05,rbf,median,anytime,bonferroni,1,10,False,UNRESOLVED,5000,True,False,True,0.00039654201827943325,0.08,0.18209213411654696,True,True,True,False
1aae44a4a8ac8b68a6b1,adaptive,adaptive_allocation,236,564179652,16,5000,0.08,0.05,rbf,median,anytime,bonferroni,1,10,False,UNRESOLVED,5000,True,False,True,0.0003939170273952186,0.08,0.18209213411654696,True,True,True,False
5ffb49f3563817a07df5,adaptive,adaptive_allocation,237,2431249793,16,5000,0.08,0.05,rbf,median,anytime,bonferroni,1,10,False,UNRESOLVED,5000,True,False,True,0.00039350002771243453,0.08,0.18209213411654696,True,True,True,False
ee3242740246c65b76df,adaptive,adaptive_allocation,238,748025269,16,5000,0.08,0.05,rbf,median,anytime,bonferroni,1,10,False,UNRESOLVED,5000,True,False,True,0.00039837503572925925,0.08,0.18209213411654696,True,True,True,False
491f9656e72dfbb2fbe2,adaptive,adaptive_allocation,239,344921920,16,5000,0.08,0.05,rbf,median,anytime,bonferroni,1,10,False,UNRESOLVED,5000,True,False,True,0.00039716699393466115,0.08,0.18209213411654696,True,True,True,False
f8e136950797a43ec851,adaptive,adaptive_allocation,240,3590934518,16,5000,0.08,0.05,rbf,median,anytime,bonferroni,1,10,False,UNRESOLVED,5000,True,False,True,0.000394541013520211,0.08,0.18209213411654696,True,True,True,False
805c338387ad23162e3b,adaptive,adaptive_allocation,241,2008864504,16,5000,0.08,0.05,rbf,median,anytime,bonferroni,1,10,False,UNRESOLVED,5000,True,False,True,0.0003940419992431998,0.08,0.18209213411654696,True,True,True,False
6eae8c5dec78f388802e,adaptive,adaptive_allocation,242,1854914684,16,5000,0.08,0.05,rbf,median,anytime,bonferroni,1,10,False,UNRESOLVED,5000,True,False,True,0.0003972920239903033,0.08,0.18209213411654696,True,True,True,False
17769f317c545c150595,adaptive,adaptive_allocation,243,2136252614,16,5000,0.08,0.05,rbf,median,anytime,bonferroni,1,10,False,UNRESOLVED,5000,True,False,True,0.0003963750205002725,0.08,0.18209213411654696,True,True,True,False
2afc4ec2a342c58df0ac,adaptive,adaptive_allocation,244,1840663749,16,5000,0.08,0.05,rbf,median,anytime,bonferroni,1,10,False,UNRESOLVED,5000,True,False,True,0.00039658299647271633,0.08,0.18209213411654696,True,True,True,False
f2a6d4427c645e8693f6,adaptive,adaptive_allocation,245,587230100,16,5000,0.08,0.05,rbf,median,anytime,bonferroni,1,10,False,UNRESOLVED,5000,True,False,True,0.00039295898750424385,0.08,0.18209213411654696,True,True,True,False
66b3fb901bac98b266a4,adaptive,adaptive_allocation,246,1117928347,16,5000,0.08,0.05,rbf,median,anytime,bonferroni,1,10,False,UNRESOLVED,5000,True,False,True,0.00039904197910800576,0.08,0.18209213411654696,True,True,True,False
941dab555b3cb3bc79ba,adaptive,adaptive_allocation,247,4022009918,16,5000,0.08,0.05,rbf,median,anytime,bonferroni,1,10,False,UNRESOLVED,5000,True,False,True,0.0003946250071749091,0.08,0.18209213411654696,True,True,True,False
0329b1540781805354da,adaptive,adaptive_allocation,248,3655556108,16,5000,0.08,0.05,rbf,median,anytime,bonferroni,1,10,False,UNRESOLVED,5000,True,False,True,0.00039549998473376036,0.08,0.18209213411654696,True,True,True,False
ec2a34c9784d605cc1a2,adaptive,adaptive_allocation,249,2235131046,16,5000,0.08,0.05,rbf,median,anytime,bonferroni,1,10,False,UNRESOLVED,5000,True,False,True,0.00039370794547721744,0.08,0.18209213411654696,True,True,True,False
01543572593002f9b84b,adaptive,adaptive_allocation,250,3484153741,16,5000,0.08,0.05,rbf,median,anytime,bonferroni,1,10,False,UNRESOLVED,5000,True,False,True,0.0003946669748984277,0.08,0.18209213411654696,True,True,True,False
0132dbed94baaa0b6957,adaptive,adaptive_allocation,251,2202988078,16,5000,0.08,0.05,rbf,median,anytime,bonferroni,1,10,False,UNRESOLVED,5000,True,False,True,0.0003949590027332306,0.08,0.18209213411654696,True,True,True,False
9891dc5ed729160889c7,adaptive,adaptive_allocation,252,755490184,16,5000,0.08,0.05,rbf,median,anytime,bonferroni,1,10,False,UNRESOLVED,5000,True,False,True,0.00039537501288577914,0.08,0.18209213411654696,True,True,True,False
53a3170763efc84ff4ea,adaptive,adaptive_allocation,253,1480292492,16,5000,0.08,0.05,rbf,median,anytime,bonferroni,1,10,False,UNRESOLVED,5000,True,False,True,0.0003934170235879719,0.08,0.18209213411654696,True,True,True,False
b1efcfb466667c459953,adaptive,adaptive_allocation,254,3172267893,16,5000,0.08,0.05,rbf,median,anytime,bonferroni,1,10,False,UNRESOLVED,5000,True,False,True,0.0003976250300183892,0.08,0.18209213411654696,True,True,True,False
b875145f49102a28be58,adaptive,adaptive_allocation,255,1446845852,16,5000,0.08,0.05,rbf,median,anytime,bonferroni,1,10,False,UNRESOLVED,5000,True,False,True,0.00039479200495406985,0.08,0.18209213411654696,True,True,True,False
852029909e4f2a6d2ea8,adaptive,adaptive_allocation,256,2890041683,16,5000,0.08,0.05,rbf,median,anytime,bonferroni,1,10,False,UNRESOLVED,5000,True,False,True,0.000395249982830137,0.08,0.18209213411654696,True,True,True,False
4c1a4f83d680372118d7,adaptive,adaptive_allocation,257,307374229,16,5000,0.08,0.05,rbf,median,anytime,bonferroni,1,10,False,UNRESOLVED,5000,True,False,True,0.00039458402898162603,0.08,0.18209213411654696,True,True,True,False
c19e7175c0dd3664878c,adaptive,adaptive_allocation,258,977696182,16,5000,0.08,0.05,rbf,median,anytime,bonferroni,1,10,False,UNRESOLVED,5000,True,False,True,0.0003974999999627471,0.08,0.18209213411654696,True,True,True,False
5fad04ad825d038c86bd,adaptive,adaptive_allocation,259,2083855138,16,5000,0.08,0.05,rbf,median,anytime,bonferroni,1,10,False,UNRESOLVED,5000,True,False,True,0.00039362499956041574,0.08,0.18209213411654696,True,True,True,False
981246debb64c59886c5,adaptive,adaptive_allocation,260,3417809285,16,5000,0.08,0.05,rbf,median,anytime,bonferroni,1,10,False,UNRESOLVED,5000,True,False,True,0.0003941659815609455,0.08,0.18209213411654696,True,True,True,False
3f797ed330dcdeea54b3,adaptive,adaptive_allocation,261,2198668034,16,5000,0.08,0.05,rbf,median,anytime,bonferroni,1,10,False,UNRESOLVED,5000,True,False,True,0.0003928749938495457,0.08,0.18209213411654696,True,True,True,False
82684891b4ed9bd5fd39,adaptive,adaptive_allocation,262,1264019617,16,5000,0.08,0.05,rbf,median,anytime,bonferroni,1,10,False,UNRESOLVED,5000,True,False,True,0.00039787497371435165,0.08,0.18209213411654696,True,True,True,False
c9464d795d7b1682c662,adaptive,adaptive_allocation,263,113037677,16,5000,0.08,0.05,rbf,median,anytime,bonferroni,1,10,False,UNRESOLVED,5000,True,False,True,0.00039370800368487835,0.08,0.18209213411654696,True,True,True,False
4c145e8c2e6fe6c31553,adaptive,adaptive_allocation,264,861258272,16,5000,0.08,0.05,rbf,median,anytime,bonferroni,1,10,False,UNRESOLVED,5000,True,False,True,0.00039354199543595314,0.08,0.18209213411654696,True,True,True,False
609a55d69404cfb58334,adaptive,adaptive_allocation,265,1881024486,16,5000,0.08,0.05,rbf,median,anytime,bonferroni,1,10,False,UNRESOLVED,5000,True,False,True,0.0003933749976567924,0.08,0.18209213411654696,True,True,True,False
64fffd54849a5dfca640,adaptive,adaptive_allocation,266,1583330626,16,5000,0.08,0.05,rbf,median,anytime,bonferroni,1,10,False,UNRESOLVED,5000,True,False,True,0.00039829197339713573,0.08,0.18209213411654696,True,True,True,False
4223d2fe0f166417e371,adaptive,adaptive_allocation,267,140573997,16,5000,0.08,0.05,rbf,median,anytime,bonferroni,1,10,False,UNRESOLVED,5000,True,False,True,0.00039258302422240376,0.08,0.18209213411654696,True,True,True,False
b0a10d512985ad025fc9,adaptive,adaptive_allocation,268,259543983,16,5000,0.08,0.05,rbf,median,anytime,bonferroni,1,10,False,UNRESOLVED,5000,True,False,True,0.0003945829812437296,0.08,0.18209213411654696,True,True,True,False
596caa15cd0dcf5e8bd6,adaptive,adaptive_allocation,269,236408265,16,5000,0.08,0.05,rbf,median,anytime,bonferroni,1,10,False,UNRESOLVED,5000,True,False,True,0.00034016702556982636,0.08,0.18209213411654696,True,True,True,False
2a89c5e83c874ddcbd4c,adaptive,adaptive_allocation,270,2453082749,16,5000,0.08,0.05,rbf,median,anytime,bonferroni,1,10,False,UNRESOLVED,5000,True,False,True,0.00034362502628937364,0.08,0.18209213411654696,True,True,True,False
9ef8ea886b98ca364bb3,adaptive,adaptive_allocation,271,1063857097,16,5000,0.08,0.05,rbf,median,anytime,bonferroni,1,10,False,UNRESOLVED,5000,True,False,True,0.00033899996196851134,0.08,0.18209213411654696,True,True,True,False
e01c5c55c57122284a91,adaptive,adaptive_allocation,272,362552533,16,5000,0.08,0.05,rbf,median,anytime,bonferroni,1,10,False,UNRESOLVED,5000,True,False,True,0.00034004199551418424,0.08,0.18209213411654696,True,True,True,False
fab9496906e2d2c86a34,adaptive,adaptive_allocation,273,3005979767,16,5000,0.08,0.05,rbf,median,anytime,bonferroni,1,10,False,UNRESOLVED,5000,True,False,True,0.00034191698068752885,0.08,0.18209213411654696,True,True,True,False
bd841e3fc8818181c220,adaptive,adaptive_allocation,274,373087415,16,5000,0.08,0.05,rbf,median,anytime,bonferroni,1,10,False,UNRESOLVED,5000,True,False,True,0.00034366699401289225,0.08,0.18209213411654696,True,True,True,False
3ff54ee243390c2159a1,adaptive,adaptive_allocation,275,4151002392,16,5000,0.08,0.05,rbf,median,anytime,bonferroni,1,10,False,UNRESOLVED,5000,True,False,True,0.000341000035405159,0.08,0.18209213411654696,True,True,True,False
c21b6b6c5c3166a232b7,adaptive,adaptive_allocation,276,367774476,16,5000,0.08,0.05,rbf,median,anytime,bonferroni,1,10,False,UNRESOLVED,5000,True,False,True,0.0003392910002730787,0.08,0.18209213411654696,True,True,True,False
bffbf4ba43f91fe8ff4d,adaptive,adaptive_allocation,277,560532517,16,5000,0.08,0.05,rbf,median,anytime,bonferroni,1,10,False,UNRESOLVED,5000,True,False,True,0.0003404589951969683,0.08,0.18209213411654696,True,True,True,False
39d947e1bbb01b8af2fa,adaptive,adaptive_allocation,278,1919746575,16,5000,0.08,0.05,rbf,median,anytime,bonferroni,1,10,False,UNRESOLVED,5000,True,False,True,0.00034429196966812015,0.08,0.18209213411654696,True,True,True,False
092d32dd9902c782f5bc,adaptive,adaptive_allocation,279,2684886505,16,5000,0.08,0.05,rbf,median,anytime,bonferroni,1,10,False,UNRESOLVED,5000,True,False,True,0.0003409580094739795,0.08,0.18209213411654696,True,True,True,False
b5dc78ed6737f12438a7,adaptive,adaptive_allocation,280,310244428,16,5000,0.08,0.05,rbf,median,anytime,bonferroni,1,10,False,UNRESOLVED,5000,True,False,True,0.0003434580285102129,0.08,0.18209213411654696,True,True,True,False
8de4f562278325e61487,adaptive,adaptive_allocation,281,4237097697,16,5000,0.08,0.05,rbf,median,anytime,bonferroni,1,10,False,UNRESOLVED,5000,True,False,True,0.0003394169616512954,0.08,0.18209213411654696,True,True,True,False
5169c93de2328a4cb2da,adaptive,adaptive_allocation,282,1396671488,16,5000,0.08,0.05,rbf,median,anytime,bonferroni,1,10,False,UNRESOLVED,5000,True,False,True,0.00034358398988842964,0.08,0.18209213411654696,True,True,True,False
887ebb18e925cb097957,adaptive,adaptive_allocation,283,1129196518,16,5000,0.08,0.05,rbf,median,anytime,bonferroni,1,10,False,UNRESOLVED,5000,True,False,True,0.0003393749939277768,0.08,0.18209213411654696,True,True,True,False
08e0d5f74ac93d632c11,adaptive,adaptive_allocation,284,2530979005,16,5000,0.08,0.05,rbf,median,anytime,bonferroni,1,10,False,UNRESOLVED,5000,True,False,True,0.00034070899710059166,0.08,0.18209213411654696,True,True,True,False
514c2d85a64446d5e7a6,adaptive,adaptive_allocation,285,18116712,16,5000,0.08,0.05,rbf,median,anytime,bonferroni,1,10,False,UNRESOLVED,5000,True,False,True,0.00033974996767938137,0.08,0.18209213411654696,True,True,True,False
1c731fb2458dc9c81531,adaptive,adaptive_allocation,286,1649694060,16,5000,0.08,0.05,rbf,median,anytime,bonferroni,1,10,False,UNRESOLVED,5000,True,False,True,0.00034304201835766435,0.08,0.18209213411654696,True,True,True,False
805d88ad15cd21f31222,adaptive,adaptive_allocation,287,3736539382,16,5000,0.08,0.05,rbf,median,anytime,bonferroni,1,10,False,UNRESOLVED,5000,True,False,True,0.0003417080151848495,0.08,0.18209213411654696,True,True,True,False
81cd63d73dc2c918ad1e,adaptive,adaptive_allocation,288,38219390,16,5000,0.08,0.05,rbf,median,anytime,bonferroni,1,10,False,UNRESOLVED,5000,True,False,True,0.0003404589951969683,0.08,0.18209213411654696,True,True,True,False
9ee8409b2f96accebc15,adaptive,adaptive_allocation,289,165663810,16,5000,0.08,0.05,rbf,median,anytime,bonferroni,1,10,False,UNRESOLVED,5000,True,False,True,0.0003397089894860983,0.08,0.18209213411654696,True,True,True,False
782b086f185f6ee7a8ca,adaptive,adaptive_allocation,290,1186464872,16,5000,0.08,0.05,rbf,median,anytime,bonferroni,1,10,False,UNRESOLVED,5000,True,False,True,0.0003435830003581941,0.08,0.18209213411654696,True,True,True,False
fb8a8e639448e0c4aa1e,adaptive,adaptive_allocation,291,1521356913,16,5000,0.08,0.05,rbf,median,anytime,bonferroni,1,10,False,UNRESOLVED,5000,True,False,True,0.00033933401573449373,0.08,0.18209213411654696,True,True,True,False
32b02114394dd0d0fca6,adaptive,adaptive_allocation,292,1978562641,16,5000,0.08,0.05,rbf,median,anytime,bonferroni,1,10,False,UNRESOLVED,5000,True,False,True,0.00033950002398341894,0.08,0.18209213411654696,True,True,True,False
58519de34ff5c1cd2573,adaptive,adaptive_allocation,293,913420318,16,5000,0.08,0.05,rbf,median,anytime,bonferroni,1,10,False,UNRESOLVED,5000,True,False,True,0.00033974996767938137,0.08,0.18209213411654696,True,True,True,False
8ca1e7f5deac0a3e9a6b,adaptive,adaptive_allocation,294,2289865069,16,5000,0.08,0.05,rbf,median,anytime,bonferroni,1,10,False,UNRESOLVED,5000,True,False,True,0.0003427919582463801,0.08,0.18209213411654696,True,True,True,False
0c16a9a0f3fe44f64f9b,adaptive,adaptive_allocation,295,3608368768,16,5000,0.08,0.05,rbf,median,anytime,bonferroni,1,10,False,UNRESOLVED,5000,True,False,True,0.000339541002176702,0.08,0.18209213411654696,True,True,True,False
43e5b7b877d8a7cee331,adaptive,adaptive_allocation,296,1823134256,16,5000,0.08,0.05,rbf,median,anytime,bonferroni,1,10,False,UNRESOLVED,5000,True,False,True,0.00033974996767938137,0.08,0.18209213411654696,True,True,True,False
ae3ae7c5942ddbc81a3e,adaptive,adaptive_allocation,297,36691861,16,5000,0.08,0.05,rbf,median,anytime,bonferroni,1,10,False,UNRESOLVED,5000,True,False,True,0.00033891701605170965,0.08,0.18209213411654696,True,True,True,False
5b678bd9eb70ef2ed8c6,adaptive,adaptive_allocation,298,2769335807,16,5000,0.08,0.05,rbf,median,anytime,bonferroni,1,10,False,UNRESOLVED,5000,True,False,True,0.00034254201455041766,0.08,0.18209213411654696,True,True,True,False
6afd45913e41c2ef4aba,adaptive,adaptive_allocation,299,3993559305,16,5000,0.08,0.05,rbf,median,anytime,bonferroni,1,10,False,UNRESOLVED,5000,True,False,True,0.0003382909926585853,0.08,0.18209213411654696,True,True,True,False
1b9916985fa60dd9730b,adaptive,adaptive_allocation,300,1882184716,16,5000,0.08,0.05,rbf,median,anytime,bonferroni,1,10,False,UNRESOLVED,5000,True,False,True,0.00033825001446530223,0.08,0.18209213411654696,True,True,True,False
df3f55da771cabead744,adaptive,adaptive_allocation,301,3654143607,16,5000,0.08,0.05,rbf,median,anytime,bonferroni,1,10,False,UNRESOLVED,5000,True,False,True,0.00034083297941833735,0.08,0.18209213411654696,True,True,True,False
1142aa5a6d6626abdb55,adaptive,adaptive_allocation,302,3327884409,16,5000,0.08,0.05,rbf,median,anytime,bonferroni,1,10,False,UNRESOLVED,5000,True,False,True,0.00040566601091995835,0.08,0.18209213411654696,True,True,True,False
f1fcc4f3b314bf41c9db,adaptive,adaptive_allocation,303,2265677093,16,5000,0.08,0.05,rbf,median,anytime,bonferroni,1,10,False,UNRESOLVED,5000,True,False,True,0.00039370794547721744,0.08,0.18209213411654696,True,True,True,False
feed129ac77bc906b166,adaptive,adaptive_allocation,304,2058797351,16,5000,0.08,0.05,rbf,median,anytime,bonferroni,1,10,False,UNRESOLVED,5000,True,False,True,0.00039187498623505235,0.08,0.18209213411654696,True,True,True,False
a9bcad0cbdcf0fc66ab3,adaptive,adaptive_allocation,305,1349866744,16,5000,0.08,0.05,rbf,median,anytime,bonferroni,1,10,False,UNRESOLVED,5000,True,False,True,0.0003950419486500323,0.08,0.18209213411654696,True,True,True,False
8b94e8a8c034da24f01c,adaptive,adaptive_allocation,306,2656259462,16,5000,0.08,0.05,rbf,median,anytime,bonferroni,1,10,False,UNRESOLVED,5000,True,False,True,0.0004080419894307852,0.08,0.18209213411654696,True,True,True,False
9fe5778480a7151b0f9a,adaptive,adaptive_allocation,307,1528715365,16,5000,0.08,0.05,rbf,median,anytime,bonferroni,1,10,False,UNRESOLVED,5000,True,False,True,0.00048708298709243536,0.08,0.18209213411654696,True,True,True,False
24e1aaf29299419fa2f8,adaptive,adaptive_allocation,308,1383512124,16,5000,0.08,0.05,rbf,median,anytime,bonferroni,1,10,False,UNRESOLVED,5000,True,False,True,0.0005751249846071005,0.08,0.18209213411654696,True,True,True,False
34c481e5ba04a45a9c71,adaptive,adaptive_allocation,309,1042977401,16,5000,0.08,0.05,rbf,median,anytime,bonferroni,1,10,False,UNRESOLVED,5000,True,False,True,0.0005065000150352716,0.08,0.18209213411654696,True,True,True,False
45d3b5629b1d53a19bd7,adaptive,adaptive_allocation,310,4081968310,16,5000,0.08,0.05,rbf,median,anytime,bonferroni,1,10,False,UNRESOLVED,5000,True,False,True,0.0005137499538250268,0.08,0.18209213411654696,True,True,True,False
1fe003e9cca4482c71f1,adaptive,adaptive_allocation,311,2165320627,16,5000,0.08,0.05,rbf,median,anytime,bonferroni,1,10,False,UNRESOLVED,5000,True,False,True,0.0005183329922147095,0.08,0.18209213411654696,True,True,True,False
f3055bb8cc44504bc51e,adaptive,adaptive_allocation,312,4229222641,16,5000,0.08,0.05,rbf,median,anytime,bonferroni,1,10,False,UNRESOLVED,5000,True,False,True,0.00048408302245661616,0.08,0.18209213411654696,True,True,True,False
6b9cdb80ba7d5d455e06,adaptive,adaptive_allocation,313,4232927102,16,5000,0.08,0.05,rbf,median,anytime,bonferroni,1,10,False,UNRESOLVED,5000,True,False,True,0.00047320901649072766,0.08,0.18209213411654696,True,True,True,False
040095ed48c3c8ded9df,adaptive,adaptive_allocation,314,2638668366,16,5000,0.08,0.05,rbf,median,anytime,bonferroni,1,10,False,UNRESOLVED,5000,True,False,True,0.0004730410291813314,0.08,0.18209213411654696,True,True,True,False
0f04f475ea1e90120472,adaptive,adaptive_allocation,315,1065157450,16,5000,0.08,0.05,rbf,median,anytime,bonferroni,1,10,False,UNRESOLVED,5000,True,False,True,0.00047733302926644683,0.08,0.18209213411654696,True,True,True,False
214306d4b70ea8c5dd94,adaptive,adaptive_allocation,316,2303816711,16,5000,0.08,0.05,rbf,median,anytime,bonferroni,1,10,False,UNRESOLVED,5000,True,False,True,0.0004753750399686396,0.08,0.18209213411654696,True,True,True,False
5f0b5c7c8efa020b79c3,adaptive,adaptive_allocation,317,4171572886,16,5000,0.08,0.05,rbf,median,anytime,bonferroni,1,10,False,UNRESOLVED,5000,True,False,True,0.00047429202822968364,0.08,0.18209213411654696,True,True,True,False
6b6fcd10ce7d54352e97,adaptive,adaptive_allocation,318,1715055074,16,5000,0.08,0.05,rbf,median,anytime,bonferroni,1,10,False,UNRESOLVED,5000,True,False,True,0.0004700410063378513,0.08,0.18209213411654696,True,True,True,False
2bc8f7dbaad1271e9f47,adaptive,adaptive_allocation,319,864977471,16,5000,0.08,0.05,rbf,median,anytime,bonferroni,1,10,False,UNRESOLVED,5000,True,False,True,0.00047200004337355494,0.08,0.18209213411654696,True,True,True,False
ffff11453ecb881b4548,adaptive,adaptive_allocation,320,184587993,16,5000,0.08,0.05,rbf,median,anytime,bonferroni,1,10,False,UNRESOLVED,5000,True,False,True,0.00047491700388491154,0.08,0.18209213411654696,True,True,True,False
246c7086315891dddbea,adaptive,adaptive_allocation,321,3703541090,16,5000,0.08,0.05,rbf,median,anytime,bonferroni,1,10,False,UNRESOLVED,5000,True,False,True,0.00047516694758087397,0.08,0.18209213411654696,True,True,True,False
80f5367a68dc7842c0ae,adaptive,adaptive_allocation,322,2785284338,16,5000,0.08,0.05,rbf,median,anytime,bonferroni,1,10,False,UNRESOLVED,5000,True,False,True,0.0004924999666400254,0.08,0.18209213411654696,True,True,True,False
5b86854b2a5bbd6ff5e8,adaptive,adaptive_allocation,323,1139015706,16,5000,0.08,0.05,rbf,median,anytime,bonferroni,1,10,False,UNRESOLVED,5000,True,False,True,0.00047575001372024417,0.08,0.18209213411654696,True,True,True,False
17fadc2f6e18a5b7b277,adaptive,adaptive_allocation,324,2054023172,16,5000,0.08,0.05,rbf,median,anytime,bonferroni,1,10,False,UNRESOLVED,5000,True,False,True,0.0004973330069333315,0.08,0.18209213411654696,True,True,True,False
431eccafa4fd7b1f86c5,adaptive,adaptive_allocation,325,1234467947,16,5000,0.08,0.05,rbf,median,anytime,bonferroni,1,10,False,UNRESOLVED,5000,True,False,True,0.0004988749860785902,0.08,0.18209213411654696,True,True,True,False
bebde6d3c74ceef66d3f,adaptive,adaptive_allocation,326,1098287441,16,5000,0.08,0.05,rbf,median,anytime,bonferroni,1,10,False,UNRESOLVED,5000,True,False,True,0.0004962499951943755,0.08,0.18209213411654696,True,True,True,False
766ef55a175c0d4aaa18,adaptive,adaptive_allocation,327,52394130,16,5000,0.08,0.05,rbf,median,anytime,bonferroni,1,10,False,UNRESOLVED,5000,True,False,True,0.00036020897096022964,0.08,0.18209213411654696,True,True,True,False
671db677485030e82e90,adaptive,adaptive_allocation,328,1823530776,16,5000,0.08,0.05,rbf,median,anytime,bonferroni,1,10,False,UNRESOLVED,5000,True,False,True,0.00035149999894201756,0.08,0.18209213411654696,True,True,True,False
3e9d12aa71055aca8483,adaptive,adaptive_allocation,329,1795060406,16,5000,0.08,0.05,rbf,median,anytime,bonferroni,1,10,False,UNRESOLVED,5000,True,False,True,0.0003457919810898602,0.08,0.18209213411654696,True,True,True,False
97f8bff39f1048ad3b37,adaptive,adaptive_allocation,330,467926745,16,5000,0.08,0.05,rbf,median,anytime,bonferroni,1,10,False,UNRESOLVED,5000,True,False,True,0.00034429196966812015,0.08,0.18209213411654696,True,True,True,False
1d5a65a1f8b655a99a21,adaptive,adaptive_allocation,331,1975422458,16,5000,0.08,0.05,rbf,median,anytime,bonferroni,1,10,False,UNRESOLVED,5000,True,False,True,0.000343457970302552,0.08,0.18209213411654696,True,True,True,False
d3804aff6fe01d1709b8,adaptive,adaptive_allocation,332,1259402308,16,5000,0.08,0.05,rbf,median,anytime,bonferroni,1,10,False,UNRESOLVED,5000,True,False,True,0.0003463330212980509,0.08,0.18209213411654696,True,True,True,False
f11074976c2cbdfd64f6,adaptive,adaptive_allocation,333,1450930217,16,5000,0.08,0.05,rbf,median,anytime,bonferroni,1,10,False,UNRESOLVED,5000,True,False,True,0.0003406250034458935,0.08,0.18209213411654696,True,True,True,False
93c6a45423c4a5ec9636,adaptive,adaptive_allocation,334,2808201350,16,5000,0.08,0.05,rbf,median,anytime,bonferroni,1,10,False,UNRESOLVED,5000,True,False,True,0.00034179200883954763,0.08,0.18209213411654696,True,True,True,False
ac36fc5c735684a9ae92,adaptive,adaptive_allocation,335,1591573264,16,5000,0.08,0.05,rbf,median,anytime,bonferroni,1,10,False,UNRESOLVED,5000,True,False,True,0.0003427919582463801,0.08,0.18209213411654696,True,True,True,False
6e5e0610cf7a28190ecb,adaptive,adaptive_allocation,336,1459664993,16,5000,0.08,0.05,rbf,median,anytime,bonferroni,1,10,False,UNRESOLVED,5000,True,False,True,0.00034533400321379304,0.08,0.18209213411654696,True,True,True,False
d6176c5fbb62a5bbb729,adaptive,adaptive_allocation,337,3394256055,16,5000,0.08,0.05,rbf,median,anytime,bonferroni,1,10,False,UNRESOLVED,5000,True,False,True,0.00034195900661870837,0.08,0.18209213411654696,True,True,True,False
048447ade5ec00c52e1e,adaptive,adaptive_allocation,338,870176929,16,5000,0.08,0.05,rbf,median,anytime,bonferroni,1,10,False,UNRESOLVED,5000,True,False,True,0.00034333299845457077,0.08,0.18209213411654696,True,True,True,False
6e21e584d9eeca1dfed6,adaptive,adaptive_allocation,339,3643182629,16,5000,0.08,0.05,rbf,median,anytime,bonferroni,1,10,False,UNRESOLVED,5000,True,False,True,0.0003422499867156148,0.08,0.18209213411654696,True,True,True,False
1951459b0ca39f078f7b,adaptive,adaptive_allocation,340,1442925625,16,5000,0.08,0.05,rbf,median,anytime,bonferroni,1,10,False,UNRESOLVED,5000,True,False,True,0.0003457919810898602,0.08,0.18209213411654696,True,True,True,False
a944de511615f78085c4,adaptive,adaptive_allocation,341,3637081461,16,5000,0.08,0.05,rbf,median,anytime,bonferroni,1,10,False,UNRESOLVED,5000,True,False,True,0.00034199998481199145,0.08,0.18209213411654696,True,True,True,False
b4b59f2f333dba862f37,adaptive,adaptive_allocation,342,1680101246,16,5000,0.08,0.05,rbf,median,anytime,bonferroni,1,10,False,UNRESOLVED,5000,True,False,True,0.00033933401573449373,0.08,0.18209213411654696,True,True,True,False
5b0abdae2b7806d3e85e,adaptive,adaptive_allocation,343,1993104054,16,5000,0.08,0.05,rbf,median,anytime,bonferroni,1,10,False,UNRESOLVED,5000,True,False,True,0.0003404589951969683,0.08,0.18209213411654696,True,True,True,False
def6932deb6fa1576874,adaptive,adaptive_allocation,344,3878210858,16,5000,0.08,0.05,rbf,median,anytime,bonferroni,1,10,False,UNRESOLVED,5000,True,False,True,0.00034329103073105216,0.08,0.18209213411654696,True,True,True,False
c367081fe554cdb7a05b,adaptive,adaptive_allocation,345,2946325120,16,5000,0.08,0.05,rbf,median,anytime,bonferroni,1,10,False,UNRESOLVED,5000,True,False,True,0.0003404589951969683,0.08,0.18209213411654696,True,True,True,False
57a1ce2f461d3ed1f1c3,adaptive,adaptive_allocation,346,3344281066,16,5000,0.08,0.05,rbf,median,anytime,bonferroni,1,10,False,UNRESOLVED,5000,True,False,True,0.00033962499583140016,0.08,0.18209213411654696,True,True,True,False
250e27d9128194731779,adaptive,adaptive_allocation,347,1915409550,16,5000,0.08,0.05,rbf,median,anytime,bonferroni,1,10,False,UNRESOLVED,5000,True,False,True,0.00034025002969428897,0.08,0.18209213411654696,True,True,True,False
a5f4b5c83f0424b599eb,adaptive,adaptive_allocation,348,699921404,16,5000,0.08,0.05,rbf,median,anytime,bonferroni,1,10,False,UNRESOLVED,5000,True,False,True,0.0003440000000409782,0.08,0.18209213411654696,True,True,True,False
4fed9c96787442233bf1,adaptive,adaptive_allocation,349,2902970121,16,5000,0.08,0.05,rbf,median,anytime,bonferroni,1,10,False,UNRESOLVED,5000,True,False,True,0.00034008303191512823,0.08,0.18209213411654696,True,True,True,False
48691b9225196a282995,adaptive,adaptive_allocation,350,124261045,16,5000,0.08,0.05,rbf,median,anytime,bonferroni,1,10,False,UNRESOLVED,5000,True,False,True,0.00034020800376310945,0.08,0.18209213411654696,True,True,True,False
d87c607b54af9309fdfe,adaptive,adaptive_allocation,351,1592978689,16,5000,0.08,0.05,rbf,median,anytime,bonferroni,1,10,False,UNRESOLVED,5000,True,False,True,0.00034041597973555326,0.08,0.18209213411654696,True,True,True,False
8faf8dfad960650b49a5,adaptive,adaptive_allocation,352,1017459075,16,5000,0.08,0.05,rbf,median,anytime,bonferroni,1,10,False,UNRESOLVED,5000,True,False,True,0.0003432920202612877,0.08,0.18209213411654696,True,True,True,False
83424c9d7cc58fa3c85e,adaptive,adaptive_allocation,353,4238916559,16,5000,0.08,0.05,rbf,median,anytime,bonferroni,1,10,False,UNRESOLVED,5000,True,False,True,0.0003400829737074673,0.08,0.18209213411654696,True,True,True,False
c6acd3ddd69467331b09,adaptive,adaptive_allocation,354,3809756604,16,5000,0.08,0.05,rbf,median,anytime,bonferroni,1,10,False,UNRESOLVED,5000,True,False,True,0.0003457919810898602,0.08,0.18209213411654696,True,True,True,False
57cb3649a87715fdf1bc,adaptive,adaptive_allocation,355,2139507685,16,5000,0.08,0.05,rbf,median,anytime,bonferroni,1,10,False,UNRESOLVED,5000,True,False,True,0.00034066697116941214,0.08,0.18209213411654696,True,True,True,False
b2ff41e9878213bb1d61,adaptive,adaptive_allocation,356,1903067484,16,5000,0.08,0.05,rbf,median,anytime,bonferroni,1,10,False,UNRESOLVED,5000,True,False,True,0.00034266599686816335,0.08,0.18209213411654696,True,True,True,False
c1e79988ea371a17ee7f,adaptive,adaptive_allocation,357,174881384,16,5000,0.08,0.05,rbf,median,anytime,bonferroni,1,10,False,UNRESOLVED,5000,True,False,True,0.00034733297070488334,0.08,0.18209213411654696,True,True,True,False
c9f5e342431021d67b59,adaptive,adaptive_allocation,358,2604491026,16,5000,0.08,0.05,rbf,median,anytime,bonferroni,1,10,False,UNRESOLVED,5000,True,False,True,0.0003949590027332306,0.08,0.18209213411654696,True,True,True,False
543b14d4240ac984b0ff,adaptive,adaptive_allocation,359,1020341980,16,5000,0.08,0.05,rbf,median,anytime,bonferroni,1,10,False,UNRESOLVED,5000,True,False,True,0.0003940829774364829,0.08,0.18209213411654696,True,True,True,False
5dd96a1e90382b9ddc2c,adaptive,adaptive_allocation,360,2279665233,16,5000,0.08,0.05,rbf,median,anytime,bonferroni,1,10,False,UNRESOLVED,5000,True,False,True,0.00039845803985372186,0.08,0.18209213411654696,True,True,True,False
267da0724d83c53455c5,adaptive,adaptive_allocation,361,2724541785,16,5000,0.08,0.05,rbf,median,anytime,bonferroni,1,10,False,UNRESOLVED,5000,True,False,True,0.00039320799987763166,0.08,0.18209213411654696,True,True,True,False
94dce2590bc7906d9805,adaptive,adaptive_allocation,362,2007791303,16,5000,0.08,0.05,rbf,median,anytime,bonferroni,1,10,False,UNRESOLVED,5000,True,False,True,0.0003938750014640391,0.08,0.18209213411654696,True,True,True,False
7111566dc014f8d99446,adaptive,adaptive_allocation,363,1674999961,16,5000,0.08,0.05,rbf,median,anytime,bonferroni,1,10,False,UNRESOLVED,5000,True,False,True,0.0003939580055885017,0.08,0.18209213411654696,True,True,True,False
a898cb19fec95d78d4f2,adaptive,adaptive_allocation,364,3925410538,16,5000,0.08,0.05,rbf,median,anytime,bonferroni,1,10,False,UNRESOLVED,5000,True,False,True,0.00039795803604647517,0.08,0.18209213411654696,True,True,True,False
d1575d161ad31e3a85bc,adaptive,adaptive_allocation,365,4088600959,16,5000,0.08,0.05,rbf,median,anytime,bonferroni,1,10,False,UNRESOLVED,5000,True,False,True,0.0003926249919459224,0.08,0.18209213411654696,True,True,True,False
1d3699ca777c006db39b,adaptive,adaptive_allocation,366,2608354286,16,5000,0.08,0.05,rbf,median,anytime,bonferroni,1,10,False,UNRESOLVED,5000,True,False,True,0.0003939580055885017,0.08,0.18209213411654696,True,True,True,False
1adb3e9c0b1d92010a2b,adaptive,adaptive_allocation,367,3613341357,16,5000,0.08,0.05,rbf,median,anytime,bonferroni,1,10,False,UNRESOLVED,5000,True,False,True,0.0003944589989259839,0.08,0.18209213411654696,True,True,True,False
7c4223bca94906288bd4,adaptive,adaptive_allocation,368,2703664461,16,5000,0.08,0.05,rbf,median,anytime,bonferroni,1,10,False,UNRESOLVED,5000,True,False,True,0.0004118750221095979,0.08,0.18209213411654696,True,True,True,False
7efcebc95c1985df3017,adaptive,adaptive_allocation,369,1464882668,16,5000,0.08,0.05,rbf,median,anytime,bonferroni,1,10,False,UNRESOLVED,5000,True,False,True,0.0003948340308852494,0.08,0.18209213411654696,True,True,True,False
5bc12f6185e898cf5f4c,adaptive,adaptive_allocation,370,1894162586,16,5000,0.08,0.05,rbf,median,anytime,bonferroni,1,10,False,UNRESOLVED,5000,True,False,True,0.00039433303754776716,0.08,0.18209213411654696,True,True,True,False
d4099b9dc094cf8aca04,adaptive,adaptive_allocation,371,1695576944,16,5000,0.08,0.05,rbf,median,anytime,bonferroni,1,10,False,UNRESOLVED,5000,True,False,True,0.00039424997521564364,0.08,0.18209213411654696,True,True,True,False
4aceb05845f6273b4709,adaptive,adaptive_allocation,372,507912171,16,5000,0.08,0.05,rbf,median,anytime,bonferroni,1,10,False,UNRESOLVED,5000,True,False,True,0.000398124975617975,0.08,0.18209213411654696,True,True,True,False
54f4912705c0899b98f2,adaptive,adaptive_allocation,373,2034817276,16,5000,0.08,0.05,rbf,median,anytime,bonferroni,1,10,False,UNRESOLVED,5000,True,False,True,0.00039429200114682317,0.08,0.18209213411654696,True,True,True,False
05d462b87a5562ec7186,adaptive,adaptive_allocation,374,1604324093,16,5000,0.08,0.05,rbf,median,anytime,bonferroni,1,10,False,UNRESOLVED,5000,True,False,True,0.00039241701597347856,0.08,0.18209213411654696,True,True,True,False
13cf1ef94e963f60b6f4,adaptive,adaptive_allocation,375,551233079,16,5000,0.08,0.05,rbf,median,anytime,bonferroni,1,10,False,UNRESOLVED,5000,True,False,True,0.0003935410059057176,0.08,0.18209213411654696,True,True,True,False
ba57194820db10145a85,adaptive,adaptive_allocation,376,3422863632,16,5000,0.08,0.05,rbf,median,anytime,bonferroni,1,10,False,UNRESOLVED,5000,True,False,True,0.0003977079759351909,0.08,0.18209213411654696,True,True,True,False
08b0c63d16a4dbffed72,adaptive,adaptive_allocation,377,3954240181,16,5000,0.08,0.05,rbf,median,anytime,bonferroni,1,10,False,UNRESOLVED,5000,True,False,True,0.0003952079568989575,0.08,0.18209213411654696,True,True,True,False
9b72a05a01116bd85087,adaptive,adaptive_allocation,378,964450910,16,5000,0.08,0.05,rbf,median,anytime,bonferroni,1,10,False,UNRESOLVED,5000,True,False,True,0.00039708398981019855,0.08,0.18209213411654696,True,True,True,False
92e8ceceb43782a1d67a,adaptive,adaptive_allocation,379,3647601942,16,5000,0.08,0.05,rbf,median,anytime,bonferroni,1,10,False,UNRESOLVED,5000,True,False,True,0.0003939999733120203,0.08,0.18209213411654696,True,True,True,False
ab64159f490ad296f0a9,adaptive,adaptive_allocation,380,1418397809,16,5000,0.08,0.05,rbf,median,anytime,bonferroni,1,10,False,UNRESOLVED,5000,True,False,True,0.00039891700726002455,0.08,0.18209213411654696,True,True,True,False
20b8b80923d1101e0a0f,adaptive,adaptive_allocation,381,1130754794,16,5000,0.08,0.05,rbf,median,anytime,bonferroni,1,10,False,UNRESOLVED,5000,True,False,True,0.000396709016058594,0.08,0.18209213411654696,True,True,True,False
275fb95f6a033c127f28,adaptive,adaptive_allocation,382,3196334677,16,5000,0.08,0.05,rbf,median,anytime,bonferroni,1,10,False,UNRESOLVED,5000,True,False,True,0.00039366702549159527,0.08,0.18209213411654696,True,True,True,False
f4d8cd1169e4d8587699,adaptive,adaptive_allocation,383,226219141,16,5000,0.08,0.05,rbf,median,anytime,bonferroni,1,10,False,UNRESOLVED,5000,True,False,True,0.00039354205364361405,0.08,0.18209213411654696,True,True,True,False
588357a438f0221384a2,adaptive,adaptive_allocation,384,1838946930,16,5000,0.08,0.05,rbf,median,anytime,bonferroni,1,10,False,UNRESOLVED,5000,True,False,True,0.0003958330489695072,0.08,0.18209213411654696,True,True,True,False
9e910abd716586c850d2,adaptive,adaptive_allocation,385,3591814677,16,5000,0.08,0.05,rbf,median,anytime,bonferroni,1,10,False,UNRESOLVED,5000,True,False,True,0.0003928749938495457,0.08,0.18209213411654696,True,True,True,False
41f8fa5e1cb8894398d3,adaptive,adaptive_allocation,386,1875110154,16,5000,0.08,0.05,rbf,median,anytime,bonferroni,1,10,False,UNRESOLVED,5000,True,False,True,0.0003930410020984709,0.08,0.18209213411654696,True,True,True,False
791ec988bae08e425bf1,adaptive,adaptive_allocation,387,3971762524,16,5000,0.08,0.05,rbf,median,anytime,bonferroni,1,10,False,UNRESOLVED,5000,True,False,True,0.000394499977119267,0.08,0.18209213411654696,True,True,True,False
4150afd2d2a283c595a6,adaptive,adaptive_allocation,388,1461232933,16,5000,0.08,0.05,rbf,median,anytime,bonferroni,1,10,False,UNRESOLVED,5000,True,False,True,0.00039520900463685393,0.08,0.18209213411654696,True,True,True,False
cb23d9ba2e9d7b5609fb,adaptive,adaptive_allocation,389,2582160368,16,5000,0.08,0.05,rbf,median,anytime,bonferroni,1,10,False,UNRESOLVED,5000,True,False,True,0.00039433297934010625,0.08,0.18209213411654696,True,True,True,False
77ca7316434f9d7243e9,adaptive,adaptive_allocation,390,2576444507,16,5000,0.08,0.05,rbf,median,anytime,bonferroni,1,10,False,UNRESOLVED,5000,True,False,True,0.000394499977119267,0.08,0.18209213411654696,True,True,True,False
202060d37bc204381522,adaptive,adaptive_allocation,391,617044581,16,5000,0.08,0.05,rbf,median,anytime,bonferroni,1,10,False,UNRESOLVED,5000,True,False,True,0.00039891694905236363,0.08,0.18209213411654696,True,True,True,False
5661813e39fa257a8f47,adaptive,adaptive_allocation,392,3055370371,16,5000,0.08,0.05,rbf,median,anytime,bonferroni,1,10,False,UNRESOLVED,5000,True,False,True,0.0003990420373156667,0.08,0.18209213411654696,True,True,True,False
5c86f522b51cecee4915,adaptive,adaptive_allocation,393,1766080052,16,5000,0.08,0.05,rbf,median,anytime,bonferroni,1,10,False,UNRESOLVED,5000,True,False,True,0.00039358303183689713,0.08,0.18209213411654696,True,True,True,False
e65b7b915a5c37cc8a46,adaptive,adaptive_allocation,394,2321213212,16,5000,0.08,0.05,rbf,median,anytime,bonferroni,1,10,False,UNRESOLVED,5000,True,False,True,0.00039437500527128577,0.08,0.18209213411654696,True,True,True,False
c17c5b98802d5786647d,adaptive,adaptive_allocation,395,4060409694,16,5000,0.08,0.05,rbf,median,anytime,bonferroni,1,10,False,UNRESOLVED,5000,True,False,True,0.0003951250109821558,0.08,0.18209213411654696,True,True,True,False
d503263f054aa4c74f47,adaptive,adaptive_allocation,396,723928499,16,5000,0.08,0.05,rbf,median,anytime,bonferroni,1,10,False,UNRESOLVED,5000,True,False,True,0.00039795797783881426,0.08,0.18209213411654696,True,True,True,False
6b25944c0b4e4963b004,adaptive,adaptive_allocation,397,2480927580,16,5000,0.08,0.05,rbf,median,anytime,bonferroni,1,10,False,UNRESOLVED,5000,True,False,True,0.0003956669825129211,0.08,0.18209213411654696,True,True,True,False
5120ed7ab2d5cf415ed3,adaptive,adaptive_allocation,398,2826346038,16,5000,0.08,0.05,rbf,median,anytime,bonferroni,1,10,False,UNRESOLVED,5000,True,False,True,0.00039320799987763166,0.08,0.18209213411654696,True,True,True,False
54b3eaffe61edbb15a8c,adaptive,adaptive_allocation,399,888356073,16,5000,0.08,0.05,rbf,median,anytime,bonferroni,1,10,False,UNRESOLVED,5000,True,False,True,0.0003944169729948044,0.08,0.18209213411654696,True,True,True,False
da40aeb067c842caca98,adaptive,adaptive_allocation,400,3930607784,16,5000,0.08,0.05,rbf,median,anytime,bonferroni,1,10,False,UNRESOLVED,5000,True,False,True,0.0003993329592049122,0.08,0.18209213411654696,True,True,True,False
96eda0e486f35e8f6064,adaptive,adaptive_allocation,401,889425321,16,5000,0.08,0.05,rbf,median,anytime,bonferroni,1,10,False,UNRESOLVED,5000,True,False,True,0.000394499977119267,0.08,0.18209213411654696,True,True,True,False
a1f737701475cb84551c,adaptive,adaptive_allocation,402,2116316397,16,5000,0.08,0.05,rbf,median,anytime,bonferroni,1,10,False,UNRESOLVED,5000,True,False,True,0.0004047909751534462,0.08,0.18209213411654696,True,True,True,False
32fdaeee086fc6acf89f,adaptive,adaptive_allocation,403,3811355868,16,5000,0.08,0.05,rbf,median,anytime,bonferroni,1,10,False,UNRESOLVED,5000,True,False,True,0.0003962499904446304,0.08,0.18209213411654696,True,True,True,False
38504141604dc092b39a,adaptive,adaptive_allocation,404,1987735848,16,5000,0.08,0.05,rbf,median,anytime,bonferroni,1,10,False,UNRESOLVED,5000,True,False,True,0.0003982500056736171,0.08,0.18209213411654696,True,True,True,False
95b58bd903807b9c128f,adaptive,adaptive_allocation,405,429986026,16,5000,0.08,0.05,rbf,median,anytime,bonferroni,1,10,False,UNRESOLVED,5000,True,False,True,0.0003969999961555004,0.08,0.18209213411654696,True,True,True,False
22c961d3a48664e7a378,adaptive,adaptive_allocation,406,57392393,16,5000,0.08,0.05,rbf,median,anytime,bonferroni,1,10,False,UNRESOLVED,5000,True,False,True,0.0003945000353269279,0.08,0.18209213411654696,True,True,True,False
82f0f4500467775a6517,adaptive,adaptive_allocation,407,1280179381,16,5000,0.08,0.05,rbf,median,anytime,bonferroni,1,10,False,UNRESOLVED,5000,True,False,True,0.0003953329869545996,0.08,0.18209213411654696,True,True,True,False
d4a1b740a1bdf2726196,adaptive,adaptive_allocation,408,3890279695,16,5000,0.08,0.05,rbf,median,anytime,bonferroni,1,10,False,UNRESOLVED,5000,True,False,True,0.0003968750243075192,0.08,0.18209213411654696,True,True,True,False
0658a0fc36a841758fab,adaptive,adaptive_allocation,409,829079054,16,5000,0.08,0.05,rbf,median,anytime,bonferroni,1,10,False,UNRESOLVED,5000,True,False,True,0.0003932500258088112,0.08,0.18209213411654696,True,True,True,False
9498e76d48042748e6ba,adaptive,adaptive_allocation,410,3888061130,16,5000,0.08,0.05,rbf,median,anytime,bonferroni,1,10,False,UNRESOLVED,5000,True,False,True,0.0003938339650630951,0.08,0.18209213411654696,True,True,True,False
01a16cd87cca2c06e825,adaptive,adaptive_allocation,411,389642850,16,5000,0.08,0.05,rbf,median,anytime,bonferroni,1,10,False,UNRESOLVED,5000,True,False,True,0.00039491697680205107,0.08,0.18209213411654696,True,True,True,False
66176764bcfa6054ed43,adaptive,adaptive_allocation,412,2143056402,16,5000,0.08,0.05,rbf,median,anytime,bonferroni,1,10,False,UNRESOLVED,5000,True,False,True,0.00039775000186637044,0.08,0.18209213411654696,True,True,True,False
f57b0c5f93b4b60f634b,adaptive,adaptive_allocation,413,73683455,16,5000,0.08,0.05,rbf,median,anytime,bonferroni,1,10,False,UNRESOLVED,5000,True,False,True,0.00039437500527128577,0.08,0.18209213411654696,True,True,True,False
e6b957f90ce7ab72e81d,adaptive,adaptive_allocation,414,1987441432,16,5000,0.08,0.05,rbf,median,anytime,bonferroni,1,10,False,UNRESOLVED,5000,True,False,True,0.00039587501669302583,0.08,0.18209213411654696,True,True,True,False
6a42de7b83f0d2881171,adaptive,adaptive_allocation,415,2410166467,16,5000,0.08,0.05,rbf,median,anytime,bonferroni,1,10,False,UNRESOLVED,5000,True,False,True,0.0003939170273952186,0.08,0.18209213411654696,True,True,True,False
6a5778bc8540a9ea2414,adaptive,adaptive_allocation,416,3453950512,16,5000,0.08,0.05,rbf,median,anytime,bonferroni,1,10,False,UNRESOLVED,5000,True,False,True,0.0003991670091636479,0.08,0.18209213411654696,True,True,True,False
618d0aef44c84c8c2bdf,adaptive,adaptive_allocation,417,4145706907,16,5000,0.08,0.05,rbf,median,anytime,bonferroni,1,10,False,UNRESOLVED,5000,True,False,True,0.00039437500527128577,0.08,0.18209213411654696,True,True,True,False
aa90b6dff1eedebb0090,adaptive,adaptive_allocation,418,1415292512,16,5000,0.08,0.05,rbf,median,anytime,bonferroni,1,10,False,UNRESOLVED,5000,True,False,True,0.000395291019231081,0.08,0.18209213411654696,True,True,True,False
b146ec8020854c3d747f,adaptive,adaptive_allocation,419,1785265278,16,5000,0.08,0.05,rbf,median,anytime,bonferroni,1,10,False,UNRESOLVED,5000,True,False,True,0.0003795000375248492,0.08,0.18209213411654696,True,True,True,False
5abd2f4e40e55a285541,adaptive,adaptive_allocation,420,4110949068,16,5000,0.08,0.05,rbf,median,anytime,bonferroni,1,10,False,UNRESOLVED,5000,True,False,True,0.000343875028192997,0.08,0.18209213411654696,True,True,True,False
ddcb1b8e3a7b9df94660,adaptive,adaptive_allocation,421,1392276627,16,5000,0.08,0.05,rbf,median,anytime,bonferroni,1,10,False,UNRESOLVED,5000,True,False,True,0.00034245802089571953,0.08,0.18209213411654696,True,True,True,False
44df629ff113bacead71,adaptive,adaptive_allocation,422,3933813725,16,5000,0.08,0.05,rbf,median,anytime,bonferroni,1,10,False,UNRESOLVED,5000,True,False,True,0.0003409580094739795,0.08,0.18209213411654696,True,True,True,False
f956fd82da91120c53e8,adaptive,adaptive_allocation,423,2285802957,16,5000,0.08,0.05,rbf,median,anytime,bonferroni,1,10,False,UNRESOLVED,5000,True,False,True,0.00034199998481199145,0.08,0.18209213411654696,True,True,True,False
1b86df83f6e160f2b87c,adaptive,adaptive_allocation,424,1925967051,16,5000,0.08,0.05,rbf,median,anytime,bonferroni,1,10,False,UNRESOLVED,5000,True,False,True,0.0003459579893387854,0.08,0.18209213411654696,True,True,True,False
56e4ab110dec2439e670,adaptive,adaptive_allocation,425,2794397099,16,5000,0.08,0.05,rbf,median,anytime,bonferroni,1,10,False,UNRESOLVED,5000,True,False,True,0.00034016696736216545,0.08,0.18209213411654696,True,True,True,False
41bf848deb51527eb124,adaptive,adaptive_allocation,426,1874134448,16,5000,0.08,0.05,rbf,median,anytime,bonferroni,1,10,False,UNRESOLVED,5000,True,False,True,0.00033950002398341894,0.08,0.18209213411654696,True,True,True,False
b18a067faceb0c21cbd5,adaptive,adaptive_allocation,427,3563578889,16,5000,0.08,0.05,rbf,median,anytime,bonferroni,1,10,False,UNRESOLVED,5000,True,False,True,0.00034324999433010817,0.08,0.18209213411654696,True,True,True,False
7e750e0db83499ca7432,adaptive,adaptive_allocation,428,720283856,16,5000,0.08,0.05,rbf,median,anytime,bonferroni,1,10,False,UNRESOLVED,5000,True,False,True,0.0003434169921092689,0.08,0.18209213411654696,True,True,True,False
ed843e438e5401da8c40,adaptive,adaptive_allocation,429,3942415705,16,5000,0.08,0.05,rbf,median,anytime,bonferroni,1,10,False,UNRESOLVED,5000,True,False,True,0.00034004199551418424,0.08,0.18209213411654696,True,True,True,False
3a2e1b2de407aabebeec,adaptive,adaptive_allocation,430,1684696426,16,5000,0.08,0.05,rbf,median,anytime,bonferroni,1,10,False,UNRESOLVED,5000,True,False,True,0.00034008303191512823,0.08,0.18209213411654696,True,True,True,False
fc05662b2d867f454a2b,adaptive,adaptive_allocation,431,1212284541,16,5000,0.08,0.05,rbf,median,anytime,bonferroni,1,10,False,UNRESOLVED,5000,True,False,True,0.0003375830128788948,0.08,0.18209213411654696,True,True,True,False
f41d78fdb2f78835098c,adaptive,adaptive_allocation,432,1373213546,16,5000,0.08,0.05,rbf,median,anytime,bonferroni,1,10,False,UNRESOLVED,5000,True,False,True,0.0003434160025790334,0.08,0.18209213411654696,True,True,True,False
74735508e40c4d452339,adaptive,adaptive_allocation,433,579321727,16,5000,0.08,0.05,rbf,median,anytime,bonferroni,1,10,False,UNRESOLVED,5000,True,False,True,0.000340208993293345,0.08,0.18209213411654696,True,True,True,False
3525b9a4fb1028fecbd6,adaptive,adaptive_allocation,434,3523637604,16,5000,0.08,0.05,rbf,median,anytime,bonferroni,1,10,False,UNRESOLVED,5000,True,False,True,0.0003411659854464233,0.08,0.18209213411654696,True,True,True,False
21839216484c7a91094f,adaptive,adaptive_allocation,435,4280064461,16,5000,0.08,0.05,rbf,median,anytime,bonferroni,1,10,False,UNRESOLVED,5000,True,False,True,0.0003402919974178076,0.08,0.18209213411654696,True,True,True,False
7270aa9b5c7020d465fb,adaptive,adaptive_allocation,436,213627762,16,5000,0.08,0.05,rbf,median,anytime,bonferroni,1,10,False,UNRESOLVED,5000,True,False,True,0.0003440000000409782,0.08,0.18209213411654696,True,True,True,False
8524c811f1b616c5c352,adaptive,adaptive_allocation,437,437011909,16,5000,0.08,0.05,rbf,median,anytime,bonferroni,1,10,False,UNRESOLVED,5000,True,False,True,0.00034137500915676355,0.08,0.18209213411654696,True,True,True,False
333f8978fcc7550dd83e,adaptive,adaptive_allocation,438,509153185,16,5000,0.08,0.05,rbf,median,anytime,bonferroni,1,10,False,UNRESOLVED,5000,True,False,True,0.00033908302430063486,0.08,0.18209213411654696,True,True,True,False
56a2267337e3da346cb1,adaptive,adaptive_allocation,439,3827188363,16,5000,0.08,0.05,rbf,median,anytime,bonferroni,1,10,False,UNRESOLVED,5000,True,False,True,0.0003396670217625797,0.08,0.18209213411654696,True,True,True,False
5e0ca2e79eec6e71fe47,adaptive,adaptive_allocation,440,1062281328,16,5000,0.08,0.05,rbf,median,anytime,bonferroni,1,10,False,UNRESOLVED,5000,True,False,True,0.000343457970302552,0.08,0.18209213411654696,True,True,True,False
8142c86787538586e5a8,adaptive,adaptive_allocation,441,2276755455,16,5000,0.08,0.05,rbf,median,anytime,bonferroni,1,10,False,UNRESOLVED,5000,True,False,True,0.000340958999004215,0.08,0.18209213411654696,True,True,True,False
67ad62fe8ed3ee6c1e46,adaptive,adaptive_allocation,442,2052191776,16,5000,0.08,0.05,rbf,median,anytime,bonferroni,1,10,False,UNRESOLVED,5000,True,False,True,0.00034033297561109066,0.08,0.18209213411654696,True,True,True,False
68fc2149ee6e8a92266a,adaptive,adaptive_allocation,443,2531582891,16,5000,0.08,0.05,rbf,median,anytime,bonferroni,1,10,False,UNRESOLVED,5000,True,False,True,0.0003399999695830047,0.08,0.18209213411654696,True,True,True,False
3af4c146ab4e85e31576,adaptive,adaptive_allocation,444,2487094120,16,5000,0.08,0.05,rbf,median,anytime,bonferroni,1,10,False,UNRESOLVED,5000,True,False,True,0.0003428750205785036,0.08,0.18209213411654696,True,True,True,False
9c5fe90d373cfb6307fc,adaptive,adaptive_allocation,445,1271980078,16,5000,0.08,0.05,rbf,median,anytime,bonferroni,1,10,False,UNRESOLVED,5000,True,False,True,0.00034008396323770285,0.08,0.18209213411654696,True,True,True,False
146cddd85e6baaab2944,adaptive,adaptive_allocation,446,3088090365,16,5000,0.08,0.05,rbf,median,anytime,bonferroni,1,10,False,UNRESOLVED,5000,True,False,True,0.00034154095919802785,0.08,0.18209213411654696,True,True,True,False
faaeefe5a654a14bed8a,adaptive,adaptive_allocation,447,3641659678,16,5000,0.08,0.05,rbf,median,anytime,bonferroni,1,10,False,UNRESOLVED,5000,True,False,True,0.00034154101740568876,0.08,0.18209213411654696,True,True,True,False
264a7cf12a5c4df24bcc,adaptive,adaptive_allocation,448,3192110040,16,5000,0.08,0.05,rbf,median,anytime,bonferroni,1,10,False,UNRESOLVED,5000,True,False,True,0.0003434580285102129,0.08,0.18209213411654696,True,True,True,False
260a52c28f56ab95a518,adaptive,adaptive_allocation,449,1549541561,16,5000,0.08,0.05,rbf,median,anytime,bonferroni,1,10,False,UNRESOLVED,5000,True,False,True,0.0003398749977350235,0.08,0.18209213411654696,True,True,True,False
c99457213088ac8e23d4,adaptive,adaptive_allocation,450,4249191002,16,5000,0.08,0.05,rbf,median,anytime,bonferroni,1,10,False,UNRESOLVED,5000,True,False,True,0.000339917023666203,0.08,0.18209213411654696,True,True,True,False
0c8ec682b3240802e2d9,adaptive,adaptive_allocation,451,2762465000,16,5000,0.08,0.05,rbf,median,anytime,bonferroni,1,10,False,UNRESOLVED,5000,True,False,True,0.0005944999866187572,0.08,0.18209213411654696,True,True,True,False
6f003b50e550bd67be0e,adaptive,adaptive_allocation,452,584310779,16,5000,0.08,0.05,rbf,median,anytime,bonferroni,1,10,False,UNRESOLVED,5000,True,False,True,0.0005353339947760105,0.08,0.18209213411654696,True,True,True,False
09ce94278fa5bf8e4e23,adaptive,adaptive_allocation,453,725022567,16,5000,0.08,0.05,rbf,median,anytime,bonferroni,1,10,False,UNRESOLVED,5000,True,False,True,0.0005217089783400297,0.08,0.18209213411654696,True,True,True,False
66ec560d9689b0868be7,adaptive,adaptive_allocation,454,3366757410,16,5000,0.08,0.05,rbf,median,anytime,bonferroni,1,10,False,UNRESOLVED,5000,True,False,True,0.0004759160219691694,0.08,0.18209213411654696,True,True,True,False
5c303a11a7a5dcb93eb9,adaptive,adaptive_allocation,455,2670688950,16,5000,0.08,0.05,rbf,median,anytime,bonferroni,1,10,False,UNRESOLVED,5000,True,False,True,0.00047441700007766485,0.08,0.18209213411654696,True,True,True,False
bad37307c75e60ffcefa,adaptive,adaptive_allocation,456,259247553,16,5000,0.08,0.05,rbf,median,anytime,bonferroni,1,10,False,UNRESOLVED,5000,True,False,True,0.0004742909804917872,0.08,0.18209213411654696,True,True,True,False
cc33e209c12a37a99ad6,adaptive,adaptive_allocation,457,3044150861,16,5000,0.08,0.05,rbf,median,anytime,bonferroni,1,10,False,UNRESOLVED,5000,True,False,True,0.00047041598008945584,0.08,0.18209213411654696,True,True,True,False
ddca764324c732cda8c3,adaptive,adaptive_allocation,458,1337313529,16,5000,0.08,0.05,rbf,median,anytime,bonferroni,1,10,False,UNRESOLVED,5000,True,False,True,0.0004717089468613267,0.08,0.18209213411654696,True,True,True,False
82fb5395f843db9bf326,adaptive,adaptive_allocation,459,695936299,16,5000,0.08,0.05,rbf,median,anytime,bonferroni,1,10,False,UNRESOLVED,5000,True,False,True,0.0004728750209324062,0.08,0.18209213411654696,True,True,True,False
74294c2bc00828df4a32,adaptive,adaptive_allocation,460,2798364369,16,5000,0.08,0.05,rbf,median,anytime,bonferroni,1,10,False,UNRESOLVED,5000,True,False,True,0.0004723749589174986,0.08,0.18209213411654696,True,True,True,False
d04402be442a9dd61412,adaptive,adaptive_allocation,461,3723067090,16,5000,0.08,0.05,rbf,median,anytime,bonferroni,1,10,False,UNRESOLVED,5000,True,False,True,0.0004761249874718487,0.08,0.18209213411654696,True,True,True,False
ae45e1c4aa59edd3db3b,adaptive,adaptive_allocation,462,3409317065,16,5000,0.08,0.05,rbf,median,anytime,bonferroni,1,10,False,UNRESOLVED,5000,True,False,True,0.0004725409671664238,0.08,0.18209213411654696,True,True,True,False
ed24da90c36e87cfd013,adaptive,adaptive_allocation,463,707899462,16,5000,0.08,0.05,rbf,median,anytime,bonferroni,1,10,False,UNRESOLVED,5000,True,False,True,0.00047137500951066613,0.08,0.18209213411654696,True,True,True,False
78aa60657124792c09f6,adaptive,adaptive_allocation,464,3077996436,16,5000,0.08,0.05,rbf,median,anytime,bonferroni,1,10,False,UNRESOLVED,5000,True,False,True,0.00047104095574468374,0.08,0.18209213411654696,True,True,True,False
50a5b185b0e23ed4d0ee,adaptive,adaptive_allocation,465,1701068850,16,5000,0.08,0.05,rbf,median,anytime,bonferroni,1,10,False,UNRESOLVED,5000,True,False,True,0.00047562498366460204,0.08,0.18209213411654696,True,True,True,False
48fbd5ba39e69b65a01a,adaptive,adaptive_allocation,466,3673993063,16,5000,0.08,0.05,rbf,median,anytime,bonferroni,1,10,False,UNRESOLVED,5000,True,False,True,0.0004717500414699316,0.08,0.18209213411654696,True,True,True,False
9f96eaf832c9e0380229,adaptive,adaptive_allocation,467,4280136328,16,5000,0.08,0.05,rbf,median,anytime,bonferroni,1,10,False,UNRESOLVED,5000,True,False,True,0.00048045802395790815,0.08,0.18209213411654696,True,True,True,False
7179574eb8c42786a036,adaptive,adaptive_allocation,468,847262775,16,5000,0.08,0.05,rbf,median,anytime,bonferroni,1,10,False,UNRESOLVED,5000,True,False,True,0.00047733401879668236,0.08,0.18209213411654696,True,True,True,False
c72ffc30935289bf5487,adaptive,adaptive_allocation,469,2150476197,16,5000,0.08,0.05,rbf,median,anytime,bonferroni,1,10,False,UNRESOLVED,5000,True,False,True,0.000494042003992945,0.08,0.18209213411654696,True,True,True,False
93cdf5885147fa750310,adaptive,adaptive_allocation,470,1160198406,16,5000,0.08,0.05,rbf,median,anytime,bonferroni,1,10,False,UNRESOLVED,5000,True,False,True,0.00048504100413993,0.08,0.18209213411654696,True,True,True,False
8b74bfe32821136631b8,adaptive,adaptive_allocation,471,331803420,16,5000,0.08,0.05,rbf,median,anytime,bonferroni,1,10,False,UNRESOLVED,5000,True,False,True,0.0004212920321151614,0.08,0.18209213411654696,True,True,True,False
fb8dba8da9811f9d96e1,adaptive,adaptive_allocation,472,3534572597,16,5000,0.08,0.05,rbf,median,anytime,bonferroni,1,10,False,UNRESOLVED,5000,True,False,True,0.0004080840153619647,0.08,0.18209213411654696,True,True,True,False
a5bc0db52ef680e7368d,adaptive,adaptive_allocation,473,2517644227,16,5000,0.08,0.05,rbf,median,anytime,bonferroni,1,10,False,UNRESOLVED,5000,True,False,True,0.0004006660310551524,0.08,0.18209213411654696,True,True,True,False
8ee8b651b7eddd2ce317,adaptive,adaptive_allocation,474,1901329943,16,5000,0.08,0.05,rbf,median,anytime,bonferroni,1,10,False,UNRESOLVED,5000,True,False,True,0.00040058401646092534,0.08,0.18209213411654696,True,True,True,False
7a3516069984444ef2ca,adaptive,adaptive_allocation,475,1560131345,16,5000,0.08,0.05,rbf,median,anytime,bonferroni,1,10,False,UNRESOLVED,5000,True,False,True,0.0004004999645985663,0.08,0.18209213411654696,True,True,True,False
77962816cd2679c8da98,adaptive,adaptive_allocation,476,2220980830,16,5000,0.08,0.05,rbf,median,anytime,bonferroni,1,10,False,UNRESOLVED,5000,True,False,True,0.00040662498213350773,0.08,0.18209213411654696,True,True,True,False
3ee63e0d4e3f2e234745,adaptive,adaptive_allocation,477,1633131387,16,5000,0.08,0.05,rbf,median,anytime,bonferroni,1,10,False,UNRESOLVED,5000,True,False,True,0.0003980000037699938,0.08,0.18209213411654696,True,True,True,False
603a68a12244e0d76f4f,adaptive,adaptive_allocation,478,1506116402,16,5000,0.08,0.05,rbf,median,anytime,bonferroni,1,10,False,UNRESOLVED,5000,True,False,True,0.0003983329515904188,0.08,0.18209213411654696,True,True,True,False
ee304c0d3da318a473fb,adaptive,adaptive_allocation,479,2700088960,16,5000,0.08,0.05,rbf,median,anytime,bonferroni,1,10,False,UNRESOLVED,5000,True,False,True,0.00039841700345277786,0.08,0.18209213411654696,True,True,True,False
321f0d5d6e2667b251f2,adaptive,adaptive_allocation,480,3177383349,16,5000,0.08,0.05,rbf,median,anytime,bonferroni,1,10,False,UNRESOLVED,5000,True,False,True,0.00039891700726002455,0.08,0.18209213411654696,True,True,True,False
c68c4efe8644d19bc44c,adaptive,adaptive_allocation,481,354132015,16,5000,0.08,0.05,rbf,median,anytime,bonferroni,1,10,False,UNRESOLVED,5000,True,False,True,0.00039775000186637044,0.08,0.18209213411654696,True,True,True,False
2fc166b796e8eb06c6fd,adaptive,adaptive_allocation,482,3609210414,16,5000,0.08,0.05,rbf,median,anytime,bonferroni,1,10,False,UNRESOLVED,5000,True,False,True,0.0003990420373156667,0.08,0.18209213411654696,True,True,True,False
93420683c9017cf175f3,adaptive,adaptive_allocation,483,2393119414,16,5000,0.08,0.05,rbf,median,anytime,bonferroni,1,10,False,UNRESOLVED,5000,True,False,True,0.00040266598807647824,0.08,0.18209213411654696,True,True,True,False
bdeb13c1c94853883f54,adaptive,adaptive_allocation,484,3129542713,16,5000,0.08,0.05,rbf,median,anytime,bonferroni,1,10,False,UNRESOLVED,5000,True,False,True,0.000399166950955987,0.08,0.18209213411654696,True,True,True,False
0419e0d5257357a78204,adaptive,adaptive_allocation,485,1516592611,16,5000,0.08,0.05,rbf,median,anytime,bonferroni,1,10,False,UNRESOLVED,5000,True,False,True,0.00039766699774190784,0.08,0.18209213411654696,True,True,True,False
e10000adf42cffd830a0,adaptive,adaptive_allocation,486,899046715,16,5000,0.08,0.05,rbf,median,anytime,bonferroni,1,10,False,UNRESOLVED,5000,True,False,True,0.00039858301170170307,0.08,0.18209213411654696,True,True,True,False
41c1b0d62353ae45da5a,adaptive,adaptive_allocation,487,608102392,16,5000,0.08,0.05,rbf,median,anytime,bonferroni,1,10,False,UNRESOLVED,5000,True,False,True,0.0003969579702243209,0.08,0.18209213411654696,True,True,True,False
4671f3c27ef608b46169,adaptive,adaptive_allocation,488,1847420502,16,5000,0.08,0.05,rbf,median,anytime,bonferroni,1,10,False,UNRESOLVED,5000,True,False,True,0.000397083000279963,0.08,0.18209213411654696,True,True,True,False
942cf47eacbc2dc8078d,adaptive,adaptive_allocation,489,1390884024,16,5000,0.08,0.05,rbf,median,anytime,bonferroni,1,10,False,UNRESOLVED,5000,True,False,True,0.0004012499703094363,0.08,0.18209213411654696,True,True,True,False
f403bf15408c685a2289,adaptive,adaptive_allocation,490,1878753853,16,5000,0.08,0.05,rbf,median,anytime,bonferroni,1,10,False,UNRESOLVED,5000,True,False,True,0.00040079100290313363,0.08,0.18209213411654696,True,True,True,False
b31ee3cc08e19fba5515,adaptive,adaptive_allocation,491,438197434,16,5000,0.08,0.05,rbf,median,anytime,bonferroni,1,10,False,UNRESOLVED,5000,True,False,True,0.0003951669787056744,0.08,0.18209213411654696,True,True,True,False
57214aadda196cf11660,adaptive,adaptive_allocation,492,715411383,16,5000,0.08,0.05,rbf,median,anytime,bonferroni,1,10,False,UNRESOLVED,5000,True,False,True,0.0003982500056736171,0.08,0.18209213411654696,True,True,True,False
bbaca19b0188cbdc8bd7,adaptive,adaptive_allocation,493,2373355201,16,5000,0.08,0.05,rbf,median,anytime,bonferroni,1,10,False,UNRESOLVED,5000,True,False,True,0.0003962499904446304,0.08,0.18209213411654696,True,True,True,False
3f0cfc473e342234c166,adaptive,adaptive_allocation,494,4056899652,16,5000,0.08,0.05,rbf,median,anytime,bonferroni,1,10,False,UNRESOLVED,5000,True,False,True,0.0003997500170953572,0.08,0.18209213411654696,True,True,True,False
8f607745c89202f6586c,adaptive,adaptive_allocation,495,294480259,16,5000,0.08,0.05,rbf,median,anytime,bonferroni,1,10,False,UNRESOLVED,5000,True,False,True,0.0003964580246247351,0.08,0.18209213411654696,True,True,True,False
1ee8d7518f15ec69c377,adaptive,adaptive_allocation,496,3292283758,16,5000,0.08,0.05,rbf,median,anytime,bonferroni,1,10,False,UNRESOLVED,5000,True,False,True,0.00039724999805912375,0.08,0.18209213411654696,True,True,True,False
7ab89f19566516639b74,adaptive,adaptive_allocation,497,2356595798,16,5000,0.08,0.05,rbf,median,anytime,bonferroni,1,10,False,UNRESOLVED,5000,True,False,True,0.00039716699393466115,0.08,0.18209213411654696,True,True,True,False
bdc31ca59d35fe734997,adaptive,adaptive_allocation,498,2247516630,16,5000,0.08,0.05,rbf,median,anytime,bonferroni,1,10,False,UNRESOLVED,5000,True,False,True,0.00039779103826731443,0.08,0.18209213411654696,True,True,True,False
71f8999c56f7f9114f96,adaptive,adaptive_allocation,499,431318630,16,5000,0.08,0.05,rbf,median,anytime,bonferroni,1,10,False,UNRESOLVED,5000,True,False,True,0.000398124975617975,0.08,0.18209213411654696,True,True,True,False
a719305c5ebe2ef78ecc,adaptive,adaptive_allocation,500,3872192011,16,5000,0.08,0.05,rbf,median,anytime,bonferroni,1,10,False,UNRESOLVED,5000,True,False,True,0.000579875020775944,0.08,0.18209213411654696,True,True,True,False
f2967d91b91bce5ebe00,adaptive,adaptive_allocation,501,2405935032,16,5000,0.08,0.05,rbf,median,anytime,bonferroni,1,10,False,UNRESOLVED,5000,True,False,True,0.000495542015414685,0.08,0.18209213411654696,True,True,True,False
8bee596cc773949fd5ea,adaptive,adaptive_allocation,502,4101529816,16,5000,0.08,0.05,rbf,median,anytime,bonferroni,1,10,False,UNRESOLVED,5000,True,False,True,0.0004802910261787474,0.08,0.18209213411654696,True,True,True,False
63c800f551184e96e8a5,adaptive,adaptive_allocation,503,2109910089,16,5000,0.08,0.05,rbf,median,anytime,bonferroni,1,10,False,UNRESOLVED,5000,True,False,True,0.000479582988191396,0.08,0.18209213411654696,True,True,True,False
5777ebccc2aae78d8d10,adaptive,adaptive_allocation,504,281668384,16,5000,0.08,0.05,rbf,median,anytime,bonferroni,1,10,False,UNRESOLVED,5000,True,False,True,0.0004775419947691262,0.08,0.18209213411654696,True,True,True,False
797ada92374e44d14d44,adaptive,adaptive_allocation,505,663025267,16,5000,0.08,0.05,rbf,median,anytime,bonferroni,1,10,False,UNRESOLVED,5000,True,False,True,0.00048087502364069223,0.08,0.18209213411654696,True,True,True,False
58538fca039fdd64e4e6,adaptive,adaptive_allocation,506,2989715677,16,5000,0.08,0.05,rbf,median,anytime,bonferroni,1,10,False,UNRESOLVED,5000,True,False,True,0.0004794169799424708,0.08,0.18209213411654696,True,True,True,False
59482c14261350fdbec8,adaptive,adaptive_allocation,507,1101134489,16,5000,0.08,0.05,rbf,median,anytime,bonferroni,1,10,False,UNRESOLVED,5000,True,False,True,0.0004736669943667948,0.08,0.18209213411654696,True,True,True,False
121645a409f6cee175d3,adaptive,adaptive_allocation,508,445586890,16,5000,0.08,0.05,rbf,median,anytime,bonferroni,1,10,False,UNRESOLVED,5000,True,False,True,0.00047574995551258326,0.08,0.18209213411654696,True,True,True,False
0dee96546f80562ad73b,adaptive,adaptive_allocation,509,355594730,16,5000,0.08,0.05,rbf,median,anytime,bonferroni,1,10,False,UNRESOLVED,5000,True,False,True,0.0004765000194311142,0.08,0.18209213411654696,True,True,True,False
6e5e5d86fd38a09fbce1,adaptive,adaptive_allocation,510,2300777380,16,5000,0.08,0.05,rbf,median,anytime,bonferroni,1,10,False,UNRESOLVED,5000,True,False,True,0.0004712500376626849,0.08,0.18209213411654696,True,True,True,False
a8bd14ab0de568d80d0b,adaptive,adaptive_allocation,511,1575940618,16,5000,0.08,0.05,rbf,median,anytime,bonferroni,1,10,False,UNRESOLVED,5000,True,False,True,0.0004720840370282531,0.08,0.18209213411654696,True,True,True,False
4ea42e98265e04af15c6,adaptive,adaptive_allocation,512,3518382179,16,5000,0.08,0.05,rbf,median,anytime,bonferroni,1,10,False,UNRESOLVED,5000,True,False,True,0.00048570800572633743,0.08,0.18209213411654696,True,True,True,False
6bdaee686738e894dc8b,adaptive,adaptive_allocation,513,3442866661,16,5000,0.08,0.05,rbf,median,anytime,bonferroni,1,10,False,UNRESOLVED,5000,True,False,True,0.0004877910250797868,0.08,0.18209213411654696,True,True,True,False
e021a875a27fd9c85e9f,adaptive,adaptive_allocation,514,1174693714,16,5000,0.08,0.05,rbf,median,anytime,bonferroni,1,10,False,UNRESOLVED,5000,True,False,True,0.0005061670090071857,0.08,0.18209213411654696,True,True,True,False
28d52fab7a27983d38bb,adaptive,adaptive_allocation,515,2515550646,16,5000,0.08,0.05,rbf,median,anytime,bonferroni,1,10,False,UNRESOLVED,5000,True,False,True,0.0004967920249328017,0.08,0.18209213411654696,True,True,True,False
43b9058c9f41adc85085,adaptive,adaptive_allocation,516,147254458,16,5000,0.08,0.05,rbf,median,anytime,bonferroni,1,10,False,UNRESOLVED,5000,True,False,True,0.0004136660136282444,0.08,0.18209213411654696,True,True,True,False
d8b93c585dc65ace6793,adaptive,adaptive_allocation,517,4210623893,16,5000,0.08,0.05,rbf,median,anytime,bonferroni,1,10,False,UNRESOLVED,5000,True,False,True,0.00038429099367931485,0.08,0.18209213411654696,True,True,True,False
12fe2d3277c25bea53c8,adaptive,adaptive_allocation,518,519665962,16,5000,0.08,0.05,rbf,median,anytime,bonferroni,1,10,False,UNRESOLVED,5000,True,False,True,0.0004109590081498027,0.08,0.18209213411654696,True,True,True,False
37d235eb2c93fe1e2602,adaptive,adaptive_allocation,519,3909838087,16,5000,0.08,0.05,rbf,median,anytime,bonferroni,1,10,False,UNRESOLVED,5000,True,False,True,0.0004075830220244825,0.08,0.18209213411654696,True,True,True,False
3d7c4708701916e41449,adaptive,adaptive_allocation,520,3897789955,16,5000,0.08,0.05,rbf,median,anytime,bonferroni,1,10,False,UNRESOLVED,5000,True,False,True,0.000405416009016335,0.08,0.18209213411654696,True,True,True,False
5331b901fc149ffbd121,adaptive,adaptive_allocation,521,505893820,16,5000,0.08,0.05,rbf,median,anytime,bonferroni,1,10,False,UNRESOLVED,5000,True,False,True,0.0004098339704796672,0.08,0.18209213411654696,True,True,True,False
7bb3888a0cb9085b9afa,adaptive,adaptive_allocation,522,1106523696,16,5000,0.08,0.05,rbf,median,anytime,bonferroni,1,10,False,UNRESOLVED,5000,True,False,True,0.00040249997982755303,0.08,0.18209213411654696,True,True,True,False
0d441a5db7fc857ebd9d,adaptive,adaptive_allocation,523,2976167316,16,5000,0.08,0.05,rbf,median,anytime,bonferroni,1,10,False,UNRESOLVED,5000,True,False,True,0.000403541955165565,0.08,0.18209213411654696,True,True,True,False
cd8c7a346ef10d729592,adaptive,adaptive_allocation,524,2938235411,16,5000,0.08,0.05,rbf,median,anytime,bonferroni,1,10,False,UNRESOLVED,5000,True,False,True,0.00040025002090260386,0.08,0.18209213411654696,True,True,True,False
0c23c639a03d8076e5f0,adaptive,adaptive_allocation,525,3761656347,16,5000,0.08,0.05,rbf,median,anytime,bonferroni,1,10,False,UNRESOLVED,5000,True,False,True,0.0004075830220244825,0.08,0.18209213411654696,True,True,True,False
b3cdda484b7f84441213,adaptive,adaptive_allocation,526,1794664374,16,5000,0.08,0.05,rbf,median,anytime,bonferroni,1,10,False,UNRESOLVED,5000,True,False,True,0.00040254200575873256,0.08,0.18209213411654696,True,True,True,False
f9769fbf131c574fdfcb,adaptive,adaptive_allocation,527,3338040289,16,5000,0.08,0.05,rbf,median,anytime,bonferroni,1,10,False,UNRESOLVED,5000,True,False,True,0.0004002919886261225,0.08,0.18209213411654696,True,True,True,False
77bd0cd58a21da66b51c,adaptive,adaptive_allocation,528,2729033635,16,5000,0.08,0.05,rbf,median,anytime,bonferroni,1,10,False,UNRESOLVED,5000,True,False,True,0.0004027090035378933,0.08,0.18209213411654696,True,True,True,False
c0576748dacca0055e3f,adaptive,adaptive_allocation,529,3396376403,16,5000,0.08,0.05,rbf,median,anytime,bonferroni,1,10,False,UNRESOLVED,5000,True,False,True,0.0004051670548506081,0.08,0.18209213411654696,True,True,True,False
38df6f41bb01f2cc6a1e,adaptive,adaptive_allocation,530,3335754877,16,5000,0.08,0.05,rbf,median,anytime,bonferroni,1,10,False,UNRESOLVED,5000,True,False,True,0.00040199997602030635,0.08,0.18209213411654696,True,True,True,False
52ae8fd76927bcf41e9f,adaptive,adaptive_allocation,531,2954759043,16,5000,0.08,0.05,rbf,median,anytime,bonferroni,1,10,False,UNRESOLVED,5000,True,False,True,0.00040187500417232513,0.08,0.18209213411654696,True,True,True,False
34ff6ab0af4dc02efd94,adaptive,adaptive_allocation,532,8955434,16,5000,0.08,0.05,rbf,median,anytime,bonferroni,1,10,False,UNRESOLVED,5000,True,False,True,0.0004006249946542084,0.08,0.18209213411654696,True,True,True,False
7b29a944e208c7611e6e,adaptive,adaptive_allocation,533,858079187,16,5000,0.08,0.05,rbf,median,anytime,bonferroni,1,10,False,UNRESOLVED,5000,True,False,True,0.0004046250251121819,0.08,0.18209213411654696,True,True,True,False
95a27a0d25c01630d875,adaptive,adaptive_allocation,534,999084789,16,5000,0.08,0.05,rbf,median,anytime,bonferroni,1,10,False,UNRESOLVED,5000,True,False,True,0.0004064160166308284,0.08,0.18209213411654696,True,True,True,False
2773f7bb1d1361a8cdf8,adaptive,adaptive_allocation,535,1762492034,16,5000,0.08,0.05,rbf,median,anytime,bonferroni,1,10,False,UNRESOLVED,5000,True,False,True,0.00040149997221305966,0.08,0.18209213411654696,True,True,True,False
fa8a11760b1b5758c67d,adaptive,adaptive_allocation,536,3613085215,16,5000,0.08,0.05,rbf,median,anytime,bonferroni,1,10,False,UNRESOLVED,5000,True,False,True,0.0004015419981442392,0.08,0.18209213411654696,True,True,True,False
8f98b062ec7edbd369dc,adaptive,adaptive_allocation,537,2381479298,16,5000,0.08,0.05,rbf,median,anytime,bonferroni,1,10,False,UNRESOLVED,5000,True,False,True,0.0004051250289194286,0.08,0.18209213411654696,True,True,True,False
44734431d7192fcb4ef6,adaptive,adaptive_allocation,538,1685394079,16,5000,0.08,0.05,rbf,median,anytime,bonferroni,1,10,False,UNRESOLVED,5000,True,False,True,0.00040166598046198487,0.08,0.18209213411654696,True,True,True,False
43a99cfceb6b58a87318,adaptive,adaptive_allocation,539,2045104973,16,5000,0.08,0.05,rbf,median,anytime,bonferroni,1,10,False,UNRESOLVED,5000,True,False,True,0.0004045420209877193,0.08,0.18209213411654696,True,True,True,False
0fbb4d3abde50b482f79,adaptive,adaptive_allocation,540,1810922140,16,5000,0.08,0.05,rbf,median,anytime,bonferroni,1,10,False,UNRESOLVED,5000,True,False,True,0.00040133402217179537,0.08,0.18209213411654696,True,True,True,False
78a9a74cff601798a9c9,adaptive,adaptive_allocation,541,3022743390,16,5000,0.08,0.05,rbf,median,anytime,bonferroni,1,10,False,UNRESOLVED,5000,True,False,True,0.0004070000140927732,0.08,0.18209213411654696,True,True,True,False
7b8fb789df5ae48bf7f4,adaptive,adaptive_allocation,542,3106702916,16,5000,0.08,0.05,rbf,median,anytime,bonferroni,1,10,False,UNRESOLVED,5000,True,False,True,0.00040095800068229437,0.08,0.18209213411654696,True,True,True,False
a04c012e7916b1a93fcc,adaptive,adaptive_allocation,543,2938789487,16,5000,0.08,0.05,rbf,median,anytime,bonferroni,1,10,False,UNRESOLVED,5000,True,False,True,0.0004004999645985663,0.08,0.18209213411654696,True,True,True,False
512fe23f4c9311cf6435,adaptive,adaptive_allocation,544,1049638715,16,5000,0.08,0.05,rbf,median,anytime,bonferroni,1,10,False,UNRESOLVED,5000,True,False,True,0.00040258298395201564,0.08,0.18209213411654696,True,True,True,False
9d96d1328ffc2b3b9a20,adaptive,adaptive_allocation,545,637805426,16,5000,0.08,0.05,rbf,median,anytime,bonferroni,1,10,False,UNRESOLVED,5000,True,False,True,0.0004030829877592623,0.08,0.18209213411654696,True,True,True,False
c049b24975543226120c,adaptive,adaptive_allocation,546,2946960505,16,5000,0.08,0.05,rbf,median,anytime,bonferroni,1,10,False,UNRESOLVED,5000,True,False,True,0.0004016250022687018,0.08,0.18209213411654696,True,True,True,False
272761e198a99a059b49,adaptive,adaptive_allocation,547,876209987,16,5000,0.08,0.05,rbf,median,anytime,bonferroni,1,10,False,UNRESOLVED,5000,True,False,True,0.0004012910067103803,0.08,0.18209213411654696,True,True,True,False
823b854584d05539eef9,adaptive,adaptive_allocation,548,2894364667,16,5000,0.08,0.05,rbf,median,anytime,bonferroni,1,10,False,UNRESOLVED,5000,True,False,True,0.00040054204873740673,0.08,0.18209213411654696,True,True,True,False
de71229b601df3efea0b,adaptive,adaptive_allocation,549,3730281454,16,5000,0.08,0.05,rbf,median,anytime,bonferroni,1,10,False,UNRESOLVED,5000,True,False,True,0.0004040829953737557,0.08,0.18209213411654696,True,True,True,False
ac8d310ebef18b39d31a,adaptive,adaptive_allocation,550,1587035808,16,5000,0.08,0.05,rbf,median,anytime,bonferroni,1,10,False,UNRESOLVED,5000,True,False,True,0.0004005419905297458,0.08,0.18209213411654696,True,True,True,False
0c78520892ab12d9d0c7,adaptive,adaptive_allocation,551,159295634,16,5000,0.08,0.05,rbf,median,anytime,bonferroni,1,10,False,UNRESOLVED,5000,True,False,True,0.00039950001519173384,0.08,0.18209213411654696,True,True,True,False
518fd30d0e548655ae33,adaptive,adaptive_allocation,552,1140078161,16,5000,0.08,0.05,rbf,median,anytime,bonferroni,1,10,False,UNRESOLVED,5000,True,False,True,0.0004017909523099661,0.08,0.18209213411654696,True,True,True,False
5184d747448ddde2b968,adaptive,adaptive_allocation,553,3991445629,16,5000,0.08,0.05,rbf,median,anytime,bonferroni,1,10,False,UNRESOLVED,5000,True,False,True,0.00040558300679549575,0.08,0.18209213411654696,True,True,True,False
549d4956737acfb8347e,adaptive,adaptive_allocation,554,1163031841,16,5000,0.08,0.05,rbf,median,anytime,bonferroni,1,10,False,UNRESOLVED,5000,True,False,True,0.0004005000228062272,0.08,0.18209213411654696,True,True,True,False
1a472d38a9434376424c,adaptive,adaptive_allocation,555,428644366,16,5000,0.08,0.05,rbf,median,anytime,bonferroni,1,10,False,UNRESOLVED,5000,True,False,True,0.00039945903699845076,0.08,0.18209213411654696,True,True,True,False
10a0fbe7d1eafea418ae,adaptive,adaptive_allocation,556,1280772396,16,5000,0.08,0.05,rbf,median,anytime,bonferroni,1,10,False,UNRESOLVED,5000,True,False,True,0.0004017500323243439,0.08,0.18209213411654696,True,True,True,False
673136a9796358d40d0e,adaptive,adaptive_allocation,557,256690906,16,5000,0.08,0.05,rbf,median,anytime,bonferroni,1,10,False,UNRESOLVED,5000,True,False,True,0.0004043340450152755,0.08,0.18209213411654696,True,True,True,False
f7bd07b6562125cc2b96,adaptive,adaptive_allocation,558,1507734102,16,5000,0.08,0.05,rbf,median,anytime,bonferroni,1,10,False,UNRESOLVED,5000,True,False,True,0.000401084020268172,0.08,0.18209213411654696,True,True,True,False
f196499411224e027436,adaptive,adaptive_allocation,559,1078625220,16,5000,0.08,0.05,rbf,median,anytime,bonferroni,1,10,False,UNRESOLVED,5000,True,False,True,0.00040025002090260386,0.08,0.18209213411654696,True,True,True,False
eb474197d076a5dd7639,adaptive,adaptive_allocation,560,2150966190,16,5000,0.08,0.05,rbf,median,anytime,bonferroni,1,10,False,UNRESOLVED,5000,True,False,True,0.00040137500036507845,0.08,0.18209213411654696,True,True,True,False
d3084a7125509a1535f4,adaptive,adaptive_allocation,561,1962464429,16,5000,0.08,0.05,rbf,median,anytime,bonferroni,1,10,False,UNRESOLVED,5000,True,False,True,0.0004046669928357005,0.08,0.18209213411654696,True,True,True,False
4f39912b0550ec15298a,adaptive,adaptive_allocation,562,1570376247,16,5000,0.08,0.05,rbf,median,anytime,bonferroni,1,10,False,UNRESOLVED,5000,True,False,True,0.00039904197910800576,0.08,0.18209213411654696,True,True,True,False
549e8a12d3760e7c2892,adaptive,adaptive_allocation,563,905695405,16,5000,0.08,0.05,rbf,median,anytime,bonferroni,1,10,False,UNRESOLVED,5000,True,False,True,0.0004045839887112379,0.08,0.18209213411654696,True,True,True,False
75ebe8ef17e24283a41c,adaptive,adaptive_allocation,564,2532404318,16,5000,0.08,0.05,rbf,median,anytime,bonferroni,1,10,False,UNRESOLVED,5000,True,False,True,0.0004000000189989805,0.08,0.18209213411654696,True,True,True,False
b03a3aec158c4e020b90,adaptive,adaptive_allocation,565,4281303109,16,5000,0.08,0.05,rbf,median,anytime,bonferroni,1,10,False,UNRESOLVED,5000,True,False,True,0.00040487496880814433,0.08,0.18209213411654696,True,True,True,False
a87a8cc9b4950cd10173,adaptive,adaptive_allocation,566,1711531784,16,5000,0.08,0.05,rbf,median,anytime,bonferroni,1,10,False,UNRESOLVED,5000,True,False,True,0.0004011249984614551,0.08,0.18209213411654696,True,True,True,False
1ab78d03af21c67178b5,adaptive,adaptive_allocation,567,961359951,16,5000,0.08,0.05,rbf,median,anytime,bonferroni,1,10,False,UNRESOLVED,5000,True,False,True,0.00040087499655783176,0.08,0.18209213411654696,True,True,True,False
a421c3abbb2f9b714bed,adaptive,adaptive_allocation,568,1935530579,16,5000,0.08,0.05,rbf,median,anytime,bonferroni,1,10,False,UNRESOLVED,5000,True,False,True,0.00040070898830890656,0.08,0.18209213411654696,True,True,True,False
6f868064938842a5cfc6,adaptive,adaptive_allocation,569,2471250944,16,5000,0.08,0.05,rbf,median,anytime,bonferroni,1,10,False,UNRESOLVED,5000,True,False,True,0.000404666003305465,0.08,0.18209213411654696,True,True,True,False
d1f4f64e8679e963ed6c,adaptive,adaptive_allocation,570,2723672275,16,5000,0.08,0.05,rbf,median,anytime,bonferroni,1,10,False,UNRESOLVED,5000,True,False,True,0.00040029099909588695,0.08,0.18209213411654696,True,True,True,False
449f1ea84dc687ba8104,adaptive,adaptive_allocation,571,283647215,16,5000,0.08,0.05,rbf,median,anytime,bonferroni,1,10,False,UNRESOLVED,5000,True,False,True,0.0004010419943369925,0.08,0.18209213411654696,True,True,True,False
564bc193f3311348b21d,adaptive,adaptive_allocation,572,3933571857,16,5000,0.08,0.05,rbf,median,anytime,bonferroni,1,10,False,UNRESOLVED,5000,True,False,True,0.00040095800068229437,0.08,0.18209213411654696,True,True,True,False
1969a2808d5c3d751cf6,adaptive,adaptive_allocation,573,4147326497,16,5000,0.08,0.05,rbf,median,anytime,bonferroni,1,10,False,UNRESOLVED,5000,True,False,True,0.00040487496880814433,0.08,0.18209213411654696,True,True,True,False
e95ce5609543f6f5a0d1,adaptive,adaptive_allocation,574,3806227960,16,5000,0.08,0.05,rbf,median,anytime,bonferroni,1,10,False,UNRESOLVED,5000,True,False,True,0.0004010419943369925,0.08,0.18209213411654696,True,True,True,False
de773facd7a92e5727d9,adaptive,adaptive_allocation,575,3024172310,16,5000,0.08,0.05,rbf,median,anytime,bonferroni,1,10,False,UNRESOLVED,5000,True,False,True,0.00040133402217179537,0.08,0.18209213411654696,True,True,True,False
c272021ea98694f0a918,adaptive,adaptive_allocation,576,251482259,16,5000,0.08,0.05,rbf,median,anytime,bonferroni,1,10,False,UNRESOLVED,5000,True,False,True,0.00040308397728949785,0.08,0.18209213411654696,True,True,True,False
32af0712677ef94207ff,adaptive,adaptive_allocation,577,501643560,16,5000,0.08,0.05,rbf,median,anytime,bonferroni,1,10,False,UNRESOLVED,5000,True,False,True,0.0004056670004501939,0.08,0.18209213411654696,True,True,True,False
b880b95566752956ea53,adaptive,adaptive_allocation,578,2591277889,16,5000,0.08,0.05,rbf,median,anytime,bonferroni,1,10,False,UNRESOLVED,5000,True,False,True,0.00040095800068229437,0.08,0.18209213411654696,True,True,True,False
f300bbe008f3d3be8109,adaptive,adaptive_allocation,579,664884232,16,5000,0.08,0.05,rbf,median,anytime,bonferroni,1,10,False,UNRESOLVED,5000,True,False,True,0.0004021669737994671,0.08,0.18209213411654696,True,True,True,False
a5458d8071047cde1acf,adaptive,adaptive_allocation,580,2207812323,16,5000,0.08,0.05,rbf,median,anytime,bonferroni,1,10,False,UNRESOLVED,5000,True,False,True,0.0003999999607913196,0.08,0.18209213411654696,True,True,True,False
55ffd69589ea62b381c6,adaptive,adaptive_allocation,581,4008476063,16,5000,0.08,0.05,rbf,median,anytime,bonferroni,1,10,False,UNRESOLVED,5000,True,False,True,0.00040324998553842306,0.08,0.18209213411654696,True,True,True,False
fd90bce521f4024be216,adaptive,adaptive_allocation,582,1652628693,16,5000,0.08,0.05,rbf,median,anytime,bonferroni,1,10,False,UNRESOLVED,5000,True,False,True,0.0004024159861728549,0.08,0.18209213411654696,True,True,True,False
3b4a35f5268f3f23061a,adaptive,adaptive_allocation,583,4086784889,16,5000,0.08,0.05,rbf,median,anytime,bonferroni,1,10,False,UNRESOLVED,5000,True,False,True,0.0004012499703094363,0.08,0.18209213411654696,True,True,True,False
7eac539400bf41d2ee89,adaptive,adaptive_allocation,584,3786394720,16,5000,0.08,0.05,rbf,median,anytime,bonferroni,1,10,False,UNRESOLVED,5000,True,False,True,0.0004004170186817646,0.08,0.18209213411654696,True,True,True,False
840efca66edb2c5a5924,adaptive,adaptive_allocation,585,752647413,16,5000,0.08,0.05,rbf,median,anytime,bonferroni,1,10,False,UNRESOLVED,5000,True,False,True,0.0004064580425620079,0.08,0.18209213411654696,True,True,True,False
9432079ce60fe7d3d757,adaptive,adaptive_allocation,586,1706371897,16,5000,0.08,0.05,rbf,median,anytime,bonferroni,1,10,False,UNRESOLVED,5000,True,False,True,0.0004052919684909284,0.08,0.18209213411654696,True,True,True,False
2003924b5f88d2bad45e,adaptive,adaptive_allocation,587,2845533592,16,5000,0.08,0.05,rbf,median,anytime,bonferroni,1,10,False,UNRESOLVED,5000,True,False,True,0.00040320795960724354,0.08,0.18209213411654696,True,True,True,False
fc4ef691507377c9149f,adaptive,adaptive_allocation,588,60512852,16,5000,0.08,0.05,rbf,median,anytime,bonferroni,1,10,False,UNRESOLVED,5000,True,False,True,0.0004024579538963735,0.08,0.18209213411654696,True,True,True,False
5f7a4c6e76f6b4e0ef6b,adaptive,adaptive_allocation,589,175422963,16,5000,0.08,0.05,rbf,median,anytime,bonferroni,1,10,False,UNRESOLVED,5000,True,False,True,0.00040741695556789637,0.08,0.18209213411654696,True,True,True,False
1852ffe11e16c3f16b28,adaptive,adaptive_allocation,590,45337478,16,5000,0.08,0.05,rbf,median,anytime,bonferroni,1,10,False,UNRESOLVED,5000,True,False,True,0.00040358398109674454,0.08,0.18209213411654696,True,True,True,False
a3c3bf50355a61b9d0b2,adaptive,adaptive_allocation,591,3873616566,16,5000,0.08,0.05,rbf,median,anytime,bonferroni,1,10,False,UNRESOLVED,5000,True,False,True,0.00040154100861400366,0.08,0.18209213411654696,True,True,True,False
0007ada26ec458179062,adaptive,adaptive_allocation,592,2702502650,16,5000,0.08,0.05,rbf,median,anytime,bonferroni,1,10,False,UNRESOLVED,5000,True,False,True,0.0004020839696750045,0.08,0.18209213411654696,True,True,True,False
b77947019efa23cc0969,adaptive,adaptive_allocation,593,4134779413,16,5000,0.08,0.05,rbf,median,anytime,bonferroni,1,10,False,UNRESOLVED,5000,True,False,True,0.00040729198371991515,0.08,0.18209213411654696,True,True,True,False
99e7810cab814c4e4483,adaptive,adaptive_allocation,594,1923625080,16,5000,0.08,0.05,rbf,median,anytime,bonferroni,1,10,False,UNRESOLVED,5000,True,False,True,0.00040262495167553425,0.08,0.18209213411654696,True,True,True,False
11dad9ee35bb48eba6a6,adaptive,adaptive_allocation,595,3608507542,16,5000,0.08,0.05,rbf,median,anytime,bonferroni,1,10,False,UNRESOLVED,5000,True,False,True,0.00040141597855836153,0.08,0.18209213411654696,True,True,True,False
6bf63ddb9a189b5aac4d,adaptive,adaptive_allocation,596,1300912687,16,5000,0.08,0.05,rbf,median,anytime,bonferroni,1,10,False,UNRESOLVED,5000,True,False,True,0.00040249997982755303,0.08,0.18209213411654696,True,True,True,False
dc46bc22e81237a648d9,adaptive,adaptive_allocation,597,3473972125,16,5000,0.08,0.05,rbf,median,anytime,bonferroni,1,10,False,UNRESOLVED,5000,True,False,True,0.0004070419818162918,0.08,0.18209213411654696,True,True,True,False
df2ce2ba1b245607f74b,adaptive,adaptive_allocation,598,2914925790,16,5000,0.08,0.05,rbf,median,anytime,bonferroni,1,10,False,UNRESOLVED,5000,True,False,True,0.00040304195135831833,0.08,0.18209213411654696,True,True,True,False
a4f80414b16260c818e3,adaptive,adaptive_allocation,599,3936662794,16,5000,0.08,0.05,rbf,median,anytime,bonferroni,1,10,False,UNRESOLVED,5000,True,False,True,0.00040158297633752227,0.08,0.18209213411654696,True,True,True,False
6064ae2d96f842296217,adaptive,adaptive_allocation,600,2753143910,16,5000,0.08,0.05,rbf,median,anytime,bonferroni,1,10,False,UNRESOLVED,5000,True,False,True,0.0004050839925184846,0.08,0.18209213411654696,True,True,True,False
cbeec52ab201a71d301d,adaptive,adaptive_allocation,601,2341127101,16,5000,0.08,0.05,rbf,median,anytime,bonferroni,1,10,False,UNRESOLVED,5000,True,False,True,0.0004051669966429472,0.08,0.18209213411654696,True,True,True,False
90c4f772ee7d2ff6138f,adaptive,adaptive_allocation,602,2114556001,16,5000,0.08,0.05,rbf,median,anytime,bonferroni,1,10,False,UNRESOLVED,5000,True,False,True,0.0004040829953737557,0.08,0.18209213411654696,True,True,True,False
4a14d6aea823fa860481,adaptive,adaptive_allocation,603,3550542809,16,5000,0.08,0.05,rbf,median,anytime,bonferroni,1,10,False,UNRESOLVED,5000,True,False,True,0.0004009170224890113,0.08,0.18209213411654696,True,True,True,False
c489ea583dde724cc403,adaptive,adaptive_allocation,604,1070769230,16,5000,0.08,0.05,rbf,median,anytime,bonferroni,1,10,False,UNRESOLVED,5000,True,False,True,0.00040329195326194167,0.08,0.18209213411654696,True,True,True,False
54dabfd4b8f03a6b88d7,adaptive,adaptive_allocation,605,1918130191,16,5000,0.08,0.05,rbf,median,anytime,bonferroni,1,10,False,UNRESOLVED,5000,True,False,True,0.00040191703010350466,0.08,0.18209213411654696,True,True,True,False
60cb11a0b0212a7a14ed,adaptive,adaptive_allocation,606,3127726716,16,5000,0.08,0.05,rbf,median,anytime,bonferroni,1,10,False,UNRESOLVED,5000,True,False,True,0.00034675002098083496,0.08,0.18209213411654696,True,True,True,False
30ce96c7230f921173b8,adaptive,adaptive_allocation,607,1189859496,16,5000,0.08,0.05,rbf,median,anytime,bonferroni,1,10,False,UNRESOLVED,5000,True,False,True,0.0003470830270089209,0.08,0.18209213411654696,True,True,True,False
80c479f611ccf7b21bce,adaptive,adaptive_allocation,608,3197474256,16,5000,0.08,0.05,rbf,median,anytime,bonferroni,1,10,False,UNRESOLVED,5000,True,False,True,0.00034683296689763665,0.08,0.18209213411654696,True,True,True,False
c0c407ddf000c7728902,adaptive,adaptive_allocation,609,1899090671,16,5000,0.08,0.05,rbf,median,anytime,bonferroni,1,10,False,UNRESOLVED,5000,True,False,True,0.00034904200583696365,0.08,0.18209213411654696,True,True,True,False
277ea0133d546963c7db,adaptive,adaptive_allocation,610,2036372012,16,5000,0.08,0.05,rbf,median,anytime,bonferroni,1,10,False,UNRESOLVED,5000,True,False,True,0.0003522919723764062,0.08,0.18209213411654696,True,True,True,False
fdece66b68691039dd54,adaptive,adaptive_allocation,611,3156661618,16,5000,0.08,0.05,rbf,median,anytime,bonferroni,1,10,False,UNRESOLVED,5000,True,False,True,0.0003463750472292304,0.08,0.18209213411654696,True,True,True,False
e96d511c31a0ab0b5404,adaptive,adaptive_allocation,612,2778710866,16,5000,0.08,0.05,rbf,median,anytime,bonferroni,1,10,False,UNRESOLVED,5000,True,False,True,0.00034729199251160026,0.08,0.18209213411654696,True,True,True,False
ca64e13bd5f66ba57596,adaptive,adaptive_allocation,613,4055606909,16,5000,0.08,0.05,rbf,median,anytime,bonferroni,1,10,False,UNRESOLVED,5000,True,False,True,0.00035162497078999877,0.08,0.18209213411654696,True,True,True,False
fc0dece39770e8892d50,adaptive,adaptive_allocation,614,452588874,16,5000,0.08,0.05,rbf,median,anytime,bonferroni,1,10,False,UNRESOLVED,5000,True,False,True,0.00034608301939442754,0.08,0.18209213411654696,True,True,True,False
385e04cef936232fbea3,adaptive,adaptive_allocation,615,1420413983,16,5000,0.08,0.05,rbf,median,anytime,bonferroni,1,10,False,UNRESOLVED,5000,True,False,True,0.0003465000190772116,0.08,0.18209213411654696,True,True,True,False
753a95bcf62ef1325214,adaptive,adaptive_allocation,616,399249489,16,5000,0.08,0.05,rbf,median,anytime,bonferroni,1,10,False,UNRESOLVED,5000,True,False,True,0.0003452500095590949,0.08,0.18209213411654696,True,True,True,False
037cf46c608a067aea37,adaptive,adaptive_allocation,617,2904909473,16,5000,0.08,0.05,rbf,median,anytime,bonferroni,1,10,False,UNRESOLVED,5000,True,False,True,0.00034783303271979094,0.08,0.18209213411654696,True,True,True,False
4d548e7eacb5cabff8b1,adaptive,adaptive_allocation,618,1344069185,16,5000,0.08,0.05,rbf,median,anytime,bonferroni,1,10,False,UNRESOLVED,5000,True,False,True,0.00034600001526996493,0.08,0.18209213411654696,True,True,True,False
87a0a124d0b52909443d,adaptive,adaptive_allocation,619,3351280511,16,5000,0.08,0.05,rbf,median,anytime,bonferroni,1,10,False,UNRESOLVED,5000,True,False,True,0.0003470410010777414,0.08,0.18209213411654696,True,True,True,False
5ee755c3e6c11ae57f85,adaptive,adaptive_allocation,620,2884504830,16,5000,0.08,0.05,rbf,median,anytime,bonferroni,1,10,False,UNRESOLVED,5000,True,False,True,0.0003460829611867666,0.08,0.18209213411654696,True,True,True,False
45059458d2a1bf496c64,adaptive,adaptive_allocation,621,3508444407,16,5000,0.08,0.05,rbf,median,anytime,bonferroni,1,10,False,UNRESOLVED,5000,True,False,True,0.0003500829916447401,0.08,0.18209213411654696,True,True,True,False
90ecd16319d04162454a,adaptive,adaptive_allocation,622,3584390297,16,5000,0.08,0.05,rbf,median,anytime,bonferroni,1,10,False,UNRESOLVED,5000,True,False,True,0.0003457920392975211,0.08,0.18209213411654696,True,True,True,False
0b0433d46992c102dc9c,adaptive,adaptive_allocation,623,976546258,16,5000,0.08,0.05,rbf,median,anytime,bonferroni,1,10,False,UNRESOLVED,5000,True,False,True,0.0003462919848971069,0.08,0.18209213411654696,True,True,True,False
8c3bd049cb4354c54249,adaptive,adaptive_allocation,624,1321385440,16,5000,0.08,0.05,rbf,median,anytime,bonferroni,1,10,False,UNRESOLVED,5000,True,False,True,0.0003482080064713955,0.08,0.18209213411654696,True,True,True,False
3569775be4a8dbd00af5,adaptive,adaptive_allocation,625,3822688944,16,5000,0.08,0.05,rbf,median,anytime,bonferroni,1,10,False,UNRESOLVED,5000,True,False,True,0.00034954200964421034,0.08,0.18209213411654696,True,True,True,False
5c74bdf7dac3fd3675cb,adaptive,adaptive_allocation,626,925226528,16,5000,0.08,0.05,rbf,median,anytime,bonferroni,1,10,False,UNRESOLVED,5000,True,False,True,0.0003469579969532788,0.08,0.18209213411654696,True,True,True,False
d57d34f0e5d8c287b44b,adaptive,adaptive_allocation,627,2454307462,16,5000,0.08,0.05,rbf,median,anytime,bonferroni,1,10,False,UNRESOLVED,5000,True,False,True,0.0003470000228844583,0.08,0.18209213411654696,True,True,True,False
ee4d94af1b3c63611359,adaptive,adaptive_allocation,628,2371563519,16,5000,0.08,0.05,rbf,median,anytime,bonferroni,1,10,False,UNRESOLVED,5000,True,False,True,0.0003471249947324395,0.08,0.18209213411654696,True,True,True,False
c40ddc9e691ece92a99b,adaptive,adaptive_allocation,629,1745578396,16,5000,0.08,0.05,rbf,median,anytime,bonferroni,1,10,False,UNRESOLVED,5000,True,False,True,0.0003524580388329923,0.08,0.18209213411654696,True,True,True,False
1ffe368f412d447b34c5,adaptive,adaptive_allocation,630,2715997573,16,5000,0.08,0.05,rbf,median,anytime,bonferroni,1,10,False,UNRESOLVED,5000,True,False,True,0.00034791696816682816,0.08,0.18209213411654696,True,True,True,False
c9f0387749b31b7ce69d,adaptive,adaptive_allocation,631,2979992060,16,5000,0.08,0.05,rbf,median,anytime,bonferroni,1,10,False,UNRESOLVED,5000,True,False,True,0.00034654198680073023,0.08,0.18209213411654696,True,True,True,False
acef962c88fa74549998,adaptive,adaptive_allocation,632,3309344957,16,5000,0.08,0.05,rbf,median,anytime,bonferroni,1,10,False,UNRESOLVED,5000,True,False,True,0.0005905829602852464,0.08,0.18209213411654696,True,True,True,False
2411e0fcbf0bb61f6b69,adaptive,adaptive_allocation,633,47105982,16,5000,0.08,0.05,rbf,median,anytime,bonferroni,1,10,False,UNRESOLVED,5000,True,False,True,0.0005346669931896031,0.08,0.18209213411654696,True,True,True,False
43fcad6ec5f4ecfe1494,adaptive,adaptive_allocation,634,3064971839,16,5000,0.08,0.05,rbf,median,anytime,bonferroni,1,10,False,UNRESOLVED,5000,True,False,True,0.0006103750201873481,0.08,0.18209213411654696,True,True,True,False
17940781d52b23f37701,adaptive,adaptive_allocation,635,1693984137,16,5000,0.08,0.05,rbf,median,anytime,bonferroni,1,10,False,UNRESOLVED,5000,True,False,True,0.0005589170032180846,0.08,0.18209213411654696,True,True,True,False
bc594541b8c2e5b8ce83,adaptive,adaptive_allocation,636,581318015,16,5000,0.08,0.05,rbf,median,anytime,bonferroni,1,10,False,UNRESOLVED,5000,True,False,True,0.0005029580206610262,0.08,0.18209213411654696,True,True,True,False
82eee8d3bde86664c6a4,adaptive,adaptive_allocation,637,2754428963,16,5000,0.08,0.05,rbf,median,anytime,bonferroni,1,10,False,UNRESOLVED,5000,True,False,True,0.0004889999981969595,0.08,0.18209213411654696,True,True,True,False
3f7f1db9d17eca4e8302,adaptive,adaptive_allocation,638,1595910795,16,5000,0.08,0.05,rbf,median,anytime,bonferroni,1,10,False,UNRESOLVED,5000,True,False,True,0.00048020901158452034,0.08,0.18209213411654696,True,True,True,False
410f4f798883bc331fec,adaptive,adaptive_allocation,639,646947451,16,5000,0.08,0.05,rbf,median,anytime,bonferroni,1,10,False,UNRESOLVED,5000,True,False,True,0.0004786670324392617,0.08,0.18209213411654696,True,True,True,False
af7aee68eb801fdb19d8,adaptive,adaptive_allocation,640,2254712903,16,5000,0.08,0.05,rbf,median,anytime,bonferroni,1,10,False,UNRESOLVED,5000,True,False,True,0.00047924998216331005,0.08,0.18209213411654696,True,True,True,False
15af65e166fb4227f4fb,adaptive,adaptive_allocation,641,1243276454,16,5000,0.08,0.05,rbf,median,anytime,bonferroni,1,10,False,UNRESOLVED,5000,True,False,True,0.00047675002133473754,0.08,0.18209213411654696,True,True,True,False
7b9fc407b61f190a6814,adaptive,adaptive_allocation,642,4120938141,16,5000,0.08,0.05,rbf,median,anytime,bonferroni,1,10,False,UNRESOLVED,5000,True,False,True,0.000476707995403558,0.08,0.18209213411654696,True,True,True,False
aafdf8bf2ca5b2ed4ba8,adaptive,adaptive_allocation,643,2165038031,16,5000,0.08,0.05,rbf,median,anytime,bonferroni,1,10,False,UNRESOLVED,5000,True,False,True,0.0004758330178447068,0.08,0.18209213411654696,True,True,True,False
fd470628dbc8458cef2c,adaptive,adaptive_allocation,644,2826005171,16,5000,0.08,0.05,rbf,median,anytime,bonferroni,1,10,False,UNRESOLVED,5000,True,False,True,0.00047562504187226295,0.08,0.18209213411654696,True,True,True,False
98b5115a10fbdd4a8739,adaptive,adaptive_allocation,645,98775632,16,5000,0.08,0.05,rbf,median,anytime,bonferroni,1,10,False,UNRESOLVED,5000,True,False,True,0.00047558400547131896,0.08,0.18209213411654696,True,True,True,False
c689a8339f7485f25dd7,adaptive,adaptive_allocation,646,3935246701,16,5000,0.08,0.05,rbf,median,anytime,bonferroni,1,10,False,UNRESOLVED,5000,True,False,True,0.0004969999426975846,0.08,0.18209213411654696,True,True,True,False
cb8bdcd0c03424dd59ef,adaptive,adaptive_allocation,647,3119048602,16,5000,0.08,0.05,rbf,median,anytime,bonferroni,1,10,False,UNRESOLVED,5000,True,False,True,0.0004793750122189522,0.08,0.18209213411654696,True,True,True,False
87a8867d6eca285fc2b6,adaptive,adaptive_allocation,648,3229844931,16,5000,0.08,0.05,rbf,median,anytime,bonferroni,1,10,False,UNRESOLVED,5000,True,False,True,0.0004952499875798821,0.08,0.18209213411654696,True,True,True,False
1d2d64fb4320b58f12ae,adaptive,adaptive_allocation,649,4151201159,16,5000,0.08,0.05,rbf,median,anytime,bonferroni,1,10,False,UNRESOLVED,5000,True,False,True,0.0005059170071035624,0.08,0.18209213411654696,True,True,True,False
424bfc09017625af8469,adaptive,adaptive_allocation,650,939054796,16,5000,0.08,0.05,rbf,median,anytime,bonferroni,1,10,False,UNRESOLVED,5000,True,False,True,0.0005447919829748571,0.08,0.18209213411654696,True,True,True,False
7b15ed60b3acfa66d01f,adaptive,adaptive_allocation,651,243048094,16,5000,0.08,0.05,rbf,median,anytime,bonferroni,1,10,False,UNRESOLVED,5000,True,False,True,0.0004916670150123537,0.08,0.18209213411654696,True,True,True,False
4d1aefbe13346143c932,adaptive,adaptive_allocation,652,3214853004,16,5000,0.08,0.05,rbf,median,anytime,bonferroni,1,10,False,UNRESOLVED,5000,True,False,True,0.00047920900397002697,0.08,0.18209213411654696,True,True,True,False
c8f8a86c55958d57b958,adaptive,adaptive_allocation,653,2467958887,16,5000,0.08,0.05,rbf,median,anytime,bonferroni,1,10,False,UNRESOLVED,5000,True,False,True,0.00047620799159631133,0.08,0.18209213411654696,True,True,True,False
a9edb78da51045d13adf,adaptive,adaptive_allocation,654,1144161458,16,5000,0.08,0.05,rbf,median,anytime,bonferroni,1,10,False,UNRESOLVED,5000,True,False,True,0.00047745800111442804,0.08,0.18209213411654696,True,True,True,False
e15e6dc08e461151e176,adaptive,adaptive_allocation,655,512002732,16,5000,0.08,0.05,rbf,median,anytime,bonferroni,1,10,False,UNRESOLVED,5000,True,False,True,0.0004753750399686396,0.08,0.18209213411654696,True,True,True,False
bd10103285df5215b42b,adaptive,adaptive_allocation,656,2033980663,16,5000,0.08,0.05,rbf,median,anytime,bonferroni,1,10,False,UNRESOLVED,5000,True,False,True,0.00047433399595320225,0.08,0.18209213411654696,True,True,True,False
2b45e308786512579030,adaptive,adaptive_allocation,657,3397866156,16,5000,0.08,0.05,rbf,median,anytime,bonferroni,1,10,False,UNRESOLVED,5000,True,False,True,0.0004749579820781946,0.08,0.18209213411654696,True,True,True,False
e15a7d4b6f8749aed11b,adaptive,adaptive_allocation,658,3858142379,16,5000,0.08,0.05,rbf,median,anytime,bonferroni,1,10,False,UNRESOLVED,5000,True,False,True,0.0004728750209324062,0.08,0.18209213411654696,True,True,True,False
1e05352bcb65a2f8e29e,adaptive,adaptive_allocation,659,2835358881,16,5000,0.08,0.05,rbf,median,anytime,bonferroni,1,10,False,UNRESOLVED,5000,True,False,True,0.00047279096907004714,0.08,0.18209213411654696,True,True,True,False
7c781efc9a3a34741c05,adaptive,adaptive_allocation,660,725377069,16,5000,0.08,0.05,rbf,median,anytime,bonferroni,1,10,False,UNRESOLVED,5000,True,False,True,0.0004710420034825802,0.08,0.18209213411654696,True,True,True,False
cb4bb422f468b60206e2,adaptive,adaptive_allocation,661,1851263905,16,5000,0.08,0.05,rbf,median,anytime,bonferroni,1,10,False,UNRESOLVED,5000,True,False,True,0.0004742500022985041,0.08,0.18209213411654696,True,True,True,False
d60f7ca80c27a749ad13,adaptive,adaptive_allocation,662,3273227521,16,5000,0.08,0.05,rbf,median,anytime,bonferroni,1,10,False,UNRESOLVED,5000,True,False,True,0.0004732079687528312,0.08,0.18209213411654696,True,True,True,False
0eed69ff2445e3d5fd20,adaptive,adaptive_allocation,663,3776152075,16,5000,0.08,0.05,rbf,median,anytime,bonferroni,1,10,False,UNRESOLVED,5000,True,False,True,0.00047104101395234466,0.08,0.18209213411654696,True,True,True,False
9cdd9dbcdd20525ceeab,adaptive,adaptive_allocation,664,3352909729,16,5000,0.08,0.05,rbf,median,anytime,bonferroni,1,10,False,UNRESOLVED,5000,True,False,True,0.000480624963529408,0.08,0.18209213411654696,True,True,True,False
e51a92044eb9774c8780,adaptive,adaptive_allocation,665,2297302940,16,5000,0.08,0.05,rbf,median,anytime,bonferroni,1,10,False,UNRESOLVED,5000,True,False,True,0.00048158300342038274,0.08,0.18209213411654696,True,True,True,False
d5cdf8b1e5182c8b2005,adaptive,adaptive_allocation,666,45230481,16,5000,0.08,0.05,rbf,median,anytime,bonferroni,1,10,False,UNRESOLVED,5000,True,False,True,0.000496583990752697,0.08,0.18209213411654696,True,True,True,False
303605dd7a25fdf19504,adaptive,adaptive_allocation,667,1968981958,16,5000,0.08,0.05,rbf,median,anytime,bonferroni,1,10,False,UNRESOLVED,5000,True,False,True,0.0004934170283377171,0.08,0.18209213411654696,True,True,True,False
c7903ea292d4cc51c2b8,adaptive,adaptive_allocation,668,3724716863,16,5000,0.08,0.05,rbf,median,anytime,bonferroni,1,10,False,UNRESOLVED,5000,True,False,True,0.0005074579967185855,0.08,0.18209213411654696,True,True,True,False
104c4a9a3a6b79cc7a61,adaptive,adaptive_allocation,669,1432141601,16,5000,0.08,0.05,rbf,median,anytime,bonferroni,1,10,False,UNRESOLVED,5000,True,False,True,0.000475292035844177,0.08,0.18209213411654696,True,True,True,False
2f30404292a95216095f,adaptive,adaptive_allocation,670,4014502993,16,5000,0.08,0.05,rbf,median,anytime,bonferroni,1,10,False,UNRESOLVED,5000,True,False,True,0.00044108304427936673,0.08,0.18209213411654696,True,True,True,False
e08d3cc8cad667492fff,adaptive,adaptive_allocation,671,3805826204,16,5000,0.08,0.05,rbf,median,anytime,bonferroni,1,10,False,UNRESOLVED,5000,True,False,True,0.0003647090052254498,0.08,0.18209213411654696,True,True,True,False
997f4f7eadb7ed0d51c2,adaptive,adaptive_allocation,672,3781578002,16,5000,0.08,0.05,rbf,median,anytime,bonferroni,1,10,False,UNRESOLVED,5000,True,False,True,0.0003517919685691595,0.08,0.18209213411654696,True,True,True,False
d1f1c7ba1dc98a6e23a6,adaptive,adaptive_allocation,673,2983516102,16,5000,0.08,0.05,rbf,median,anytime,bonferroni,1,10,False,UNRESOLVED,5000,True,False,True,0.000350042013451457,0.08,0.18209213411654696,True,True,True,False
1746536e8914296e977f,adaptive,adaptive_allocation,674,3523354025,16,5000,0.08,0.05,rbf,median,anytime,bonferroni,1,10,False,UNRESOLVED,5000,True,False,True,0.0003470419906079769,0.08,0.18209213411654696,True,True,True,False
6be61f2cd574d26b2439,adaptive,adaptive_allocation,675,3453818102,16,5000,0.08,0.05,rbf,median,anytime,bonferroni,1,10,False,UNRESOLVED,5000,True,False,True,0.000346417014952749,0.08,0.18209213411654696,True,True,True,False
053fbcbe3be350bde79c,adaptive,adaptive_allocation,676,775408556,16,5000,0.08,0.05,rbf,median,anytime,bonferroni,1,10,False,UNRESOLVED,5000,True,False,True,0.0003475829726085067,0.08,0.18209213411654696,True,True,True,False
bcff956396f8537f97ee,adaptive,adaptive_allocation,677,899070332,16,5000,0.08,0.05,rbf,median,anytime,bonferroni,1,10,False,UNRESOLVED,5000,True,False,True,0.00034670799504965544,0.08,0.18209213411654696,True,True,True,False
a6f26f30e37f1fdac03b,adaptive,adaptive_allocation,678,3595437811,16,5000,0.08,0.05,rbf,median,anytime,bonferroni,1,10,False,UNRESOLVED,5000,True,False,True,0.0003464579931460321,0.08,0.18209213411654696,True,True,True,False
628ced385c0f0fb638eb,adaptive,adaptive_allocation,679,3791353220,16,5000,0.08,0.05,rbf,median,anytime,bonferroni,1,10,False,UNRESOLVED,5000,True,False,True,0.0003457090351730585,0.08,0.18209213411654696,True,True,True,False
74e434dbf0c2952153cf,adaptive,adaptive_allocation,680,2572019431,16,5000,0.08,0.05,rbf,median,anytime,bonferroni,1,10,False,UNRESOLVED,5000,True,False,True,0.0003464160254225135,0.08,0.18209213411654696,True,True,True,False
e3424d3cc0811149436a,adaptive,adaptive_allocation,681,3123197617,16,5000,0.08,0.05,rbf,median,anytime,bonferroni,1,10,False,UNRESOLVED,5000,True,False,True,0.0003462919848971069,0.08,0.18209213411654696,True,True,True,False
67d60c10bcb8b272f95c,adaptive,adaptive_allocation,682,1165009709,16,5000,0.08,0.05,rbf,median,anytime,bonferroni,1,10,False,UNRESOLVED,5000,True,False,True,0.00034487497759982944,0.08,0.18209213411654696,True,True,True,False
797814bed19e0eae20c8,adaptive,adaptive_allocation,683,3261750658,16,5000,0.08,0.05,rbf,median,anytime,bonferroni,1,10,False,UNRESOLVED,5000,True,False,True,0.00034487497759982944,0.08,0.18209213411654696,True,True,True,False
9e851b9dff714814c3f4,adaptive,adaptive_allocation,684,975910171,16,5000,0.08,0.05,rbf,median,anytime,bonferroni,1,10,False,UNRESOLVED,5000,True,False,True,0.00034604204120114446,0.08,0.18209213411654696,True,True,True,False
50ace6966c271440f412,adaptive,adaptive_allocation,685,3237762513,16,5000,0.08,0.05,rbf,median,anytime,bonferroni,1,10,False,UNRESOLVED,5000,True,False,True,0.0003766670124605298,0.08,0.18209213411654696,True,True,True,False
e06ee1dd8a13a2576093,adaptive,adaptive_allocation,686,915432848,16,5000,0.08,0.05,rbf,median,anytime,bonferroni,1,10,False,UNRESOLVED,5000,True,False,True,0.0003991250414401293,0.08,0.18209213411654696,True,True,True,False
2a4e4a18901e8969befa,adaptive,adaptive_allocation,687,4282784628,16,5000,0.08,0.05,rbf,median,anytime,bonferroni,1,10,False,UNRESOLVED,5000,True,False,True,0.00040137500036507845,0.08,0.18209213411654696,True,True,True,False
1f438a84046d8712530b,adaptive,adaptive_allocation,688,530901130,16,5000,0.08,0.05,rbf,median,anytime,bonferroni,1,10,False,UNRESOLVED,5000,True,False,True,0.0004009169642813504,0.08,0.18209213411654696,True,True,True,False
b5cd290faf0fd7fd494d,adaptive,adaptive_allocation,689,2193413880,16,5000,0.08,0.05,rbf,median,anytime,bonferroni,1,10,False,UNRESOLVED,5000,True,False,True,0.0004004589864052832,0.08,0.18209213411654696,True,True,True,False
3a4a85e8455029a53f58,adaptive,adaptive_allocation,690,2966300410,16,5000,0.08,0.05,rbf,median,anytime,bonferroni,1,10,False,UNRESOLVED,5000,True,False,True,0.0004017500323243439,0.08,0.18209213411654696,True,True,True,False
a4aa60e98ed05b50ebe7,adaptive,adaptive_allocation,691,2984005715,16,5000,0.08,0.05,rbf,median,anytime,bonferroni,1,10,False,UNRESOLVED,5000,True,False,True,0.0003999170148745179,0.08,0.18209213411654696,True,True,True,False
dd8f88b4945c16a03fc6,adaptive,adaptive_allocation,692,2185964517,16,5000,0.08,0.05,rbf,median,anytime,bonferroni,1,10,False,UNRESOLVED,5000,True,False,True,0.00040141702629625797,0.08,0.18209213411654696,True,True,True,False
035949539abdc7c1f413,adaptive,adaptive_allocation,693,1900164867,16,5000,0.08,0.05,rbf,median,anytime,bonferroni,1,10,False,UNRESOLVED,5000,True,False,True,0.0003999999607913196,0.08,0.18209213411654696,True,True,True,False
66ed3a0f381ae2b66916,adaptive,adaptive_allocation,694,3913379144,16,5000,0.08,0.05,rbf,median,anytime,bonferroni,1,10,False,UNRESOLVED,5000,True,False,True,0.0004004999645985663,0.08,0.18209213411654696,True,True,True,False
ac539dd8c62f765f371a,adaptive,adaptive_allocation,695,1930538811,16,5000,0.08,0.05,rbf,median,anytime,bonferroni,1,10,False,UNRESOLVED,5000,True,False,True,0.0003997090389020741,0.08,0.18209213411654696,True,True,True,False
8f00b07f40ce64042b42,adaptive,adaptive_allocation,696,3846897012,16,5000,0.08,0.05,rbf,median,anytime,bonferroni,1,10,False,UNRESOLVED,5000,True,False,True,0.000402167032007128,0.08,0.18209213411654696,True,True,True,False
2b5208155cde0c7f84ce,adaptive,adaptive_allocation,697,2620750097,16,5000,0.08,0.05,rbf,median,anytime,bonferroni,1,10,False,UNRESOLVED,5000,True,False,True,0.00039958301931619644,0.08,0.18209213411654696,True,True,True,False
750bcf4b438f6974bd41,adaptive,adaptive_allocation,698,2197093709,16,5000,0.08,0.05,rbf,median,anytime,bonferroni,1,10,False,UNRESOLVED,5000,True,False,True,0.0003982079797424376,0.08,0.18209213411654696,True,True,True,False
6d8306dbdb50f3616fcb,adaptive,adaptive_allocation,699,427578123,16,5000,0.08,0.05,rbf,median,anytime,bonferroni,1,10,False,UNRESOLVED,5000,True,False,True,0.00039970799116417766,0.08,0.18209213411654696,True,True,True,False
3803fedb1dbfe8490853,adaptive,adaptive_allocation,700,97241297,16,5000,0.08,0.05,rbf,median,anytime,bonferroni,1,10,False,UNRESOLVED,5000,True,False,True,0.00039891700726002455,0.08,0.18209213411654696,True,True,True,False
3a541db474e038b5ccd7,adaptive,adaptive_allocation,701,141440989,16,5000,0.08,0.05,rbf,median,anytime,bonferroni,1,10,False,UNRESOLVED,5000,True,False,True,0.0004004579968750477,0.08,0.18209213411654696,True,True,True,False
8f4a8741df46ace4003b,adaptive,adaptive_allocation,702,1758718806,16,5000,0.08,0.05,rbf,median,anytime,bonferroni,1,10,False,UNRESOLVED,5000,True,False,True,0.0003987500094808638,0.08,0.18209213411654696,True,True,True,False
0ae30d5f92ddc1af041b,adaptive,adaptive_allocation,703,278071833,16,5000,0.08,0.05,rbf,median,anytime,bonferroni,1,10,False,UNRESOLVED,5000,True,False,True,0.0003996670129708946,0.08,0.18209213411654696,True,True,True,False
c0cc4f0999e4978d23e3,adaptive,adaptive_allocation,704,2714131763,16,5000,0.08,0.05,rbf,median,anytime,bonferroni,1,10,False,UNRESOLVED,5000,True,False,True,0.00040291703771799803,0.08,0.18209213411654696,True,True,True,False
57cb961f066c75e31df7,adaptive,adaptive_allocation,705,269355250,16,5000,0.08,0.05,rbf,median,anytime,bonferroni,1,10,False,UNRESOLVED,5000,True,False,True,0.0004010829725302756,0.08,0.18209213411654696,True,True,True,False
9c55dbf723773e703222,adaptive,adaptive_allocation,706,905447649,16,5000,0.08,0.05,rbf,median,anytime,bonferroni,1,10,False,UNRESOLVED,5000,True,False,True,0.000400707998778671,0.08,0.18209213411654696,True,True,True,False
4facd2c82edee8a691dd,adaptive,adaptive_allocation,707,3373948185,16,5000,0.08,0.05,rbf,median,anytime,bonferroni,1,10,False,UNRESOLVED,5000,True,False,True,0.0003987080417573452,0.08,0.18209213411654696,True,True,True,False
cf31f24f58c5f7d11e38,adaptive,adaptive_allocation,708,1538599361,16,5000,0.08,0.05,rbf,median,anytime,bonferroni,1,10,False,UNRESOLVED,5000,True,False,True,0.0004010419943369925,0.08,0.18209213411654696,True,True,True,False
712c38cbea289e5598c8,adaptive,adaptive_allocation,709,3493245150,16,5000,0.08,0.05,rbf,median,anytime,bonferroni,1,10,False,UNRESOLVED,5000,True,False,True,0.00039804098196327686,0.08,0.18209213411654696,True,True,True,False
475d6317c151d91a1a07,adaptive,adaptive_allocation,710,2658531152,16,5000,0.08,0.05,rbf,median,anytime,bonferroni,1,10,False,UNRESOLVED,5000,True,False,True,0.0003986670053564012,0.08,0.18209213411654696,True,True,True,False
6ef61fbe7094c72c02e4,adaptive,adaptive_allocation,711,2878884196,16,5000,0.08,0.05,rbf,median,anytime,bonferroni,1,10,False,UNRESOLVED,5000,True,False,True,0.0003976250300183892,0.08,0.18209213411654696,True,True,True,False
2f1316ba19ae53d30ad6,adaptive,adaptive_allocation,712,3908649086,16,5000,0.08,0.05,rbf,median,anytime,bonferroni,1,10,False,UNRESOLVED,5000,True,False,True,0.0003980839974246919,0.08,0.18209213411654696,True,True,True,False
27603a7f78dbb02d8789,adaptive,adaptive_allocation,713,2259245779,16,5000,0.08,0.05,rbf,median,anytime,bonferroni,1,10,False,UNRESOLVED,5000,True,False,True,0.0003991670091636479,0.08,0.18209213411654696,True,True,True,False
5fde2b70bb2eb8d7009f,adaptive,adaptive_allocation,714,1557787760,16,5000,0.08,0.05,rbf,median,anytime,bonferroni,1,10,False,UNRESOLVED,5000,True,False,True,0.00039962504524737597,0.08,0.18209213411654696,True,True,True,False
09814e236492612099bf,adaptive,adaptive_allocation,715,1508531145,16,5000,0.08,0.05,rbf,median,anytime,bonferroni,1,10,False,UNRESOLVED,5000,True,False,True,0.0003987499512732029,0.08,0.18209213411654696,True,True,True,False
cdfae06eb923eccfd1a6,adaptive,adaptive_allocation,716,3279066599,16,5000,0.08,0.05,rbf,median,anytime,bonferroni,1,10,False,UNRESOLVED,5000,True,False,True,0.00039895798545330763,0.08,0.18209213411654696,True,True,True,False
73651b9cbfa895833ac8,adaptive,adaptive_allocation,717,4257177990,16,5000,0.08,0.05,rbf,median,anytime,bonferroni,1,10,False,UNRESOLVED,5000,True,False,True,0.00040095800068229437,0.08,0.18209213411654696,True,True,True,False
db4351b97845eeaa3bc7,adaptive,adaptive_allocation,718,3617005051,16,5000,0.08,0.05,rbf,median,anytime,bonferroni,1,10,False,UNRESOLVED,5000,True,False,True,0.00040312495548278093,0.08,0.18209213411654696,True,True,True,False
c604fad348873d5e790c,adaptive,adaptive_allocation,719,2273805778,16,5000,0.08,0.05,rbf,median,anytime,bonferroni,1,10,False,UNRESOLVED,5000,True,False,True,0.00039958301931619644,0.08,0.18209213411654696,True,True,True,False
2673624f105e1c50cb0b,adaptive,adaptive_allocation,720,1169458902,16,5000,0.08,0.05,rbf,median,anytime,bonferroni,1,10,False,UNRESOLVED,5000,True,False,True,0.0004014589940197766,0.08,0.18209213411654696,True,True,True,False
4dd35c73885b6d9939b4,adaptive,adaptive_allocation,721,2563308010,16,5000,0.08,0.05,rbf,median,anytime,bonferroni,1,10,False,UNRESOLVED,5000,True,False,True,0.00039716699393466115,0.08,0.18209213411654696,True,True,True,False
6aff31515041a8650ee4,adaptive,adaptive_allocation,722,865087503,16,5000,0.08,0.05,rbf,median,anytime,bonferroni,1,10,False,UNRESOLVED,5000,True,False,True,0.0003976250300183892,0.08,0.18209213411654696,True,True,True,False
5e694fa026eeb5081712,adaptive,adaptive_allocation,723,424103514,16,5000,0.08,0.05,rbf,median,anytime,bonferroni,1,10,False,UNRESOLVED,5000,True,False,True,0.00040024996269494295,0.08,0.18209213411654696,True,True,True,False
6caab0212974d5471558,adaptive,adaptive_allocation,724,91693496,16,5000,0.08,0.05,rbf,median,anytime,bonferroni,1,10,False,UNRESOLVED,5000,True,False,True,0.00039883400313556194,0.08,0.18209213411654696,True,True,True,False
4fc8e0480b203133aaea,adaptive,adaptive_allocation,725,1631576988,16,5000,0.08,0.05,rbf,median,anytime,bonferroni,1,10,False,UNRESOLVED,5000,True,False,True,0.00039962498703971505,0.08,0.18209213411654696,True,True,True,False
73dd6fa4da4ff9e5bf31,adaptive,adaptive_allocation,726,1638721129,16,5000,0.08,0.05,rbf,median,anytime,bonferroni,1,10,False,UNRESOLVED,5000,True,False,True,0.0004006249946542084,0.08,0.18209213411654696,True,True,True,False
8328ddf8c2ba00a89f5c,adaptive,adaptive_allocation,727,3818527735,16,5000,0.08,0.05,rbf,median,anytime,bonferroni,1,10,False,UNRESOLVED,5000,True,False,True,0.00040058401646092534,0.08,0.18209213411654696,True,True,True,False
e02f2a0b9ea36e9682f8,adaptive,adaptive_allocation,728,2037537051,16,5000,0.08,0.05,rbf,median,anytime,bonferroni,1,10,False,UNRESOLVED,5000,True,False,True,0.0004011249984614551,0.08,0.18209213411654696,True,True,True,False
fe70c760a0d19d1d701d,adaptive,adaptive_allocation,729,3035688250,16,5000,0.08,0.05,rbf,median,anytime,bonferroni,1,10,False,UNRESOLVED,5000,True,False,True,0.0004004170186817646,0.08,0.18209213411654696,True,True,True,False
73ba444127a4fda2d0f8,adaptive,adaptive_allocation,730,165839597,16,5000,0.08,0.05,rbf,median,anytime,bonferroni,1,10,False,UNRESOLVED,5000,True,False,True,0.0004009170224890113,0.08,0.18209213411654696,True,True,True,False
699bf770209675428583,adaptive,adaptive_allocation,731,2803213220,16,5000,0.08,0.05,rbf,median,anytime,bonferroni,1,10,False,UNRESOLVED,5000,True,False,True,0.0004012080025859177,0.08,0.18209213411654696,True,True,True,False
217b7876a93d181c150d,adaptive,adaptive_allocation,732,283655020,16,5000,0.08,0.05,rbf,median,anytime,bonferroni,1,10,False,UNRESOLVED,5000,True,False,True,0.00039820902748033404,0.08,0.18209213411654696,True,True,True,False
215577c3680bf7729cbb,adaptive,adaptive_allocation,733,2158154279,16,5000,0.08,0.05,rbf,median,anytime,bonferroni,1,10,False,UNRESOLVED,5000,True,False,True,0.0003992909914813936,0.08,0.18209213411654696,True,True,True,False
36bf93d261af0ead6240,adaptive,adaptive_allocation,734,4102482852,16,5000,0.08,0.05,rbf,median,anytime,bonferroni,1,10,False,UNRESOLVED,5000,True,False,True,0.00039983296301215887,0.08,0.18209213411654696,True,True,True,False
e0d075559118d2ce6393,adaptive,adaptive_allocation,735,868766820,16,5000,0.08,0.05,rbf,median,anytime,bonferroni,1,10,False,UNRESOLVED,5000,True,False,True,0.0004010000266134739,0.08,0.18209213411654696,True,True,True,False
62005cd41549bb84bbc5,adaptive,adaptive_allocation,736,623295077,16,5000,0.08,0.05,rbf,median,anytime,bonferroni,1,10,False,UNRESOLVED,5000,True,False,True,0.00040083396015688777,0.08,0.18209213411654696,True,True,True,False
048666a389fc54814b8f,adaptive,adaptive_allocation,737,4026851638,16,5000,0.08,0.05,rbf,median,anytime,bonferroni,1,10,False,UNRESOLVED,5000,True,False,True,0.000400707998778671,0.08,0.18209213411654696,True,True,True,False
d0c835fda1075cc002fc,adaptive,adaptive_allocation,738,481495086,16,5000,0.08,0.05,rbf,median,anytime,bonferroni,1,10,False,UNRESOLVED,5000,True,False,True,0.0004000000189989805,0.08,0.18209213411654696,True,True,True,False
064c59139cb3a5720ddd,adaptive,adaptive_allocation,739,90221737,16,5000,0.08,0.05,rbf,median,anytime,bonferroni,1,10,False,UNRESOLVED,5000,True,False,True,0.0004007920506410301,0.08,0.18209213411654696,True,True,True,False
9f40332b79aba8479846,adaptive,adaptive_allocation,740,3869530444,16,5000,0.08,0.05,rbf,median,anytime,bonferroni,1,10,False,UNRESOLVED,5000,True,False,True,0.0004034169833175838,0.08,0.18209213411654696,True,True,True,False
a9184dc2af231242e846,adaptive,adaptive_allocation,741,1403235405,16,5000,0.08,0.05,rbf,median,anytime,bonferroni,1,10,False,UNRESOLVED,5000,True,False,True,0.00040141696808859706,0.08,0.18209213411654696,True,True,True,False
e14aac345cbe2d271743,adaptive,adaptive_allocation,742,1742836713,16,5000,0.08,0.05,rbf,median,anytime,bonferroni,1,10,False,UNRESOLVED,5000,True,False,True,0.00040058395825326443,0.08,0.18209213411654696,True,True,True,False
4504f80e6e869533574a,adaptive,adaptive_allocation,743,1234843923,16,5000,0.08,0.05,rbf,median,anytime,bonferroni,1,10,False,UNRESOLVED,5000,True,False,True,0.00040125002851709723,0.08,0.18209213411654696,True,True,True,False
3d5455ab112b4cc45cf1,adaptive,adaptive_allocation,744,4085211127,16,5000,0.08,0.05,rbf,median,anytime,bonferroni,1,10,False,UNRESOLVED,5000,True,False,True,0.00040324998553842306,0.08,0.18209213411654696,True,True,True,False
51c0d0409dabba3417ce,adaptive,adaptive_allocation,745,3340138839,16,5000,0.08,0.05,rbf,median,anytime,bonferroni,1,10,False,UNRESOLVED,5000,True,False,True,0.00040079199243336916,0.08,0.18209213411654696,True,True,True,False
5d6e74de5ab193c9d32e,adaptive,adaptive_allocation,746,2152549551,16,5000,0.08,0.05,rbf,median,anytime,bonferroni,1,10,False,UNRESOLVED,5000,True,False,True,0.00037529098335653543,0.08,0.18209213411654696,True,True,True,False
ebbb170306aee6c0b474,adaptive,adaptive_allocation,747,415490584,16,5000,0.08,0.05,rbf,median,anytime,bonferroni,1,10,False,UNRESOLVED,5000,True,False,True,0.0003448330098763108,0.08,0.18209213411654696,True,True,True,False
53deb356c0bfd1622526,adaptive,adaptive_allocation,748,2511839932,16,5000,0.08,0.05,rbf,median,anytime,bonferroni,1,10,False,UNRESOLVED,5000,True,False,True,0.0003462089807726443,0.08,0.18209213411654696,True,True,True,False
9b668aea8f574d6ffd5c,adaptive,adaptive_allocation,749,2984316886,16,5000,0.08,0.05,rbf,median,anytime,bonferroni,1,10,False,UNRESOLVED,5000,True,False,True,0.0003445000038482249,0.08,0.18209213411654696,True,True,True,False
2bf4135aa3a81a06ac62,adaptive,adaptive_allocation,750,1945435373,16,5000,0.08,0.05,rbf,median,anytime,bonferroni,1,10,False,UNRESOLVED,5000,True,False,True,0.00034495897125452757,0.08,0.18209213411654696,True,True,True,False
53125d3d9c2f89a1d6a2,adaptive,adaptive_allocation,751,2149798898,16,5000,0.08,0.05,rbf,median,anytime,bonferroni,1,10,False,UNRESOLVED,5000,True,False,True,0.00034554197918623686,0.08,0.18209213411654696,True,True,True,False
c13868c0aff49944ab1f,adaptive,adaptive_allocation,752,776785458,16,5000,0.08,0.05,rbf,median,anytime,bonferroni,1,10,False,UNRESOLVED,5000,True,False,True,0.000345290987752378,0.08,0.18209213411654696,True,True,True,False
2ce5e4e9f8545253f87e,adaptive,adaptive_allocation,753,285331649,16,5000,0.08,0.05,rbf,median,anytime,bonferroni,1,10,False,UNRESOLVED,5000,True,False,True,0.0003464999608695507,0.08,0.18209213411654696,True,True,True,False
a3f262e52c5af1b31251,adaptive,adaptive_allocation,754,2189861142,16,5000,0.08,0.05,rbf,median,anytime,bonferroni,1,10,False,UNRESOLVED,5000,True,False,True,0.00034558301558718085,0.08,0.18209213411654696,True,True,True,False
c1154fd9d94ca929e380,adaptive,adaptive_allocation,755,3812721571,16,5000,0.08,0.05,rbf,median,anytime,bonferroni,1,10,False,UNRESOLVED,5000,True,False,True,0.0003445420297794044,0.08,0.18209213411654696,True,True,True,False
c48f023c8ae028094a10,adaptive,adaptive_allocation,756,346640272,16,5000,0.08,0.05,rbf,median,anytime,bonferroni,1,10,False,UNRESOLVED,5000,True,False,True,0.00035725004272535443,0.08,0.18209213411654696,True,True,True,False
f7fd583800604e43403a,adaptive,adaptive_allocation,757,133205737,16,5000,0.08,0.05,rbf,median,anytime,bonferroni,1,10,False,UNRESOLVED,5000,True,False,True,0.0003452919772826135,0.08,0.18209213411654696,True,True,True,False
164a3025755f788ce725,adaptive,adaptive_allocation,758,3781934811,16,5000,0.08,0.05,rbf,median,anytime,bonferroni,1,10,False,UNRESOLVED,5000,True,False,True,0.00034500000765547156,0.08,0.18209213411654696,True,True,True,False
142eca03a5cebf366c85,adaptive,adaptive_allocation,759,3446835360,16,5000,0.08,0.05,rbf,median,anytime,bonferroni,1,10,False,UNRESOLVED,5000,True,False,True,0.00034487497759982944,0.08,0.18209213411654696,True,True,True,False
810a7c514294c28bd43a,adaptive,adaptive_allocation,760,2343544046,16,5000,0.08,0.05,rbf,median,anytime,bonferroni,1,10,False,UNRESOLVED,5000,True,False,True,0.00034600001526996493,0.08,0.18209213411654696,True,True,True,False
d84e69fe843163ef7818,adaptive,adaptive_allocation,761,523926233,16,5000,0.08,0.05,rbf,median,anytime,bonferroni,1,10,False,UNRESOLVED,5000,True,False,True,0.0003446670016273856,0.08,0.18209213411654696,True,True,True,False
c00d67e9b27f02d66765,adaptive,adaptive_allocation,762,1635910830,16,5000,0.08,0.05,rbf,median,anytime,bonferroni,1,10,False,UNRESOLVED,5000,True,False,True,0.0003462090389803052,0.08,0.18209213411654696,True,True,True,False
cf77ce7f733761833537,adaptive,adaptive_allocation,763,1350544514,16,5000,0.08,0.05,rbf,median,anytime,bonferroni,1,10,False,UNRESOLVED,5000,True,False,True,0.00034616695484146476,0.08,0.18209213411654696,True,True,True,False
c887d0232584f50a6545,adaptive,adaptive_allocation,764,2503256098,16,5000,0.08,0.05,rbf,median,anytime,bonferroni,1,10,False,UNRESOLVED,5000,True,False,True,0.00034500000765547156,0.08,0.18209213411654696,True,True,True,False
3cf44cb09c91c180b38a,adaptive,adaptive_allocation,765,3180245761,16,5000,0.08,0.05,rbf,median,anytime,bonferroni,1,10,False,UNRESOLVED,5000,True,False,True,0.00034433300606906414,0.08,0.18209213411654696,True,True,True,False
10a0f2c83abd1528b2f2,adaptive,adaptive_allocation,766,3496221501,16,5000,0.08,0.05,rbf,median,anytime,bonferroni,1,10,False,UNRESOLVED,5000,True,False,True,0.00034608400892466307,0.08,0.18209213411654696,True,True,True,False
582d4f351ab806f192e7,adaptive,adaptive_allocation,767,393284834,16,5000,0.08,0.05,rbf,median,anytime,bonferroni,1,10,False,UNRESOLVED,5000,True,False,True,0.00034558301558718085,0.08,0.18209213411654696,True,True,True,False
e1e6c87fe88b001e1ce9,adaptive,adaptive_allocation,768,2042093100,16,5000,0.08,0.05,rbf,median,anytime,bonferroni,1,10,False,UNRESOLVED,5000,True,False,True,0.0003452079836279154,0.08,0.18209213411654696,True,True,True,False
b6be16ba37a06e712170,adaptive,adaptive_allocation,769,1427202529,16,5000,0.08,0.05,rbf,median,anytime,bonferroni,1,10,False,UNRESOLVED,5000,True,False,True,0.00034558301558718085,0.08,0.18209213411654696,True,True,True,False
4dc881614a66c7e7a8e7,adaptive,adaptive_allocation,770,3992314668,16,5000,0.08,0.05,rbf,median,anytime,bonferroni,1,10,False,UNRESOLVED,5000,True,False,True,0.00034558301558718085,0.08,0.18209213411654696,True,True,True,False
3c746c7bc99f73562b74,adaptive,adaptive_allocation,771,1841937835,16,5000,0.08,0.05,rbf,median,anytime,bonferroni,1,10,False,UNRESOLVED,5000,True,False,True,0.00034912500996142626,0.08,0.18209213411654696,True,True,True,False
bdcda651d796b29a6c9c,adaptive,adaptive_allocation,772,126701169,16,5000,0.08,0.05,rbf,median,anytime,bonferroni,1,10,False,UNRESOLVED,5000,True,False,True,0.00034550001146271825,0.08,0.18209213411654696,True,True,True,False
6c054cb810ce73d53712,adaptive,adaptive_allocation,773,614107492,16,5000,0.08,0.05,rbf,median,anytime,bonferroni,1,10,False,UNRESOLVED,5000,True,False,True,0.00034595897886902094,0.08,0.18209213411654696,True,True,True,False
95a96a2e553082ae30bc,adaptive,adaptive_allocation,774,2405301273,16,5000,0.08,0.05,rbf,median,anytime,bonferroni,1,10,False,UNRESOLVED,5000,True,False,True,0.0003445830079726875,0.08,0.18209213411654696,True,True,True,False
d24407f48290c4b6ad20,adaptive,adaptive_allocation,775,3567326718,16,5000,0.08,0.05,rbf,median,anytime,bonferroni,1,10,False,UNRESOLVED,5000,True,False,True,0.00034654198680073023,0.08,0.18209213411654696,True,True,True,False
40ff7074d29d2cecf18b,adaptive,adaptive_allocation,776,3674837658,16,5000,0.08,0.05,rbf,median,anytime,bonferroni,1,10,False,UNRESOLVED,5000,True,False,True,0.00034558301558718085,0.08,0.18209213411654696,True,True,True,False
a8a1fd13721d1e1267c7,adaptive,adaptive_allocation,777,947142896,16,5000,0.08,0.05,rbf,median,anytime,bonferroni,1,10,False,UNRESOLVED,5000,True,False,True,0.0003435830003581941,0.08,0.18209213411654696,True,True,True,False
7efd38b6c4aa7d03fa0b,adaptive,adaptive_allocation,778,832103354,16,5000,0.08,0.05,rbf,median,anytime,bonferroni,1,10,False,UNRESOLVED,5000,True,False,True,0.0003452089731581509,0.08,0.18209213411654696,True,True,True,False
4e609d9b5494b681eec7,adaptive,adaptive_allocation,779,2857228462,16,5000,0.08,0.05,rbf,median,anytime,bonferroni,1,10,False,UNRESOLVED,5000,True,False,True,0.0003809169866144657,0.08,0.18209213411654696,True,True,True,False
313438aef5baef0e5410,adaptive,adaptive_allocation,780,2415334903,16,5000,0.08,0.05,rbf,median,anytime,bonferroni,1,10,False,UNRESOLVED,5000,True,False,True,0.0003994579892605543,0.08,0.18209213411654696,True,True,True,False
6c54d36d448d4195c34f,adaptive,adaptive_allocation,781,3941997272,16,5000,0.08,0.05,rbf,median,anytime,bonferroni,1,10,False,UNRESOLVED,5000,True,False,True,0.00040062505286186934,0.08,0.18209213411654696,True,True,True,False
7ac3c3f1d671a013fb96,adaptive,adaptive_allocation,782,3168709377,16,5000,0.08,0.05,rbf,median,anytime,bonferroni,1,10,False,UNRESOLVED,5000,True,False,True,0.0004010830307379365,0.08,0.18209213411654696,True,True,True,False
435397e50cd8c4a6dee8,adaptive,adaptive_allocation,783,3204434772,16,5000,0.08,0.05,rbf,median,anytime,bonferroni,1,10,False,UNRESOLVED,5000,True,False,True,0.00040187500417232513,0.08,0.18209213411654696,True,True,True,False
fadb638b65db82958dcb,adaptive,adaptive_allocation,784,3042919484,16,5000,0.08,0.05,rbf,median,anytime,bonferroni,1,10,False,UNRESOLVED,5000,True,False,True,0.0004005419905297458,0.08,0.18209213411654696,True,True,True,False
bf011f29a8905059ef5b,adaptive,adaptive_allocation,785,2432028267,16,5000,0.08,0.05,rbf,median,anytime,bonferroni,1,10,False,UNRESOLVED,5000,True,False,True,0.0004015839658677578,0.08,0.18209213411654696,True,True,True,False
cae95e8ad8fcda9c7bf5,adaptive,adaptive_allocation,786,2524846243,16,5000,0.08,0.05,rbf,median,anytime,bonferroni,1,10,False,UNRESOLVED,5000,True,False,True,0.00039995904080569744,0.08,0.18209213411654696,True,True,True,False
0d950bab3bcea8404949,adaptive,adaptive_allocation,787,144206166,16,5000,0.08,0.05,rbf,median,anytime,bonferroni,1,10,False,UNRESOLVED,5000,True,False,True,0.00040008401265367866,0.08,0.18209213411654696,True,True,True,False
ddd499f23e7b19039bb3,adaptive,adaptive_allocation,788,680338389,16,5000,0.08,0.05,rbf,median,anytime,bonferroni,1,10,False,UNRESOLVED,5000,True,False,True,0.0004000829649157822,0.08,0.18209213411654696,True,True,True,False
82e6f56286dae78f157b,adaptive,adaptive_allocation,789,2428716624,16,5000,0.08,0.05,rbf,median,anytime,bonferroni,1,10,False,UNRESOLVED,5000,True,False,True,0.00040149997221305966,0.08,0.18209213411654696,True,True,True,False
2f40dccba63f35777705,adaptive,adaptive_allocation,790,248981593,16,5000,0.08,0.05,rbf,median,anytime,bonferroni,1,10,False,UNRESOLVED,5000,True,False,True,0.0003992499550804496,0.08,0.18209213411654696,True,True,True,False
52fdd2d27b811f474dbf,adaptive,adaptive_allocation,791,2149622084,16,5000,0.08,0.05,rbf,median,anytime,bonferroni,1,10,False,UNRESOLVED,5000,True,False,True,0.00040116702439263463,0.08,0.18209213411654696,True,True,True,False
2b5ade5835c9734cfa7a,adaptive,adaptive_allocation,792,1570919859,16,5000,0.08,0.05,rbf,median,anytime,bonferroni,1,10,False,UNRESOLVED,5000,True,False,True,0.00040141597855836153,0.08,0.18209213411654696,True,True,True,False
988ca173e81cf4acb387,adaptive,adaptive_allocation,793,385790677,16,5000,0.08,0.05,rbf,median,anytime,bonferroni,1,10,False,UNRESOLVED,5000,True,False,True,0.0004036249592900276,0.08,0.18209213411654696,True,True,True,False
10edcab7c64c09977476,adaptive,adaptive_allocation,794,3404182275,16,5000,0.08,0.05,rbf,median,anytime,bonferroni,1,10,False,UNRESOLVED,5000,True,False,True,0.00047158304369077086,0.08,0.18209213411654696,True,True,True,False
df61ad9dae04cca90318,adaptive,adaptive_allocation,795,565295823,16,5000,0.08,0.05,rbf,median,anytime,bonferroni,1,10,False,UNRESOLVED,5000,True,False,True,0.0005475840298458934,0.08,0.18209213411654696,True,True,True,False
5cf9327aa65f306d35b6,adaptive,adaptive_allocation,796,2580020060,16,5000,0.08,0.05,rbf,median,anytime,bonferroni,1,10,False,UNRESOLVED,5000,True,False,True,0.0004932090523652732,0.08,0.18209213411654696,True,True,True,False
6d456c7fa902b1f9d407,adaptive,adaptive_allocation,797,870731572,16,5000,0.08,0.05,rbf,median,anytime,bonferroni,1,10,False,UNRESOLVED,5000,True,False,True,0.0004830000107176602,0.08,0.18209213411654696,True,True,True,False
573607e80c7e1c9b9cca,adaptive,adaptive_allocation,798,3675166127,16,5000,0.08,0.05,rbf,median,anytime,bonferroni,1,10,False,UNRESOLVED,5000,True,False,True,0.0004796659923158586,0.08,0.18209213411654696,True,True,True,False
1412511263e3d89e9279,adaptive,adaptive_allocation,799,221073085,16,5000,0.08,0.05,rbf,median,anytime,bonferroni,1,10,False,UNRESOLVED,5000,True,False,True,0.0004854580038227141,0.08,0.18209213411654696,True,True,True,False
a865cb46dc6e10dda9a6,adaptive,adaptive_allocation,800,1836528353,16,5000,0.08,0.05,rbf,median,anytime,bonferroni,1,10,False,UNRESOLVED,5000,True,False,True,0.0004778750007972121,0.08,0.18209213411654696,True,True,True,False
e75ab50d368547be1e1e,adaptive,adaptive_allocation,801,716930544,16,5000,0.08,0.05,rbf,median,anytime,bonferroni,1,10,False,UNRESOLVED,5000,True,False,True,0.0004760409938171506,0.08,0.18209213411654696,True,True,True,False
b90e81297f564377e2cd,adaptive,adaptive_allocation,802,176295486,16,5000,0.08,0.05,rbf,median,anytime,bonferroni,1,10,False,UNRESOLVED,5000,True,False,True,0.00047383300261572003,0.08,0.18209213411654696,True,True,True,False
2cba4d2dadd50e22266b,adaptive,adaptive_allocation,803,761801433,16,5000,0.08,0.05,rbf,median,anytime,bonferroni,1,10,False,UNRESOLVED,5000,True,False,True,0.00047729199286550283,0.08,0.18209213411654696,True,True,True,False
5447023490602a48098b,adaptive,adaptive_allocation,804,2579671676,16,5000,0.08,0.05,rbf,median,anytime,bonferroni,1,10,False,UNRESOLVED,5000,True,False,True,0.0004920830251649022,0.08,0.18209213411654696,True,True,True,False
1be8f04da29c36bcadba,adaptive,adaptive_allocation,805,338287533,16,5000,0.08,0.05,rbf,median,anytime,bonferroni,1,10,False,UNRESOLVED,5000,True,False,True,0.000482457980979234,0.08,0.18209213411654696,True,True,True,False
432a77214b067e127a67,adaptive,adaptive_allocation,806,1770172984,16,5000,0.08,0.05,rbf,median,anytime,bonferroni,1,10,False,UNRESOLVED,5000,True,False,True,0.0004976249765604734,0.08,0.18209213411654696,True,True,True,False
88150cb27d984e0e7fc1,adaptive,adaptive_allocation,807,3845754868,16,5000,0.08,0.05,rbf,median,anytime,bonferroni,1,10,False,UNRESOLVED,5000,True,False,True,0.0005079170223325491,0.08,0.18209213411654696,True,True,True,False
e7d14d959cc993f50616,adaptive,adaptive_allocation,808,3998388659,16,5000,0.08,0.05,rbf,median,anytime,bonferroni,1,10,False,UNRESOLVED,5000,True,False,True,0.0005067919846624136,0.08,0.18209213411654696,True,True,True,False
8afeb61d1639d908e371,adaptive,adaptive_allocation,809,3716789095,16,5000,0.08,0.05,rbf,median,anytime,bonferroni,1,10,False,UNRESOLVED,5000,True,False,True,0.0004765000194311142,0.08,0.18209213411654696,True,True,True,False
7dd5d89aa142e5de73f4,adaptive,adaptive_allocation,810,742162814,16,5000,0.08,0.05,rbf,median,anytime,bonferroni,1,10,False,UNRESOLVED,5000,True,False,True,0.00047312502283602953,0.08,0.18209213411654696,True,True,True,False
10ee48f199d8130caa2d,adaptive,adaptive_allocation,811,2482496162,16,5000,0.08,0.05,rbf,median,anytime,bonferroni,1,10,False,UNRESOLVED,5000,True,False,True,0.0004719580174423754,0.08,0.18209213411654696,True,True,True,False
e6dce728eec12eb4ccd1,adaptive,adaptive_allocation,812,4146849392,16,5000,0.08,0.05,rbf,median,anytime,bonferroni,1,10,False,UNRESOLVED,5000,True,False,True,0.00047487503616139293,0.08,0.18209213411654696,True,True,True,False
ae452258ad32a85d5897,adaptive,adaptive_allocation,813,1482855824,16,5000,0.08,0.05,rbf,median,anytime,bonferroni,1,10,False,UNRESOLVED,5000,True,False,True,0.00047216698294505477,0.08,0.18209213411654696,True,True,True,False
d0ad0d43a4b927789781,adaptive,adaptive_allocation,814,605075846,16,5000,0.08,0.05,rbf,median,anytime,bonferroni,1,10,False,UNRESOLVED,5000,True,False,True,0.00043545797234401107,0.08,0.18209213411654696,True,True,True,False
d59bbd6a96c781568b71,adaptive,adaptive_allocation,815,1557894228,16,5000,0.08,0.05,rbf,median,anytime,bonferroni,1,10,False,UNRESOLVED,5000,True,False,True,0.0003677080385386944,0.08,0.18209213411654696,True,True,True,False
bcfdc086d20f130db40f,adaptive,adaptive_allocation,816,2122578831,16,5000,0.08,0.05,rbf,median,anytime,bonferroni,1,10,False,UNRESOLVED,5000,True,False,True,0.0003570839762687683,0.08,0.18209213411654696,True,True,True,False
c15081490e624dc0cc69,adaptive,adaptive_allocation,817,1755247778,16,5000,0.08,0.05,rbf,median,anytime,bonferroni,1,10,False,UNRESOLVED,5000,True,False,True,0.0003548749955371022,0.08,0.18209213411654696,True,True,True,False
add78bb578edac2a0027,adaptive,adaptive_allocation,818,515851911,16,5000,0.08,0.05,rbf,median,anytime,bonferroni,1,10,False,UNRESOLVED,5000,True,False,True,0.00035616697277873755,0.08,0.18209213411654696,True,True,True,False
d31f6915cbb574bf65ba,adaptive,adaptive_allocation,819,4044818226,16,5000,0.08,0.05,rbf,median,anytime,bonferroni,1,10,False,UNRESOLVED,5000,True,False,True,0.0003535000141710043,0.08,0.18209213411654696,True,True,True,False
2454b095f6179ebfb4fd,adaptive,adaptive_allocation,820,3301912439,16,5000,0.08,0.05,rbf,median,anytime,bonferroni,1,10,False,UNRESOLVED,5000,True,False,True,0.0003531249822117388,0.08,0.18209213411654696,True,True,True,False
741940491d17db5d4b2f,adaptive,adaptive_allocation,821,3839786837,16,5000,0.08,0.05,rbf,median,anytime,bonferroni,1,10,False,UNRESOLVED,5000,True,False,True,0.00034845800837501884,0.08,0.18209213411654696,True,True,True,False
155d0e97e1ca62e8009a,adaptive,adaptive_allocation,822,1984701054,16,5000,0.08,0.05,rbf,median,anytime,bonferroni,1,10,False,UNRESOLVED,5000,True,False,True,0.0003471659729257226,0.08,0.18209213411654696,True,True,True,False
149d57b59f67b34d8e8d,adaptive,adaptive_allocation,823,823699658,16,5000,0.08,0.05,rbf,median,anytime,bonferroni,1,10,False,UNRESOLVED,5000,True,False,True,0.00034908397356048226,0.08,0.18209213411654696,True,True,True,False
875eaf0c12b393560e47,adaptive,adaptive_allocation,824,1162604372,16,5000,0.08,0.05,rbf,median,anytime,bonferroni,1,10,False,UNRESOLVED,5000,True,False,True,0.00035158300306648016,0.08,0.18209213411654696,True,True,True,False
26054a51e1df09fd4c78,adaptive,adaptive_allocation,825,3508968335,16,5000,0.08,0.05,rbf,median,anytime,bonferroni,1,10,False,UNRESOLVED,5000,True,False,True,0.00034708401653915644,0.08,0.18209213411654696,True,True,True,False
050da96158d095dd05e1,adaptive,adaptive_allocation,826,796535569,16,5000,0.08,0.05,rbf,median,anytime,bonferroni,1,10,False,UNRESOLVED,5000,True,False,True,0.00034770899219438434,0.08,0.18209213411654696,True,True,True,False
3f690e829560404b1db2,adaptive,adaptive_allocation,827,2703228303,16,5000,0.08,0.05,rbf,median,anytime,bonferroni,1,10,False,UNRESOLVED,5000,True,False,True,0.0003457919810898602,0.08,0.18209213411654696,True,True,True,False
f8a7c03ed957626a497c,adaptive,adaptive_allocation,828,4131999249,16,5000,0.08,0.05,rbf,median,anytime,bonferroni,1,10,False,UNRESOLVED,5000,True,False,True,0.00034849997609853745,0.08,0.18209213411654696,True,True,True,False
147ebe4bba887d84e999,adaptive,adaptive_allocation,829,3745744133,16,5000,0.08,0.05,rbf,median,anytime,bonferroni,1,10,False,UNRESOLVED,5000,True,False,True,0.00034425000194460154,0.08,0.18209213411654696,True,True,True,False
9f098114b87244d1857c,adaptive,adaptive_allocation,830,2610462500,16,5000,0.08,0.05,rbf,median,anytime,bonferroni,1,10,False,UNRESOLVED,5000,True,False,True,0.0003453749814070761,0.08,0.18209213411654696,True,True,True,False
6ea9e5f38783c26821a8,adaptive,adaptive_allocation,831,3390687214,16,5000,0.08,0.05,rbf,median,anytime,bonferroni,1,10,False,UNRESOLVED,5000,True,False,True,0.0003450419753789902,0.08,0.18209213411654696,True,True,True,False
a45be6ae4f7f30558a97,adaptive,adaptive_allocation,832,2430855231,16,5000,0.08,0.05,rbf,median,anytime,bonferroni,1,10,False,UNRESOLVED,5000,True,False,True,0.00034849997609853745,0.08,0.18209213411654696,True,True,True,False
84f509bab32281cc9f6b,adaptive,adaptive_allocation,833,2660361173,16,5000,0.08,0.05,rbf,median,anytime,bonferroni,1,10,False,UNRESOLVED,5000,True,False,True,0.0003693340113386512,0.08,0.18209213411654696,True,True,True,False
25e5f2a81752fc44d48f,adaptive,adaptive_allocation,834,965180975,16,5000,0.08,0.05,rbf,median,anytime,bonferroni,1,10,False,UNRESOLVED,5000,True,False,True,0.00040204101242125034,0.08,0.18209213411654696,True,True,True,False
4538cb4d29071164dc82,adaptive,adaptive_allocation,835,4169882583,16,5000,0.08,0.05,rbf,median,anytime,bonferroni,1,10,False,UNRESOLVED,5000,True,False,True,0.0004004169604741037,0.08,0.18209213411654696,True,True,True,False
1d11f8b15e19b58dbdec,adaptive,adaptive_allocation,836,3434906012,16,5000,0.08,0.05,rbf,median,anytime,bonferroni,1,10,False,UNRESOLVED,5000,True,False,True,0.0004033749573864043,0.08,0.18209213411654696,True,True,True,False
8fa387d4ce1638f289f2,adaptive,adaptive_allocation,837,1552086330,16,5000,0.08,0.05,rbf,median,anytime,bonferroni,1,10,False,UNRESOLVED,5000,True,False,True,0.0003998749889433384,0.08,0.18209213411654696,True,True,True,False
5f7f93a02498b76b087b,adaptive,adaptive_allocation,838,3616617690,16,5000,0.08,0.05,rbf,median,anytime,bonferroni,1,10,False,UNRESOLVED,5000,True,False,True,0.000400707998778671,0.08,0.18209213411654696,True,True,True,False
a9caaae611eca21433d9,adaptive,adaptive_allocation,839,1883490421,16,5000,0.08,0.05,rbf,median,anytime,bonferroni,1,10,False,UNRESOLVED,5000,True,False,True,0.000401749974116683,0.08,0.18209213411654696,True,True,True,False
363b0e04c91fba189177,adaptive,adaptive_allocation,840,3512174428,16,5000,0.08,0.05,rbf,median,anytime,bonferroni,1,10,False,UNRESOLVED,5000,True,False,True,0.0004101250087842345,0.08,0.18209213411654696,True,True,True,False
211b4d4ced0ba86e4e0f,adaptive,adaptive_allocation,841,1141143027,16,5000,0.08,0.05,rbf,median,anytime,bonferroni,1,10,False,UNRESOLVED,5000,True,False,True,0.0004039589548483491,0.08,0.18209213411654696,True,True,True,False
699c427ca5351c056033,adaptive,adaptive_allocation,842,1855362474,16,5000,0.08,0.05,rbf,median,anytime,bonferroni,1,10,False,UNRESOLVED,5000,True,False,True,0.00040083302883431315,0.08,0.18209213411654696,True,True,True,False
09c987b4bead263c5f14,adaptive,adaptive_allocation,843,1238173158,16,5000,0.08,0.05,rbf,median,anytime,bonferroni,1,10,False,UNRESOLVED,5000,True,False,True,0.000401041004806757,0.08,0.18209213411654696,True,True,True,False
b1ef6925f71659c4e267,adaptive,adaptive_allocation,844,136772338,16,5000,0.08,0.05,rbf,median,anytime,bonferroni,1,10,False,UNRESOLVED,5000,True,False,True,0.0004058750346302986,0.08,0.18209213411654696,True,True,True,False
8612356d59d6d8112c2d,adaptive,adaptive_allocation,845,3729380839,16,5000,0.08,0.05,rbf,median,anytime,bonferroni,1,10,False,UNRESOLVED,5000,True,False,True,0.00040145800448954105,0.08,0.18209213411654696,True,True,True,False
4fefba93465fa64a6bf8,adaptive,adaptive_allocation,846,1058126459,16,5000,0.08,0.05,rbf,median,anytime,bonferroni,1,10,False,UNRESOLVED,5000,True,False,True,0.000401749974116683,0.08,0.18209213411654696,True,True,True,False
3a9be72cdc88ae463748,adaptive,adaptive_allocation,847,1941631213,16,5000,0.08,0.05,rbf,median,anytime,bonferroni,1,10,False,UNRESOLVED,5000,True,False,True,0.0004019159823656082,0.08,0.18209213411654696,True,True,True,False
5584f9f7e1cb4725bd06,adaptive,adaptive_allocation,848,85560192,16,5000,0.08,0.05,rbf,median,anytime,bonferroni,1,10,False,UNRESOLVED,5000,True,False,True,0.00040262500988319516,0.08,0.18209213411654696,True,True,True,False
d1a2aff6350a799ace67,adaptive,adaptive_allocation,849,2658704640,16,5000,0.08,0.05,rbf,median,anytime,bonferroni,1,10,False,UNRESOLVED,5000,True,False,True,0.00040083297062665224,0.08,0.18209213411654696,True,True,True,False
bb6bb6454a2f05924390,adaptive,adaptive_allocation,850,357530741,16,5000,0.08,0.05,rbf,median,anytime,bonferroni,1,10,False,UNRESOLVED,5000,True,False,True,0.00040029099909588695,0.08,0.18209213411654696,True,True,True,False
225d0e6602a74cc71dec,adaptive,adaptive_allocation,851,3242697333,16,5000,0.08,0.05,rbf,median,anytime,bonferroni,1,10,False,UNRESOLVED,5000,True,False,True,0.0003996670129708946,0.08,0.18209213411654696,True,True,True,False
1e49e0e9e3f4781417e6,adaptive,adaptive_allocation,852,4198712439,16,5000,0.08,0.05,rbf,median,anytime,bonferroni,1,10,False,UNRESOLVED,5000,True,False,True,0.00040537503082305193,0.08,0.18209213411654696,True,True,True,False
bf56755e8d14f5b3f845,adaptive,adaptive_allocation,853,3741373421,16,5000,0.08,0.05,rbf,median,anytime,bonferroni,1,10,False,UNRESOLVED,5000,True,False,True,0.00040154100861400366,0.08,0.18209213411654696,True,True,True,False
ffbe095cf08a391dcd96,adaptive,adaptive_allocation,854,1470695518,16,5000,0.08,0.05,rbf,median,anytime,bonferroni,1,10,False,UNRESOLVED,5000,True,False,True,0.00040158297633752227,0.08,0.18209213411654696,True,True,True,False
215881a1b346084dd795,adaptive,adaptive_allocation,855,3853451871,16,5000,0.08,0.05,rbf,median,anytime,bonferroni,1,10,False,UNRESOLVED,5000,True,False,True,0.0004010830307379365,0.08,0.18209213411654696,True,True,True,False
ee5587a66d4322551612,adaptive,adaptive_allocation,856,56062531,16,5000,0.08,0.05,rbf,median,anytime,bonferroni,1,10,False,UNRESOLVED,5000,True,False,True,0.0004053330048918724,0.08,0.18209213411654696,True,True,True,False
0cf345d41b2d4f810f1c,adaptive,adaptive_allocation,857,3498498400,16,5000,0.08,0.05,rbf,median,anytime,bonferroni,1,10,False,UNRESOLVED,5000,True,False,True,0.0003997919848188758,0.08,0.18209213411654696,True,True,True,False
7af6ac3a9acf36b67fd8,adaptive,adaptive_allocation,858,2960348754,16,5000,0.08,0.05,rbf,median,anytime,bonferroni,1,10,False,UNRESOLVED,5000,True,False,True,0.0004077500198036432,0.08,0.18209213411654696,True,True,True,False
3e9207ba5bb8163fa21d,adaptive,adaptive_allocation,859,632534510,16,5000,0.08,0.05,rbf,median,anytime,bonferroni,1,10,False,UNRESOLVED,5000,True,False,True,0.00040133402217179537,0.08,0.18209213411654696,True,True,True,False
cb7e76ed4b0ee6020406,adaptive,adaptive_allocation,860,1978753383,16,5000,0.08,0.05,rbf,median,anytime,bonferroni,1,10,False,UNRESOLVED,5000,True,False,True,0.0004034580197185278,0.08,0.18209213411654696,True,True,True,False
746988c1e6c4d3d40a69,adaptive,adaptive_allocation,861,3003811259,16,5000,0.08,0.05,rbf,median,anytime,bonferroni,1,10,False,UNRESOLVED,5000,True,False,True,0.00040437502320855856,0.08,0.18209213411654696,True,True,True,False
5e9f66c5a57b0eae0f4f,adaptive,adaptive_allocation,862,2822652786,16,5000,0.08,0.05,rbf,median,anytime,bonferroni,1,10,False,UNRESOLVED,5000,True,False,True,0.0004005830269306898,0.08,0.18209213411654696,True,True,True,False
1af9f6272330ecfeba93,adaptive,adaptive_allocation,863,833966372,16,5000,0.08,0.05,rbf,median,anytime,bonferroni,1,10,False,UNRESOLVED,5000,True,False,True,0.00040095800068229437,0.08,0.18209213411654696,True,True,True,False
2effe870a3b3e7c04ca5,adaptive,adaptive_allocation,864,423627140,16,5000,0.08,0.05,rbf,median,anytime,bonferroni,1,10,False,UNRESOLVED,5000,True,False,True,0.0004041659994982183,0.08,0.18209213411654696,True,True,True,False
488d1a4917dd21642443,adaptive,adaptive_allocation,865,3866615934,16,5000,0.08,0.05,rbf,median,anytime,bonferroni,1,10,False,UNRESOLVED,5000,True,False,True,0.00040141702629625797,0.08,0.18209213411654696,True,True,True,False
700b2f0ed29b794541eb,adaptive,adaptive_allocation,866,3924280835,16,5000,0.08,0.05,rbf,median,anytime,bonferroni,1,10,False,UNRESOLVED,5000,True,False,True,0.00040600000647827983,0.08,0.18209213411654696,True,True,True,False
7eec80ce87a2dcbc61a1,adaptive,adaptive_allocation,867,1791487906,16,5000,0.08,0.05,rbf,median,anytime,bonferroni,1,10,False,UNRESOLVED,5000,True,False,True,0.00039958301931619644,0.08,0.18209213411654696,True,True,True,False
75d8bac3e16004e0d881,adaptive,adaptive_allocation,868,4014004480,16,5000,0.08,0.05,rbf,median,anytime,bonferroni,1,10,False,UNRESOLVED,5000,True,False,True,0.0004035830497741699,0.08,0.18209213411654696,True,True,True,False
b8a8a16ee424a2fa60bc,adaptive,adaptive_allocation,869,2512343228,16,5000,0.08,0.05,rbf,median,anytime,bonferroni,1,10,False,UNRESOLVED,5000,True,False,True,0.00039962498703971505,0.08,0.18209213411654696,True,True,True,False
bf9d5cb6ccc05d5a863e,adaptive,adaptive_allocation,870,3116036240,16,5000,0.08,0.05,rbf,median,anytime,bonferroni,1,10,False,UNRESOLVED,5000,True,False,True,0.00039995898259803653,0.08,0.18209213411654696,True,True,True,False
6a6e5b1c9aab2e5d6757,adaptive,adaptive_allocation,871,452895053,16,5000,0.08,0.05,rbf,median,anytime,bonferroni,1,10,False,UNRESOLVED,5000,True,False,True,0.00040120899211615324,0.08,0.18209213411654696,True,True,True,False
b7ec27f04b52583c6692,adaptive,adaptive_allocation,872,1389685869,16,5000,0.08,0.05,rbf,median,anytime,bonferroni,1,10,False,UNRESOLVED,5000,True,False,True,0.00042891601333394647,0.08,0.18209213411654696,True,True,True,False
f366597575d668bbc2e5,adaptive,adaptive_allocation,873,3860636206,16,5000,0.08,0.05,rbf,median,anytime,bonferroni,1,10,False,UNRESOLVED,5000,True,False,True,0.0003981659538112581,0.08,0.18209213411654696,True,True,True,False
ac8f94e9146cb3c1f1ca,adaptive,adaptive_allocation,874,2219838062,16,5000,0.08,0.05,rbf,median,anytime,bonferroni,1,10,False,UNRESOLVED,5000,True,False,True,0.00040137500036507845,0.08,0.18209213411654696,True,True,True,False
5b9b2def5d2843fc4cf6,adaptive,adaptive_allocation,875,2488084611,16,5000,0.08,0.05,rbf,median,anytime,bonferroni,1,10,False,UNRESOLVED,5000,True,False,True,0.0004012910067103803,0.08,0.18209213411654696,True,True,True,False
ea536f2847859bb75610,adaptive,adaptive_allocation,876,3528927096,16,5000,0.08,0.05,rbf,median,anytime,bonferroni,1,10,False,UNRESOLVED,5000,True,False,True,0.00040508300298824906,0.08,0.18209213411654696,True,True,True,False
4a9b10b2f0d5e7738c1a,adaptive,adaptive_allocation,877,2199396601,16,5000,0.08,0.05,rbf,median,anytime,bonferroni,1,10,False,UNRESOLVED,5000,True,False,True,0.0004016660386696458,0.08,0.18209213411654696,True,True,True,False
04fccbcd67fe031d9e52,adaptive,adaptive_allocation,878,719666207,16,5000,0.08,0.05,rbf,median,anytime,bonferroni,1,10,False,UNRESOLVED,5000,True,False,True,0.0004022089997306466,0.08,0.18209213411654696,True,True,True,False
9b934663db3a7cca050d,adaptive,adaptive_allocation,879,1755087698,16,5000,0.08,0.05,rbf,median,anytime,bonferroni,1,10,False,UNRESOLVED,5000,True,False,True,0.00040137500036507845,0.08,0.18209213411654696,True,True,True,False
e930611adfd41e0244da,adaptive,adaptive_allocation,880,4221788257,16,5000,0.08,0.05,rbf,median,anytime,bonferroni,1,10,False,UNRESOLVED,5000,True,False,True,0.00040375004755333066,0.08,0.18209213411654696,True,True,True,False
9ca06d584cf81c64e899,adaptive,adaptive_allocation,881,3444985919,16,5000,0.08,0.05,rbf,median,anytime,bonferroni,1,10,False,UNRESOLVED,5000,True,False,True,0.00040125002851709723,0.08,0.18209213411654696,True,True,True,False
9cdba9949f345ae5cefd,adaptive,adaptive_allocation,882,676701542,16,5000,0.08,0.05,rbf,median,anytime,bonferroni,1,10,False,UNRESOLVED,5000,True,False,True,0.00040145800448954105,0.08,0.18209213411654696,True,True,True,False
59d4ada2d04bc0439e78,adaptive,adaptive_allocation,883,1983510233,16,5000,0.08,0.05,rbf,median,anytime,bonferroni,1,10,False,UNRESOLVED,5000,True,False,True,0.00039837497752159834,0.08,0.18209213411654696,True,True,True,False
d631fb74c90dd1c7b329,adaptive,adaptive_allocation,884,2633698391,16,5000,0.08,0.05,rbf,median,anytime,bonferroni,1,10,False,UNRESOLVED,5000,True,False,True,0.0004039580235257745,0.08,0.18209213411654696,True,True,True,False
c0109200fdaed9dcfa3e,adaptive,adaptive_allocation,885,820868094,16,5000,0.08,0.05,rbf,median,anytime,bonferroni,1,10,False,UNRESOLVED,5000,True,False,True,0.0004003749927505851,0.08,0.18209213411654696,True,True,True,False
e856bcb1aebdb678dd6d,adaptive,adaptive_allocation,886,2197720411,16,5000,0.08,0.05,rbf,median,anytime,bonferroni,1,10,False,UNRESOLVED,5000,True,False,True,0.00039933400694280863,0.08,0.18209213411654696,True,True,True,False
80318e52778a47350525,adaptive,adaptive_allocation,887,3304917460,16,5000,0.08,0.05,rbf,median,anytime,bonferroni,1,10,False,UNRESOLVED,5000,True,False,True,0.00040550000267103314,0.08,0.18209213411654696,True,True,True,False
a53230b7012972e108be,adaptive,adaptive_allocation,888,1945237556,16,5000,0.08,0.05,rbf,median,anytime,bonferroni,1,10,False,UNRESOLVED,5000,True,False,True,0.0004052089643664658,0.08,0.18209213411654696,True,True,True,False
a57f9e93defed2aad14c,adaptive,adaptive_allocation,889,1449750218,16,5000,0.08,0.05,rbf,median,anytime,bonferroni,1,10,False,UNRESOLVED,5000,True,False,True,0.00040316703962162137,0.08,0.18209213411654696,True,True,True,False
9cb8cb73f815a20986d3,adaptive,adaptive_allocation,890,1680977822,16,5000,0.08,0.05,rbf,median,anytime,bonferroni,1,10,False,UNRESOLVED,5000,True,False,True,0.0004000000189989805,0.08,0.18209213411654696,True,True,True,False
f67b3f0ae278a09d6c04,adaptive,adaptive_allocation,891,2901471662,16,5000,0.08,0.05,rbf,median,anytime,bonferroni,1,10,False,UNRESOLVED,5000,True,False,True,0.0004008750547654927,0.08,0.18209213411654696,True,True,True,False
4741639d9cfe262a0468,adaptive,adaptive_allocation,892,3773838814,16,5000,0.08,0.05,rbf,median,anytime,bonferroni,1,10,False,UNRESOLVED,5000,True,False,True,0.0004112499882467091,0.08,0.18209213411654696,True,True,True,False
55a71672ebe4c8ab7252,adaptive,adaptive_allocation,893,2205169078,16,5000,0.08,0.05,rbf,median,anytime,bonferroni,1,10,False,UNRESOLVED,5000,True,False,True,0.00040620804065838456,0.08,0.18209213411654696,True,True,True,False
0c9dc30c75f543925568,adaptive,adaptive_allocation,894,3998417348,16,5000,0.08,0.05,rbf,median,anytime,bonferroni,1,10,False,UNRESOLVED,5000,True,False,True,0.0004074580501765013,0.08,0.18209213411654696,True,True,True,False
f8c9f77ed14d458395db,adaptive,adaptive_allocation,895,3155487571,16,5000,0.08,0.05,rbf,median,anytime,bonferroni,1,10,False,UNRESOLVED,5000,True,False,True,0.0004013329744338989,0.08,0.18209213411654696,True,True,True,False
95a5dd2f5e02d9606c0b,adaptive,adaptive_allocation,896,994467879,16,5000,0.08,0.05,rbf,median,anytime,bonferroni,1,10,False,UNRESOLVED,5000,True,False,True,0.00040566601091995835,0.08,0.18209213411654696,True,True,True,False
613b04c4ef1581564703,adaptive,adaptive_allocation,897,2872068749,16,5000,0.08,0.05,rbf,median,anytime,bonferroni,1,10,False,UNRESOLVED,5000,True,False,True,0.0004015000304207206,0.08,0.18209213411654696,True,True,True,False
b2f4ec769a7db414d762,adaptive,adaptive_allocation,898,4088643528,16,5000,0.08,0.05,rbf,median,anytime,bonferroni,1,10,False,UNRESOLVED,5000,True,False,True,0.0004010829725302756,0.08,0.18209213411654696,True,True,True,False
54a11426417375e35831,adaptive,adaptive_allocation,899,1357582914,16,5000,0.08,0.05,rbf,median,anytime,bonferroni,1,10,False,UNRESOLVED,5000,True,False,True,0.00039966602344065905,0.08,0.18209213411654696,True,True,True,False
23905f162ec2422758d6,adaptive,adaptive_allocation,900,3299609376,16,5000,0.08,0.05,rbf,median,anytime,bonferroni,1,10,False,UNRESOLVED,5000,True,False,True,0.0004039580235257745,0.08,0.18209213411654696,True,True,True,False
7e672b388ac6581cf769,adaptive,adaptive_allocation,901,3779852170,16,5000,0.08,0.05,rbf,median,anytime,bonferroni,1,10,False,UNRESOLVED,5000,True,False,True,0.000400707998778671,0.08,0.18209213411654696,True,True,True,False
19ee07e887aa7ffa8409,adaptive,adaptive_allocation,902,2997307549,16,5000,0.08,0.05,rbf,median,anytime,bonferroni,1,10,False,UNRESOLVED,5000,True,False,True,0.0003995409933850169,0.08,0.18209213411654696,True,True,True,False
fc87df3235f8552d1c5b,adaptive,adaptive_allocation,903,660433976,16,5000,0.08,0.05,rbf,median,anytime,bonferroni,1,10,False,UNRESOLVED,5000,True,False,True,0.0004014590522274375,0.08,0.18209213411654696,True,True,True,False
48ea59840ac54fcdfe9d,adaptive,adaptive_allocation,904,1909952201,16,5000,0.08,0.05,rbf,median,anytime,bonferroni,1,10,False,UNRESOLVED,5000,True,False,True,0.0004023750079795718,0.08,0.18209213411654696,True,True,True,False
2505e9e1388827022913,adaptive,adaptive_allocation,905,270447242,16,5000,0.08,0.05,rbf,median,anytime,bonferroni,1,10,False,UNRESOLVED,5000,True,False,True,0.0004015419981442392,0.08,0.18209213411654696,True,True,True,False
28ab1671951cbb60d2b3,adaptive,adaptive_allocation,906,198790813,16,5000,0.08,0.05,rbf,median,anytime,bonferroni,1,10,False,UNRESOLVED,5000,True,False,True,0.00040179200004786253,0.08,0.18209213411654696,True,True,True,False
7528736bc51284030f63,adaptive,adaptive_allocation,907,96742090,16,5000,0.08,0.05,rbf,median,anytime,bonferroni,1,10,False,UNRESOLVED,5000,True,False,True,0.0004016670281998813,0.08,0.18209213411654696,True,True,True,False
93a34561d7b15613fe42,adaptive,adaptive_allocation,908,2251891993,16,5000,0.08,0.05,rbf,median,anytime,bonferroni,1,10,False,UNRESOLVED,5000,True,False,True,0.0004036249592900276,0.08,0.18209213411654696,True,True,True,False
baa3a776f34d600252f7,adaptive,adaptive_allocation,909,8438667,16,5000,0.08,0.05,rbf,median,anytime,bonferroni,1,10,False,UNRESOLVED,5000,True,False,True,0.00040241703391075134,0.08,0.18209213411654696,True,True,True,False
704022a0c0eb254e9ddc,adaptive,adaptive_allocation,910,83686845,16,5000,0.08,0.05,rbf,median,anytime,bonferroni,1,10,False,UNRESOLVED,5000,True,False,True,0.00040324998553842306,0.08,0.18209213411654696,True,True,True,False
b286973d33b6458035d2,adaptive,adaptive_allocation,911,2470237757,16,5000,0.08,0.05,rbf,median,anytime,bonferroni,1,10,False,UNRESOLVED,5000,True,False,True,0.0004010829725302756,0.08,0.18209213411654696,True,True,True,False
b76e26a00d1fb2dd834c,adaptive,adaptive_allocation,912,1716095841,16,5000,0.08,0.05,rbf,median,anytime,bonferroni,1,10,False,UNRESOLVED,5000,True,False,True,0.0004052089643664658,0.08,0.18209213411654696,True,True,True,False
93c22281bdde430039bf,adaptive,adaptive_allocation,913,3444270132,16,5000,0.08,0.05,rbf,median,anytime,bonferroni,1,10,False,UNRESOLVED,5000,True,False,True,0.0005072089843451977,0.08,0.18209213411654696,True,True,True,False
82c51adbc54cb02e255a,adaptive,adaptive_allocation,914,1708880498,16,5000,0.08,0.05,rbf,median,anytime,bonferroni,1,10,False,UNRESOLVED,5000,True,False,True,0.0005492090131156147,0.08,0.18209213411654696,True,True,True,False
c3af8b9477a22aa5e1ea,adaptive,adaptive_allocation,915,1409897091,16,5000,0.08,0.05,rbf,median,anytime,bonferroni,1,10,False,UNRESOLVED,5000,True,False,True,0.0004923749947920442,0.08,0.18209213411654696,True,True,True,False
7a971c38d79684e4913d,adaptive,adaptive_allocation,916,3354706417,16,5000,0.08,0.05,rbf,median,anytime,bonferroni,1,10,False,UNRESOLVED,5000,True,False,True,0.0004861250054091215,0.08,0.18209213411654696,True,True,True,False
c9154177381a978a1398,adaptive,adaptive_allocation,917,2236106910,16,5000,0.08,0.05,rbf,median,anytime,bonferroni,1,10,False,UNRESOLVED,5000,True,False,True,0.0004808329977095127,0.08,0.18209213411654696,True,True,True,False
bd44c94376bb0d1431d5,adaptive,adaptive_allocation,918,1553220716,16,5000,0.08,0.05,rbf,median,anytime,bonferroni,1,10,False,UNRESOLVED,5000,True,False,True,0.00047862494830042124,0.08,0.18209213411654696,True,True,True,False
02130b9f06c54c84447a,adaptive,adaptive_allocation,919,1742979049,16,5000,0.08,0.05,rbf,median,anytime,bonferroni,1,10,False,UNRESOLVED,5000,True,False,True,0.00047974998597055674,0.08,0.18209213411654696,True,True,True,False
24a962c06660860d53d3,adaptive,adaptive_allocation,920,2566492827,16,5000,0.08,0.05,rbf,median,anytime,bonferroni,1,10,False,UNRESOLVED,5000,True,False,True,0.0004999579978175461,0.08,0.18209213411654696,True,True,True,False
9d140b9bf895eae427e1,adaptive,adaptive_allocation,921,1844936812,16,5000,0.08,0.05,rbf,median,anytime,bonferroni,1,10,False,UNRESOLVED,5000,True,False,True,0.0004823339986614883,0.08,0.18209213411654696,True,True,True,False
361d2d312f08ff9aac39,adaptive,adaptive_allocation,922,4116965808,16,5000,0.08,0.05,rbf,median,anytime,bonferroni,1,10,False,UNRESOLVED,5000,True,False,True,0.0004938750062137842,0.08,0.18209213411654696,True,True,True,False
ff3bf14f890254d731b6,adaptive,adaptive_allocation,923,3261979875,16,5000,0.08,0.05,rbf,median,anytime,bonferroni,1,10,False,UNRESOLVED,5000,True,False,True,0.0005096670356579125,0.08,0.18209213411654696,True,True,True,False
b072f1126f15ebda45b4,adaptive,adaptive_allocation,924,247502560,16,5000,0.08,0.05,rbf,median,anytime,bonferroni,1,10,False,UNRESOLVED,5000,True,False,True,0.0005474579520523548,0.08,0.18209213411654696,True,True,True,False
e186e412d15fce4d2a57,adaptive,adaptive_allocation,925,639458498,16,5000,0.08,0.05,rbf,median,anytime,bonferroni,1,10,False,UNRESOLVED,5000,True,False,True,0.0005151670193299651,0.08,0.18209213411654696,True,True,True,False
4a4de2f98c4584a0ce64,adaptive,adaptive_allocation,926,4055034206,16,5000,0.08,0.05,rbf,median,anytime,bonferroni,1,10,False,UNRESOLVED,5000,True,False,True,0.0004944999818690121,0.08,0.18209213411654696,True,True,True,False
fb9251daed88c57f4aab,adaptive,adaptive_allocation,927,909069612,16,5000,0.08,0.05,rbf,median,anytime,bonferroni,1,10,False,UNRESOLVED,5000,True,False,True,0.00048633298138156533,0.08,0.18209213411654696,True,True,True,False
6613a5fbe840aa621785,adaptive,adaptive_allocation,928,2556355138,16,5000,0.08,0.05,rbf,median,anytime,bonferroni,1,10,False,UNRESOLVED,5000,True,False,True,0.00047687499318271875,0.08,0.18209213411654696,True,True,True,False
936ee8e6d39f08ba5e57,adaptive,adaptive_allocation,929,2219348089,16,5000,0.08,0.05,rbf,median,anytime,bonferroni,1,10,False,UNRESOLVED,5000,True,False,True,0.00047387502854689956,0.08,0.18209213411654696,True,True,True,False
4fd1b1bfb8da300a62a7,adaptive,adaptive_allocation,930,2264474223,16,5000,0.08,0.05,rbf,median,anytime,bonferroni,1,10,False,UNRESOLVED,5000,True,False,True,0.0004739590222015977,0.08,0.18209213411654696,True,True,True,False
9c81f8fc53f549f2431e,adaptive,adaptive_allocation,931,235212812,16,5000,0.08,0.05,rbf,median,anytime,bonferroni,1,10,False,UNRESOLVED,5000,True,False,True,0.00047687499318271875,0.08,0.18209213411654696,True,True,True,False
af0b5362c2ff64175bf4,adaptive,adaptive_allocation,932,2484654563,16,5000,0.08,0.05,rbf,median,anytime,bonferroni,1,10,False,UNRESOLVED,5000,True,False,True,0.0004444169462658465,0.08,0.18209213411654696,True,True,True,False
88499bf5447eb21be50c,adaptive,adaptive_allocation,933,2976420547,16,5000,0.08,0.05,rbf,median,anytime,bonferroni,1,10,False,UNRESOLVED,5000,True,False,True,0.0003816249663941562,0.08,0.18209213411654696,True,True,True,False
b2fdcdb116c50f0a7d27,adaptive,adaptive_allocation,934,856874599,16,5000,0.08,0.05,rbf,median,anytime,bonferroni,1,10,False,UNRESOLVED,5000,True,False,True,0.0003534170100465417,0.08,0.18209213411654696,True,True,True,False
1b9244a58cc1fd813f9e,adaptive,adaptive_allocation,935,3654234361,16,5000,0.08,0.05,rbf,median,anytime,bonferroni,1,10,False,UNRESOLVED,5000,True,False,True,0.00034974998561665416,0.08,0.18209213411654696,True,True,True,False
80042207b4f8b0ca7d45,adaptive,adaptive_allocation,936,1502378059,16,5000,0.08,0.05,rbf,median,anytime,bonferroni,1,10,False,UNRESOLVED,5000,True,False,True,0.0003480419982224703,0.08,0.18209213411654696,True,True,True,False
340e96e0c64ccfcfaf20,adaptive,adaptive_allocation,937,1713379840,16,5000,0.08,0.05,rbf,median,anytime,bonferroni,1,10,False,UNRESOLVED,5000,True,False,True,0.0003520409809425473,0.08,0.18209213411654696,True,True,True,False
0c5515203e2474b744a2,adaptive,adaptive_allocation,938,1017012410,16,5000,0.08,0.05,rbf,median,anytime,bonferroni,1,10,False,UNRESOLVED,5000,True,False,True,0.00035183399450033903,0.08,0.18209213411654696,True,True,True,False
5e0ffdd877b4baee3103,adaptive,adaptive_allocation,939,3155017071,16,5000,0.08,0.05,rbf,median,anytime,bonferroni,1,10,False,UNRESOLVED,5000,True,False,True,0.0003483329783193767,0.08,0.18209213411654696,True,True,True,False
9a937c9f1fad87c0f9e1,adaptive,adaptive_allocation,940,3821036869,16,5000,0.08,0.05,rbf,median,anytime,bonferroni,1,10,False,UNRESOLVED,5000,True,False,True,0.0003475419944152236,0.08,0.18209213411654696,True,True,True,False
65345f982a11c5b6235e,adaptive,adaptive_allocation,941,3343338485,16,5000,0.08,0.05,rbf,median,anytime,bonferroni,1,10,False,UNRESOLVED,5000,True,False,True,0.0003567079547792673,0.08,0.18209213411654696,True,True,True,False
086c3b764e614af1532c,adaptive,adaptive_allocation,942,3340435924,16,5000,0.08,0.05,rbf,median,anytime,bonferroni,1,10,False,UNRESOLVED,5000,True,False,True,0.00040258304215967655,0.08,0.18209213411654696,True,True,True,False
2f6dcf31ef57d4707703,adaptive,adaptive_allocation,943,862187607,16,5000,0.08,0.05,rbf,median,anytime,bonferroni,1,10,False,UNRESOLVED,5000,True,False,True,0.0004034170415252447,0.08,0.18209213411654696,True,True,True,False
fbb04f5a758dd5418df3,adaptive,adaptive_allocation,944,1970445678,16,5000,0.08,0.05,rbf,median,anytime,bonferroni,1,10,False,UNRESOLVED,5000,True,False,True,0.0004029159899801016,0.08,0.18209213411654696,True,True,True,False
83ce1b660d3dbc43811f,adaptive,adaptive_allocation,945,3950519841,16,5000,0.08,0.05,rbf,median,anytime,bonferroni,1,10,False,UNRESOLVED,5000,True,False,True,0.00040800002170726657,0.08,0.18209213411654696,True,True,True,False
9f4235eec79d28f7e9f9,adaptive,adaptive_allocation,946,447054601,16,5000,0.08,0.05,rbf,median,anytime,bonferroni,1,10,False,UNRESOLVED,5000,True,False,True,0.00040195800829678774,0.08,0.18209213411654696,True,True,True,False
1fa7c2c4c1b6356cea6b,adaptive,adaptive_allocation,947,630264299,16,5000,0.08,0.05,rbf,median,anytime,bonferroni,1,10,False,UNRESOLVED,5000,True,False,True,0.000401749974116683,0.08,0.18209213411654696,True,True,True,False
1ef226e9b71e53f45608,adaptive,adaptive_allocation,948,2320633515,16,5000,0.08,0.05,rbf,median,anytime,bonferroni,1,10,False,UNRESOLVED,5000,True,False,True,0.00039954204112291336,0.08,0.18209213411654696,True,True,True,False
afc3d347f08267903de3,adaptive,adaptive_allocation,949,1674207678,16,5000,0.08,0.05,rbf,median,anytime,bonferroni,1,10,False,UNRESOLVED,5000,True,False,True,0.0004076249897480011,0.08,0.18209213411654696,True,True,True,False
da54eaefe355916b007b,adaptive,adaptive_allocation,950,3993781603,16,5000,0.08,0.05,rbf,median,anytime,bonferroni,1,10,False,UNRESOLVED,5000,True,False,True,0.0004021250060759485,0.08,0.18209213411654696,True,True,True,False
44b477eb0cc8e9b007e3,adaptive,adaptive_allocation,951,3553868831,16,5000,0.08,0.05,rbf,median,anytime,bonferroni,1,10,False,UNRESOLVED,5000,True,False,True,0.00040258397348225117,0.08,0.18209213411654696,True,True,True,False
aa0837dd0adaa63af1ef,adaptive,adaptive_allocation,952,1597326290,16,5000,0.08,0.05,rbf,median,anytime,bonferroni,1,10,False,UNRESOLVED,5000,True,False,True,0.00040441699093207717,0.08,0.18209213411654696,True,True,True,False
eda94e45b0fc5819895a,adaptive,adaptive_allocation,953,3518314085,16,5000,0.08,0.05,rbf,median,anytime,bonferroni,1,10,False,UNRESOLVED,5000,True,False,True,0.0004062090301886201,0.08,0.18209213411654696,True,True,True,False
866bdc9bb4aaa11a3f6b,adaptive,adaptive_allocation,954,213524785,16,5000,0.08,0.05,rbf,median,anytime,bonferroni,1,10,False,UNRESOLVED,5000,True,False,True,0.000401791010517627,0.08,0.18209213411654696,True,True,True,False
ccec22ef4a4e1ff94b70,adaptive,adaptive_allocation,955,4230834233,16,5000,0.08,0.05,rbf,median,anytime,bonferroni,1,10,False,UNRESOLVED,5000,True,False,True,0.00040012499084696174,0.08,0.18209213411654696,True,True,True,False
a0a25a0b758d90f9a57c,adaptive,adaptive_allocation,956,4191000816,16,5000,0.08,0.05,rbf,median,anytime,bonferroni,1,10,False,UNRESOLVED,5000,True,False,True,0.00040379195706918836,0.08,0.18209213411654696,True,True,True,False
5dd33ebc683d3c76c5be,adaptive,adaptive_allocation,957,350057995,16,5000,0.08,0.05,rbf,median,anytime,bonferroni,1,10,False,UNRESOLVED,5000,True,False,True,0.0005610000225715339,0.08,0.18209213411654696,True,True,True,False
53336553a15ac1821ce4,adaptive,adaptive_allocation,958,1674668966,16,5000,0.08,0.05,rbf,median,anytime,bonferroni,1,10,False,UNRESOLVED,5000,True,False,True,0.0004947910201735795,0.08,0.18209213411654696,True,True,True,False
a5cedbf898df09bd12fd,adaptive,adaptive_allocation,959,3507650147,16,5000,0.08,0.05,rbf,median,anytime,bonferroni,1,10,False,UNRESOLVED,5000,True,False,True,0.0005087080062367022,0.08,0.18209213411654696,True,True,True,False
f3c6b67b6605b4c0094e,adaptive,adaptive_allocation,960,684273078,16,5000,0.08,0.05,rbf,median,anytime,bonferroni,1,10,False,UNRESOLVED,5000,True,False,True,0.0005067499587312341,0.08,0.18209213411654696,True,True,True,False
da35bda3cb129680a952,adaptive,adaptive_allocation,961,280985572,16,5000,0.08,0.05,rbf,median,anytime,bonferroni,1,10,False,UNRESOLVED,5000,True,False,True,0.0005068340105935931,0.08,0.18209213411654696,True,True,True,False
a6cb3cde33f3a4c26f5d,adaptive,adaptive_allocation,962,3059219433,16,5000,0.08,0.05,rbf,median,anytime,bonferroni,1,10,False,UNRESOLVED,5000,True,False,True,0.000476334011182189,0.08,0.18209213411654696,True,True,True,False
9da230ba51ea9fd9b830,adaptive,adaptive_allocation,963,4217898117,16,5000,0.08,0.05,rbf,median,anytime,bonferroni,1,10,False,UNRESOLVED,5000,True,False,True,0.0004766249912790954,0.08,0.18209213411654696,True,True,True,False
39e1aa217295ec3d36f6,adaptive,adaptive_allocation,964,3422560500,16,5000,0.08,0.05,rbf,median,anytime,bonferroni,1,10,False,UNRESOLVED,5000,True,False,True,0.0004761249874718487,0.08,0.18209213411654696,True,True,True,False
3b83dfd34bb65e43a739,adaptive,adaptive_allocation,965,233504402,16,5000,0.08,0.05,rbf,median,anytime,bonferroni,1,10,False,UNRESOLVED,5000,True,False,True,0.00047800003085285425,0.08,0.18209213411654696,True,True,True,False
665f8c66fa70cb0e0347,adaptive,adaptive_allocation,966,558032309,16,5000,0.08,0.05,rbf,median,anytime,bonferroni,1,10,False,UNRESOLVED,5000,True,False,True,0.00047624995931982994,0.08,0.18209213411654696,True,True,True,False
57ec463d8dc17b4ecc39,adaptive,adaptive_allocation,967,495234417,16,5000,0.08,0.05,rbf,median,anytime,bonferroni,1,10,False,UNRESOLVED,5000,True,False,True,0.00047620898112654686,0.08,0.18209213411654696,True,True,True,False
3881a3f08d16c79d2fa4,adaptive,adaptive_allocation,968,1397041888,16,5000,0.08,0.05,rbf,median,anytime,bonferroni,1,10,False,UNRESOLVED,5000,True,False,True,0.00047625001752749085,0.08,0.18209213411654696,True,True,True,False
b20019e81920aa09568f,adaptive,adaptive_allocation,969,4055022389,16,5000,0.08,0.05,rbf,median,anytime,bonferroni,1,10,False,UNRESOLVED,5000,True,False,True,0.00047604204155504704,0.08,0.18209213411654696,True,True,True,False
864bbc0d3063875a65d4,adaptive,adaptive_allocation,970,1857128872,16,5000,0.08,0.05,rbf,median,anytime,bonferroni,1,10,False,UNRESOLVED,5000,True,False,True,0.00047333299880847335,0.08,0.18209213411654696,True,True,True,False
8cab7145957c3a382b52,adaptive,adaptive_allocation,971,23410679,16,5000,0.08,0.05,rbf,median,anytime,bonferroni,1,10,False,UNRESOLVED,5000,True,False,True,0.0004734169924631715,0.08,0.18209213411654696,True,True,True,False
22c9b96db2060ffe504e,adaptive,adaptive_allocation,972,3136381661,16,5000,0.08,0.05,rbf,median,anytime,bonferroni,1,10,False,UNRESOLVED,5000,True,False,True,0.0004734169924631715,0.08,0.18209213411654696,True,True,True,False
8f5a59485d4caa3ee937,adaptive,adaptive_allocation,973,1437013719,16,5000,0.08,0.05,rbf,median,anytime,bonferroni,1,10,False,UNRESOLVED,5000,True,False,True,0.00047500000800937414,0.08,0.18209213411654696,True,True,True,False
6735347dfde09a7d22fb,adaptive,adaptive_allocation,974,1137868777,16,5000,0.08,0.05,rbf,median,anytime,bonferroni,1,10,False,UNRESOLVED,5000,True,False,True,0.000471667037345469,0.08,0.18209213411654696,True,True,True,False
e858d29517409e465452,adaptive,adaptive_allocation,975,3816676763,16,5000,0.08,0.05,rbf,median,anytime,bonferroni,1,10,False,UNRESOLVED,5000,True,False,True,0.0004799170419573784,0.08,0.18209213411654696,True,True,True,False
a49d427a04898aa1fb08,adaptive,adaptive_allocation,976,1329018335,16,5000,0.08,0.05,rbf,median,anytime,bonferroni,1,10,False,UNRESOLVED,5000,True,False,True,0.0004720840370282531,0.08,0.18209213411654696,True,True,True,False
74ced9d6eb0949f043a4,adaptive,adaptive_allocation,977,3585561780,16,5000,0.08,0.05,rbf,median,anytime,bonferroni,1,10,False,UNRESOLVED,5000,True,False,True,0.0004174159839749336,0.08,0.18209213411654696,True,True,True,False
4dc9ae985065cb326312,adaptive,adaptive_allocation,978,2769303075,16,5000,0.08,0.05,rbf,median,anytime,bonferroni,1,10,False,UNRESOLVED,5000,True,False,True,0.00040612497832626104,0.08,0.18209213411654696,True,True,True,False
c2f409139292a9c43894,adaptive,adaptive_allocation,979,740582827,16,5000,0.08,0.05,rbf,median,anytime,bonferroni,1,10,False,UNRESOLVED,5000,True,False,True,0.0004047919646836817,0.08,0.18209213411654696,True,True,True,False
52b5d0c1f04981ee7492,adaptive,adaptive_allocation,980,2292200169,16,5000,0.08,0.05,rbf,median,anytime,bonferroni,1,10,False,UNRESOLVED,5000,True,False,True,0.0004010419943369925,0.08,0.18209213411654696,True,True,True,False
8dc426cebd59719cd982,adaptive,adaptive_allocation,981,3055956183,16,5000,0.08,0.05,rbf,median,anytime,bonferroni,1,10,False,UNRESOLVED,5000,True,False,True,0.0004045420209877193,0.08,0.18209213411654696,True,True,True,False
5a1c6b0a76d49e18bb43,adaptive,adaptive_allocation,982,1755608033,16,5000,0.08,0.05,rbf,median,anytime,bonferroni,1,10,False,UNRESOLVED,5000,True,False,True,0.0004004589864052832,0.08,0.18209213411654696,True,True,True,False
eaf931e51ad0d0717f56,adaptive,adaptive_allocation,983,2211494601,16,5000,0.08,0.05,rbf,median,anytime,bonferroni,1,10,False,UNRESOLVED,5000,True,False,True,0.00040095800068229437,0.08,0.18209213411654696,True,True,True,False
d98de55a7631a0a2b41a,adaptive,adaptive_allocation,984,1185185968,16,5000,0.08,0.05,rbf,median,anytime,bonferroni,1,10,False,UNRESOLVED,5000,True,False,True,0.00040033302502706647,0.08,0.18209213411654696,True,True,True,False
47e3bd85a0cfebf7a759,adaptive,adaptive_allocation,985,618133193,16,5000,0.08,0.05,rbf,median,anytime,bonferroni,1,10,False,UNRESOLVED,5000,True,False,True,0.00040004198672249913,0.08,0.18209213411654696,True,True,True,False
a6b58f5245ab2c4311e4,adaptive,adaptive_allocation,986,1999712948,16,5000,0.08,0.05,rbf,median,anytime,bonferroni,1,10,False,UNRESOLVED,5000,True,False,True,0.00040145800448954105,0.08,0.18209213411654696,True,True,True,False
8dfd9074cab7ddd00a6b,adaptive,adaptive_allocation,987,3435663219,16,5000,0.08,0.05,rbf,median,anytime,bonferroni,1,10,False,UNRESOLVED,5000,True,False,True,0.0004004579968750477,0.08,0.18209213411654696,True,True,True,False
cbd338765358ba8cf700,adaptive,adaptive_allocation,988,1219753108,16,5000,0.08,0.05,rbf,median,anytime,bonferroni,1,10,False,UNRESOLVED,5000,True,False,True,0.00039966695476323366,0.08,0.18209213411654696,True,True,True,False
90c0337817d8dbbc609b,adaptive,adaptive_allocation,989,1860505741,16,5000,0.08,0.05,rbf,median,anytime,bonferroni,1,10,False,UNRESOLVED,5000,True,False,True,0.0003998330212198198,0.08,0.18209213411654696,True,True,True,False
dfcde7698ceecdeec3c7,adaptive,adaptive_allocation,990,1422135193,16,5000,0.08,0.05,rbf,median,anytime,bonferroni,1,10,False,UNRESOLVED,5000,True,False,True,0.00040087499655783176,0.08,0.18209213411654696,True,True,True,False
8c67ac783b819a17cb8b,adaptive,adaptive_allocation,991,2503806549,16,5000,0.08,0.05,rbf,median,anytime,bonferroni,1,10,False,UNRESOLVED,5000,True,False,True,0.0004011249984614551,0.08,0.18209213411654696,True,True,True,False
1108b89b8ee229ce9c3a,adaptive,adaptive_allocation,992,353179124,16,5000,0.08,0.05,rbf,median,anytime,bonferroni,1,10,False,UNRESOLVED,5000,True,False,True,0.0003997500170953572,0.08,0.18209213411654696,True,True,True,False
00a8ce5eeaf25a6822dd,adaptive,adaptive_allocation,993,243121232,16,5000,0.08,0.05,rbf,median,anytime,bonferroni,1,10,False,UNRESOLVED,5000,True,False,True,0.0003920000162906945,0.08,0.18209213411654696,True,True,True,False
06e757bbca77b64fecac,adaptive,adaptive_allocation,994,2960870998,16,5000,0.08,0.05,rbf,median,anytime,bonferroni,1,10,False,UNRESOLVED,5000,True,False,True,0.0003463330212980509,0.08,0.18209213411654696,True,True,True,False
7591cead780d937cc7b5,adaptive,adaptive_allocation,995,2045396381,16,5000,0.08,0.05,rbf,median,anytime,bonferroni,1,10,False,UNRESOLVED,5000,True,False,True,0.000344583997502923,0.08,0.18209213411654696,True,True,True,False
b9670fe962169b57dbb4,adaptive,adaptive_allocation,996,3553815426,16,5000,0.08,0.05,rbf,median,anytime,bonferroni,1,10,False,UNRESOLVED,5000,True,False,True,0.0003506669891066849,0.08,0.18209213411654696,True,True,True,False
88ab0619feb9ddb343c5,adaptive,adaptive_allocation,997,136624561,16,5000,0.08,0.05,rbf,median,anytime,bonferroni,1,10,False,UNRESOLVED,5000,True,False,True,0.0003450420335866511,0.08,0.18209213411654696,True,True,True,False
9576c4c351badde829e9,adaptive,adaptive_allocation,998,1063323924,16,5000,0.08,0.05,rbf,median,anytime,bonferroni,1,10,False,UNRESOLVED,5000,True,False,True,0.0003505420172587037,0.08,0.18209213411654696,True,True,True,False
7845e863f7b31141d21e,adaptive,adaptive_allocation,999,3113990906,16,5000,0.08,0.05,rbf,median,anytime,bonferroni,1,10,False,UNRESOLVED,5000,True,False,True,0.00034604198299348354,0.08,0.18209213411654696,True,True,True,False
0172d689e774ee5c56e9,adaptive,adaptive_allocation,1000,3724633935,16,5000,0.08,0.05,rbf,median,anytime,bonferroni,1,10,False,UNRESOLVED,5000,True,False,True,0.0003445419715717435,0.08,0.18209213411654696,True,True,True,False
4e7846987e6fadc47981,adaptive,adaptive_allocation,1001,4180596321,16,5000,0.08,0.05,rbf,median,anytime,bonferroni,1,10,False,UNRESOLVED,5000,True,False,True,0.00034720898838713765,0.08,0.18209213411654696,True,True,True,False
fd1a19a289832aa8b6d0,adaptive,adaptive_allocation,1002,2332985744,16,5000,0.08,0.05,rbf,median,anytime,bonferroni,1,10,False,UNRESOLVED,5000,True,False,True,0.0003434999962337315,0.08,0.18209213411654696,True,True,True,False
aea012d161d6b8c4bea8,adaptive,adaptive_allocation,1003,2612910220,16,5000,0.08,0.05,rbf,median,anytime,bonferroni,1,10,False,UNRESOLVED,5000,True,False,True,0.0003441249718889594,0.08,0.18209213411654696,True,True,True,False
1a63791c50d5e3dde5af,adaptive,adaptive_allocation,1004,1372148393,16,5000,0.08,0.05,rbf,median,anytime,bonferroni,1,10,False,UNRESOLVED,5000,True,False,True,0.00034541700733825564,0.08,0.18209213411654696,True,True,True,False
d8548b93a0ac858f3ffd,adaptive,adaptive_allocation,1005,3336100797,16,5000,0.08,0.05,rbf,median,anytime,bonferroni,1,10,False,UNRESOLVED,5000,True,False,True,0.0003463749890215695,0.08,0.18209213411654696,True,True,True,False
07c30738f84349a98b23,adaptive,adaptive_allocation,1006,1981125215,16,5000,0.08,0.05,rbf,median,anytime,bonferroni,1,10,False,UNRESOLVED,5000,True,False,True,0.0003445000038482249,0.08,0.18209213411654696,True,True,True,False
e424684bdbb6ed48c582,adaptive,adaptive_allocation,1007,3453567103,16,5000,0.08,0.05,rbf,median,anytime,bonferroni,1,10,False,UNRESOLVED,5000,True,False,True,0.00034541700733825564,0.08,0.18209213411654696,True,True,True,False
a8d66eb6891ad118d7df,adaptive,adaptive_allocation,1008,2282055370,16,5000,0.08,0.05,rbf,median,anytime,bonferroni,1,10,False,UNRESOLVED,5000,True,False,True,0.0003447079798206687,0.08,0.18209213411654696,True,True,True,False
575f27f94da2fbc4028b,adaptive,adaptive_allocation,1009,2514826771,16,5000,0.08,0.05,rbf,median,anytime,bonferroni,1,10,False,UNRESOLVED,5000,True,False,True,0.000346040993463248,0.08,0.18209213411654696,True,True,True,False
78afde04bee703ea5787,adaptive,adaptive_allocation,1010,204503958,16,5000,0.08,0.05,rbf,median,anytime,bonferroni,1,10,False,UNRESOLVED,5000,True,False,True,0.00034662504913285375,0.08,0.18209213411654696,True,True,True,False
806a5776787c407292b8,adaptive,adaptive_allocation,1011,2270408444,16,5000,0.08,0.05,rbf,median,anytime,bonferroni,1,10,False,UNRESOLVED,5000,True,False,True,0.00034604198299348354,0.08,0.18209213411654696,True,True,True,False
3e203f94521e8c4183a9,adaptive,adaptive_allocation,1012,2107287957,16,5000,0.08,0.05,rbf,median,anytime,bonferroni,1,10,False,UNRESOLVED,5000,True,False,True,0.00034537503961473703,0.08,0.18209213411654696,True,True,True,False
4ce15ab58679c8c96b3e,adaptive,adaptive_allocation,1013,762642388,16,5000,0.08,0.05,rbf,median,anytime,bonferroni,1,10,False,UNRESOLVED,5000,True,False,True,0.0003465409972704947,0.08,0.18209213411654696,True,True,True,False
523f3073f79e8bc51e70,adaptive,adaptive_allocation,1014,1008566068,16,5000,0.08,0.05,rbf,median,anytime,bonferroni,1,10,False,UNRESOLVED,5000,True,False,True,0.00034554098965600133,0.08,0.18209213411654696,True,True,True,False
e4682915145666d48adf,adaptive,adaptive_allocation,1015,2083725564,16,5000,0.08,0.05,rbf,median,anytime,bonferroni,1,10,False,UNRESOLVED,5000,True,False,True,0.00034495897125452757,0.08,0.18209213411654696,True,True,True,False
88e2b908b278be36e08c,adaptive,adaptive_allocation,1016,152079203,16,5000,0.08,0.05,rbf,median,anytime,bonferroni,1,10,False,UNRESOLVED,5000,True,False,True,0.00034558295737951994,0.08,0.18209213411654696,True,True,True,False
7640bd5ce0f03974247c,adaptive,adaptive_allocation,1017,2170274784,16,5000,0.08,0.05,rbf,median,anytime,bonferroni,1,10,False,UNRESOLVED,5000,True,False,True,0.0003566250088624656,0.08,0.18209213411654696,True,True,True,False
506e88274542de2a7966,adaptive,adaptive_allocation,1018,4176082225,16,5000,0.08,0.05,rbf,median,anytime,bonferroni,1,10,False,UNRESOLVED,5000,True,False,True,0.0003447079798206687,0.08,0.18209213411654696,True,True,True,False
cb94a4b2775482720459,adaptive,adaptive_allocation,1019,2213054919,16,5000,0.08,0.05,rbf,median,anytime,bonferroni,1,10,False,UNRESOLVED,5000,True,False,True,0.00034608301939442754,0.08,0.18209213411654696,True,True,True,False
dbf8a54cac0581fdb60c,adaptive,adaptive_allocation,1020,3621423587,16,5000,0.08,0.05,rbf,median,anytime,bonferroni,1,10,False,UNRESOLVED,5000,True,False,True,0.0003471660311333835,0.08,0.18209213411654696,True,True,True,False
afa49d7e1b64bb64bd41,adaptive,adaptive_allocation,1021,1635343007,16,5000,0.08,0.05,rbf,median,anytime,bonferroni,1,10,False,UNRESOLVED,5000,True,False,True,0.000345249951351434,0.08,0.18209213411654696,True,True,True,False
5776c8cb0c568a194464,adaptive,adaptive_allocation,1022,845761960,16,5000,0.08,0.05,rbf,median,anytime,bonferroni,1,10,False,UNRESOLVED,5000,True,False,True,0.00034533400321379304,0.08,0.18209213411654696,True,True,True,False
97b64d6743431e783013,adaptive,adaptive_allocation,1023,3696809539,16,5000,0.08,0.05,rbf,median,anytime,bonferroni,1,10,False,UNRESOLVED,5000,True,False,True,0.0003458330174908042,0.08,0.18209213411654696,True,True,True,False
4685004ef65b0d4fd966,adaptive,adaptive_allocation,1024,277435690,16,5000,0.08,0.05,rbf,median,anytime,bonferroni,1,10,False,UNRESOLVED,5000,True,False,True,0.00034620799124240875,0.08,0.18209213411654696,True,True,True,False
06bb7e1864a266019a09,adaptive,adaptive_allocation,1025,1790144332,16,5000,0.08,0.05,rbf,median,anytime,bonferroni,1,10,False,UNRESOLVED,5000,True,False,True,0.000345667009241879,0.08,0.18209213411654696,True,True,True,False
62a616f0dccc98577640,adaptive,adaptive_allocation,1026,3098092829,16,5000,0.08,0.05,rbf,median,anytime,bonferroni,1,10,False,UNRESOLVED,5000,True,False,True,0.00034666602732613683,0.08,0.18209213411654696,True,True,True,False
202ddfe1e55a1e27e3dc,adaptive,adaptive_allocation,1027,1981960011,16,5000,0.08,0.05,rbf,median,anytime,bonferroni,1,10,False,UNRESOLVED,5000,True,False,True,0.00034508295357227325,0.08,0.18209213411654696,True,True,True,False
37881f4a5f4e12267b3d,adaptive,adaptive_allocation,1028,1565885328,16,5000,0.08,0.05,rbf,median,anytime,bonferroni,1,10,False,UNRESOLVED,5000,True,False,True,0.00034787500044330955,0.08,0.18209213411654696,True,True,True,False
d99ee3c38ad8c49fda1e,adaptive,adaptive_allocation,1029,439359482,16,5000,0.08,0.05,rbf,median,anytime,bonferroni,1,10,False,UNRESOLVED,5000,True,False,True,0.0003462500171735883,0.08,0.18209213411654696,True,True,True,False
481431c990337bcad4e2,adaptive,adaptive_allocation,1030,1211387168,16,5000,0.08,0.05,rbf,median,anytime,bonferroni,1,10,False,UNRESOLVED,5000,True,False,True,0.00034458294976502657,0.08,0.18209213411654696,True,True,True,False
05b991a03fb72f4ea2bd,adaptive,adaptive_allocation,1031,1055598829,16,5000,0.08,0.05,rbf,median,anytime,bonferroni,1,10,False,UNRESOLVED,5000,True,False,True,0.00034445803612470627,0.08,0.18209213411654696,True,True,True,False
65a0279b5bd324c1875e,adaptive,adaptive_allocation,1032,1147921775,16,5000,0.08,0.05,rbf,median,anytime,bonferroni,1,10,False,UNRESOLVED,5000,True,False,True,0.0003868750063702464,0.08,0.18209213411654696,True,True,True,False
a236bf44b9db70119a87,adaptive,adaptive_allocation,1033,3686485225,16,5000,0.08,0.05,rbf,median,anytime,bonferroni,1,10,False,UNRESOLVED,5000,True,False,True,0.0003999170148745179,0.08,0.18209213411654696,True,True,True,False
8f762d58844ab7d6e324,adaptive,adaptive_allocation,1034,3938248431,16,5000,0.08,0.05,rbf,median,anytime,bonferroni,1,10,False,UNRESOLVED,5000,True,False,True,0.00040020799497142434,0.08,0.18209213411654696,True,True,True,False
728592daca7d24621bd9,adaptive,adaptive_allocation,1035,2309837854,16,5000,0.08,0.05,rbf,median,anytime,bonferroni,1,10,False,UNRESOLVED,5000,True,False,True,0.0004017089959233999,0.08,0.18209213411654696,True,True,True,False
f5174adea854acccff37,adaptive,adaptive_allocation,1036,683082975,16,5000,0.08,0.05,rbf,median,anytime,bonferroni,1,10,False,UNRESOLVED,5000,True,False,True,0.0004011659766547382,0.08,0.18209213411654696,True,True,True,False
aae07497d3aa9f7653c0,adaptive,adaptive_allocation,1037,1774952385,16,5000,0.08,0.05,rbf,median,anytime,bonferroni,1,10,False,UNRESOLVED,5000,True,False,True,0.0004003749927505851,0.08,0.18209213411654696,True,True,True,False
4ea50533a02ffe797adf,adaptive,adaptive_allocation,1038,1226309637,16,5000,0.08,0.05,rbf,median,anytime,bonferroni,1,10,False,UNRESOLVED,5000,True,False,True,0.0003998749889433384,0.08,0.18209213411654696,True,True,True,False
402ef540fa2100ef3b36,adaptive,adaptive_allocation,1039,3719252162,16,5000,0.08,0.05,rbf,median,anytime,bonferroni,1,10,False,UNRESOLVED,5000,True,False,True,0.0004015419981442392,0.08,0.18209213411654696,True,True,True,False
b19619f4ec756e905a61,adaptive,adaptive_allocation,1040,1191840335,16,5000,0.08,0.05,rbf,median,anytime,bonferroni,1,10,False,UNRESOLVED,5000,True,False,True,0.0003998330212198198,0.08,0.18209213411654696,True,True,True,False
fc56410c2f147cdd8e1f,adaptive,adaptive_allocation,1041,2776667827,16,5000,0.08,0.05,rbf,median,anytime,bonferroni,1,10,False,UNRESOLVED,5000,True,False,True,0.00040012499084696174,0.08,0.18209213411654696,True,True,True,False
f3f4f9885c17644dd6bb,adaptive,adaptive_allocation,1042,3101817829,16,5000,0.08,0.05,rbf,median,anytime,bonferroni,1,10,False,UNRESOLVED,5000,True,False,True,0.00040074996650218964,0.08,0.18209213411654696,True,True,True,False
1c747c00554cbd241b10,adaptive,adaptive_allocation,1043,2602676341,16,5000,0.08,0.05,rbf,median,anytime,bonferroni,1,10,False,UNRESOLVED,5000,True,False,True,0.00040362501749768853,0.08,0.18209213411654696,True,True,True,False
8be88c4ed0b0acbb82dd,adaptive,adaptive_allocation,1044,953732813,16,5000,0.08,0.05,rbf,median,anytime,bonferroni,1,10,False,UNRESOLVED,5000,True,False,True,0.000401041004806757,0.08,0.18209213411654696,True,True,True,False
c7e98b066f62f8d9b854,adaptive,adaptive_allocation,1045,4283772503,16,5000,0.08,0.05,rbf,median,anytime,bonferroni,1,10,False,UNRESOLVED,5000,True,False,True,0.00040195800829678774,0.08,0.18209213411654696,True,True,True,False
be20ef4d9a4c28c1eb25,adaptive,adaptive_allocation,1046,291311973,16,5000,0.08,0.05,rbf,median,anytime,bonferroni,1,10,False,UNRESOLVED,5000,True,False,True,0.00040058401646092534,0.08,0.18209213411654696,True,True,True,False
e87768d9eae87c293b6e,adaptive,adaptive_allocation,1047,252355989,16,5000,0.08,0.05,rbf,median,anytime,bonferroni,1,10,False,UNRESOLVED,5000,True,False,True,0.00044341699685901403,0.08,0.18209213411654696,True,True,True,False
548e17b8dba2d1c2396a,adaptive,adaptive_allocation,1048,2393930625,16,5000,0.08,0.05,rbf,median,anytime,bonferroni,1,10,False,UNRESOLVED,5000,True,False,True,0.0004024159861728549,0.08,0.18209213411654696,True,True,True,False
9425ba51a0f8bc5fce45,adaptive,adaptive_allocation,1049,3888933441,16,5000,0.08,0.05,rbf,median,anytime,bonferroni,1,10,False,UNRESOLVED,5000,True,False,True,0.0003991670091636479,0.08,0.18209213411654696,True,True,True,False
e145ddc5424cc402977f,adaptive,adaptive_allocation,1050,2103542930,16,5000,0.08,0.05,rbf,median,anytime,bonferroni,1,10,False,UNRESOLVED,5000,True,False,True,0.00040145800448954105,0.08,0.18209213411654696,True,True,True,False
4d1d9f13fb240d0abebe,adaptive,adaptive_allocation,1051,2427841924,16,5000,0.08,0.05,rbf,median,anytime,bonferroni,1,10,False,UNRESOLVED,5000,True,False,True,0.00040016701677814126,0.08,0.18209213411654696,True,True,True,False
4f27769605d1bb3eaf5f,adaptive,adaptive_allocation,1052,2878239939,16,5000,0.08,0.05,rbf,median,anytime,bonferroni,1,10,False,UNRESOLVED,5000,True,False,True,0.00040195899782702327,0.08,0.18209213411654696,True,True,True,False
ebced4f57c1f47c9cdf4,adaptive,adaptive_allocation,1053,2743996292,16,5000,0.08,0.05,rbf,median,anytime,bonferroni,1,10,False,UNRESOLVED,5000,True,False,True,0.0004011249984614551,0.08,0.18209213411654696,True,True,True,False
9741e6e9b01f87ed9649,adaptive,adaptive_allocation,1054,4147642331,16,5000,0.08,0.05,rbf,median,anytime,bonferroni,1,10,False,UNRESOLVED,5000,True,False,True,0.00039962498703971505,0.08,0.18209213411654696,True,True,True,False
6d51af25978f3834c4b8,adaptive,adaptive_allocation,1055,4032732695,16,5000,0.08,0.05,rbf,median,anytime,bonferroni,1,10,False,UNRESOLVED,5000,True,False,True,0.0004000000189989805,0.08,0.18209213411654696,True,True,True,False
3072463167c819211f1a,adaptive,adaptive_allocation,1056,254955330,16,5000,0.08,0.05,rbf,median,anytime,bonferroni,1,10,False,UNRESOLVED,5000,True,False,True,0.0003992500132881105,0.08,0.18209213411654696,True,True,True,False
2444107dd484a70c21e7,adaptive,adaptive_allocation,1057,964764528,16,5000,0.08,0.05,rbf,median,anytime,bonferroni,1,10,False,UNRESOLVED,5000,True,False,True,0.0004016669699922204,0.08,0.18209213411654696,True,True,True,False
f7f6db0ebe9ddbb625b7,adaptive,adaptive_allocation,1058,1457749843,16,5000,0.08,0.05,rbf,median,anytime,bonferroni,1,10,False,UNRESOLVED,5000,True,False,True,0.00040316698141396046,0.08,0.18209213411654696,True,True,True,False
0b0f6e40de8fd4303371,adaptive,adaptive_allocation,1059,4039058318,16,5000,0.08,0.05,rbf,median,anytime,bonferroni,1,10,False,UNRESOLVED,5000,True,False,True,0.00040129199624061584,0.08,0.18209213411654696,True,True,True,False
5715b52d4e288a8d10c4,adaptive,adaptive_allocation,1060,2168871959,16,5000,0.08,0.05,rbf,median,anytime,bonferroni,1,10,False,UNRESOLVED,5000,True,False,True,0.00040004198672249913,0.08,0.18209213411654696,True,True,True,False
df058521b0ef359678aa,adaptive,adaptive_allocation,1061,1265808191,16,5000,0.08,0.05,rbf,median,anytime,bonferroni,1,10,False,UNRESOLVED,5000,True,False,True,0.0004011249984614551,0.08,0.18209213411654696,True,True,True,False
31c17288cc67471970c9,adaptive,adaptive_allocation,1062,2870438208,16,5000,0.08,0.05,rbf,median,anytime,bonferroni,1,10,False,UNRESOLVED,5000,True,False,True,0.0004018330364488065,0.08,0.18209213411654696,True,True,True,False
bb15b91d643eccf1bcea,adaptive,adaptive_allocation,1063,3475974984,16,5000,0.08,0.05,rbf,median,anytime,bonferroni,1,10,False,UNRESOLVED,5000,True,False,True,0.0003975409781560302,0.08,0.18209213411654696,True,True,True,False
354df843387abc2eb951,adaptive,adaptive_allocation,1064,2262539124,16,5000,0.08,0.05,rbf,median,anytime,bonferroni,1,10,False,UNRESOLVED,5000,True,False,True,0.0004033330478705466,0.08,0.18209213411654696,True,True,True,False
c200aad9be42b298fd4a,adaptive,adaptive_allocation,1065,2166631251,16,5000,0.08,0.05,rbf,median,anytime,bonferroni,1,10,False,UNRESOLVED,5000,True,False,True,0.0004006249946542084,0.08,0.18209213411654696,True,True,True,False
bd42493cb525696deac9,adaptive,adaptive_allocation,1066,1473524479,16,5000,0.08,0.05,rbf,median,anytime,bonferroni,1,10,False,UNRESOLVED,5000,True,False,True,0.0004000000189989805,0.08,0.18209213411654696,True,True,True,False
a8d4fb27bff500e8ff79,adaptive,adaptive_allocation,1067,1093615779,16,5000,0.08,0.05,rbf,median,anytime,bonferroni,1,10,False,UNRESOLVED,5000,True,False,True,0.00040016695857048035,0.08,0.18209213411654696,True,True,True,False
d6587289a84420f273c9,adaptive,adaptive_allocation,1068,3580702985,16,5000,0.08,0.05,rbf,median,anytime,bonferroni,1,10,False,UNRESOLVED,5000,True,False,True,0.0003993749851360917,0.08,0.18209213411654696,True,True,True,False
2767e263333991a4777e,adaptive,adaptive_allocation,1069,2096287352,16,5000,0.08,0.05,rbf,median,anytime,bonferroni,1,10,False,UNRESOLVED,5000,True,False,True,0.0003986250376328826,0.08,0.18209213411654696,True,True,True,False
56f815aa697a1547b862,adaptive,adaptive_allocation,1070,2706922181,16,5000,0.08,0.05,rbf,median,anytime,bonferroni,1,10,False,UNRESOLVED,5000,True,False,True,0.00039950001519173384,0.08,0.18209213411654696,True,True,True,False
cff698b570efc0d60282,adaptive,adaptive_allocation,1071,3962589899,16,5000,0.08,0.05,rbf,median,anytime,bonferroni,1,10,False,UNRESOLVED,5000,True,False,True,0.00040033302502706647,0.08,0.18209213411654696,True,True,True,False
d2800f88feda9654f43f,adaptive,adaptive_allocation,1072,2213382616,16,5000,0.08,0.05,rbf,median,anytime,bonferroni,1,10,False,UNRESOLVED,5000,True,False,True,0.0003997500170953572,0.08,0.18209213411654696,True,True,True,False
bea8bf3c3343e9b5ad14,adaptive,adaptive_allocation,1073,118808635,16,5000,0.08,0.05,rbf,median,anytime,bonferroni,1,10,False,UNRESOLVED,5000,True,False,True,0.00039958400884643197,0.08,0.18209213411654696,True,True,True,False
2904fe5a936a90696db5,adaptive,adaptive_allocation,1074,1215960420,16,5000,0.08,0.05,rbf,median,anytime,bonferroni,1,10,False,UNRESOLVED,5000,True,False,True,0.00040966697270050645,0.08,0.18209213411654696,True,True,True,False
8c925f432d8456fdf128,adaptive,adaptive_allocation,1075,1429781827,16,5000,0.08,0.05,rbf,median,anytime,bonferroni,1,10,False,UNRESOLVED,5000,True,False,True,0.0004004590446129441,0.08,0.18209213411654696,True,True,True,False
b0dcac9c2a3bc6d87709,adaptive,adaptive_allocation,1076,4208654838,16,5000,0.08,0.05,rbf,median,anytime,bonferroni,1,10,False,UNRESOLVED,5000,True,False,True,0.0004022080102004111,0.08,0.18209213411654696,True,True,True,False
87094afd3cafa55a41ad,adaptive,adaptive_allocation,1077,1841842353,16,5000,0.08,0.05,rbf,median,anytime,bonferroni,1,10,False,UNRESOLVED,5000,True,False,True,0.00039929203921929,0.08,0.18209213411654696,True,True,True,False
8191ebad2d611ebd9620,adaptive,adaptive_allocation,1078,1451899524,16,5000,0.08,0.05,rbf,median,anytime,bonferroni,1,10,False,UNRESOLVED,5000,True,False,True,0.00039795797783881426,0.08,0.18209213411654696,True,True,True,False
d334546d31fb6c417fb2,adaptive,adaptive_allocation,1079,1083846774,16,5000,0.08,0.05,rbf,median,anytime,bonferroni,1,10,False,UNRESOLVED,5000,True,False,True,0.0005122089642100036,0.08,0.18209213411654696,True,True,True,False
8802c3a14be975f326cd,adaptive,adaptive_allocation,1080,2051519050,16,5000,0.08,0.05,rbf,median,anytime,bonferroni,1,10,False,UNRESOLVED,5000,True,False,True,0.0005979579873383045,0.08,0.18209213411654696,True,True,True,False
19a737f007eb58c0fbf0,adaptive,adaptive_allocation,1081,3642531207,16,5000,0.08,0.05,rbf,median,anytime,bonferroni,1,10,False,UNRESOLVED,5000,True,False,True,0.0005603330209851265,0.08,0.18209213411654696,True,True,True,False
d5559bca0091548bf6e0,adaptive,adaptive_allocation,1082,4175290702,16,5000,0.08,0.05,rbf,median,anytime,bonferroni,1,10,False,UNRESOLVED,5000,True,False,True,0.0005228329682722688,0.08,0.18209213411654696,True,True,True,False
e0735eef38923f489a50,adaptive,adaptive_allocation,1083,4002403701,16,5000,0.08,0.05,rbf,median,anytime,bonferroni,1,10,False,UNRESOLVED,5000,True,False,True,0.000501750037074089,0.08,0.18209213411654696,True,True,True,False
9e7f2c8472cef4b9152c,adaptive,adaptive_allocation,1084,854781695,16,5000,0.08,0.05,rbf,median,anytime,bonferroni,1,10,False,UNRESOLVED,5000,True,False,True,0.0005072500207461417,0.08,0.18209213411654696,True,True,True,False
e201dbc3b79c90c57bbd,adaptive,adaptive_allocation,1085,369140386,16,5000,0.08,0.05,rbf,median,anytime,bonferroni,1,10,False,UNRESOLVED,5000,True,False,True,0.000511166057549417,0.08,0.18209213411654696,True,True,True,False
6eb0df4737f629deacc0,adaptive,adaptive_allocation,1086,9903448,16,5000,0.08,0.05,rbf,median,anytime,bonferroni,1,10,False,UNRESOLVED,5000,True,False,True,0.0005116660031490028,0.08,0.18209213411654696,True,True,True,False
e65a9cfe5a8725a6bd7b,adaptive,adaptive_allocation,1087,2027366064,16,5000,0.08,0.05,rbf,median,anytime,bonferroni,1,10,False,UNRESOLVED,5000,True,False,True,0.0005089169717393816,0.08,0.18209213411654696,True,True,True,False
0d4cb114fd5059385b71,adaptive,adaptive_allocation,1088,839389759,16,5000,0.08,0.05,rbf,median,anytime,bonferroni,1,10,False,UNRESOLVED,5000,True,False,True,0.0005100000416859984,0.08,0.18209213411654696,True,True,True,False
9b4312dea15b014ecdc6,adaptive,adaptive_allocation,1089,459775045,16,5000,0.08,0.05,rbf,median,anytime,bonferroni,1,10,False,UNRESOLVED,5000,True,False,True,0.0004830000107176602,0.08,0.18209213411654696,True,True,True,False
710a41a373d19df4b4c6,adaptive,adaptive_allocation,1090,3220581692,16,5000,0.08,0.05,rbf,median,anytime,bonferroni,1,10,False,UNRESOLVED,5000,True,False,True,0.000504166993778199,0.08,0.18209213411654696,True,True,True,False
f791ff626fc57d23006e,adaptive,adaptive_allocation,1091,3669737805,16,5000,0.08,0.05,rbf,median,anytime,bonferroni,1,10,False,UNRESOLVED,5000,True,False,True,0.000509292003698647,0.08,0.18209213411654696,True,True,True,False
d58b2ac5fc4f8c2f3218,adaptive,adaptive_allocation,1092,171461490,16,5000,0.08,0.05,rbf,median,anytime,bonferroni,1,10,False,UNRESOLVED,5000,True,False,True,0.0005079159745946527,0.08,0.18209213411654696,True,True,True,False
f74399046b417d3e6427,adaptive,adaptive_allocation,1093,1250529574,16,5000,0.08,0.05,rbf,median,anytime,bonferroni,1,10,False,UNRESOLVED,5000,True,False,True,0.0005166250048205256,0.08,0.18209213411654696,True,True,True,False
d2db5e4f716528a71a3c,adaptive,adaptive_allocation,1094,67999796,16,5000,0.08,0.05,rbf,median,anytime,bonferroni,1,10,False,UNRESOLVED,5000,True,False,True,0.0005120830028317869,0.08,0.18209213411654696,True,True,True,False
2aea27ed75b289b5799c,adaptive,adaptive_allocation,1095,335200287,16,5000,0.08,0.05,rbf,median,anytime,bonferroni,1,10,False,UNRESOLVED,5000,True,False,True,0.0005131249781697989,0.08,0.18209213411654696,True,True,True,False
e221a312fb64241a41fd,adaptive,adaptive_allocation,1096,2250009660,16,5000,0.08,0.05,rbf,median,anytime,bonferroni,1,10,False,UNRESOLVED,5000,True,False,True,0.0005528329638764262,0.08,0.18209213411654696,True,True,True,False
bac82d994db03a1da31d,adaptive,adaptive_allocation,1097,119994109,16,5000,0.08,0.05,rbf,median,anytime,bonferroni,1,10,False,UNRESOLVED,5000,True,False,True,0.0004990410525351763,0.08,0.18209213411654696,True,True,True,False
d4f8b6c6aa6fda679511,adaptive,adaptive_allocation,1098,3174579956,16,5000,0.08,0.05,rbf,median,anytime,bonferroni,1,10,False,UNRESOLVED,5000,True,False,True,0.0004146249848417938,0.08,0.18209213411654696,True,True,True,False
ba4cdec8655528c43691,adaptive,adaptive_allocation,1099,2822152573,16,5000,0.08,0.05,rbf,median,anytime,bonferroni,1,10,False,UNRESOLVED,5000,True,False,True,0.000404624966904521,0.08,0.18209213411654696,True,True,True,False
8eed20f5f721147a7122,adaptive,adaptive_allocation,1100,3167026908,16,5000,0.08,0.05,rbf,median,anytime,bonferroni,1,10,False,UNRESOLVED,5000,True,False,True,0.00040733395144343376,0.08,0.18209213411654696,True,True,True,False
c5cc5d3c593edfbb9c11,adaptive,adaptive_allocation,1101,26472876,16,5000,0.08,0.05,rbf,median,anytime,bonferroni,1,10,False,UNRESOLVED,5000,True,False,True,0.00040354201337322593,0.08,0.18209213411654696,True,True,True,False
26af7a14618397eea4a1,adaptive,adaptive_allocation,1102,498089273,16,5000,0.08,0.05,rbf,median,anytime,bonferroni,1,10,False,UNRESOLVED,5000,True,False,True,0.00040070898830890656,0.08,0.18209213411654696,True,True,True,False
3d636e688419e3edd461,adaptive,adaptive_allocation,1103,2362221464,16,5000,0.08,0.05,rbf,median,anytime,bonferroni,1,10,False,UNRESOLVED,5000,True,False,True,0.00040066696237772703,0.08,0.18209213411654696,True,True,True,False
3d1ad28ef6bd146d684e,adaptive,adaptive_allocation,1104,3515295474,16,5000,0.08,0.05,rbf,median,anytime,bonferroni,1,10,False,UNRESOLVED,5000,True,False,True,0.00040866597555577755,0.08,0.18209213411654696,True,True,True,False
2ab9b2df735c4fad421a,adaptive,adaptive_allocation,1105,1985277233,16,5000,0.08,0.05,rbf,median,anytime,bonferroni,1,10,False,UNRESOLVED,5000,True,False,True,0.00040054204873740673,0.08,0.18209213411654696,True,True,True,False
fa5bc850cd7538c461bb,adaptive,adaptive_allocation,1106,3990338202,16,5000,0.08,0.05,rbf,median,anytime,bonferroni,1,10,False,UNRESOLVED,5000,True,False,True,0.0004004579968750477,0.08,0.18209213411654696,True,True,True,False
b11b564206da2afd5175,adaptive,adaptive_allocation,1107,2545183316,16,5000,0.08,0.05,rbf,median,anytime,bonferroni,1,10,False,UNRESOLVED,5000,True,False,True,0.00040300004184246063,0.08,0.18209213411654696,True,True,True,False
bf96420b70fb643e9515,adaptive,adaptive_allocation,1108,802925094,16,5000,0.08,0.05,rbf,median,anytime,bonferroni,1,10,False,UNRESOLVED,5000,True,False,True,0.0004029999836347997,0.08,0.18209213411654696,True,True,True,False
622f344a8b11fe90fdd5,adaptive,adaptive_allocation,1109,3299241139,16,5000,0.08,0.05,rbf,median,anytime,bonferroni,1,10,False,UNRESOLVED,5000,True,False,True,0.00040258298395201564,0.08,0.18209213411654696,True,True,True,False
bae937ce976b69869355,adaptive,adaptive_allocation,1110,3979483636,16,5000,0.08,0.05,rbf,median,anytime,bonferroni,1,10,False,UNRESOLVED,5000,True,False,True,0.0003950840327888727,0.08,0.18209213411654696,True,True,True,False
f69e743c3ef72b0783df,adaptive,adaptive_allocation,1111,1531937909,16,5000,0.08,0.05,rbf,median,anytime,bonferroni,1,10,False,UNRESOLVED,5000,True,False,True,0.00034491700353100896,0.08,0.18209213411654696,True,True,True,False
9d1c5b10a7135b1a5de2,adaptive,adaptive_allocation,1112,3892913836,16,5000,0.08,0.05,rbf,median,anytime,bonferroni,1,10,False,UNRESOLVED,5000,True,False,True,0.0003476669662632048,0.08,0.18209213411654696,True,True,True,False
b1bd63cfddc48e4bf7b5,adaptive,adaptive_allocation,1113,40369362,16,5000,0.08,0.05,rbf,median,anytime,bonferroni,1,10,False,UNRESOLVED,5000,True,False,True,0.0003562920028343797,0.08,0.18209213411654696,True,True,True,False
fbc515a896fce9b78c12,adaptive,adaptive_allocation,1114,1965298822,16,5000,0.08,0.05,rbf,median,anytime,bonferroni,1,10,False,UNRESOLVED,5000,True,False,True,0.00034570798743516207,0.08,0.18209213411654696,True,True,True,False
c20f64c4eba4321b6708,adaptive,adaptive_allocation,1115,2497911784,16,5000,0.08,0.05,rbf,median,anytime,bonferroni,1,10,False,UNRESOLVED,5000,True,False,True,0.0003548749955371022,0.08,0.18209213411654696,True,True,True,False
81332e3fc758c83f1742,adaptive,adaptive_allocation,1116,2575843866,16,5000,0.08,0.05,rbf,median,anytime,bonferroni,1,10,False,UNRESOLVED,5000,True,False,True,0.00041958398651331663,0.08,0.18209213411654696,True,True,True,False
748e7526b7c9a4ba5d5e,adaptive,adaptive_allocation,1117,2333359268,16,5000,0.08,0.05,rbf,median,anytime,bonferroni,1,10,False,UNRESOLVED,5000,True,False,True,0.00035958399530500174,0.08,0.18209213411654696,True,True,True,False
89ceb44342867e8b361e,adaptive,adaptive_allocation,1118,1122608058,16,5000,0.08,0.05,rbf,median,anytime,bonferroni,1,10,False,UNRESOLVED,5000,True,False,True,0.0003531249822117388,0.08,0.18209213411654696,True,True,True,False
a5599d29b1cbeae57ebf,adaptive,adaptive_allocation,1119,2593010067,16,5000,0.08,0.05,rbf,median,anytime,bonferroni,1,10,False,UNRESOLVED,5000,True,False,True,0.0003469999646767974,0.08,0.18209213411654696,True,True,True,False
f31f9663ff75ecedf72e,adaptive,adaptive_allocation,1120,2745461887,16,5000,0.08,0.05,rbf,median,anytime,bonferroni,1,10,False,UNRESOLVED,5000,True,False,True,0.0003445830079726875,0.08,0.18209213411654696,True,True,True,False
d490acaa23fadb00b4e5,adaptive,adaptive_allocation,1121,3361579642,16,5000,0.08,0.05,rbf,median,anytime,bonferroni,1,10,False,UNRESOLVED,5000,True,False,True,0.0003440830041654408,0.08,0.18209213411654696,True,True,True,False
e0d33c9046780bb3db28,adaptive,adaptive_allocation,1122,2327938,16,5000,0.08,0.05,rbf,median,anytime,bonferroni,1,10,False,UNRESOLVED,5000,True,False,True,0.00035862496588379145,0.08,0.18209213411654696,True,True,True,False
98b688d248a75f2e5968,adaptive,adaptive_allocation,1123,2180789926,16,5000,0.08,0.05,rbf,median,anytime,bonferroni,1,10,False,UNRESOLVED,5000,True,False,True,0.0003445420297794044,0.08,0.18209213411654696,True,True,True,False
626321a0cb3c27b0e627,adaptive,adaptive_allocation,1124,2184330787,16,5000,0.08,0.05,rbf,median,anytime,bonferroni,1,10,False,UNRESOLVED,5000,True,False,True,0.0003439169959165156,0.08,0.18209213411654696,True,True,True,False
0a358a1d1944bf12f482,adaptive,adaptive_allocation,1125,676968818,16,5000,0.08,0.05,rbf,median,anytime,bonferroni,1,10,False,UNRESOLVED,5000,True,False,True,0.00034604198299348354,0.08,0.18209213411654696,True,True,True,False
17702891ab665831bc3f,adaptive,adaptive_allocation,1126,3647124343,16,5000,0.08,0.05,rbf,median,anytime,bonferroni,1,10,False,UNRESOLVED,5000,True,False,True,0.0003441660082899034,0.08,0.18209213411654696,True,True,True,False
9ccbde7dff1b929c759f,adaptive,adaptive_allocation,1127,3834411276,16,5000,0.08,0.05,rbf,median,anytime,bonferroni,1,10,False,UNRESOLVED,5000,True,False,True,0.00034783402225002646,0.08,0.18209213411654696,True,True,True,False
9e8cf1cc8f4896820fd2,adaptive,adaptive_allocation,1128,2184041744,16,5000,0.08,0.05,rbf,median,anytime,bonferroni,1,10,False,UNRESOLVED,5000,True,False,True,0.0003449590294621885,0.08,0.18209213411654696,True,True,True,False
3b51f8ce171b17094342,adaptive,adaptive_allocation,1129,1034005409,16,5000,0.08,0.05,rbf,median,anytime,bonferroni,1,10,False,UNRESOLVED,5000,True,False,True,0.00034604204120114446,0.08,0.18209213411654696,True,True,True,False
88905468100bae56230b,adaptive,adaptive_allocation,1130,312229296,16,5000,0.08,0.05,rbf,median,anytime,bonferroni,1,10,False,UNRESOLVED,5000,True,False,True,0.00034900003811344504,0.08,0.18209213411654696,True,True,True,False
191cccd2ec1415471df8,adaptive,adaptive_allocation,1131,3657602778,16,5000,0.08,0.05,rbf,median,anytime,bonferroni,1,10,False,UNRESOLVED,5000,True,False,True,0.00034566601971164346,0.08,0.18209213411654696,True,True,True,False
abe74c034a4637de0ba5,adaptive,adaptive_allocation,1132,1146614896,16,5000,0.08,0.05,rbf,median,anytime,bonferroni,1,10,False,UNRESOLVED,5000,True,False,True,0.0003453330136835575,0.08,0.18209213411654696,True,True,True,False
b73f0ecab56280a25d91,adaptive,adaptive_allocation,1133,2622551447,16,5000,0.08,0.05,rbf,median,anytime,bonferroni,1,10,False,UNRESOLVED,5000,True,False,True,0.0003437920240685344,0.08,0.18209213411654696,True,True,True,False
f93fe3826561892101bb,adaptive,adaptive_allocation,1134,2600186659,16,5000,0.08,0.05,rbf,median,anytime,bonferroni,1,10,False,UNRESOLVED,5000,True,False,True,0.000347500026691705,0.08,0.18209213411654696,True,True,True,False
3dcf090682eb889b52a1,adaptive,adaptive_allocation,1135,3221620419,16,5000,0.08,0.05,rbf,median,anytime,bonferroni,1,10,False,UNRESOLVED,5000,True,False,True,0.00034366699401289225,0.08,0.18209213411654696,True,True,True,False
23ce04a87289a3a827cf,adaptive,adaptive_allocation,1136,1863892586,16,5000,0.08,0.05,rbf,median,anytime,bonferroni,1,10,False,UNRESOLVED,5000,True,False,True,0.00034554197918623686,0.08,0.18209213411654696,True,True,True,False
cae7cfa4e59f25361311,adaptive,adaptive_allocation,1137,3144379630,16,5000,0.08,0.05,rbf,median,anytime,bonferroni,1,10,False,UNRESOLVED,5000,True,False,True,0.00034241704270243645,0.08,0.18209213411654696,True,True,True,False
2268d750576c208e98d9,adaptive,adaptive_allocation,1138,2437903355,16,5000,0.08,0.05,rbf,median,anytime,bonferroni,1,10,False,UNRESOLVED,5000,True,False,True,0.0003479159786365926,0.08,0.18209213411654696,True,True,True,False
ee6d8efdc272850cbd7f,adaptive,adaptive_allocation,1139,1744408433,16,5000,0.08,0.05,rbf,median,anytime,bonferroni,1,10,False,UNRESOLVED,5000,True,False,True,0.0003442080342210829,0.08,0.18209213411654696,True,True,True,False
b0826dbbb7fc503a497b,adaptive,adaptive_allocation,1140,3598596417,16,5000,0.08,0.05,rbf,median,anytime,bonferroni,1,10,False,UNRESOLVED,5000,True,False,True,0.00034374999813735485,0.08,0.18209213411654696,True,True,True,False
d91a6eea694ce332dd05,adaptive,adaptive_allocation,1141,3252236477,16,5000,0.08,0.05,rbf,median,anytime,bonferroni,1,10,False,UNRESOLVED,5000,True,False,True,0.0004818749730475247,0.08,0.18209213411654696,True,True,True,False
1539518b30c7b584b14a,adaptive,adaptive_allocation,1142,4149995692,16,5000,0.08,0.05,rbf,median,anytime,bonferroni,1,10,False,UNRESOLVED,5000,True,False,True,0.0004027920076623559,0.08,0.18209213411654696,True,True,True,False
167fb57d3e7075bdfb87,adaptive,adaptive_allocation,1143,1029367543,16,5000,0.08,0.05,rbf,median,anytime,bonferroni,1,10,False,UNRESOLVED,5000,True,False,True,0.0004144590348005295,0.08,0.18209213411654696,True,True,True,False
c0eb677f71e68878ab79,adaptive,adaptive_allocation,1144,744846319,16,5000,0.08,0.05,rbf,median,anytime,bonferroni,1,10,False,UNRESOLVED,5000,True,False,True,0.0004097920027561486,0.08,0.18209213411654696,True,True,True,False
472dc8053ecbbbf8a510,adaptive,adaptive_allocation,1145,2285619489,16,5000,0.08,0.05,rbf,median,anytime,bonferroni,1,10,False,UNRESOLVED,5000,True,False,True,0.0004182910197414458,0.08,0.18209213411654696,True,True,True,False
74e38c49ff7017fd4503,adaptive,adaptive_allocation,1146,965001813,16,5000,0.08,0.05,rbf,median,anytime,bonferroni,1,10,False,UNRESOLVED,5000,True,False,True,0.00040854199323803186,0.08,0.18209213411654696,True,True,True,False
0a1adc6df7c5a8765cea,adaptive,adaptive_allocation,1147,1607699434,16,5000,0.08,0.05,rbf,median,anytime,bonferroni,1,10,False,UNRESOLVED,5000,True,False,True,0.0004041250213049352,0.08,0.18209213411654696,True,True,True,False
42d49f0de4f4a6820763,adaptive,adaptive_allocation,1148,1323217554,16,5000,0.08,0.05,rbf,median,anytime,bonferroni,1,10,False,UNRESOLVED,5000,True,False,True,0.00040262500988319516,0.08,0.18209213411654696,True,True,True,False
276203bd78fd81cf54fd,adaptive,adaptive_allocation,1149,2442813060,16,5000,0.08,0.05,rbf,median,anytime,bonferroni,1,10,False,UNRESOLVED,5000,True,False,True,0.00040137500036507845,0.08,0.18209213411654696,True,True,True,False
7a442b04c3d325c1f395,adaptive,adaptive_allocation,1150,4045758225,16,5000,0.08,0.05,rbf,median,anytime,bonferroni,1,10,False,UNRESOLVED,5000,True,False,True,0.00040616700425744057,0.08,0.18209213411654696,True,True,True,False
70edd703d7620dbf4e34,adaptive,adaptive_allocation,1151,3363626040,16,5000,0.08,0.05,rbf,median,anytime,bonferroni,1,10,False,UNRESOLVED,5000,True,False,True,0.0004027920076623559,0.08,0.18209213411654696,True,True,True,False
fffeb2c0f8645405dd1a,adaptive,adaptive_allocation,1152,3695785567,16,5000,0.08,0.05,rbf,median,anytime,bonferroni,1,10,False,UNRESOLVED,5000,True,False,True,0.0004266659962013364,0.08,0.18209213411654696,True,True,True,False
1eff1e4d863ca38a7d33,adaptive,adaptive_allocation,1153,31965721,16,5000,0.08,0.05,rbf,median,anytime,bonferroni,1,10,False,UNRESOLVED,5000,True,False,True,0.00045200000749900937,0.08,0.18209213411654696,True,True,True,False
1ba8b35903cc2415c1e4,adaptive,adaptive_allocation,1154,1478928475,16,5000,0.08,0.05,rbf,median,anytime,bonferroni,1,10,False,UNRESOLVED,5000,True,False,True,0.0004396250005811453,0.08,0.18209213411654696,True,True,True,False
b7b9e3a44ba1b6e5f29b,adaptive,adaptive_allocation,1155,1209380778,16,5000,0.08,0.05,rbf,median,anytime,bonferroni,1,10,False,UNRESOLVED,5000,True,False,True,0.0004485829849727452,0.08,0.18209213411654696,True,True,True,False
cba31ed1b0e274cd9700,adaptive,adaptive_allocation,1156,528514771,16,5000,0.08,0.05,rbf,median,anytime,bonferroni,1,10,False,UNRESOLVED,5000,True,False,True,0.00042812497122213244,0.08,0.18209213411654696,True,True,True,False
5c03ca04a4d7544d3ac2,adaptive,adaptive_allocation,1157,2040687939,16,5000,0.08,0.05,rbf,median,anytime,bonferroni,1,10,False,UNRESOLVED,5000,True,False,True,0.0004292079829610884,0.08,0.18209213411654696,True,True,True,False
f9ce5f6d1cc10d33417b,adaptive,adaptive_allocation,1158,2241925267,16,5000,0.08,0.05,rbf,median,anytime,bonferroni,1,10,False,UNRESOLVED,5000,True,False,True,0.00047687505139037967,0.08,0.18209213411654696,True,True,True,False
9e74e72de3949fde3636,adaptive,adaptive_allocation,1159,448443521,16,5000,0.08,0.05,rbf,median,anytime,bonferroni,1,10,False,UNRESOLVED,5000,True,False,True,0.0004175420035608113,0.08,0.18209213411654696,True,True,True,False
b0967c6c5b21f8f85e6d,adaptive,adaptive_allocation,1160,245062177,16,5000,0.08,0.05,rbf,median,anytime,bonferroni,1,10,False,UNRESOLVED,5000,True,False,True,0.000408291001804173,0.08,0.18209213411654696,True,True,True,False
18cc9b1951ccbe327656,adaptive,adaptive_allocation,1161,3042959619,16,5000,0.08,0.05,rbf,median,anytime,bonferroni,1,10,False,UNRESOLVED,5000,True,False,True,0.0004059160128235817,0.08,0.18209213411654696,True,True,True,False
b812a896d0744b328feb,adaptive,adaptive_allocation,1162,3411085756,16,5000,0.08,0.05,rbf,median,anytime,bonferroni,1,10,False,UNRESOLVED,5000,True,False,True,0.00040250003803521395,0.08,0.18209213411654696,True,True,True,False
96ec866928fc2bb67efa,adaptive,adaptive_allocation,1163,2985382349,16,5000,0.08,0.05,rbf,median,anytime,bonferroni,1,10,False,UNRESOLVED,5000,True,False,True,0.0004015830345451832,0.08,0.18209213411654696,True,True,True,False
f18bc3e5935f8081e9fa,adaptive,adaptive_allocation,1164,2133111523,16,5000,0.08,0.05,rbf,median,anytime,bonferroni,1,10,False,UNRESOLVED,5000,True,False,True,0.00040012499084696174,0.08,0.18209213411654696,True,True,True,False
371bc58887ea02c7599e,adaptive,adaptive_allocation,1165,2893896446,16,5000,0.08,0.05,rbf,median,anytime,bonferroni,1,10,False,UNRESOLVED,5000,True,False,True,0.000401791010517627,0.08,0.18209213411654696,True,True,True,False
1e90048f67fce2a2027b,adaptive,adaptive_allocation,1166,1986460868,16,5000,0.08,0.05,rbf,median,anytime,bonferroni,1,10,False,UNRESOLVED,5000,True,False,True,0.0004004579968750477,0.08,0.18209213411654696,True,True,True,False
dae5dc884c303e5cac74,adaptive,adaptive_allocation,1167,3458795954,16,5000,0.08,0.05,rbf,median,anytime,bonferroni,1,10,False,UNRESOLVED,5000,True,False,True,0.0004009169642813504,0.08,0.18209213411654696,True,True,True,False
6a0a730733d9b4142ea7,adaptive,adaptive_allocation,1168,1735870546,16,5000,0.08,0.05,rbf,median,anytime,bonferroni,1,10,False,UNRESOLVED,5000,True,False,True,0.0004001659690402448,0.08,0.18209213411654696,True,True,True,False
2ffe7e46c362f8265dc0,adaptive,adaptive_allocation,1169,1137266957,16,5000,0.08,0.05,rbf,median,anytime,bonferroni,1,10,False,UNRESOLVED,5000,True,False,True,0.00040733302012085915,0.08,0.18209213411654696,True,True,True,False
5d20d668a0bead1d24a0,adaptive,adaptive_allocation,1170,1438301388,16,5000,0.08,0.05,rbf,median,anytime,bonferroni,1,10,False,UNRESOLVED,5000,True,False,True,0.0004236670210957527,0.08,0.18209213411654696,True,True,True,False
bcafae97b4c14213ab54,adaptive,adaptive_allocation,1171,3184600682,16,5000,0.08,0.05,rbf,median,anytime,bonferroni,1,10,False,UNRESOLVED,5000,True,False,True,0.00040024996269494295,0.08,0.18209213411654696,True,True,True,False
c3db3de8977cecf9caca,adaptive,adaptive_allocation,1172,3590042166,16,5000,0.08,0.05,rbf,median,anytime,bonferroni,1,10,False,UNRESOLVED,5000,True,False,True,0.00040149997221305966,0.08,0.18209213411654696,True,True,True,False
2707a92e3da421a0cb33,adaptive,adaptive_allocation,1173,1535581588,16,5000,0.08,0.05,rbf,median,anytime,bonferroni,1,10,False,UNRESOLVED,5000,True,False,True,0.0003982500056736171,0.08,0.18209213411654696,True,True,True,False
2c53b34c4c3c75cd3cd7,adaptive,adaptive_allocation,1174,3962722273,16,5000,0.08,0.05,rbf,median,anytime,bonferroni,1,10,False,UNRESOLVED,5000,True,False,True,0.000400707998778671,0.08,0.18209213411654696,True,True,True,False
e45ac40b95b0f2239d69,adaptive,adaptive_allocation,1175,172321456,16,5000,0.08,0.05,rbf,median,anytime,bonferroni,1,10,False,UNRESOLVED,5000,True,False,True,0.0004260000423528254,0.08,0.18209213411654696,True,True,True,False
f281a0a17d4da452315b,adaptive,adaptive_allocation,1176,789845260,16,5000,0.08,0.05,rbf,median,anytime,bonferroni,1,10,False,UNRESOLVED,5000,True,False,True,0.0005904169520363212,0.08,0.18209213411654696,True,True,True,False
4a7eee54b79d9bf7abf3,adaptive,adaptive_allocation,1177,1293286492,16,5000,0.08,0.05,rbf,median,anytime,bonferroni,1,10,False,UNRESOLVED,5000,True,False,True,0.0005247080116532743,0.08,0.18209213411654696,True,True,True,False
062bb7e70e957d0835a2,adaptive,adaptive_allocation,1178,4062326551,16,5000,0.08,0.05,rbf,median,anytime,bonferroni,1,10,False,UNRESOLVED,5000,True,False,True,0.0005424169939942658,0.08,0.18209213411654696,True,True,True,False
29b1f5ed601a3f6b32aa,adaptive,adaptive_allocation,1179,2324897513,16,5000,0.08,0.05,rbf,median,anytime,bonferroni,1,10,False,UNRESOLVED,5000,True,False,True,0.0004408329841680825,0.08,0.18209213411654696,True,True,True,False
f688c9ecc57e0871c870,adaptive,adaptive_allocation,1180,2285915377,16,5000,0.08,0.05,rbf,median,anytime,bonferroni,1,10,False,UNRESOLVED,5000,True,False,True,0.00040487502701580524,0.08,0.18209213411654696,True,True,True,False
07119ff6ca522274e759,adaptive,adaptive_allocation,1181,763118756,16,5000,0.08,0.05,rbf,median,anytime,bonferroni,1,10,False,UNRESOLVED,5000,True,False,True,0.00040395796531811357,0.08,0.18209213411654696,True,True,True,False
f95868793c685a044763,adaptive,adaptive_allocation,1182,1079544408,16,5000,0.08,0.05,rbf,median,anytime,bonferroni,1,10,False,UNRESOLVED,5000,True,False,True,0.00040195899782702327,0.08,0.18209213411654696,True,True,True,False
8222d5fce0ae076bf08e,adaptive,adaptive_allocation,1183,568651690,16,5000,0.08,0.05,rbf,median,anytime,bonferroni,1,10,False,UNRESOLVED,5000,True,False,True,0.0004022500361315906,0.08,0.18209213411654696,True,True,True,False
01421d766b53e1650246,adaptive,adaptive_allocation,1184,3176045553,16,5000,0.08,0.05,rbf,median,anytime,bonferroni,1,10,False,UNRESOLVED,5000,True,False,True,0.00040129199624061584,0.08,0.18209213411654696,True,True,True,False
1f7737f153c4f51d20c3,adaptive,adaptive_allocation,1185,2745213450,16,5000,0.08,0.05,rbf,median,anytime,bonferroni,1,10,False,UNRESOLVED,5000,True,False,True,0.0003987500094808638,0.08,0.18209213411654696,True,True,True,False
4b4dfe2a68498f78b619,adaptive,adaptive_allocation,1186,3845677663,16,5000,0.08,0.05,rbf,median,anytime,bonferroni,1,10,False,UNRESOLVED,5000,True,False,True,0.0004412090056575835,0.08,0.18209213411654696,True,True,True,False
9e907bb620948e6548a6,adaptive,adaptive_allocation,1187,2578614964,16,5000,0.08,0.05,rbf,median,anytime,bonferroni,1,10,False,UNRESOLVED,5000,True,False,True,0.0004900830099359155,0.08,0.18209213411654696,True,True,True,False
de2d32787363e80c2ec3,adaptive,adaptive_allocation,1188,1357085073,16,5000,0.08,0.05,rbf,median,anytime,bonferroni,1,10,False,UNRESOLVED,5000,True,False,True,0.0004971250309608877,0.08,0.18209213411654696,True,True,True,False
87dc33836d7cd506b3db,adaptive,adaptive_allocation,1189,3180976600,16,5000,0.08,0.05,rbf,median,anytime,bonferroni,1,10,False,UNRESOLVED,5000,True,False,True,0.0005026659928262234,0.08,0.18209213411654696,True,True,True,False
b1e8f20b7b5ffb11a081,adaptive,adaptive_allocation,1190,871275856,16,5000,0.08,0.05,rbf,median,anytime,bonferroni,1,10,False,UNRESOLVED,5000,True,False,True,0.0004887910326942801,0.08,0.18209213411654696,True,True,True,False
18da71644921391767c1,adaptive,adaptive_allocation,1191,3770155082,16,5000,0.08,0.05,rbf,median,anytime,bonferroni,1,10,False,UNRESOLVED,5000,True,False,True,0.0004290409851819277,0.08,0.18209213411654696,True,True,True,False
9510ae9793b91936ed99,adaptive,adaptive_allocation,1192,2478635938,16,5000,0.08,0.05,rbf,median,anytime,bonferroni,1,10,False,UNRESOLVED,5000,True,False,True,0.00041429203702136874,0.08,0.18209213411654696,True,True,True,False
f33900b698312a75740e,adaptive,adaptive_allocation,1193,1087390875,16,5000,0.08,0.05,rbf,median,anytime,bonferroni,1,10,False,UNRESOLVED,5000,True,False,True,0.0004097920027561486,0.08,0.18209213411654696,True,True,True,False
83719355210dc86bdd52,adaptive,adaptive_allocation,1194,876553920,16,5000,0.08,0.05,rbf,median,anytime,bonferroni,1,10,False,UNRESOLVED,5000,True,False,True,0.00040495803114026785,0.08,0.18209213411654696,True,True,True,False
752f63de0adf4a3b998f,adaptive,adaptive_allocation,1195,2265681992,16,5000,0.08,0.05,rbf,median,anytime,bonferroni,1,10,False,UNRESOLVED,5000,True,False,True,0.0004808329977095127,0.08,0.18209213411654696,True,True,True,False
8359b8f122ad6552c9d3,adaptive,adaptive_allocation,1196,1622136923,16,5000,0.08,0.05,rbf,median,anytime,bonferroni,1,10,False,UNRESOLVED,5000,True,False,True,0.0005037079681642354,0.08,0.18209213411654696,True,True,True,False
f9065b4e2e7b373351fc,adaptive,adaptive_allocation,1197,4158558577,16,5000,0.08,0.05,rbf,median,anytime,bonferroni,1,10,False,UNRESOLVED,5000,True,False,True,0.0004319580039009452,0.08,0.18209213411654696,True,True,True,False
f16729963ba73212490f,adaptive,adaptive_allocation,1198,457294431,16,5000,0.08,0.05,rbf,median,anytime,bonferroni,1,10,False,UNRESOLVED,5000,True,False,True,0.0004580839886330068,0.08,0.18209213411654696,True,True,True,False
3c5c51c407eb35653093,adaptive,adaptive_allocation,1199,1131021678,16,5000,0.08,0.05,rbf,median,anytime,bonferroni,1,10,False,UNRESOLVED,5000,True,False,True,0.0005172910168766975,0.08,0.18209213411654696,True,True,True,False
4ae9e3bc7627eb712a60,adaptive,adaptive_allocation,1200,3958102054,16,5000,0.08,0.05,rbf,median,anytime,bonferroni,1,10,False,UNRESOLVED,5000,True,False,True,0.0004789580125361681,0.08,0.18209213411654696,True,True,True,False
b3b1a3ca7b951fc1cfaa,adaptive,adaptive_allocation,1201,1180230785,16,5000,0.08,0.05,rbf,median,anytime,bonferroni,1,10,False,UNRESOLVED,5000,True,False,True,0.00047437497414648533,0.08,0.18209213411654696,True,True,True,False
ce08a54bc323086237ae,adaptive,adaptive_allocation,1202,195443892,16,5000,0.08,0.05,rbf,median,anytime,bonferroni,1,10,False,UNRESOLVED,5000,True,False,True,0.0004742080345749855,0.08,0.18209213411654696,True,True,True,False
dd0a0a07131fb5a8f15e,adaptive,adaptive_allocation,1203,111627730,16,5000,0.08,0.05,rbf,median,anytime,bonferroni,1,10,False,UNRESOLVED,5000,True,False,True,0.00047337496653199196,0.08,0.18209213411654696,True,True,True,False
facfcd4c6e5eb0266148,adaptive,adaptive_allocation,1204,3042188411,16,5000,0.08,0.05,rbf,median,anytime,bonferroni,1,10,False,UNRESOLVED,5000,True,False,True,0.00047395797446370125,0.08,0.18209213411654696,True,True,True,False
d0515d43356fcbc53c8c,adaptive,adaptive_allocation,1205,3808003945,16,5000,0.08,0.05,rbf,median,anytime,bonferroni,1,10,False,UNRESOLVED,5000,True,False,True,0.000472709012683481,0.08,0.18209213411654696,True,True,True,False
afd94ca44dc0ff8059c4,adaptive,adaptive_allocation,1206,811919883,16,5000,0.08,0.05,rbf,median,anytime,bonferroni,1,10,False,UNRESOLVED,5000,True,False,True,0.000474542030133307,0.08,0.18209213411654696,True,True,True,False
fe6a1e344b2add99a867,adaptive,adaptive_allocation,1207,2076173203,16,5000,0.08,0.05,rbf,median,anytime,bonferroni,1,10,False,UNRESOLVED,5000,True,False,True,0.0004735830007120967,0.08,0.18209213411654696,True,True,True,False
3a1a8b658bf6cff1c48b,adaptive,adaptive_allocation,1208,3073718496,16,5000,0.08,0.05,rbf,median,anytime,bonferroni,1,10,False,UNRESOLVED,5000,True,False,True,0.0004777500289492309,0.08,0.18209213411654696,True,True,True,False
50d2bed788c0c0634f0e,adaptive,adaptive_allocation,1209,4052817831,16,5000,0.08,0.05,rbf,median,anytime,bonferroni,1,10,False,UNRESOLVED,5000,True,False,True,0.00047883298248052597,0.08,0.18209213411654696,True,True,True,False
acfd76e559d809480961,adaptive,adaptive_allocation,1210,1211680841,16,5000,0.08,0.05,rbf,median,anytime,bonferroni,1,10,False,UNRESOLVED,5000,True,False,True,0.0005194579716771841,0.08,0.18209213411654696,True,True,True,False
4fd6f6f45e0c206b593b,adaptive,adaptive_allocation,1211,3015366524,16,5000,0.08,0.05,rbf,median,anytime,bonferroni,1,10,False,UNRESOLVED,5000,True,False,True,0.0004279579734429717,0.08,0.18209213411654696,True,True,True,False
db7a4b2b66673f91d067,adaptive,adaptive_allocation,1212,69177644,16,5000,0.08,0.05,rbf,median,anytime,bonferroni,1,10,False,UNRESOLVED,5000,True,False,True,0.00040974997682496905,0.08,0.18209213411654696,True,True,True,False
a5fe9fab8d27e77f984b,adaptive,adaptive_allocation,1213,2653100511,16,5000,0.08,0.05,rbf,median,anytime,bonferroni,1,10,False,UNRESOLVED,5000,True,False,True,0.00047800003085285425,0.08,0.18209213411654696,True,True,True,False
47d168ae05eea10c95b1,adaptive,adaptive_allocation,1214,2563875618,16,5000,0.08,0.05,rbf,median,anytime,bonferroni,1,10,False,UNRESOLVED,5000,True,False,True,0.0004253750084899366,0.08,0.18209213411654696,True,True,True,False
33820fdda0f2025d7a6a,adaptive,adaptive_allocation,1215,2298883708,16,5000,0.08,0.05,rbf,median,anytime,bonferroni,1,10,False,UNRESOLVED,5000,True,False,True,0.0004119580262340605,0.08,0.18209213411654696,True,True,True,False
c392df6cc50b3e656e8a,adaptive,adaptive_allocation,1216,3124098383,16,5000,0.08,0.05,rbf,median,anytime,bonferroni,1,10,False,UNRESOLVED,5000,True,False,True,0.00040970800910145044,0.08,0.18209213411654696,True,True,True,False
71e20389993a4532b398,adaptive,adaptive_allocation,1217,1886750580,16,5000,0.08,0.05,rbf,median,anytime,bonferroni,1,10,False,UNRESOLVED,5000,True,False,True,0.00040741602424532175,0.08,0.18209213411654696,True,True,True,False
ee7da9f5d8c833848c00,adaptive,adaptive_allocation,1218,1819882495,16,5000,0.08,0.05,rbf,median,anytime,bonferroni,1,10,False,UNRESOLVED,5000,True,False,True,0.0004044999950565398,0.08,0.18209213411654696,True,True,True,False
8c1cad00f3820beb1879,adaptive,adaptive_allocation,1219,612461003,16,5000,0.08,0.05,rbf,median,anytime,bonferroni,1,10,False,UNRESOLVED,5000,True,False,True,0.0003635829780250788,0.08,0.18209213411654696,True,True,True,False
d744233fe92026d2bf2b,adaptive,adaptive_allocation,1220,1330567928,16,5000,0.08,0.05,rbf,median,anytime,bonferroni,1,10,False,UNRESOLVED,5000,True,False,True,0.0003519579768180847,0.08,0.18209213411654696,True,True,True,False
0db63719f0d7c00a7ace,adaptive,adaptive_allocation,1221,4187708360,16,5000,0.08,0.05,rbf,median,anytime,bonferroni,1,10,False,UNRESOLVED,5000,True,False,True,0.0003482920001260936,0.08,0.18209213411654696,True,True,True,False
eecfebc5b729434aae07,adaptive,adaptive_allocation,1222,3388514095,16,5000,0.08,0.05,rbf,median,anytime,bonferroni,1,10,False,UNRESOLVED,5000,True,False,True,0.00034741597482934594,0.08,0.18209213411654696,True,True,True,False
ae6682ce2f139e54e604,adaptive,adaptive_allocation,1223,2273226869,16,5000,0.08,0.05,rbf,median,anytime,bonferroni,1,10,False,UNRESOLVED,5000,True,False,True,0.0003495829878374934,0.08,0.18209213411654696,True,True,True,False
c65de8db2d1da84c2af5,adaptive,adaptive_allocation,1224,4125862852,16,5000,0.08,0.05,rbf,median,anytime,bonferroni,1,10,False,UNRESOLVED,5000,True,False,True,0.0003498750156722963,0.08,0.18209213411654696,True,True,True,False
3046fbb7e37c625b7994,adaptive,adaptive_allocation,1225,1253781225,16,5000,0.08,0.05,rbf,median,anytime,bonferroni,1,10,False,UNRESOLVED,5000,True,False,True,0.000358375022187829,0.08,0.18209213411654696,True,True,True,False
ea6bbfab3f34c294bb6f,adaptive,adaptive_allocation,1226,3207600249,16,5000,0.08,0.05,rbf,median,anytime,bonferroni,1,10,False,UNRESOLVED,5000,True,False,True,0.000348208996001631,0.08,0.18209213411654696,True,True,True,False
dccf43fdce1f3909f6eb,adaptive,adaptive_allocation,1227,2533265919,16,5000,0.08,0.05,rbf,median,anytime,bonferroni,1,10,False,UNRESOLVED,5000,True,False,True,0.0003486250061541796,0.08,0.18209213411654696,True,True,True,False
45e76757a1bb1dd68d6e,adaptive,adaptive_allocation,1228,2834264933,16,5000,0.08,0.05,rbf,median,anytime,bonferroni,1,10,False,UNRESOLVED,5000,True,False,True,0.00035133399069309235,0.08,0.18209213411654696,True,True,True,False
5338910aca02f06e70cd,adaptive,adaptive_allocation,1229,3304234148,16,5000,0.08,0.05,rbf,median,anytime,bonferroni,1,10,False,UNRESOLVED,5000,True,False,True,0.0003475829726085067,0.08,0.18209213411654696,True,True,True,False
b5f4b7cfb99c5289ddae,adaptive,adaptive_allocation,1230,2184787186,16,5000,0.08,0.05,rbf,median,anytime,bonferroni,1,10,False,UNRESOLVED,5000,True,False,True,0.0003457919810898602,0.08,0.18209213411654696,True,True,True,False
c595d09a35b9b009fd18,adaptive,adaptive_allocation,1231,2403371846,16,5000,0.08,0.05,rbf,median,anytime,bonferroni,1,10,False,UNRESOLVED,5000,True,False,True,0.0003929579979740083,0.08,0.18209213411654696,True,True,True,False
d4b13902b9e07220b11e,adaptive,adaptive_allocation,1232,2298065488,16,5000,0.08,0.05,rbf,median,anytime,bonferroni,1,10,False,UNRESOLVED,5000,True,False,True,0.0003630410064943135,0.08,0.18209213411654696,True,True,True,False
016bf972504f1b9666da,adaptive,adaptive_allocation,1233,1699303666,16,5000,0.08,0.05,rbf,median,anytime,bonferroni,1,10,False,UNRESOLVED,5000,True,False,True,0.00035266700433567166,0.08,0.18209213411654696,True,True,True,False
6259094f0ffd333afd1e,adaptive,adaptive_allocation,1234,2111620118,16,5000,0.08,0.05,rbf,median,anytime,bonferroni,1,10,False,UNRESOLVED,5000,True,False,True,0.00034899997990578413,0.08,0.18209213411654696,True,True,True,False
c6c94d9cfe424a94177f,adaptive,adaptive_allocation,1235,3640004778,16,5000,0.08,0.05,rbf,median,anytime,bonferroni,1,10,False,UNRESOLVED,5000,True,False,True,0.00035191699862480164,0.08,0.18209213411654696,True,True,True,False
48a599a90dad5591a2d5,adaptive,adaptive_allocation,1236,4069762547,16,5000,0.08,0.05,rbf,median,anytime,bonferroni,1,10,False,UNRESOLVED,5000,True,False,True,0.00034795800456777215,0.08,0.18209213411654696,True,True,True,False
98287c0a875249e21a0b,adaptive,adaptive_allocation,1237,1177388885,16,5000,0.08,0.05,rbf,median,anytime,bonferroni,1,10,False,UNRESOLVED,5000,True,False,True,0.00034654198680073023,0.08,0.18209213411654696,True,True,True,False
9521b7408ad9bbb03fa2,adaptive,adaptive_allocation,1238,205212146,16,5000,0.08,0.05,rbf,median,anytime,bonferroni,1,10,False,UNRESOLVED,5000,True,False,True,0.0003437920240685344,0.08,0.18209213411654696,True,True,True,False
a15969b62f86966fae84,adaptive,adaptive_allocation,1239,1651982744,16,5000,0.08,0.05,rbf,median,anytime,bonferroni,1,10,False,UNRESOLVED,5000,True,False,True,0.00035016698529943824,0.08,0.18209213411654696,True,True,True,False
235f08591565bb99c964,adaptive,adaptive_allocation,1240,1993566107,16,5000,0.08,0.05,rbf,median,anytime,bonferroni,1,10,False,UNRESOLVED,5000,True,False,True,0.00034550001146271825,0.08,0.18209213411654696,True,True,True,False
ec280dc23b0508daf988,adaptive,adaptive_allocation,1241,2200043246,16,5000,0.08,0.05,rbf,median,anytime,bonferroni,1,10,False,UNRESOLVED,5000,True,False,True,0.0003476249985396862,0.08,0.18209213411654696,True,True,True,False
633fb6801de3e8aed412,adaptive,adaptive_allocation,1242,3632181051,16,5000,0.08,0.05,rbf,median,anytime,bonferroni,1,10,False,UNRESOLVED,5000,True,False,True,0.00034541700733825564,0.08,0.18209213411654696,True,True,True,False
f917fd1f459be6114baf,adaptive,adaptive_allocation,1243,1480074908,16,5000,0.08,0.05,rbf,median,anytime,bonferroni,1,10,False,UNRESOLVED,5000,True,False,True,0.0003477499703876674,0.08,0.18209213411654696,True,True,True,False
b96e48becac7788fe4d1,adaptive,adaptive_allocation,1244,2796590403,16,5000,0.08,0.05,rbf,median,anytime,bonferroni,1,10,False,UNRESOLVED,5000,True,False,True,0.00034308299655094743,0.08,0.18209213411654696,True,True,True,False
80644683c98e813374bf,adaptive,adaptive_allocation,1245,4054166433,16,5000,0.08,0.05,rbf,median,anytime,bonferroni,1,10,False,UNRESOLVED,5000,True,False,True,0.0003432920202612877,0.08,0.18209213411654696,True,True,True,False
e0400c6085970256fee5,adaptive,adaptive_allocation,1246,2933530030,16,5000,0.08,0.05,rbf,median,anytime,bonferroni,1,10,False,UNRESOLVED,5000,True,False,True,0.0003433339879848063,0.08,0.18209213411654696,True,True,True,False
bdcd41d0e2f5a9a1802f,adaptive,adaptive_allocation,1247,1341901246,16,5000,0.08,0.05,rbf,median,anytime,bonferroni,1,10,False,UNRESOLVED,5000,True,False,True,0.00034770899219438434,0.08,0.18209213411654696,True,True,True,False
a20137699a96c8e59916,adaptive,adaptive_allocation,1248,2553682587,16,5000,0.08,0.05,rbf,median,anytime,bonferroni,1,10,False,UNRESOLVED,5000,True,False,True,0.00034487503580749035,0.08,0.18209213411654696,True,True,True,False
1ee775a4f24a9ee3835c,adaptive,adaptive_allocation,1249,1617845776,16,5000,0.08,0.05,rbf,median,anytime,bonferroni,1,10,False,UNRESOLVED,5000,True,False,True,0.00034366699401289225,0.08,0.18209213411654696,True,True,True,False
8b00917aed30ebd7ea80,adaptive,adaptive_allocation,1250,3787688554,16,5000,0.08,0.05,rbf,median,anytime,bonferroni,1,10,False,UNRESOLVED,5000,True,False,True,0.00034508295357227325,0.08,0.18209213411654696,True,True,True,False
d62a37cb948c81b09359,adaptive,adaptive_allocation,1251,1691522687,16,5000,0.08,0.05,rbf,median,anytime,bonferroni,1,10,False,UNRESOLVED,5000,True,False,True,0.0004095829790458083,0.08,0.18209213411654696,True,True,True,False
21315676c242e4f7d249,adaptive,adaptive_allocation,1252,3671581489,16,5000,0.08,0.05,rbf,median,anytime,bonferroni,1,10,False,UNRESOLVED,5000,True,False,True,0.00040149997221305966,0.08,0.18209213411654696,True,True,True,False
b29d472ab8f2aa9ce7a8,adaptive,adaptive_allocation,1253,414080452,16,5000,0.08,0.05,rbf,median,anytime,bonferroni,1,10,False,UNRESOLVED,5000,True,False,True,0.0003992500132881105,0.08,0.18209213411654696,True,True,True,False
29260a0c795ba89d0646,adaptive,adaptive_allocation,1254,63738576,16,5000,0.08,0.05,rbf,median,anytime,bonferroni,1,10,False,UNRESOLVED,5000,True,False,True,0.0003986250376328826,0.08,0.18209213411654696,True,True,True,False
113e01aef8e74547b491,adaptive,adaptive_allocation,1255,1899767739,16,5000,0.08,0.05,rbf,median,anytime,bonferroni,1,10,False,UNRESOLVED,5000,True,False,True,0.00045129202771931887,0.08,0.18209213411654696,True,True,True,False
adc7b4451474a6fafd39,adaptive,adaptive_allocation,1256,3909245416,16,5000,0.08,0.05,rbf,median,anytime,bonferroni,1,10,False,UNRESOLVED,5000,True,False,True,0.00042245804797858,0.08,0.18209213411654696,True,True,True,False
144e4b45e68999eb6a01,adaptive,adaptive_allocation,1257,4072926095,16,5000,0.08,0.05,rbf,median,anytime,bonferroni,1,10,False,UNRESOLVED,5000,True,False,True,0.00040845898911356926,0.08,0.18209213411654696,True,True,True,False
7a1108d6902ee13c364a,adaptive,adaptive_allocation,1258,3859912937,16,5000,0.08,0.05,rbf,median,anytime,bonferroni,1,10,False,UNRESOLVED,5000,True,False,True,0.0004056670004501939,0.08,0.18209213411654696,True,True,True,False
75485ccee8d42140bf6f,adaptive,adaptive_allocation,1259,2726786974,16,5000,0.08,0.05,rbf,median,anytime,bonferroni,1,10,False,UNRESOLVED,5000,True,False,True,0.000404624966904521,0.08,0.18209213411654696,True,True,True,False
ff8e4c189ca418b0d2be,adaptive,adaptive_allocation,1260,1625933518,16,5000,0.08,0.05,rbf,median,anytime,bonferroni,1,10,False,UNRESOLVED,5000,True,False,True,0.00040070898830890656,0.08,0.18209213411654696,True,True,True,False
520f03c751b0650db7e6,adaptive,adaptive_allocation,1261,2526036374,16,5000,0.08,0.05,rbf,median,anytime,bonferroni,1,10,False,UNRESOLVED,5000,True,False,True,0.0004033340374007821,0.08,0.18209213411654696,True,True,True,False
75e05210358d0f997aae,adaptive,adaptive_allocation,1262,2789679625,16,5000,0.08,0.05,rbf,median,anytime,bonferroni,1,10,False,UNRESOLVED,5000,True,False,True,0.00039912498323246837,0.08,0.18209213411654696,True,True,True,False
2b12b5d3317ba13884fe,adaptive,adaptive_allocation,1263,1291464663,16,5000,0.08,0.05,rbf,median,anytime,bonferroni,1,10,False,UNRESOLVED,5000,True,False,True,0.00040208303835242987,0.08,0.18209213411654696,True,True,True,False
53d05143e7dc64120bd6,adaptive,adaptive_allocation,1264,562641127,16,5000,0.08,0.05,rbf,median,anytime,bonferroni,1,10,False,UNRESOLVED,5000,True,False,True,0.0004004589864052832,0.08,0.18209213411654696,True,True,True,False
dff972388c5d09dc3df4,adaptive,adaptive_allocation,1265,1633840274,16,5000,0.08,0.05,rbf,median,anytime,bonferroni,1,10,False,UNRESOLVED,5000,True,False,True,0.0004005830269306898,0.08,0.18209213411654696,True,True,True,False
c49b7c837cb61d4927f6,adaptive,adaptive_allocation,1266,418201532,16,5000,0.08,0.05,rbf,median,anytime,bonferroni,1,10,False,UNRESOLVED,5000,True,False,True,0.00039950001519173384,0.08,0.18209213411654696,True,True,True,False
f8a697863f1065f604fb,adaptive,adaptive_allocation,1267,4292940359,16,5000,0.08,0.05,rbf,median,anytime,bonferroni,1,10,False,UNRESOLVED,5000,True,False,True,0.00040075002470985055,0.08,0.18209213411654696,True,True,True,False
f6ad9a86a2a91d9a45e9,adaptive,adaptive_allocation,1268,2377813240,16,5000,0.08,0.05,rbf,median,anytime,bonferroni,1,10,False,UNRESOLVED,5000,True,False,True,0.000400707998778671,0.08,0.18209213411654696,True,True,True,False
38b7e42e467e4d141e32,adaptive,adaptive_allocation,1269,387199954,16,5000,0.08,0.05,rbf,median,anytime,bonferroni,1,10,False,UNRESOLVED,5000,True,False,True,0.0003992919810116291,0.08,0.18209213411654696,True,True,True,False
5e454a05899ee7f35b83,adaptive,adaptive_allocation,1270,853171293,16,5000,0.08,0.05,rbf,median,anytime,bonferroni,1,10,False,UNRESOLVED,5000,True,False,True,0.0004095829790458083,0.08,0.18209213411654696,True,True,True,False
20d55c81de0ac9f4f910,adaptive,adaptive_allocation,1271,3466206050,16,5000,0.08,0.05,rbf,median,anytime,bonferroni,1,10,False,UNRESOLVED,5000,True,False,True,0.00039841700345277786,0.08,0.18209213411654696,True,True,True,False
8e5a226134b840039f35,adaptive,adaptive_allocation,1272,1894650587,16,5000,0.08,0.05,rbf,median,anytime,bonferroni,1,10,False,UNRESOLVED,5000,True,False,True,0.00039804098196327686,0.08,0.18209213411654696,True,True,True,False
25548d9350a2c8887888,adaptive,adaptive_allocation,1273,994379027,16,5000,0.08,0.05,rbf,median,anytime,bonferroni,1,10,False,UNRESOLVED,5000,True,False,True,0.0004421250196173787,0.08,0.18209213411654696,True,True,True,False
3914755b171abba53b01,adaptive,adaptive_allocation,1274,4017279293,16,5000,0.08,0.05,rbf,median,anytime,bonferroni,1,10,False,UNRESOLVED,5000,True,False,True,0.00041633297223597765,0.08,0.18209213411654696,True,True,True,False
4e86fcd7b0373b1304eb,adaptive,adaptive_allocation,1275,3050243073,16,5000,0.08,0.05,rbf,median,anytime,bonferroni,1,10,False,UNRESOLVED,5000,True,False,True,0.00040729198371991515,0.08,0.18209213411654696,True,True,True,False
dc34cc31027905804bd1,adaptive,adaptive_allocation,1276,1365163851,16,5000,0.08,0.05,rbf,median,anytime,bonferroni,1,10,False,UNRESOLVED,5000,True,False,True,0.0004034590092487633,0.08,0.18209213411654696,True,True,True,False
ee61e733a8d0ac770269,adaptive,adaptive_allocation,1277,2606678391,16,5000,0.08,0.05,rbf,median,anytime,bonferroni,1,10,False,UNRESOLVED,5000,True,False,True,0.0004050839925184846,0.08,0.18209213411654696,True,True,True,False
f72bd51af675800f7ab3,adaptive,adaptive_allocation,1278,1111392704,16,5000,0.08,0.05,rbf,median,anytime,bonferroni,1,10,False,UNRESOLVED,5000,True,False,True,0.00040195800829678774,0.08,0.18209213411654696,True,True,True,False
c4e971f2cf8a2ec6c59d,adaptive,adaptive_allocation,1279,4200643602,16,5000,0.08,0.05,rbf,median,anytime,bonferroni,1,10,False,UNRESOLVED,5000,True,False,True,0.00040358398109674454,0.08,0.18209213411654696,True,True,True,False
dbe864c783969754cf8e,adaptive,adaptive_allocation,1280,290636300,16,5000,0.08,0.05,rbf,median,anytime,bonferroni,1,10,False,UNRESOLVED,5000,True,False,True,0.0004005830269306898,0.08,0.18209213411654696,True,True,True,False
e4f31faa39a5657b1fd8,adaptive,adaptive_allocation,1281,2242475774,16,5000,0.08,0.05,rbf,median,anytime,bonferroni,1,10,False,UNRESOLVED,5000,True,False,True,0.00040374998934566975,0.08,0.18209213411654696,True,True,True,False
cd35db0c786466fc5073,adaptive,adaptive_allocation,1282,1862005239,16,5000,0.08,0.05,rbf,median,anytime,bonferroni,1,10,False,UNRESOLVED,5000,True,False,True,0.0003986249794252217,0.08,0.18209213411654696,True,True,True,False
68bd8c68724078b5c58c,adaptive,adaptive_allocation,1283,654622677,16,5000,0.08,0.05,rbf,median,anytime,bonferroni,1,10,False,UNRESOLVED,5000,True,False,True,0.00038233300438150764,0.08,0.18209213411654696,True,True,True,False
4f0f5ea34c2b2c8386f7,adaptive,adaptive_allocation,1284,1111850195,16,5000,0.08,0.05,rbf,median,anytime,bonferroni,1,10,False,UNRESOLVED,5000,True,False,True,0.00034433300606906414,0.08,0.18209213411654696,True,True,True,False
6b96bb7e77436ae39c9c,adaptive,adaptive_allocation,1285,3823833345,16,5000,0.08,0.05,rbf,median,anytime,bonferroni,1,10,False,UNRESOLVED,5000,True,False,True,0.0003465409972704947,0.08,0.18209213411654696,True,True,True,False
4fdebab8f9224c1c9154,adaptive,adaptive_allocation,1286,2929314101,16,5000,0.08,0.05,rbf,median,anytime,bonferroni,1,10,False,UNRESOLVED,5000,True,False,True,0.0003436249680817127,0.08,0.18209213411654696,True,True,True,False
ab4c8973dfa79676bfb9,adaptive,adaptive_allocation,1287,4062751906,16,5000,0.08,0.05,rbf,median,anytime,bonferroni,1,10,False,UNRESOLVED,5000,True,False,True,0.0003440839936956763,0.08,0.18209213411654696,True,True,True,False
0d8bd01c5eb0c19b4238,adaptive,adaptive_allocation,1288,3416923528,16,5000,0.08,0.05,rbf,median,anytime,bonferroni,1,10,False,UNRESOLVED,5000,True,False,True,0.0004388340166769922,0.08,0.18209213411654696,True,True,True,False
f8565e9a0c352801debd,adaptive,adaptive_allocation,1289,4291527876,16,5000,0.08,0.05,rbf,median,anytime,bonferroni,1,10,False,UNRESOLVED,5000,True,False,True,0.00036737503251060843,0.08,0.18209213411654696,True,True,True,False
7cd3bb2d8b8929798ec0,adaptive,adaptive_allocation,1290,247500231,16,5000,0.08,0.05,rbf,median,anytime,bonferroni,1,10,False,UNRESOLVED,5000,True,False,True,0.0003522500046528876,0.08,0.18209213411654696,True,True,True,False
63cabd046389699f95f6,adaptive,adaptive_allocation,1291,135838063,16,5000,0.08,0.05,rbf,median,anytime,bonferroni,1,10,False,UNRESOLVED,5000,True,False,True,0.0003486250061541796,0.08,0.18209213411654696,True,True,True,False
76609e97812d0bf40487,adaptive,adaptive_allocation,1292,188211178,16,5000,0.08,0.05,rbf,median,anytime,bonferroni,1,10,False,UNRESOLVED,5000,True,False,True,0.000348208996001631,0.08,0.18209213411654696,True,True,True,False
4e79506139ad0b2537ce,adaptive,adaptive_allocation,1293,3560177888,16,5000,0.08,0.05,rbf,median,anytime,bonferroni,1,10,False,UNRESOLVED,5000,True,False,True,0.0003516250289976597,0.08,0.18209213411654696,True,True,True,False
b686df495647e7471cef,adaptive,adaptive_allocation,1294,4047779945,16,5000,0.08,0.05,rbf,median,anytime,bonferroni,1,10,False,UNRESOLVED,5000,True,False,True,0.0003475829726085067,0.08,0.18209213411654696,True,True,True,False
85cddaa59609cbc0cc06,adaptive,adaptive_allocation,1295,3306066779,16,5000,0.08,0.05,rbf,median,anytime,bonferroni,1,10,False,UNRESOLVED,5000,True,False,True,0.0003464160254225135,0.08,0.18209213411654696,True,True,True,False
04f4ca7862272b0e63af,adaptive,adaptive_allocation,1296,578824684,16,5000,0.08,0.05,rbf,median,anytime,bonferroni,1,10,False,UNRESOLVED,5000,True,False,True,0.00034658401273190975,0.08,0.18209213411654696,True,True,True,False
70af6d00a7748e6b0784,adaptive,adaptive_allocation,1297,287677599,16,5000,0.08,0.05,rbf,median,anytime,bonferroni,1,10,False,UNRESOLVED,5000,True,False,True,0.0003494999837130308,0.08,0.18209213411654696,True,True,True,False
9537a80eb747aa2f2d67,adaptive,adaptive_allocation,1298,1532591579,16,5000,0.08,0.05,rbf,median,anytime,bonferroni,1,10,False,UNRESOLVED,5000,True,False,True,0.00034604198299348354,0.08,0.18209213411654696,True,True,True,False
829955a5dce74b9e3c1b,adaptive,adaptive_allocation,1299,2732120072,16,5000,0.08,0.05,rbf,median,anytime,bonferroni,1,10,False,UNRESOLVED,5000,True,False,True,0.00034891703398898244,0.08,0.18209213411654696,True,True,True,False
412a84f2bf6bce9aac73,adaptive,adaptive_allocation,1300,634088383,16,5000,0.08,0.05,rbf,median,anytime,bonferroni,1,10,False,UNRESOLVED,5000,True,False,True,0.00034783396404236555,0.08,0.18209213411654696,True,True,True,False
ccef0f4eb9f73759d10b,adaptive,adaptive_allocation,1301,91787231,16,5000,0.08,0.05,rbf,median,anytime,bonferroni,1,10,False,UNRESOLVED,5000,True,False,True,0.0003502079634927213,0.08,0.18209213411654696,True,True,True,False
7392ae39858a1089f8ec,adaptive,adaptive_allocation,1302,3135666387,16,5000,0.08,0.05,rbf,median,anytime,bonferroni,1,10,False,UNRESOLVED,5000,True,False,True,0.0003471249947324395,0.08,0.18209213411654696,True,True,True,False
b59d1cecca46d6135134,adaptive,adaptive_allocation,1303,3363487039,16,5000,0.08,0.05,rbf,median,anytime,bonferroni,1,10,False,UNRESOLVED,5000,True,False,True,0.0003489169757813215,0.08,0.18209213411654696,True,True,True,False
0f65c4333714a784e3db,adaptive,adaptive_allocation,1304,3825458339,16,5000,0.08,0.05,rbf,median,anytime,bonferroni,1,10,False,UNRESOLVED,5000,True,False,True,0.0003464579931460321,0.08,0.18209213411654696,True,True,True,False
f6cf598251ccbb91a781,adaptive,adaptive_allocation,1305,3786050822,16,5000,0.08,0.05,rbf,median,anytime,bonferroni,1,10,False,UNRESOLVED,5000,True,False,True,0.00034912500996142626,0.08,0.18209213411654696,True,True,True,False
e6d3ca6137c773c9591a,adaptive,adaptive_allocation,1306,2735335584,16,5000,0.08,0.05,rbf,median,anytime,bonferroni,1,10,False,UNRESOLVED,5000,True,False,True,0.00034654198680073023,0.08,0.18209213411654696,True,True,True,False
3412d7449a5d645e4f89,adaptive,adaptive_allocation,1307,2481199693,16,5000,0.08,0.05,rbf,median,anytime,bonferroni,1,10,False,UNRESOLVED,5000,True,False,True,0.00034666695864871144,0.08,0.18209213411654696,True,True,True,False
4123d3ed3d05cc1390b0,adaptive,adaptive_allocation,1308,2678577091,16,5000,0.08,0.05,rbf,median,anytime,bonferroni,1,10,False,UNRESOLVED,5000,True,False,True,0.00034554203739389777,0.08,0.18209213411654696,True,True,True,False
5291264adad37d62ace6,adaptive,adaptive_allocation,1309,1409421173,16,5000,0.08,0.05,rbf,median,anytime,bonferroni,1,10,False,UNRESOLVED,5000,True,False,True,0.0003493329859338701,0.08,0.18209213411654696,True,True,True,False
328ad4a3d2955e0d959e,adaptive,adaptive_allocation,1310,2434749827,16,5000,0.08,0.05,rbf,median,anytime,bonferroni,1,10,False,UNRESOLVED,5000,True,False,True,0.00034662499092519283,0.08,0.18209213411654696,True,True,True,False
5ae702a75dbeee8e13a8,adaptive,adaptive_allocation,1311,3199658647,16,5000,0.08,0.05,rbf,median,anytime,bonferroni,1,10,False,UNRESOLVED,5000,True,False,True,0.00034795800456777215,0.08,0.18209213411654696,True,True,True,False
23ea93f7389613a644cc,adaptive,adaptive_allocation,1312,3919834803,16,5000,0.08,0.05,rbf,median,anytime,bonferroni,1,10,False,UNRESOLVED,5000,True,False,True,0.00034970894921571016,0.08,0.18209213411654696,True,True,True,False
0ccaac457abab8c016cf,adaptive,adaptive_allocation,1313,3237898845,16,5000,0.08,0.05,rbf,median,anytime,bonferroni,1,10,False,UNRESOLVED,5000,True,False,True,0.00034962501376867294,0.08,0.18209213411654696,True,True,True,False
6f1af00f3ab196f1ff32,adaptive,adaptive_allocation,1314,826937561,16,5000,0.08,0.05,rbf,median,anytime,bonferroni,1,10,False,UNRESOLVED,5000,True,False,True,0.00034595897886902094,0.08,0.18209213411654696,True,True,True,False
bc48706479c5f1a06270,adaptive,adaptive_allocation,1315,697671066,16,5000,0.08,0.05,rbf,median,anytime,bonferroni,1,10,False,UNRESOLVED,5000,True,False,True,0.00046658399514853954,0.08,0.18209213411654696,True,True,True,False
94e55a289c3325f43eb8,adaptive,adaptive_allocation,1316,3557588695,16,5000,0.08,0.05,rbf,median,anytime,bonferroni,1,10,False,UNRESOLVED,5000,True,False,True,0.0006057079881429672,0.08,0.18209213411654696,True,True,True,False
7870b866176750d229fb,adaptive,adaptive_allocation,1317,3003286243,16,5000,0.08,0.05,rbf,median,anytime,bonferroni,1,10,False,UNRESOLVED,5000,True,False,True,0.0005108749610371888,0.08,0.18209213411654696,True,True,True,False
7268d0fb68302533c6b5,adaptive,adaptive_allocation,1318,2615625279,16,5000,0.08,0.05,rbf,median,anytime,bonferroni,1,10,False,UNRESOLVED,5000,True,False,True,0.0004862079513259232,0.08,0.18209213411654696,True,True,True,False
768667ca7e2f47b3689b,adaptive,adaptive_allocation,1319,2686664027,16,5000,0.08,0.05,rbf,median,anytime,bonferroni,1,10,False,UNRESOLVED,5000,True,False,True,0.0004843330243602395,0.08,0.18209213411654696,True,True,True,False
9e161a037ac0cf9cb717,adaptive,adaptive_allocation,1320,367243232,16,5000,0.08,0.05,rbf,median,anytime,bonferroni,1,10,False,UNRESOLVED,5000,True,False,True,0.0005149169592186809,0.08,0.18209213411654696,True,True,True,False
e988a0cf9f2a6bb062ec,adaptive,adaptive_allocation,1321,1612625480,16,5000,0.08,0.05,rbf,median,anytime,bonferroni,1,10,False,UNRESOLVED,5000,True,False,True,0.0005068340105935931,0.08,0.18209213411654696,True,True,True,False
6f7a5748394674087e90,adaptive,adaptive_allocation,1322,1548938043,16,5000,0.08,0.05,rbf,median,anytime,bonferroni,1,10,False,UNRESOLVED,5000,True,False,True,0.0005041250260546803,0.08,0.18209213411654696,True,True,True,False
0d4f3f1d8e38eacea30d,adaptive,adaptive_allocation,1323,2194096076,16,5000,0.08,0.05,rbf,median,anytime,bonferroni,1,10,False,UNRESOLVED,5000,True,False,True,0.0004814159474335611,0.08,0.18209213411654696,True,True,True,False
f54f471a98a5f06b789b,adaptive,adaptive_allocation,1324,815106948,16,5000,0.08,0.05,rbf,median,anytime,bonferroni,1,10,False,UNRESOLVED,5000,True,False,True,0.00047616701340302825,0.08,0.18209213411654696,True,True,True,False
438ee5c5892403e6c3bf,adaptive,adaptive_allocation,1325,4015850863,16,5000,0.08,0.05,rbf,median,anytime,bonferroni,1,10,False,UNRESOLVED,5000,True,False,True,0.0004887910326942801,0.08,0.18209213411654696,True,True,True,False
ec2f19e3bfec85010dad,adaptive,adaptive_allocation,1326,1374234581,16,5000,0.08,0.05,rbf,median,anytime,bonferroni,1,10,False,UNRESOLVED,5000,True,False,True,0.000493000028654933,0.08,0.18209213411654696,True,True,True,False
5bc2885e3c17b9028bfa,adaptive,adaptive_allocation,1327,965583225,16,5000,0.08,0.05,rbf,median,anytime,bonferroni,1,10,False,UNRESOLVED,5000,True,False,True,0.00047379196621477604,0.08,0.18209213411654696,True,True,True,False
bd59dc3d76a477983439,adaptive,adaptive_allocation,1328,3877409441,16,5000,0.08,0.05,rbf,median,anytime,bonferroni,1,10,False,UNRESOLVED,5000,True,False,True,0.00047870801063254476,0.08,0.18209213411654696,True,True,True,False
8eb4894795fac8b704d0,adaptive,adaptive_allocation,1329,633464520,16,5000,0.08,0.05,rbf,median,anytime,bonferroni,1,10,False,UNRESOLVED,5000,True,False,True,0.0005775829777121544,0.08,0.18209213411654696,True,True,True,False
9ec4df4ff0ce22b98df2,adaptive,adaptive_allocation,1330,1497132318,16,5000,0.08,0.05,rbf,median,anytime,bonferroni,1,10,False,UNRESOLVED,5000,True,False,True,0.0005328329862095416,0.08,0.18209213411654696,True,True,True,False
0005182e78a269be5d6f,adaptive,adaptive_allocation,1331,830837481,16,5000,0.08,0.05,rbf,median,anytime,bonferroni,1,10,False,UNRESOLVED,5000,True,False,True,0.0005119999987073243,0.08,0.18209213411654696,True,True,True,False
9c92b5e25c83f61ca00c,adaptive,adaptive_allocation,1332,2783137887,16,5000,0.08,0.05,rbf,median,anytime,bonferroni,1,10,False,UNRESOLVED,5000,True,False,True,0.0005122919683344662,0.08,0.18209213411654696,True,True,True,False
246d732aa1b320371a74,adaptive,adaptive_allocation,1333,908019028,16,5000,0.08,0.05,rbf,median,anytime,bonferroni,1,10,False,UNRESOLVED,5000,True,False,True,0.0005049160099588335,0.08,0.18209213411654696,True,True,True,False
36c9b26e5c34595b6eed,adaptive,adaptive_allocation,1334,35228038,16,5000,0.08,0.05,rbf,median,anytime,bonferroni,1,10,False,UNRESOLVED,5000,True,False,True,0.00045308395056053996,0.08,0.18209213411654696,True,True,True,False
2fa7824a84f01a85cffa,adaptive,adaptive_allocation,1335,3717779775,16,5000,0.08,0.05,rbf,median,anytime,bonferroni,1,10,False,UNRESOLVED,5000,True,False,True,0.00042404100531712174,0.08,0.18209213411654696,True,True,True,False
dcee0635abb4528cc934,adaptive,adaptive_allocation,1336,4229927553,16,5000,0.08,0.05,rbf,median,anytime,bonferroni,1,10,False,UNRESOLVED,5000,True,False,True,0.0004080419894307852,0.08,0.18209213411654696,True,True,True,False
cfc7288d1e9f907e361d,adaptive,adaptive_allocation,1337,3173962032,16,5000,0.08,0.05,rbf,median,anytime,bonferroni,1,10,False,UNRESOLVED,5000,True,False,True,0.000407166953664273,0.08,0.18209213411654696,True,True,True,False
81d69f4024227c905b71,adaptive,adaptive_allocation,1338,3064958204,16,5000,0.08,0.05,rbf,median,anytime,bonferroni,1,10,False,UNRESOLVED,5000,True,False,True,0.00040491699473932385,0.08,0.18209213411654696,True,True,True,False
0faf43f1ce78d2a62bb4,adaptive,adaptive_allocation,1339,3216544228,16,5000,0.08,0.05,rbf,median,anytime,bonferroni,1,10,False,UNRESOLVED,5000,True,False,True,0.00041024998063221574,0.08,0.18209213411654696,True,True,True,False
b630fa9db1a5d54cf63b,adaptive,adaptive_allocation,1340,2475258589,16,5000,0.08,0.05,rbf,median,anytime,bonferroni,1,10,False,UNRESOLVED,5000,True,False,True,0.0004036659956909716,0.08,0.18209213411654696,True,True,True,False
41b6557aa64a90bc8efa,adaptive,adaptive_allocation,1341,4191207973,16,5000,0.08,0.05,rbf,median,anytime,bonferroni,1,10,False,UNRESOLVED,5000,True,False,True,0.00040329102193936706,0.08,0.18209213411654696,True,True,True,False
7d38e9f68f0614f72ba8,adaptive,adaptive_allocation,1342,492364446,16,5000,0.08,0.05,rbf,median,anytime,bonferroni,1,10,False,UNRESOLVED,5000,True,False,True,0.00040312501369044185,0.08,0.18209213411654696,True,True,True,False
c4e6e9f5f38460a3ada3,adaptive,adaptive_allocation,1343,3499781158,16,5000,0.08,0.05,rbf,median,anytime,bonferroni,1,10,False,UNRESOLVED,5000,True,False,True,0.00040545803494751453,0.08,0.18209213411654696,True,True,True,False
3dcce8defad9343a5ebe,adaptive,adaptive_allocation,1344,749893585,16,5000,0.08,0.05,rbf,median,anytime,bonferroni,1,10,False,UNRESOLVED,5000,True,False,True,0.00040370802162215114,0.08,0.18209213411654696,True,True,True,False
4661088e1f168b1a16c0,adaptive,adaptive_allocation,1345,3368113906,16,5000,0.08,0.05,rbf,median,anytime,bonferroni,1,10,False,UNRESOLVED,5000,True,False,True,0.0004034169833175838,0.08,0.18209213411654696,True,True,True,False
1b638257d0a9d7fde4d0,adaptive,adaptive_allocation,1346,2301302412,16,5000,0.08,0.05,rbf,median,anytime,bonferroni,1,10,False,UNRESOLVED,5000,True,False,True,0.0004036659956909716,0.08,0.18209213411654696,True,True,True,False
823d1c346b730b21a594,adaptive,adaptive_allocation,1347,3662552187,16,5000,0.08,0.05,rbf,median,anytime,bonferroni,1,10,False,UNRESOLVED,5000,True,False,True,0.0004051669966429472,0.08,0.18209213411654696,True,True,True,False
d047e96babd0a299ca16,adaptive,adaptive_allocation,1348,2118216979,16,5000,0.08,0.05,rbf,median,anytime,bonferroni,1,10,False,UNRESOLVED,5000,True,False,True,0.0004021250060759485,0.08,0.18209213411654696,True,True,True,False
4f8c51bd2e41854cbd6f,adaptive,adaptive_allocation,1349,476645474,16,5000,0.08,0.05,rbf,median,anytime,bonferroni,1,10,False,UNRESOLVED,5000,True,False,True,0.00040320801781490445,0.08,0.18209213411654696,True,True,True,False
e62cbc849f895df44dc5,adaptive,adaptive_allocation,1350,3207230311,16,5000,0.08,0.05,rbf,median,anytime,bonferroni,1,10,False,UNRESOLVED,5000,True,False,True,0.00040204200195148587,0.08,0.18209213411654696,True,True,True,False
b54e3b50b53e95a3ae08,adaptive,adaptive_allocation,1351,2105158106,16,5000,0.08,0.05,rbf,median,anytime,bonferroni,1,10,False,UNRESOLVED,5000,True,False,True,0.00040737498784437776,0.08,0.18209213411654696,True,True,True,False
bf2c9c1c70b5587a5a8c,adaptive,adaptive_allocation,1352,1550800100,16,5000,0.08,0.05,rbf,median,anytime,bonferroni,1,10,False,UNRESOLVED,5000,True,False,True,0.0004023339715786278,0.08,0.18209213411654696,True,True,True,False
82687c6ae010fd0de50e,adaptive,adaptive_allocation,1353,1126846285,16,5000,0.08,0.05,rbf,median,anytime,bonferroni,1,10,False,UNRESOLVED,5000,True,False,True,0.00040329096373170614,0.08,0.18209213411654696,True,True,True,False
3f7133ae33591114b680,adaptive,adaptive_allocation,1354,1656334006,16,5000,0.08,0.05,rbf,median,anytime,bonferroni,1,10,False,UNRESOLVED,5000,True,False,True,0.00040445802733302116,0.08,0.18209213411654696,True,True,True,False
66f120697ae5e85e187a,adaptive,adaptive_allocation,1355,3357286099,16,5000,0.08,0.05,rbf,median,anytime,bonferroni,1,10,False,UNRESOLVED,5000,True,False,True,0.00040674995398148894,0.08,0.18209213411654696,True,True,True,False
c3539854b6edf5c8c769,adaptive,adaptive_allocation,1356,2296633624,16,5000,0.08,0.05,rbf,median,anytime,bonferroni,1,10,False,UNRESOLVED,5000,True,False,True,0.0004038750194013119,0.08,0.18209213411654696,True,True,True,False
3b612a2fe4002b325b19,adaptive,adaptive_allocation,1357,2789996307,16,5000,0.08,0.05,rbf,median,anytime,bonferroni,1,10,False,UNRESOLVED,5000,True,False,True,0.00040374998934566975,0.08,0.18209213411654696,True,True,True,False
b0e02dbf095fde8ecb1f,adaptive,adaptive_allocation,1358,2190235437,16,5000,0.08,0.05,rbf,median,anytime,bonferroni,1,10,False,UNRESOLVED,5000,True,False,True,0.0004028750117868185,0.08,0.18209213411654696,True,True,True,False
aba97bf365df44d93414,adaptive,adaptive_allocation,1359,2039055302,16,5000,0.08,0.05,rbf,median,anytime,bonferroni,1,10,False,UNRESOLVED,5000,True,False,True,0.00040604197420179844,0.08,0.18209213411654696,True,True,True,False
b86fe55cf2a699f2073e,adaptive,adaptive_allocation,1360,4241253204,16,5000,0.08,0.05,rbf,median,anytime,bonferroni,1,10,False,UNRESOLVED,5000,True,False,True,0.00040258298395201564,0.08,0.18209213411654696,True,True,True,False
70cb57753eefbf336787,adaptive,adaptive_allocation,1361,3596947592,16,5000,0.08,0.05,rbf,median,anytime,bonferroni,1,10,False,UNRESOLVED,5000,True,False,True,0.0004039999912492931,0.08,0.18209213411654696,True,True,True,False
df858a12de82606fcada,adaptive,adaptive_allocation,1362,2874311335,16,5000,0.08,0.05,rbf,median,anytime,bonferroni,1,10,False,UNRESOLVED,5000,True,False,True,0.00040370802162215114,0.08,0.18209213411654696,True,True,True,False
ddb2ba41f015f1d9dd7e,adaptive,adaptive_allocation,1363,1568506326,16,5000,0.08,0.05,rbf,median,anytime,bonferroni,1,10,False,UNRESOLVED,5000,True,False,True,0.00040729198371991515,0.08,0.18209213411654696,True,True,True,False
fbad3a1b6d001429e7f0,adaptive,adaptive_allocation,1364,1317515466,16,5000,0.08,0.05,rbf,median,anytime,bonferroni,1,10,False,UNRESOLVED,5000,True,False,True,0.0004033340374007821,0.08,0.18209213411654696,True,True,True,False
cd9c487d8123146c19da,adaptive,adaptive_allocation,1365,1910582264,16,5000,0.08,0.05,rbf,median,anytime,bonferroni,1,10,False,UNRESOLVED,5000,True,False,True,0.00040324998553842306,0.08,0.18209213411654696,True,True,True,False
2dcbdf62690f3de02b29,adaptive,adaptive_allocation,1366,2449627480,16,5000,0.08,0.05,rbf,median,anytime,bonferroni,1,10,False,UNRESOLVED,5000,True,False,True,0.00040137500036507845,0.08,0.18209213411654696,True,True,True,False
8f4f05e1b190398f279c,adaptive,adaptive_allocation,1367,2370284178,16,5000,0.08,0.05,rbf,median,anytime,bonferroni,1,10,False,UNRESOLVED,5000,True,False,True,0.00040612503653392196,0.08,0.18209213411654696,True,True,True,False
6dc74165b902d3af9574,adaptive,adaptive_allocation,1368,2283866981,16,5000,0.08,0.05,rbf,median,anytime,bonferroni,1,10,False,UNRESOLVED,5000,True,False,True,0.00040387496119365096,0.08,0.18209213411654696,True,True,True,False
cd9fb0d5e70e764b3338,adaptive,adaptive_allocation,1369,2400562901,16,5000,0.08,0.05,rbf,median,anytime,bonferroni,1,10,False,UNRESOLVED,5000,True,False,True,0.0004034999874420464,0.08,0.18209213411654696,True,True,True,False
fd23af42ab7066674db6,adaptive,adaptive_allocation,1370,1911489742,16,5000,0.08,0.05,rbf,median,anytime,bonferroni,1,10,False,UNRESOLVED,5000,True,False,True,0.00040183402597904205,0.08,0.18209213411654696,True,True,True,False
0dc64cc0ba505dff4961,adaptive,adaptive_allocation,1371,1700045703,16,5000,0.08,0.05,rbf,median,anytime,bonferroni,1,10,False,UNRESOLVED,5000,True,False,True,0.000405792030505836,0.08,0.18209213411654696,True,True,True,False
3594118b6b90de7b0d28,adaptive,adaptive_allocation,1372,1180443355,16,5000,0.08,0.05,rbf,median,anytime,bonferroni,1,10,False,UNRESOLVED,5000,True,False,True,0.00040179200004786253,0.08,0.18209213411654696,True,True,True,False
a118a294c25f6be35b83,adaptive,adaptive_allocation,1373,3592475368,16,5000,0.08,0.05,rbf,median,anytime,bonferroni,1,10,False,UNRESOLVED,5000,True,False,True,0.0004018330364488065,0.08,0.18209213411654696,True,True,True,False
6e32eebab39d7bddc785,adaptive,adaptive_allocation,1374,455247954,16,5000,0.08,0.05,rbf,median,anytime,bonferroni,1,10,False,UNRESOLVED,5000,True,False,True,0.00040204101242125034,0.08,0.18209213411654696,True,True,True,False
ef12042bcea9f9cf0ecb,adaptive,adaptive_allocation,1375,2265399821,16,5000,0.08,0.05,rbf,median,anytime,bonferroni,1,10,False,UNRESOLVED,5000,True,False,True,0.0004070000140927732,0.08,0.18209213411654696,True,True,True,False
a91c8f75570ec6c96e00,adaptive,adaptive_allocation,1376,159147961,16,5000,0.08,0.05,rbf,median,anytime,bonferroni,1,10,False,UNRESOLVED,5000,True,False,True,0.0004021250060759485,0.08,0.18209213411654696,True,True,True,False
65e98a7b6abde3281960,adaptive,adaptive_allocation,1377,3981703426,16,5000,0.08,0.05,rbf,median,anytime,bonferroni,1,10,False,UNRESOLVED,5000,True,False,True,0.0004005419905297458,0.08,0.18209213411654696,True,True,True,False
e463ddbe4f126630272b,adaptive,adaptive_allocation,1378,3361863477,16,5000,0.08,0.05,rbf,median,anytime,bonferroni,1,10,False,UNRESOLVED,5000,True,False,True,0.00040133303264155984,0.08,0.18209213411654696,True,True,True,False
9e54b58a7b8a9b49003a,adaptive,adaptive_allocation,1379,3189386217,16,5000,0.08,0.05,rbf,median,anytime,bonferroni,1,10,False,UNRESOLVED,5000,True,False,True,0.0004063749802298844,0.08,0.18209213411654696,True,True,True,False
9135902ab2a825e1cf96,adaptive,adaptive_allocation,1380,267987961,16,5000,0.08,0.05,rbf,median,anytime,bonferroni,1,10,False,UNRESOLVED,5000,True,False,True,0.0004040829953737557,0.08,0.18209213411654696,True,True,True,False
e9191019c03aee4fded0,adaptive,adaptive_allocation,1381,4163320994,16,5000,0.08,0.05,rbf,median,anytime,bonferroni,1,10,False,UNRESOLVED,5000,True,False,True,0.00040129199624061584,0.08,0.18209213411654696,True,True,True,False
03da660506982bace75e,adaptive,adaptive_allocation,1382,1834357870,16,5000,0.08,0.05,rbf,median,anytime,bonferroni,1,10,False,UNRESOLVED,5000,True,False,True,0.0004024580121040344,0.08,0.18209213411654696,True,True,True,False
82234357458ef4ccd529,adaptive,adaptive_allocation,1383,1918117667,16,5000,0.08,0.05,rbf,median,anytime,bonferroni,1,10,False,UNRESOLVED,5000,True,False,True,0.00040604197420179844,0.08,0.18209213411654696,True,True,True,False
850f4a5ad2e2fa7fbc7b,adaptive,adaptive_allocation,1384,2529599706,16,5000,0.08,0.05,rbf,median,anytime,bonferroni,1,10,False,UNRESOLVED,5000,True,False,True,0.00040441600140184164,0.08,0.18209213411654696,True,True,True,False
a075e4639f19b69cd146,adaptive,adaptive_allocation,1385,2663021188,16,5000,0.08,0.05,rbf,median,anytime,bonferroni,1,10,False,UNRESOLVED,5000,True,False,True,0.0004016669699922204,0.08,0.18209213411654696,True,True,True,False
2107b6aa1718c9e47c28,adaptive,adaptive_allocation,1386,3778496646,16,5000,0.08,0.05,rbf,median,anytime,bonferroni,1,10,False,UNRESOLVED,5000,True,False,True,0.00040008401265367866,0.08,0.18209213411654696,True,True,True,False
ea037626385b27420998,adaptive,adaptive_allocation,1387,32523926,16,5000,0.08,0.05,rbf,median,anytime,bonferroni,1,10,False,UNRESOLVED,5000,True,False,True,0.0004071660223416984,0.08,0.18209213411654696,True,True,True,False
13d9beb637c369637bd4,adaptive,adaptive_allocation,1388,2813633828,16,5000,0.08,0.05,rbf,median,anytime,bonferroni,1,10,False,UNRESOLVED,5000,True,False,True,0.0004003749927505851,0.08,0.18209213411654696,True,True,True,False
efb21b8c8d69ff457ce5,adaptive,adaptive_allocation,1389,714655744,16,5000,0.08,0.05,rbf,median,anytime,bonferroni,1,10,False,UNRESOLVED,5000,True,False,True,0.000400334014557302,0.08,0.18209213411654696,True,True,True,False
b364bc9db4362727b7ed,adaptive,adaptive_allocation,1390,1709288043,16,5000,0.08,0.05,rbf,median,anytime,bonferroni,1,10,False,UNRESOLVED,5000,True,False,True,0.0004009170224890113,0.08,0.18209213411654696,True,True,True,False
6f4d539d745e552859d8,adaptive,adaptive_allocation,1391,1629046160,16,5000,0.08,0.05,rbf,median,anytime,bonferroni,1,10,False,UNRESOLVED,5000,True,False,True,0.00040312501369044185,0.08,0.18209213411654696,True,True,True,False
d3301903b5c562db8707,adaptive,adaptive_allocation,1392,1482431781,16,5000,0.08,0.05,rbf,median,anytime,bonferroni,1,10,False,UNRESOLVED,5000,True,False,True,0.00039912498323246837,0.08,0.18209213411654696,True,True,True,False
f8ddc18012fe9d93f61e,adaptive,adaptive_allocation,1393,1785107739,16,5000,0.08,0.05,rbf,median,anytime,bonferroni,1,10,False,UNRESOLVED,5000,True,False,True,0.0003771670162677765,0.08,0.18209213411654696,True,True,True,False
a73f5a54e16a60048132,adaptive,adaptive_allocation,1394,94937125,16,5000,0.08,0.05,rbf,median,anytime,bonferroni,1,10,False,UNRESOLVED,5000,True,False,True,0.00034304201835766435,0.08,0.18209213411654696,True,True,True,False
77a18e1423aa0ad27511,adaptive,adaptive_allocation,1395,1919647215,16,5000,0.08,0.05,rbf,median,anytime,bonferroni,1,10,False,UNRESOLVED,5000,True,False,True,0.0003488329821266234,0.08,0.18209213411654696,True,True,True,False
d3edae337f80c02c4f0f,adaptive,adaptive_allocation,1396,3017782123,16,5000,0.08,0.05,rbf,median,anytime,bonferroni,1,10,False,UNRESOLVED,5000,True,False,True,0.0003453749814070761,0.08,0.18209213411654696,True,True,True,False
a00935b0f1dd1e16c6ef,adaptive,adaptive_allocation,1397,2215722232,16,5000,0.08,0.05,rbf,median,anytime,bonferroni,1,10,False,UNRESOLVED,5000,True,False,True,0.000346417014952749,0.08,0.18209213411654696,True,True,True,False
bba2c1d6f0173a659925,adaptive,adaptive_allocation,1398,2165656694,16,5000,0.08,0.05,rbf,median,anytime,bonferroni,1,10,False,UNRESOLVED,5000,True,False,True,0.00034787500044330955,0.08,0.18209213411654696,True,True,True,False
6e87b7025f8585ebe0f4,adaptive,adaptive_allocation,1399,480558883,16,5000,0.08,0.05,rbf,median,anytime,bonferroni,1,10,False,UNRESOLVED,5000,True,False,True,0.00034916697768494487,0.08,0.18209213411654696,True,True,True,False
ad6e80712fa60cdc9bd5,adaptive,adaptive_allocation,1400,1174332090,16,5000,0.08,0.05,rbf,median,anytime,bonferroni,1,10,False,UNRESOLVED,5000,True,False,True,0.00034591701114550233,0.08,0.18209213411654696,True,True,True,False
2d6a587b27a4a22e9f40,adaptive,adaptive_allocation,1401,3436125348,16,5000,0.08,0.05,rbf,median,anytime,bonferroni,1,10,False,UNRESOLVED,5000,True,False,True,0.00034737499663606286,0.08,0.18209213411654696,True,True,True,False
e49add6ebecc2f9c4f97,adaptive,adaptive_allocation,1402,1294597568,16,5000,0.08,0.05,rbf,median,anytime,bonferroni,1,10,False,UNRESOLVED,5000,True,False,True,0.0003464160254225135,0.08,0.18209213411654696,True,True,True,False
153f7d61b5309d33dff1,adaptive,adaptive_allocation,1403,2272244917,16,5000,0.08,0.05,rbf,median,anytime,bonferroni,1,10,False,UNRESOLVED,5000,True,False,True,0.000349292007740587,0.08,0.18209213411654696,True,True,True,False
3ed951a231594421fe3d,adaptive,adaptive_allocation,1404,3797104479,16,5000,0.08,0.05,rbf,median,anytime,bonferroni,1,10,False,UNRESOLVED,5000,True,False,True,0.0003458750434219837,0.08,0.18209213411654696,True,True,True,False
8df3383617ec67b65087,adaptive,adaptive_allocation,1405,3310465292,16,5000,0.08,0.05,rbf,median,anytime,bonferroni,1,10,False,UNRESOLVED,5000,True,False,True,0.00034662499092519283,0.08,0.18209213411654696,True,True,True,False
eaf52df669d1f99c0322,adaptive,adaptive_allocation,1406,3067908678,16,5000,0.08,0.05,rbf,median,anytime,bonferroni,1,10,False,UNRESOLVED,5000,True,False,True,0.00034770899219438434,0.08,0.18209213411654696,True,True,True,False
12fad46f3ff6170c3fa2,adaptive,adaptive_allocation,1407,2062952552,16,5000,0.08,0.05,rbf,median,anytime,bonferroni,1,10,False,UNRESOLVED,5000,True,False,True,0.0003497090074233711,0.08,0.18209213411654696,True,True,True,False
ea2b367be7df2d63e50b,adaptive,adaptive_allocation,1408,1316571810,16,5000,0.08,0.05,rbf,median,anytime,bonferroni,1,10,False,UNRESOLVED,5000,True,False,True,0.00034654198680073023,0.08,0.18209213411654696,True,True,True,False
266e2ec462d93eff7ca9,adaptive,adaptive_allocation,1409,267619608,16,5000,0.08,0.05,rbf,median,anytime,bonferroni,1,10,False,UNRESOLVED,5000,True,False,True,0.0003453749814070761,0.08,0.18209213411654696,True,True,True,False
33184f79032db0515c9c,adaptive,adaptive_allocation,1410,4059575382,16,5000,0.08,0.05,rbf,median,anytime,bonferroni,1,10,False,UNRESOLVED,5000,True,False,True,0.0003463340108282864,0.08,0.18209213411654696,True,True,True,False
835b8ee4163614f0f496,adaptive,adaptive_allocation,1411,2310919382,16,5000,0.08,0.05,rbf,median,anytime,bonferroni,1,10,False,UNRESOLVED,5000,True,False,True,0.00034779199631884694,0.08,0.18209213411654696,True,True,True,False
d17ec13f7bfe49c3f4e8,adaptive,adaptive_allocation,1412,1538963173,16,5000,0.08,0.05,rbf,median,anytime,bonferroni,1,10,False,UNRESOLVED,5000,True,False,True,0.0003469169605523348,0.08,0.18209213411654696,True,True,True,False
b66026837fb489858515,adaptive,adaptive_allocation,1413,179795248,16,5000,0.08,0.05,rbf,median,anytime,bonferroni,1,10,False,UNRESOLVED,5000,True,False,True,0.0003469999646767974,0.08,0.18209213411654696,True,True,True,False
53d76e32c821bd0709b0,adaptive,adaptive_allocation,1414,389211181,16,5000,0.08,0.05,rbf,median,anytime,bonferroni,1,10,False,UNRESOLVED,5000,True,False,True,0.00034920801408588886,0.08,0.18209213411654696,True,True,True,False
44798f123a6ceb58e4fb,adaptive,adaptive_allocation,1415,624252294,16,5000,0.08,0.05,rbf,median,anytime,bonferroni,1,10,False,UNRESOLVED,5000,True,False,True,0.0003508340450935066,0.08,0.18209213411654696,True,True,True,False
ab73443e499532452304,adaptive,adaptive_allocation,1416,1462926487,16,5000,0.08,0.05,rbf,median,anytime,bonferroni,1,10,False,UNRESOLVED,5000,True,False,True,0.00034804095048457384,0.08,0.18209213411654696,True,True,True,False
c5728406c22c9cd1af41,adaptive,adaptive_allocation,1417,3200814183,16,5000,0.08,0.05,rbf,median,anytime,bonferroni,1,10,False,UNRESOLVED,5000,True,False,True,0.00034612498711794615,0.08,0.18209213411654696,True,True,True,False
65175c4348df54e3ee63,adaptive,adaptive_allocation,1418,3476279455,16,5000,0.08,0.05,rbf,median,anytime,bonferroni,1,10,False,UNRESOLVED,5000,True,False,True,0.00034787500044330955,0.08,0.18209213411654696,True,True,True,False
9e937ccb1565c64ccded,adaptive,adaptive_allocation,1419,2040357486,16,5000,0.08,0.05,rbf,median,anytime,bonferroni,1,10,False,UNRESOLVED,5000,True,False,True,0.00034845800837501884,0.08,0.18209213411654696,True,True,True,False
cc1271cf047d940d91e2,adaptive,adaptive_allocation,1420,2605232308,16,5000,0.08,0.05,rbf,median,anytime,bonferroni,1,10,False,UNRESOLVED,5000,True,False,True,0.00034783297451213,0.08,0.18209213411654696,True,True,True,False
b5edfce9b4880409c32c,adaptive,adaptive_allocation,1421,1583188466,16,5000,0.08,0.05,rbf,median,anytime,bonferroni,1,10,False,UNRESOLVED,5000,True,False,True,0.00034620804945006967,0.08,0.18209213411654696,True,True,True,False
b560da32321d390205a7,adaptive,adaptive_allocation,1422,123252529,16,5000,0.08,0.05,rbf,median,anytime,bonferroni,1,10,False,UNRESOLVED,5000,True,False,True,0.0003451249795034528,0.08,0.18209213411654696,True,True,True,False
7a44a92af519c85cd626,adaptive,adaptive_allocation,1423,2850596900,16,5000,0.08,0.05,rbf,median,anytime,bonferroni,1,10,False,UNRESOLVED,5000,True,False,True,0.0003495409619063139,0.08,0.18209213411654696,True,True,True,False
17318d545b6a1a8d8c49,adaptive,adaptive_allocation,1424,1849004033,16,5000,0.08,0.05,rbf,median,anytime,bonferroni,1,10,False,UNRESOLVED,5000,True,False,True,0.00034620804945006967,0.08,0.18209213411654696,True,True,True,False
5d8d82e7acf7d5aa1c81,adaptive,adaptive_allocation,1425,2875923811,16,5000,0.08,0.05,rbf,median,anytime,bonferroni,1,10,False,UNRESOLVED,5000,True,False,True,0.00034799997229129076,0.08,0.18209213411654696,True,True,True,False
0cc4e1a9a88fd57a1215,adaptive,adaptive_allocation,1426,4103390645,16,5000,0.08,0.05,rbf,median,anytime,bonferroni,1,10,False,UNRESOLVED,5000,True,False,True,0.0004005830269306898,0.08,0.18209213411654696,True,True,True,False
3bed786995412dc7046e,adaptive,adaptive_allocation,1427,2275943797,16,5000,0.08,0.05,rbf,median,anytime,bonferroni,1,10,False,UNRESOLVED,5000,True,False,True,0.0004047909751534462,0.08,0.18209213411654696,True,True,True,False
6d0e6ae6e0ed2505ad1d,adaptive,adaptive_allocation,1428,2160571754,16,5000,0.08,0.05,rbf,median,anytime,bonferroni,1,10,False,UNRESOLVED,5000,True,False,True,0.0004005419905297458,0.08,0.18209213411654696,True,True,True,False
641c68379f78e73384af,adaptive,adaptive_allocation,1429,2085306499,16,5000,0.08,0.05,rbf,median,anytime,bonferroni,1,10,False,UNRESOLVED,5000,True,False,True,0.0004027920076623559,0.08,0.18209213411654696,True,True,True,False
929314e82c130669efbb,adaptive,adaptive_allocation,1430,3049141932,16,5000,0.08,0.05,rbf,median,anytime,bonferroni,1,10,False,UNRESOLVED,5000,True,False,True,0.00040208298014476895,0.08,0.18209213411654696,True,True,True,False
c8b75af4c72ee59c197b,adaptive,adaptive_allocation,1431,2895419622,16,5000,0.08,0.05,rbf,median,anytime,bonferroni,1,10,False,UNRESOLVED,5000,True,False,True,0.00040354201337322593,0.08,0.18209213411654696,True,True,True,False
bd3f7156e54cbee0972a,adaptive,adaptive_allocation,1432,875849211,16,5000,0.08,0.05,rbf,median,anytime,bonferroni,1,10,False,UNRESOLVED,5000,True,False,True,0.00040499999886378646,0.08,0.18209213411654696,True,True,True,False
7919bfb4347fb35c336b,adaptive,adaptive_allocation,1433,3097173055,16,5000,0.08,0.05,rbf,median,anytime,bonferroni,1,10,False,UNRESOLVED,5000,True,False,True,0.00040262500988319516,0.08,0.18209213411654696,True,True,True,False
238a8f6b9ea159b78c0f,adaptive,adaptive_allocation,1434,667565302,16,5000,0.08,0.05,rbf,median,anytime,bonferroni,1,10,False,UNRESOLVED,5000,True,False,True,0.0004016670281998813,0.08,0.18209213411654696,True,True,True,False
ff4b4d350edec8aa6a05,adaptive,adaptive_allocation,1435,3832047368,16,5000,0.08,0.05,rbf,median,anytime,bonferroni,1,10,False,UNRESOLVED,5000,True,False,True,0.0004057500045746565,0.08,0.18209213411654696,True,True,True,False
db95b8c83898e3c86b02,adaptive,adaptive_allocation,1436,1415302519,16,5000,0.08,0.05,rbf,median,anytime,bonferroni,1,10,False,UNRESOLVED,5000,True,False,True,0.0004011660348623991,0.08,0.18209213411654696,True,True,True,False
378d5a7f5f12988102f5,adaptive,adaptive_allocation,1437,765104336,16,5000,0.08,0.05,rbf,median,anytime,bonferroni,1,10,False,UNRESOLVED,5000,True,False,True,0.0004000830231234431,0.08,0.18209213411654696,True,True,True,False
9563a9f8d2612526ba72,adaptive,adaptive_allocation,1438,3519585387,16,5000,0.08,0.05,rbf,median,anytime,bonferroni,1,10,False,UNRESOLVED,5000,True,False,True,0.0004006249946542084,0.08,0.18209213411654696,True,True,True,False
537ec0fece731a0a84ab,adaptive,adaptive_allocation,1439,3545772584,16,5000,0.08,0.05,rbf,median,anytime,bonferroni,1,10,False,UNRESOLVED,5000,True,False,True,0.0004049590206705034,0.08,0.18209213411654696,True,True,True,False
e2ad14f9d73f0d39a632,adaptive,adaptive_allocation,1440,31958601,16,5000,0.08,0.05,rbf,median,anytime,bonferroni,1,10,False,UNRESOLVED,5000,True,False,True,0.000519749999511987,0.08,0.18209213411654696,True,True,True,False
17e514f86bdd1a9e80c0,adaptive,adaptive_allocation,1441,163256015,16,5000,0.08,0.05,rbf,median,anytime,bonferroni,1,10,False,UNRESOLVED,5000,True,False,True,0.000526999996509403,0.08,0.18209213411654696,True,True,True,False
f948e820e936c79a58fb,adaptive,adaptive_allocation,1442,41999918,16,5000,0.08,0.05,rbf,median,anytime,bonferroni,1,10,False,UNRESOLVED,5000,True,False,True,0.00048637500731274486,0.08,0.18209213411654696,True,True,True,False
54e5a32a0b1eedb4e5af,adaptive,adaptive_allocation,1443,1169204668,16,5000,0.08,0.05,rbf,median,anytime,bonferroni,1,10,False,UNRESOLVED,5000,True,False,True,0.0004812499973922968,0.08,0.18209213411654696,True,True,True,False
2334c073c38f3782ba2c,adaptive,adaptive_allocation,1444,541841609,16,5000,0.08,0.05,rbf,median,anytime,bonferroni,1,10,False,UNRESOLVED,5000,True,False,True,0.00047800003085285425,0.08,0.18209213411654696,True,True,True,False
ef26063d6b4d2b3cd23b,adaptive,adaptive_allocation,1445,2567564694,16,5000,0.08,0.05,rbf,median,anytime,bonferroni,1,10,False,UNRESOLVED,5000,True,False,True,0.0004784169723279774,0.08,0.18209213411654696,True,True,True,False
939c2680f34169332b9b,adaptive,adaptive_allocation,1446,1716904321,16,5000,0.08,0.05,rbf,median,anytime,bonferroni,1,10,False,UNRESOLVED,5000,True,False,True,0.0004754160181619227,0.08,0.18209213411654696,True,True,True,False
94480d6a03beb2bd432d,adaptive,adaptive_allocation,1447,2716519273,16,5000,0.08,0.05,rbf,median,anytime,bonferroni,1,10,False,UNRESOLVED,5000,True,False,True,0.0004831249825656414,0.08,0.18209213411654696,True,True,True,False
fde44202bc65fc38ca83,adaptive,adaptive_allocation,1448,222964882,16,5000,0.08,0.05,rbf,median,anytime,bonferroni,1,10,False,UNRESOLVED,5000,True,False,True,0.00048449996393173933,0.08,0.18209213411654696,True,True,True,False
f7e3cf9e7774bc5ed8dd,adaptive,adaptive_allocation,1449,3401350788,16,5000,0.08,0.05,rbf,median,anytime,bonferroni,1,10,False,UNRESOLVED,5000,True,False,True,0.0004885000525973737,0.08,0.18209213411654696,True,True,True,False
e01982e1099114162800,adaptive,adaptive_allocation,1450,2937220672,16,5000,0.08,0.05,rbf,median,anytime,bonferroni,1,10,False,UNRESOLVED,5000,True,False,True,0.0005085000302642584,0.08,0.18209213411654696,True,True,True,False
8ef96b217559a46966b1,adaptive,adaptive_allocation,1451,3415485987,16,5000,0.08,0.05,rbf,median,anytime,bonferroni,1,10,False,UNRESOLVED,5000,True,False,True,0.0005227079964242876,0.08,0.18209213411654696,True,True,True,False
5f2b6d63fa3e17e96216,adaptive,adaptive_allocation,1452,1689784236,16,5000,0.08,0.05,rbf,median,anytime,bonferroni,1,10,False,UNRESOLVED,5000,True,False,True,0.000486082979477942,0.08,0.18209213411654696,True,True,True,False
5cbf045e2cd5e8bff9d2,adaptive,adaptive_allocation,1453,3133528572,16,5000,0.08,0.05,rbf,median,anytime,bonferroni,1,10,False,UNRESOLVED,5000,True,False,True,0.00047329103108495474,0.08,0.18209213411654696,True,True,True,False
c15e84996ba1359cb4be,adaptive,adaptive_allocation,1454,2785187560,16,5000,0.08,0.05,rbf,median,anytime,bonferroni,1,10,False,UNRESOLVED,5000,True,False,True,0.00047637498937547207,0.08,0.18209213411654696,True,True,True,False
d7e01ca3388b16e89b8c,adaptive,adaptive_allocation,1455,142624145,16,5000,0.08,0.05,rbf,median,anytime,bonferroni,1,10,False,UNRESOLVED,5000,True,False,True,0.0004731660010293126,0.08,0.18209213411654696,True,True,True,False
99800fc26e9e2d6605b1,adaptive,adaptive_allocation,1456,263130480,16,5000,0.08,0.05,rbf,median,anytime,bonferroni,1,10,False,UNRESOLVED,5000,True,False,True,0.00047337496653199196,0.08,0.18209213411654696,True,True,True,False
fdca2b0141fb4654fe48,adaptive,adaptive_allocation,1457,1669915756,16,5000,0.08,0.05,rbf,median,anytime,bonferroni,1,10,False,UNRESOLVED,5000,True,False,True,0.0004719159915111959,0.08,0.18209213411654696,True,True,True,False
326726095760ab33ea6c,adaptive,adaptive_allocation,1458,2798388488,16,5000,0.08,0.05,rbf,median,anytime,bonferroni,1,10,False,UNRESOLVED,5000,True,False,True,0.00047016702592372894,0.08,0.18209213411654696,True,True,True,False
e5130824a0692ab45b13,adaptive,adaptive_allocation,1459,1848879434,16,5000,0.08,0.05,rbf,median,anytime,bonferroni,1,10,False,UNRESOLVED,5000,True,False,True,0.0004910830175504088,0.08,0.18209213411654696,True,True,True,False
134a861fb27b6ffa3583,adaptive,adaptive_allocation,1460,70341332,16,5000,0.08,0.05,rbf,median,anytime,bonferroni,1,10,False,UNRESOLVED,5000,True,False,True,0.0004184169811196625,0.08,0.18209213411654696,True,True,True,False
3a1b8be70cae3eb513b9,adaptive,adaptive_allocation,1461,783058675,16,5000,0.08,0.05,rbf,median,anytime,bonferroni,1,10,False,UNRESOLVED,5000,True,False,True,0.0004058339982293546,0.08,0.18209213411654696,True,True,True,False
2e9ba01bca2bcc2a1de7,adaptive,adaptive_allocation,1462,2583095271,16,5000,0.08,0.05,rbf,median,anytime,bonferroni,1,10,False,UNRESOLVED,5000,True,False,True,0.0004023750079795718,0.08,0.18209213411654696,True,True,True,False
271ae966b766452469d8,adaptive,adaptive_allocation,1463,2229482385,16,5000,0.08,0.05,rbf,median,anytime,bonferroni,1,10,False,UNRESOLVED,5000,True,False,True,0.00040087499655783176,0.08,0.18209213411654696,True,True,True,False
e9c374be8e2d9cb73e1d,adaptive,adaptive_allocation,1464,1023433021,16,5000,0.08,0.05,rbf,median,anytime,bonferroni,1,10,False,UNRESOLVED,5000,True,False,True,0.0004009589902125299,0.08,0.18209213411654696,True,True,True,False
377e6f692c99e36b26d9,adaptive,adaptive_allocation,1465,2065712323,16,5000,0.08,0.05,rbf,median,anytime,bonferroni,1,10,False,UNRESOLVED,5000,True,False,True,0.00039962498703971505,0.08,0.18209213411654696,True,True,True,False
fc380c63a0b452fe8b82,adaptive,adaptive_allocation,1466,4112475109,16,5000,0.08,0.05,rbf,median,anytime,bonferroni,1,10,False,UNRESOLVED,5000,True,False,True,0.0003998749889433384,0.08,0.18209213411654696,True,True,True,False
ca88d4091b7b3e126835,adaptive,adaptive_allocation,1467,103974012,16,5000,0.08,0.05,rbf,median,anytime,bonferroni,1,10,False,UNRESOLVED,5000,True,False,True,0.0003999170148745179,0.08,0.18209213411654696,True,True,True,False
eb43a0d1c891bc982dcb,adaptive,adaptive_allocation,1468,2857002657,16,5000,0.08,0.05,rbf,median,anytime,bonferroni,1,10,False,UNRESOLVED,5000,True,False,True,0.00039966695476323366,0.08,0.18209213411654696,True,True,True,False
e6eb3ee871409d9193ec,adaptive,adaptive_allocation,1469,95247920,16,5000,0.08,0.05,rbf,median,anytime,bonferroni,1,10,False,UNRESOLVED,5000,True,False,True,0.0004015000304207206,0.08,0.18209213411654696,True,True,True,False
3c45998f32cb18c3f816,adaptive,adaptive_allocation,1470,1616134051,16,5000,0.08,0.05,rbf,median,anytime,bonferroni,1,10,False,UNRESOLVED,5000,True,False,True,0.00039899995317682624,0.08,0.18209213411654696,True,True,True,False
4b1f9dd529e20d930aaa,adaptive,adaptive_allocation,1471,4108379311,16,5000,0.08,0.05,rbf,median,anytime,bonferroni,1,10,False,UNRESOLVED,5000,True,False,True,0.00039966596523299813,0.08,0.18209213411654696,True,True,True,False
c681b469ed8ffbacf961,adaptive,adaptive_allocation,1472,1121352054,16,5000,0.08,0.05,rbf,median,anytime,bonferroni,1,10,False,UNRESOLVED,5000,True,False,True,0.0003999170148745179,0.08,0.18209213411654696,True,True,True,False
4b11e5bfc45d35f8db88,adaptive,adaptive_allocation,1473,1609729706,16,5000,0.08,0.05,rbf,median,anytime,bonferroni,1,10,False,UNRESOLVED,5000,True,False,True,0.00039933400694280863,0.08,0.18209213411654696,True,True,True,False
a7b90f89570cff5ac323,adaptive,adaptive_allocation,1474,3267611979,16,5000,0.08,0.05,rbf,median,anytime,bonferroni,1,10,False,UNRESOLVED,5000,True,False,True,0.00039962498703971505,0.08,0.18209213411654696,True,True,True,False
7ec7593f03936a322309,adaptive,adaptive_allocation,1475,404925337,16,5000,0.08,0.05,rbf,median,anytime,bonferroni,1,10,False,UNRESOLVED,5000,True,False,True,0.00039912498323246837,0.08,0.18209213411654696,True,True,True,False
8e3140709f6b0b5934ba,adaptive,adaptive_allocation,1476,894402290,16,5000,0.08,0.05,rbf,median,anytime,bonferroni,1,10,False,UNRESOLVED,5000,True,False,True,0.00040024996269494295,0.08,0.18209213411654696,True,True,True,False
8c41e8312189efe93286,adaptive,adaptive_allocation,1477,2498828721,16,5000,0.08,0.05,rbf,median,anytime,bonferroni,1,10,False,UNRESOLVED,5000,True,False,True,0.0003987500094808638,0.08,0.18209213411654696,True,True,True,False
70a1208dd1e60f9411d7,adaptive,adaptive_allocation,1478,1613650720,16,5000,0.08,0.05,rbf,median,anytime,bonferroni,1,10,False,UNRESOLVED,5000,True,False,True,0.00034662504913285375,0.08,0.18209213411654696,True,True,True,False
6624150c89a815c0d77f,adaptive,adaptive_allocation,1479,2356840903,16,5000,0.08,0.05,rbf,median,anytime,bonferroni,1,10,False,UNRESOLVED,5000,True,False,True,0.00034500000765547156,0.08,0.18209213411654696,True,True,True,False
451e89d9cb98f8601b30,adaptive,adaptive_allocation,1480,3666544803,16,5000,0.08,0.05,rbf,median,anytime,bonferroni,1,10,False,UNRESOLVED,5000,True,False,True,0.00034366699401289225,0.08,0.18209213411654696,True,True,True,False
95c53590794ebc71af7a,adaptive,adaptive_allocation,1481,801296176,16,5000,0.08,0.05,rbf,median,anytime,bonferroni,1,10,False,UNRESOLVED,5000,True,False,True,0.0003444169997237623,0.08,0.18209213411654696,True,True,True,False
b1880f896bb462eeaf78,adaptive,adaptive_allocation,1482,655497664,16,5000,0.08,0.05,rbf,median,anytime,bonferroni,1,10,False,UNRESOLVED,5000,True,False,True,0.0003465000190772116,0.08,0.18209213411654696,True,True,True,False
7f56a4f1b1cfeb0eb7b8,adaptive,adaptive_allocation,1483,101681133,16,5000,0.08,0.05,rbf,median,anytime,bonferroni,1,10,False,UNRESOLVED,5000,True,False,True,0.0003447499475441873,0.08,0.18209213411654696,True,True,True,False
954be6abf2e116048a3f,adaptive,adaptive_allocation,1484,2903303405,16,5000,0.08,0.05,rbf,median,anytime,bonferroni,1,10,False,UNRESOLVED,5000,True,False,True,0.0003451249795034528,0.08,0.18209213411654696,True,True,True,False
647c5c19b6ed3cfebe83,adaptive,adaptive_allocation,1485,2358408545,16,5000,0.08,0.05,rbf,median,anytime,bonferroni,1,10,False,UNRESOLVED,5000,True,False,True,0.0003429579664953053,0.08,0.18209213411654696,True,True,True,False
af391cf451042abd07e4,adaptive,adaptive_allocation,1486,780958743,16,5000,0.08,0.05,rbf,median,anytime,bonferroni,1,10,False,UNRESOLVED,5000,True,False,True,0.0003426669863983989,0.08,0.18209213411654696,True,True,True,False
b8139cf2c2183e5233ec,adaptive,adaptive_allocation,1487,1399826787,16,5000,0.08,0.05,rbf,median,anytime,bonferroni,1,10,False,UNRESOLVED,5000,True,False,True,0.00034541700733825564,0.08,0.18209213411654696,True,True,True,False
dd038311519b27f397fa,adaptive,adaptive_allocation,1488,3700704203,16,5000,0.08,0.05,rbf,median,anytime,bonferroni,1,10,False,UNRESOLVED,5000,True,False,True,0.0003426669863983989,0.08,0.18209213411654696,True,True,True,False
76972c1528caa39e12c2,adaptive,adaptive_allocation,1489,329691361,16,5000,0.08,0.05,rbf,median,anytime,bonferroni,1,10,False,UNRESOLVED,5000,True,False,True,0.00034425000194460154,0.08,0.18209213411654696,True,True,True,False
9ed11fa6d442308029f0,adaptive,adaptive_allocation,1490,4241904289,16,5000,0.08,0.05,rbf,median,anytime,bonferroni,1,10,False,UNRESOLVED,5000,True,False,True,0.0003428749623708427,0.08,0.18209213411654696,True,True,True,False
96a1a69e1e625fa3ec95,adaptive,adaptive_allocation,1491,40267243,16,5000,0.08,0.05,rbf,median,anytime,bonferroni,1,10,False,UNRESOLVED,5000,True,False,True,0.0003427499905228615,0.08,0.18209213411654696,True,True,True,False
c657c5c30dd70fb5a453,adaptive,adaptive_allocation,1492,3518709952,16,5000,0.08,0.05,rbf,median,anytime,bonferroni,1,10,False,UNRESOLVED,5000,True,False,True,0.0003436249680817127,0.08,0.18209213411654696,True,True,True,False
47ef0da592691458cb83,adaptive,adaptive_allocation,1493,1641882295,16,5000,0.08,0.05,rbf,median,anytime,bonferroni,1,10,False,UNRESOLVED,5000,True,False,True,0.00034316699020564556,0.08,0.18209213411654696,True,True,True,False
ab0cbd25e1b709e1cb53,adaptive,adaptive_allocation,1494,2264292007,16,5000,0.08,0.05,rbf,median,anytime,bonferroni,1,10,False,UNRESOLVED,5000,True,False,True,0.00034491700353100896,0.08,0.18209213411654696,True,True,True,False
45de6dad1cd75de5060c,adaptive,adaptive_allocation,1495,2526814698,16,5000,0.08,0.05,rbf,median,anytime,bonferroni,1,10,False,UNRESOLVED,5000,True,False,True,0.0003435830003581941,0.08,0.18209213411654696,True,True,True,False
03fe41ef247abc377fc7,adaptive,adaptive_allocation,1496,172015272,16,5000,0.08,0.05,rbf,median,anytime,bonferroni,1,10,False,UNRESOLVED,5000,True,False,True,0.00034387496998533607,0.08,0.18209213411654696,True,True,True,False
7c8673e1faf5604a121b,adaptive,adaptive_allocation,1497,3678503985,16,5000,0.08,0.05,rbf,median,anytime,bonferroni,1,10,False,UNRESOLVED,5000,True,False,True,0.0003433750243857503,0.08,0.18209213411654696,True,True,True,False
eb21d2212cd5705a778c,adaptive,adaptive_allocation,1498,3508680939,16,5000,0.08,0.05,rbf,median,anytime,bonferroni,1,10,False,UNRESOLVED,5000,True,False,True,0.0003435419639572501,0.08,0.18209213411654696,True,True,True,False
6e2420c2e8cc3bddecf9,adaptive,adaptive_allocation,1499,645978562,16,5000,0.08,0.05,rbf,median,anytime,bonferroni,1,10,False,UNRESOLVED,5000,True,False,True,0.00034258398227393627,0.08,0.18209213411654696,True,True,True,False
d71b380a5e3b764e30fb,adaptive,adaptive_allocation,1500,2131619958,16,5000,0.08,0.05,rbf,median,anytime,bonferroni,1,10,False,UNRESOLVED,5000,True,False,True,0.00034183397656306624,0.08,0.18209213411654696,True,True,True,False
c17bc52f1cf09aef80fb,adaptive,adaptive_allocation,1501,3680495081,16,5000,0.08,0.05,rbf,median,anytime,bonferroni,1,10,False,UNRESOLVED,5000,True,False,True,0.0003434169921092689,0.08,0.18209213411654696,True,True,True,False
331de10e5a0f2fa3fce8,adaptive,adaptive_allocation,1502,1726895061,16,5000,0.08,0.05,rbf,median,anytime,bonferroni,1,10,False,UNRESOLVED,5000,True,False,True,0.00034433399559929967,0.08,0.18209213411654696,True,True,True,False
71368b4e57df246d6082,adaptive,adaptive_allocation,1503,4010160764,16,5000,0.08,0.05,rbf,median,anytime,bonferroni,1,10,False,UNRESOLVED,5000,True,False,True,0.00034445797791704535,0.08,0.18209213411654696,True,True,True,False
0f6849d96acc5e8f07f0,adaptive,adaptive_allocation,1504,3261233171,16,5000,0.08,0.05,rbf,median,anytime,bonferroni,1,10,False,UNRESOLVED,5000,True,False,True,0.00034429202787578106,0.08,0.18209213411654696,True,True,True,False
ba32678c8f7cc48d7b43,adaptive,adaptive_allocation,1505,1304395287,16,5000,0.08,0.05,rbf,median,anytime,bonferroni,1,10,False,UNRESOLVED,5000,True,False,True,0.00034500000765547156,0.08,0.18209213411654696,True,True,True,False
1b63f57815cf894460bc,adaptive,adaptive_allocation,1506,941715305,16,5000,0.08,0.05,rbf,median,anytime,bonferroni,1,10,False,UNRESOLVED,5000,True,False,True,0.0003447079798206687,0.08,0.18209213411654696,True,True,True,False
426353f7b31cd1cab57a,adaptive,adaptive_allocation,1507,3166441846,16,5000,0.08,0.05,rbf,median,anytime,bonferroni,1,10,False,UNRESOLVED,5000,True,False,True,0.00034433300606906414,0.08,0.18209213411654696,True,True,True,False
49742531a345d279efaa,adaptive,adaptive_allocation,1508,67931248,16,5000,0.08,0.05,rbf,median,anytime,bonferroni,1,10,False,UNRESOLVED,5000,True,False,True,0.0003440839936956763,0.08,0.18209213411654696,True,True,True,False
3bcebabe19717412970b,adaptive,adaptive_allocation,1509,207746449,16,5000,0.08,0.05,rbf,median,anytime,bonferroni,1,10,False,UNRESOLVED,5000,True,False,True,0.0003434169921092689,0.08,0.18209213411654696,True,True,True,False
1bd02fa93c24ed6eaa40,adaptive,adaptive_allocation,1510,724506347,16,5000,0.08,0.05,rbf,median,anytime,bonferroni,1,10,False,UNRESOLVED,5000,True,False,True,0.0003439169959165156,0.08,0.18209213411654696,True,True,True,False
dfba2af14974a77f68dc,adaptive,adaptive_allocation,1511,2082028064,16,5000,0.08,0.05,rbf,median,anytime,bonferroni,1,10,False,UNRESOLVED,5000,True,False,True,0.00034416699782013893,0.08,0.18209213411654696,True,True,True,False
2f176682c9bba8d18dd7,adaptive,adaptive_allocation,1512,1002704007,16,5000,0.08,0.05,rbf,median,anytime,bonferroni,1,10,False,UNRESOLVED,5000,True,False,True,0.0003470410010777414,0.08,0.18209213411654696,True,True,True,False
29de7974d6831564dd1d,adaptive,adaptive_allocation,1513,1906721267,16,5000,0.08,0.05,rbf,median,anytime,bonferroni,1,10,False,UNRESOLVED,5000,True,False,True,0.0003450419753789902,0.08,0.18209213411654696,True,True,True,False
cfd59fc788e7feacb153,adaptive,adaptive_allocation,1514,779026991,16,5000,0.08,0.05,rbf,median,anytime,bonferroni,1,10,False,UNRESOLVED,5000,True,False,True,0.0003435000544413924,0.08,0.18209213411654696,True,True,True,False
d27d5f9f724de06cb622,adaptive,adaptive_allocation,1515,1175162134,16,5000,0.08,0.05,rbf,median,anytime,bonferroni,1,10,False,UNRESOLVED,5000,True,False,True,0.0003433749661780894,0.08,0.18209213411654696,True,True,True,False
bc7a382db608f3269b9a,adaptive,adaptive_allocation,1516,633495504,16,5000,0.08,0.05,rbf,median,anytime,bonferroni,1,10,False,UNRESOLVED,5000,True,False,True,0.00036391697358340025,0.08,0.18209213411654696,True,True,True,False
e7d0788a12f831fdd048,adaptive,adaptive_allocation,1517,554008338,16,5000,0.08,0.05,rbf,median,anytime,bonferroni,1,10,False,UNRESOLVED,5000,True,False,True,0.0004004999645985663,0.08,0.18209213411654696,True,True,True,False
35649de76e70d8096812,adaptive,adaptive_allocation,1518,3459803323,16,5000,0.08,0.05,rbf,median,anytime,bonferroni,1,10,False,UNRESOLVED,5000,True,False,True,0.000399166950955987,0.08,0.18209213411654696,True,True,True,False
db84745bb9c4344d87cb,adaptive,adaptive_allocation,1519,2791721068,16,5000,0.08,0.05,rbf,median,anytime,bonferroni,1,10,False,UNRESOLVED,5000,True,False,True,0.0003980000037699938,0.08,0.18209213411654696,True,True,True,False
243467850191303dec86,adaptive,adaptive_allocation,1520,2815397135,16,5000,0.08,0.05,rbf,median,anytime,bonferroni,1,10,False,UNRESOLVED,5000,True,False,True,0.0003986249794252217,0.08,0.18209213411654696,True,True,True,False
b0ede4db7de62e5bad88,adaptive,adaptive_allocation,1521,3722776475,16,5000,0.08,0.05,rbf,median,anytime,bonferroni,1,10,False,UNRESOLVED,5000,True,False,True,0.0003984590293839574,0.08,0.18209213411654696,True,True,True,False
f9572ca3ab3ea3f6eae9,adaptive,adaptive_allocation,1522,2690801160,16,5000,0.08,0.05,rbf,median,anytime,bonferroni,1,10,False,UNRESOLVED,5000,True,False,True,0.0003981670015491545,0.08,0.18209213411654696,True,True,True,False
0d9f228234c4661cff24,adaptive,adaptive_allocation,1523,2007106527,16,5000,0.08,0.05,rbf,median,anytime,bonferroni,1,10,False,UNRESOLVED,5000,True,False,True,0.00039787497371435165,0.08,0.18209213411654696,True,True,True,False
4aa5bc60cd7dd4392164,adaptive,adaptive_allocation,1524,2611679989,16,5000,0.08,0.05,rbf,median,anytime,bonferroni,1,10,False,UNRESOLVED,5000,True,False,True,0.0003982500056736171,0.08,0.18209213411654696,True,True,True,False
0bd97f946bd23c639933,adaptive,adaptive_allocation,1525,3409850648,16,5000,0.08,0.05,rbf,median,anytime,bonferroni,1,10,False,UNRESOLVED,5000,True,False,True,0.000399916956666857,0.08,0.18209213411654696,True,True,True,False
c54bcdf6bff00b1af2b2,adaptive,adaptive_allocation,1526,2560544601,16,5000,0.08,0.05,rbf,median,anytime,bonferroni,1,10,False,UNRESOLVED,5000,True,False,True,0.0003977079759351909,0.08,0.18209213411654696,True,True,True,False
c5dd8a5e112007de5db5,adaptive,adaptive_allocation,1527,2576819575,16,5000,0.08,0.05,rbf,median,anytime,bonferroni,1,10,False,UNRESOLVED,5000,True,False,True,0.0003975830040872097,0.08,0.18209213411654696,True,True,True,False
b36feb477b870e3681bf,adaptive,adaptive_allocation,1528,873906881,16,5000,0.08,0.05,rbf,median,anytime,bonferroni,1,10,False,UNRESOLVED,5000,True,False,True,0.00039804098196327686,0.08,0.18209213411654696,True,True,True,False
2df7af9eb29d993e0335,adaptive,adaptive_allocation,1529,708008076,16,5000,0.08,0.05,rbf,median,anytime,bonferroni,1,10,False,UNRESOLVED,5000,True,False,True,0.000399166950955987,0.08,0.18209213411654696,True,True,True,False
08ffd828c915312bc4c7,adaptive,adaptive_allocation,1530,1344521060,16,5000,0.08,0.05,rbf,median,anytime,bonferroni,1,10,False,UNRESOLVED,5000,True,False,True,0.0003986249794252217,0.08,0.18209213411654696,True,True,True,False
ca4b5c30af7fe6e808d3,adaptive,adaptive_allocation,1531,382603146,16,5000,0.08,0.05,rbf,median,anytime,bonferroni,1,10,False,UNRESOLVED,5000,True,False,True,0.00039950001519173384,0.08,0.18209213411654696,True,True,True,False
3635cabdece1e6d93568,adaptive,adaptive_allocation,1532,2913052137,16,5000,0.08,0.05,rbf,median,anytime,bonferroni,1,10,False,UNRESOLVED,5000,True,False,True,0.0003990840050391853,0.08,0.18209213411654696,True,True,True,False
7049f34ff2016916907b,adaptive,adaptive_allocation,1533,1515526484,16,5000,0.08,0.05,rbf,median,anytime,bonferroni,1,10,False,UNRESOLVED,5000,True,False,True,0.00039766699774190784,0.08,0.18209213411654696,True,True,True,False
e57afa11cc045dd5283c,adaptive,adaptive_allocation,1534,516929598,16,5000,0.08,0.05,rbf,median,anytime,bonferroni,1,10,False,UNRESOLVED,5000,True,False,True,0.0003986660158261657,0.08,0.18209213411654696,True,True,True,False
03a81a7d1516f35aabce,adaptive,adaptive_allocation,1535,60473126,16,5000,0.08,0.05,rbf,median,anytime,bonferroni,1,10,False,UNRESOLVED,5000,True,False,True,0.00039837497752159834,0.08,0.18209213411654696,True,True,True,False
f9cf7943c7d1595bdee4,adaptive,adaptive_allocation,1536,2634660039,16,5000,0.08,0.05,rbf,median,anytime,bonferroni,1,10,False,UNRESOLVED,5000,True,False,True,0.0004003749927505851,0.08,0.18209213411654696,True,True,True,False
8516a5b3bf617774e76b,adaptive,adaptive_allocation,1537,643401667,16,5000,0.08,0.05,rbf,median,anytime,bonferroni,1,10,False,UNRESOLVED,5000,True,False,True,0.0003980830078944564,0.08,0.18209213411654696,True,True,True,False
260807d141a1cc494e78,adaptive,adaptive_allocation,1538,1961749882,16,5000,0.08,0.05,rbf,median,anytime,bonferroni,1,10,False,UNRESOLVED,5000,True,False,True,0.0003992500132881105,0.08,0.18209213411654696,True,True,True,False
8877dbe150bdf5cce14f,adaptive,adaptive_allocation,1539,4165549129,16,5000,0.08,0.05,rbf,median,anytime,bonferroni,1,10,False,UNRESOLVED,5000,True,False,True,0.0003980000037699938,0.08,0.18209213411654696,True,True,True,False
6d5e5e74baef6c2032b7,adaptive,adaptive_allocation,1540,4158012008,16,5000,0.08,0.05,rbf,median,anytime,bonferroni,1,10,False,UNRESOLVED,5000,True,False,True,0.00039783300599083304,0.08,0.18209213411654696,True,True,True,False
9cc44aeb7f318edcd4b2,adaptive,adaptive_allocation,1541,3388216137,16,5000,0.08,0.05,rbf,median,anytime,bonferroni,1,10,False,UNRESOLVED,5000,True,False,True,0.00039908301550894976,0.08,0.18209213411654696,True,True,True,False
969f19e2ef8704319266,adaptive,adaptive_allocation,1542,2274833493,16,5000,0.08,0.05,rbf,median,anytime,bonferroni,1,10,False,UNRESOLVED,5000,True,False,True,0.0003982910420745611,0.08,0.18209213411654696,True,True,True,False
180f00867bc0b4202e39,adaptive,adaptive_allocation,1543,310362069,16,5000,0.08,0.05,rbf,median,anytime,bonferroni,1,10,False,UNRESOLVED,5000,True,False,True,0.0003987500094808638,0.08,0.18209213411654696,True,True,True,False
696362589a279905fcc7,adaptive,adaptive_allocation,1544,2155275943,16,5000,0.08,0.05,rbf,median,anytime,bonferroni,1,10,False,UNRESOLVED,5000,True,False,True,0.00039829203160479665,0.08,0.18209213411654696,True,True,True,False
5dd99ce43cb035611ec5,adaptive,adaptive_allocation,1545,2740948865,16,5000,0.08,0.05,rbf,median,anytime,bonferroni,1,10,False,UNRESOLVED,5000,True,False,True,0.0003982500056736171,0.08,0.18209213411654696,True,True,True,False
180c117eef46c5898d37,adaptive,adaptive_allocation,1546,1197252488,16,5000,0.08,0.05,rbf,median,anytime,bonferroni,1,10,False,UNRESOLVED,5000,True,False,True,0.0003997089806944132,0.08,0.18209213411654696,True,True,True,False
484c171d75f20cf6ff4e,adaptive,adaptive_allocation,1547,3151676589,16,5000,0.08,0.05,rbf,median,anytime,bonferroni,1,10,False,UNRESOLVED,5000,True,False,True,0.0003979169996455312,0.08,0.18209213411654696,True,True,True,False
79ee6e500787e62d38d4,adaptive,adaptive_allocation,1548,3671952176,16,5000,0.08,0.05,rbf,median,anytime,bonferroni,1,10,False,UNRESOLVED,5000,True,False,True,0.00040020799497142434,0.08,0.18209213411654696,True,True,True,False
f8a8d76a357561faaf8a,adaptive,adaptive_allocation,1549,1731587420,16,5000,0.08,0.05,rbf,median,anytime,bonferroni,1,10,False,UNRESOLVED,5000,True,False,True,0.00039891700726002455,0.08,0.18209213411654696,True,True,True,False
3c3065feb1cd0f2f6f7f,adaptive,adaptive_allocation,1550,1736100811,16,5000,0.08,0.05,rbf,median,anytime,bonferroni,1,10,False,UNRESOLVED,5000,True,False,True,0.00039820896927267313,0.08,0.18209213411654696,True,True,True,False
1e365d60807d2838a815,adaptive,adaptive_allocation,1551,3552939636,16,5000,0.08,0.05,rbf,median,anytime,bonferroni,1,10,False,UNRESOLVED,5000,True,False,True,0.0003981250338256359,0.08,0.18209213411654696,True,True,True,False
8b2a4ca6769d0ffa9f39,adaptive,adaptive_allocation,1552,4634004,16,5000,0.08,0.05,rbf,median,anytime,bonferroni,1,10,False,UNRESOLVED,5000,True,False,True,0.00039995904080569744,0.08,0.18209213411654696,True,True,True,False
008328582c6b567973d1,adaptive,adaptive_allocation,1553,3484034276,16,5000,0.08,0.05,rbf,median,anytime,bonferroni,1,10,False,UNRESOLVED,5000,True,False,True,0.0003980830078944564,0.08,0.18209213411654696,True,True,True,False
b58331bc3ca12a35e9cb,adaptive,adaptive_allocation,1554,2686070883,16,5000,0.08,0.05,rbf,median,anytime,bonferroni,1,10,False,UNRESOLVED,5000,True,False,True,0.0003982079797424376,0.08,0.18209213411654696,True,True,True,False
e85a7e95230859fadd24,adaptive,adaptive_allocation,1555,2451393766,16,5000,0.08,0.05,rbf,median,anytime,bonferroni,1,10,False,UNRESOLVED,5000,True,False,True,0.00039945897879078984,0.08,0.18209213411654696,True,True,True,False
a5e5fd8b02b674fb054a,adaptive,adaptive_allocation,1556,317062719,16,5000,0.08,0.05,rbf,median,anytime,bonferroni,1,10,False,UNRESOLVED,5000,True,False,True,0.0003997500170953572,0.08,0.18209213411654696,True,True,True,False
5bfa916f62fd8c209bb5,adaptive,adaptive_allocation,1557,1019076666,16,5000,0.08,0.05,rbf,median,anytime,bonferroni,1,10,False,UNRESOLVED,5000,True,False,True,0.0003987910458818078,0.08,0.18209213411654696,True,True,True,False
48008d97695197fd15ed,adaptive,adaptive_allocation,1558,2469054972,16,5000,0.08,0.05,rbf,median,anytime,bonferroni,1,10,False,UNRESOLVED,5000,True,False,True,0.00039854203350842,0.08,0.18209213411654696,True,True,True,False
6584cc330e199b689ccc,adaptive,adaptive_allocation,1559,2496090237,16,5000,0.08,0.05,rbf,median,anytime,bonferroni,1,10,False,UNRESOLVED,5000,True,False,True,0.00039941701106727123,0.08,0.18209213411654696,True,True,True,False
45833e7010278d5e9ea5,adaptive,adaptive_allocation,1560,3350513347,16,5000,0.08,0.05,rbf,median,anytime,bonferroni,1,10,False,UNRESOLVED,5000,True,False,True,0.00040141597855836153,0.08,0.18209213411654696,True,True,True,False
21ae18b9680790596fed,adaptive,adaptive_allocation,1561,2312448043,16,5000,0.08,0.05,rbf,median,anytime,bonferroni,1,10,False,UNRESOLVED,5000,True,False,True,0.00039970799116417766,0.08,0.18209213411654696,True,True,True,False
ff347c939c49154f280c,adaptive,adaptive_allocation,1562,3958507485,16,5000,0.08,0.05,rbf,median,anytime,bonferroni,1,10,False,UNRESOLVED,5000,True,False,True,0.00039779196958988905,0.08,0.18209213411654696,True,True,True,False
ffb6c4d4dde04dd0f7f3,adaptive,adaptive_allocation,1563,1222371773,16,5000,0.08,0.05,rbf,median,anytime,bonferroni,1,10,False,UNRESOLVED,5000,True,False,True,0.00039933400694280863,0.08,0.18209213411654696,True,True,True,False
b2ab09d63c1c9eec9120,adaptive,adaptive_allocation,1564,1119939368,16,5000,0.08,0.05,rbf,median,anytime,bonferroni,1,10,False,UNRESOLVED,5000,True,False,True,0.0003991250414401293,0.08,0.18209213411654696,True,True,True,False
ec3a14d4e1bbec1322d4,adaptive,adaptive_allocation,1565,1662330265,16,5000,0.08,0.05,rbf,median,anytime,bonferroni,1,10,False,UNRESOLVED,5000,True,False,True,0.0003993750433437526,0.08,0.18209213411654696,True,True,True,False
96d54cd2b3587f982dd0,adaptive,adaptive_allocation,1566,1068247069,16,5000,0.08,0.05,rbf,median,anytime,bonferroni,1,10,False,UNRESOLVED,5000,True,False,True,0.00040016602724790573,0.08,0.18209213411654696,True,True,True,False
c176bf1b53eb73d1c2d1,adaptive,adaptive_allocation,1567,336533858,16,5000,0.08,0.05,rbf,median,anytime,bonferroni,1,10,False,UNRESOLVED,5000,True,False,True,0.00040095800068229437,0.08,0.18209213411654696,True,True,True,False
ec141cc87ee06ca8a901,adaptive,adaptive_allocation,1568,2451344768,16,5000,0.08,0.05,rbf,median,anytime,bonferroni,1,10,False,UNRESOLVED,5000,True,False,True,0.00040129199624061584,0.08,0.18209213411654696,True,True,True,False
bf6e3a59080881cd839a,adaptive,adaptive_allocation,1569,3545602270,16,5000,0.08,0.05,rbf,median,anytime,bonferroni,1,10,False,UNRESOLVED,5000,True,False,True,0.0004011660348623991,0.08,0.18209213411654696,True,True,True,False
d9841af9cf91c13e290c,adaptive,adaptive_allocation,1570,1612806754,16,5000,0.08,0.05,rbf,median,anytime,bonferroni,1,10,False,UNRESOLVED,5000,True,False,True,0.00039733300218358636,0.08,0.18209213411654696,True,True,True,False
92566ee499947a4c2284,adaptive,adaptive_allocation,1571,3370141067,16,5000,0.08,0.05,rbf,median,anytime,bonferroni,1,10,False,UNRESOLVED,5000,True,False,True,0.00039912498323246837,0.08,0.18209213411654696,True,True,True,False
204302e3ec0ed3544306,adaptive,adaptive_allocation,1572,3315416988,16,5000,0.08,0.05,rbf,median,anytime,bonferroni,1,10,False,UNRESOLVED,5000,True,False,True,0.0003991250414401293,0.08,0.18209213411654696,True,True,True,False
2105163ce66e623a9ee7,adaptive,adaptive_allocation,1573,1029833158,16,5000,0.08,0.05,rbf,median,anytime,bonferroni,1,10,False,UNRESOLVED,5000,True,False,True,0.0004705839673988521,0.08,0.18209213411654696,True,True,True,False
f5708a87a0f6b04546fe,adaptive,adaptive_allocation,1574,2736096340,16,5000,0.08,0.05,rbf,median,anytime,bonferroni,1,10,False,UNRESOLVED,5000,True,False,True,0.0005784999812021852,0.08,0.18209213411654696,True,True,True,False
6dad6b41b44e472df09d,adaptive,adaptive_allocation,1575,1252633654,16,5000,0.08,0.05,rbf,median,anytime,bonferroni,1,10,False,UNRESOLVED,5000,True,False,True,0.0004909579874947667,0.08,0.18209213411654696,True,True,True,False
aec58a3c56dd43443fd8,adaptive,adaptive_allocation,1576,1338159860,16,5000,0.08,0.05,rbf,median,anytime,bonferroni,1,10,False,UNRESOLVED,5000,True,False,True,0.000480709015391767,0.08,0.18209213411654696,True,True,True,False
e1ebc3324b6c1339c1bb,adaptive,adaptive_allocation,1577,1289243121,16,5000,0.08,0.05,rbf,median,anytime,bonferroni,1,10,False,UNRESOLVED,5000,True,False,True,0.0004772910033352673,0.08,0.18209213411654696,True,True,True,False
e53cc0d01398cb5c360b,adaptive,adaptive_allocation,1578,2794798408,16,5000,0.08,0.05,rbf,median,anytime,bonferroni,1,10,False,UNRESOLVED,5000,True,False,True,0.0004735839902423322,0.08,0.18209213411654696,True,True,True,False
af0be47fc1c4b7b64711,adaptive,adaptive_allocation,1579,1768723447,16,5000,0.08,0.05,rbf,median,anytime,bonferroni,1,10,False,UNRESOLVED,5000,True,False,True,0.0004729169886559248,0.08,0.18209213411654696,True,True,True,False
3a59457261c3e3676197,adaptive,adaptive_allocation,1580,1576953976,16,5000,0.08,0.05,rbf,median,anytime,bonferroni,1,10,False,UNRESOLVED,5000,True,False,True,0.0004723339807242155,0.08,0.18209213411654696,True,True,True,False
b6d2fcb9e932319a5152,adaptive,adaptive_allocation,1581,2608460945,16,5000,0.08,0.05,rbf,median,anytime,bonferroni,1,10,False,UNRESOLVED,5000,True,False,True,0.00047137500951066613,0.08,0.18209213411654696,True,True,True,False
b3fc9b0cf87a31d8550f,adaptive,adaptive_allocation,1582,1939071379,16,5000,0.08,0.05,rbf,median,anytime,bonferroni,1,10,False,UNRESOLVED,5000,True,False,True,0.00047245901077985764,0.08,0.18209213411654696,True,True,True,False
0b9bbea140d8bcc0b1f1,adaptive,adaptive_allocation,1583,2133490186,16,5000,0.08,0.05,rbf,median,anytime,bonferroni,1,10,False,UNRESOLVED,5000,True,False,True,0.00047099997755140066,0.08,0.18209213411654696,True,True,True,False
d05ad3fcf69f0c617c6c,adaptive,adaptive_allocation,1584,2956198367,16,5000,0.08,0.05,rbf,median,anytime,bonferroni,1,10,False,UNRESOLVED,5000,True,False,True,0.0004948750138282776,0.08,0.18209213411654696,True,True,True,False
ec552f97c02f54ffe2f8,adaptive,adaptive_allocation,1585,3767479119,16,5000,0.08,0.05,rbf,median,anytime,bonferroni,1,10,False,UNRESOLVED,5000,True,False,True,0.0004754160181619227,0.08,0.18209213411654696,True,True,True,False
f37859c185a4e6d38ced,adaptive,adaptive_allocation,1586,1974869564,16,5000,0.08,0.05,rbf,median,anytime,bonferroni,1,10,False,UNRESOLVED,5000,True,False,True,0.00047737499698996544,0.08,0.18209213411654696,True,True,True,False
f6be1a8d860ad2d79136,adaptive,adaptive_allocation,1587,2449588555,16,5000,0.08,0.05,rbf,median,anytime,bonferroni,1,10,False,UNRESOLVED,5000,True,False,True,0.0004994170158170164,0.08,0.18209213411654696,True,True,True,False
8aed0692b81b050c6c1c,adaptive,adaptive_allocation,1588,393833851,16,5000,0.08,0.05,rbf,median,anytime,bonferroni,1,10,False,UNRESOLVED,5000,True,False,True,0.0005075840163044631,0.08,0.18209213411654696,True,True,True,False
cbeecd346ecbb83a6838,adaptive,adaptive_allocation,1589,2780400335,16,5000,0.08,0.05,rbf,median,anytime,bonferroni,1,10,False,UNRESOLVED,5000,True,False,True,0.0005593749810941517,0.08,0.18209213411654696,True,True,True,False
6f5260a75838cf0887d0,adaptive,adaptive_allocation,1590,2028109556,16,5000,0.08,0.05,rbf,median,anytime,bonferroni,1,10,False,UNRESOLVED,5000,True,False,True,0.0005021670367568731,0.08,0.18209213411654696,True,True,True,False
b4200623b29ba2dbe9e9,adaptive,adaptive_allocation,1591,1134537780,16,5000,0.08,0.05,rbf,median,anytime,bonferroni,1,10,False,UNRESOLVED,5000,True,False,True,0.0004826249787583947,0.08,0.18209213411654696,True,True,True,False
445ec8a08aed33ccdb3d,adaptive,adaptive_allocation,1592,3085070799,16,5000,0.08,0.05,rbf,median,anytime,bonferroni,1,10,False,UNRESOLVED,5000,True,False,True,0.0005012080073356628,0.08,0.18209213411654696,True,True,True,False
285a64f83691a0f7f1e3,adaptive,adaptive_allocation,1593,1773797861,16,5000,0.08,0.05,rbf,median,anytime,bonferroni,1,10,False,UNRESOLVED,5000,True,False,True,0.00036862504202872515,0.08,0.18209213411654696,True,True,True,False
5ee3cb0679b7f4b9c2f4,adaptive,adaptive_allocation,1594,3748818661,16,5000,0.08,0.05,rbf,median,anytime,bonferroni,1,10,False,UNRESOLVED,5000,True,False,True,0.0003517090226523578,0.08,0.18209213411654696,True,True,True,False
d216f3d6cce5cb47eb94,adaptive,adaptive_allocation,1595,3418552487,16,5000,0.08,0.05,rbf,median,anytime,bonferroni,1,10,False,UNRESOLVED,5000,True,False,True,0.00034799997229129076,0.08,0.18209213411654696,True,True,True,False
cd0b20e9ac08b900c01e,adaptive,adaptive_allocation,1596,3431377293,16,5000,0.08,0.05,rbf,median,anytime,bonferroni,1,10,False,UNRESOLVED,5000,True,False,True,0.0003486250061541796,0.08,0.18209213411654696,True,True,True,False
f75046f08e4c23803a34,adaptive,adaptive_allocation,1597,4080340386,16,5000,0.08,0.05,rbf,median,anytime,bonferroni,1,10,False,UNRESOLVED,5000,True,False,True,0.0003719580126926303,0.08,0.18209213411654696,True,True,True,False
2fbde5e9b760109ae645,adaptive,adaptive_allocation,1598,1074208554,16,5000,0.08,0.05,rbf,median,anytime,bonferroni,1,10,False,UNRESOLVED,5000,True,False,True,0.0004002919886261225,0.08,0.18209213411654696,True,True,True,False
ff0e1b6b4e65fd614f9a,adaptive,adaptive_allocation,1599,390071202,16,5000,0.08,0.05,rbf,median,anytime,bonferroni,1,10,False,UNRESOLVED,5000,True,False,True,0.0004022920038551092,0.08,0.18209213411654696,True,True,True,False
dda7103c2180721c9fbf,adaptive,adaptive_allocation,1600,3767187965,16,5000,0.08,0.05,rbf,median,anytime,bonferroni,1,10,False,UNRESOLVED,5000,True,False,True,0.0004023750079795718,0.08,0.18209213411654696,True,True,True,False
ddfa3ff8cbffce7e7ac2,adaptive,adaptive_allocation,1601,361791079,16,5000,0.08,0.05,rbf,median,anytime,bonferroni,1,10,False,UNRESOLVED,5000,True,False,True,0.0004043340450152755,0.08,0.18209213411654696,True,True,True,False
2bd4cd142441bef77583,adaptive,adaptive_allocation,1602,1250485438,16,5000,0.08,0.05,rbf,median,anytime,bonferroni,1,10,False,UNRESOLVED,5000,True,False,True,0.0004005419905297458,0.08,0.18209213411654696,True,True,True,False
2f32bca016dccbed374a,adaptive,adaptive_allocation,1603,39702071,16,5000,0.08,0.05,rbf,median,anytime,bonferroni,1,10,False,UNRESOLVED,5000,True,False,True,0.00040012499084696174,0.08,0.18209213411654696,True,True,True,False
e7aa169209c8561ecf73,adaptive,adaptive_allocation,1604,3915641880,16,5000,0.08,0.05,rbf,median,anytime,bonferroni,1,10,False,UNRESOLVED,5000,True,False,True,0.0003992500132881105,0.08,0.18209213411654696,True,True,True,False
90ccd19a35ac7dcd1cbf,adaptive,adaptive_allocation,1605,3567297715,16,5000,0.08,0.05,rbf,median,anytime,bonferroni,1,10,False,UNRESOLVED,5000,True,False,True,0.00040433299727737904,0.08,0.18209213411654696,True,True,True,False
5dde489bc1c796668f13,adaptive,adaptive_allocation,1606,3991321718,16,5000,0.08,0.05,rbf,median,anytime,bonferroni,1,10,False,UNRESOLVED,5000,True,False,True,0.0003993749851360917,0.08,0.18209213411654696,True,True,True,False
67034fba82981ecd4d98,adaptive,adaptive_allocation,1607,1451843502,16,5000,0.08,0.05,rbf,median,anytime,bonferroni,1,10,False,UNRESOLVED,5000,True,False,True,0.00040066696237772703,0.08,0.18209213411654696,True,True,True,False
f4c5ef62f56448d491af,adaptive,adaptive_allocation,1608,4089494963,16,5000,0.08,0.05,rbf,median,anytime,bonferroni,1,10,False,UNRESOLVED,5000,True,False,True,0.00040020799497142434,0.08,0.18209213411654696,True,True,True,False
4c74ca492b7b842c3cfa,adaptive,adaptive_allocation,1609,1517186185,16,5000,0.08,0.05,rbf,median,anytime,bonferroni,1,10,False,UNRESOLVED,5000,True,False,True,0.0004049160052090883,0.08,0.18209213411654696,True,True,True,False
92dd805c42a9982c1e78,adaptive,adaptive_allocation,1610,1443844864,16,5000,0.08,0.05,rbf,median,anytime,bonferroni,1,10,False,UNRESOLVED,5000,True,False,True,0.0003990840050391853,0.08,0.18209213411654696,True,True,True,False
bf8bea41c5ae1ff6ad6a,adaptive,adaptive_allocation,1611,1949737212,16,5000,0.08,0.05,rbf,median,anytime,bonferroni,1,10,False,UNRESOLVED,5000,True,False,True,0.0004004579968750477,0.08,0.18209213411654696,True,True,True,False
6986df0e2b71198d06fe,adaptive,adaptive_allocation,1612,1174073828,16,5000,0.08,0.05,rbf,median,anytime,bonferroni,1,10,False,UNRESOLVED,5000,True,False,True,0.00039904197910800576,0.08,0.18209213411654696,True,True,True,False
3548ce4df1bf6ada9f23,adaptive,adaptive_allocation,1613,77321916,16,5000,0.08,0.05,rbf,median,anytime,bonferroni,1,10,False,UNRESOLVED,5000,True,False,True,0.0004049590206705034,0.08,0.18209213411654696,True,True,True,False
acbabbb8db18e0fa0273,adaptive,adaptive_allocation,1614,134114730,16,5000,0.08,0.05,rbf,median,anytime,bonferroni,1,10,False,UNRESOLVED,5000,True,False,True,0.00039900001138448715,0.08,0.18209213411654696,True,True,True,False
faaaef273c601a65b9a1,adaptive,adaptive_allocation,1615,2518120494,16,5000,0.08,0.05,rbf,median,anytime,bonferroni,1,10,False,UNRESOLVED,5000,True,False,True,0.0003998340107500553,0.08,0.18209213411654696,True,True,True,False
28c14f024040bcc1b930,adaptive,adaptive_allocation,1616,3553841087,16,5000,0.08,0.05,rbf,median,anytime,bonferroni,1,10,False,UNRESOLVED,5000,True,False,True,0.00039995904080569744,0.08,0.18209213411654696,True,True,True,False
2186fc40f953ed548ec8,adaptive,adaptive_allocation,1617,4263225610,16,5000,0.08,0.05,rbf,median,anytime,bonferroni,1,10,False,UNRESOLVED,5000,True,False,True,0.0004034579615108669,0.08,0.18209213411654696,True,True,True,False
f922e51ca980563ba4fc,adaptive,adaptive_allocation,1618,2140759681,16,5000,0.08,0.05,rbf,median,anytime,bonferroni,1,10,False,UNRESOLVED,5000,True,False,True,0.0003987909876741469,0.08,0.18209213411654696,True,True,True,False
c9c4f5f27cbc9e32c63c,adaptive,adaptive_allocation,1619,2016461695,16,5000,0.08,0.05,rbf,median,anytime,bonferroni,1,10,False,UNRESOLVED,5000,True,False,True,0.00039837497752159834,0.08,0.18209213411654696,True,True,True,False
6eb8d2ce2ad491fb6a98,adaptive,adaptive_allocation,1620,4160193950,16,5000,0.08,0.05,rbf,median,anytime,bonferroni,1,10,False,UNRESOLVED,5000,True,False,True,0.00040033302502706647,0.08,0.18209213411654696,True,True,True,False
764fbc535714adfdfaf5,adaptive,adaptive_allocation,1621,1092862643,16,5000,0.08,0.05,rbf,median,anytime,bonferroni,1,10,False,UNRESOLVED,5000,True,False,True,0.00040508300298824906,0.08,0.18209213411654696,True,True,True,False
41a916ae92b0bd36836d,adaptive,adaptive_allocation,1622,3137767052,16,5000,0.08,0.05,rbf,median,anytime,bonferroni,1,10,False,UNRESOLVED,5000,True,False,True,0.0003994999569840729,0.08,0.18209213411654696,True,True,True,False
5d1946cf50da7087f67b,adaptive,adaptive_allocation,1623,3000715051,16,5000,0.08,0.05,rbf,median,anytime,bonferroni,1,10,False,UNRESOLVED,5000,True,False,True,0.00040158297633752227,0.08,0.18209213411654696,True,True,True,False
b30a9785527ce1faccaa,adaptive,adaptive_allocation,1624,1254310360,16,5000,0.08,0.05,rbf,median,anytime,bonferroni,1,10,False,UNRESOLVED,5000,True,False,True,0.0004010830307379365,0.08,0.18209213411654696,True,True,True,False
c0c7e1904f4ff353f72c,adaptive,adaptive_allocation,1625,3336436677,16,5000,0.08,0.05,rbf,median,anytime,bonferroni,1,10,False,UNRESOLVED,5000,True,False,True,0.000403582991566509,0.08,0.18209213411654696,True,True,True,False
a6942bc5eb9550e6674b,adaptive,adaptive_allocation,1626,3189140813,16,5000,0.08,0.05,rbf,median,anytime,bonferroni,1,10,False,UNRESOLVED,5000,True,False,True,0.00040187500417232513,0.08,0.18209213411654696,True,True,True,False
0ed4d2dc1a6427af3d6e,adaptive,adaptive_allocation,1627,1835598971,16,5000,0.08,0.05,rbf,median,anytime,bonferroni,1,10,False,UNRESOLVED,5000,True,False,True,0.0003993749851360917,0.08,0.18209213411654696,True,True,True,False
f224b676d5c3b4547801,adaptive,adaptive_allocation,1628,3581853454,16,5000,0.08,0.05,rbf,median,anytime,bonferroni,1,10,False,UNRESOLVED,5000,True,False,True,0.00039962498703971505,0.08,0.18209213411654696,True,True,True,False
f7ab2408353ab1d95692,adaptive,adaptive_allocation,1629,4056157148,16,5000,0.08,0.05,rbf,median,anytime,bonferroni,1,10,False,UNRESOLVED,5000,True,False,True,0.0004030829877592623,0.08,0.18209213411654696,True,True,True,False
c767db2b07ffe82cf304,adaptive,adaptive_allocation,1630,2798092105,16,5000,0.08,0.05,rbf,median,anytime,bonferroni,1,10,False,UNRESOLVED,5000,True,False,True,0.0004000000189989805,0.08,0.18209213411654696,True,True,True,False
57d384cd10b1daffa720,adaptive,adaptive_allocation,1631,1987128394,16,5000,0.08,0.05,rbf,median,anytime,bonferroni,1,10,False,UNRESOLVED,5000,True,False,True,0.00039837503572925925,0.08,0.18209213411654696,True,True,True,False
f4213c29b261b5e1e302,adaptive,adaptive_allocation,1632,149946645,16,5000,0.08,0.05,rbf,median,anytime,bonferroni,1,10,False,UNRESOLVED,5000,True,False,True,0.0004039169871248305,0.08,0.18209213411654696,True,True,True,False
41736ab9cfd26bb0c2c9,adaptive,adaptive_allocation,1633,2876765450,16,5000,0.08,0.05,rbf,median,anytime,bonferroni,1,10,False,UNRESOLVED,5000,True,False,True,0.00040204200195148587,0.08,0.18209213411654696,True,True,True,False
11587ccecca5421dde85,adaptive,adaptive_allocation,1634,3875884859,16,5000,0.08,0.05,rbf,median,anytime,bonferroni,1,10,False,UNRESOLVED,5000,True,False,True,0.00039958301931619644,0.08,0.18209213411654696,True,True,True,False
11ca2efd8398d100c8b7,adaptive,adaptive_allocation,1635,3991554237,16,5000,0.08,0.05,rbf,median,anytime,bonferroni,1,10,False,UNRESOLVED,5000,True,False,True,0.00040133303264155984,0.08,0.18209213411654696,True,True,True,False
75ad43f24ba692d3f815,adaptive,adaptive_allocation,1636,4262250364,16,5000,0.08,0.05,rbf,median,anytime,bonferroni,1,10,False,UNRESOLVED,5000,True,False,True,0.00040187500417232513,0.08,0.18209213411654696,True,True,True,False
0743609483bd5d737dc6,adaptive,adaptive_allocation,1637,4079137295,16,5000,0.08,0.05,rbf,median,anytime,bonferroni,1,10,False,UNRESOLVED,5000,True,False,True,0.0004047080292366445,0.08,0.18209213411654696,True,True,True,False
c16cb1acc7911f64fa95,adaptive,adaptive_allocation,1638,3785540895,16,5000,0.08,0.05,rbf,median,anytime,bonferroni,1,10,False,UNRESOLVED,5000,True,False,True,0.00040075002470985055,0.08,0.18209213411654696,True,True,True,False
147784dbc5cac953654a,adaptive,adaptive_allocation,1639,619526804,16,5000,0.08,0.05,rbf,median,anytime,bonferroni,1,10,False,UNRESOLVED,5000,True,False,True,0.00040187500417232513,0.08,0.18209213411654696,True,True,True,False
a74b58ea05646cdcb19c,adaptive,adaptive_allocation,1640,3510883438,16,5000,0.08,0.05,rbf,median,anytime,bonferroni,1,10,False,UNRESOLVED,5000,True,False,True,0.00040137500036507845,0.08,0.18209213411654696,True,True,True,False
e73add4b4485a0f438cf,adaptive,adaptive_allocation,1641,2975488822,16,5000,0.08,0.05,rbf,median,anytime,bonferroni,1,10,False,UNRESOLVED,5000,True,False,True,0.00040129199624061584,0.08,0.18209213411654696,True,True,True,False
f184b5c880ce71a6ebc1,adaptive,adaptive_allocation,1642,2832374364,16,5000,0.08,0.05,rbf,median,anytime,bonferroni,1,10,False,UNRESOLVED,5000,True,False,True,0.0003974589635618031,0.08,0.18209213411654696,True,True,True,False
f321bb7ff69163653e58,adaptive,adaptive_allocation,1643,1654616752,16,5000,0.08,0.05,rbf,median,anytime,bonferroni,1,10,False,UNRESOLVED,5000,True,False,True,0.00039849994936957955,0.08,0.18209213411654696,True,True,True,False
be7931f4b5b90c42fab3,adaptive,adaptive_allocation,1644,3547989747,16,5000,0.08,0.05,rbf,median,anytime,bonferroni,1,10,False,UNRESOLVED,5000,True,False,True,0.00040054204873740673,0.08,0.18209213411654696,True,True,True,False
767343a04a596da57637,adaptive,adaptive_allocation,1645,3937616302,16,5000,0.08,0.05,rbf,median,anytime,bonferroni,1,10,False,UNRESOLVED,5000,True,False,True,0.0004042079672217369,0.08,0.18209213411654696,True,True,True,False
87d56f292de709731fff,adaptive,adaptive_allocation,1646,1269821041,16,5000,0.08,0.05,rbf,median,anytime,bonferroni,1,10,False,UNRESOLVED,5000,True,False,True,0.00039837503572925925,0.08,0.18209213411654696,True,True,True,False
b63ed6c61cbf73421af8,adaptive,adaptive_allocation,1647,1982035832,16,5000,0.08,0.05,rbf,median,anytime,bonferroni,1,10,False,UNRESOLVED,5000,True,False,True,0.0003990420373156667,0.08,0.18209213411654696,True,True,True,False
c6b810a59905b800711e,adaptive,adaptive_allocation,1648,4160110713,16,5000,0.08,0.05,rbf,median,anytime,bonferroni,1,10,False,UNRESOLVED,5000,True,False,True,0.00040004198672249913,0.08,0.18209213411654696,True,True,True,False
b7cf94f3a1e6253d4b96,adaptive,adaptive_allocation,1649,2369011711,16,5000,0.08,0.05,rbf,median,anytime,bonferroni,1,10,False,UNRESOLVED,5000,True,False,True,0.0004029580159112811,0.08,0.18209213411654696,True,True,True,False
55079f8b3ac44175cebb,adaptive,adaptive_allocation,1650,314639609,16,5000,0.08,0.05,rbf,median,anytime,bonferroni,1,10,False,UNRESOLVED,5000,True,False,True,0.00039900001138448715,0.08,0.18209213411654696,True,True,True,False
755ee350740fa29601d3,adaptive,adaptive_allocation,1651,29290773,16,5000,0.08,0.05,rbf,median,anytime,bonferroni,1,10,False,UNRESOLVED,5000,True,False,True,0.0003994579892605543,0.08,0.18209213411654696,True,True,True,False
df4bb44f3803d2a64b17,adaptive,adaptive_allocation,1652,225532474,16,5000,0.08,0.05,rbf,median,anytime,bonferroni,1,10,False,UNRESOLVED,5000,True,False,True,0.0004016250022687018,0.08,0.18209213411654696,True,True,True,False
9a27897ab89480b350b6,adaptive,adaptive_allocation,1653,1199797381,16,5000,0.08,0.05,rbf,median,anytime,bonferroni,1,10,False,UNRESOLVED,5000,True,False,True,0.0003955420106649399,0.08,0.18209213411654696,True,True,True,False
1d5775e761e533b28d3c,adaptive,adaptive_allocation,1654,3697520126,16,5000,0.08,0.05,rbf,median,anytime,bonferroni,1,10,False,UNRESOLVED,5000,True,False,True,0.00034454098204150796,0.08,0.18209213411654696,True,True,True,False
345d41703726027a6a9e,adaptive,adaptive_allocation,1655,2032736677,16,5000,0.08,0.05,rbf,median,anytime,bonferroni,1,10,False,UNRESOLVED,5000,True,False,True,0.00034324999433010817,0.08,0.18209213411654696,True,True,True,False
a423cce4e5edb47fb55f,adaptive,adaptive_allocation,1656,2671293843,16,5000,0.08,0.05,rbf,median,anytime,bonferroni,1,10,False,UNRESOLVED,5000,True,False,True,0.000345290987752378,0.08,0.18209213411654696,True,True,True,False
c9674058df072739239c,adaptive,adaptive_allocation,1657,2092009452,16,5000,0.08,0.05,rbf,median,anytime,bonferroni,1,10,False,UNRESOLVED,5000,True,False,True,0.00034779199631884694,0.08,0.18209213411654696,True,True,True,False
a396c35895a70e8a8be3,adaptive,adaptive_allocation,1658,70269566,16,5000,0.08,0.05,rbf,median,anytime,bonferroni,1,10,False,UNRESOLVED,5000,True,False,True,0.00034170900471508503,0.08,0.18209213411654696,True,True,True,False
5cd1694c0794780d2c23,adaptive,adaptive_allocation,1659,739540946,16,5000,0.08,0.05,rbf,median,anytime,bonferroni,1,10,False,UNRESOLVED,5000,True,False,True,0.00034425000194460154,0.08,0.18209213411654696,True,True,True,False
bf0425cf46d491d17f8b,adaptive,adaptive_allocation,1660,4171735021,16,5000,0.08,0.05,rbf,median,anytime,bonferroni,1,10,False,UNRESOLVED,5000,True,False,True,0.0003440000000409782,0.08,0.18209213411654696,True,True,True,False
585a4daee02d8bf3a537,adaptive,adaptive_allocation,1661,2349175042,16,5000,0.08,0.05,rbf,median,anytime,bonferroni,1,10,False,UNRESOLVED,5000,True,False,True,0.0003468749928288162,0.08,0.18209213411654696,True,True,True,False
982f0328d2ae7adfc1eb,adaptive,adaptive_allocation,1662,2190359529,16,5000,0.08,0.05,rbf,median,anytime,bonferroni,1,10,False,UNRESOLVED,5000,True,False,True,0.0003448329516686499,0.08,0.18209213411654696,True,True,True,False
e72e675761a3b0d7e795,adaptive,adaptive_allocation,1663,1535630061,16,5000,0.08,0.05,rbf,median,anytime,bonferroni,1,10,False,UNRESOLVED,5000,True,False,True,0.00034249998861923814,0.08,0.18209213411654696,True,True,True,False
5d169fa6c9457e05a03e,adaptive,adaptive_allocation,1664,1752580659,16,5000,0.08,0.05,rbf,median,anytime,bonferroni,1,10,False,UNRESOLVED,5000,True,False,True,0.0003452500095590949,0.08,0.18209213411654696,True,True,True,False
7d51ab8589f7012be022,adaptive,adaptive_allocation,1665,443913464,16,5000,0.08,0.05,rbf,median,anytime,bonferroni,1,10,False,UNRESOLVED,5000,True,False,True,0.00034879095619544387,0.08,0.18209213411654696,True,True,True,False
4462cabedbd385c46028,adaptive,adaptive_allocation,1666,3623176960,16,5000,0.08,0.05,rbf,median,anytime,bonferroni,1,10,False,UNRESOLVED,5000,True,False,True,0.00034354202216491103,0.08,0.18209213411654696,True,True,True,False
725fa1f6fe7cd6e4c4a1,adaptive,adaptive_allocation,1667,28531572,16,5000,0.08,0.05,rbf,median,anytime,bonferroni,1,10,False,UNRESOLVED,5000,True,False,True,0.0003445000038482249,0.08,0.18209213411654696,True,True,True,False
928162fcffe069b97503,adaptive,adaptive_allocation,1668,3313092105,16,5000,0.08,0.05,rbf,median,anytime,bonferroni,1,10,False,UNRESOLVED,5000,True,False,True,0.00034479203168302774,0.08,0.18209213411654696,True,True,True,False
97f269eeb94a5ed6684f,adaptive,adaptive_allocation,1669,49158950,16,5000,0.08,0.05,rbf,median,anytime,bonferroni,1,10,False,UNRESOLVED,5000,True,False,True,0.00034841697197407484,0.08,0.18209213411654696,True,True,True,False
0dcece2c1fb741669585,adaptive,adaptive_allocation,1670,4137915155,16,5000,0.08,0.05,rbf,median,anytime,bonferroni,1,10,False,UNRESOLVED,5000,True,False,True,0.00034454104024916887,0.08,0.18209213411654696,True,True,True,False
a458ad2c7c4544f1d1ba,adaptive,adaptive_allocation,1671,656354673,16,5000,0.08,0.05,rbf,median,anytime,bonferroni,1,10,False,UNRESOLVED,5000,True,False,True,0.0003435830003581941,0.08,0.18209213411654696,True,True,True,False
1da721384ddc0990e029,adaptive,adaptive_allocation,1672,3120610372,16,5000,0.08,0.05,rbf,median,anytime,bonferroni,1,10,False,UNRESOLVED,5000,True,False,True,0.0003447500057518482,0.08,0.18209213411654696,True,True,True,False
ef1f0711573b2f629cc7,adaptive,adaptive_allocation,1673,1896965129,16,5000,0.08,0.05,rbf,median,anytime,bonferroni,1,10,False,UNRESOLVED,5000,True,False,True,0.00034779199631884694,0.08,0.18209213411654696,True,True,True,False
86fe4941495706874095,adaptive,adaptive_allocation,1674,3618317985,16,5000,0.08,0.05,rbf,median,anytime,bonferroni,1,10,False,UNRESOLVED,5000,True,False,True,0.0003465000190772116,0.08,0.18209213411654696,True,True,True,False
008c538a4cf60c711644,adaptive,adaptive_allocation,1675,3211704093,16,5000,0.08,0.05,rbf,median,anytime,bonferroni,1,10,False,UNRESOLVED,5000,True,False,True,0.00034487497759982944,0.08,0.18209213411654696,True,True,True,False
28ca99cdc95e41b1cc1d,adaptive,adaptive_allocation,1676,1543381900,16,5000,0.08,0.05,rbf,median,anytime,bonferroni,1,10,False,UNRESOLVED,5000,True,False,True,0.0003425840404815972,0.08,0.18209213411654696,True,True,True,False
11e370231c126b375479,adaptive,adaptive_allocation,1677,3683741574,16,5000,0.08,0.05,rbf,median,anytime,bonferroni,1,10,False,UNRESOLVED,5000,True,False,True,0.0003469589864835143,0.08,0.18209213411654696,True,True,True,False
304c11587b7c0b6c03cb,adaptive,adaptive_allocation,1678,565275719,16,5000,0.08,0.05,rbf,median,anytime,bonferroni,1,10,False,UNRESOLVED,5000,True,False,True,0.00034374999813735485,0.08,0.18209213411654696,True,True,True,False
3b22c44b410e2ac55ba0,adaptive,adaptive_allocation,1679,4172403417,16,5000,0.08,0.05,rbf,median,anytime,bonferroni,1,10,False,UNRESOLVED,5000,True,False,True,0.000344625033903867,0.08,0.18209213411654696,True,True,True,False
745f44d68cd4cbf250a6,adaptive,adaptive_allocation,1680,2509176802,16,5000,0.08,0.05,rbf,median,anytime,bonferroni,1,10,False,UNRESOLVED,5000,True,False,True,0.0003457920392975211,0.08,0.18209213411654696,True,True,True,False
0f115c60e6de7c452592,adaptive,adaptive_allocation,1681,3743345526,16,5000,0.08,0.05,rbf,median,anytime,bonferroni,1,10,False,UNRESOLVED,5000,True,False,True,0.0003462089807726443,0.08,0.18209213411654696,True,True,True,False
72d28a50dc253f2ba1a1,adaptive,adaptive_allocation,1682,2128845933,16,5000,0.08,0.05,rbf,median,anytime,bonferroni,1,10,False,UNRESOLVED,5000,True,False,True,0.0003453330136835575,0.08,0.18209213411654696,True,True,True,False
4e41b96856ff372fdaf7,adaptive,adaptive_allocation,1683,1460142799,16,5000,0.08,0.05,rbf,median,anytime,bonferroni,1,10,False,UNRESOLVED,5000,True,False,True,0.00034374999813735485,0.08,0.18209213411654696,True,True,True,False
e653a140098a9cebcf12,adaptive,adaptive_allocation,1684,518643557,16,5000,0.08,0.05,rbf,median,anytime,bonferroni,1,10,False,UNRESOLVED,5000,True,False,True,0.0003444169997237623,0.08,0.18209213411654696,True,True,True,False
a3cf565bb26f9a81b3f8,adaptive,adaptive_allocation,1685,194573970,16,5000,0.08,0.05,rbf,median,anytime,bonferroni,1,10,False,UNRESOLVED,5000,True,False,True,0.00035029201535508037,0.08,0.18209213411654696,True,True,True,False
ee458bf870fba9f9c02a,adaptive,adaptive_allocation,1686,3624051890,16,5000,0.08,0.05,rbf,median,anytime,bonferroni,1,10,False,UNRESOLVED,5000,True,False,True,0.00038362498162314296,0.08,0.18209213411654696,True,True,True,False
1ac94b7433713ef3cb18,adaptive,adaptive_allocation,1687,2561878806,16,5000,0.08,0.05,rbf,median,anytime,bonferroni,1,10,False,UNRESOLVED,5000,True,False,True,0.00039912498323246837,0.08,0.18209213411654696,True,True,True,False
884555db37facde60ee6,adaptive,adaptive_allocation,1688,1796807666,16,5000,0.08,0.05,rbf,median,anytime,bonferroni,1,10,False,UNRESOLVED,5000,True,False,True,0.00040074996650218964,0.08,0.18209213411654696,True,True,True,False
faa722732166b29c58e8,adaptive,adaptive_allocation,1689,1568182646,16,5000,0.08,0.05,rbf,median,anytime,bonferroni,1,10,False,UNRESOLVED,5000,True,False,True,0.0004036249592900276,0.08,0.18209213411654696,True,True,True,False
fa66e1582cf054ed6b7c,adaptive,adaptive_allocation,1690,2732016041,16,5000,0.08,0.05,rbf,median,anytime,bonferroni,1,10,False,UNRESOLVED,5000,True,False,True,0.0003987080417573452,0.08,0.18209213411654696,True,True,True,False
95c20a1bdf8c9dc3a693,adaptive,adaptive_allocation,1691,396370940,16,5000,0.08,0.05,rbf,median,anytime,bonferroni,1,10,False,UNRESOLVED,5000,True,False,True,0.0003999170148745179,0.08,0.18209213411654696,True,True,True,False
8f6a9c29556ac42d437f,adaptive,adaptive_allocation,1692,2056642565,16,5000,0.08,0.05,rbf,median,anytime,bonferroni,1,10,False,UNRESOLVED,5000,True,False,True,0.0005083750002086163,0.08,0.18209213411654696,True,True,True,False
b2b7497e298a5ff4aa9e,adaptive,adaptive_allocation,1693,906124737,16,5000,0.08,0.05,rbf,median,anytime,bonferroni,1,10,False,UNRESOLVED,5000,True,False,True,0.0005944170407019556,0.08,0.18209213411654696,True,True,True,False
cd6ef5f6ca34bc8025b8,adaptive,adaptive_allocation,1694,2954010839,16,5000,0.08,0.05,rbf,median,anytime,bonferroni,1,10,False,UNRESOLVED,5000,True,False,True,0.0005073749925941229,0.08,0.18209213411654696,True,True,True,False
4ff658891b3c60f02c0b,adaptive,adaptive_allocation,1695,2831855458,16,5000,0.08,0.05,rbf,median,anytime,bonferroni,1,10,False,UNRESOLVED,5000,True,False,True,0.0004854580038227141,0.08,0.18209213411654696,True,True,True,False
c4656827f4c6fff01745,adaptive,adaptive_allocation,1696,1710240036,16,5000,0.08,0.05,rbf,median,anytime,bonferroni,1,10,False,UNRESOLVED,5000,True,False,True,0.00048033398343250155,0.08,0.18209213411654696,True,True,True,False
a3cbd9973485aad61b99,adaptive,adaptive_allocation,1697,2534114433,16,5000,0.08,0.05,rbf,median,anytime,bonferroni,1,10,False,UNRESOLVED,5000,True,False,True,0.00047912501031532884,0.08,0.18209213411654696,True,True,True,False
983159f276b43cc55c84,adaptive,adaptive_allocation,1698,1397285964,16,5000,0.08,0.05,rbf,median,anytime,bonferroni,1,10,False,UNRESOLVED,5000,True,False,True,0.00047854194417595863,0.08,0.18209213411654696,True,True,True,False
7d404e7bb112af76a1e1,adaptive,adaptive_allocation,1699,4143809020,16,5000,0.08,0.05,rbf,median,anytime,bonferroni,1,10,False,UNRESOLVED,5000,True,False,True,0.00047745800111442804,0.08,0.18209213411654696,True,True,True,False
a4e311723611c18e1186,adaptive,adaptive_allocation,1700,4291737733,16,5000,0.08,0.05,rbf,median,anytime,bonferroni,1,10,False,UNRESOLVED,5000,True,False,True,0.0004775840207003057,0.08,0.18209213411654696,True,True,True,False
ffeae72ef07233948198,adaptive,adaptive_allocation,1701,1755037810,16,5000,0.08,0.05,rbf,median,anytime,bonferroni,1,10,False,UNRESOLVED,5000,True,False,True,0.0004749579820781946,0.08,0.18209213411654696,True,True,True,False
a84cab23853a8cc351c1,adaptive,adaptive_allocation,1702,681632892,16,5000,0.08,0.05,rbf,median,anytime,bonferroni,1,10,False,UNRESOLVED,5000,True,False,True,0.00048104202141985297,0.08,0.18209213411654696,True,True,True,False
4fbfff6541ae91db5b24,adaptive,adaptive_allocation,1703,4184870571,16,5000,0.08,0.05,rbf,median,anytime,bonferroni,1,10,False,UNRESOLVED,5000,True,False,True,0.0004997079959139228,0.08,0.18209213411654696,True,True,True,False
04688d98163dce79add3,adaptive,adaptive_allocation,1704,2027272478,16,5000,0.08,0.05,rbf,median,anytime,bonferroni,1,10,False,UNRESOLVED,5000,True,False,True,0.00048354099271818995,0.08,0.18209213411654696,True,True,True,False
8094fbb277f4ef0fed44,adaptive,adaptive_allocation,1705,3695752033,16,5000,0.08,0.05,rbf,median,anytime,bonferroni,1,10,False,UNRESOLVED,5000,True,False,True,0.0004977919743396342,0.08,0.18209213411654696,True,True,True,False
c39c112293b87b05f732,adaptive,adaptive_allocation,1706,3991899693,16,5000,0.08,0.05,rbf,median,anytime,bonferroni,1,10,False,UNRESOLVED,5000,True,False,True,0.0005057500093244016,0.08,0.18209213411654696,True,True,True,False
7c01afc97166ef316e35,adaptive,adaptive_allocation,1707,344938991,16,5000,0.08,0.05,rbf,median,anytime,bonferroni,1,10,False,UNRESOLVED,5000,True,False,True,0.0005084169679321349,0.08,0.18209213411654696,True,True,True,False
fcea939d7d4512a73b00,adaptive,adaptive_allocation,1708,745608250,16,5000,0.08,0.05,rbf,median,anytime,bonferroni,1,10,False,UNRESOLVED,5000,True,False,True,0.00047450000420212746,0.08,0.18209213411654696,True,True,True,False
bc3fa6493f04a78c9c03,adaptive,adaptive_allocation,1709,1072531868,16,5000,0.08,0.05,rbf,median,anytime,bonferroni,1,10,False,UNRESOLVED,5000,True,False,True,0.0004765000194311142,0.08,0.18209213411654696,True,True,True,False
5b30edc02bdfb822af68,adaptive,adaptive_allocation,1710,2583452292,16,5000,0.08,0.05,rbf,median,anytime,bonferroni,1,10,False,UNRESOLVED,5000,True,False,True,0.0004742500022985041,0.08,0.18209213411654696,True,True,True,False
96d31226214cb12e1d5d,adaptive,adaptive_allocation,1711,1900959714,16,5000,0.08,0.05,rbf,median,anytime,bonferroni,1,10,False,UNRESOLVED,5000,True,False,True,0.00047279102727770805,0.08,0.18209213411654696,True,True,True,False
d5249e783feb02c06c6e,adaptive,adaptive_allocation,1712,2944556720,16,5000,0.08,0.05,rbf,median,anytime,bonferroni,1,10,False,UNRESOLVED,5000,True,False,True,0.00042291602585464716,0.08,0.18209213411654696,True,True,True,False
919b16810c72556b6d04,adaptive,adaptive_allocation,1713,1367827905,16,5000,0.08,0.05,rbf,median,anytime,bonferroni,1,10,False,UNRESOLVED,5000,True,False,True,0.0004099580110050738,0.08,0.18209213411654696,True,True,True,False
3922ecad799d4709d111,adaptive,adaptive_allocation,1714,3388773841,16,5000,0.08,0.05,rbf,median,anytime,bonferroni,1,10,False,UNRESOLVED,5000,True,False,True,0.0004112499882467091,0.08,0.18209213411654696,True,True,True,False
291f1faa5af37d189398,adaptive,adaptive_allocation,1715,80023933,16,5000,0.08,0.05,rbf,median,anytime,bonferroni,1,10,False,UNRESOLVED,5000,True,False,True,0.00040475005516782403,0.08,0.18209213411654696,True,True,True,False
889ff3a9ac51b14dad18,adaptive,adaptive_allocation,1716,1248740597,16,5000,0.08,0.05,rbf,median,anytime,bonferroni,1,10,False,UNRESOLVED,5000,True,False,True,0.00040341599378734827,0.08,0.18209213411654696,True,True,True,False
889685fad369b45933a9,adaptive,adaptive_allocation,1717,550999537,16,5000,0.08,0.05,rbf,median,anytime,bonferroni,1,10,False,UNRESOLVED,5000,True,False,True,0.00040333298966288567,0.08,0.18209213411654696,True,True,True,False
cfe57051b4c823cea6b3,adaptive,adaptive_allocation,1718,1118747510,16,5000,0.08,0.05,rbf,median,anytime,bonferroni,1,10,False,UNRESOLVED,5000,True,False,True,0.00040495896246284246,0.08,0.18209213411654696,True,True,True,False
4782fbc7d637a783976a,adaptive,adaptive_allocation,1719,1405489050,16,5000,0.08,0.05,rbf,median,anytime,bonferroni,1,10,False,UNRESOLVED,5000,True,False,True,0.00040133402217179537,0.08,0.18209213411654696,True,True,True,False
0e1b3016d5f00d3b8535,adaptive,adaptive_allocation,1720,4138710364,16,5000,0.08,0.05,rbf,median,anytime,bonferroni,1,10,False,UNRESOLVED,5000,True,False,True,0.00040187500417232513,0.08,0.18209213411654696,True,True,True,False
6e08350b76826b500c45,adaptive,adaptive_allocation,1721,996482637,16,5000,0.08,0.05,rbf,median,anytime,bonferroni,1,10,False,UNRESOLVED,5000,True,False,True,0.00040149997221305966,0.08,0.18209213411654696,True,True,True,False
7809e0d80ee8b4c63665,adaptive,adaptive_allocation,1722,1447847102,16,5000,0.08,0.05,rbf,median,anytime,bonferroni,1,10,False,UNRESOLVED,5000,True,False,True,0.0004034169833175838,0.08,0.18209213411654696,True,True,True,False
e32b5718ef1fc3e4d916,adaptive,adaptive_allocation,1723,83722603,16,5000,0.08,0.05,rbf,median,anytime,bonferroni,1,10,False,UNRESOLVED,5000,True,False,True,0.0004004170186817646,0.08,0.18209213411654696,True,True,True,False
cc39d67e3e880f27e08e,adaptive,adaptive_allocation,1724,3114210833,16,5000,0.08,0.05,rbf,median,anytime,bonferroni,1,10,False,UNRESOLVED,5000,True,False,True,0.00040191703010350466,0.08,0.18209213411654696,True,True,True,False
812913c51e99f2560dd3,adaptive,adaptive_allocation,1725,2616358291,16,5000,0.08,0.05,rbf,median,anytime,bonferroni,1,10,False,UNRESOLVED,5000,True,False,True,0.00040075002470985055,0.08,0.18209213411654696,True,True,True,False
5be711e79dd4c2cf80d7,adaptive,adaptive_allocation,1726,2385670128,16,5000,0.08,0.05,rbf,median,anytime,bonferroni,1,10,False,UNRESOLVED,5000,True,False,True,0.000403250043746084,0.08,0.18209213411654696,True,True,True,False
19219097bebdac65ca2e,adaptive,adaptive_allocation,1727,596679514,16,5000,0.08,0.05,rbf,median,anytime,bonferroni,1,10,False,UNRESOLVED,5000,True,False,True,0.0004006249946542084,0.08,0.18209213411654696,True,True,True,False
4b704946cdad2f7edaf5,adaptive,adaptive_allocation,1728,3872730224,16,5000,0.08,0.05,rbf,median,anytime,bonferroni,1,10,False,UNRESOLVED,5000,True,False,True,0.00039958301931619644,0.08,0.18209213411654696,True,True,True,False
7e6978b8698be03b1a27,adaptive,adaptive_allocation,1729,3821470518,16,5000,0.08,0.05,rbf,median,anytime,bonferroni,1,10,False,UNRESOLVED,5000,True,False,True,0.00040041597094386816,0.08,0.18209213411654696,True,True,True,False
2ebcc78591777c2ed782,adaptive,adaptive_allocation,1730,2838927367,16,5000,0.08,0.05,rbf,median,anytime,bonferroni,1,10,False,UNRESOLVED,5000,True,False,True,0.0004062089719809592,0.08,0.18209213411654696,True,True,True,False
e291cd426c70eeb7525e,adaptive,adaptive_allocation,1731,2390393230,16,5000,0.08,0.05,rbf,median,anytime,bonferroni,1,10,False,UNRESOLVED,5000,True,False,True,0.0004022499779239297,0.08,0.18209213411654696,True,True,True,False
19911e13155a4e398f27,adaptive,adaptive_allocation,1732,169636136,16,5000,0.08,0.05,rbf,median,anytime,bonferroni,1,10,False,UNRESOLVED,5000,True,False,True,0.0004024580121040344,0.08,0.18209213411654696,True,True,True,False
561400f3f893e160abb2,adaptive,adaptive_allocation,1733,2398380639,16,5000,0.08,0.05,rbf,median,anytime,bonferroni,1,10,False,UNRESOLVED,5000,True,False,True,0.00040120899211615324,0.08,0.18209213411654696,True,True,True,False
c9e1fbc3f90167bb2976,adaptive,adaptive_allocation,1734,255968523,16,5000,0.08,0.05,rbf,median,anytime,bonferroni,1,10,False,UNRESOLVED,5000,True,False,True,0.00040779198752716184,0.08,0.18209213411654696,True,True,True,False
0fe491c6e0758bca44c8,adaptive,adaptive_allocation,1735,1609097968,16,5000,0.08,0.05,rbf,median,anytime,bonferroni,1,10,False,UNRESOLVED,5000,True,False,True,0.000606624991632998,0.08,0.18209213411654696,True,True,True,False
2cfec6e39ff515528ee3,adaptive,adaptive_allocation,1736,491833820,16,5000,0.08,0.05,rbf,median,anytime,bonferroni,1,10,False,UNRESOLVED,5000,True,False,True,0.000494042003992945,0.08,0.18209213411654696,True,True,True,False
9218109c089cd6ecfccf,adaptive,adaptive_allocation,1737,1485487762,16,5000,0.08,0.05,rbf,median,anytime,bonferroni,1,10,False,UNRESOLVED,5000,True,False,True,0.0004874579608440399,0.08,0.18209213411654696,True,True,True,False
6786a3fb8b4568bbea4a,adaptive,adaptive_allocation,1738,3733907034,16,5000,0.08,0.05,rbf,median,anytime,bonferroni,1,10,False,UNRESOLVED,5000,True,False,True,0.0004775419947691262,0.08,0.18209213411654696,True,True,True,False
d589fe3aeb7d9dcf76d6,adaptive,adaptive_allocation,1739,2927541878,16,5000,0.08,0.05,rbf,median,anytime,bonferroni,1,10,False,UNRESOLVED,5000,True,False,True,0.000494042003992945,0.08,0.18209213411654696,True,True,True,False
809bf31f27d06605c0a4,adaptive,adaptive_allocation,1740,1106658216,16,5000,0.08,0.05,rbf,median,anytime,bonferroni,1,10,False,UNRESOLVED,5000,True,False,True,0.00048808299470692873,0.08,0.18209213411654696,True,True,True,False
564d2856540a919d84a7,adaptive,adaptive_allocation,1741,2698320780,16,5000,0.08,0.05,rbf,median,anytime,bonferroni,1,10,False,UNRESOLVED,5000,True,False,True,0.00049587496323511,0.08,0.18209213411654696,True,True,True,False
8289f8a96c95079e5c2d,adaptive,adaptive_allocation,1742,3920368833,16,5000,0.08,0.05,rbf,median,anytime,bonferroni,1,10,False,UNRESOLVED,5000,True,False,True,0.0005010829772800207,0.08,0.18209213411654696,True,True,True,False
7dc28375b5ef6b9b05d1,adaptive,adaptive_allocation,1743,1016184788,16,5000,0.08,0.05,rbf,median,anytime,bonferroni,1,10,False,UNRESOLVED,5000,True,False,True,0.000511125021148473,0.08,0.18209213411654696,True,True,True,False
c5ece23cd504f634f38c,adaptive,adaptive_allocation,1744,2715125971,16,5000,0.08,0.05,rbf,median,anytime,bonferroni,1,10,False,UNRESOLVED,5000,True,False,True,0.0004739589639939368,0.08,0.18209213411654696,True,True,True,False
aaf757bba79388d9013a,adaptive,adaptive_allocation,1745,2265560951,16,5000,0.08,0.05,rbf,median,anytime,bonferroni,1,10,False,UNRESOLVED,5000,True,False,True,0.0004711250076070428,0.08,0.18209213411654696,True,True,True,False
29703030ef9e4fb75836,adaptive,adaptive_allocation,1746,1523738432,16,5000,0.08,0.05,rbf,median,anytime,bonferroni,1,10,False,UNRESOLVED,5000,True,False,True,0.0004708329797722399,0.08,0.18209213411654696,True,True,True,False
d6929effc182b8f11fb7,adaptive,adaptive_allocation,1747,439070843,16,5000,0.08,0.05,rbf,median,anytime,bonferroni,1,10,False,UNRESOLVED,5000,True,False,True,0.0004729169886559248,0.08,0.18209213411654696,True,True,True,False
fc2127bc645fe176621d,adaptive,adaptive_allocation,1748,599478221,16,5000,0.08,0.05,rbf,median,anytime,bonferroni,1,10,False,UNRESOLVED,5000,True,False,True,0.000470208004117012,0.08,0.18209213411654696,True,True,True,False
1533bd546448f5d1bbcb,adaptive,adaptive_allocation,1749,2839957026,16,5000,0.08,0.05,rbf,median,anytime,bonferroni,1,10,False,UNRESOLVED,5000,True,False,True,0.0004736249684356153,0.08,0.18209213411654696,True,True,True,False
6a7cb6ab911620870464,adaptive,adaptive_allocation,1750,3550454426,16,5000,0.08,0.05,rbf,median,anytime,bonferroni,1,10,False,UNRESOLVED,5000,True,False,True,0.0004716250114142895,0.08,0.18209213411654696,True,True,True,False
3776849901a4ad3d3f17,adaptive,adaptive_allocation,1751,3715357477,16,5000,0.08,0.05,rbf,median,anytime,bonferroni,1,10,False,UNRESOLVED,5000,True,False,True,0.0004712080117315054,0.08,0.18209213411654696,True,True,True,False
c486e5b753b44b1e03b3,adaptive,adaptive_allocation,1752,1776678633,16,5000,0.08,0.05,rbf,median,anytime,bonferroni,1,10,False,UNRESOLVED,5000,True,False,True,0.00047145801363512874,0.08,0.18209213411654696,True,True,True,False
a8baa8e3f3c11687877c,adaptive,adaptive_allocation,1753,3308099806,16,5000,0.08,0.05,rbf,median,anytime,bonferroni,1,10,False,UNRESOLVED,5000,True,False,True,0.0004721670411527157,0.08,0.18209213411654696,True,True,True,False
eaa3be403714df57480a,adaptive,adaptive_allocation,1754,500800881,16,5000,0.08,0.05,rbf,median,anytime,bonferroni,1,10,False,UNRESOLVED,5000,True,False,True,0.0004427919629961252,0.08,0.18209213411654696,True,True,True,False
e2a8e9f8da420f61fb4c,adaptive,adaptive_allocation,1755,3619646214,16,5000,0.08,0.05,rbf,median,anytime,bonferroni,1,10,False,UNRESOLVED,5000,True,False,True,0.0003630000283010304,0.08,0.18209213411654696,True,True,True,False
46852c6f4fab364d097a,adaptive,adaptive_allocation,1756,1961819402,16,5000,0.08,0.05,rbf,median,anytime,bonferroni,1,10,False,UNRESOLVED,5000,True,False,True,0.0003516669967211783,0.08,0.18209213411654696,True,True,True,False
09874a6d46d393334883,adaptive,adaptive_allocation,1757,19981192,16,5000,0.08,0.05,rbf,median,anytime,bonferroni,1,10,False,UNRESOLVED,5000,True,False,True,0.0003486250061541796,0.08,0.18209213411654696,True,True,True,False
170b2ab4e338cbd22965,adaptive,adaptive_allocation,1758,966409639,16,5000,0.08,0.05,rbf,median,anytime,bonferroni,1,10,False,UNRESOLVED,5000,True,False,True,0.0003475419944152236,0.08,0.18209213411654696,True,True,True,False
ffcdce91f03d00bc66cb,adaptive,adaptive_allocation,1759,3152319076,16,5000,0.08,0.05,rbf,median,anytime,bonferroni,1,10,False,UNRESOLVED,5000,True,False,True,0.0003454579855315387,0.08,0.18209213411654696,True,True,True,False
f6c41bc351d205cf7ea4,adaptive,adaptive_allocation,1760,1527926930,16,5000,0.08,0.05,rbf,median,anytime,bonferroni,1,10,False,UNRESOLVED,5000,True,False,True,0.000346417014952749,0.08,0.18209213411654696,True,True,True,False
a636c2b086240f113230,adaptive,adaptive_allocation,1761,2906917537,16,5000,0.08,0.05,rbf,median,anytime,bonferroni,1,10,False,UNRESOLVED,5000,True,False,True,0.00034608395071700215,0.08,0.18209213411654696,True,True,True,False
868257c8e3aa4d32d89b,adaptive,adaptive_allocation,1762,3003250470,16,5000,0.08,0.05,rbf,median,anytime,bonferroni,1,10,False,UNRESOLVED,5000,True,False,True,0.0003457090351730585,0.08,0.18209213411654696,True,True,True,False
8aceb4b0f881ecca13a9,adaptive,adaptive_allocation,1763,3260634202,16,5000,0.08,0.05,rbf,median,anytime,bonferroni,1,10,False,UNRESOLVED,5000,True,False,True,0.00034541700733825564,0.08,0.18209213411654696,True,True,True,False
56f8633861ae3fe178ab,adaptive,adaptive_allocation,1764,3803905511,16,5000,0.08,0.05,rbf,median,anytime,bonferroni,1,10,False,UNRESOLVED,5000,True,False,True,0.0003435830003581941,0.08,0.18209213411654696,True,True,True,False
2eb8d1d85ef73cc0d3c5,adaptive,adaptive_allocation,1765,3160550543,16,5000,0.08,0.05,rbf,median,anytime,bonferroni,1,10,False,UNRESOLVED,5000,True,False,True,0.00034366699401289225,0.08,0.18209213411654696,True,True,True,False
54396bf79fff05891c39,adaptive,adaptive_allocation,1766,698321197,16,5000,0.08,0.05,rbf,median,anytime,bonferroni,1,10,False,UNRESOLVED,5000,True,False,True,0.0003439590218476951,0.08,0.18209213411654696,True,True,True,False
a4266f19bcad2899a3dd,adaptive,adaptive_allocation,1767,114621100,16,5000,0.08,0.05,rbf,median,anytime,bonferroni,1,10,False,UNRESOLVED,5000,True,False,True,0.0003689999575726688,0.08,0.18209213411654696,True,True,True,False
ee77d34f7766450aee6b,adaptive,adaptive_allocation,1768,324056497,16,5000,0.08,0.05,rbf,median,anytime,bonferroni,1,10,False,UNRESOLVED,5000,True,False,True,0.00039954198291525245,0.08,0.18209213411654696,True,True,True,False
c193c80d6aac8e40fe5a,adaptive,adaptive_allocation,1769,1278547767,16,5000,0.08,0.05,rbf,median,anytime,bonferroni,1,10,False,UNRESOLVED,5000,True,False,True,0.0003986670053564012,0.08,0.18209213411654696,True,True,True,False
47b0a88af4c753b45932,adaptive,adaptive_allocation,1770,1454328947,16,5000,0.08,0.05,rbf,median,anytime,bonferroni,1,10,False,UNRESOLVED,5000,True,False,True,0.0004004579968750477,0.08,0.18209213411654696,True,True,True,False
3263abb5af093834c485,adaptive,adaptive_allocation,1771,708094428,16,5000,0.08,0.05,rbf,median,anytime,bonferroni,1,10,False,UNRESOLVED,5000,True,False,True,0.00039970799116417766,0.08,0.18209213411654696,True,True,True,False
584022c1e15fc1a61c32,adaptive,adaptive_allocation,1772,3496034112,16,5000,0.08,0.05,rbf,median,anytime,bonferroni,1,10,False,UNRESOLVED,5000,True,False,True,0.0004009170224890113,0.08,0.18209213411654696,True,True,True,False
79aed4f083063eda2bd3,adaptive,adaptive_allocation,1773,216026088,16,5000,0.08,0.05,rbf,median,anytime,bonferroni,1,10,False,UNRESOLVED,5000,True,False,True,0.00039733300218358636,0.08,0.18209213411654696,True,True,True,False
f541ae0f20257284a2f7,adaptive,adaptive_allocation,1774,1714050227,16,5000,0.08,0.05,rbf,median,anytime,bonferroni,1,10,False,UNRESOLVED,5000,True,False,True,0.0003991670091636479,0.08,0.18209213411654696,True,True,True,False
55248b0503301c6ff4db,adaptive,adaptive_allocation,1775,3451723624,16,5000,0.08,0.05,rbf,median,anytime,bonferroni,1,10,False,UNRESOLVED,5000,True,False,True,0.0004005000228062272,0.08,0.18209213411654696,True,True,True,False
5d87c572245461b08873,adaptive,adaptive_allocation,1776,1162386507,16,5000,0.08,0.05,rbf,median,anytime,bonferroni,1,10,False,UNRESOLVED,5000,True,False,True,0.00039920798735693097,0.08,0.18209213411654696,True,True,True,False
da7c798ec953837ec543,adaptive,adaptive_allocation,1777,161963142,16,5000,0.08,0.05,rbf,median,anytime,bonferroni,1,10,False,UNRESOLVED,5000,True,False,True,0.00039795803604647517,0.08,0.18209213411654696,True,True,True,False
7e72d1393a91a43f3f6a,adaptive,adaptive_allocation,1778,616075146,16,5000,0.08,0.05,rbf,median,anytime,bonferroni,1,10,False,UNRESOLVED,5000,True,False,True,0.0003987500094808638,0.08,0.18209213411654696,True,True,True,False
adc241d5eb30878d6f09,adaptive,adaptive_allocation,1779,2961155979,16,5000,0.08,0.05,rbf,median,anytime,bonferroni,1,10,False,UNRESOLVED,5000,True,False,True,0.0003994160215370357,0.08,0.18209213411654696,True,True,True,False
010184c46980606e712a,adaptive,adaptive_allocation,1780,4224621766,16,5000,0.08,0.05,rbf,median,anytime,bonferroni,1,10,False,UNRESOLVED,5000,True,False,True,0.0004016250022687018,0.08,0.18209213411654696,True,True,True,False
e80ff5e217792500500d,adaptive,adaptive_allocation,1781,965175883,16,5000,0.08,0.05,rbf,median,anytime,bonferroni,1,10,False,UNRESOLVED,5000,True,False,True,0.0003995409933850169,0.08,0.18209213411654696,True,True,True,False
c71e812a490b33883708,adaptive,adaptive_allocation,1782,3058785550,16,5000,0.08,0.05,rbf,median,anytime,bonferroni,1,10,False,UNRESOLVED,5000,True,False,True,0.0003986249794252217,0.08,0.18209213411654696,True,True,True,False
ac143fc416b6b79a7145,adaptive,adaptive_allocation,1783,3983059617,16,5000,0.08,0.05,rbf,median,anytime,bonferroni,1,10,False,UNRESOLVED,5000,True,False,True,0.0003994160215370357,0.08,0.18209213411654696,True,True,True,False
8422a149c4f352a8537c,adaptive,adaptive_allocation,1784,1810104770,16,5000,0.08,0.05,rbf,median,anytime,bonferroni,1,10,False,UNRESOLVED,5000,True,False,True,0.00040145794628188014,0.08,0.18209213411654696,True,True,True,False
ecdc6cdcebf4c808fd6a,adaptive,adaptive_allocation,1785,3225410238,16,5000,0.08,0.05,rbf,median,anytime,bonferroni,1,10,False,UNRESOLVED,5000,True,False,True,0.0004004160291515291,0.08,0.18209213411654696,True,True,True,False
9a1ab156ec9939b13d4b,adaptive,adaptive_allocation,1786,3820839900,16,5000,0.08,0.05,rbf,median,anytime,bonferroni,1,10,False,UNRESOLVED,5000,True,False,True,0.0003980830078944564,0.08,0.18209213411654696,True,True,True,False
5dc649203d9d2e287634,adaptive,adaptive_allocation,1787,1437359586,16,5000,0.08,0.05,rbf,median,anytime,bonferroni,1,10,False,UNRESOLVED,5000,True,False,True,0.0004000409971922636,0.08,0.18209213411654696,True,True,True,False
f25c0329fd210626b6ab,adaptive,adaptive_allocation,1788,1139361345,16,5000,0.08,0.05,rbf,median,anytime,bonferroni,1,10,False,UNRESOLVED,5000,True,False,True,0.000398124975617975,0.08,0.18209213411654696,True,True,True,False
e5c878f3aafc1d5c3453,adaptive,adaptive_allocation,1789,3171805099,16,5000,0.08,0.05,rbf,median,anytime,bonferroni,1,10,False,UNRESOLVED,5000,True,False,True,0.00039841700345277786,0.08,0.18209213411654696,True,True,True,False
9e8a32c8a314539c26aa,adaptive,adaptive_allocation,1790,941964549,16,5000,0.08,0.05,rbf,median,anytime,bonferroni,1,10,False,UNRESOLVED,5000,True,False,True,0.00040020898450165987,0.08,0.18209213411654696,True,True,True,False
8de1f0af6b9d2b78d8d3,adaptive,adaptive_allocation,1791,1215861788,16,5000,0.08,0.05,rbf,median,anytime,bonferroni,1,10,False,UNRESOLVED,5000,True,False,True,0.00040004198672249913,0.08,0.18209213411654696,True,True,True,False
8976fefc835e7728a45f,adaptive,adaptive_allocation,1792,1183093483,16,5000,0.08,0.05,rbf,median,anytime,bonferroni,1,10,False,UNRESOLVED,5000,True,False,True,0.0003996670129708946,0.08,0.18209213411654696,True,True,True,False
aa62e78613715da0e982,adaptive,adaptive_allocation,1793,811675477,16,5000,0.08,0.05,rbf,median,anytime,bonferroni,1,10,False,UNRESOLVED,5000,True,False,True,0.0004011249984614551,0.08,0.18209213411654696,True,True,True,False
ecb0d0a211787976902a,adaptive,adaptive_allocation,1794,610036268,16,5000,0.08,0.05,rbf,median,anytime,bonferroni,1,10,False,UNRESOLVED,5000,True,False,True,0.00039879203541204333,0.08,0.18209213411654696,True,True,True,False
5e117924475298710266,adaptive,adaptive_allocation,1795,108439667,16,5000,0.08,0.05,rbf,median,anytime,bonferroni,1,10,False,UNRESOLVED,5000,True,False,True,0.0003999159671366215,0.08,0.18209213411654696,True,True,True,False
153062315039aa2cbb8b,adaptive,adaptive_allocation,1796,3153491597,16,5000,0.08,0.05,rbf,median,anytime,bonferroni,1,10,False,UNRESOLVED,5000,True,False,True,0.00039833399932831526,0.08,0.18209213411654696,True,True,True,False
6847a493e366c45d20a0,adaptive,adaptive_allocation,1797,2581222324,16,5000,0.08,0.05,rbf,median,anytime,bonferroni,1,10,False,UNRESOLVED,5000,True,False,True,0.00039783300599083304,0.08,0.18209213411654696,True,True,True,False
55c9b7d2794edfa34f05,adaptive,adaptive_allocation,1798,61788145,16,5000,0.08,0.05,rbf,median,anytime,bonferroni,1,10,False,UNRESOLVED,5000,True,False,True,0.00039995898259803653,0.08,0.18209213411654696,True,True,True,False
ccbe7408933f0871d082,adaptive,adaptive_allocation,1799,1869059978,16,5000,0.08,0.05,rbf,median,anytime,bonferroni,1,10,False,UNRESOLVED,5000,True,False,True,0.000398916017729789,0.08,0.18209213411654696,True,True,True,False
d47b5cc636a8cfa3087b,adaptive,adaptive_allocation,1800,2670160163,16,5000,0.08,0.05,rbf,median,anytime,bonferroni,1,10,False,UNRESOLVED,5000,True,False,True,0.0004000000189989805,0.08,0.18209213411654696,True,True,True,False
fb6337b246c464935177,adaptive,adaptive_allocation,1801,2375442097,16,5000,0.08,0.05,rbf,median,anytime,bonferroni,1,10,False,UNRESOLVED,5000,True,False,True,0.000398124975617975,0.08,0.18209213411654696,True,True,True,False
0252c9d8dea75bed5f53,adaptive,adaptive_allocation,1802,3663282219,16,5000,0.08,0.05,rbf,median,anytime,bonferroni,1,10,False,UNRESOLVED,5000,True,False,True,0.0003976250300183892,0.08,0.18209213411654696,True,True,True,False
4124cd57b5fe637985a2,adaptive,adaptive_allocation,1803,319328829,16,5000,0.08,0.05,rbf,median,anytime,bonferroni,1,10,False,UNRESOLVED,5000,True,False,True,0.00039766699774190784,0.08,0.18209213411654696,True,True,True,False
253ecf590edf8b7f8aef,adaptive,adaptive_allocation,1804,3786305716,16,5000,0.08,0.05,rbf,median,anytime,bonferroni,1,10,False,UNRESOLVED,5000,True,False,True,0.00040074996650218964,0.08,0.18209213411654696,True,True,True,False
aa888753f413ae898ef2,adaptive,adaptive_allocation,1805,2431344877,16,5000,0.08,0.05,rbf,median,anytime,bonferroni,1,10,False,UNRESOLVED,5000,True,False,True,0.000398124975617975,0.08,0.18209213411654696,True,True,True,False
95a069e44211ec6c9831,adaptive,adaptive_allocation,1806,2483089098,16,5000,0.08,0.05,rbf,median,anytime,bonferroni,1,10,False,UNRESOLVED,5000,True,False,True,0.0003995409933850169,0.08,0.18209213411654696,True,True,True,False
8cfb72788b06bc11b031,adaptive,adaptive_allocation,1807,3430394574,16,5000,0.08,0.05,rbf,median,anytime,bonferroni,1,10,False,UNRESOLVED,5000,True,False,True,0.0003996670129708946,0.08,0.18209213411654696,True,True,True,False
7877d91e424df5755b67,adaptive,adaptive_allocation,1808,3475384730,16,5000,0.08,0.05,rbf,median,anytime,bonferroni,1,10,False,UNRESOLVED,5000,True,False,True,0.00039879203541204333,0.08,0.18209213411654696,True,True,True,False
3fa52232d54abb84dfae,adaptive,adaptive_allocation,1809,2714677968,16,5000,0.08,0.05,rbf,median,anytime,bonferroni,1,10,False,UNRESOLVED,5000,True,False,True,0.00039850000757724047,0.08,0.18209213411654696,True,True,True,False
2216641b45f65d218d2f,adaptive,adaptive_allocation,1810,249938217,16,5000,0.08,0.05,rbf,median,anytime,bonferroni,1,10,False,UNRESOLVED,5000,True,False,True,0.00039895798545330763,0.08,0.18209213411654696,True,True,True,False
9edba4fe89e08f05b5d3,adaptive,adaptive_allocation,1811,3304224004,16,5000,0.08,0.05,rbf,median,anytime,bonferroni,1,10,False,UNRESOLVED,5000,True,False,True,0.0003993749851360917,0.08,0.18209213411654696,True,True,True,False
806c0d23b746d01212a6,adaptive,adaptive_allocation,1812,838319393,16,5000,0.08,0.05,rbf,median,anytime,bonferroni,1,10,False,UNRESOLVED,5000,True,False,True,0.0003987499512732029,0.08,0.18209213411654696,True,True,True,False
d7e228c586a2e3fd925b,adaptive,adaptive_allocation,1813,2584873219,16,5000,0.08,0.05,rbf,median,anytime,bonferroni,1,10,False,UNRESOLVED,5000,True,False,True,0.000398874981328845,0.08,0.18209213411654696,True,True,True,False
23d4ddc9bd5b0bb8a418,adaptive,adaptive_allocation,1814,3290849211,16,5000,0.08,0.05,rbf,median,anytime,bonferroni,1,10,False,UNRESOLVED,5000,True,False,True,0.0004013329744338989,0.08,0.18209213411654696,True,True,True,False
7ba42270a91535293d59,adaptive,adaptive_allocation,1815,2036758517,16,5000,0.08,0.05,rbf,median,anytime,bonferroni,1,10,False,UNRESOLVED,5000,True,False,True,0.00039958296110853553,0.08,0.18209213411654696,True,True,True,False
f63dc8dd95e7f485b807,adaptive,adaptive_allocation,1816,1058656374,16,5000,0.08,0.05,rbf,median,anytime,bonferroni,1,10,False,UNRESOLVED,5000,True,False,True,0.0003998749889433384,0.08,0.18209213411654696,True,True,True,False
d55ed746130d719d1d50,adaptive,adaptive_allocation,1817,3218220093,16,5000,0.08,0.05,rbf,median,anytime,bonferroni,1,10,False,UNRESOLVED,5000,True,False,True,0.0003988330136053264,0.08,0.18209213411654696,True,True,True,False
30f34ef55c3cd5f3fdce,adaptive,adaptive_allocation,1818,3972480876,16,5000,0.08,0.05,rbf,median,anytime,bonferroni,1,10,False,UNRESOLVED,5000,True,False,True,0.00039733300218358636,0.08,0.18209213411654696,True,True,True,False
955395a6c712a559a0de,adaptive,adaptive_allocation,1819,4011577177,16,5000,0.08,0.05,rbf,median,anytime,bonferroni,1,10,False,UNRESOLVED,5000,True,False,True,0.00039895804366096854,0.08,0.18209213411654696,True,True,True,False
41ccdbe948d995e88e49,adaptive,adaptive_allocation,1820,1003230638,16,5000,0.08,0.05,rbf,median,anytime,bonferroni,1,10,False,UNRESOLVED,5000,True,False,True,0.00039787497371435165,0.08,0.18209213411654696,True,True,True,False
3df7826e584633c6abee,adaptive,adaptive_allocation,1821,2113775920,16,5000,0.08,0.05,rbf,median,anytime,bonferroni,1,10,False,UNRESOLVED,5000,True,False,True,0.0003981250338256359,0.08,0.18209213411654696,True,True,True,False
fc32799d49662c4afea0,adaptive,adaptive_allocation,1822,2030188632,16,5000,0.08,0.05,rbf,median,anytime,bonferroni,1,10,False,UNRESOLVED,5000,True,False,True,0.00039900001138448715,0.08,0.18209213411654696,True,True,True,False
af90d1695830a8ef4d51,adaptive,adaptive_allocation,1823,2063331920,16,5000,0.08,0.05,rbf,median,anytime,bonferroni,1,10,False,UNRESOLVED,5000,True,False,True,0.0004006660310551524,0.08,0.18209213411654696,True,True,True,False
f555efdfcc42d623064d,adaptive,adaptive_allocation,1824,1392050418,16,5000,0.08,0.05,rbf,median,anytime,bonferroni,1,10,False,UNRESOLVED,5000,True,False,True,0.0003664999967440963,0.08,0.18209213411654696,True,True,True,False
06af8ec85b9206148e14,adaptive,adaptive_allocation,1825,3154912079,16,5000,0.08,0.05,rbf,median,anytime,bonferroni,1,10,False,UNRESOLVED,5000,True,False,True,0.00034454104024916887,0.08,0.18209213411654696,True,True,True,False
8285c93878fef9dd34bf,adaptive,adaptive_allocation,1826,804255460,16,5000,0.08,0.05,rbf,median,anytime,bonferroni,1,10,False,UNRESOLVED,5000,True,False,True,0.0003441250300966203,0.08,0.18209213411654696,True,True,True,False
491aa83539f041366a4b,adaptive,adaptive_allocation,1827,3991918933,16,5000,0.08,0.05,rbf,median,anytime,bonferroni,1,10,False,UNRESOLVED,5000,True,False,True,0.0003429169883020222,0.08,0.18209213411654696,True,True,True,False
8c07bf58ec7e7b7d9f45,adaptive,adaptive_allocation,1828,1376247022,16,5000,0.08,0.05,rbf,median,anytime,bonferroni,1,10,False,UNRESOLVED,5000,True,False,True,0.0003462090389803052,0.08,0.18209213411654696,True,True,True,False
079569313da6d15663de,adaptive,adaptive_allocation,1829,1712500609,16,5000,0.08,0.05,rbf,median,anytime,bonferroni,1,10,False,UNRESOLVED,5000,True,False,True,0.00034550001146271825,0.08,0.18209213411654696,True,True,True,False
e151ce8238efffe40653,adaptive,adaptive_allocation,1830,3020170763,16,5000,0.08,0.05,rbf,median,anytime,bonferroni,1,10,False,UNRESOLVED,5000,True,False,True,0.00034312496427446604,0.08,0.18209213411654696,True,True,True,False
a1ee76a02891f1edccdc,adaptive,adaptive_allocation,1831,3649220150,16,5000,0.08,0.05,rbf,median,anytime,bonferroni,1,10,False,UNRESOLVED,5000,True,False,True,0.00034324999433010817,0.08,0.18209213411654696,True,True,True,False
739d8b5de0176d865f8e,adaptive,adaptive_allocation,1832,2165127737,16,5000,0.08,0.05,rbf,median,anytime,bonferroni,1,10,False,UNRESOLVED,5000,True,False,True,0.00034529203549027443,0.08,0.18209213411654696,True,True,True,False
c6ad9fea7f7fdcfdbf4e,adaptive,adaptive_allocation,1833,639351980,16,5000,0.08,0.05,rbf,median,anytime,bonferroni,1,10,False,UNRESOLVED,5000,True,False,True,0.0003435419639572501,0.08,0.18209213411654696,True,True,True,False
39c9b5e63b5233259250,adaptive,adaptive_allocation,1834,2965958282,16,5000,0.08,0.05,rbf,median,anytime,bonferroni,1,10,False,UNRESOLVED,5000,True,False,True,0.0003442080342210829,0.08,0.18209213411654696,True,True,True,False
dea6601c4e9a2a701a27,adaptive,adaptive_allocation,1835,182189587,16,5000,0.08,0.05,rbf,median,anytime,bonferroni,1,10,False,UNRESOLVED,5000,True,False,True,0.0003448330098763108,0.08,0.18209213411654696,True,True,True,False
df157a32d1128913ba58,adaptive,adaptive_allocation,1836,4053396963,16,5000,0.08,0.05,rbf,median,anytime,bonferroni,1,10,False,UNRESOLVED,5000,True,False,True,0.0003440839936956763,0.08,0.18209213411654696,True,True,True,False
877885a9a6671418c93c,adaptive,adaptive_allocation,1837,3554754515,16,5000,0.08,0.05,rbf,median,anytime,bonferroni,1,10,False,UNRESOLVED,5000,True,False,True,0.0003436249680817127,0.08,0.18209213411654696,True,True,True,False
e10b58ae33be998b69d5,adaptive,adaptive_allocation,1838,2634192976,16,5000,0.08,0.05,rbf,median,anytime,bonferroni,1,10,False,UNRESOLVED,5000,True,False,True,0.0003434999962337315,0.08,0.18209213411654696,True,True,True,False
aee1e617b497b48e7e50,adaptive,adaptive_allocation,1839,1681949517,16,5000,0.08,0.05,rbf,median,anytime,bonferroni,1,10,False,UNRESOLVED,5000,True,False,True,0.00034491601400077343,0.08,0.18209213411654696,True,True,True,False
b33f0d3689624c83cf63,adaptive,adaptive_allocation,1840,3619722659,16,5000,0.08,0.05,rbf,median,anytime,bonferroni,1,10,False,UNRESOLVED,5000,True,False,True,0.000345667009241879,0.08,0.18209213411654696,True,True,True,False
d61a200745ee1399256a,adaptive,adaptive_allocation,1841,2429201309,16,5000,0.08,0.05,rbf,median,anytime,bonferroni,1,10,False,UNRESOLVED,5000,True,False,True,0.0003427919582463801,0.08,0.18209213411654696,True,True,True,False
37e4203ebacce94b808a,adaptive,adaptive_allocation,1842,1907733726,16,5000,0.08,0.05,rbf,median,anytime,bonferroni,1,10,False,UNRESOLVED,5000,True,False,True,0.0003451670054346323,0.08,0.18209213411654696,True,True,True,False
8708c4b5d59ab8d97fdb,adaptive,adaptive_allocation,1843,1396648110,16,5000,0.08,0.05,rbf,median,anytime,bonferroni,1,10,False,UNRESOLVED,5000,True,False,True,0.00034262496046721935,0.08,0.18209213411654696,True,True,True,False
fa4789932f6c895f17b0,adaptive,adaptive_allocation,1844,2565957197,16,5000,0.08,0.05,rbf,median,anytime,bonferroni,1,10,False,UNRESOLVED,5000,True,False,True,0.00034270802279934287,0.08,0.18209213411654696,True,True,True,False
6ce6290e44d22c14105d,adaptive,adaptive_allocation,1845,2206482156,16,5000,0.08,0.05,rbf,median,anytime,bonferroni,1,10,False,UNRESOLVED,5000,True,False,True,0.00034491700353100896,0.08,0.18209213411654696,True,True,True,False
a789fcec7926eb46c705,adaptive,adaptive_allocation,1846,3903856689,16,5000,0.08,0.05,rbf,median,anytime,bonferroni,1,10,False,UNRESOLVED,5000,True,False,True,0.0003452500095590949,0.08,0.18209213411654696,True,True,True,False
1f81af88120342d250d9,adaptive,adaptive_allocation,1847,869745663,16,5000,0.08,0.05,rbf,median,anytime,bonferroni,1,10,False,UNRESOLVED,5000,True,False,True,0.0003448329516686499,0.08,0.18209213411654696,True,True,True,False
0601ebdbc33095b8afa5,adaptive,adaptive_allocation,1848,1018594508,16,5000,0.08,0.05,rbf,median,anytime,bonferroni,1,10,False,UNRESOLVED,5000,True,False,True,0.0003447500057518482,0.08,0.18209213411654696,True,True,True,False
7b23c138c2a4f94baf45,adaptive,adaptive_allocation,1849,259025293,16,5000,0.08,0.05,rbf,median,anytime,bonferroni,1,10,False,UNRESOLVED,5000,True,False,True,0.00034487497759982944,0.08,0.18209213411654696,True,True,True,False
2d994e37a70dd82793e5,adaptive,adaptive_allocation,1850,249512204,16,5000,0.08,0.05,rbf,median,anytime,bonferroni,1,10,False,UNRESOLVED,5000,True,False,True,0.0003426669863983989,0.08,0.18209213411654696,True,True,True,False
bcf0b4c3f9f1f7d48169,adaptive,adaptive_allocation,1851,2365570435,16,5000,0.08,0.05,rbf,median,anytime,bonferroni,1,10,False,UNRESOLVED,5000,True,False,True,0.000343875028192997,0.08,0.18209213411654696,True,True,True,False
dd8b74896d0559cf7ddc,adaptive,adaptive_allocation,1852,2528682749,16,5000,0.08,0.05,rbf,median,anytime,bonferroni,1,10,False,UNRESOLVED,5000,True,False,True,0.0003429159987717867,0.08,0.18209213411654696,True,True,True,False
efe3abe4678c4559c762,adaptive,adaptive_allocation,1853,2920810449,16,5000,0.08,0.05,rbf,median,anytime,bonferroni,1,10,False,UNRESOLVED,5000,True,False,True,0.00034654198680073023,0.08,0.18209213411654696,True,True,True,False
c96b488c190f0544626c,adaptive,adaptive_allocation,1854,3842721554,16,5000,0.08,0.05,rbf,median,anytime,bonferroni,1,10,False,UNRESOLVED,5000,True,False,True,0.0003427499905228615,0.08,0.18209213411654696,True,True,True,False
fded46c7aea7341d68ef,adaptive,adaptive_allocation,1855,83981096,16,5000,0.08,0.05,rbf,median,anytime,bonferroni,1,10,False,UNRESOLVED,5000,True,False,True,0.00034425000194460154,0.08,0.18209213411654696,True,True,True,False
6e4e8b7df5018e29b255,adaptive,adaptive_allocation,1856,2703862093,16,5000,0.08,0.05,rbf,median,anytime,bonferroni,1,10,False,UNRESOLVED,5000,True,False,True,0.00034775002859532833,0.08,0.18209213411654696,True,True,True,False
55ce452b3579f3eb3858,adaptive,adaptive_allocation,1857,2538492386,16,5000,0.08,0.05,rbf,median,anytime,bonferroni,1,10,False,UNRESOLVED,5000,True,False,True,0.00037883297773078084,0.08,0.18209213411654696,True,True,True,False
423571c95dd1a0a135f1,adaptive,adaptive_allocation,1858,3283587666,16,5000,0.08,0.05,rbf,median,anytime,bonferroni,1,10,False,UNRESOLVED,5000,True,False,True,0.0003987500094808638,0.08,0.18209213411654696,True,True,True,False
10a5861f0982562c18f4,adaptive,adaptive_allocation,1859,2273432123,16,5000,0.08,0.05,rbf,median,anytime,bonferroni,1,10,False,UNRESOLVED,5000,True,False,True,0.0004016670281998813,0.08,0.18209213411654696,True,True,True,False
81c1f610a285b3fa87ee,adaptive,adaptive_allocation,1860,4283821681,16,5000,0.08,0.05,rbf,median,anytime,bonferroni,1,10,False,UNRESOLVED,5000,True,False,True,0.00039962498703971505,0.08,0.18209213411654696,True,True,True,False
36f93a29ab187ff9e2b7,adaptive,adaptive_allocation,1861,2019512537,16,5000,0.08,0.05,rbf,median,anytime,bonferroni,1,10,False,UNRESOLVED,5000,True,False,True,0.0003991670091636479,0.08,0.18209213411654696,True,True,True,False
49e7d96fd0c180a8a2de,adaptive,adaptive_allocation,1862,2846839046,16,5000,0.08,0.05,rbf,median,anytime,bonferroni,1,10,False,UNRESOLVED,5000,True,False,True,0.0004011249984614551,0.08,0.18209213411654696,True,True,True,False
58eda8ea639368cbcf13,adaptive,adaptive_allocation,1863,4019078770,16,5000,0.08,0.05,rbf,median,anytime,bonferroni,1,10,False,UNRESOLVED,5000,True,False,True,0.0003998749889433384,0.08,0.18209213411654696,True,True,True,False
aeffd214600cf279bd73,adaptive,adaptive_allocation,1864,3468546599,16,5000,0.08,0.05,rbf,median,anytime,bonferroni,1,10,False,UNRESOLVED,5000,True,False,True,0.00041395798325538635,0.08,0.18209213411654696,True,True,True,False
24f60ca81fd5e04f6eca,adaptive,adaptive_allocation,1865,3446647074,16,5000,0.08,0.05,rbf,median,anytime,bonferroni,1,10,False,UNRESOLVED,5000,True,False,True,0.000400707998778671,0.08,0.18209213411654696,True,True,True,False
de7670a2b9994d175ff1,adaptive,adaptive_allocation,1866,3069215203,16,5000,0.08,0.05,rbf,median,anytime,bonferroni,1,10,False,UNRESOLVED,5000,True,False,True,0.00039908301550894976,0.08,0.18209213411654696,True,True,True,False
a7dfd24488e43e893094,adaptive,adaptive_allocation,1867,1449602671,16,5000,0.08,0.05,rbf,median,anytime,bonferroni,1,10,False,UNRESOLVED,5000,True,False,True,0.0003999159671366215,0.08,0.18209213411654696,True,True,True,False
6dd1f56f6da839dba1b2,adaptive,adaptive_allocation,1868,3846973108,16,5000,0.08,0.05,rbf,median,anytime,bonferroni,1,10,False,UNRESOLVED,5000,True,False,True,0.00039900001138448715,0.08,0.18209213411654696,True,True,True,False
0b3e8f921bdce6b3cb00,adaptive,adaptive_allocation,1869,402351715,16,5000,0.08,0.05,rbf,median,anytime,bonferroni,1,10,False,UNRESOLVED,5000,True,False,True,0.00039983296301215887,0.08,0.18209213411654696,True,True,True,False
f3b6bb6af4df1cbfc610,adaptive,adaptive_allocation,1870,537801168,16,5000,0.08,0.05,rbf,median,anytime,bonferroni,1,10,False,UNRESOLVED,5000,True,False,True,0.0003997089806944132,0.08,0.18209213411654696,True,True,True,False
e6698ea78d360f8611c5,adaptive,adaptive_allocation,1871,3441292712,16,5000,0.08,0.05,rbf,median,anytime,bonferroni,1,10,False,UNRESOLVED,5000,True,False,True,0.00039845798164606094,0.08,0.18209213411654696,True,True,True,False
162f96f4ae2b3068eee8,adaptive,adaptive_allocation,1872,3779294219,16,5000,0.08,0.05,rbf,median,anytime,bonferroni,1,10,False,UNRESOLVED,5000,True,False,True,0.0005574580281972885,0.08,0.18209213411654696,True,True,True,False
74cc03f0e9e33c40a6d7,adaptive,adaptive_allocation,1873,1828982965,16,5000,0.08,0.05,rbf,median,anytime,bonferroni,1,10,False,UNRESOLVED,5000,True,False,True,0.0004860000335611403,0.08,0.18209213411654696,True,True,True,False
c9c27ccb1417b415cdd6,adaptive,adaptive_allocation,1874,1718467847,16,5000,0.08,0.05,rbf,median,anytime,bonferroni,1,10,False,UNRESOLVED,5000,True,False,True,0.0004764170153066516,0.08,0.18209213411654696,True,True,True,False
14ac56749c676b7564ef,adaptive,adaptive_allocation,1875,3282813610,16,5000,0.08,0.05,rbf,median,anytime,bonferroni,1,10,False,UNRESOLVED,5000,True,False,True,0.0004932080046273768,0.08,0.18209213411654696,True,True,True,False
d78b376ffe5332213690,adaptive,adaptive_allocation,1876,3078635337,16,5000,0.08,0.05,rbf,median,anytime,bonferroni,1,10,False,UNRESOLVED,5000,True,False,True,0.0004906249814666808,0.08,0.18209213411654696,True,True,True,False
5591bf69089479db2c7e,adaptive,adaptive_allocation,1877,1668293228,16,5000,0.08,0.05,rbf,median,anytime,bonferroni,1,10,False,UNRESOLVED,5000,True,False,True,0.0004736669943667948,0.08,0.18209213411654696,True,True,True,False
65d5f2d83e7e08f1c74e,adaptive,adaptive_allocation,1878,1364694207,16,5000,0.08,0.05,rbf,median,anytime,bonferroni,1,10,False,UNRESOLVED,5000,True,False,True,0.0004729580250568688,0.08,0.18209213411654696,True,True,True,False
09518661761180179536,adaptive,adaptive_allocation,1879,3064936687,16,5000,0.08,0.05,rbf,median,anytime,bonferroni,1,10,False,UNRESOLVED,5000,True,False,True,0.0004741669981740415,0.08,0.18209213411654696,True,True,True,False
0d4e6a4fbdcef49c1edb,adaptive,adaptive_allocation,1880,3495502393,16,5000,0.08,0.05,rbf,median,anytime,bonferroni,1,10,False,UNRESOLVED,5000,True,False,True,0.0004731249646283686,0.08,0.18209213411654696,True,True,True,False
85f73ae0d2a8c031e399,adaptive,adaptive_allocation,1881,2912212237,16,5000,0.08,0.05,rbf,median,anytime,bonferroni,1,10,False,UNRESOLVED,5000,True,False,True,0.0004820409812964499,0.08,0.18209213411654696,True,True,True,False
e13086141849677c5530,adaptive,adaptive_allocation,1882,1804271653,16,5000,0.08,0.05,rbf,median,anytime,bonferroni,1,10,False,UNRESOLVED,5000,True,False,True,0.0004793750122189522,0.08,0.18209213411654696,True,True,True,False
8eb1b0794238c6018ffb,adaptive,adaptive_allocation,1883,2477179607,16,5000,0.08,0.05,rbf,median,anytime,bonferroni,1,10,False,UNRESOLVED,5000,True,False,True,0.0005046669975854456,0.08,0.18209213411654696,True,True,True,False
f65c4ad67378a025815c,adaptive,adaptive_allocation,1884,464284436,16,5000,0.08,0.05,rbf,median,anytime,bonferroni,1,10,False,UNRESOLVED,5000,True,False,True,0.0005010419990867376,0.08,0.18209213411654696,True,True,True,False
f6790e607be4bedc27c2,adaptive,adaptive_allocation,1885,3317333804,16,5000,0.08,0.05,rbf,median,anytime,bonferroni,1,10,False,UNRESOLVED,5000,True,False,True,0.0005063749849796295,0.08,0.18209213411654696,True,True,True,False
7d3a1c057abb28957336,adaptive,adaptive_allocation,1886,1915921809,16,5000,0.08,0.05,rbf,median,anytime,bonferroni,1,10,False,UNRESOLVED,5000,True,False,True,0.00047750002704560757,0.08,0.18209213411654696,True,True,True,False
ef5a4c1bcde1c065f216,adaptive,adaptive_allocation,1887,2834482732,16,5000,0.08,0.05,rbf,median,anytime,bonferroni,1,10,False,UNRESOLVED,5000,True,False,True,0.0004712500376626849,0.08,0.18209213411654696,True,True,True,False
5251a3cbc43bc1243b59,adaptive,adaptive_allocation,1888,2049001183,16,5000,0.08,0.05,rbf,median,anytime,bonferroni,1,10,False,UNRESOLVED,5000,True,False,True,0.00047041603829711676,0.08,0.18209213411654696,True,True,True,False
779eccb261a3f7454b49,adaptive,adaptive_allocation,1889,2018142944,16,5000,0.08,0.05,rbf,median,anytime,bonferroni,1,10,False,UNRESOLVED,5000,True,False,True,0.000471249979455024,0.08,0.18209213411654696,True,True,True,False
10eb7e6ad7b44091333c,adaptive,adaptive_allocation,1890,312526613,16,5000,0.08,0.05,rbf,median,anytime,bonferroni,1,10,False,UNRESOLVED,5000,True,False,True,0.0004706250037997961,0.08,0.18209213411654696,True,True,True,False
5bd19ddf3ab087a236f6,adaptive,adaptive_allocation,1891,1201206104,16,5000,0.08,0.05,rbf,median,anytime,bonferroni,1,10,False,UNRESOLVED,5000,True,False,True,0.00046500004827976227,0.08,0.18209213411654696,True,True,True,False
512c58ecd1a623a97955,adaptive,adaptive_allocation,1892,234791246,16,5000,0.08,0.05,rbf,median,anytime,bonferroni,1,10,False,UNRESOLVED,5000,True,False,True,0.0004209160106256604,0.08,0.18209213411654696,True,True,True,False
8d23e269c27cdb0cc876,adaptive,adaptive_allocation,1893,4228605922,16,5000,0.08,0.05,rbf,median,anytime,bonferroni,1,10,False,UNRESOLVED,5000,True,False,True,0.0004059170023538172,0.08,0.18209213411654696,True,True,True,False
3c1b1860a96a68779be7,adaptive,adaptive_allocation,1894,370809104,16,5000,0.08,0.05,rbf,median,anytime,bonferroni,1,10,False,UNRESOLVED,5000,True,False,True,0.00040333298966288567,0.08,0.18209213411654696,True,True,True,False
8339b67c6839574d5c61,adaptive,adaptive_allocation,1895,4240897634,16,5000,0.08,0.05,rbf,median,anytime,bonferroni,1,10,False,UNRESOLVED,5000,True,False,True,0.0004015000304207206,0.08,0.18209213411654696,True,True,True,False
cf56b7b88c069a654f68,adaptive,adaptive_allocation,1896,4265719136,16,5000,0.08,0.05,rbf,median,anytime,bonferroni,1,10,False,UNRESOLVED,5000,True,False,True,0.0004029169795103371,0.08,0.18209213411654696,True,True,True,False
6cfb25defb70e5885c49,adaptive,adaptive_allocation,1897,684356050,16,5000,0.08,0.05,rbf,median,anytime,bonferroni,1,10,False,UNRESOLVED,5000,True,False,True,0.0003999170148745179,0.08,0.18209213411654696,True,True,True,False
cd3d49448ea57d9e193a,adaptive,adaptive_allocation,1898,1087096279,16,5000,0.08,0.05,rbf,median,anytime,bonferroni,1,10,False,UNRESOLVED,5000,True,False,True,0.0004002919886261225,0.08,0.18209213411654696,True,True,True,False
59f33248f0589cd054bc,adaptive,adaptive_allocation,1899,4265433043,16,5000,0.08,0.05,rbf,median,anytime,bonferroni,1,10,False,UNRESOLVED,5000,True,False,True,0.00040187500417232513,0.08,0.18209213411654696,True,True,True,False
9fe60c77f42b67a171ad,adaptive,adaptive_allocation,1900,105510885,16,5000,0.08,0.05,rbf,median,anytime,bonferroni,1,10,False,UNRESOLVED,5000,True,False,True,0.00040962500497698784,0.08,0.18209213411654696,True,True,True,False
a2d80006da0337d3f5d8,adaptive,adaptive_allocation,1901,2547387417,16,5000,0.08,0.05,rbf,median,anytime,bonferroni,1,10,False,UNRESOLVED,5000,True,False,True,0.00039962498703971505,0.08,0.18209213411654696,True,True,True,False
25fc3d694da4c46938f8,adaptive,adaptive_allocation,1902,145065169,16,5000,0.08,0.05,rbf,median,anytime,bonferroni,1,10,False,UNRESOLVED,5000,True,False,True,0.0004004579968750477,0.08,0.18209213411654696,True,True,True,False
f38c671f79f301fbd3fa,adaptive,adaptive_allocation,1903,1034223205,16,5000,0.08,0.05,rbf,median,anytime,bonferroni,1,10,False,UNRESOLVED,5000,True,False,True,0.0003987079835496843,0.08,0.18209213411654696,True,True,True,False
1c18d22cb4b7d1467388,adaptive,adaptive_allocation,1904,3233160271,16,5000,0.08,0.05,rbf,median,anytime,bonferroni,1,10,False,UNRESOLVED,5000,True,False,True,0.00040445802733302116,0.08,0.18209213411654696,True,True,True,False
50c1c9c6a8dd6f57c9a4,adaptive,adaptive_allocation,1905,1936652953,16,5000,0.08,0.05,rbf,median,anytime,bonferroni,1,10,False,UNRESOLVED,5000,True,False,True,0.00040075002470985055,0.08,0.18209213411654696,True,True,True,False
d5b89618839fba7effff,adaptive,adaptive_allocation,1906,3738592411,16,5000,0.08,0.05,rbf,median,anytime,bonferroni,1,10,False,UNRESOLVED,5000,True,False,True,0.0004020840278826654,0.08,0.18209213411654696,True,True,True,False
eb634164e15542274fd2,adaptive,adaptive_allocation,1907,3835761362,16,5000,0.08,0.05,rbf,median,anytime,bonferroni,1,10,False,UNRESOLVED,5000,True,False,True,0.000402167032007128,0.08,0.18209213411654696,True,True,True,False
fce110ddffc244f61644,adaptive,adaptive_allocation,1908,2439859151,16,5000,0.08,0.05,rbf,median,anytime,bonferroni,1,10,False,UNRESOLVED,5000,True,False,True,0.0004040419589728117,0.08,0.18209213411654696,True,True,True,False
7fb572ec469be2fc4015,adaptive,adaptive_allocation,1909,4129359750,16,5000,0.08,0.05,rbf,median,anytime,bonferroni,1,10,False,UNRESOLVED,5000,True,False,True,0.00036916701355949044,0.08,0.18209213411654696,True,True,True,False
1757885f20492e5e6b9a,adaptive,adaptive_allocation,1910,1676798109,16,5000,0.08,0.05,rbf,median,anytime,bonferroni,1,10,False,UNRESOLVED,5000,True,False,True,0.00034324999433010817,0.08,0.18209213411654696,True,True,True,False
813b3074990bc352b1e4,adaptive,adaptive_allocation,1911,257051076,16,5000,0.08,0.05,rbf,median,anytime,bonferroni,1,10,False,UNRESOLVED,5000,True,False,True,0.0003435830003581941,0.08,0.18209213411654696,True,True,True,False
d84b0389e5ed00fbec53,adaptive,adaptive_allocation,1912,1766717231,16,5000,0.08,0.05,rbf,median,anytime,bonferroni,1,10,False,UNRESOLVED,5000,True,False,True,0.0003463330212980509,0.08,0.18209213411654696,True,True,True,False
1e89ea6ab1286c67c255,adaptive,adaptive_allocation,1913,3840500087,16,5000,0.08,0.05,rbf,median,anytime,bonferroni,1,10,False,UNRESOLVED,5000,True,False,True,0.00034316699020564556,0.08,0.18209213411654696,True,True,True,False
c6dff452ce1b66668037,adaptive,adaptive_allocation,1914,2793247385,16,5000,0.08,0.05,rbf,median,anytime,bonferroni,1,10,False,UNRESOLVED,5000,True,False,True,0.0003440000000409782,0.08,0.18209213411654696,True,True,True,False
e9ce5a429bd37b3f97ca,adaptive,adaptive_allocation,1915,3517355462,16,5000,0.08,0.05,rbf,median,anytime,bonferroni,1,10,False,UNRESOLVED,5000,True,False,True,0.0003462919848971069,0.08,0.18209213411654696,True,True,True,False
743c5618824ae39b8262,adaptive,adaptive_allocation,1916,193786130,16,5000,0.08,0.05,rbf,median,anytime,bonferroni,1,10,False,UNRESOLVED,5000,True,False,True,0.0003464999608695507,0.08,0.18209213411654696,True,True,True,False
31105c8cfc5153573c0e,adaptive,adaptive_allocation,1917,2293397833,16,5000,0.08,0.05,rbf,median,anytime,bonferroni,1,10,False,UNRESOLVED,5000,True,False,True,0.00034479197347536683,0.08,0.18209213411654696,True,True,True,False
6168dcdc763526867d2d,adaptive,adaptive_allocation,1918,1964534732,16,5000,0.08,0.05,rbf,median,anytime,bonferroni,1,10,False,UNRESOLVED,5000,True,False,True,0.0003459160216152668,0.08,0.18209213411654696,True,True,True,False
af4f26c046032676d5bf,adaptive,adaptive_allocation,1919,3408786500,16,5000,0.08,0.05,rbf,median,anytime,bonferroni,1,10,False,UNRESOLVED,5000,True,False,True,0.0003439169959165156,0.08,0.18209213411654696,True,True,True,False
fbbfab9d39382c7eb9c1,adaptive,adaptive_allocation,1920,2720118169,16,5000,0.08,0.05,rbf,median,anytime,bonferroni,1,10,False,UNRESOLVED,5000,True,False,True,0.0003469579969532788,0.08,0.18209213411654696,True,True,True,False
cd5abbceb9bad8ee5cc1,adaptive,adaptive_allocation,1921,1934137394,16,5000,0.08,0.05,rbf,median,anytime,bonferroni,1,10,False,UNRESOLVED,5000,True,False,True,0.0003429580247029662,0.08,0.18209213411654696,True,True,True,False
4ec1a920df858cb2560e,adaptive,adaptive_allocation,1922,2875457967,16,5000,0.08,0.05,rbf,median,anytime,bonferroni,1,10,False,UNRESOLVED,5000,True,False,True,0.0003434999962337315,0.08,0.18209213411654696,True,True,True,False
632d033ef8a574aca111,adaptive,adaptive_allocation,1923,3016171120,16,5000,0.08,0.05,rbf,median,anytime,bonferroni,1,10,False,UNRESOLVED,5000,True,False,True,0.000342792016454041,0.08,0.18209213411654696,True,True,True,False
4b9a55a65792176e914c,adaptive,adaptive_allocation,1924,1713142937,16,5000,0.08,0.05,rbf,median,anytime,bonferroni,1,10,False,UNRESOLVED,5000,True,False,True,0.0003471660311333835,0.08,0.18209213411654696,True,True,True,False
6767c9b63d9236b661ec,adaptive,adaptive_allocation,1925,382991434,16,5000,0.08,0.05,rbf,median,anytime,bonferroni,1,10,False,UNRESOLVED,5000,True,False,True,0.00034258299274370074,0.08,0.18209213411654696,True,True,True,False
3a30f86e76cdb14bc371,adaptive,adaptive_allocation,1926,3695269873,16,5000,0.08,0.05,rbf,median,anytime,bonferroni,1,10,False,UNRESOLVED,5000,True,False,True,0.00034379097633063793,0.08,0.18209213411654696,True,True,True,False
66f8432a4f84f9c216b2,adaptive,adaptive_allocation,1927,69766818,16,5000,0.08,0.05,rbf,median,anytime,bonferroni,1,10,False,UNRESOLVED,5000,True,False,True,0.00034425000194460154,0.08,0.18209213411654696,True,True,True,False
61c59cf3a32f6b455249,adaptive,adaptive_allocation,1928,1328621862,16,5000,0.08,0.05,rbf,median,anytime,bonferroni,1,10,False,UNRESOLVED,5000,True,False,True,0.0003470830270089209,0.08,0.18209213411654696,True,True,True,False
8a2fd7eae861ef9f69c6,adaptive,adaptive_allocation,1929,4150400830,16,5000,0.08,0.05,rbf,median,anytime,bonferroni,1,10,False,UNRESOLVED,5000,True,False,True,0.00034425000194460154,0.08,0.18209213411654696,True,True,True,False
4b4260fbb1876d750392,adaptive,adaptive_allocation,1930,3232756852,16,5000,0.08,0.05,rbf,median,anytime,bonferroni,1,10,False,UNRESOLVED,5000,True,False,True,0.0003433749661780894,0.08,0.18209213411654696,True,True,True,False
7f6e281a1414de7aff3a,adaptive,adaptive_allocation,1931,3556791542,16,5000,0.08,0.05,rbf,median,anytime,bonferroni,1,10,False,UNRESOLVED,5000,True,False,True,0.0003436660044826567,0.08,0.18209213411654696,True,True,True,False
6d832b780563405d4ea7,adaptive,adaptive_allocation,1932,473527845,16,5000,0.08,0.05,rbf,median,anytime,bonferroni,1,10,False,UNRESOLVED,5000,True,False,True,0.00034666701685637236,0.08,0.18209213411654696,True,True,True,False
ec3f24bb48e47bfe9c8f,adaptive,adaptive_allocation,1933,2135180413,16,5000,0.08,0.05,rbf,median,anytime,bonferroni,1,10,False,UNRESOLVED,5000,True,False,True,0.0003439169959165156,0.08,0.18209213411654696,True,True,True,False
748ab67cdc9839c73671,adaptive,adaptive_allocation,1934,841948986,16,5000,0.08,0.05,rbf,median,anytime,bonferroni,1,10,False,UNRESOLVED,5000,True,False,True,0.00034429202787578106,0.08,0.18209213411654696,True,True,True,False
c5c49d4a4439cbabfa01,adaptive,adaptive_allocation,1935,3980629929,16,5000,0.08,0.05,rbf,median,anytime,bonferroni,1,10,False,UNRESOLVED,5000,True,False,True,0.00034324999433010817,0.08,0.18209213411654696,True,True,True,False
a472ee8a39e90a7b8090,adaptive,adaptive_allocation,1936,2266088589,16,5000,0.08,0.05,rbf,median,anytime,bonferroni,1,10,False,UNRESOLVED,5000,True,False,True,0.0003463749890215695,0.08,0.18209213411654696,True,True,True,False
277d1d2e3b2b070ef7c1,adaptive,adaptive_allocation,1937,1333199805,16,5000,0.08,0.05,rbf,median,anytime,bonferroni,1,10,False,UNRESOLVED,5000,True,False,True,0.000344207976013422,0.08,0.18209213411654696,True,True,True,False
a4d2b6139115eb5c5aa7,adaptive,adaptive_allocation,1938,753224590,16,5000,0.08,0.05,rbf,median,anytime,bonferroni,1,10,False,UNRESOLVED,5000,True,False,True,0.0003452500095590949,0.08,0.18209213411654696,True,True,True,False
993494b4a44a222fad91,adaptive,adaptive_allocation,1939,2441099611,16,5000,0.08,0.05,rbf,median,anytime,bonferroni,1,10,False,UNRESOLVED,5000,True,False,True,0.00034374999813735485,0.08,0.18209213411654696,True,True,True,False
dcbbccdcab478ebfc360,adaptive,adaptive_allocation,1940,1065108598,16,5000,0.08,0.05,rbf,median,anytime,bonferroni,1,10,False,UNRESOLVED,5000,True,False,True,0.0003476669662632048,0.08,0.18209213411654696,True,True,True,False
6a05b9054a443c25666f,adaptive,adaptive_allocation,1941,3106315689,16,5000,0.08,0.05,rbf,median,anytime,bonferroni,1,10,False,UNRESOLVED,5000,True,False,True,0.00036045798333361745,0.08,0.18209213411654696,True,True,True,False
178443c85c1197a5c39f,adaptive,adaptive_allocation,1942,969893105,16,5000,0.08,0.05,rbf,median,anytime,bonferroni,1,10,False,UNRESOLVED,5000,True,False,True,0.0003980419714935124,0.08,0.18209213411654696,True,True,True,False
ec16d6924585220d9ca9,adaptive,adaptive_allocation,1943,3362030267,16,5000,0.08,0.05,rbf,median,anytime,bonferroni,1,10,False,UNRESOLVED,5000,True,False,True,0.00040358398109674454,0.08,0.18209213411654696,True,True,True,False
50c810be87f433a53362,adaptive,adaptive_allocation,1944,3496840047,16,5000,0.08,0.05,rbf,median,anytime,bonferroni,1,10,False,UNRESOLVED,5000,True,False,True,0.0004012080025859177,0.08,0.18209213411654696,True,True,True,False
2c3a7155f4a7c1f678e9,adaptive,adaptive_allocation,1945,952037061,16,5000,0.08,0.05,rbf,median,anytime,bonferroni,1,10,False,UNRESOLVED,5000,True,False,True,0.0004006249946542084,0.08,0.18209213411654696,True,True,True,False
041218abfb574d7dd0c3,adaptive,adaptive_allocation,1946,2263946441,16,5000,0.08,0.05,rbf,median,anytime,bonferroni,1,10,False,UNRESOLVED,5000,True,False,True,0.0004009170224890113,0.08,0.18209213411654696,True,True,True,False
73574227f8c54f33621e,adaptive,adaptive_allocation,1947,2081491840,16,5000,0.08,0.05,rbf,median,anytime,bonferroni,1,10,False,UNRESOLVED,5000,True,False,True,0.0004010419943369925,0.08,0.18209213411654696,True,True,True,False
35e641c4ba3ab4e9f8e6,adaptive,adaptive_allocation,1948,2520664301,16,5000,0.08,0.05,rbf,median,anytime,bonferroni,1,10,False,UNRESOLVED,5000,True,False,True,0.0004047499969601631,0.08,0.18209213411654696,True,True,True,False
e8b1b345ab82143c64ab,adaptive,adaptive_allocation,1949,2627263406,16,5000,0.08,0.05,rbf,median,anytime,bonferroni,1,10,False,UNRESOLVED,5000,True,False,True,0.00040179200004786253,0.08,0.18209213411654696,True,True,True,False
504ca4871a38ef8d819d,adaptive,adaptive_allocation,1950,1520860858,16,5000,0.08,0.05,rbf,median,anytime,bonferroni,1,10,False,UNRESOLVED,5000,True,False,True,0.00040087499655783176,0.08,0.18209213411654696,True,True,True,False
86eb4d84ff3b9ddc2595,adaptive,adaptive_allocation,1951,40001563,16,5000,0.08,0.05,rbf,median,anytime,bonferroni,1,10,False,UNRESOLVED,5000,True,False,True,0.00040041597094386816,0.08,0.18209213411654696,True,True,True,False
298e69495bd90dc59e56,adaptive,adaptive_allocation,1952,1523128118,16,5000,0.08,0.05,rbf,median,anytime,bonferroni,1,10,False,UNRESOLVED,5000,True,False,True,0.00040324998553842306,0.08,0.18209213411654696,True,True,True,False
955f33d0016169a10a53,adaptive,adaptive_allocation,1953,59496331,16,5000,0.08,0.05,rbf,median,anytime,bonferroni,1,10,False,UNRESOLVED,5000,True,False,True,0.0004010830307379365,0.08,0.18209213411654696,True,True,True,False
10fb7e2a7e7a1518311e,adaptive,adaptive_allocation,1954,4174724852,16,5000,0.08,0.05,rbf,median,anytime,bonferroni,1,10,False,UNRESOLVED,5000,True,False,True,0.00040004198672249913,0.08,0.18209213411654696,True,True,True,False
1bca3c539790208144ea,adaptive,adaptive_allocation,1955,1855796430,16,5000,0.08,0.05,rbf,median,anytime,bonferroni,1,10,False,UNRESOLVED,5000,True,False,True,0.0003987909876741469,0.08,0.18209213411654696,True,True,True,False
4aaa975cb823b17f8964,adaptive,adaptive_allocation,1956,2336615780,16,5000,0.08,0.05,rbf,median,anytime,bonferroni,1,10,False,UNRESOLVED,5000,True,False,True,0.00040304200956597924,0.08,0.18209213411654696,True,True,True,False
cad0c3629027fe6b7850,adaptive,adaptive_allocation,1957,1239389235,16,5000,0.08,0.05,rbf,median,anytime,bonferroni,1,10,False,UNRESOLVED,5000,True,False,True,0.0004012499703094363,0.08,0.18209213411654696,True,True,True,False
cf732778275b7e1e5ed7,adaptive,adaptive_allocation,1958,2828427828,16,5000,0.08,0.05,rbf,median,anytime,bonferroni,1,10,False,UNRESOLVED,5000,True,False,True,0.00040137500036507845,0.08,0.18209213411654696,True,True,True,False
f1b61270afc6e91f326d,adaptive,adaptive_allocation,1959,3332897270,16,5000,0.08,0.05,rbf,median,anytime,bonferroni,1,10,False,UNRESOLVED,5000,True,False,True,0.00040091597475111485,0.08,0.18209213411654696,True,True,True,False
7038c2cc70038c0b103a,adaptive,adaptive_allocation,1960,4156017082,16,5000,0.08,0.05,rbf,median,anytime,bonferroni,1,10,False,UNRESOLVED,5000,True,False,True,0.00040191703010350466,0.08,0.18209213411654696,True,True,True,False
58697c567902f431609f,adaptive,adaptive_allocation,1961,1104311202,16,5000,0.08,0.05,rbf,median,anytime,bonferroni,1,10,False,UNRESOLVED,5000,True,False,True,0.00039933400694280863,0.08,0.18209213411654696,True,True,True,False
d6caa574e5d3449f41ea,adaptive,adaptive_allocation,1962,760396537,16,5000,0.08,0.05,rbf,median,anytime,bonferroni,1,10,False,UNRESOLVED,5000,True,False,True,0.0003997919848188758,0.08,0.18209213411654696,True,True,True,False
e758e3934b4be5a0b09d,adaptive,adaptive_allocation,1963,840063913,16,5000,0.08,0.05,rbf,median,anytime,bonferroni,1,10,False,UNRESOLVED,5000,True,False,True,0.0003987500094808638,0.08,0.18209213411654696,True,True,True,False
c33651a4e3086637afe6,adaptive,adaptive_allocation,1964,2685575349,16,5000,0.08,0.05,rbf,median,anytime,bonferroni,1,10,False,UNRESOLVED,5000,True,False,True,0.0004028750117868185,0.08,0.18209213411654696,True,True,True,False
b4e5db71bae241fde25b,adaptive,adaptive_allocation,1965,3788202527,16,5000,0.08,0.05,rbf,median,anytime,bonferroni,1,10,False,UNRESOLVED,5000,True,False,True,0.0003976660082116723,0.08,0.18209213411654696,True,True,True,False
6e2678e4332cfba44c65,adaptive,adaptive_allocation,1966,3111502900,16,5000,0.08,0.05,rbf,median,anytime,bonferroni,1,10,False,UNRESOLVED,5000,True,False,True,0.0004011249984614551,0.08,0.18209213411654696,True,True,True,False
50f1397fd43123e016ad,adaptive,adaptive_allocation,1967,886726225,16,5000,0.08,0.05,rbf,median,anytime,bonferroni,1,10,False,UNRESOLVED,5000,True,False,True,0.0004006249946542084,0.08,0.18209213411654696,True,True,True,False
ce703b34cc1b23489bdd,adaptive,adaptive_allocation,1968,2222643238,16,5000,0.08,0.05,rbf,median,anytime,bonferroni,1,10,False,UNRESOLVED,5000,True,False,True,0.00040441699093207717,0.08,0.18209213411654696,True,True,True,False
80fd379611984c323505,adaptive,adaptive_allocation,1969,3736041413,16,5000,0.08,0.05,rbf,median,anytime,bonferroni,1,10,False,UNRESOLVED,5000,True,False,True,0.00040033302502706647,0.08,0.18209213411654696,True,True,True,False
c33300a6bc4b80e31b3a,adaptive,adaptive_allocation,1970,852422498,16,5000,0.08,0.05,rbf,median,anytime,bonferroni,1,10,False,UNRESOLVED,5000,True,False,True,0.000400707998778671,0.08,0.18209213411654696,True,True,True,False
f6b4ed868f7ec087d1fe,adaptive,adaptive_allocation,1971,3522560269,16,5000,0.08,0.05,rbf,median,anytime,bonferroni,1,10,False,UNRESOLVED,5000,True,False,True,0.00039916596142575145,0.08,0.18209213411654696,True,True,True,False
03274795d46ad2b0490f,adaptive,adaptive_allocation,1972,1919532293,16,5000,0.08,0.05,rbf,median,anytime,bonferroni,1,10,False,UNRESOLVED,5000,True,False,True,0.00040316703962162137,0.08,0.18209213411654696,True,True,True,False
fb1380bfe6fe4666aee4,adaptive,adaptive_allocation,1973,2673134760,16,5000,0.08,0.05,rbf,median,anytime,bonferroni,1,10,False,UNRESOLVED,5000,True,False,True,0.0003987919772043824,0.08,0.18209213411654696,True,True,True,False
7883163b4a56282f1c23,adaptive,adaptive_allocation,1974,1976697000,16,5000,0.08,0.05,rbf,median,anytime,bonferroni,1,10,False,UNRESOLVED,5000,True,False,True,0.0003994579892605543,0.08,0.18209213411654696,True,True,True,False
2bed2a3c56932b97125c,adaptive,adaptive_allocation,1975,3847094583,16,5000,0.08,0.05,rbf,median,anytime,bonferroni,1,10,False,UNRESOLVED,5000,True,False,True,0.0003993749851360917,0.08,0.18209213411654696,True,True,True,False
d5b4a4d14edc1f59efe2,adaptive,adaptive_allocation,1976,2766326311,16,5000,0.08,0.05,rbf,median,anytime,bonferroni,1,10,False,UNRESOLVED,5000,True,False,True,0.00040187500417232513,0.08,0.18209213411654696,True,True,True,False
b01ca0141fd37ee8103d,adaptive,adaptive_allocation,1977,3596912077,16,5000,0.08,0.05,rbf,median,anytime,bonferroni,1,10,False,UNRESOLVED,5000,True,False,True,0.0003987500094808638,0.08,0.18209213411654696,True,True,True,False
ae642857538d97dcc3b0,adaptive,adaptive_allocation,1978,452787660,16,5000,0.08,0.05,rbf,median,anytime,bonferroni,1,10,False,UNRESOLVED,5000,True,False,True,0.00040020898450165987,0.08,0.18209213411654696,True,True,True,False
4aa21181dbe4a909aa24,adaptive,adaptive_allocation,1979,3841695245,16,5000,0.08,0.05,rbf,median,anytime,bonferroni,1,10,False,UNRESOLVED,5000,True,False,True,0.00040304200956597924,0.08,0.18209213411654696,True,True,True,False
c30b03d14182b0619e88,adaptive,adaptive_allocation,1980,2751329009,16,5000,0.08,0.05,rbf,median,anytime,bonferroni,1,10,False,UNRESOLVED,5000,True,False,True,0.0004046669928357005,0.08,0.18209213411654696,True,True,True,False
b3f65ab1b62e1e197cdf,adaptive,adaptive_allocation,1981,3768533215,16,5000,0.08,0.05,rbf,median,anytime,bonferroni,1,10,False,UNRESOLVED,5000,True,False,True,0.00039891700726002455,0.08,0.18209213411654696,True,True,True,False
ea3b04e12932e78689aa,adaptive,adaptive_allocation,1982,2757326563,16,5000,0.08,0.05,rbf,median,anytime,bonferroni,1,10,False,UNRESOLVED,5000,True,False,True,0.0003995409933850169,0.08,0.18209213411654696,True,True,True,False
3873dc44ef050e2efbfb,adaptive,adaptive_allocation,1983,510981288,16,5000,0.08,0.05,rbf,median,anytime,bonferroni,1,10,False,UNRESOLVED,5000,True,False,True,0.0004010829725302756,0.08,0.18209213411654696,True,True,True,False
ef290f58701b0e006890,adaptive,adaptive_allocation,1984,3584757902,16,5000,0.08,0.05,rbf,median,anytime,bonferroni,1,10,False,UNRESOLVED,5000,True,False,True,0.00040508300298824906,0.08,0.18209213411654696,True,True,True,False
99a9361b7be5b6cd04b3,adaptive,adaptive_allocation,1985,87875461,16,5000,0.08,0.05,rbf,median,anytime,bonferroni,1,10,False,UNRESOLVED,5000,True,False,True,0.0004010829725302756,0.08,0.18209213411654696,True,True,True,False
f7c7125baa6d34ea0bf9,adaptive,adaptive_allocation,1986,152536934,16,5000,0.08,0.05,rbf,median,anytime,bonferroni,1,10,False,UNRESOLVED,5000,True,False,True,0.0003994999569840729,0.08,0.18209213411654696,True,True,True,False
3035a25f943090f7a64b,adaptive,adaptive_allocation,1987,2651518172,16,5000,0.08,0.05,rbf,median,anytime,bonferroni,1,10,False,UNRESOLVED,5000,True,False,True,0.00039941701106727123,0.08,0.18209213411654696,True,True,True,False
798bb514bb7b45e7a379,adaptive,adaptive_allocation,1988,2045701656,16,5000,0.08,0.05,rbf,median,anytime,bonferroni,1,10,False,UNRESOLVED,5000,True,False,True,0.00040316698141396046,0.08,0.18209213411654696,True,True,True,False
3f897922d22becca6310,adaptive,adaptive_allocation,1989,776982463,16,5000,0.08,0.05,rbf,median,anytime,bonferroni,1,10,False,UNRESOLVED,5000,True,False,True,0.000400707998778671,0.08,0.18209213411654696,True,True,True,False
b83a69b49afd6259e762,adaptive,adaptive_allocation,1990,3421487529,16,5000,0.08,0.05,rbf,median,anytime,bonferroni,1,10,False,UNRESOLVED,5000,True,False,True,0.0004999579978175461,0.08,0.18209213411654696,True,True,True,False
5111621bb5529a9b7670,adaptive,adaptive_allocation,1991,1603826052,16,5000,0.08,0.05,rbf,median,anytime,bonferroni,1,10,False,UNRESOLVED,5000,True,False,True,0.0005294589791446924,0.08,0.18209213411654696,True,True,True,False
1f4ceba2115ffac76915,adaptive,adaptive_allocation,1992,834898158,16,5000,0.08,0.05,rbf,median,anytime,bonferroni,1,10,False,UNRESOLVED,5000,True,False,True,0.00048562500160187483,0.08,0.18209213411654696,True,True,True,False
9551c67400cb333e38a9,adaptive,adaptive_allocation,1993,840052062,16,5000,0.08,0.05,rbf,median,anytime,bonferroni,1,10,False,UNRESOLVED,5000,True,False,True,0.0004784159827977419,0.08,0.18209213411654696,True,True,True,False
38e3d9e1dccf8f226864,adaptive,adaptive_allocation,1994,2109406945,16,5000,0.08,0.05,rbf,median,anytime,bonferroni,1,10,False,UNRESOLVED,5000,True,False,True,0.0004758750437758863,0.08,0.18209213411654696,True,True,True,False
00f004f7f95fe4ce587a,adaptive,adaptive_allocation,1995,875598460,16,5000,0.08,0.05,rbf,median,anytime,bonferroni,1,10,False,UNRESOLVED,5000,True,False,True,0.0004740830045193434,0.08,0.18209213411654696,True,True,True,False
9c694223d8908263b74d,adaptive,adaptive_allocation,1996,1453581232,16,5000,0.08,0.05,rbf,median,anytime,bonferroni,1,10,False,UNRESOLVED,5000,True,False,True,0.0004736660048365593,0.08,0.18209213411654696,True,True,True,False
597a8f7d9d221b3f8379,adaptive,adaptive_allocation,1997,491792557,16,5000,0.08,0.05,rbf,median,anytime,bonferroni,1,10,False,UNRESOLVED,5000,True,False,True,0.00047800003085285425,0.08,0.18209213411654696,True,True,True,False
3e1134a3cc2356a0700d,adaptive,adaptive_allocation,1998,1669948055,16,5000,0.08,0.05,rbf,median,anytime,bonferroni,1,10,False,UNRESOLVED,5000,True,False,True,0.0004745839978568256,0.08,0.18209213411654696,True,True,True,False
0cd2a2613183b75357ba,adaptive,adaptive_allocation,1999,2794177656,16,5000,0.08,0.05,rbf,median,anytime,bonferroni,1,10,False,UNRESOLVED,5000,True,False,True,0.0004808330559171736,0.08,0.18209213411654696,True,True,True,False
ca1cca1d97f6cc970050,adaptive,adaptive_allocation,2000,197331829,16,5000,0.08,0.05,rbf,median,anytime,bonferroni,1,10,False,UNRESOLVED,5000,True,False,True,0.0004784169723279774,0.08,0.18209213411654696,True,True,True,False
afa1ddc1787717c7727b,adaptive,adaptive_allocation,2001,2300686652,16,5000,0.08,0.05,rbf,median,anytime,bonferroni,1,10,False,UNRESOLVED,5000,True,False,True,0.0004855409497395158,0.08,0.18209213411654696,True,True,True,False
9ff5c3ba411a00f16d31,adaptive,adaptive_allocation,2002,3090860569,16,5000,0.08,0.05,rbf,median,anytime,bonferroni,1,10,False,UNRESOLVED,5000,True,False,True,0.0005113329971209168,0.08,0.18209213411654696,True,True,True,False
ee2e678b5d00f0ed1476,adaptive,adaptive_allocation,2003,1792729507,16,5000,0.08,0.05,rbf,median,anytime,bonferroni,1,10,False,UNRESOLVED,5000,True,False,True,0.0005087089957669377,0.08,0.18209213411654696,True,True,True,False
306f2b2ec150fa3df2d8,adaptive,adaptive_allocation,2004,2177544989,16,5000,0.08,0.05,rbf,median,anytime,bonferroni,1,10,False,UNRESOLVED,5000,True,False,True,0.00045841699466109276,0.08,0.18209213411654696,True,True,True,False
d90def438b0404ff9ae3,adaptive,adaptive_allocation,2005,3223409066,16,5000,0.08,0.05,rbf,median,anytime,bonferroni,1,10,False,UNRESOLVED,5000,True,False,True,0.00036700000055134296,0.08,0.18209213411654696,True,True,True,False
5ff62b58df6bdf2a8d8a,adaptive,adaptive_allocation,2006,1922251854,16,5000,0.08,0.05,rbf,median,anytime,bonferroni,1,10,False,UNRESOLVED,5000,True,False,True,0.0003577500465326011,0.08,0.18209213411654696,True,True,True,False
492be3258bfe58fc40be,adaptive,adaptive_allocation,2007,3971833874,16,5000,0.08,0.05,rbf,median,anytime,bonferroni,1,10,False,UNRESOLVED,5000,True,False,True,0.00035333301639184356,0.08,0.18209213411654696,True,True,True,False
e81fa1001be000c32dd5,adaptive,adaptive_allocation,2008,11416723,16,5000,0.08,0.05,rbf,median,anytime,bonferroni,1,10,False,UNRESOLVED,5000,True,False,True,0.0003505419590510428,0.08,0.18209213411654696,True,True,True,False
318914971e1cc2b35033,adaptive,adaptive_allocation,2009,2020443684,16,5000,0.08,0.05,rbf,median,anytime,bonferroni,1,10,False,UNRESOLVED,5000,True,False,True,0.0003487920039333403,0.08,0.18209213411654696,True,True,True,False
bcab752f504e65cb5683,adaptive,adaptive_allocation,2010,1138592691,16,5000,0.08,0.05,rbf,median,anytime,bonferroni,1,10,False,UNRESOLVED,5000,True,False,True,0.0003987089730799198,0.08,0.18209213411654696,True,True,True,False
84589fe03164a6c0bec4,adaptive,adaptive_allocation,2011,2212500683,16,5000,0.08,0.05,rbf,median,anytime,bonferroni,1,10,False,UNRESOLVED,5000,True,False,True,0.0003499170416034758,0.08,0.18209213411654696,True,True,True,False
18fae4739d77057e2120,adaptive,adaptive_allocation,2012,4083286219,16,5000,0.08,0.05,rbf,median,anytime,bonferroni,1,10,False,UNRESOLVED,5000,True,False,True,0.0003480840241536498,0.08,0.18209213411654696,True,True,True,False
d7c32a70b24002e16e96,adaptive,adaptive_allocation,2013,4204185928,16,5000,0.08,0.05,rbf,median,anytime,bonferroni,1,10,False,UNRESOLVED,5000,True,False,True,0.0003458330174908042,0.08,0.18209213411654696,True,True,True,False
2bde120d96abe68a8b8e,adaptive,adaptive_allocation,2014,790891714,16,5000,0.08,0.05,rbf,median,anytime,bonferroni,1,10,False,UNRESOLVED,5000,True,False,True,0.00034950004192069173,0.08,0.18209213411654696,True,True,True,False
4034bbd5cc38f0283dbb,adaptive,adaptive_allocation,2015,2062080102,16,5000,0.08,0.05,rbf,median,anytime,bonferroni,1,10,False,UNRESOLVED,5000,True,False,True,0.00034708296880126,0.08,0.18209213411654696,True,True,True,False
4fd22ae9172c0839c4b1,adaptive,adaptive_allocation,2016,3453778915,16,5000,0.08,0.05,rbf,median,anytime,bonferroni,1,10,False,UNRESOLVED,5000,True,False,True,0.0003474999684840441,0.08,0.18209213411654696,True,True,True,False
378d0c4360778b452b61,adaptive,adaptive_allocation,2017,3438771410,16,5000,0.08,0.05,rbf,median,anytime,bonferroni,1,10,False,UNRESOLVED,5000,True,False,True,0.00034508301177993417,0.08,0.18209213411654696,True,True,True,False
1320e2bde03a2c7e5757,adaptive,adaptive_allocation,2018,3857438363,16,5000,0.08,0.05,rbf,median,anytime,bonferroni,1,10,False,UNRESOLVED,5000,True,False,True,0.00035158300306648016,0.08,0.18209213411654696,True,True,True,False
a2673a940c81c43e998d,adaptive,adaptive_allocation,2019,2938579750,16,5000,0.08,0.05,rbf,median,anytime,bonferroni,1,10,False,UNRESOLVED,5000,True,False,True,0.00034600001526996493,0.08,0.18209213411654696,True,True,True,False
306568d60955e5699696,adaptive,adaptive_allocation,2020,4198364360,16,5000,0.08,0.05,rbf,median,anytime,bonferroni,1,10,False,UNRESOLVED,5000,True,False,True,0.00034562498331069946,0.08,0.18209213411654696,True,True,True,False
68630feed7d0934f2e06,adaptive,adaptive_allocation,2021,384729135,16,5000,0.08,0.05,rbf,median,anytime,bonferroni,1,10,False,UNRESOLVED,5000,True,False,True,0.000346417014952749,0.08,0.18209213411654696,True,True,True,False
fb5c384a7a2f244af037,adaptive,adaptive_allocation,2022,3817793315,16,5000,0.08,0.05,rbf,median,anytime,bonferroni,1,10,False,UNRESOLVED,5000,True,False,True,0.0003487920039333403,0.08,0.18209213411654696,True,True,True,False
69b48ca6ee5bec192c6b,adaptive,adaptive_allocation,2023,4075149985,16,5000,0.08,0.05,rbf,median,anytime,bonferroni,1,10,False,UNRESOLVED,5000,True,False,True,0.0003464160254225135,0.08,0.18209213411654696,True,True,True,False
69eab294c69dfa9cd5c8,adaptive,adaptive_allocation,2024,560091333,16,5000,0.08,0.05,rbf,median,anytime,bonferroni,1,10,False,UNRESOLVED,5000,True,False,True,0.0003463750472292304,0.08,0.18209213411654696,True,True,True,False
2de0c8cf9d36aadd5803,adaptive,adaptive_allocation,2025,3942060752,16,5000,0.08,0.05,rbf,median,anytime,bonferroni,1,10,False,UNRESOLVED,5000,True,False,True,0.0003473340184427798,0.08,0.18209213411654696,True,True,True,False
f663bbf7a71943cc0501,adaptive,adaptive_allocation,2026,2836715682,16,5000,0.08,0.05,rbf,median,anytime,bonferroni,1,10,False,UNRESOLVED,5000,True,False,True,0.00035145797301083803,0.08,0.18209213411654696,True,True,True,False
6763e365a0d4b6504092,adaptive,adaptive_allocation,2027,214345598,16,5000,0.08,0.05,rbf,median,anytime,bonferroni,1,10,False,UNRESOLVED,5000,True,False,True,0.00034562498331069946,0.08,0.18209213411654696,True,True,True,False
acb0d8557af24fce4064,adaptive,adaptive_allocation,2028,2709375256,16,5000,0.08,0.05,rbf,median,anytime,bonferroni,1,10,False,UNRESOLVED,5000,True,False,True,0.0003457090351730585,0.08,0.18209213411654696,True,True,True,False
04a28870c2e05eff32b8,adaptive,adaptive_allocation,2029,1171404188,16,5000,0.08,0.05,rbf,median,anytime,bonferroni,1,10,False,UNRESOLVED,5000,True,False,True,0.0003466659691184759,0.08,0.18209213411654696,True,True,True,False
10c50e62b1fd07b72c4a,adaptive,adaptive_allocation,2030,2592056177,16,5000,0.08,0.05,rbf,median,anytime,bonferroni,1,10,False,UNRESOLVED,5000,True,False,True,0.0004064160166308284,0.08,0.18209213411654696,True,True,True,False
04b6931555bc2bafdd2e,adaptive,adaptive_allocation,2031,3919502775,16,5000,0.08,0.05,rbf,median,anytime,bonferroni,1,10,False,UNRESOLVED,5000,True,False,True,0.0005560420104302466,0.08,0.18209213411654696,True,True,True,False
eb245682f522dadb71c6,adaptive,adaptive_allocation,2032,1628303367,16,5000,0.08,0.05,rbf,median,anytime,bonferroni,1,10,False,UNRESOLVED,5000,True,False,True,0.0004735420225188136,0.08,0.18209213411654696,True,True,True,False
4b1ce5872dd90eece65f,adaptive,adaptive_allocation,2033,395395249,16,5000,0.08,0.05,rbf,median,anytime,bonferroni,1,10,False,UNRESOLVED,5000,True,False,True,0.0004752500099129975,0.08,0.18209213411654696,True,True,True,False
af3d0ba770472ecfe1d3,adaptive,adaptive_allocation,2034,2377186615,16,5000,0.08,0.05,rbf,median,anytime,bonferroni,1,10,False,UNRESOLVED,5000,True,False,True,0.00047154095955193043,0.08,0.18209213411654696,True,True,True,False
6a2d1d7453b730d9a6d3,adaptive,adaptive_allocation,2035,2597223049,16,5000,0.08,0.05,rbf,median,anytime,bonferroni,1,10,False,UNRESOLVED,5000,True,False,True,0.0004722499870695174,0.08,0.18209213411654696,True,True,True,False
81c47a3523598a0e99f2,adaptive,adaptive_allocation,2036,396546051,16,5000,0.08,0.05,rbf,median,anytime,bonferroni,1,10,False,UNRESOLVED,5000,True,False,True,0.00047329202061519027,0.08,0.18209213411654696,True,True,True,False
406797e614885a40a77a,adaptive,adaptive_allocation,2037,3440573520,16,5000,0.08,0.05,rbf,median,anytime,bonferroni,1,10,False,UNRESOLVED,5000,True,False,True,0.0004758749855682254,0.08,0.18209213411654696,True,True,True,False
dcf994b5871a5b79c81d,adaptive,adaptive_allocation,2038,1446114758,16,5000,0.08,0.05,rbf,median,anytime,bonferroni,1,10,False,UNRESOLVED,5000,True,False,True,0.00047037500189617276,0.08,0.18209213411654696,True,True,True,False
1ce62bba4b18abd9e782,adaptive,adaptive_allocation,2039,1239191210,16,5000,0.08,0.05,rbf,median,anytime,bonferroni,1,10,False,UNRESOLVED,5000,True,False,True,0.0004817919689230621,0.08,0.18209213411654696,True,True,True,False
b53348bdee72f8139751,adaptive,adaptive_allocation,2040,2441990204,16,5000,0.08,0.05,rbf,median,anytime,bonferroni,1,10,False,UNRESOLVED,5000,True,False,True,0.0004824170027859509,0.08,0.18209213411654696,True,True,True,False
ab91e986826241be4f63,adaptive,adaptive_allocation,2041,1215720843,16,5000,0.08,0.05,rbf,median,anytime,bonferroni,1,10,False,UNRESOLVED,5000,True,False,True,0.0005076249944977462,0.08,0.18209213411654696,True,True,True,False
03f4cbeb185a79365b0e,adaptive,adaptive_allocation,2042,944135017,16,5000,0.08,0.05,rbf,median,anytime,bonferroni,1,10,False,UNRESOLVED,5000,True,False,True,0.0004982079844921827,0.08,0.18209213411654696,True,True,True,False
fe6e81ba91f97f14f85f,adaptive,adaptive_allocation,2043,746747644,16,5000,0.08,0.05,rbf,median,anytime,bonferroni,1,10,False,UNRESOLVED,5000,True,False,True,0.0005113750230520964,0.08,0.18209213411654696,True,True,True,False
3fb402873b4dbed5d77f,adaptive,adaptive_allocation,2044,3471570254,16,5000,0.08,0.05,rbf,median,anytime,bonferroni,1,10,False,UNRESOLVED,5000,True,False,True,0.0004760000156238675,0.08,0.18209213411654696,True,True,True,False
015cf91438ab8e446f93,adaptive,adaptive_allocation,2045,1607287693,16,5000,0.08,0.05,rbf,median,anytime,bonferroni,1,10,False,UNRESOLVED,5000,True,False,True,0.00047441700007766485,0.08,0.18209213411654696,True,True,True,False
fd18665aa3a79d3a41fc,adaptive,adaptive_allocation,2046,1971310969,16,5000,0.08,0.05,rbf,median,anytime,bonferroni,1,10,False,UNRESOLVED,5000,True,False,True,0.00046929100062698126,0.08,0.18209213411654696,True,True,True,False
979227cd3077e701b777,adaptive,adaptive_allocation,2047,3741835645,16,5000,0.08,0.05,rbf,median,anytime,bonferroni,1,10,False,UNRESOLVED,5000,True,False,True,0.0004715839750133455,0.08,0.18209213411654696,True,True,True,False
7236cb89baeccc3a4e2e,adaptive,adaptive_allocation,2048,2927269646,16,5000,0.08,0.05,rbf,median,anytime,bonferroni,1,10,False,UNRESOLVED,5000,True,False,True,0.00047208298929035664,0.08,0.18209213411654696,True,True,True,False
13dcdc859a9424355fc9,adaptive,adaptive_allocation,2049,2562878753,16,5000,0.08,0.05,rbf,median,anytime,bonferroni,1,10,False,UNRESOLVED,5000,True,False,True,0.0004722499870695174,0.08,0.18209213411654696,True,True,True,False
a0b43d37c26d6721d02d,adaptive,adaptive_allocation,2050,4045238272,16,5000,0.08,0.05,rbf,median,anytime,bonferroni,1,10,False,UNRESOLVED,5000,True,False,True,0.000476334011182189,0.08,0.18209213411654696,True,True,True,False
90c19bec13fff73c805b,adaptive,adaptive_allocation,2051,3185201502,16,5000,0.08,0.05,rbf,median,anytime,bonferroni,1,10,False,UNRESOLVED,5000,True,False,True,0.00042087503243237734,0.08,0.18209213411654696,True,True,True,False
199d1a2a228a66b96434,adaptive,adaptive_allocation,2052,83747587,16,5000,0.08,0.05,rbf,median,anytime,bonferroni,1,10,False,UNRESOLVED,5000,True,False,True,0.0004082919913344085,0.08,0.18209213411654696,True,True,True,False
4ed557171fe95151a187,adaptive,adaptive_allocation,2053,3682048456,16,5000,0.08,0.05,rbf,median,anytime,bonferroni,1,10,False,UNRESOLVED,5000,True,False,True,0.0003996670129708946,0.08,0.18209213411654696,True,True,True,False
2d47380292703b7a206c,adaptive,adaptive_allocation,2054,2273849138,16,5000,0.08,0.05,rbf,median,anytime,bonferroni,1,10,False,UNRESOLVED,5000,True,False,True,0.00035262497840449214,0.08,0.18209213411654696,True,True,True,False
3f74c067a73cfb123595,adaptive,adaptive_allocation,2055,396141369,16,5000,0.08,0.05,rbf,median,anytime,bonferroni,1,10,False,UNRESOLVED,5000,True,False,True,0.0003494169795885682,0.08,0.18209213411654696,True,True,True,False
c4017f6db06772202b3e,adaptive,adaptive_allocation,2056,871293690,16,5000,0.08,0.05,rbf,median,anytime,bonferroni,1,10,False,UNRESOLVED,5000,True,False,True,0.0003475830308161676,0.08,0.18209213411654696,True,True,True,False
7cd6a889441586578900,adaptive,adaptive_allocation,2057,2335364577,16,5000,0.08,0.05,rbf,median,anytime,bonferroni,1,10,False,UNRESOLVED,5000,True,False,True,0.00034791603684425354,0.08,0.18209213411654696,True,True,True,False
e9e64ffd5618e07e1b5f,adaptive,adaptive_allocation,2058,2825682236,16,5000,0.08,0.05,rbf,median,anytime,bonferroni,1,10,False,UNRESOLVED,5000,True,False,True,0.00035437499172985554,0.08,0.18209213411654696,True,True,True,False
47cc30e805f0a2ed9cbb,adaptive,adaptive_allocation,2059,1574544449,16,5000,0.08,0.05,rbf,median,anytime,bonferroni,1,10,False,UNRESOLVED,5000,True,False,True,0.0003457089769653976,0.08,0.18209213411654696,True,True,True,False
d04bdee00838ef1eef58,adaptive,adaptive_allocation,2060,3904773244,16,5000,0.08,0.05,rbf,median,anytime,bonferroni,1,10,False,UNRESOLVED,5000,True,False,True,0.000347500026691705,0.08,0.18209213411654696,True,True,True,False
af5720045fc26165460a,adaptive,adaptive_allocation,2061,1386768877,16,5000,0.08,0.05,rbf,median,anytime,bonferroni,1,10,False,UNRESOLVED,5000,True,False,True,0.0003473340184427798,0.08,0.18209213411654696,True,True,True,False
24da5e55cc101cbcc0a6,adaptive,adaptive_allocation,2062,3086460089,16,5000,0.08,0.05,rbf,median,anytime,bonferroni,1,10,False,UNRESOLVED,5000,True,False,True,0.00035020802170038223,0.08,0.18209213411654696,True,True,True,False
7c60ed503dba79b0acb8,adaptive,adaptive_allocation,2063,3428273058,16,5000,0.08,0.05,rbf,median,anytime,bonferroni,1,10,False,UNRESOLVED,5000,True,False,True,0.0003462500171735883,0.08,0.18209213411654696,True,True,True,False
36590b3e00c62e6b36fc,adaptive,adaptive_allocation,2064,3639547399,16,5000,0.08,0.05,rbf,median,anytime,bonferroni,1,10,False,UNRESOLVED,5000,True,False,True,0.0003484159824438393,0.08,0.18209213411654696,True,True,True,False
1521424030fbcc72110e,adaptive,adaptive_allocation,2065,1294536117,16,5000,0.08,0.05,rbf,median,anytime,bonferroni,1,10,False,UNRESOLVED,5000,True,False,True,0.00034841703018173575,0.08,0.18209213411654696,True,True,True,False
bb9dc6171ea84e6d348a,adaptive,adaptive_allocation,2066,1514827962,16,5000,0.08,0.05,rbf,median,anytime,bonferroni,1,10,False,UNRESOLVED,5000,True,False,True,0.00035149999894201756,0.08,0.18209213411654696,True,True,True,False
f1b286b2f9dfb2142ca7,adaptive,adaptive_allocation,2067,2697385423,16,5000,0.08,0.05,rbf,median,anytime,bonferroni,1,10,False,UNRESOLVED,5000,True,False,True,0.00034658401273190975,0.08,0.18209213411654696,True,True,True,False
1928695d04684f394024,adaptive,adaptive_allocation,2068,815918975,16,5000,0.08,0.05,rbf,median,anytime,bonferroni,1,10,False,UNRESOLVED,5000,True,False,True,0.0003463750472292304,0.08,0.18209213411654696,True,True,True,False
da03999e93fd2753bc3e,adaptive,adaptive_allocation,2069,1433495797,16,5000,0.08,0.05,rbf,median,anytime,bonferroni,1,10,False,UNRESOLVED,5000,True,False,True,0.00034912500996142626,0.08,0.18209213411654696,True,True,True,False
10d8a8c5e96c65f69ae0,adaptive,adaptive_allocation,2070,3598546214,16,5000,0.08,0.05,rbf,median,anytime,bonferroni,1,10,False,UNRESOLVED,5000,True,False,True,0.0003506250213831663,0.08,0.18209213411654696,True,True,True,False
79c5493c97f07aeb1918,adaptive,adaptive_allocation,2071,2174559625,16,5000,0.08,0.05,rbf,median,anytime,bonferroni,1,10,False,UNRESOLVED,5000,True,False,True,0.00034724996658042073,0.08,0.18209213411654696,True,True,True,False
e08c9f09fc2d2d624c35,adaptive,adaptive_allocation,2072,1320701189,16,5000,0.08,0.05,rbf,median,anytime,bonferroni,1,10,False,UNRESOLVED,5000,True,False,True,0.0003477499703876674,0.08,0.18209213411654696,True,True,True,False
2bb93802822275a04b8d,adaptive,adaptive_allocation,2073,556639260,16,5000,0.08,0.05,rbf,median,anytime,bonferroni,1,10,False,UNRESOLVED,5000,True,False,True,0.0003497920115478337,0.08,0.18209213411654696,True,True,True,False
4aed45014ad134585e0c,adaptive,adaptive_allocation,2074,370592058,16,5000,0.08,0.05,rbf,median,anytime,bonferroni,1,10,False,UNRESOLVED,5000,True,False,True,0.0003487920039333403,0.08,0.18209213411654696,True,True,True,False
d17b439694a115c8f844,adaptive,adaptive_allocation,2075,2427932499,16,5000,0.08,0.05,rbf,median,anytime,bonferroni,1,10,False,UNRESOLVED,5000,True,False,True,0.00034633296309038997,0.08,0.18209213411654696,True,True,True,False
313ba66d8030e5cd3cf7,adaptive,adaptive_allocation,2076,817627332,16,5000,0.08,0.05,rbf,median,anytime,bonferroni,1,10,False,UNRESOLVED,5000,True,False,True,0.0003480419982224703,0.08,0.18209213411654696,True,True,True,False
935aedd3be27f9f2f2ac,adaptive,adaptive_allocation,2077,1437633132,16,5000,0.08,0.05,rbf,median,anytime,bonferroni,1,10,False,UNRESOLVED,5000,True,False,True,0.0003510420210659504,0.08,0.18209213411654696,True,True,True,False
ecd1dfd659b65f2357df,adaptive,adaptive_allocation,2078,2203382403,16,5000,0.08,0.05,rbf,median,anytime,bonferroni,1,10,False,UNRESOLVED,5000,True,False,True,0.00035262503661215305,0.08,0.18209213411654696,True,True,True,False
cba73119ebdcd77a2b22,adaptive,adaptive_allocation,2079,431704785,16,5000,0.08,0.05,rbf,median,anytime,bonferroni,1,10,False,UNRESOLVED,5000,True,False,True,0.0003477499703876674,0.08,0.18209213411654696,True,True,True,False
486baee1aa5e592b56aa,adaptive,adaptive_allocation,2080,2874679829,16,5000,0.08,0.05,rbf,median,anytime,bonferroni,1,10,False,UNRESOLVED,5000,True,False,True,0.0003492500400170684,0.08,0.18209213411654696,True,True,True,False
d9068756909f97ca1a96,adaptive,adaptive_allocation,2081,2449126204,16,5000,0.08,0.05,rbf,median,anytime,bonferroni,1,10,False,UNRESOLVED,5000,True,False,True,0.0003482920001260936,0.08,0.18209213411654696,True,True,True,False
4f543e75b45cb7f25a16,adaptive,adaptive_allocation,2082,1222269340,16,5000,0.08,0.05,rbf,median,anytime,bonferroni,1,10,False,UNRESOLVED,5000,True,False,True,0.00035074999323114753,0.08,0.18209213411654696,True,True,True,False
9bd5a226963a5577c98f,adaptive,adaptive_allocation,2083,2950260349,16,5000,0.08,0.05,rbf,median,anytime,bonferroni,1,10,False,UNRESOLVED,5000,True,False,True,0.0003481250023469329,0.08,0.18209213411654696,True,True,True,False
b75018199deb05918f47,adaptive,adaptive_allocation,2084,3436007769,16,5000,0.08,0.05,rbf,median,anytime,bonferroni,1,10,False,UNRESOLVED,5000,True,False,True,0.00034595897886902094,0.08,0.18209213411654696,True,True,True,False
bbf027d31512532481ff,adaptive,adaptive_allocation,2085,3295007681,16,5000,0.08,0.05,rbf,median,anytime,bonferroni,1,10,False,UNRESOLVED,5000,True,False,True,0.00034616596531122923,0.08,0.18209213411654696,True,True,True,False
9d961c96cbdd0f527a41,adaptive,adaptive_allocation,2086,1649668516,16,5000,0.08,0.05,rbf,median,anytime,bonferroni,1,10,False,UNRESOLVED,5000,True,False,True,0.00041725003393366933,0.08,0.18209213411654696,True,True,True,False
7465d433bd8abca4470a,adaptive,adaptive_allocation,2087,326107600,16,5000,0.08,0.05,rbf,median,anytime,bonferroni,1,10,False,UNRESOLVED,5000,True,False,True,0.00040362501749768853,0.08,0.18209213411654696,True,True,True,False
ca3417d62357f6d835f7,adaptive,adaptive_allocation,2088,874182801,16,5000,0.08,0.05,rbf,median,anytime,bonferroni,1,10,False,UNRESOLVED,5000,True,False,True,0.0004040829953737557,0.08,0.18209213411654696,True,True,True,False
50ea55e85ba8876459c9,adaptive,adaptive_allocation,2089,1324510690,16,5000,0.08,0.05,rbf,median,anytime,bonferroni,1,10,False,UNRESOLVED,5000,True,False,True,0.00040308403549715877,0.08,0.18209213411654696,True,True,True,False
a7ffdae0ecd3923aa216,adaptive,adaptive_allocation,2090,3762971157,16,5000,0.08,0.05,rbf,median,anytime,bonferroni,1,10,False,UNRESOLVED,5000,True,False,True,0.0004070419818162918,0.08,0.18209213411654696,True,True,True,False
4e9f773d88e0acc172a3,adaptive,adaptive_allocation,2091,396744507,16,5000,0.08,0.05,rbf,median,anytime,bonferroni,1,10,False,UNRESOLVED,5000,True,False,True,0.00040324998553842306,0.08,0.18209213411654696,True,True,True,False
8cc2c38c776d2fb840d7,adaptive,adaptive_allocation,2092,897931376,16,5000,0.08,0.05,rbf,median,anytime,bonferroni,1,10,False,UNRESOLVED,5000,True,False,True,0.00040558300679549575,0.08,0.18209213411654696,True,True,True,False
5f45407dc4d304cc103b,adaptive,adaptive_allocation,2093,23469974,16,5000,0.08,0.05,rbf,median,anytime,bonferroni,1,10,False,UNRESOLVED,5000,True,False,True,0.0004028750117868185,0.08,0.18209213411654696,True,True,True,False
925327057670e9213e83,adaptive,adaptive_allocation,2094,2820312748,16,5000,0.08,0.05,rbf,median,anytime,bonferroni,1,10,False,UNRESOLVED,5000,True,False,True,0.000406834005843848,0.08,0.18209213411654696,True,True,True,False
3c521d0faaae25a5192d,adaptive,adaptive_allocation,2095,792846591,16,5000,0.08,0.05,rbf,median,anytime,bonferroni,1,10,False,UNRESOLVED,5000,True,False,True,0.0004027499817311764,0.08,0.18209213411654696,True,True,True,False
a04eaee5bb2afd60962d,adaptive,adaptive_allocation,2096,1343142139,16,5000,0.08,0.05,rbf,median,anytime,bonferroni,1,10,False,UNRESOLVED,5000,True,False,True,0.0004027920076623559,0.08,0.18209213411654696,True,True,True,False
035ed88fe3991a346ce0,adaptive,adaptive_allocation,2097,3419000103,16,5000,0.08,0.05,rbf,median,anytime,bonferroni,1,10,False,UNRESOLVED,5000,True,False,True,0.00040383305167779326,0.08,0.18209213411654696,True,True,True,False
03710827517f31b1d872,adaptive,adaptive_allocation,2098,1611619065,16,5000,0.08,0.05,rbf,median,anytime,bonferroni,1,10,False,UNRESOLVED,5000,True,False,True,0.00040499999886378646,0.08,0.18209213411654696,True,True,True,False
8c1dc7b0090d9a6472fd,adaptive,adaptive_allocation,2099,2784303390,16,5000,0.08,0.05,rbf,median,anytime,bonferroni,1,10,False,UNRESOLVED,5000,True,False,True,0.00040370901115238667,0.08,0.18209213411654696,True,True,True,False
ac43bb401a19bc31dfda,adaptive,adaptive_allocation,2100,3950848979,16,5000,0.08,0.05,rbf,median,anytime,bonferroni,1,10,False,UNRESOLVED,5000,True,False,True,0.0004028750117868185,0.08,0.18209213411654696,True,True,True,False
03e54530a562cbacaccd,adaptive,adaptive_allocation,2101,2889011503,16,5000,0.08,0.05,rbf,median,anytime,bonferroni,1,10,False,UNRESOLVED,5000,True,False,True,0.00040445796912536025,0.08,0.18209213411654696,True,True,True,False
24575b0f9fd2dce034da,adaptive,adaptive_allocation,2102,823309399,16,5000,0.08,0.05,rbf,median,anytime,bonferroni,1,10,False,UNRESOLVED,5000,True,False,True,0.0004087080014869571,0.08,0.18209213411654696,True,True,True,False
f008ee9262f86fffa998,adaptive,adaptive_allocation,2103,512084191,16,5000,0.08,0.05,rbf,median,anytime,bonferroni,1,10,False,UNRESOLVED,5000,True,False,True,0.0004045000532642007,0.08,0.18209213411654696,True,True,True,False
afc8e31bc4882ac12e04,adaptive,adaptive_allocation,2104,2638338013,16,5000,0.08,0.05,rbf,median,anytime,bonferroni,1,10,False,UNRESOLVED,5000,True,False,True,0.00040279101813212037,0.08,0.18209213411654696,True,True,True,False
45960358a6542af1fd42,adaptive,adaptive_allocation,2105,3099429863,16,5000,0.08,0.05,rbf,median,anytime,bonferroni,1,10,False,UNRESOLVED,5000,True,False,True,0.0004046250251121819,0.08,0.18209213411654696,True,True,True,False
a2dc428b342494b3f9ab,adaptive,adaptive_allocation,2106,1927479634,16,5000,0.08,0.05,rbf,median,anytime,bonferroni,1,10,False,UNRESOLVED,5000,True,False,True,0.0004058330086991191,0.08,0.18209213411654696,True,True,True,False
60ff960e165b6379b217,adaptive,adaptive_allocation,2107,240098550,16,5000,0.08,0.05,rbf,median,anytime,bonferroni,1,10,False,UNRESOLVED,5000,True,False,True,0.0004022910143248737,0.08,0.18209213411654696,True,True,True,False
589decf5cc100f667220,adaptive,adaptive_allocation,2108,1308895475,16,5000,0.08,0.05,rbf,median,anytime,bonferroni,1,10,False,UNRESOLVED,5000,True,False,True,0.0004024159861728549,0.08,0.18209213411654696,True,True,True,False
66ac7f0597cdcbe86ce4,adaptive,adaptive_allocation,2109,2474888664,16,5000,0.08,0.05,rbf,median,anytime,bonferroni,1,10,False,UNRESOLVED,5000,True,False,True,0.00040241697570309043,0.08,0.18209213411654696,True,True,True,False
9b8c51f008dd8e99d2ac,adaptive,adaptive_allocation,2110,4064627851,16,5000,0.08,0.05,rbf,median,anytime,bonferroni,1,10,False,UNRESOLVED,5000,True,False,True,0.00040791695937514305,0.08,0.18209213411654696,True,True,True,False
f4723f473a302f17f1c8,adaptive,adaptive_allocation,2111,425953613,16,5000,0.08,0.05,rbf,median,anytime,bonferroni,1,10,False,UNRESOLVED,5000,True,False,True,0.00040433299727737904,0.08,0.18209213411654696,True,True,True,False
ecb3fb1ec0986c3a129a,adaptive,adaptive_allocation,2112,4212991392,16,5000,0.08,0.05,rbf,median,anytime,bonferroni,1,10,False,UNRESOLVED,5000,True,False,True,0.00040241703391075134,0.08,0.18209213411654696,True,True,True,False
1662d0584b8b1c6610ec,adaptive,adaptive_allocation,2113,2486704072,16,5000,0.08,0.05,rbf,median,anytime,bonferroni,1,10,False,UNRESOLVED,5000,True,False,True,0.00040249997982755303,0.08,0.18209213411654696,True,True,True,False
7a6ff3ce6282271539df,adaptive,adaptive_allocation,2114,1119266844,16,5000,0.08,0.05,rbf,median,anytime,bonferroni,1,10,False,UNRESOLVED,5000,True,False,True,0.0004060409846715629,0.08,0.18209213411654696,True,True,True,False
a4bf4c31c97f9262aeae,adaptive,adaptive_allocation,2115,253213441,16,5000,0.08,0.05,rbf,median,anytime,bonferroni,1,10,False,UNRESOLVED,5000,True,False,True,0.00040233402978628874,0.08,0.18209213411654696,True,True,True,False
bc0ac2c2e8dcb6d7ca74,adaptive,adaptive_allocation,2116,2498664151,16,5000,0.08,0.05,rbf,median,anytime,bonferroni,1,10,False,UNRESOLVED,5000,True,False,True,0.00040354201337322593,0.08,0.18209213411654696,True,True,True,False
b3eae0d1ea74e7ee34b1,adaptive,adaptive_allocation,2117,3100341658,16,5000,0.08,0.05,rbf,median,anytime,bonferroni,1,10,False,UNRESOLVED,5000,True,False,True,0.0004029580159112811,0.08,0.18209213411654696,True,True,True,False
c9e7bea64414f0e25c3b,adaptive,adaptive_allocation,2118,1847447406,16,5000,0.08,0.05,rbf,median,anytime,bonferroni,1,10,False,UNRESOLVED,5000,True,False,True,0.00040737498784437776,0.08,0.18209213411654696,True,True,True,False
e202559ca527c76445cc,adaptive,adaptive_allocation,2119,3805368978,16,5000,0.08,0.05,rbf,median,anytime,bonferroni,1,10,False,UNRESOLVED,5000,True,False,True,0.00040533399442210793,0.08,0.18209213411654696,True,True,True,False
90eb49fdb3ceca95a32b,adaptive,adaptive_allocation,2120,1956450112,16,5000,0.08,0.05,rbf,median,anytime,bonferroni,1,10,False,UNRESOLVED,5000,True,False,True,0.0004034169833175838,0.08,0.18209213411654696,True,True,True,False
bada6442d3dbe44aed80,adaptive,adaptive_allocation,2121,4008753167,16,5000,0.08,0.05,rbf,median,anytime,bonferroni,1,10,False,UNRESOLVED,5000,True,False,True,0.00040254200575873256,0.08,0.18209213411654696,True,True,True,False
d909e382fc4c11736c2c,adaptive,adaptive_allocation,2122,332796396,16,5000,0.08,0.05,rbf,median,anytime,bonferroni,1,10,False,UNRESOLVED,5000,True,False,True,0.0004086669650860131,0.08,0.18209213411654696,True,True,True,False
c053a999b4dd3da57564,adaptive,adaptive_allocation,2123,2313094680,16,5000,0.08,0.05,rbf,median,anytime,bonferroni,1,10,False,UNRESOLVED,5000,True,False,True,0.0004044999950565398,0.08,0.18209213411654696,True,True,True,False
ae798163b6fd621684be,adaptive,adaptive_allocation,2124,4060091275,16,5000,0.08,0.05,rbf,median,anytime,bonferroni,1,10,False,UNRESOLVED,5000,True,False,True,0.0004034590092487633,0.08,0.18209213411654696,True,True,True,False
324c91914007e2967e86,adaptive,adaptive_allocation,2125,2922421687,16,5000,0.08,0.05,rbf,median,anytime,bonferroni,1,10,False,UNRESOLVED,5000,True,False,True,0.00040550000267103314,0.08,0.18209213411654696,True,True,True,False
00deee76216764d6d71d,adaptive,adaptive_allocation,2126,4263500217,16,5000,0.08,0.05,rbf,median,anytime,bonferroni,1,10,False,UNRESOLVED,5000,True,False,True,0.00040612497832626104,0.08,0.18209213411654696,True,True,True,False
cf91f30e5d4e5f3a5e67,adaptive,adaptive_allocation,2127,3045385805,16,5000,0.08,0.05,rbf,median,anytime,bonferroni,1,10,False,UNRESOLVED,5000,True,False,True,0.00040304200956597924,0.08,0.18209213411654696,True,True,True,False
525c032d54fd91192547,adaptive,adaptive_allocation,2128,1320517921,16,5000,0.08,0.05,rbf,median,anytime,bonferroni,1,10,False,UNRESOLVED,5000,True,False,True,0.0004039589548483491,0.08,0.18209213411654696,True,True,True,False
52e9cf98a4597a252918,adaptive,adaptive_allocation,2129,160219188,16,5000,0.08,0.05,rbf,median,anytime,bonferroni,1,10,False,UNRESOLVED,5000,True,False,True,0.00040491699473932385,0.08,0.18209213411654696,True,True,True,False
706851ba130321f1a59d,adaptive,adaptive_allocation,2130,630677358,16,5000,0.08,0.05,rbf,median,anytime,bonferroni,1,10,False,UNRESOLVED,5000,True,False,True,0.0004065419780090451,0.08,0.18209213411654696,True,True,True,False
4ddec4c737ab6df45e80,adaptive,adaptive_allocation,2131,41916169,16,5000,0.08,0.05,rbf,median,anytime,bonferroni,1,10,False,UNRESOLVED,5000,True,False,True,0.00040508300298824906,0.08,0.18209213411654696,True,True,True,False
8bada088eb6d51d0f57c,adaptive,adaptive_allocation,2132,2890442063,16,5000,0.08,0.05,rbf,median,anytime,bonferroni,1,10,False,UNRESOLVED,5000,True,False,True,0.00040366698522120714,0.08,0.18209213411654696,True,True,True,False
e2ee49cf488261a0c431,adaptive,adaptive_allocation,2133,2364078657,16,5000,0.08,0.05,rbf,median,anytime,bonferroni,1,10,False,UNRESOLVED,5000,True,False,True,0.0004005000228062272,0.08,0.18209213411654696,True,True,True,False
404e3382f570b913b2e9,adaptive,adaptive_allocation,2134,4056523678,16,5000,0.08,0.05,rbf,median,anytime,bonferroni,1,10,False,UNRESOLVED,5000,True,False,True,0.00040491699473932385,0.08,0.18209213411654696,True,True,True,False
7e967fe98c404d880996,adaptive,adaptive_allocation,2135,258511597,16,5000,0.08,0.05,rbf,median,anytime,bonferroni,1,10,False,UNRESOLVED,5000,True,False,True,0.0004016669699922204,0.08,0.18209213411654696,True,True,True,False
0d163d7b2c8f1dc6eaff,adaptive,adaptive_allocation,2136,2331813756,16,5000,0.08,0.05,rbf,median,anytime,bonferroni,1,10,False,UNRESOLVED,5000,True,False,True,0.00040362501749768853,0.08,0.18209213411654696,True,True,True,False
dd097de17acadf519965,adaptive,adaptive_allocation,2137,3942169935,16,5000,0.08,0.05,rbf,median,anytime,bonferroni,1,10,False,UNRESOLVED,5000,True,False,True,0.0004034580197185278,0.08,0.18209213411654696,True,True,True,False
95f84a37cc00472893a0,adaptive,adaptive_allocation,2138,2956613147,16,5000,0.08,0.05,rbf,median,anytime,bonferroni,1,10,False,UNRESOLVED,5000,True,False,True,0.00040754099609330297,0.08,0.18209213411654696,True,True,True,False
ea4d306614405bd82f0a,adaptive,adaptive_allocation,2139,3163734770,16,5000,0.08,0.05,rbf,median,anytime,bonferroni,1,10,False,UNRESOLVED,5000,True,False,True,0.0004023750079795718,0.08,0.18209213411654696,True,True,True,False
27c7e0666f1c0f0792d3,adaptive,adaptive_allocation,2140,628130792,16,5000,0.08,0.05,rbf,median,anytime,bonferroni,1,10,False,UNRESOLVED,5000,True,False,True,0.00040341599378734827,0.08,0.18209213411654696,True,True,True,False
b0d48f251f862b4ad900,adaptive,adaptive_allocation,2141,1361879328,16,5000,0.08,0.05,rbf,median,anytime,bonferroni,1,10,False,UNRESOLVED,5000,True,False,True,0.0004034580197185278,0.08,0.18209213411654696,True,True,True,False
3acc20dd4ea72912d03d,adaptive,adaptive_allocation,2142,3799704256,16,5000,0.08,0.05,rbf,median,anytime,bonferroni,1,10,False,UNRESOLVED,5000,True,False,True,0.00040608400013297796,0.08,0.18209213411654696,True,True,True,False
fc3539ae18ea848ebfb7,adaptive,adaptive_allocation,2143,482196973,16,5000,0.08,0.05,rbf,median,anytime,bonferroni,1,10,False,UNRESOLVED,5000,True,False,True,0.0004025840316899121,0.08,0.18209213411654696,True,True,True,False
39d5ad9555e01f82cefa,adaptive,adaptive_allocation,2144,2264151044,16,5000,0.08,0.05,rbf,median,anytime,bonferroni,1,10,False,UNRESOLVED,5000,True,False,True,0.0004036249592900276,0.08,0.18209213411654696,True,True,True,False
009fe2fa8235392cbc1c,adaptive,adaptive_allocation,2145,4073926112,16,5000,0.08,0.05,rbf,median,anytime,bonferroni,1,10,False,UNRESOLVED,5000,True,False,True,0.000402832985855639,0.08,0.18209213411654696,True,True,True,False
44761419f68551c9fe20,adaptive,adaptive_allocation,2146,2840145581,16,5000,0.08,0.05,rbf,median,anytime,bonferroni,1,10,False,UNRESOLVED,5000,True,False,True,0.00040662498213350773,0.08,0.18209213411654696,True,True,True,False
b2138610e0b9973a42c0,adaptive,adaptive_allocation,2147,943966591,16,5000,0.08,0.05,rbf,median,anytime,bonferroni,1,10,False,UNRESOLVED,5000,True,False,True,0.00040249997982755303,0.08,0.18209213411654696,True,True,True,False
c92dc1e7502b064f9271,adaptive,adaptive_allocation,2148,3174546542,16,5000,0.08,0.05,rbf,median,anytime,bonferroni,1,10,False,UNRESOLVED,5000,True,False,True,0.0004041659994982183,0.08,0.18209213411654696,True,True,True,False
b99c3010b92906de0f8a,adaptive,adaptive_allocation,2149,39749559,16,5000,0.08,0.05,rbf,median,anytime,bonferroni,1,10,False,UNRESOLVED,5000,True,False,True,0.0006206670077517629,0.08,0.18209213411654696,True,True,True,False
fae78bee71acef79951d,adaptive,adaptive_allocation,2150,1308292247,16,5000,0.08,0.05,rbf,median,anytime,bonferroni,1,10,False,UNRESOLVED,5000,True,False,True,0.0004950000438839197,0.08,0.18209213411654696,True,True,True,False
4ff7fd992152f238d4bc,adaptive,adaptive_allocation,2151,2535471333,16,5000,0.08,0.05,rbf,median,anytime,bonferroni,1,10,False,UNRESOLVED,5000,True,False,True,0.00047883298248052597,0.08,0.18209213411654696,True,True,True,False
d54b272b1c7e3db9c6b6,adaptive,adaptive_allocation,2152,2633912119,16,5000,0.08,0.05,rbf,median,anytime,bonferroni,1,10,False,UNRESOLVED,5000,True,False,True,0.00048283301293849945,0.08,0.18209213411654696,True,True,True,False
6146ed2ba69c0c42dbe1,adaptive,adaptive_allocation,2153,3424786524,16,5000,0.08,0.05,rbf,median,anytime,bonferroni,1,10,False,UNRESOLVED,5000,True,False,True,0.00047329196240752935,0.08,0.18209213411654696,True,True,True,False
8ff4496cb9b5b7ea70d0,adaptive,adaptive_allocation,2154,2282212921,16,5000,0.08,0.05,rbf,median,anytime,bonferroni,1,10,False,UNRESOLVED,5000,True,False,True,0.0004776249988935888,0.08,0.18209213411654696,True,True,True,False
9240f3d66d70dc54a3e3,adaptive,adaptive_allocation,2155,1182007293,16,5000,0.08,0.05,rbf,median,anytime,bonferroni,1,10,False,UNRESOLVED,5000,True,False,True,0.0004724580212496221,0.08,0.18209213411654696,True,True,True,False
2327bcdb7d7d5fbe7e0e,adaptive,adaptive_allocation,2156,233967221,16,5000,0.08,0.05,rbf,median,anytime,bonferroni,1,10,False,UNRESOLVED,5000,True,False,True,0.00048400001833215356,0.08,0.18209213411654696,True,True,True,False
174277df73a037473f38,adaptive,adaptive_allocation,2157,3950791619,16,5000,0.08,0.05,rbf,median,anytime,bonferroni,1,10,False,UNRESOLVED,5000,True,False,True,0.0004959580255672336,0.08,0.18209213411654696,True,True,True,False
bcd71a4cdb6b02a54b5e,adaptive,adaptive_allocation,2158,3616862349,16,5000,0.08,0.05,rbf,median,anytime,bonferroni,1,10,False,UNRESOLVED,5000,True,False,True,0.0005016670329496264,0.08,0.18209213411654696,True,True,True,False
31001358933da102da59,adaptive,adaptive_allocation,2159,340789846,16,5000,0.08,0.05,rbf,median,anytime,bonferroni,1,10,False,UNRESOLVED,5000,True,False,True,0.0005119169945828617,0.08,0.18209213411654696,True,True,True,False
40c2ac1fb835db401003,adaptive,adaptive_allocation,2160,2512712302,16,5000,0.08,0.05,rbf,median,anytime,bonferroni,1,10,False,UNRESOLVED,5000,True,False,True,0.0005168329807929695,0.08,0.18209213411654696,True,True,True,False
e2aac6c54d7d953685e8,adaptive,adaptive_allocation,2161,3296508984,16,5000,0.08,0.05,rbf,median,anytime,bonferroni,1,10,False,UNRESOLVED,5000,True,False,True,0.00048158300342038274,0.08,0.18209213411654696,True,True,True,False
6940c02cef60ada8c1a2,adaptive,adaptive_allocation,2162,984539525,16,5000,0.08,0.05,rbf,median,anytime,bonferroni,1,10,False,UNRESOLVED,5000,True,False,True,0.00047441700007766485,0.08,0.18209213411654696,True,True,True,False
5c301dce10227e44d48a,adaptive,adaptive_allocation,2163,1539454576,16,5000,0.08,0.05,rbf,median,anytime,bonferroni,1,10,False,UNRESOLVED,5000,True,False,True,0.0004737080307677388,0.08,0.18209213411654696,True,True,True,False
0635f08810dd88de034a,adaptive,adaptive_allocation,2164,2048975525,16,5000,0.08,0.05,rbf,median,anytime,bonferroni,1,10,False,UNRESOLVED,5000,True,False,True,0.000494042003992945,0.08,0.18209213411654696,True,True,True,False
dd96bef3b6199eaa9b1a,adaptive,adaptive_allocation,2165,1256994463,16,5000,0.08,0.05,rbf,median,anytime,bonferroni,1,10,False,UNRESOLVED,5000,True,False,True,0.00041908404091373086,0.08,0.18209213411654696,True,True,True,False
acf21ed1b24c8d4c9710,adaptive,adaptive_allocation,2166,3375594267,16,5000,0.08,0.05,rbf,median,anytime,bonferroni,1,10,False,UNRESOLVED,5000,True,False,True,0.0003553340211510658,0.08,0.18209213411654696,True,True,True,False
ca4527cca5def3eea757,adaptive,adaptive_allocation,2167,1328084609,16,5000,0.08,0.05,rbf,median,anytime,bonferroni,1,10,False,UNRESOLVED,5000,True,False,True,0.0003499999875202775,0.08,0.18209213411654696,True,True,True,False
075f3708fcdc631248dc,adaptive,adaptive_allocation,2168,2315217784,16,5000,0.08,0.05,rbf,median,anytime,bonferroni,1,10,False,UNRESOLVED,5000,True,False,True,0.00035083299735561013,0.08,0.18209213411654696,True,True,True,False
62962bfbe1687aea573f,adaptive,adaptive_allocation,2169,3782530894,16,5000,0.08,0.05,rbf,median,anytime,bonferroni,1,10,False,UNRESOLVED,5000,True,False,True,0.0003494169795885682,0.08,0.18209213411654696,True,True,True,False
73151faf903759c19163,adaptive,adaptive_allocation,2170,2103125325,16,5000,0.08,0.05,rbf,median,anytime,bonferroni,1,10,False,UNRESOLVED,5000,True,False,True,0.000345249951351434,0.08,0.18209213411654696,True,True,True,False
780f7da16a45c6187e10,adaptive,adaptive_allocation,2171,606459440,16,5000,0.08,0.05,rbf,median,anytime,bonferroni,1,10,False,UNRESOLVED,5000,True,False,True,0.00034566601971164346,0.08,0.18209213411654696,True,True,True,False
5a5e71ffb9e84a6217da,adaptive,adaptive_allocation,2172,1397526703,16,5000,0.08,0.05,rbf,median,anytime,bonferroni,1,10,False,UNRESOLVED,5000,True,False,True,0.0003488750080578029,0.08,0.18209213411654696,True,True,True,False
b85422954f480042ddc9,adaptive,adaptive_allocation,2173,591686379,16,5000,0.08,0.05,rbf,median,anytime,bonferroni,1,10,False,UNRESOLVED,5000,True,False,True,0.0003462500171735883,0.08,0.18209213411654696,True,True,True,False
0f9b6a4db6bb2604ddc9,adaptive,adaptive_allocation,2174,642031433,16,5000,0.08,0.05,rbf,median,anytime,bonferroni,1,10,False,UNRESOLVED,5000,True,False,True,0.0003468750510364771,0.08,0.18209213411654696,True,True,True,False
3585414919bdfcd3c22a,adaptive,adaptive_allocation,2175,3565426820,16,5000,0.08,0.05,rbf,median,anytime,bonferroni,1,10,False,UNRESOLVED,5000,True,False,True,0.0003462920431047678,0.08,0.18209213411654696,True,True,True,False
e0c0bd539168b4b6a3ce,adaptive,adaptive_allocation,2176,2020543827,16,5000,0.08,0.05,rbf,median,anytime,bonferroni,1,10,False,UNRESOLVED,5000,True,False,True,0.0003493750118650496,0.08,0.18209213411654696,True,True,True,False
4ef34a09b478f0d33f50,adaptive,adaptive_allocation,2177,3514270948,16,5000,0.08,0.05,rbf,median,anytime,bonferroni,1,10,False,UNRESOLVED,5000,True,False,True,0.00034837500425055623,0.08,0.18209213411654696,True,True,True,False
ad3b3ef37cd698e7f3a0,adaptive,adaptive_allocation,2178,2127738845,16,5000,0.08,0.05,rbf,median,anytime,bonferroni,1,10,False,UNRESOLVED,5000,True,False,True,0.00034895900171250105,0.08,0.18209213411654696,True,True,True,False
b0b44e149b879a38b992,adaptive,adaptive_allocation,2179,3920812814,16,5000,0.08,0.05,rbf,median,anytime,bonferroni,1,10,False,UNRESOLVED,5000,True,False,True,0.00034841697197407484,0.08,0.18209213411654696,True,True,True,False
1f68aeff4195af7c321b,adaptive,adaptive_allocation,2180,669574740,16,5000,0.08,0.05,rbf,median,anytime,bonferroni,1,10,False,UNRESOLVED,5000,True,False,True,0.0003517080331221223,0.08,0.18209213411654696,True,True,True,False
0ba46b23b74a763fc122,adaptive,adaptive_allocation,2181,2646987314,16,5000,0.08,0.05,rbf,median,anytime,bonferroni,1,10,False,UNRESOLVED,5000,True,False,True,0.0003468749928288162,0.08,0.18209213411654696,True,True,True,False
62fd796a8aabdbc35840,adaptive,adaptive_allocation,2182,332074771,16,5000,0.08,0.05,rbf,median,anytime,bonferroni,1,10,False,UNRESOLVED,5000,True,False,True,0.000346417014952749,0.08,0.18209213411654696,True,True,True,False
cf7459a7069583ecdb21,adaptive,adaptive_allocation,2183,496852738,16,5000,0.08,0.05,rbf,median,anytime,bonferroni,1,10,False,UNRESOLVED,5000,True,False,True,0.00034770905040204525,0.08,0.18209213411654696,True,True,True,False
65fcc0eaae73e48b775a,adaptive,adaptive_allocation,2184,1867813320,16,5000,0.08,0.05,rbf,median,anytime,bonferroni,1,10,False,UNRESOLVED,5000,True,False,True,0.0003495829878374934,0.08,0.18209213411654696,True,True,True,False
952958919c5cb831af56,adaptive,adaptive_allocation,2185,1980200339,16,5000,0.08,0.05,rbf,median,anytime,bonferroni,1,10,False,UNRESOLVED,5000,True,False,True,0.0003481670282781124,0.08,0.18209213411654696,True,True,True,False
8334e2de79fb94aabf4f,adaptive,adaptive_allocation,2186,1618213396,16,5000,0.08,0.05,rbf,median,anytime,bonferroni,1,10,False,UNRESOLVED,5000,True,False,True,0.00034783297451213,0.08,0.18209213411654696,True,True,True,False
ff528f4975f190ebca41,adaptive,adaptive_allocation,2187,3490331067,16,5000,0.08,0.05,rbf,median,anytime,bonferroni,1,10,False,UNRESOLVED,5000,True,False,True,0.00034654198680073023,0.08,0.18209213411654696,True,True,True,False
0d1db7de0103937a5bdf,adaptive,adaptive_allocation,2188,2565213593,16,5000,0.08,0.05,rbf,median,anytime,bonferroni,1,10,False,UNRESOLVED,5000,True,False,True,0.000350707967299968,0.08,0.18209213411654696,True,True,True,False
ef5585cf6cde595ba927,adaptive,adaptive_allocation,2189,973566584,16,5000,0.08,0.05,rbf,median,anytime,bonferroni,1,10,False,UNRESOLVED,5000,True,False,True,0.0003476660349406302,0.08,0.18209213411654696,True,True,True,False
8b1733757f2461752575,adaptive,adaptive_allocation,2190,2335000177,16,5000,0.08,0.05,rbf,median,anytime,bonferroni,1,10,False,UNRESOLVED,5000,True,False,True,0.0003456250415183604,0.08,0.18209213411654696,True,True,True,False
0f0867afb9a5019abb74,adaptive,adaptive_allocation,2191,3321487019,16,5000,0.08,0.05,rbf,median,anytime,bonferroni,1,10,False,UNRESOLVED,5000,True,False,True,0.0003476249985396862,0.08,0.18209213411654696,True,True,True,False
71ecfcf8760309c56e86,adaptive,adaptive_allocation,2192,1932194419,16,5000,0.08,0.05,rbf,median,anytime,bonferroni,1,10,False,UNRESOLVED,5000,True,False,True,0.0003501659957692027,0.08,0.18209213411654696,True,True,True,False
aeb72a0a0f9a63bbcfcf,adaptive,adaptive_allocation,2193,3297522536,16,5000,0.08,0.05,rbf,median,anytime,bonferroni,1,10,False,UNRESOLVED,5000,True,False,True,0.00034737499663606286,0.08,0.18209213411654696,True,True,True,False
bcadac0b94150b8b0d6f,adaptive,adaptive_allocation,2194,3958738477,16,5000,0.08,0.05,rbf,median,anytime,bonferroni,1,10,False,UNRESOLVED,5000,True,False,True,0.000346417014952749,0.08,0.18209213411654696,True,True,True,False
da7e7a234e29b73cabf2,adaptive,adaptive_allocation,2195,3226881167,16,5000,0.08,0.05,rbf,median,anytime,bonferroni,1,10,False,UNRESOLVED,5000,True,False,True,0.00034604198299348354,0.08,0.18209213411654696,True,True,True,False
bde6f92a7c142e4fc0f2,adaptive,adaptive_allocation,2196,2997751157,16,5000,0.08,0.05,rbf,median,anytime,bonferroni,1,10,False,UNRESOLVED,5000,True,False,True,0.00035333301639184356,0.08,0.18209213411654696,True,True,True,False
23ec4675f1981a4b4e78,adaptive,adaptive_allocation,2197,1753202325,16,5000,0.08,0.05,rbf,median,anytime,bonferroni,1,10,False,UNRESOLVED,5000,True,False,True,0.00034666701685637236,0.08,0.18209213411654696,True,True,True,False
e7fb2174178dad9d23f3,adaptive,adaptive_allocation,2198,3507985518,16,5000,0.08,0.05,rbf,median,anytime,bonferroni,1,10,False,UNRESOLVED,5000,True,False,True,0.0003801250131800771,0.08,0.18209213411654696,True,True,True,False
81b6fb44cf6adf9602cb,adaptive,adaptive_allocation,2199,3926383698,16,5000,0.08,0.05,rbf,median,anytime,bonferroni,1,10,False,UNRESOLVED,5000,True,False,True,0.0004044999950565398,0.08,0.18209213411654696,True,True,True,False
d1aefff5f6480d7a9a80,adaptive,adaptive_allocation,2200,1157014023,16,5000,0.08,0.05,rbf,median,anytime,bonferroni,1,10,False,UNRESOLVED,5000,True,False,True,0.0004075420438311994,0.08,0.18209213411654696,True,True,True,False
20d4b8f0e1548e354858,adaptive,adaptive_allocation,2201,215726023,16,5000,0.08,0.05,rbf,median,anytime,bonferroni,1,10,False,UNRESOLVED,5000,True,False,True,0.00040429196087643504,0.08,0.18209213411654696,True,True,True,False
ddaf1f56c5153e5ceb18,adaptive,adaptive_allocation,2202,2366585714,16,5000,0.08,0.05,rbf,median,anytime,bonferroni,1,10,False,UNRESOLVED,5000,True,False,True,0.0004012499703094363,0.08,0.18209213411654696,True,True,True,False
a6bd012279e0d35e1849,adaptive,adaptive_allocation,2203,1171868777,16,5000,0.08,0.05,rbf,median,anytime,bonferroni,1,10,False,UNRESOLVED,5000,True,False,True,0.00040133402217179537,0.08,0.18209213411654696,True,True,True,False
7f5ba3fc78df0173ca5d,adaptive,adaptive_allocation,2204,3845160812,16,5000,0.08,0.05,rbf,median,anytime,bonferroni,1,10,False,UNRESOLVED,5000,True,False,True,0.0004058329504914582,0.08,0.18209213411654696,True,True,True,False
78e3361e7830a39a8628,adaptive,adaptive_allocation,2205,3536234080,16,5000,0.08,0.05,rbf,median,anytime,bonferroni,1,10,False,UNRESOLVED,5000,True,False,True,0.0004018329782411456,0.08,0.18209213411654696,True,True,True,False
ec124c7cac83acb228b4,adaptive,adaptive_allocation,2206,3382786791,16,5000,0.08,0.05,rbf,median,anytime,bonferroni,1,10,False,UNRESOLVED,5000,True,False,True,0.0004033750155940652,0.08,0.18209213411654696,True,True,True,False
f8eabd6c1d8c0aadc3dd,adaptive,adaptive_allocation,2207,2136327251,16,5000,0.08,0.05,rbf,median,anytime,bonferroni,1,10,False,UNRESOLVED,5000,True,False,True,0.0004002920468337834,0.08,0.18209213411654696,True,True,True,False
3ed1b4d78ee37b1a85ab,adaptive,adaptive_allocation,2208,2639724025,16,5000,0.08,0.05,rbf,median,anytime,bonferroni,1,10,False,UNRESOLVED,5000,True,False,True,0.0004046669928357005,0.08,0.18209213411654696,True,True,True,False
1ca647097b451e18edb0,adaptive,adaptive_allocation,2209,3439763899,16,5000,0.08,0.05,rbf,median,anytime,bonferroni,1,10,False,UNRESOLVED,5000,True,False,True,0.00040191604057326913,0.08,0.18209213411654696,True,True,True,False
7ef1c1c0729b5ec0599f,adaptive,adaptive_allocation,2210,2146538933,16,5000,0.08,0.05,rbf,median,anytime,bonferroni,1,10,False,UNRESOLVED,5000,True,False,True,0.00040445802733302116,0.08,0.18209213411654696,True,True,True,False
92809621da411dee1b86,adaptive,adaptive_allocation,2211,2228978743,16,5000,0.08,0.05,rbf,median,anytime,bonferroni,1,10,False,UNRESOLVED,5000,True,False,True,0.00040179200004786253,0.08,0.18209213411654696,True,True,True,False
2f69027ba31842e5baf3,adaptive,adaptive_allocation,2212,2843383145,16,5000,0.08,0.05,rbf,median,anytime,bonferroni,1,10,False,UNRESOLVED,5000,True,False,True,0.0004048330010846257,0.08,0.18209213411654696,True,True,True,False
e8048e82a3fc2dc24e88,adaptive,adaptive_allocation,2213,4206879762,16,5000,0.08,0.05,rbf,median,anytime,bonferroni,1,10,False,UNRESOLVED,5000,True,False,True,0.00040074996650218964,0.08,0.18209213411654696,True,True,True,False
307c9bd8a5356bc0e96e,adaptive,adaptive_allocation,2214,4174883820,16,5000,0.08,0.05,rbf,median,anytime,bonferroni,1,10,False,UNRESOLVED,5000,True,False,True,0.0004016669699922204,0.08,0.18209213411654696,True,True,True,False
3230f0965381c2cf41f9,adaptive,adaptive_allocation,2215,3633300127,16,5000,0.08,0.05,rbf,median,anytime,bonferroni,1,10,False,UNRESOLVED,5000,True,False,True,0.0003997500170953572,0.08,0.18209213411654696,True,True,True,False
64ce82dbc9daaa9d9139,adaptive,adaptive_allocation,2216,2654993177,16,5000,0.08,0.05,rbf,median,anytime,bonferroni,1,10,False,UNRESOLVED,5000,True,False,True,0.0004074590397067368,0.08,0.18209213411654696,True,True,True,False
d94bbd9fb2eede6a6bdd,adaptive,adaptive_allocation,2217,588384832,16,5000,0.08,0.05,rbf,median,anytime,bonferroni,1,10,False,UNRESOLVED,5000,True,False,True,0.0004015830345451832,0.08,0.18209213411654696,True,True,True,False
950ec6005e1e28d4cb5e,adaptive,adaptive_allocation,2218,1897790283,16,5000,0.08,0.05,rbf,median,anytime,bonferroni,1,10,False,UNRESOLVED,5000,True,False,True,0.00040129199624061584,0.08,0.18209213411654696,True,True,True,False
fcb2e38cf11c87d20e42,adaptive,adaptive_allocation,2219,1871673683,16,5000,0.08,0.05,rbf,median,anytime,bonferroni,1,10,False,UNRESOLVED,5000,True,False,True,0.0004011249984614551,0.08,0.18209213411654696,True,True,True,False
605ddb5f8eef08357f7c,adaptive,adaptive_allocation,2220,4231175083,16,5000,0.08,0.05,rbf,median,anytime,bonferroni,1,10,False,UNRESOLVED,5000,True,False,True,0.0004071249859407544,0.08,0.18209213411654696,True,True,True,False
8987984c02bf0ead62a2,adaptive,adaptive_allocation,2221,3088163087,16,5000,0.08,0.05,rbf,median,anytime,bonferroni,1,10,False,UNRESOLVED,5000,True,False,True,0.0004009170224890113,0.08,0.18209213411654696,True,True,True,False
5506a35334f47f0f3199,adaptive,adaptive_allocation,2222,3753041815,16,5000,0.08,0.05,rbf,median,anytime,bonferroni,1,10,False,UNRESOLVED,5000,True,False,True,0.00040316599188372493,0.08,0.18209213411654696,True,True,True,False
5e1388da248939416d36,adaptive,adaptive_allocation,2223,3557615187,16,5000,0.08,0.05,rbf,median,anytime,bonferroni,1,10,False,UNRESOLVED,5000,True,False,True,0.00040187500417232513,0.08,0.18209213411654696,True,True,True,False
4e5fe7c281e27728e41c,adaptive,adaptive_allocation,2224,3526590109,16,5000,0.08,0.05,rbf,median,anytime,bonferroni,1,10,False,UNRESOLVED,5000,True,False,True,0.000406416947953403,0.08,0.18209213411654696,True,True,True,False
9103ec8c6dedba6d80d7,adaptive,adaptive_allocation,2225,1109416239,16,5000,0.08,0.05,rbf,median,anytime,bonferroni,1,10,False,UNRESOLVED,5000,True,False,True,0.0004000000189989805,0.08,0.18209213411654696,True,True,True,False
8303b295ea5fffc5ea95,adaptive,adaptive_allocation,2226,3271600330,16,5000,0.08,0.05,rbf,median,anytime,bonferroni,1,10,False,UNRESOLVED,5000,True,False,True,0.0004028750117868185,0.08,0.18209213411654696,True,True,True,False
3664c9db06d3e5fbebf1,adaptive,adaptive_allocation,2227,469107929,16,5000,0.08,0.05,rbf,median,anytime,bonferroni,1,10,False,UNRESOLVED,5000,True,False,True,0.0004014589940197766,0.08,0.18209213411654696,True,True,True,False
e52adb9ba1689b94ec8b,adaptive,adaptive_allocation,2228,3406157829,16,5000,0.08,0.05,rbf,median,anytime,bonferroni,1,10,False,UNRESOLVED,5000,True,False,True,0.00040687498403713107,0.08,0.18209213411654696,True,True,True,False
5d8d453ff0692516e2f5,adaptive,adaptive_allocation,2229,3277043958,16,5000,0.08,0.05,rbf,median,anytime,bonferroni,1,10,False,UNRESOLVED,5000,True,False,True,0.0004021250060759485,0.08,0.18209213411654696,True,True,True,False
b52c1f663e4676b0f847,adaptive,adaptive_allocation,2230,1625704414,16,5000,0.08,0.05,rbf,median,anytime,bonferroni,1,10,False,UNRESOLVED,5000,True,False,True,0.00040191703010350466,0.08,0.18209213411654696,True,True,True,False
c0daf6db79c47ea28fad,adaptive,adaptive_allocation,2231,1445214754,16,5000,0.08,0.05,rbf,median,anytime,bonferroni,1,10,False,UNRESOLVED,5000,True,False,True,0.00034670799504965544,0.08,0.18209213411654696,True,True,True,False
1a9c141183ddefddf23b,adaptive,adaptive_allocation,2232,1869491211,16,5000,0.08,0.05,rbf,median,anytime,bonferroni,1,10,False,UNRESOLVED,5000,True,False,True,0.0003506250213831663,0.08,0.18209213411654696,True,True,True,False
c812f61b4f26e7c2b632,adaptive,adaptive_allocation,2233,2665362494,16,5000,0.08,0.05,rbf,median,anytime,bonferroni,1,10,False,UNRESOLVED,5000,True,False,True,0.0003459169529378414,0.08,0.18209213411654696,True,True,True,False
4ee40afe0529608fda48,adaptive,adaptive_allocation,2234,2703630511,16,5000,0.08,0.05,rbf,median,anytime,bonferroni,1,10,False,UNRESOLVED,5000,True,False,True,0.00034837500425055623,0.08,0.18209213411654696,True,True,True,False
9074b57a4075d737420c,adaptive,adaptive_allocation,2235,2971466736,16,5000,0.08,0.05,rbf,median,anytime,bonferroni,1,10,False,UNRESOLVED,5000,True,False,True,0.00034554203739389777,0.08,0.18209213411654696,True,True,True,False
b44cf50219db662fd914,adaptive,adaptive_allocation,2236,4254650000,16,5000,0.08,0.05,rbf,median,anytime,bonferroni,1,10,False,UNRESOLVED,5000,True,False,True,0.0003488750080578029,0.08,0.18209213411654696,True,True,True,False
7eac3b07264ab77538aa,adaptive,adaptive_allocation,2237,3571592696,16,5000,0.08,0.05,rbf,median,anytime,bonferroni,1,10,False,UNRESOLVED,5000,True,False,True,0.00034737499663606286,0.08,0.18209213411654696,True,True,True,False
dd0aec72624458af17d1,adaptive,adaptive_allocation,2238,421545225,16,5000,0.08,0.05,rbf,median,anytime,bonferroni,1,10,False,UNRESOLVED,5000,True,False,True,0.00034425000194460154,0.08,0.18209213411654696,True,True,True,False
1cfa0ab2d950344da7c3,adaptive,adaptive_allocation,2239,2994700641,16,5000,0.08,0.05,rbf,median,anytime,bonferroni,1,10,False,UNRESOLVED,5000,True,False,True,0.00034654198680073023,0.08,0.18209213411654696,True,True,True,False
2d6113b542baaeb45c79,adaptive,adaptive_allocation,2240,1208982998,16,5000,0.08,0.05,rbf,median,anytime,bonferroni,1,10,False,UNRESOLVED,5000,True,False,True,0.0005068329628556967,0.08,0.18209213411654696,True,True,True,False
065c01aa1eafb359503e,adaptive,adaptive_allocation,2241,3043945043,16,5000,0.08,0.05,rbf,median,anytime,bonferroni,1,10,False,UNRESOLVED,5000,True,False,True,0.0005902499542571604,0.08,0.18209213411654696,True,True,True,False
362cbcb9ad1eef2ee45c,adaptive,adaptive_allocation,2242,2153511298,16,5000,0.08,0.05,rbf,median,anytime,bonferroni,1,10,False,UNRESOLVED,5000,True,False,True,0.0005316659808158875,0.08,0.18209213411654696,True,True,True,False
31b5054061370e2a498d,adaptive,adaptive_allocation,2243,1612572794,16,5000,0.08,0.05,rbf,median,anytime,bonferroni,1,10,False,UNRESOLVED,5000,True,False,True,0.00048500002594664693,0.08,0.18209213411654696,True,True,True,False
b877681b2cd60e7a4392,adaptive,adaptive_allocation,2244,4067025320,16,5000,0.08,0.05,rbf,median,anytime,bonferroni,1,10,False,UNRESOLVED,5000,True,False,True,0.0004743330064229667,0.08,0.18209213411654696,True,True,True,False
bf160720d295f8d8073f,adaptive,adaptive_allocation,2245,4118700783,16,5000,0.08,0.05,rbf,median,anytime,bonferroni,1,10,False,UNRESOLVED,5000,True,False,True,0.0004932919982820749,0.08,0.18209213411654696,True,True,True,False
ddbe547e978476851ed5,adaptive,adaptive_allocation,2246,2405064132,16,5000,0.08,0.05,rbf,median,anytime,bonferroni,1,10,False,UNRESOLVED,5000,True,False,True,0.0003542500198818743,0.08,0.18209213411654696,True,True,True,False
7f14ad1e49e352c5aa8d,adaptive,adaptive_allocation,2247,3181991571,16,5000,0.08,0.05,rbf,median,anytime,bonferroni,1,10,False,UNRESOLVED,5000,True,False,True,0.00034808297641575336,0.08,0.18209213411654696,True,True,True,False
6f8d5fbe18b975146278,adaptive,adaptive_allocation,2248,2529494951,16,5000,0.08,0.05,rbf,median,anytime,bonferroni,1,10,False,UNRESOLVED,5000,True,False,True,0.0003491670358926058,0.08,0.18209213411654696,True,True,True,False
913dcd7f5f95abb36b8c,adaptive,adaptive_allocation,2249,4229899759,16,5000,0.08,0.05,rbf,median,anytime,bonferroni,1,10,False,UNRESOLVED,5000,True,False,True,0.00035087496507912874,0.08,0.18209213411654696,True,True,True,False
2459f522bf9bf0656720,adaptive,adaptive_allocation,2250,3801808358,16,5000,0.08,0.05,rbf,median,anytime,bonferroni,1,10,False,UNRESOLVED,5000,True,False,True,0.0003464999608695507,0.08,0.18209213411654696,True,True,True,False
72be59a00f0b8a3a1509,adaptive,adaptive_allocation,2251,3625959159,16,5000,0.08,0.05,rbf,median,anytime,bonferroni,1,10,False,UNRESOLVED,5000,True,False,True,0.00034720898838713765,0.08,0.18209213411654696,True,True,True,False
ff0dcbdcee1425a04794,adaptive,adaptive_allocation,2252,3804018983,16,5000,0.08,0.05,rbf,median,anytime,bonferroni,1,10,False,UNRESOLVED,5000,True,False,True,0.00034620799124240875,0.08,0.18209213411654696,True,True,True,False
6d440d0a0a8134dbb8a1,adaptive,adaptive_allocation,2253,3797262025,16,5000,0.08,0.05,rbf,median,anytime,bonferroni,1,10,False,UNRESOLVED,5000,True,False,True,0.0003486250061541796,0.08,0.18209213411654696,True,True,True,False
65b4e9e50cc9c8f18c47,adaptive,adaptive_allocation,2254,2755905516,16,5000,0.08,0.05,rbf,median,anytime,bonferroni,1,10,False,UNRESOLVED,5000,True,False,True,0.0003451670054346323,0.08,0.18209213411654696,True,True,True,False
f73696dd457a1eecb631,adaptive,adaptive_allocation,2255,1498878969,16,5000,0.08,0.05,rbf,median,anytime,bonferroni,1,10,False,UNRESOLVED,5000,True,False,True,0.0003457499551586807,0.08,0.18209213411654696,True,True,True,False
dd39a84389fb428bf599,adaptive,adaptive_allocation,2256,461688184,16,5000,0.08,0.05,rbf,median,anytime,bonferroni,1,10,False,UNRESOLVED,5000,True,False,True,0.00034745800076052547,0.08,0.18209213411654696,True,True,True,False
073a6c9783c018125d25,adaptive,adaptive_allocation,2257,3000709416,16,5000,0.08,0.05,rbf,median,anytime,bonferroni,1,10,False,UNRESOLVED,5000,True,False,True,0.0003500409657135606,0.08,0.18209213411654696,True,True,True,False
f32f74c91870c8e1a8af,adaptive,adaptive_allocation,2258,1115983225,16,5000,0.08,0.05,rbf,median,anytime,bonferroni,1,10,False,UNRESOLVED,5000,True,False,True,0.00034579099155962467,0.08,0.18209213411654696,True,True,True,False
372cb8e8fd8858c434fe,adaptive,adaptive_allocation,2259,963758491,16,5000,0.08,0.05,rbf,median,anytime,bonferroni,1,10,False,UNRESOLVED,5000,True,False,True,0.0003465409972704947,0.08,0.18209213411654696,True,True,True,False
4ba9395cf92a84f210bf,adaptive,adaptive_allocation,2260,3101965994,16,5000,0.08,0.05,rbf,median,anytime,bonferroni,1,10,False,UNRESOLVED,5000,True,False,True,0.00040249997982755303,0.08,0.18209213411654696,True,True,True,False
efdf0374310d3d3621d8,adaptive,adaptive_allocation,2261,267308585,16,5000,0.08,0.05,rbf,median,anytime,bonferroni,1,10,False,UNRESOLVED,5000,True,False,True,0.00040595897007733583,0.08,0.18209213411654696,True,True,True,False
2e60519e8b559c5a73f6,adaptive,adaptive_allocation,2262,3443681434,16,5000,0.08,0.05,rbf,median,anytime,bonferroni,1,10,False,UNRESOLVED,5000,True,False,True,0.00040087499655783176,0.08,0.18209213411654696,True,True,True,False
98be0e878793657cb39b,adaptive,adaptive_allocation,2263,2744241262,16,5000,0.08,0.05,rbf,median,anytime,bonferroni,1,10,False,UNRESOLVED,5000,True,False,True,0.00040187500417232513,0.08,0.18209213411654696,True,True,True,False
c4bab4ce6d7eccd3b467,adaptive,adaptive_allocation,2264,2396992000,16,5000,0.08,0.05,rbf,median,anytime,bonferroni,1,10,False,UNRESOLVED,5000,True,False,True,0.00040424999315291643,0.08,0.18209213411654696,True,True,True,False
1a917018ba6aff2be494,adaptive,adaptive_allocation,2265,4108755271,16,5000,0.08,0.05,rbf,median,anytime,bonferroni,1,10,False,UNRESOLVED,5000,True,False,True,0.0004075420438311994,0.08,0.18209213411654696,True,True,True,False
4ba159f980928959b20b,adaptive,adaptive_allocation,2266,3679288886,16,5000,0.08,0.05,rbf,median,anytime,bonferroni,1,10,False,UNRESOLVED,5000,True,False,True,0.0004028339753858745,0.08,0.18209213411654696,True,True,True,False
02ffbfd7e1aad78c4828,adaptive,adaptive_allocation,2267,437710208,16,5000,0.08,0.05,rbf,median,anytime,bonferroni,1,10,False,UNRESOLVED,5000,True,False,True,0.0004018749459646642,0.08,0.18209213411654696,True,True,True,False
8cd3aae27f5157081ba8,adaptive,adaptive_allocation,2268,3176442433,16,5000,0.08,0.05,rbf,median,anytime,bonferroni,1,10,False,UNRESOLVED,5000,True,False,True,0.00040158297633752227,0.08,0.18209213411654696,True,True,True,False
ee161a4cb9c7d25be342,adaptive,adaptive_allocation,2269,3799113595,16,5000,0.08,0.05,rbf,median,anytime,bonferroni,1,10,False,UNRESOLVED,5000,True,False,True,0.00040491699473932385,0.08,0.18209213411654696,True,True,True,False
25611ca41c08786c47b7,adaptive,adaptive_allocation,2270,2907183484,16,5000,0.08,0.05,rbf,median,anytime,bonferroni,1,10,False,UNRESOLVED,5000,True,False,True,0.0004113749600946903,0.08,0.18209213411654696,True,True,True,False
87f648b41084690e6466,adaptive,adaptive_allocation,2271,1470320167,16,5000,0.08,0.05,rbf,median,anytime,bonferroni,1,10,False,UNRESOLVED,5000,True,False,True,0.00040195800829678774,0.08,0.18209213411654696,True,True,True,False
ce7ff0d037adee527308,adaptive,adaptive_allocation,2272,3628026203,16,5000,0.08,0.05,rbf,median,anytime,bonferroni,1,10,False,UNRESOLVED,5000,True,False,True,0.0004032920114696026,0.08,0.18209213411654696,True,True,True,False
46844adca981be7dd74b,adaptive,adaptive_allocation,2273,3370774500,16,5000,0.08,0.05,rbf,median,anytime,bonferroni,1,10,False,UNRESOLVED,5000,True,False,True,0.000406457984354347,0.08,0.18209213411654696,True,True,True,False
f9c169fb9d7bc5e5848a,adaptive,adaptive_allocation,2274,2588166822,16,5000,0.08,0.05,rbf,median,anytime,bonferroni,1,10,False,UNRESOLVED,5000,True,False,True,0.00040183402597904205,0.08,0.18209213411654696,True,True,True,False
18f624118049ae7faf97,adaptive,adaptive_allocation,2275,3661380775,16,5000,0.08,0.05,rbf,median,anytime,bonferroni,1,10,False,UNRESOLVED,5000,True,False,True,0.0004038750194013119,0.08,0.18209213411654696,True,True,True,False
900f947de2fd61f9542f,adaptive,adaptive_allocation,2276,320842744,16,5000,0.08,0.05,rbf,median,anytime,bonferroni,1,10,False,UNRESOLVED,5000,True,False,True,0.0004021250060759485,0.08,0.18209213411654696,True,True,True,False
834ce108e30dfc5f3359,adaptive,adaptive_allocation,2277,2690319948,16,5000,0.08,0.05,rbf,median,anytime,bonferroni,1,10,False,UNRESOLVED,5000,True,False,True,0.000405374972615391,0.08,0.18209213411654696,True,True,True,False
c0acb13638484bed432c,adaptive,adaptive_allocation,2278,2945921309,16,5000,0.08,0.05,rbf,median,anytime,bonferroni,1,10,False,UNRESOLVED,5000,True,False,True,0.0004027500399388373,0.08,0.18209213411654696,True,True,True,False
204b1e97885f775c477f,adaptive,adaptive_allocation,2279,2961600941,16,5000,0.08,0.05,rbf,median,anytime,bonferroni,1,10,False,UNRESOLVED,5000,True,False,True,0.00040079100290313363,0.08,0.18209213411654696,True,True,True,False
e04f2cc86d007f141099,adaptive,adaptive_allocation,2280,1833573450,16,5000,0.08,0.05,rbf,median,anytime,bonferroni,1,10,False,UNRESOLVED,5000,True,False,True,0.00040395901305601,0.08,0.18209213411654696,True,True,True,False
2b1c11a671d2fe9959ee,adaptive,adaptive_allocation,2281,2323177037,16,5000,0.08,0.05,rbf,median,anytime,bonferroni,1,10,False,UNRESOLVED,5000,True,False,True,0.0004065419780090451,0.08,0.18209213411654696,True,True,True,False
d784d01ae38a150d73e4,adaptive,adaptive_allocation,2282,2630503332,16,5000,0.08,0.05,rbf,median,anytime,bonferroni,1,10,False,UNRESOLVED,5000,True,False,True,0.0004032920114696026,0.08,0.18209213411654696,True,True,True,False
79864531086817a91264,adaptive,adaptive_allocation,2283,2446749108,16,5000,0.08,0.05,rbf,median,anytime,bonferroni,1,10,False,UNRESOLVED,5000,True,False,True,0.0004011249984614551,0.08,0.18209213411654696,True,True,True,False
a22a5f59595827539c69,adaptive,adaptive_allocation,2284,3230942618,16,5000,0.08,0.05,rbf,median,anytime,bonferroni,1,10,False,UNRESOLVED,5000,True,False,True,0.00040258397348225117,0.08,0.18209213411654696,True,True,True,False
4ad92d100aef9dc21891,adaptive,adaptive_allocation,2285,2265316042,16,5000,0.08,0.05,rbf,median,anytime,bonferroni,1,10,False,UNRESOLVED,5000,True,False,True,0.00040691602043807507,0.08,0.18209213411654696,True,True,True,False
904b6c390ba5b9654f3a,adaptive,adaptive_allocation,2286,3449525582,16,5000,0.08,0.05,rbf,median,anytime,bonferroni,1,10,False,UNRESOLVED,5000,True,False,True,0.0004010000266134739,0.08,0.18209213411654696,True,True,True,False
c18fc9b12a3788263ae8,adaptive,adaptive_allocation,2287,3774156689,16,5000,0.08,0.05,rbf,median,anytime,bonferroni,1,10,False,UNRESOLVED,5000,True,False,True,0.0004029999836347997,0.08,0.18209213411654696,True,True,True,False
0873b9dcd3e779e4c1ba,adaptive,adaptive_allocation,2288,1823378063,16,5000,0.08,0.05,rbf,median,anytime,bonferroni,1,10,False,UNRESOLVED,5000,True,False,True,0.00040204194374382496,0.08,0.18209213411654696,True,True,True,False
c56b5559696b310bcebe,adaptive,adaptive_allocation,2289,2676558617,16,5000,0.08,0.05,rbf,median,anytime,bonferroni,1,10,False,UNRESOLVED,5000,True,False,True,0.00040499999886378646,0.08,0.18209213411654696,True,True,True,False
68f6d7804d992014ca9c,adaptive,adaptive_allocation,2290,3300456394,16,5000,0.08,0.05,rbf,median,anytime,bonferroni,1,10,False,UNRESOLVED,5000,True,False,True,0.0004029159899801016,0.08,0.18209213411654696,True,True,True,False
16d3a1ac8dd1e8a60975,adaptive,adaptive_allocation,2291,2069021017,16,5000,0.08,0.05,rbf,median,anytime,bonferroni,1,10,False,UNRESOLVED,5000,True,False,True,0.00040004204493016005,0.08,0.18209213411654696,True,True,True,False
0fb70b3f7f5911ad5fe6,adaptive,adaptive_allocation,2292,3749034877,16,5000,0.08,0.05,rbf,median,anytime,bonferroni,1,10,False,UNRESOLVED,5000,True,False,True,0.00040079100290313363,0.08,0.18209213411654696,True,True,True,False
ff596295e1ad9dfe1bb1,adaptive,adaptive_allocation,2293,1062085872,16,5000,0.08,0.05,rbf,median,anytime,bonferroni,1,10,False,UNRESOLVED,5000,True,False,True,0.00040495803114026785,0.08,0.18209213411654696,True,True,True,False
909a00ce62375147bd14,adaptive,adaptive_allocation,2294,1347746001,16,5000,0.08,0.05,rbf,median,anytime,bonferroni,1,10,False,UNRESOLVED,5000,True,False,True,0.0004016669699922204,0.08,0.18209213411654696,True,True,True,False
1d1fc919b6df7c505d0b,adaptive,adaptive_allocation,2295,2848706884,16,5000,0.08,0.05,rbf,median,anytime,bonferroni,1,10,False,UNRESOLVED,5000,True,False,True,0.00040137500036507845,0.08,0.18209213411654696,True,True,True,False
06e2056febbef0246b5d,adaptive,adaptive_allocation,2296,302231054,16,5000,0.08,0.05,rbf,median,anytime,bonferroni,1,10,False,UNRESOLVED,5000,True,False,True,0.00040195800829678774,0.08,0.18209213411654696,True,True,True,False
ac363d8877b218acdcf1,adaptive,adaptive_allocation,2297,3900200241,16,5000,0.08,0.05,rbf,median,anytime,bonferroni,1,10,False,UNRESOLVED,5000,True,False,True,0.00040491699473932385,0.08,0.18209213411654696,True,True,True,False
9e5ac774acbd45465da5,adaptive,adaptive_allocation,2298,3072527158,16,5000,0.08,0.05,rbf,median,anytime,bonferroni,1,10,False,UNRESOLVED,5000,True,False,True,0.000401749974116683,0.08,0.18209213411654696,True,True,True,False
59e51dc6177609947840,adaptive,adaptive_allocation,2299,688459815,16,5000,0.08,0.05,rbf,median,anytime,bonferroni,1,10,False,UNRESOLVED,5000,True,False,True,0.0004022920038551092,0.08,0.18209213411654696,True,True,True,False
5a827ceef2986150a95c,adaptive,adaptive_allocation,2300,2547436634,16,5000,0.08,0.05,rbf,median,anytime,bonferroni,1,10,False,UNRESOLVED,5000,True,False,True,0.0004027499817311764,0.08,0.18209213411654696,True,True,True,False
57668bd3d3a90fa046d3,adaptive,adaptive_allocation,2301,666467038,16,5000,0.08,0.05,rbf,median,anytime,bonferroni,1,10,False,UNRESOLVED,5000,True,False,True,0.00040716701187193394,0.08,0.18209213411654696,True,True,True,False
d8b611ac9a171fb1fb3b,adaptive,adaptive_allocation,2302,4100018239,16,5000,0.08,0.05,rbf,median,anytime,bonferroni,1,10,False,UNRESOLVED,5000,True,False,True,0.00040316698141396046,0.08,0.18209213411654696,True,True,True,False
b41832834ed446e69cf3,adaptive,adaptive_allocation,2303,2627702783,16,5000,0.08,0.05,rbf,median,anytime,bonferroni,1,10,False,UNRESOLVED,5000,True,False,True,0.0004018330364488065,0.08,0.18209213411654696,True,True,True,False
00ac5e21ea6ab6ecdb5e,adaptive,adaptive_allocation,2304,325306011,16,5000,0.08,0.05,rbf,median,anytime,bonferroni,1,10,False,UNRESOLVED,5000,True,False,True,0.000401749974116683,0.08,0.18209213411654696,True,True,True,False
4d34cedc3b83bc03845f,adaptive,adaptive_allocation,2305,468190569,16,5000,0.08,0.05,rbf,median,anytime,bonferroni,1,10,False,UNRESOLVED,5000,True,False,True,0.00040687498403713107,0.08,0.18209213411654696,True,True,True,False
47351d2c1a5384ef3e04,adaptive,adaptive_allocation,2306,3095432119,16,5000,0.08,0.05,rbf,median,anytime,bonferroni,1,10,False,UNRESOLVED,5000,True,False,True,0.00040129199624061584,0.08,0.18209213411654696,True,True,True,False
8d66215650300f9875ed,adaptive,adaptive_allocation,2307,2979986740,16,5000,0.08,0.05,rbf,median,anytime,bonferroni,1,10,False,UNRESOLVED,5000,True,False,True,0.00040095800068229437,0.08,0.18209213411654696,True,True,True,False
c551881c914b0c8cab95,adaptive,adaptive_allocation,2308,1386249396,16,5000,0.08,0.05,rbf,median,anytime,bonferroni,1,10,False,UNRESOLVED,5000,True,False,True,0.00039962498703971505,0.08,0.18209213411654696,True,True,True,False
951ee2776d084acb6122,adaptive,adaptive_allocation,2309,3797455816,16,5000,0.08,0.05,rbf,median,anytime,bonferroni,1,10,False,UNRESOLVED,5000,True,False,True,0.0004037079634144902,0.08,0.18209213411654696,True,True,True,False
b64a325fbd97810ca362,adaptive,adaptive_allocation,2310,862298455,16,5000,0.08,0.05,rbf,median,anytime,bonferroni,1,10,False,UNRESOLVED,5000,True,False,True,0.0004012080025859177,0.08,0.18209213411654696,True,True,True,False
1f500b98efe5df14cbb9,adaptive,adaptive_allocation,2311,938889643,16,5000,0.08,0.05,rbf,median,anytime,bonferroni,1,10,False,UNRESOLVED,5000,True,False,True,0.0004027499817311764,0.08,0.18209213411654696,True,True,True,False
2849033d56f0f100d90f,adaptive,adaptive_allocation,2312,714242265,16,5000,0.08,0.05,rbf,median,anytime,bonferroni,1,10,False,UNRESOLVED,5000,True,False,True,0.00040066702058538795,0.08,0.18209213411654696,True,True,True,False
256edbf42406b00b7fd1,adaptive,adaptive_allocation,2313,1497108891,16,5000,0.08,0.05,rbf,median,anytime,bonferroni,1,10,False,UNRESOLVED,5000,True,False,True,0.00040429201908409595,0.08,0.18209213411654696,True,True,True,False
8f3ab74e1e3f1e2f3c4f,adaptive,adaptive_allocation,2314,1833488886,16,5000,0.08,0.05,rbf,median,anytime,bonferroni,1,10,False,UNRESOLVED,5000,True,False,True,0.00040187500417232513,0.08,0.18209213411654696,True,True,True,False
3c4fc98fc29022917327,adaptive,adaptive_allocation,2315,790702141,16,5000,0.08,0.05,rbf,median,anytime,bonferroni,1,10,False,UNRESOLVED,5000,True,False,True,0.00037833297392353415,0.08,0.18209213411654696,True,True,True,False
6478fb7f7fdd7ff18abc,adaptive,adaptive_allocation,2316,3683950541,16,5000,0.08,0.05,rbf,median,anytime,bonferroni,1,10,False,UNRESOLVED,5000,True,False,True,0.00034545897506177425,0.08,0.18209213411654696,True,True,True,False
d21cbc4fb761fa0a246e,adaptive,adaptive_allocation,2317,3158942045,16,5000,0.08,0.05,rbf,median,anytime,bonferroni,1,10,False,UNRESOLVED,5000,True,False,True,0.000348915986251086,0.08,0.18209213411654696,True,True,True,False
b582a1789ccf179ade6d,adaptive,adaptive_allocation,2318,1379829899,16,5000,0.08,0.05,rbf,median,anytime,bonferroni,1,10,False,UNRESOLVED,5000,True,False,True,0.00034629099536687136,0.08,0.18209213411654696,True,True,True,False
4962006fdd3f43c4d831,adaptive,adaptive_allocation,2319,2122616555,16,5000,0.08,0.05,rbf,median,anytime,bonferroni,1,10,False,UNRESOLVED,5000,True,False,True,0.0003459579893387854,0.08,0.18209213411654696,True,True,True,False
4dc2bb5387ad368722c9,adaptive,adaptive_allocation,2320,1106056930,16,5000,0.08,0.05,rbf,median,anytime,bonferroni,1,10,False,UNRESOLVED,5000,True,False,True,0.00034733302891254425,0.08,0.18209213411654696,True,True,True,False
eae8988a2a4cd0084eee,adaptive,adaptive_allocation,2321,2187980545,16,5000,0.08,0.05,rbf,median,anytime,bonferroni,1,10,False,UNRESOLVED,5000,True,False,True,0.000349292007740587,0.08,0.18209213411654696,True,True,True,False
437921e77876526eeba2,adaptive,adaptive_allocation,2322,2594540506,16,5000,0.08,0.05,rbf,median,anytime,bonferroni,1,10,False,UNRESOLVED,5000,True,False,True,0.0003444169997237623,0.08,0.18209213411654696,True,True,True,False
ce20a907c6b82f8897f2,adaptive,adaptive_allocation,2323,1055710455,16,5000,0.08,0.05,rbf,median,anytime,bonferroni,1,10,False,UNRESOLVED,5000,True,False,True,0.00034550001146271825,0.08,0.18209213411654696,True,True,True,False
a9d1723f72ad2b917997,adaptive,adaptive_allocation,2324,1396299403,16,5000,0.08,0.05,rbf,median,anytime,bonferroni,1,10,False,UNRESOLVED,5000,True,False,True,0.0003464579931460321,0.08,0.18209213411654696,True,True,True,False
b60bba962e6103f98b87,adaptive,adaptive_allocation,2325,2640645473,16,5000,0.08,0.05,rbf,median,anytime,bonferroni,1,10,False,UNRESOLVED,5000,True,False,True,0.00034920795587822795,0.08,0.18209213411654696,True,True,True,False
45b464e6cb789a785afb,adaptive,adaptive_allocation,2326,2562245531,16,5000,0.08,0.05,rbf,median,anytime,bonferroni,1,10,False,UNRESOLVED,5000,True,False,True,0.00039362499956041574,0.08,0.18209213411654696,True,True,True,False
9724450a12c816c4f103,adaptive,adaptive_allocation,2327,2666716337,16,5000,0.08,0.05,rbf,median,anytime,bonferroni,1,10,False,UNRESOLVED,5000,True,False,True,0.000345667009241879,0.08,0.18209213411654696,True,True,True,False
ff377ad3e42741e641f0,adaptive,adaptive_allocation,2328,1450894047,16,5000,0.08,0.05,rbf,median,anytime,bonferroni,1,10,False,UNRESOLVED,5000,True,False,True,0.00034495897125452757,0.08,0.18209213411654696,True,True,True,False
5c3b8443cd9443e5b95b,adaptive,adaptive_allocation,2329,2440291030,16,5000,0.08,0.05,rbf,median,anytime,bonferroni,1,10,False,UNRESOLVED,5000,True,False,True,0.0003498750156722963,0.08,0.18209213411654696,True,True,True,False
162b60b7a4848a3bac1b,adaptive,adaptive_allocation,2330,3882584263,16,5000,0.08,0.05,rbf,median,anytime,bonferroni,1,10,False,UNRESOLVED,5000,True,False,True,0.0003457500133663416,0.08,0.18209213411654696,True,True,True,False
5cee606f85dd4d752cb5,adaptive,adaptive_allocation,2331,970570296,16,5000,0.08,0.05,rbf,median,anytime,bonferroni,1,10,False,UNRESOLVED,5000,True,False,True,0.00034500000765547156,0.08,0.18209213411654696,True,True,True,False
c11fa22fb1d30d21362f,adaptive,adaptive_allocation,2332,2736875051,16,5000,0.08,0.05,rbf,median,anytime,bonferroni,1,10,False,UNRESOLVED,5000,True,False,True,0.0003477080026641488,0.08,0.18209213411654696,True,True,True,False
63e20b5ec717f53c60ce,adaptive,adaptive_allocation,2333,4057009212,16,5000,0.08,0.05,rbf,median,anytime,bonferroni,1,10,False,UNRESOLVED,5000,True,False,True,0.00035075005143880844,0.08,0.18209213411654696,True,True,True,False
78f4e69c39e99349bf45,adaptive,adaptive_allocation,2334,1914863321,16,5000,0.08,0.05,rbf,median,anytime,bonferroni,1,10,False,UNRESOLVED,5000,True,False,True,0.0003448330098763108,0.08,0.18209213411654696,True,True,True,False
433159a32dcd44385eef,adaptive,adaptive_allocation,2335,3252322754,16,5000,0.08,0.05,rbf,median,anytime,bonferroni,1,10,False,UNRESOLVED,5000,True,False,True,0.0003436249680817127,0.08,0.18209213411654696,True,True,True,False
a9f5aeacd34833d723e9,adaptive,adaptive_allocation,2336,1344930106,16,5000,0.08,0.05,rbf,median,anytime,bonferroni,1,10,False,UNRESOLVED,5000,True,False,True,0.0003440410364419222,0.08,0.18209213411654696,True,True,True,False
0b334a1496edca9f5344,adaptive,adaptive_allocation,2337,2674322174,16,5000,0.08,0.05,rbf,median,anytime,bonferroni,1,10,False,UNRESOLVED,5000,True,False,True,0.00034975004382431507,0.08,0.18209213411654696,True,True,True,False
94529375ff89bd0fe5fb,adaptive,adaptive_allocation,2338,1702964874,16,5000,0.08,0.05,rbf,median,anytime,bonferroni,1,10,False,UNRESOLVED,5000,True,False,True,0.00034724996658042073,0.08,0.18209213411654696,True,True,True,False
6f8492e19f10b065b16a,adaptive,adaptive_allocation,2339,3545689490,16,5000,0.08,0.05,rbf,median,anytime,bonferroni,1,10,False,UNRESOLVED,5000,True,False,True,0.00034591701114550233,0.08,0.18209213411654696,True,True,True,False
2502beb6caca19ab94e5,adaptive,adaptive_allocation,2340,4004835626,16,5000,0.08,0.05,rbf,median,anytime,bonferroni,1,10,False,UNRESOLVED,5000,True,False,True,0.00034437503200024366,0.08,0.18209213411654696,True,True,True,False
ddca720c5658da20621e,adaptive,adaptive_allocation,2341,3737000843,16,5000,0.08,0.05,rbf,median,anytime,bonferroni,1,10,False,UNRESOLVED,5000,True,False,True,0.00034904200583696365,0.08,0.18209213411654696,True,True,True,False
1170c97578db4cd6d084,adaptive,adaptive_allocation,2342,1014651709,16,5000,0.08,0.05,rbf,median,anytime,bonferroni,1,10,False,UNRESOLVED,5000,True,False,True,0.0003460829611867666,0.08,0.18209213411654696,True,True,True,False
cbd7cca400210107361f,adaptive,adaptive_allocation,2343,2397748484,16,5000,0.08,0.05,rbf,median,anytime,bonferroni,1,10,False,UNRESOLVED,5000,True,False,True,0.00034624995896592736,0.08,0.18209213411654696,True,True,True,False
3a36864a0932a24ed271,adaptive,adaptive_allocation,2344,3991876001,16,5000,0.08,0.05,rbf,median,anytime,bonferroni,1,10,False,UNRESOLVED,5000,True,False,True,0.0003447089693509042,0.08,0.18209213411654696,True,True,True,False
e60c586ae566cbb3ca9e,adaptive,adaptive_allocation,2345,1829576632,16,5000,0.08,0.05,rbf,median,anytime,bonferroni,1,10,False,UNRESOLVED,5000,True,False,True,0.0003458340070210397,0.08,0.18209213411654696,True,True,True,False
04ba7853a2a569faa56e,adaptive,adaptive_allocation,2346,2042574420,16,5000,0.08,0.05,rbf,median,anytime,bonferroni,1,10,False,UNRESOLVED,5000,True,False,True,0.0003462500171735883,0.08,0.18209213411654696,True,True,True,False
1d788295892e728b518d,adaptive,adaptive_allocation,2347,1895066978,16,5000,0.08,0.05,rbf,median,anytime,bonferroni,1,10,False,UNRESOLVED,5000,True,False,True,0.0003468749928288162,0.08,0.18209213411654696,True,True,True,False
2450f189936eb3e8a47b,adaptive,adaptive_allocation,2348,2485064449,16,5000,0.08,0.05,rbf,median,anytime,bonferroni,1,10,False,UNRESOLVED,5000,True,False,True,0.00039958296110853553,0.08,0.18209213411654696,True,True,True,False
7e60e873662a5f444b4a,adaptive,adaptive_allocation,2349,3486066746,16,5000,0.08,0.05,rbf,median,anytime,bonferroni,1,10,False,UNRESOLVED,5000,True,False,True,0.00040366698522120714,0.08,0.18209213411654696,True,True,True,False
2e85487937f2988e1a1c,adaptive,adaptive_allocation,2350,2045470496,16,5000,0.08,0.05,rbf,median,anytime,bonferroni,1,10,False,UNRESOLVED,5000,True,False,True,0.000401749974116683,0.08,0.18209213411654696,True,True,True,False
21bce5e33d111a1c2393,adaptive,adaptive_allocation,2351,855932078,16,5000,0.08,0.05,rbf,median,anytime,bonferroni,1,10,False,UNRESOLVED,5000,True,False,True,0.0004016250022687018,0.08,0.18209213411654696,True,True,True,False
caff0bedbda49613fdd0,adaptive,adaptive_allocation,2352,2579612530,16,5000,0.08,0.05,rbf,median,anytime,bonferroni,1,10,False,UNRESOLVED,5000,True,False,True,0.00040333298966288567,0.08,0.18209213411654696,True,True,True,False
ffc76ec225a049b32b1a,adaptive,adaptive_allocation,2353,1730721136,16,5000,0.08,0.05,rbf,median,anytime,bonferroni,1,10,False,UNRESOLVED,5000,True,False,True,0.0004045419627800584,0.08,0.18209213411654696,True,True,True,False
4331d90a9d7a2e473ad1,adaptive,adaptive_allocation,2354,468461587,16,5000,0.08,0.05,rbf,median,anytime,bonferroni,1,10,False,UNRESOLVED,5000,True,False,True,0.0003997920430265367,0.08,0.18209213411654696,True,True,True,False
d9327ba96225896d639b,adaptive,adaptive_allocation,2355,3130383333,16,5000,0.08,0.05,rbf,median,anytime,bonferroni,1,10,False,UNRESOLVED,5000,True,False,True,0.0004004999645985663,0.08,0.18209213411654696,True,True,True,False
7cc923fd43c36ee2f7b2,adaptive,adaptive_allocation,2356,787625187,16,5000,0.08,0.05,rbf,median,anytime,bonferroni,1,10,False,UNRESOLVED,5000,True,False,True,0.0004006249946542084,0.08,0.18209213411654696,True,True,True,False
5fd36262a38fd6897291,adaptive,adaptive_allocation,2357,277120854,16,5000,0.08,0.05,rbf,median,anytime,bonferroni,1,10,False,UNRESOLVED,5000,True,False,True,0.0004058339982293546,0.08,0.18209213411654696,True,True,True,False
97de391eab92009c638f,adaptive,adaptive_allocation,2358,3577096522,16,5000,0.08,0.05,rbf,median,anytime,bonferroni,1,10,False,UNRESOLVED,5000,True,False,True,0.00040137500036507845,0.08,0.18209213411654696,True,True,True,False
ac70757ec466801d8839,adaptive,adaptive_allocation,2359,353158501,16,5000,0.08,0.05,rbf,median,anytime,bonferroni,1,10,False,UNRESOLVED,5000,True,False,True,0.0004024159861728549,0.08,0.18209213411654696,True,True,True,False
55f56626d3611573d1b7,adaptive,adaptive_allocation,2360,2657619317,16,5000,0.08,0.05,rbf,median,anytime,bonferroni,1,10,False,UNRESOLVED,5000,True,False,True,0.0004018329782411456,0.08,0.18209213411654696,True,True,True,False
7027b996e13f6ed14203,adaptive,adaptive_allocation,2361,922108861,16,5000,0.08,0.05,rbf,median,anytime,bonferroni,1,10,False,UNRESOLVED,5000,True,False,True,0.0004039170453324914,0.08,0.18209213411654696,True,True,True,False
8d25f2028302de47339f,adaptive,adaptive_allocation,2362,3661666178,16,5000,0.08,0.05,rbf,median,anytime,bonferroni,1,10,False,UNRESOLVED,5000,True,False,True,0.00039958296110853553,0.08,0.18209213411654696,True,True,True,False
4c2fa5cded487372c69c,adaptive,adaptive_allocation,2363,273946026,16,5000,0.08,0.05,rbf,median,anytime,bonferroni,1,10,False,UNRESOLVED,5000,True,False,True,0.0004005419905297458,0.08,0.18209213411654696,True,True,True,False
2d915bf665dc204a3f67,adaptive,adaptive_allocation,2364,592669678,16,5000,0.08,0.05,rbf,median,anytime,bonferroni,1,10,False,UNRESOLVED,5000,True,False,True,0.0004015830345451832,0.08,0.18209213411654696,True,True,True,False
5855d74b4b872bfd4158,adaptive,adaptive_allocation,2365,3216771657,16,5000,0.08,0.05,rbf,median,anytime,bonferroni,1,10,False,UNRESOLVED,5000,True,False,True,0.00040537503082305193,0.08,0.18209213411654696,True,True,True,False
6026266354119267a3e6,adaptive,adaptive_allocation,2366,2084797821,16,5000,0.08,0.05,rbf,median,anytime,bonferroni,1,10,False,UNRESOLVED,5000,True,False,True,0.000398874981328845,0.08,0.18209213411654696,True,True,True,False
dd2c7645b9996863de94,adaptive,adaptive_allocation,2367,116886474,16,5000,0.08,0.05,rbf,median,anytime,bonferroni,1,10,False,UNRESOLVED,5000,True,False,True,0.0004022080102004111,0.08,0.18209213411654696,True,True,True,False
50086c3f9775e624c87a,adaptive,adaptive_allocation,2368,2814917462,16,5000,0.08,0.05,rbf,median,anytime,bonferroni,1,10,False,UNRESOLVED,5000,True,False,True,0.00040191697189584374,0.08,0.18209213411654696,True,True,True,False
48f329e005e48e59f8e5,adaptive,adaptive_allocation,2369,3714057833,16,5000,0.08,0.05,rbf,median,anytime,bonferroni,1,10,False,UNRESOLVED,5000,True,False,True,0.0004047919646836817,0.08,0.18209213411654696,True,True,True,False
504015f6496a66f0bce4,adaptive,adaptive_allocation,2370,3552394575,16,5000,0.08,0.05,rbf,median,anytime,bonferroni,1,10,False,UNRESOLVED,5000,True,False,True,0.0004008340183645487,0.08,0.18209213411654696,True,True,True,False
77ad959286f6865b805a,adaptive,adaptive_allocation,2371,3473905658,16,5000,0.08,0.05,rbf,median,anytime,bonferroni,1,10,False,UNRESOLVED,5000,True,False,True,0.0004012910067103803,0.08,0.18209213411654696,True,True,True,False
7680a9856820085123d1,adaptive,adaptive_allocation,2372,1147013923,16,5000,0.08,0.05,rbf,median,anytime,bonferroni,1,10,False,UNRESOLVED,5000,True,False,True,0.00039895798545330763,0.08,0.18209213411654696,True,True,True,False
66ce91ab9b2c28244fac,adaptive,adaptive_allocation,2373,451195979,16,5000,0.08,0.05,rbf,median,anytime,bonferroni,1,10,False,UNRESOLVED,5000,True,False,True,0.000404666003305465,0.08,0.18209213411654696,True,True,True,False
8d53938bca9e9120934e,adaptive,adaptive_allocation,2374,940584279,16,5000,0.08,0.05,rbf,median,anytime,bonferroni,1,10,False,UNRESOLVED,5000,True,False,True,0.00040145800448954105,0.08,0.18209213411654696,True,True,True,False
7b737fd40e6b2664d364,adaptive,adaptive_allocation,2375,216524186,16,5000,0.08,0.05,rbf,median,anytime,bonferroni,1,10,False,UNRESOLVED,5000,True,False,True,0.0004024580121040344,0.08,0.18209213411654696,True,True,True,False
0d4ce479179a31fb0f4d,adaptive,adaptive_allocation,2376,2457783061,16,5000,0.08,0.05,rbf,median,anytime,bonferroni,1,10,False,UNRESOLVED,5000,True,False,True,0.0004038339830003679,0.08,0.18209213411654696,True,True,True,False
ab3d28c066ff0d995795,adaptive,adaptive_allocation,2377,694745564,16,5000,0.08,0.05,rbf,median,anytime,bonferroni,1,10,False,UNRESOLVED,5000,True,False,True,0.0004052500007674098,0.08,0.18209213411654696,True,True,True,False
8a844713bfd88ccb920a,adaptive,adaptive_allocation,2378,820863619,16,5000,0.08,0.05,rbf,median,anytime,bonferroni,1,10,False,UNRESOLVED,5000,True,False,True,0.000401084020268172,0.08,0.18209213411654696,True,True,True,False
9db3b84914e586fb89fe,adaptive,adaptive_allocation,2379,2244165846,16,5000,0.08,0.05,rbf,median,anytime,bonferroni,1,10,False,UNRESOLVED,5000,True,False,True,0.00040091597475111485,0.08,0.18209213411654696,True,True,True,False
52d9f28ef8f41a6bd3c4,adaptive,adaptive_allocation,2380,2236456545,16,5000,0.08,0.05,rbf,median,anytime,bonferroni,1,10,False,UNRESOLVED,5000,True,False,True,0.0003992909914813936,0.08,0.18209213411654696,True,True,True,False
8ab60d1c5792200512a0,adaptive,adaptive_allocation,2381,956589027,16,5000,0.08,0.05,rbf,median,anytime,bonferroni,1,10,False,UNRESOLVED,5000,True,False,True,0.0004047910333611071,0.08,0.18209213411654696,True,True,True,False
ff18f799c806ef6e41e4,adaptive,adaptive_allocation,2382,63417542,16,5000,0.08,0.05,rbf,median,anytime,bonferroni,1,10,False,UNRESOLVED,5000,True,False,True,0.0004134170012548566,0.08,0.18209213411654696,True,True,True,False
fe12829120471d16ba78,adaptive,adaptive_allocation,2383,2219225955,16,5000,0.08,0.05,rbf,median,anytime,bonferroni,1,10,False,UNRESOLVED,5000,True,False,True,0.00040066702058538795,0.08,0.18209213411654696,True,True,True,False
235e9dd957861a71727d,adaptive,adaptive_allocation,2384,274279710,16,5000,0.08,0.05,rbf,median,anytime,bonferroni,1,10,False,UNRESOLVED,5000,True,False,True,0.000400707998778671,0.08,0.18209213411654696,True,True,True,False
cad9c6094686d78226e3,adaptive,adaptive_allocation,2385,3411083788,16,5000,0.08,0.05,rbf,median,anytime,bonferroni,1,10,False,UNRESOLVED,5000,True,False,True,0.0004052910371683538,0.08,0.18209213411654696,True,True,True,False
5eaf92db1def31b8fc42,adaptive,adaptive_allocation,2386,1122968623,16,5000,0.08,0.05,rbf,median,anytime,bonferroni,1,10,False,UNRESOLVED,5000,True,False,True,0.0004005410009995103,0.08,0.18209213411654696,True,True,True,False
6eecaeb57f041d0272a8,adaptive,adaptive_allocation,2387,4222567470,16,5000,0.08,0.05,rbf,median,anytime,bonferroni,1,10,False,UNRESOLVED,5000,True,False,True,0.00040137500036507845,0.08,0.18209213411654696,True,True,True,False
5beeca5bef4d38b39e67,adaptive,adaptive_allocation,2388,3825726814,16,5000,0.08,0.05,rbf,median,anytime,bonferroni,1,10,False,UNRESOLVED,5000,True,False,True,0.0004004579968750477,0.08,0.18209213411654696,True,True,True,False
f50d64602f26949f1f61,adaptive,adaptive_allocation,2389,1731687071,16,5000,0.08,0.05,rbf,median,anytime,bonferroni,1,10,False,UNRESOLVED,5000,True,False,True,0.00040554202860221267,0.08,0.18209213411654696,True,True,True,False
d3dc4e9fda96a1c93216,adaptive,adaptive_allocation,2390,479786116,16,5000,0.08,0.05,rbf,median,anytime,bonferroni,1,10,False,UNRESOLVED,5000,True,False,True,0.00040079100290313363,0.08,0.18209213411654696,True,True,True,False
4d521aca465152f34ccd,adaptive,adaptive_allocation,2391,1000320716,16,5000,0.08,0.05,rbf,median,anytime,bonferroni,1,10,False,UNRESOLVED,5000,True,False,True,0.0004000830231234431,0.08,0.18209213411654696,True,True,True,False
38056177e90aef2348c3,adaptive,adaptive_allocation,2392,2167950133,16,5000,0.08,0.05,rbf,median,anytime,bonferroni,1,10,False,UNRESOLVED,5000,True,False,True,0.00039954198291525245,0.08,0.18209213411654696,True,True,True,False
38f85fe9b42380d038bb,adaptive,adaptive_allocation,2393,1534224149,16,5000,0.08,0.05,rbf,median,anytime,bonferroni,1,10,False,UNRESOLVED,5000,True,False,True,0.00040487502701580524,0.08,0.18209213411654696,True,True,True,False
1ff8421e03e29618b434,adaptive,adaptive_allocation,2394,4042735900,16,5000,0.08,0.05,rbf,median,anytime,bonferroni,1,10,False,UNRESOLVED,5000,True,False,True,0.00040204200195148587,0.08,0.18209213411654696,True,True,True,False
c1869a94ca1a43383fe5,adaptive,adaptive_allocation,2395,3531923602,16,5000,0.08,0.05,rbf,median,anytime,bonferroni,1,10,False,UNRESOLVED,5000,True,False,True,0.00040141597855836153,0.08,0.18209213411654696,True,True,True,False
5841e59a741bfcedd91a,adaptive,adaptive_allocation,2396,1125907244,16,5000,0.08,0.05,rbf,median,anytime,bonferroni,1,10,False,UNRESOLVED,5000,True,False,True,0.00039945897879078984,0.08,0.18209213411654696,True,True,True,False
928ec50e22d6dc57dbe8,adaptive,adaptive_allocation,2397,915688728,16,5000,0.08,0.05,rbf,median,anytime,bonferroni,1,10,False,UNRESOLVED,5000,True,False,True,0.0004057089681737125,0.08,0.18209213411654696,True,True,True,False
72cda4048e417ee4c437,adaptive,adaptive_allocation,2398,3066011171,16,5000,0.08,0.05,rbf,median,anytime,bonferroni,1,10,False,UNRESOLVED,5000,True,False,True,0.0004005410009995103,0.08,0.18209213411654696,True,True,True,False
4267f7649307593560d9,adaptive,adaptive_allocation,2399,115330953,16,5000,0.08,0.05,rbf,median,anytime,bonferroni,1,10,False,UNRESOLVED,5000,True,False,True,0.0004034590092487633,0.08,0.18209213411654696,True,True,True,False
915e68f5431582296768,adaptive,adaptive_allocation,2400,1501069077,16,5000,0.08,0.05,rbf,median,anytime,bonferroni,1,10,False,UNRESOLVED,5000,True,False,True,0.000398124975617975,0.08,0.18209213411654696,True,True,True,False
fb22eaebc1aaf87d2b4e,adaptive,adaptive_allocation,2401,763213634,16,5000,0.08,0.05,rbf,median,anytime,bonferroni,1,10,False,UNRESOLVED,5000,True,False,True,0.00040537503082305193,0.08,0.18209213411654696,True,True,True,False
3525c8b345f818d897fc,adaptive,adaptive_allocation,2402,140923552,16,5000,0.08,0.05,rbf,median,anytime,bonferroni,1,10,False,UNRESOLVED,5000,True,False,True,0.0004010419943369925,0.08,0.18209213411654696,True,True,True,False
91e1797508b4d532005c,adaptive,adaptive_allocation,2403,4151181204,16,5000,0.08,0.05,rbf,median,anytime,bonferroni,1,10,False,UNRESOLVED,5000,True,False,True,0.0004011669661849737,0.08,0.18209213411654696,True,True,True,False
f05cef5a340b58c44d33,adaptive,adaptive_allocation,2404,1133372222,16,5000,0.08,0.05,rbf,median,anytime,bonferroni,1,10,False,UNRESOLVED,5000,True,False,True,0.00040266697760671377,0.08,0.18209213411654696,True,True,True,False
86c8ebe10fc94e619eab,adaptive,adaptive_allocation,2405,902255251,16,5000,0.08,0.05,rbf,median,anytime,bonferroni,1,10,False,UNRESOLVED,5000,True,False,True,0.00040374998934566975,0.08,0.18209213411654696,True,True,True,False
d23e2e33e54d7365ea1e,adaptive,adaptive_allocation,2406,394892130,16,5000,0.08,0.05,rbf,median,anytime,bonferroni,1,10,False,UNRESOLVED,5000,True,False,True,0.00040004198672249913,0.08,0.18209213411654696,True,True,True,False
3aa8db8cac79fe844e59,adaptive,adaptive_allocation,2407,428824907,16,5000,0.08,0.05,rbf,median,anytime,bonferroni,1,10,False,UNRESOLVED,5000,True,False,True,0.0006419999990612268,0.08,0.18209213411654696,True,True,True,False
8ac4af6434d3718a600e,adaptive,adaptive_allocation,2408,2072768055,16,5000,0.08,0.05,rbf,median,anytime,bonferroni,1,10,False,UNRESOLVED,5000,True,False,True,0.0005006660358048975,0.08,0.18209213411654696,True,True,True,False
14c42f9c568cfb6bf2b2,adaptive,adaptive_allocation,2409,3040903676,16,5000,0.08,0.05,rbf,median,anytime,bonferroni,1,10,False,UNRESOLVED,5000,True,False,True,0.0004909579874947667,0.08,0.18209213411654696,True,True,True,False
5c88063c3bb1591f54d9,adaptive,adaptive_allocation,2410,3795836001,16,5000,0.08,0.05,rbf,median,anytime,bonferroni,1,10,False,UNRESOLVED,5000,True,False,True,0.0004788750084117055,0.08,0.18209213411654696,True,True,True,False
3b04c01908f84e4de651,adaptive,adaptive_allocation,2411,2736582296,16,5000,0.08,0.05,rbf,median,anytime,bonferroni,1,10,False,UNRESOLVED,5000,True,False,True,0.0004771659732796252,0.08,0.18209213411654696,True,True,True,False
d3c206d0c97806724e33,adaptive,adaptive_allocation,2412,3653829159,16,5000,0.08,0.05,rbf,median,anytime,bonferroni,1,10,False,UNRESOLVED,5000,True,False,True,0.0004759170114994049,0.08,0.18209213411654696,True,True,True,False
0ce01c5897fef6efd796,adaptive,adaptive_allocation,2413,4079796168,16,5000,0.08,0.05,rbf,median,anytime,bonferroni,1,10,False,UNRESOLVED,5000,True,False,True,0.0004774590488523245,0.08,0.18209213411654696,True,True,True,False
a47876a16f1d3cda16e0,adaptive,adaptive_allocation,2414,3113903551,16,5000,0.08,0.05,rbf,median,anytime,bonferroni,1,10,False,UNRESOLVED,5000,True,False,True,0.0004729999927803874,0.08,0.18209213411654696,True,True,True,False
c221584707214fc94c40,adaptive,adaptive_allocation,2415,1921279232,16,5000,0.08,0.05,rbf,median,anytime,bonferroni,1,10,False,UNRESOLVED,5000,True,False,True,0.00048441701801493764,0.08,0.18209213411654696,True,True,True,False
df38846ca051d5b209a3,adaptive,adaptive_allocation,2416,1347962417,16,5000,0.08,0.05,rbf,median,anytime,bonferroni,1,10,False,UNRESOLVED,5000,True,False,True,0.0004799999878741801,0.08,0.18209213411654696,True,True,True,False
1802efc46869a6ea8dad,adaptive,adaptive_allocation,2417,2834575144,16,5000,0.08,0.05,rbf,median,anytime,bonferroni,1,10,False,UNRESOLVED,5000,True,False,True,0.00048404198605567217,0.08,0.18209213411654696,True,True,True,False
87540eb018695439b57d,adaptive,adaptive_allocation,2418,2315851727,16,5000,0.08,0.05,rbf,median,anytime,bonferroni,1,10,False,UNRESOLVED,5000,True,False,True,0.00048762501683086157,0.08,0.18209213411654696,True,True,True,False
e3564ba180b9c59ecb1a,adaptive,adaptive_allocation,2419,2264197026,16,5000,0.08,0.05,rbf,median,anytime,bonferroni,1,10,False,UNRESOLVED,5000,True,False,True,0.0004970000009052455,0.08,0.18209213411654696,True,True,True,False
758b6ccec5833fdd0bee,adaptive,adaptive_allocation,2420,1708386643,16,5000,0.08,0.05,rbf,median,anytime,bonferroni,1,10,False,UNRESOLVED,5000,True,False,True,0.0004909579874947667,0.08,0.18209213411654696,True,True,True,False
4234313dbc433a607221,adaptive,adaptive_allocation,2421,2488724383,16,5000,0.08,0.05,rbf,median,anytime,bonferroni,1,10,False,UNRESOLVED,5000,True,False,True,0.00047791702672839165,0.08,0.18209213411654696,True,True,True,False
8cdb823e0fc71d1ce593,adaptive,adaptive_allocation,2422,236377178,16,5000,0.08,0.05,rbf,median,anytime,bonferroni,1,10,False,UNRESOLVED,5000,True,False,True,0.00047329202061519027,0.08,0.18209213411654696,True,True,True,False
ac4d628c22f756528bfb,adaptive,adaptive_allocation,2423,2298768283,16,5000,0.08,0.05,rbf,median,anytime,bonferroni,1,10,False,UNRESOLVED,5000,True,False,True,0.00047437503235414624,0.08,0.18209213411654696,True,True,True,False
afc43735897e2f0094af,adaptive,adaptive_allocation,2424,3140591140,16,5000,0.08,0.05,rbf,median,anytime,bonferroni,1,10,False,UNRESOLVED,5000,True,False,True,0.00047199998516589403,0.08,0.18209213411654696,True,True,True,False
67b55ab7549b50f998ce,adaptive,adaptive_allocation,2425,3486160201,16,5000,0.08,0.05,rbf,median,anytime,bonferroni,1,10,False,UNRESOLVED,5000,True,False,True,0.0004743330064229667,0.08,0.18209213411654696,True,True,True,False
e20603e019b6bc93c04f,adaptive,adaptive_allocation,2426,4261531503,16,5000,0.08,0.05,rbf,median,anytime,bonferroni,1,10,False,UNRESOLVED,5000,True,False,True,0.00046612496953457594,0.08,0.18209213411654696,True,True,True,False
3f04fca50b884a736346,adaptive,adaptive_allocation,2427,2048107471,16,5000,0.08,0.05,rbf,median,anytime,bonferroni,1,10,False,UNRESOLVED,5000,True,False,True,0.00041445798706263304,0.08,0.18209213411654696,True,True,True,False
f743bf709fb98dabeaaf,adaptive,adaptive_allocation,2428,1143831126,16,5000,0.08,0.05,rbf,median,anytime,bonferroni,1,10,False,UNRESOLVED,5000,True,False,True,0.0003589999978430569,0.08,0.18209213411654696,True,True,True,False
880a77c4494fe76cf9c8,adaptive,adaptive_allocation,2429,3669799741,16,5000,0.08,0.05,rbf,median,anytime,bonferroni,1,10,False,UNRESOLVED,5000,True,False,True,0.0003523330087773502,0.08,0.18209213411654696,True,True,True,False
32b0cacacf4f91fcea17,adaptive,adaptive_allocation,2430,3584257974,16,5000,0.08,0.05,rbf,median,anytime,bonferroni,1,10,False,UNRESOLVED,5000,True,False,True,0.0003483329783193767,0.08,0.18209213411654696,True,True,True,False
8f199fde83eb3ad604f0,adaptive,adaptive_allocation,2431,587924665,16,5000,0.08,0.05,rbf,median,anytime,bonferroni,1,10,False,UNRESOLVED,5000,True,False,True,0.000348208996001631,0.08,0.18209213411654696,True,True,True,False
f036b5e334dfa239a73a,adaptive,adaptive_allocation,2432,3819867490,16,5000,0.08,0.05,rbf,median,anytime,bonferroni,1,10,False,UNRESOLVED,5000,True,False,True,0.0003517500008456409,0.08,0.18209213411654696,True,True,True,False
79957d58efe055ca80fd,adaptive,adaptive_allocation,2433,831680542,16,5000,0.08,0.05,rbf,median,anytime,bonferroni,1,10,False,UNRESOLVED,5000,True,False,True,0.0003471249947324395,0.08,0.18209213411654696,True,True,True,False
8f3ce479dc917856e3af,adaptive,adaptive_allocation,2434,1731215659,16,5000,0.08,0.05,rbf,median,anytime,bonferroni,1,10,False,UNRESOLVED,5000,True,False,True,0.0003476249985396862,0.08,0.18209213411654696,True,True,True,False
138888bebb78469df1c4,adaptive,adaptive_allocation,2435,382163533,16,5000,0.08,0.05,rbf,median,anytime,bonferroni,1,10,False,UNRESOLVED,5000,True,False,True,0.0003462500171735883,0.08,0.18209213411654696,True,True,True,False
dd8c401e39e7f3ffe2e7,adaptive,adaptive_allocation,2436,1774446217,16,5000,0.08,0.05,rbf,median,anytime,bonferroni,1,10,False,UNRESOLVED,5000,True,False,True,0.0005398750072345138,0.08,0.18209213411654696,True,True,True,False
ed4fbd64c5ebd13309b6,adaptive,adaptive_allocation,2437,3155494348,16,5000,0.08,0.05,rbf,median,anytime,bonferroni,1,10,False,UNRESOLVED,5000,True,False,True,0.0005132920341566205,0.08,0.18209213411654696,True,True,True,False
c10705bda18c6fff9e5d,adaptive,adaptive_allocation,2438,503272791,16,5000,0.08,0.05,rbf,median,anytime,bonferroni,1,10,False,UNRESOLVED,5000,True,False,True,0.0004428329993970692,0.08,0.18209213411654696,True,True,True,False
7daa49c3e3fafb33a45b,adaptive,adaptive_allocation,2439,1324921183,16,5000,0.08,0.05,rbf,median,anytime,bonferroni,1,10,False,UNRESOLVED,5000,True,False,True,0.00040141696808859706,0.08,0.18209213411654696,True,True,True,False
103135659bf3f445b0bc,adaptive,adaptive_allocation,2440,4129008878,16,5000,0.08,0.05,rbf,median,anytime,bonferroni,1,10,False,UNRESOLVED,5000,True,False,True,0.00035895901964977384,0.08,0.18209213411654696,True,True,True,False
5fa608aeb5e9937e7c5d,adaptive,adaptive_allocation,2441,1079253840,16,5000,0.08,0.05,rbf,median,anytime,bonferroni,1,10,False,UNRESOLVED,5000,True,False,True,0.0003485839697532356,0.08,0.18209213411654696,True,True,True,False
f41c3cbdf8e732670af2,adaptive,adaptive_allocation,2442,1563453066,16,5000,0.08,0.05,rbf,median,anytime,bonferroni,1,10,False,UNRESOLVED,5000,True,False,True,0.0003476249985396862,0.08,0.18209213411654696,True,True,True,False
4c37260fc17d96296981,adaptive,adaptive_allocation,2443,326604716,16,5000,0.08,0.05,rbf,median,anytime,bonferroni,1,10,False,UNRESOLVED,5000,True,False,True,0.0003460829611867666,0.08,0.18209213411654696,True,True,True,False
beb943b529d12bf614a6,adaptive,adaptive_allocation,2444,1699428383,16,5000,0.08,0.05,rbf,median,anytime,bonferroni,1,10,False,UNRESOLVED,5000,True,False,True,0.00034787500044330955,0.08,0.18209213411654696,True,True,True,False
428c3f733790fa6cd54d,adaptive,adaptive_allocation,2445,4090011443,16,5000,0.08,0.05,rbf,median,anytime,bonferroni,1,10,False,UNRESOLVED,5000,True,False,True,0.00034495897125452757,0.08,0.18209213411654696,True,True,True,False
0178b929bf35eb870f26,adaptive,adaptive_allocation,2446,1769724834,16,5000,0.08,0.05,rbf,median,anytime,bonferroni,1,10,False,UNRESOLVED,5000,True,False,True,0.00034683302510529757,0.08,0.18209213411654696,True,True,True,False
1fd65eeffe6e85191ed9,adaptive,adaptive_allocation,2447,2994975139,16,5000,0.08,0.05,rbf,median,anytime,bonferroni,1,10,False,UNRESOLVED,5000,True,False,True,0.00034541700733825564,0.08,0.18209213411654696,True,True,True,False
2a372dbad1a9cca6d7f4,adaptive,adaptive_allocation,2448,270783107,16,5000,0.08,0.05,rbf,median,anytime,bonferroni,1,10,False,UNRESOLVED,5000,True,False,True,0.00034854200202971697,0.08,0.18209213411654696,True,True,True,False
1e58cbe968c90236b170,adaptive,adaptive_allocation,2449,1318707470,16,5000,0.08,0.05,rbf,median,anytime,bonferroni,1,10,False,UNRESOLVED,5000,True,False,True,0.0003447079798206687,0.08,0.18209213411654696,True,True,True,False
e3632a8541c2c28feaf7,adaptive,adaptive_allocation,2450,3102132558,16,5000,0.08,0.05,rbf,median,anytime,bonferroni,1,10,False,UNRESOLVED,5000,True,False,True,0.0003464579931460321,0.08,0.18209213411654696,True,True,True,False
7253c8062a050319aef6,adaptive,adaptive_allocation,2451,2245193333,16,5000,0.08,0.05,rbf,median,anytime,bonferroni,1,10,False,UNRESOLVED,5000,True,False,True,0.00034737499663606286,0.08,0.18209213411654696,True,True,True,False
d1cc70d20cbb049f8621,adaptive,adaptive_allocation,2452,51854963,16,5000,0.08,0.05,rbf,median,anytime,bonferroni,1,10,False,UNRESOLVED,5000,True,False,True,0.00034916697768494487,0.08,0.18209213411654696,True,True,True,False
a0478e4b549a714bfd73,adaptive,adaptive_allocation,2453,2299811980,16,5000,0.08,0.05,rbf,median,anytime,bonferroni,1,10,False,UNRESOLVED,5000,True,False,True,0.00034537503961473703,0.08,0.18209213411654696,True,True,True,False
58ee6cfcb71d2e97104d,adaptive,adaptive_allocation,2454,1402168544,16,5000,0.08,0.05,rbf,median,anytime,bonferroni,1,10,False,UNRESOLVED,5000,True,False,True,0.00034416699782013893,0.08,0.18209213411654696,True,True,True,False
25c647825529a07b009a,adaptive,adaptive_allocation,2455,3741837389,16,5000,0.08,0.05,rbf,median,anytime,bonferroni,1,10,False,UNRESOLVED,5000,True,False,True,0.0005123749724589288,0.08,0.18209213411654696,True,True,True,False
6b69f2efe73b2af3d67d,adaptive,adaptive_allocation,2456,1050366678,16,5000,0.08,0.05,rbf,median,anytime,bonferroni,1,10,False,UNRESOLVED,5000,True,False,True,0.0005402920069172978,0.08,0.18209213411654696,True,True,True,False
8b6037d317bbfa8ab297,adaptive,adaptive_allocation,2457,809948924,16,5000,0.08,0.05,rbf,median,anytime,bonferroni,1,10,False,UNRESOLVED,5000,True,False,True,0.0005413329927250743,0.08,0.18209213411654696,True,True,True,False
1252687aa2ef9c333486,adaptive,adaptive_allocation,2458,2690112788,16,5000,0.08,0.05,rbf,median,anytime,bonferroni,1,10,False,UNRESOLVED,5000,True,False,True,0.0005839590448886156,0.08,0.18209213411654696,True,True,True,False
d08ef80086169952b9c2,adaptive,adaptive_allocation,2459,3167696115,16,5000,0.08,0.05,rbf,median,anytime,bonferroni,1,10,False,UNRESOLVED,5000,True,False,True,0.0005278339958749712,0.08,0.18209213411654696,True,True,True,False
f2f7d0dea7d081adb6e8,adaptive,adaptive_allocation,2460,3244032324,16,5000,0.08,0.05,rbf,median,anytime,bonferroni,1,10,False,UNRESOLVED,5000,True,False,True,0.0005128750344738364,0.08,0.18209213411654696,True,True,True,False
360fe7a9207670a7fc9f,adaptive,adaptive_allocation,2461,3535975667,16,5000,0.08,0.05,rbf,median,anytime,bonferroni,1,10,False,UNRESOLVED,5000,True,False,True,0.00048041599802672863,0.08,0.18209213411654696,True,True,True,False
8667025d177135e7f8f7,adaptive,adaptive_allocation,2462,3409611013,16,5000,0.08,0.05,rbf,median,anytime,bonferroni,1,10,False,UNRESOLVED,5000,True,False,True,0.0004764169570989907,0.08,0.18209213411654696,True,True,True,False
0ff00faac0f424352919,adaptive,adaptive_allocation,2463,3135828280,16,5000,0.08,0.05,rbf,median,anytime,bonferroni,1,10,False,UNRESOLVED,5000,True,False,True,0.00048091699136421084,0.08,0.18209213411654696,True,True,True,False
292adcfdb3c6cd68981c,adaptive,adaptive_allocation,2464,1973749977,16,5000,0.08,0.05,rbf,median,anytime,bonferroni,1,10,False,UNRESOLVED,5000,True,False,True,0.0004788339720107615,0.08,0.18209213411654696,True,True,True,False
812a682c47f19a2b261a,adaptive,adaptive_allocation,2465,2219970921,16,5000,0.08,0.05,rbf,median,anytime,bonferroni,1,10,False,UNRESOLVED,5000,True,False,True,0.0004758749855682254,0.08,0.18209213411654696,True,True,True,False
be4d93b233f91284c330,adaptive,adaptive_allocation,2466,4287982573,16,5000,0.08,0.05,rbf,median,anytime,bonferroni,1,10,False,UNRESOLVED,5000,True,False,True,0.00047500000800937414,0.08,0.18209213411654696,True,True,True,False
e49b850b6c4ae039ba7c,adaptive,adaptive_allocation,2467,561879003,16,5000,0.08,0.05,rbf,median,anytime,bonferroni,1,10,False,UNRESOLVED,5000,True,False,True,0.0004782499745488167,0.08,0.18209213411654696,True,True,True,False
156cb900bfb805788a87,adaptive,adaptive_allocation,2468,244475650,16,5000,0.08,0.05,rbf,median,anytime,bonferroni,1,10,False,UNRESOLVED,5000,True,False,True,0.0004736669943667948,0.08,0.18209213411654696,True,True,True,False
e2134501e4ddef221037,adaptive,adaptive_allocation,2469,4181986085,16,5000,0.08,0.05,rbf,median,anytime,bonferroni,1,10,False,UNRESOLVED,5000,True,False,True,0.00047745899064466357,0.08,0.18209213411654696,True,True,True,False
16b650bfe84eaabaa940,adaptive,adaptive_allocation,2470,4292916983,16,5000,0.08,0.05,rbf,median,anytime,bonferroni,1,10,False,UNRESOLVED,5000,True,False,True,0.0004752080421894789,0.08,0.18209213411654696,True,True,True,False
758f56b3ee7e109955b4,adaptive,adaptive_allocation,2471,1979685027,16,5000,0.08,0.05,rbf,median,anytime,bonferroni,1,10,False,UNRESOLVED,5000,True,False,True,0.0005652499967254698,0.08,0.18209213411654696,True,True,True,False
9f1791d01d16d41fc2c1,adaptive,adaptive_allocation,2472,258504509,16,5000,0.08,0.05,rbf,median,anytime,bonferroni,1,10,False,UNRESOLVED,5000,True,False,True,0.0005327079561538994,0.08,0.18209213411654696,True,True,True,False
944286c2a16cb9cfdd13,adaptive,adaptive_allocation,2473,1649241681,16,5000,0.08,0.05,rbf,median,anytime,bonferroni,1,10,False,UNRESOLVED,5000,True,False,True,0.0005089999758638442,0.08,0.18209213411654696,True,True,True,False
9746af7c799ea711fea7,adaptive,adaptive_allocation,2474,741590496,16,5000,0.08,0.05,rbf,median,anytime,bonferroni,1,10,False,UNRESOLVED,5000,True,False,True,0.0005192079697735608,0.08,0.18209213411654696,True,True,True,False
2f8c861c5d6874d2c8e9,adaptive,adaptive_allocation,2475,270663647,16,5000,0.08,0.05,rbf,median,anytime,bonferroni,1,10,False,UNRESOLVED,5000,True,False,True,0.0004345829947851598,0.08,0.18209213411654696,True,True,True,False
3590eee59bb5012d6bfa,adaptive,adaptive_allocation,2476,2001007885,16,5000,0.08,0.05,rbf,median,anytime,bonferroni,1,10,False,UNRESOLVED,5000,True,False,True,0.0004110419540666044,0.08,0.18209213411654696,True,True,True,False
22a26abccda2aaf32a70,adaptive,adaptive_allocation,2477,3485747390,16,5000,0.08,0.05,rbf,median,anytime,bonferroni,1,10,False,UNRESOLVED,5000,True,False,True,0.0004100830410607159,0.08,0.18209213411654696,True,True,True,False
792c586f3b3a315d3f74,adaptive,adaptive_allocation,2478,3931633904,16,5000,0.08,0.05,rbf,median,anytime,bonferroni,1,10,False,UNRESOLVED,5000,True,False,True,0.0004041669890284538,0.08,0.18209213411654696,True,True,True,False
487b5cde77346268ef17,adaptive,adaptive_allocation,2479,2157328718,16,5000,0.08,0.05,rbf,median,anytime,bonferroni,1,10,False,UNRESOLVED,5000,True,False,True,0.0004075830220244825,0.08,0.18209213411654696,True,True,True,False
5f10967bd8c5d017815a,adaptive,adaptive_allocation,2480,1916611836,16,5000,0.08,0.05,rbf,median,anytime,bonferroni,1,10,False,UNRESOLVED,5000,True,False,True,0.00040316703962162137,0.08,0.18209213411654696,True,True,True,False
def2d4efccae93c5dd5b,adaptive,adaptive_allocation,2481,628743615,16,5000,0.08,0.05,rbf,median,anytime,bonferroni,1,10,False,UNRESOLVED,5000,True,False,True,0.00040200003422796726,0.08,0.18209213411654696,True,True,True,False
6c53d7a81c9d06576043,adaptive,adaptive_allocation,2482,1890174757,16,5000,0.08,0.05,rbf,median,anytime,bonferroni,1,10,False,UNRESOLVED,5000,True,False,True,0.00040312501369044185,0.08,0.18209213411654696,True,True,True,False
f2fffca112afd75e3d05,adaptive,adaptive_allocation,2483,2010703259,16,5000,0.08,0.05,rbf,median,anytime,bonferroni,1,10,False,UNRESOLVED,5000,True,False,True,0.00040608400013297796,0.08,0.18209213411654696,True,True,True,False
4a4619a124334fe8f841,adaptive,adaptive_allocation,2484,805334337,16,5000,0.08,0.05,rbf,median,anytime,bonferroni,1,10,False,UNRESOLVED,5000,True,False,True,0.0004032920114696026,0.08,0.18209213411654696,True,True,True,False
4dbbf77118b19e183df3,adaptive,adaptive_allocation,2485,3645786416,16,5000,0.08,0.05,rbf,median,anytime,bonferroni,1,10,False,UNRESOLVED,5000,True,False,True,0.00040366698522120714,0.08,0.18209213411654696,True,True,True,False
ef66eacbcf1f9b90bd11,adaptive,adaptive_allocation,2486,2737235513,16,5000,0.08,0.05,rbf,median,anytime,bonferroni,1,10,False,UNRESOLVED,5000,True,False,True,0.00040258397348225117,0.08,0.18209213411654696,True,True,True,False
7a969c00bfdfbd43573f,adaptive,adaptive_allocation,2487,933832699,16,5000,0.08,0.05,rbf,median,anytime,bonferroni,1,10,False,UNRESOLVED,5000,True,False,True,0.00040708400774747133,0.08,0.18209213411654696,True,True,True,False
dccdd9b09e7f9eec230a,adaptive,adaptive_allocation,2488,398088582,16,5000,0.08,0.05,rbf,median,anytime,bonferroni,1,10,False,UNRESOLVED,5000,True,False,True,0.0004041659994982183,0.08,0.18209213411654696,True,True,True,False
0d377f89a4824948517d,adaptive,adaptive_allocation,2489,3940656476,16,5000,0.08,0.05,rbf,median,anytime,bonferroni,1,10,False,UNRESOLVED,5000,True,False,True,0.0004011659766547382,0.08,0.18209213411654696,True,True,True,False
1b97ba42d81d7c383799,adaptive,adaptive_allocation,2490,4204443342,16,5000,0.08,0.05,rbf,median,anytime,bonferroni,1,10,False,UNRESOLVED,5000,True,False,True,0.0004022080102004111,0.08,0.18209213411654696,True,True,True,False
f19e63dd220674d8bec5,adaptive,adaptive_allocation,2491,1116032280,16,5000,0.08,0.05,rbf,median,anytime,bonferroni,1,10,False,UNRESOLVED,5000,True,False,True,0.00040550000267103314,0.08,0.18209213411654696,True,True,True,False
afa48cdcae88f73449f6,adaptive,adaptive_allocation,2492,2696350606,16,5000,0.08,0.05,rbf,median,anytime,bonferroni,1,10,False,UNRESOLVED,5000,True,False,True,0.0004029999836347997,0.08,0.18209213411654696,True,True,True,False
2715bc25b042c2792e27,adaptive,adaptive_allocation,2493,903415184,16,5000,0.08,0.05,rbf,median,anytime,bonferroni,1,10,False,UNRESOLVED,5000,True,False,True,0.00040495797293260694,0.08,0.18209213411654696,True,True,True,False
b91ec3e08892ce4b6d0e,adaptive,adaptive_allocation,2494,1787833628,16,5000,0.08,0.05,rbf,median,anytime,bonferroni,1,10,False,UNRESOLVED,5000,True,False,True,0.00040387496119365096,0.08,0.18209213411654696,True,True,True,False
f1610c3574f44e183c3a,adaptive,adaptive_allocation,2495,3599162100,16,5000,0.08,0.05,rbf,median,anytime,bonferroni,1,10,False,UNRESOLVED,5000,True,False,True,0.00040625000838190317,0.08,0.18209213411654696,True,True,True,False
c108a1c5ddc73eebda4c,adaptive,adaptive_allocation,2496,1825107823,16,5000,0.08,0.05,rbf,median,anytime,bonferroni,1,10,False,UNRESOLVED,5000,True,False,True,0.0003998750471509993,0.08,0.18209213411654696,True,True,True,False
1dd89b6290269123fc41,adaptive,adaptive_allocation,2497,4099648330,16,5000,0.08,0.05,rbf,median,anytime,bonferroni,1,10,False,UNRESOLVED,5000,True,False,True,0.00040137500036507845,0.08,0.18209213411654696,True,True,True,False
592214d5fa5ee007b051,adaptive,adaptive_allocation,2498,603644147,16,5000,0.08,0.05,rbf,median,anytime,bonferroni,1,10,False,UNRESOLVED,5000,True,False,True,0.0004024579538963735,0.08,0.18209213411654696,True,True,True,False
52b50b7213ec474db60d,adaptive,adaptive_allocation,2499,3562760573,16,5000,0.08,0.05,rbf,median,anytime,bonferroni,1,10,False,UNRESOLVED,5000,True,False,True,0.00040333298966288567,0.08,0.18209213411654696,True,True,True,False
72a37753b7d5f07a5cb4,adaptive,adaptive_allocation,2500,2051406887,16,5000,0.08,0.05,rbf,median,anytime,bonferroni,1,10,False,UNRESOLVED,5000,True,False,True,0.00040358403930440545,0.08,0.18209213411654696,True,True,True,False
3ee1cfb2bd96227b3e52,adaptive,adaptive_allocation,2501,2834755377,16,5000,0.08,0.05,rbf,median,anytime,bonferroni,1,10,False,UNRESOLVED,5000,True,False,True,0.00040187500417232513,0.08,0.18209213411654696,True,True,True,False
c6a8960af91de09f5527,adaptive,adaptive_allocation,2502,3408522743,16,5000,0.08,0.05,rbf,median,anytime,bonferroni,1,10,False,UNRESOLVED,5000,True,False,True,0.00040545902447775006,0.08,0.18209213411654696,True,True,True,False
c6685f9612c776077477,adaptive,adaptive_allocation,2503,2186442821,16,5000,0.08,0.05,rbf,median,anytime,bonferroni,1,10,False,UNRESOLVED,5000,True,False,True,0.0004075419856235385,0.08,0.18209213411654696,True,True,True,False
370554e9cb20c7479941,adaptive,adaptive_allocation,2504,2907265348,16,5000,0.08,0.05,rbf,median,anytime,bonferroni,1,10,False,UNRESOLVED,5000,True,False,True,0.00040270801400765777,0.08,0.18209213411654696,True,True,True,False
d6baadaacf61c315ee71,adaptive,adaptive_allocation,2505,954475268,16,5000,0.08,0.05,rbf,median,anytime,bonferroni,1,10,False,UNRESOLVED,5000,True,False,True,0.00040254194755107164,0.08,0.18209213411654696,True,True,True,False
8b2d1ab116f707033baa,adaptive,adaptive_allocation,2506,1822206948,16,5000,0.08,0.05,rbf,median,anytime,bonferroni,1,10,False,UNRESOLVED,5000,True,False,True,0.0004033339791931212,0.08,0.18209213411654696,True,True,True,False
7e439d25b5b07c7e8411,adaptive,adaptive_allocation,2507,1733476617,16,5000,0.08,0.05,rbf,median,anytime,bonferroni,1,10,False,UNRESOLVED,5000,True,False,True,0.00040900002932175994,0.08,0.18209213411654696,True,True,True,False
13e9beb3831f664f0272,adaptive,adaptive_allocation,2508,2120265410,16,5000,0.08,0.05,rbf,median,anytime,bonferroni,1,10,False,UNRESOLVED,5000,True,False,True,0.0004053329466842115,0.08,0.18209213411654696,True,True,True,False
6e5377bb5c3fd6d40f5a,adaptive,adaptive_allocation,2509,1676235767,16,5000,0.08,0.05,rbf,median,anytime,bonferroni,1,10,False,UNRESOLVED,5000,True,False,True,0.00047804199857637286,0.08,0.18209213411654696,True,True,True,False
a95892baddd3abc9e28f,adaptive,adaptive_allocation,2510,1203584285,16,5000,0.08,0.05,rbf,median,anytime,bonferroni,1,10,False,UNRESOLVED,5000,True,False,True,0.0005169590003788471,0.08,0.18209213411654696,True,True,True,False
76677860d14901b6120f,adaptive,adaptive_allocation,2511,1947691986,16,5000,0.08,0.05,rbf,median,anytime,bonferroni,1,10,False,UNRESOLVED,5000,True,False,True,0.0004940410144627094,0.08,0.18209213411654696,True,True,True,False
3c814cf9900342a95141,adaptive,adaptive_allocation,2512,2372247698,16,5000,0.08,0.05,rbf,median,anytime,bonferroni,1,10,False,UNRESOLVED,5000,True,False,True,0.00039308296982198954,0.08,0.18209213411654696,True,True,True,False
4b55cbf9457c596b93f9,adaptive,adaptive_allocation,2513,1096111989,16,5000,0.08,0.05,rbf,median,anytime,bonferroni,1,10,False,UNRESOLVED,5000,True,False,True,0.0003605830133892596,0.08,0.18209213411654696,True,True,True,False
ea1cba233a670cf2f631,adaptive,adaptive_allocation,2514,336778414,16,5000,0.08,0.05,rbf,median,anytime,bonferroni,1,10,False,UNRESOLVED,5000,True,False,True,0.0003541670157574117,0.08,0.18209213411654696,True,True,True,False
b80e0a69ac2c9bef4adb,adaptive,adaptive_allocation,2515,203845842,16,5000,0.08,0.05,rbf,median,anytime,bonferroni,1,10,False,UNRESOLVED,5000,True,False,True,0.0003490409580990672,0.08,0.18209213411654696,True,True,True,False
e7c3f07a309ea40b3455,adaptive,adaptive_allocation,2516,1111218378,16,5000,0.08,0.05,rbf,median,anytime,bonferroni,1,10,False,UNRESOLVED,5000,True,False,True,0.00034899997990578413,0.08,0.18209213411654696,True,True,True,False
97752b417edb48e415af,adaptive,adaptive_allocation,2517,4230611563,16,5000,0.08,0.05,rbf,median,anytime,bonferroni,1,10,False,UNRESOLVED,5000,True,False,True,0.00034708296880126,0.08,0.18209213411654696,True,True,True,False
e8ea6117298e5ac24d24,adaptive,adaptive_allocation,2518,2395275568,16,5000,0.08,0.05,rbf,median,anytime,bonferroni,1,10,False,UNRESOLVED,5000,True,False,True,0.00034954200964421034,0.08,0.18209213411654696,True,True,True,False
fa0ee78b42bfd77ac9df,adaptive,adaptive_allocation,2519,1799473630,16,5000,0.08,0.05,rbf,median,anytime,bonferroni,1,10,False,UNRESOLVED,5000,True,False,True,0.00034708296880126,0.08,0.18209213411654696,True,True,True,False
2fa21f5bd89be5359c2b,adaptive,adaptive_allocation,2520,4254993568,16,5000,0.08,0.05,rbf,median,anytime,bonferroni,1,10,False,UNRESOLVED,5000,True,False,True,0.0003465409972704947,0.08,0.18209213411654696,True,True,True,False
9af5aac4c2b359afd0a9,adaptive,adaptive_allocation,2521,2013804801,16,5000,0.08,0.05,rbf,median,anytime,bonferroni,1,10,False,UNRESOLVED,5000,True,False,True,0.0003470000228844583,0.08,0.18209213411654696,True,True,True,False
9b786ec0c18320b14c2f,adaptive,adaptive_allocation,2522,3374017049,16,5000,0.08,0.05,rbf,median,anytime,bonferroni,1,10,False,UNRESOLVED,5000,True,False,True,0.00035016698529943824,0.08,0.18209213411654696,True,True,True,False
da3fc1901d0e796a5fd7,adaptive,adaptive_allocation,2523,556309454,16,5000,0.08,0.05,rbf,median,anytime,bonferroni,1,10,False,UNRESOLVED,5000,True,False,True,0.00034595897886902094,0.08,0.18209213411654696,True,True,True,False
811819db670e76457248,adaptive,adaptive_allocation,2524,891989482,16,5000,0.08,0.05,rbf,median,anytime,bonferroni,1,10,False,UNRESOLVED,5000,True,False,True,0.00034654198680073023,0.08,0.18209213411654696,True,True,True,False
d08fa214913ce2728290,adaptive,adaptive_allocation,2525,3482527089,16,5000,0.08,0.05,rbf,median,anytime,bonferroni,1,10,False,UNRESOLVED,5000,True,False,True,0.00034633296309038997,0.08,0.18209213411654696,True,True,True,False
48bd6df203d73c083994,adaptive,adaptive_allocation,2526,1928948021,16,5000,0.08,0.05,rbf,median,anytime,bonferroni,1,10,False,UNRESOLVED,5000,True,False,True,0.0003487080102786422,0.08,0.18209213411654696,True,True,True,False
2dd36f788ab5677b7168,adaptive,adaptive_allocation,2527,894199120,16,5000,0.08,0.05,rbf,median,anytime,bonferroni,1,10,False,UNRESOLVED,5000,True,False,True,0.00034458294976502657,0.08,0.18209213411654696,True,True,True,False
6c239451ed533005ce5e,adaptive,adaptive_allocation,2528,325313841,16,5000,0.08,0.05,rbf,median,anytime,bonferroni,1,10,False,UNRESOLVED,5000,True,False,True,0.00034708401653915644,0.08,0.18209213411654696,True,True,True,False
f5aea0fd7cb9ffcbe071,adaptive,adaptive_allocation,2529,1775966910,16,5000,0.08,0.05,rbf,median,anytime,bonferroni,1,10,False,UNRESOLVED,5000,True,False,True,0.00034733302891254425,0.08,0.18209213411654696,True,True,True,False
630326fdf5b1aa434703,adaptive,adaptive_allocation,2530,2290346204,16,5000,0.08,0.05,rbf,median,anytime,bonferroni,1,10,False,UNRESOLVED,5000,True,False,True,0.00042524997843429446,0.08,0.18209213411654696,True,True,True,False
1ea1417dfcf1515aa037,adaptive,adaptive_allocation,2531,2625061459,16,5000,0.08,0.05,rbf,median,anytime,bonferroni,1,10,False,UNRESOLVED,5000,True,False,True,0.0003517919685691595,0.08,0.18209213411654696,True,True,True,False
5c6a1f6f2d64d3a15fab,adaptive,adaptive_allocation,2532,3613305433,16,5000,0.08,0.05,rbf,median,anytime,bonferroni,1,10,False,UNRESOLVED,5000,True,False,True,0.0003462500171735883,0.08,0.18209213411654696,True,True,True,False
d3e0e90f2d8ce03f4f7a,adaptive,adaptive_allocation,2533,1267672900,16,5000,0.08,0.05,rbf,median,anytime,bonferroni,1,10,False,UNRESOLVED,5000,True,False,True,0.0003504999913275242,0.08,0.18209213411654696,True,True,True,False
c9a8f183fc1beb42a5f2,adaptive,adaptive_allocation,2534,1281158681,16,5000,0.08,0.05,rbf,median,anytime,bonferroni,1,10,False,UNRESOLVED,5000,True,False,True,0.0003452079836279154,0.08,0.18209213411654696,True,True,True,False
e8822ac8fb07b394eec6,adaptive,adaptive_allocation,2535,2941312651,16,5000,0.08,0.05,rbf,median,anytime,bonferroni,1,10,False,UNRESOLVED,5000,True,False,True,0.0005041249678470194,0.08,0.18209213411654696,True,True,True,False
31624366690520249f48,adaptive,adaptive_allocation,2536,2478972865,16,5000,0.08,0.05,rbf,median,anytime,bonferroni,1,10,False,UNRESOLVED,5000,True,False,True,0.0005504579748958349,0.08,0.18209213411654696,True,True,True,False
236094d285c6448586d7,adaptive,adaptive_allocation,2537,4068277946,16,5000,0.08,0.05,rbf,median,anytime,bonferroni,1,10,False,UNRESOLVED,5000,True,False,True,0.0004841249901801348,0.08,0.18209213411654696,True,True,True,False
d59107df589dd1fc3ff6,adaptive,adaptive_allocation,2538,1326185651,16,5000,0.08,0.05,rbf,median,anytime,bonferroni,1,10,False,UNRESOLVED,5000,True,False,True,0.00047858303878456354,0.08,0.18209213411654696,True,True,True,False
fc392fa02b1121b4b5c0,adaptive,adaptive_allocation,2539,3098696848,16,5000,0.08,0.05,rbf,median,anytime,bonferroni,1,10,False,UNRESOLVED,5000,True,False,True,0.000475957989692688,0.08,0.18209213411654696,True,True,True,False
23f4dc916d0296867b03,adaptive,adaptive_allocation,2540,1050912619,16,5000,0.08,0.05,rbf,median,anytime,bonferroni,1,10,False,UNRESOLVED,5000,True,False,True,0.0004794999840669334,0.08,0.18209213411654696,True,True,True,False
4db352ccdff78e85815d,adaptive,adaptive_allocation,2541,1023270763,16,5000,0.08,0.05,rbf,median,anytime,bonferroni,1,10,False,UNRESOLVED,5000,True,False,True,0.00047387502854689956,0.08,0.18209213411654696,True,True,True,False
6a3cc43ef9ff4356e5d7,adaptive,adaptive_allocation,2542,2588700551,16,5000,0.08,0.05,rbf,median,anytime,bonferroni,1,10,False,UNRESOLVED,5000,True,False,True,0.0004722920130006969,0.08,0.18209213411654696,True,True,True,False
16213ae97a3f54e72fdf,adaptive,adaptive_allocation,2543,146283236,16,5000,0.08,0.05,rbf,median,anytime,bonferroni,1,10,False,UNRESOLVED,5000,True,False,True,0.00047199998516589403,0.08,0.18209213411654696,True,True,True,False
9fa222bd7e99ef55e2ff,adaptive,adaptive_allocation,2544,3014876293,16,5000,0.08,0.05,rbf,median,anytime,bonferroni,1,10,False,UNRESOLVED,5000,True,False,True,0.0004713330417871475,0.08,0.18209213411654696,True,True,True,False
ad730b45222ab02b860c,adaptive,adaptive_allocation,2545,2346115513,16,5000,0.08,0.05,rbf,median,anytime,bonferroni,1,10,False,UNRESOLVED,5000,True,False,True,0.0004724999889731407,0.08,0.18209213411654696,True,True,True,False
05a8148f0f7f9da6641b,adaptive,adaptive_allocation,2546,864969387,16,5000,0.08,0.05,rbf,median,anytime,bonferroni,1,10,False,UNRESOLVED,5000,True,False,True,0.0004722499870695174,0.08,0.18209213411654696,True,True,True,False
19c00044eae2a39f7ab6,adaptive,adaptive_allocation,2547,2110881535,16,5000,0.08,0.05,rbf,median,anytime,bonferroni,1,10,False,UNRESOLVED,5000,True,False,True,0.00047254201490432024,0.08,0.18209213411654696,True,True,True,False
8454748d56afef168c42,adaptive,adaptive_allocation,2548,1609437409,16,5000,0.08,0.05,rbf,median,anytime,bonferroni,1,10,False,UNRESOLVED,5000,True,False,True,0.0005890420288778841,0.08,0.18209213411654696,True,True,True,False
ff8014f0fd77c38e6c01,adaptive,adaptive_allocation,2549,706195460,16,5000,0.08,0.05,rbf,median,anytime,bonferroni,1,10,False,UNRESOLVED,5000,True,False,True,0.0005292910500429571,0.08,0.18209213411654696,True,True,True,False
5fc6868a8f091ea7faee,adaptive,adaptive_allocation,2550,973237053,16,5000,0.08,0.05,rbf,median,anytime,bonferroni,1,10,False,UNRESOLVED,5000,True,False,True,0.0005099169793538749,0.08,0.18209213411654696,True,True,True,False
dab3079cb79de7b326db,adaptive,adaptive_allocation,2551,925724638,16,5000,0.08,0.05,rbf,median,anytime,bonferroni,1,10,False,UNRESOLVED,5000,True,False,True,0.0004886250244453549,0.08,0.18209213411654696,True,True,True,False
7c3c802083cbeb949409,adaptive,adaptive_allocation,2552,433776440,16,5000,0.08,0.05,rbf,median,anytime,bonferroni,1,10,False,UNRESOLVED,5000,True,False,True,0.00047495897160843015,0.08,0.18209213411654696,True,True,True,False
ea90ab368abd7e3b1977,adaptive,adaptive_allocation,2553,3132334806,16,5000,0.08,0.05,rbf,median,anytime,bonferroni,1,10,False,UNRESOLVED,5000,True,False,True,0.00047445797827094793,0.08,0.18209213411654696,True,True,True,False
a4d4cc2e02d901c48fbb,adaptive,adaptive_allocation,2554,3013738164,16,5000,0.08,0.05,rbf,median,anytime,bonferroni,1,10,False,UNRESOLVED,5000,True,False,True,0.00048458296805620193,0.08,0.18209213411654696,True,True,True,False
914fa338dedd1bc80c10,adaptive,adaptive_allocation,2555,740261656,16,5000,0.08,0.05,rbf,median,anytime,bonferroni,1,10,False,UNRESOLVED,5000,True,False,True,0.0004265000461600721,0.08,0.18209213411654696,True,True,True,False
433150ca05ea340ab3bf,adaptive,adaptive_allocation,2556,1548305497,16,5000,0.08,0.05,rbf,median,anytime,bonferroni,1,10,False,UNRESOLVED,5000,True,False,True,0.0004202499985694885,0.08,0.18209213411654696,True,True,True,False
dd99a805846d8f7e13b6,adaptive,adaptive_allocation,2557,2620161326,16,5000,0.08,0.05,rbf,median,anytime,bonferroni,1,10,False,UNRESOLVED,5000,True,False,True,0.00040979101322591305,0.08,0.18209213411654696,True,True,True,False
1438f6c4d4e9f09fabc4,adaptive,adaptive_allocation,2558,1415959444,16,5000,0.08,0.05,rbf,median,anytime,bonferroni,1,10,False,UNRESOLVED,5000,True,False,True,0.00040912500116974115,0.08,0.18209213411654696,True,True,True,False
0e1337e25979d8c44774,adaptive,adaptive_allocation,2559,1515290673,16,5000,0.08,0.05,rbf,median,anytime,bonferroni,1,10,False,UNRESOLVED,5000,True,False,True,0.0004052079748362303,0.08,0.18209213411654696,True,True,True,False
f571dba98a56d3163e8e,adaptive,adaptive_allocation,2560,3447528033,16,5000,0.08,0.05,rbf,median,anytime,bonferroni,1,10,False,UNRESOLVED,5000,True,False,True,0.0004077910562045872,0.08,0.18209213411654696,True,True,True,False
46039eb74c07a13556db,adaptive,adaptive_allocation,2561,14466285,16,5000,0.08,0.05,rbf,median,anytime,bonferroni,1,10,False,UNRESOLVED,5000,True,False,True,0.0004039169871248305,0.08,0.18209213411654696,True,True,True,False
6e78177d3b5bbe4d5ac5,adaptive,adaptive_allocation,2562,2695455640,16,5000,0.08,0.05,rbf,median,anytime,bonferroni,1,10,False,UNRESOLVED,5000,True,False,True,0.0004040829953737557,0.08,0.18209213411654696,True,True,True,False
f33e97e3d6a3aa6d0cc6,adaptive,adaptive_allocation,2563,1939944445,16,5000,0.08,0.05,rbf,median,anytime,bonferroni,1,10,False,UNRESOLVED,5000,True,False,True,0.00040249997982755303,0.08,0.18209213411654696,True,True,True,False
d8b7bb84f091f69a86a5,adaptive,adaptive_allocation,2564,1397150428,16,5000,0.08,0.05,rbf,median,anytime,bonferroni,1,10,False,UNRESOLVED,5000,True,False,True,0.0004070829600095749,0.08,0.18209213411654696,True,True,True,False
0d89728db95c74c9e07f,adaptive,adaptive_allocation,2565,3465074555,16,5000,0.08,0.05,rbf,median,anytime,bonferroni,1,10,False,UNRESOLVED,5000,True,False,True,0.00040533405262976885,0.08,0.18209213411654696,True,True,True,False
aab0bf32611e11f85ce9,adaptive,adaptive_allocation,2566,4067587499,16,5000,0.08,0.05,rbf,median,anytime,bonferroni,1,10,False,UNRESOLVED,5000,True,False,True,0.00040279101813212037,0.08,0.18209213411654696,True,True,True,False
0d5c20f396d87d6b96eb,adaptive,adaptive_allocation,2567,2551350196,16,5000,0.08,0.05,rbf,median,anytime,bonferroni,1,10,False,UNRESOLVED,5000,True,False,True,0.00040470901876688004,0.08,0.18209213411654696,True,True,True,False
7bbe7e79e10ac7174021,adaptive,adaptive_allocation,2568,2633135138,16,5000,0.08,0.05,rbf,median,anytime,bonferroni,1,10,False,UNRESOLVED,5000,True,False,True,0.0004063749802298844,0.08,0.18209213411654696,True,True,True,False
a69f58e76d43fe767c63,adaptive,adaptive_allocation,2569,959406862,16,5000,0.08,0.05,rbf,median,anytime,bonferroni,1,10,False,UNRESOLVED,5000,True,False,True,0.00040420901495963335,0.08,0.18209213411654696,True,True,True,False
8559732a1cd5641d7131,adaptive,adaptive_allocation,2570,3928294910,16,5000,0.08,0.05,rbf,median,anytime,bonferroni,1,10,False,UNRESOLVED,5000,True,False,True,0.0004034579615108669,0.08,0.18209213411654696,True,True,True,False
36b23148f36e446a4cdf,adaptive,adaptive_allocation,2571,1037851878,16,5000,0.08,0.05,rbf,median,anytime,bonferroni,1,10,False,UNRESOLVED,5000,True,False,True,0.000403582991566509,0.08,0.18209213411654696,True,True,True,False
67405399ea4099ead6cf,adaptive,adaptive_allocation,2572,3152591242,16,5000,0.08,0.05,rbf,median,anytime,bonferroni,1,10,False,UNRESOLVED,5000,True,False,True,0.00040504196658730507,0.08,0.18209213411654696,True,True,True,False
a4f82c577c7dd70b8be4,adaptive,adaptive_allocation,2573,4261767436,16,5000,0.08,0.05,rbf,median,anytime,bonferroni,1,10,False,UNRESOLVED,5000,True,False,True,0.00040241697570309043,0.08,0.18209213411654696,True,True,True,False
9f9470a1b96668a798a4,adaptive,adaptive_allocation,2574,4079656505,16,5000,0.08,0.05,rbf,median,anytime,bonferroni,1,10,False,UNRESOLVED,5000,True,False,True,0.0004034169833175838,0.08,0.18209213411654696,True,True,True,False
5d6d739b5ddb86b73c5c,adaptive,adaptive_allocation,2575,3816820325,16,5000,0.08,0.05,rbf,median,anytime,bonferroni,1,10,False,UNRESOLVED,5000,True,False,True,0.0004044999950565398,0.08,0.18209213411654696,True,True,True,False
9a44b5c7497f85e41252,adaptive,adaptive_allocation,2576,3989437074,16,5000,0.08,0.05,rbf,median,anytime,bonferroni,1,10,False,UNRESOLVED,5000,True,False,True,0.0004056670004501939,0.08,0.18209213411654696,True,True,True,False
71c86d65f3776a6a7c00,adaptive,adaptive_allocation,2577,22251333,16,5000,0.08,0.05,rbf,median,anytime,bonferroni,1,10,False,UNRESOLVED,5000,True,False,True,0.0004052500007674098,0.08,0.18209213411654696,True,True,True,False
c3caac6474db20289b90,adaptive,adaptive_allocation,2578,2851588792,16,5000,0.08,0.05,rbf,median,anytime,bonferroni,1,10,False,UNRESOLVED,5000,True,False,True,0.00040362501749768853,0.08,0.18209213411654696,True,True,True,False
9417a6bbcb1be5b6b653,adaptive,adaptive_allocation,2579,3514857792,16,5000,0.08,0.05,rbf,median,anytime,bonferroni,1,10,False,UNRESOLVED,5000,True,False,True,0.0004028750117868185,0.08,0.18209213411654696,True,True,True,False
88910742845ebbfb12e3,adaptive,adaptive_allocation,2580,470377476,16,5000,0.08,0.05,rbf,median,anytime,bonferroni,1,10,False,UNRESOLVED,5000,True,False,True,0.00040666700806468725,0.08,0.18209213411654696,True,True,True,False
64eb50915d3b417abf26,adaptive,adaptive_allocation,2581,916103978,16,5000,0.08,0.05,rbf,median,anytime,bonferroni,1,10,False,UNRESOLVED,5000,True,False,True,0.0004019159823656082,0.08,0.18209213411654696,True,True,True,False
0e0131dd2e574b488d96,adaptive,adaptive_allocation,2582,2476785195,16,5000,0.08,0.05,rbf,median,anytime,bonferroni,1,10,False,UNRESOLVED,5000,True,False,True,0.0004010000266134739,0.08,0.18209213411654696,True,True,True,False
9c926dd6ee3f7fadedfd,adaptive,adaptive_allocation,2583,88536111,16,5000,0.08,0.05,rbf,median,anytime,bonferroni,1,10,False,UNRESOLVED,5000,True,False,True,0.00040195899782702327,0.08,0.18209213411654696,True,True,True,False
e7f6cdc9f5b7e10b20ba,adaptive,adaptive_allocation,2584,2704586907,16,5000,0.08,0.05,rbf,median,anytime,bonferroni,1,10,False,UNRESOLVED,5000,True,False,True,0.0004052920266985893,0.08,0.18209213411654696,True,True,True,False
911588546ccb47165e53,adaptive,adaptive_allocation,2585,4049563733,16,5000,0.08,0.05,rbf,median,anytime,bonferroni,1,10,False,UNRESOLVED,5000,True,False,True,0.00043654197361320257,0.08,0.18209213411654696,True,True,True,False
883d82deb986b60e072c,adaptive,adaptive_allocation,2586,2897480947,16,5000,0.08,0.05,rbf,median,anytime,bonferroni,1,10,False,UNRESOLVED,5000,True,False,True,0.0005576249677687883,0.08,0.18209213411654696,True,True,True,False
eee5ac44603f9b525359,adaptive,adaptive_allocation,2587,219288154,16,5000,0.08,0.05,rbf,median,anytime,bonferroni,1,10,False,UNRESOLVED,5000,True,False,True,0.0005167080089449883,0.08,0.18209213411654696,True,True,True,False
99f3013bf78fe2d51869,adaptive,adaptive_allocation,2588,3973495228,16,5000,0.08,0.05,rbf,median,anytime,bonferroni,1,10,False,UNRESOLVED,5000,True,False,True,0.00047491700388491154,0.08,0.18209213411654696,True,True,True,False
b39a7f5a57e904884cc9,adaptive,adaptive_allocation,2589,2253612600,16,5000,0.08,0.05,rbf,median,anytime,bonferroni,1,10,False,UNRESOLVED,5000,True,False,True,0.0004729999927803874,0.08,0.18209213411654696,True,True,True,False
068055d0b10a514cfe5e,adaptive,adaptive_allocation,2590,672169126,16,5000,0.08,0.05,rbf,median,anytime,bonferroni,1,10,False,UNRESOLVED,5000,True,False,True,0.0004724159953184426,0.08,0.18209213411654696,True,True,True,False
e04a20c8950021cee978,adaptive,adaptive_allocation,2591,2880359685,16,5000,0.08,0.05,rbf,median,anytime,bonferroni,1,10,False,UNRESOLVED,5000,True,False,True,0.00047266704495996237,0.08,0.18209213411654696,True,True,True,False
70eb89c0178dc4f0d264,adaptive,adaptive_allocation,2592,3236252614,16,5000,0.08,0.05,rbf,median,anytime,bonferroni,1,10,False,UNRESOLVED,5000,True,False,True,0.00047683302545920014,0.08,0.18209213411654696,True,True,True,False
6d3b9d80fb424c6c4bdc,adaptive,adaptive_allocation,2593,4226830048,16,5000,0.08,0.05,rbf,median,anytime,bonferroni,1,10,False,UNRESOLVED,5000,True,False,True,0.0004717080155387521,0.08,0.18209213411654696,True,True,True,False
d0a62a7e19a120048399,adaptive,adaptive_allocation,2594,1234471591,16,5000,0.08,0.05,rbf,median,anytime,bonferroni,1,10,False,UNRESOLVED,5000,True,False,True,0.000475957989692688,0.08,0.18209213411654696,True,True,True,False
126d849a5d8f7c479d3a,adaptive,adaptive_allocation,2595,3147520792,16,5000,0.08,0.05,rbf,median,anytime,bonferroni,1,10,False,UNRESOLVED,5000,True,False,True,0.00047633302165195346,0.08,0.18209213411654696,True,True,True,False
37e0f7351d420fcf7d20,adaptive,adaptive_allocation,2596,1438339616,16,5000,0.08,0.05,rbf,median,anytime,bonferroni,1,10,False,UNRESOLVED,5000,True,False,True,0.00047154101775959134,0.08,0.18209213411654696,True,True,True,False
8c8138c43218c53f01ba,adaptive,adaptive_allocation,2597,2644238010,16,5000,0.08,0.05,rbf,median,anytime,bonferroni,1,10,False,UNRESOLVED,5000,True,False,True,0.00047166598960757256,0.08,0.18209213411654696,True,True,True,False
79e9a87fadffa1a35496,adaptive,adaptive_allocation,2598,3634319756,16,5000,0.08,0.05,rbf,median,anytime,bonferroni,1,10,False,UNRESOLVED,5000,True,False,True,0.00047245901077985764,0.08,0.18209213411654696,True,True,True,False
a349b9c3695524db9d17,adaptive,adaptive_allocation,2599,3598803124,16,5000,0.08,0.05,rbf,median,anytime,bonferroni,1,10,False,UNRESOLVED,5000,True,False,True,0.0004897500039078295,0.08,0.18209213411654696,True,True,True,False
f4662950a64d0977ec80,adaptive,adaptive_allocation,2600,2744186272,16,5000,0.08,0.05,rbf,median,anytime,bonferroni,1,10,False,UNRESOLVED,5000,True,False,True,0.00047733302926644683,0.08,0.18209213411654696,True,True,True,False
6da665bdf9c31f0deaea,adaptive,adaptive_allocation,2601,2015235903,16,5000,0.08,0.05,rbf,median,anytime,bonferroni,1,10,False,UNRESOLVED,5000,True,False,True,0.0004789999802596867,0.08,0.18209213411654696,True,True,True,False
5db5a7fe2bbca8228141,adaptive,adaptive_allocation,2602,318191604,16,5000,0.08,0.05,rbf,median,anytime,bonferroni,1,10,False,UNRESOLVED,5000,True,False,True,0.0004959169891662896,0.08,0.18209213411654696,True,True,True,False
e3a9e090e92fdc3e0243,adaptive,adaptive_allocation,2603,3936080986,16,5000,0.08,0.05,rbf,median,anytime,bonferroni,1,10,False,UNRESOLVED,5000,True,False,True,0.0005088330362923443,0.08,0.18209213411654696,True,True,True,False
44b6035836f16e303852,adaptive,adaptive_allocation,2604,1639146560,16,5000,0.08,0.05,rbf,median,anytime,bonferroni,1,10,False,UNRESOLVED,5000,True,False,True,0.0005116250249557197,0.08,0.18209213411654696,True,True,True,False
6e176c597522f2159a9a,adaptive,adaptive_allocation,2605,315877204,16,5000,0.08,0.05,rbf,median,anytime,bonferroni,1,10,False,UNRESOLVED,5000,True,False,True,0.0003657920169644058,0.08,0.18209213411654696,True,True,True,False
ca45d6818087f26a5bec,adaptive,adaptive_allocation,2606,1054990727,16,5000,0.08,0.05,rbf,median,anytime,bonferroni,1,10,False,UNRESOLVED,5000,True,False,True,0.0003523339983075857,0.08,0.18209213411654696,True,True,True,False
bb1e9ceeb8cf86c65ef9,adaptive,adaptive_allocation,2607,52785445,16,5000,0.08,0.05,rbf,median,anytime,bonferroni,1,10,False,UNRESOLVED,5000,True,False,True,0.00035262497840449214,0.08,0.18209213411654696,True,True,True,False
84ebd55391a6eaff8c36,adaptive,adaptive_allocation,2608,2571698043,16,5000,0.08,0.05,rbf,median,anytime,bonferroni,1,10,False,UNRESOLVED,5000,True,False,True,0.0003483329783193767,0.08,0.18209213411654696,True,True,True,False
24d69dd7b33d62c8f1e3,adaptive,adaptive_allocation,2609,714492955,16,5000,0.08,0.05,rbf,median,anytime,bonferroni,1,10,False,UNRESOLVED,5000,True,False,True,0.0003464579931460321,0.08,0.18209213411654696,True,True,True,False
86853c1b2efbe4c80240,adaptive,adaptive_allocation,2610,534999673,16,5000,0.08,0.05,rbf,median,anytime,bonferroni,1,10,False,UNRESOLVED,5000,True,False,True,0.0003452500095590949,0.08,0.18209213411654696,True,True,True,False
4330538fcf6f06765d2e,adaptive,adaptive_allocation,2611,668311771,16,5000,0.08,0.05,rbf,median,anytime,bonferroni,1,10,False,UNRESOLVED,5000,True,False,True,0.00035033299354836345,0.08,0.18209213411654696,True,True,True,False
f234bb7facef5c937947,adaptive,adaptive_allocation,2612,4170295093,16,5000,0.08,0.05,rbf,median,anytime,bonferroni,1,10,False,UNRESOLVED,5000,True,False,True,0.0003464579931460321,0.08,0.18209213411654696,True,True,True,False
d1c963be250155183127,adaptive,adaptive_allocation,2613,3348516159,16,5000,0.08,0.05,rbf,median,anytime,bonferroni,1,10,False,UNRESOLVED,5000,True,False,True,0.0003458330174908042,0.08,0.18209213411654696,True,True,True,False
78215657eb9f4e7065b5,adaptive,adaptive_allocation,2614,3950361950,16,5000,0.08,0.05,rbf,median,anytime,bonferroni,1,10,False,UNRESOLVED,5000,True,False,True,0.0003471659729257226,0.08,0.18209213411654696,True,True,True,False
bead6c4f8d988794fe7d,adaptive,adaptive_allocation,2615,2379176631,16,5000,0.08,0.05,rbf,median,anytime,bonferroni,1,10,False,UNRESOLVED,5000,True,False,True,0.0003489160444587469,0.08,0.18209213411654696,True,True,True,False
22d762e0d1f706055e86,adaptive,adaptive_allocation,2616,3136027874,16,5000,0.08,0.05,rbf,median,anytime,bonferroni,1,10,False,UNRESOLVED,5000,True,False,True,0.0003448330098763108,0.08,0.18209213411654696,True,True,True,False
52136c4429a22242e2bc,adaptive,adaptive_allocation,2617,2142367275,16,5000,0.08,0.05,rbf,median,anytime,bonferroni,1,10,False,UNRESOLVED,5000,True,False,True,0.00034654198680073023,0.08,0.18209213411654696,True,True,True,False
eba59dce339be8d09990,adaptive,adaptive_allocation,2618,3085306959,16,5000,0.08,0.05,rbf,median,anytime,bonferroni,1,10,False,UNRESOLVED,5000,True,False,True,0.000354000017978251,0.08,0.18209213411654696,True,True,True,False
2fd5c69b8244421379bb,adaptive,adaptive_allocation,2619,3843031124,16,5000,0.08,0.05,rbf,median,anytime,bonferroni,1,10,False,UNRESOLVED,5000,True,False,True,0.00040491699473932385,0.08,0.18209213411654696,True,True,True,False
a6075699f4c802fb9f83,adaptive,adaptive_allocation,2620,3364257026,16,5000,0.08,0.05,rbf,median,anytime,bonferroni,1,10,False,UNRESOLVED,5000,True,False,True,0.0004021250060759485,0.08,0.18209213411654696,True,True,True,False
36c3216c56fe2695c977,adaptive,adaptive_allocation,2621,420695494,16,5000,0.08,0.05,rbf,median,anytime,bonferroni,1,10,False,UNRESOLVED,5000,True,False,True,0.0004004160291515291,0.08,0.18209213411654696,True,True,True,False
5bc7485253f9f2b1ba51,adaptive,adaptive_allocation,2622,3899295631,16,5000,0.08,0.05,rbf,median,anytime,bonferroni,1,10,False,UNRESOLVED,5000,True,False,True,0.0004913749871775508,0.08,0.18209213411654696,True,True,True,False
1ad6b2fa83f3ea9fb5b8,adaptive,adaptive_allocation,2623,3590859963,16,5000,0.08,0.05,rbf,median,anytime,bonferroni,1,10,False,UNRESOLVED,5000,True,False,True,0.0005341669893823564,0.08,0.18209213411654696,True,True,True,False
de9207907b4c19b58fd5,adaptive,adaptive_allocation,2624,696314774,16,5000,0.08,0.05,rbf,median,anytime,bonferroni,1,10,False,UNRESOLVED,5000,True,False,True,0.0005069579929113388,0.08,0.18209213411654696,True,True,True,False
9b5cb505cc45251cbe50,adaptive,adaptive_allocation,2625,687524766,16,5000,0.08,0.05,rbf,median,anytime,bonferroni,1,10,False,UNRESOLVED,5000,True,False,True,0.00048516696551814675,0.08,0.18209213411654696,True,True,True,False
ec2a29c6d95dd1e4f5de,adaptive,adaptive_allocation,2626,1810164495,16,5000,0.08,0.05,rbf,median,anytime,bonferroni,1,10,False,UNRESOLVED,5000,True,False,True,0.0004874579608440399,0.08,0.18209213411654696,True,True,True,False
d728df7af7b466e49e90,adaptive,adaptive_allocation,2627,1602808275,16,5000,0.08,0.05,rbf,median,anytime,bonferroni,1,10,False,UNRESOLVED,5000,True,False,True,0.00048279197653755546,0.08,0.18209213411654696,True,True,True,False
3817159fc717ff6f818a,adaptive,adaptive_allocation,2628,2306982704,16,5000,0.08,0.05,rbf,median,anytime,bonferroni,1,10,False,UNRESOLVED,5000,True,False,True,0.0004831670084968209,0.08,0.18209213411654696,True,True,True,False
dc320e9595c2b8b2d39d,adaptive,adaptive_allocation,2629,2472647767,16,5000,0.08,0.05,rbf,median,anytime,bonferroni,1,10,False,UNRESOLVED,5000,True,False,True,0.00043229199945926666,0.08,0.18209213411654696,True,True,True,False
53e71c9944fcdb28c305,adaptive,adaptive_allocation,2630,2175552653,16,5000,0.08,0.05,rbf,median,anytime,bonferroni,1,10,False,UNRESOLVED,5000,True,False,True,0.0004113330505788326,0.08,0.18209213411654696,True,True,True,False
c50b8527916982b840c2,adaptive,adaptive_allocation,2631,3012746160,16,5000,0.08,0.05,rbf,median,anytime,bonferroni,1,10,False,UNRESOLVED,5000,True,False,True,0.0004076249897480011,0.08,0.18209213411654696,True,True,True,False
b11250a356192108387a,adaptive,adaptive_allocation,2632,4214059962,16,5000,0.08,0.05,rbf,median,anytime,bonferroni,1,10,False,UNRESOLVED,5000,True,False,True,0.00040533399442210793,0.08,0.18209213411654696,True,True,True,False
7625af843fc3bc11e465,adaptive,adaptive_allocation,2633,944902864,16,5000,0.08,0.05,rbf,median,anytime,bonferroni,1,10,False,UNRESOLVED,5000,True,False,True,0.0004059159546159208,0.08,0.18209213411654696,True,True,True,False
846ab042c6b25cd7721d,adaptive,adaptive_allocation,2634,676968537,16,5000,0.08,0.05,rbf,median,anytime,bonferroni,1,10,False,UNRESOLVED,5000,True,False,True,0.00040262495167553425,0.08,0.18209213411654696,True,True,True,False
02c81e8d18b957fb9302,adaptive,adaptive_allocation,2635,2618731465,16,5000,0.08,0.05,rbf,median,anytime,bonferroni,1,10,False,UNRESOLVED,5000,True,False,True,0.0004017089959233999,0.08,0.18209213411654696,True,True,True,False
09e91b0a83f58ad6e934,adaptive,adaptive_allocation,2636,3775621600,16,5000,0.08,0.05,rbf,median,anytime,bonferroni,1,10,False,UNRESOLVED,5000,True,False,True,0.0004052920266985893,0.08,0.18209213411654696,True,True,True,False
fba52bfb3739ad93c392,adaptive,adaptive_allocation,2637,267963141,16,5000,0.08,0.05,rbf,median,anytime,bonferroni,1,10,False,UNRESOLVED,5000,True,False,True,0.00040783302392810583,0.08,0.18209213411654696,True,True,True,False
91b7b135be1e4de8d89f,adaptive,adaptive_allocation,2638,2985967480,16,5000,0.08,0.05,rbf,median,anytime,bonferroni,1,10,False,UNRESOLVED,5000,True,False,True,0.00040266598807647824,0.08,0.18209213411654696,True,True,True,False
58b25ce82b7fb100c37b,adaptive,adaptive_allocation,2639,4218875680,16,5000,0.08,0.05,rbf,median,anytime,bonferroni,1,10,False,UNRESOLVED,5000,True,False,True,0.0004024159861728549,0.08,0.18209213411654696,True,True,True,False
5eb271c0654bd9338fc4,adaptive,adaptive_allocation,2640,618052057,16,5000,0.08,0.05,rbf,median,anytime,bonferroni,1,10,False,UNRESOLVED,5000,True,False,True,0.000404624966904521,0.08,0.18209213411654696,True,True,True,False
d4471c2a0f3209e5be0d,adaptive,adaptive_allocation,2641,123513933,16,5000,0.08,0.05,rbf,median,anytime,bonferroni,1,10,False,UNRESOLVED,5000,True,False,True,0.0004059170023538172,0.08,0.18209213411654696,True,True,True,False
b93fdce20abf5d8ea4ff,adaptive,adaptive_allocation,2642,2560196412,16,5000,0.08,0.05,rbf,median,anytime,bonferroni,1,10,False,UNRESOLVED,5000,True,False,True,0.00040416704723611474,0.08,0.18209213411654696,True,True,True,False
c8dc9087663583acadbc,adaptive,adaptive_allocation,2643,2574013900,16,5000,0.08,0.05,rbf,median,anytime,bonferroni,1,10,False,UNRESOLVED,5000,True,False,True,0.0004029169795103371,0.08,0.18209213411654696,True,True,True,False
c369d0dba6be2758512e,adaptive,adaptive_allocation,2644,1483545638,16,5000,0.08,0.05,rbf,median,anytime,bonferroni,1,10,False,UNRESOLVED,5000,True,False,True,0.00040304200956597924,0.08,0.18209213411654696,True,True,True,False
b69b5ddcf9d19d7e140a,adaptive,adaptive_allocation,2645,1288914607,16,5000,0.08,0.05,rbf,median,anytime,bonferroni,1,10,False,UNRESOLVED,5000,True,False,True,0.00040579098276793957,0.08,0.18209213411654696,True,True,True,False
362e79b307795ffdee8d,adaptive,adaptive_allocation,2646,2785936253,16,5000,0.08,0.05,rbf,median,anytime,bonferroni,1,10,False,UNRESOLVED,5000,True,False,True,0.0004010000266134739,0.08,0.18209213411654696,True,True,True,False
2e7c8e173b47f85ddd6a,adaptive,adaptive_allocation,2647,3542756615,16,5000,0.08,0.05,rbf,median,anytime,bonferroni,1,10,False,UNRESOLVED,5000,True,False,True,0.00040424999315291643,0.08,0.18209213411654696,True,True,True,False
50d697dd539d6ccb98a6,adaptive,adaptive_allocation,2648,4275676954,16,5000,0.08,0.05,rbf,median,anytime,bonferroni,1,10,False,UNRESOLVED,5000,True,False,True,0.0004042910295538604,0.08,0.18209213411654696,True,True,True,False
a456bcb0b9866f756999,adaptive,adaptive_allocation,2649,370806019,16,5000,0.08,0.05,rbf,median,anytime,bonferroni,1,10,False,UNRESOLVED,5000,True,False,True,0.00037875003181397915,0.08,0.18209213411654696,True,True,True,False
fceff5792e81a2c5cc3a,adaptive,adaptive_allocation,2650,2618563421,16,5000,0.08,0.05,rbf,median,anytime,bonferroni,1,10,False,UNRESOLVED,5000,True,False,True,0.00034708401653915644,0.08,0.18209213411654696,True,True,True,False
f47f3f611ccbe9eb4910,adaptive,adaptive_allocation,2651,4000190031,16,5000,0.08,0.05,rbf,median,anytime,bonferroni,1,10,False,UNRESOLVED,5000,True,False,True,0.00034554104786366224,0.08,0.18209213411654696,True,True,True,False
9e5f51dfad01d3f76cc4,adaptive,adaptive_allocation,2652,3250286703,16,5000,0.08,0.05,rbf,median,anytime,bonferroni,1,10,False,UNRESOLVED,5000,True,False,True,0.00034954200964421034,0.08,0.18209213411654696,True,True,True,False
c7c5cce5594f727d6c6d,adaptive,adaptive_allocation,2653,2544205661,16,5000,0.08,0.05,rbf,median,anytime,bonferroni,1,10,False,UNRESOLVED,5000,True,False,True,0.00035079201916232705,0.08,0.18209213411654696,True,True,True,False
17a376307948b4267896,adaptive,adaptive_allocation,2654,499829730,16,5000,0.08,0.05,rbf,median,anytime,bonferroni,1,10,False,UNRESOLVED,5000,True,False,True,0.00034612498711794615,0.08,0.18209213411654696,True,True,True,False
4ab604fb27f18ecbe4f4,adaptive,adaptive_allocation,2655,664083565,16,5000,0.08,0.05,rbf,median,anytime,bonferroni,1,10,False,UNRESOLVED,5000,True,False,True,0.00034662499092519283,0.08,0.18209213411654696,True,True,True,False
1428bf9acff4ae2550bf,adaptive,adaptive_allocation,2656,1789488641,16,5000,0.08,0.05,rbf,median,anytime,bonferroni,1,10,False,UNRESOLVED,5000,True,False,True,0.00034600001526996493,0.08,0.18209213411654696,True,True,True,False
310c65eca5daad623b04,adaptive,adaptive_allocation,2657,2058344353,16,5000,0.08,0.05,rbf,median,anytime,bonferroni,1,10,False,UNRESOLVED,5000,True,False,True,0.0003510419628582895,0.08,0.18209213411654696,True,True,True,False
a434c941adb777c911ab,adaptive,adaptive_allocation,2658,410617853,16,5000,0.08,0.05,rbf,median,anytime,bonferroni,1,10,False,UNRESOLVED,5000,True,False,True,0.00034620799124240875,0.08,0.18209213411654696,True,True,True,False
118e3bf47928a1570263,adaptive,adaptive_allocation,2659,4286791490,16,5000,0.08,0.05,rbf,median,anytime,bonferroni,1,10,False,UNRESOLVED,5000,True,False,True,0.0003462500171735883,0.08,0.18209213411654696,True,True,True,False
48c20121b42c79839abf,adaptive,adaptive_allocation,2660,3148029490,16,5000,0.08,0.05,rbf,median,anytime,bonferroni,1,10,False,UNRESOLVED,5000,True,False,True,0.0003820830024778843,0.08,0.18209213411654696,True,True,True,False
64801e43c1a5b58a5a7a,adaptive,adaptive_allocation,2661,3129807683,16,5000,0.08,0.05,rbf,median,anytime,bonferroni,1,10,False,UNRESOLVED,5000,True,False,True,0.0005527499597519636,0.08,0.18209213411654696,True,True,True,False
25cc261387575a86f927,adaptive,adaptive_allocation,2662,1613120555,16,5000,0.08,0.05,rbf,median,anytime,bonferroni,1,10,False,UNRESOLVED,5000,True,False,True,0.000378625001758337,0.08,0.18209213411654696,True,True,True,False
6eef8c7aba2e54308534,adaptive,adaptive_allocation,2663,1629690777,16,5000,0.08,0.05,rbf,median,anytime,bonferroni,1,10,False,UNRESOLVED,5000,True,False,True,0.00037987501127645373,0.08,0.18209213411654696,True,True,True,False
b02a23f9321cd6762f33,adaptive,adaptive_allocation,2664,1826132496,16,5000,0.08,0.05,rbf,median,anytime,bonferroni,1,10,False,UNRESOLVED,5000,True,False,True,0.0003517500008456409,0.08,0.18209213411654696,True,True,True,False
a6b00a6f7553c39823de,adaptive,adaptive_allocation,2665,51392257,16,5000,0.08,0.05,rbf,median,anytime,bonferroni,1,10,False,UNRESOLVED,5000,True,False,True,0.0003475419944152236,0.08,0.18209213411654696,True,True,True,False
9e5841e941395f1062f3,adaptive,adaptive_allocation,2666,1477631068,16,5000,0.08,0.05,rbf,median,anytime,bonferroni,1,10,False,UNRESOLVED,5000,True,False,True,0.0003491670358926058,0.08,0.18209213411654696,True,True,True,False
088006c216dd6a4fa4b4,adaptive,adaptive_allocation,2667,510907858,16,5000,0.08,0.05,rbf,median,anytime,bonferroni,1,10,False,UNRESOLVED,5000,True,False,True,0.00034445797791704535,0.08,0.18209213411654696,True,True,True,False
21024fb9143c2d6fa971,adaptive,adaptive_allocation,2668,1127426210,16,5000,0.08,0.05,rbf,median,anytime,bonferroni,1,10,False,UNRESOLVED,5000,True,False,True,0.00034675002098083496,0.08,0.18209213411654696,True,True,True,False
a1080b8a0db101536848,adaptive,adaptive_allocation,2669,3696759662,16,5000,0.08,0.05,rbf,median,anytime,bonferroni,1,10,False,UNRESOLVED,5000,True,False,True,0.00034708401653915644,0.08,0.18209213411654696,True,True,True,False
74db23c9e9ce4543d031,adaptive,adaptive_allocation,2670,3376679047,16,5000,0.08,0.05,rbf,median,anytime,bonferroni,1,10,False,UNRESOLVED,5000,True,False,True,0.0003483330365270376,0.08,0.18209213411654696,True,True,True,False
0fc3f5ebd739ef51f175,adaptive,adaptive_allocation,2671,4095939132,16,5000,0.08,0.05,rbf,median,anytime,bonferroni,1,10,False,UNRESOLVED,5000,True,False,True,0.000347500026691705,0.08,0.18209213411654696,True,True,True,False
cd237aced0788a610c9b,adaptive,adaptive_allocation,2672,219487998,16,5000,0.08,0.05,rbf,median,anytime,bonferroni,1,10,False,UNRESOLVED,5000,True,False,True,0.00034837500425055623,0.08,0.18209213411654696,True,True,True,False
3ae1f1fee747f377b3b5,adaptive,adaptive_allocation,2673,2051089863,16,5000,0.08,0.05,rbf,median,anytime,bonferroni,1,10,False,UNRESOLVED,5000,True,False,True,0.0003476669662632048,0.08,0.18209213411654696,True,True,True,False
351e36a0086d11e52695,adaptive,adaptive_allocation,2674,1624872954,16,5000,0.08,0.05,rbf,median,anytime,bonferroni,1,10,False,UNRESOLVED,5000,True,False,True,0.00034837500425055623,0.08,0.18209213411654696,True,True,True,False
c58e4fa536e622b8a992,adaptive,adaptive_allocation,2675,767497992,16,5000,0.08,0.05,rbf,median,anytime,bonferroni,1,10,False,UNRESOLVED,5000,True,False,True,0.0003453749814070761,0.08,0.18209213411654696,True,True,True,False
24a27ef9005a3eb303cd,adaptive,adaptive_allocation,2676,3361982644,16,5000,0.08,0.05,rbf,median,anytime,bonferroni,1,10,False,UNRESOLVED,5000,True,False,True,0.0003447500057518482,0.08,0.18209213411654696,True,True,True,False
b55fe542d62bba258a53,adaptive,adaptive_allocation,2677,1115560762,16,5000,0.08,0.05,rbf,median,anytime,bonferroni,1,10,False,UNRESOLVED,5000,True,False,True,0.00034387496998533607,0.08,0.18209213411654696,True,True,True,False
ad639193e6868d09f04e,adaptive,adaptive_allocation,2678,1152588796,16,5000,0.08,0.05,rbf,median,anytime,bonferroni,1,10,False,UNRESOLVED,5000,True,False,True,0.00034691597102209926,0.08,0.18209213411654696,True,True,True,False
e28abc2b2ad4d97d90fc,adaptive,adaptive_allocation,2679,4222085360,16,5000,0.08,0.05,rbf,median,anytime,bonferroni,1,10,False,UNRESOLVED,5000,True,False,True,0.00034374999813735485,0.08,0.18209213411654696,True,True,True,False
50bb305c23c17cf79cec,adaptive,adaptive_allocation,2680,3566768743,16,5000,0.08,0.05,rbf,median,anytime,bonferroni,1,10,False,UNRESOLVED,5000,True,False,True,0.0003714170306921005,0.08,0.18209213411654696,True,True,True,False
6a0977b1af0745e53da4,adaptive,adaptive_allocation,2681,1129005434,16,5000,0.08,0.05,rbf,median,anytime,bonferroni,1,10,False,UNRESOLVED,5000,True,False,True,0.0004004589864052832,0.08,0.18209213411654696,True,True,True,False
49830e79961c8c3e586f,adaptive,adaptive_allocation,2682,3875372672,16,5000,0.08,0.05,rbf,median,anytime,bonferroni,1,10,False,UNRESOLVED,5000,True,False,True,0.00040262500988319516,0.08,0.18209213411654696,True,True,True,False
1f83ca62eb492bc60cbc,adaptive,adaptive_allocation,2683,4140000734,16,5000,0.08,0.05,rbf,median,anytime,bonferroni,1,10,False,UNRESOLVED,5000,True,False,True,0.00039775000186637044,0.08,0.18209213411654696,True,True,True,False
caffac999a5db50b3f9d,adaptive,adaptive_allocation,2684,4220004425,16,5000,0.08,0.05,rbf,median,anytime,bonferroni,1,10,False,UNRESOLVED,5000,True,False,True,0.0003975409781560302,0.08,0.18209213411654696,True,True,True,False
08d50e3f077bf58c5b99,adaptive,adaptive_allocation,2685,1043558832,16,5000,0.08,0.05,rbf,median,anytime,bonferroni,1,10,False,UNRESOLVED,5000,True,False,True,0.00039954198291525245,0.08,0.18209213411654696,True,True,True,False
bee7be329c8c84eb61e9,adaptive,adaptive_allocation,2686,1303121643,16,5000,0.08,0.05,rbf,median,anytime,bonferroni,1,10,False,UNRESOLVED,5000,True,False,True,0.00041141698602586985,0.08,0.18209213411654696,True,True,True,False
fb241eb1aa4597214efa,adaptive,adaptive_allocation,2687,3705199701,16,5000,0.08,0.05,rbf,median,anytime,bonferroni,1,10,False,UNRESOLVED,5000,True,False,True,0.00040008395444601774,0.08,0.18209213411654696,True,True,True,False
856f5b84d0e0703a52e2,adaptive,adaptive_allocation,2688,427308839,16,5000,0.08,0.05,rbf,median,anytime,bonferroni,1,10,False,UNRESOLVED,5000,True,False,True,0.00039941701106727123,0.08,0.18209213411654696,True,True,True,False
9b9105cab7b3def04e3c,adaptive,adaptive_allocation,2689,16918980,16,5000,0.08,0.05,rbf,median,anytime,bonferroni,1,10,False,UNRESOLVED,5000,True,False,True,0.00039850000757724047,0.08,0.18209213411654696,True,True,True,False
65418fb6397f3b4e65a7,adaptive,adaptive_allocation,2690,4162099534,16,5000,0.08,0.05,rbf,median,anytime,bonferroni,1,10,False,UNRESOLVED,5000,True,False,True,0.0004016250022687018,0.08,0.18209213411654696,True,True,True,False
f8119792a8487a1ea064,adaptive,adaptive_allocation,2691,1154200369,16,5000,0.08,0.05,rbf,median,anytime,bonferroni,1,10,False,UNRESOLVED,5000,True,False,True,0.00039970799116417766,0.08,0.18209213411654696,True,True,True,False
6abb02f90af95718531c,adaptive,adaptive_allocation,2692,3507231964,16,5000,0.08,0.05,rbf,median,anytime,bonferroni,1,10,False,UNRESOLVED,5000,True,False,True,0.00040074996650218964,0.08,0.18209213411654696,True,True,True,False
1552bcad79919fce057e,adaptive,adaptive_allocation,2693,553275239,16,5000,0.08,0.05,rbf,median,anytime,bonferroni,1,10,False,UNRESOLVED,5000,True,False,True,0.00039904197910800576,0.08,0.18209213411654696,True,True,True,False
2af29bb7e1c479e07696,adaptive,adaptive_allocation,2694,3228245981,16,5000,0.08,0.05,rbf,median,anytime,bonferroni,1,10,False,UNRESOLVED,5000,True,False,True,0.0004033749573864043,0.08,0.18209213411654696,True,True,True,False
ef3865ab3f4c68f1c356,adaptive,adaptive_allocation,2695,1029213267,16,5000,0.08,0.05,rbf,median,anytime,bonferroni,1,10,False,UNRESOLVED,5000,True,False,True,0.00039658305468037724,0.08,0.18209213411654696,True,True,True,False
04d94c073745d95dc9ea,adaptive,adaptive_allocation,2696,2097942699,16,5000,0.08,0.05,rbf,median,anytime,bonferroni,1,10,False,UNRESOLVED,5000,True,False,True,0.000399957993067801,0.08,0.18209213411654696,True,True,True,False
ab12622a841395418f5f,adaptive,adaptive_allocation,2697,1229514807,16,5000,0.08,0.05,rbf,median,anytime,bonferroni,1,10,False,UNRESOLVED,5000,True,False,True,0.00039974995888769627,0.08,0.18209213411654696,True,True,True,False
367c4c61440e1f35a5ad,adaptive,adaptive_allocation,2698,3891953669,16,5000,0.08,0.05,rbf,median,anytime,bonferroni,1,10,False,UNRESOLVED,5000,True,False,True,0.0004024580121040344,0.08,0.18209213411654696,True,True,True,False
f94c68c5d90660b4956e,adaptive,adaptive_allocation,2699,1682411429,16,5000,0.08,0.05,rbf,median,anytime,bonferroni,1,10,False,UNRESOLVED,5000,True,False,True,0.0003980000037699938,0.08,0.18209213411654696,True,True,True,False
1dfc72f2a0a89412c2e7,adaptive,adaptive_allocation,2700,4069643287,16,5000,0.08,0.05,rbf,median,anytime,bonferroni,1,10,False,UNRESOLVED,5000,True,False,True,0.0004010419943369925,0.08,0.18209213411654696,True,True,True,False
5ed1aac347696fe4442b,adaptive,adaptive_allocation,2701,626680821,16,5000,0.08,0.05,rbf,median,anytime,bonferroni,1,10,False,UNRESOLVED,5000,True,False,True,0.0003981250338256359,0.08,0.18209213411654696,True,True,True,False
3157dcf23e1a43fe0dfe,adaptive,adaptive_allocation,2702,633633024,16,5000,0.08,0.05,rbf,median,anytime,bonferroni,1,10,False,UNRESOLVED,5000,True,False,True,0.0004036659956909716,0.08,0.18209213411654696,True,True,True,False
1b10b2f80d89c72776c2,adaptive,adaptive_allocation,2703,1275737607,16,5000,0.08,0.05,rbf,median,anytime,bonferroni,1,10,False,UNRESOLVED,5000,True,False,True,0.00039866595761850476,0.08,0.18209213411654696,True,True,True,False
d197793ca613e1044811,adaptive,adaptive_allocation,2704,2038810044,16,5000,0.08,0.05,rbf,median,anytime,bonferroni,1,10,False,UNRESOLVED,5000,True,False,True,0.00040020799497142434,0.08,0.18209213411654696,True,True,True,False
b12824de7e3cf9037e78,adaptive,adaptive_allocation,2705,2373977503,16,5000,0.08,0.05,rbf,median,anytime,bonferroni,1,10,False,UNRESOLVED,5000,True,False,True,0.00039908301550894976,0.08,0.18209213411654696,True,True,True,False
2cb44db44f5875b27d4b,adaptive,adaptive_allocation,2706,1377682590,16,5000,0.08,0.05,rbf,median,anytime,bonferroni,1,10,False,UNRESOLVED,5000,True,False,True,0.0004047079710289836,0.08,0.18209213411654696,True,True,True,False
3621040135a5e1413ad5,adaptive,adaptive_allocation,2707,486604082,16,5000,0.08,0.05,rbf,median,anytime,bonferroni,1,10,False,UNRESOLVED,5000,True,False,True,0.0004003749927505851,0.08,0.18209213411654696,True,True,True,False
97829bc1d5e354227b7a,adaptive,adaptive_allocation,2708,1960248449,16,5000,0.08,0.05,rbf,median,anytime,bonferroni,1,10,False,UNRESOLVED,5000,True,False,True,0.0003876659902743995,0.08,0.18209213411654696,True,True,True,False
7d9646de756cfe9c1b9a,adaptive,adaptive_allocation,2709,3073948641,16,5000,0.08,0.05,rbf,median,anytime,bonferroni,1,10,False,UNRESOLVED,5000,True,False,True,0.0003439580323174596,0.08,0.18209213411654696,True,True,True,False
407772e8bfd0cfbceff3,adaptive,adaptive_allocation,2710,3916673165,16,5000,0.08,0.05,rbf,median,anytime,bonferroni,1,10,False,UNRESOLVED,5000,True,False,True,0.000348124944139272,0.08,0.18209213411654696,True,True,True,False
bacd3f80cd57a62d0526,adaptive,adaptive_allocation,2711,1343834697,16,5000,0.08,0.05,rbf,median,anytime,bonferroni,1,10,False,UNRESOLVED,5000,True,False,True,0.0003450420335866511,0.08,0.18209213411654696,True,True,True,False
e8954eafa6849d17a424,adaptive,adaptive_allocation,2712,378473355,16,5000,0.08,0.05,rbf,median,anytime,bonferroni,1,10,False,UNRESOLVED,5000,True,False,True,0.0003434169921092689,0.08,0.18209213411654696,True,True,True,False
5afb9040fe45278f966f,adaptive,adaptive_allocation,2713,4274904961,16,5000,0.08,0.05,rbf,median,anytime,bonferroni,1,10,False,UNRESOLVED,5000,True,False,True,0.0003442909801378846,0.08,0.18209213411654696,True,True,True,False
f33cbe80d406090f83af,adaptive,adaptive_allocation,2714,946399673,16,5000,0.08,0.05,rbf,median,anytime,bonferroni,1,10,False,UNRESOLVED,5000,True,False,True,0.0003481669700704515,0.08,0.18209213411654696,True,True,True,False
4d2ccf5caebb5fbedf4d,adaptive,adaptive_allocation,2715,2411418542,16,5000,0.08,0.05,rbf,median,anytime,bonferroni,1,10,False,UNRESOLVED,5000,True,False,True,0.0003441249718889594,0.08,0.18209213411654696,True,True,True,False
6794cf918288b15fce2b,adaptive,adaptive_allocation,2716,4020630599,16,5000,0.08,0.05,rbf,median,anytime,bonferroni,1,10,False,UNRESOLVED,5000,True,False,True,0.000345667009241879,0.08,0.18209213411654696,True,True,True,False
bf71d3712697577d5b69,adaptive,adaptive_allocation,2717,2100411437,16,5000,0.08,0.05,rbf,median,anytime,bonferroni,1,10,False,UNRESOLVED,5000,True,False,True,0.00034333299845457077,0.08,0.18209213411654696,True,True,True,False
d28113000c3a375fe15c,adaptive,adaptive_allocation,2718,1170730914,16,5000,0.08,0.05,rbf,median,anytime,bonferroni,1,10,False,UNRESOLVED,5000,True,False,True,0.0003473340184427798,0.08,0.18209213411654696,True,True,True,False
d9d65f78918ca974a6bf,adaptive,adaptive_allocation,2719,3922096019,16,5000,0.08,0.05,rbf,median,anytime,bonferroni,1,10,False,UNRESOLVED,5000,True,False,True,0.0003445000038482249,0.08,0.18209213411654696,True,True,True,False
817983f31a7f6c60b48b,adaptive,adaptive_allocation,2720,260967190,16,5000,0.08,0.05,rbf,median,anytime,bonferroni,1,10,False,UNRESOLVED,5000,True,False,True,0.00034395797410979867,0.08,0.18209213411654696,True,True,True,False
946e3f27508873bcd227,adaptive,adaptive_allocation,2721,3019565327,16,5000,0.08,0.05,rbf,median,anytime,bonferroni,1,10,False,UNRESOLVED,5000,True,False,True,0.00034416699782013893,0.08,0.18209213411654696,True,True,True,False
fcc6a7e30b815026e5ba,adaptive,adaptive_allocation,2722,2194561828,16,5000,0.08,0.05,rbf,median,anytime,bonferroni,1,10,False,UNRESOLVED,5000,True,False,True,0.0003465409972704947,0.08,0.18209213411654696,True,True,True,False
afa0b25e7708bdd37c4c,adaptive,adaptive_allocation,2723,1745811894,16,5000,0.08,0.05,rbf,median,anytime,bonferroni,1,10,False,UNRESOLVED,5000,True,False,True,0.00034324999433010817,0.08,0.18209213411654696,True,True,True,False
25ac8a75096bdc947ecf,adaptive,adaptive_allocation,2724,1564456407,16,5000,0.08,0.05,rbf,median,anytime,bonferroni,1,10,False,UNRESOLVED,5000,True,False,True,0.00034591701114550233,0.08,0.18209213411654696,True,True,True,False
1b1dd827de3d22f8f454,adaptive,adaptive_allocation,2725,2472227652,16,5000,0.08,0.05,rbf,median,anytime,bonferroni,1,10,False,UNRESOLVED,5000,True,False,True,0.0003445000038482249,0.08,0.18209213411654696,True,True,True,False
6b6bc8b007770da2d5cb,adaptive,adaptive_allocation,2726,1794139166,16,5000,0.08,0.05,rbf,median,anytime,bonferroni,1,10,False,UNRESOLVED,5000,True,False,True,0.00034837500425055623,0.08,0.18209213411654696,True,True,True,False
3df1817b2083adb9361f,adaptive,adaptive_allocation,2727,1331587142,16,5000,0.08,0.05,rbf,median,anytime,bonferroni,1,10,False,UNRESOLVED,5000,True,False,True,0.0003447079798206687,0.08,0.18209213411654696,True,True,True,False
490680e0749a210afe11,adaptive,adaptive_allocation,2728,3742478137,16,5000,0.08,0.05,rbf,median,anytime,bonferroni,1,10,False,UNRESOLVED,5000,True,False,True,0.0003429579664953053,0.08,0.18209213411654696,True,True,True,False
6a6bf937e4afb76daf5a,adaptive,adaptive_allocation,2729,3225511975,16,5000,0.08,0.05,rbf,median,anytime,bonferroni,1,10,False,UNRESOLVED,5000,True,False,True,0.00034425000194460154,0.08,0.18209213411654696,True,True,True,False
c85d2d97459ab484e329,adaptive,adaptive_allocation,2730,2615720385,16,5000,0.08,0.05,rbf,median,anytime,bonferroni,1,10,False,UNRESOLVED,5000,True,False,True,0.0003468749928288162,0.08,0.18209213411654696,True,True,True,False
46fe620a9ac809642802,adaptive,adaptive_allocation,2731,2326684820,16,5000,0.08,0.05,rbf,median,anytime,bonferroni,1,10,False,UNRESOLVED,5000,True,False,True,0.00034374999813735485,0.08,0.18209213411654696,True,True,True,False
46e09166f248027743f7,adaptive,adaptive_allocation,2732,2282221172,16,5000,0.08,0.05,rbf,median,anytime,bonferroni,1,10,False,UNRESOLVED,5000,True,False,True,0.0003448330098763108,0.08,0.18209213411654696,True,True,True,False
a2f44cfa7ee8be82f1d1,adaptive,adaptive_allocation,2733,1738680054,16,5000,0.08,0.05,rbf,median,anytime,bonferroni,1,10,False,UNRESOLVED,5000,True,False,True,0.0003439169959165156,0.08,0.18209213411654696,True,True,True,False
72349f2f13f1123de6c7,adaptive,adaptive_allocation,2734,2195605092,16,5000,0.08,0.05,rbf,median,anytime,bonferroni,1,10,False,UNRESOLVED,5000,True,False,True,0.0003458749852143228,0.08,0.18209213411654696,True,True,True,False
2110f67e15017d925a9f,adaptive,adaptive_allocation,2735,2977097724,16,5000,0.08,0.05,rbf,median,anytime,bonferroni,1,10,False,UNRESOLVED,5000,True,False,True,0.0003439169959165156,0.08,0.18209213411654696,True,True,True,False
b4c87d1965ae20362df2,adaptive,adaptive_allocation,2736,194947088,16,5000,0.08,0.05,rbf,median,anytime,bonferroni,1,10,False,UNRESOLVED,5000,True,False,True,0.0003433750243857503,0.08,0.18209213411654696,True,True,True,False
d140299c6bd592cea51b,adaptive,adaptive_allocation,2737,1172495933,16,5000,0.08,0.05,rbf,median,anytime,bonferroni,1,10,False,UNRESOLVED,5000,True,False,True,0.00034529203549027443,0.08,0.18209213411654696,True,True,True,False
9bda10b0d4e86ff282bf,adaptive,adaptive_allocation,2738,2084404700,16,5000,0.08,0.05,rbf,median,anytime,bonferroni,1,10,False,UNRESOLVED,5000,True,False,True,0.0003472910029813647,0.08,0.18209213411654696,True,True,True,False
00f1a99f39bbe9d36cd3,adaptive,adaptive_allocation,2739,777169480,16,5000,0.08,0.05,rbf,median,anytime,bonferroni,1,10,False,UNRESOLVED,5000,True,False,True,0.0003451250377111137,0.08,0.18209213411654696,True,True,True,False
196253959bc06389cee9,adaptive,adaptive_allocation,2740,186450310,16,5000,0.08,0.05,rbf,median,anytime,bonferroni,1,10,False,UNRESOLVED,5000,True,False,True,0.00034437497379258275,0.08,0.18209213411654696,True,True,True,False
4f940cd3fc3919fc67f4,adaptive,adaptive_allocation,2741,2415818473,16,5000,0.08,0.05,rbf,median,anytime,bonferroni,1,10,False,UNRESOLVED,5000,True,False,True,0.0003772919881157577,0.08,0.18209213411654696,True,True,True,False
f2898972b75c54f86f86,adaptive,adaptive_allocation,2742,821312937,16,5000,0.08,0.05,rbf,median,anytime,bonferroni,1,10,False,UNRESOLVED,5000,True,False,True,0.0004027920076623559,0.08,0.18209213411654696,True,True,True,False
73a8c06b04177790505b,adaptive,adaptive_allocation,2743,1396359596,16,5000,0.08,0.05,rbf,median,anytime,bonferroni,1,10,False,UNRESOLVED,5000,True,False,True,0.0003978339955210686,0.08,0.18209213411654696,True,True,True,False
b71dce08c1e09c010d5b,adaptive,adaptive_allocation,2744,1401631155,16,5000,0.08,0.05,rbf,median,anytime,bonferroni,1,10,False,UNRESOLVED,5000,True,False,True,0.00040195800829678774,0.08,0.18209213411654696,True,True,True,False
896e0134943b7fdcd200,adaptive,adaptive_allocation,2745,4259291689,16,5000,0.08,0.05,rbf,median,anytime,bonferroni,1,10,False,UNRESOLVED,5000,True,False,True,0.00039941701106727123,0.08,0.18209213411654696,True,True,True,False
b5b36f5024836ad3b079,adaptive,adaptive_allocation,2746,812853950,16,5000,0.08,0.05,rbf,median,anytime,bonferroni,1,10,False,UNRESOLVED,5000,True,False,True,0.0004023750079795718,0.08,0.18209213411654696,True,True,True,False
7bd4fc10d068eb9706a3,adaptive,adaptive_allocation,2747,1557484420,16,5000,0.08,0.05,rbf,median,anytime,bonferroni,1,10,False,UNRESOLVED,5000,True,False,True,0.0003992500132881105,0.08,0.18209213411654696,True,True,True,False
182982b1cca8ae9c038e,adaptive,adaptive_allocation,2748,2784499054,16,5000,0.08,0.05,rbf,median,anytime,bonferroni,1,10,False,UNRESOLVED,5000,True,False,True,0.00039883400313556194,0.08,0.18209213411654696,True,True,True,False
6ce8a35e2ebbafd4d5a4,adaptive,adaptive_allocation,2749,48365947,16,5000,0.08,0.05,rbf,median,anytime,bonferroni,1,10,False,UNRESOLVED,5000,True,False,True,0.00039916601963341236,0.08,0.18209213411654696,True,True,True,False
19a56d6bb41b722660b5,adaptive,adaptive_allocation,2750,1038098838,16,5000,0.08,0.05,rbf,median,anytime,bonferroni,1,10,False,UNRESOLVED,5000,True,False,True,0.00040374998934566975,0.08,0.18209213411654696,True,True,True,False
2baee192ead56ab9f538,adaptive,adaptive_allocation,2751,715177549,16,5000,0.08,0.05,rbf,median,anytime,bonferroni,1,10,False,UNRESOLVED,5000,True,False,True,0.0004064170061610639,0.08,0.18209213411654696,True,True,True,False
73fd30cb1527a9f19422,adaptive,adaptive_allocation,2752,2986117176,16,5000,0.08,0.05,rbf,median,anytime,bonferroni,1,10,False,UNRESOLVED,5000,True,False,True,0.0004013329744338989,0.08,0.18209213411654696,True,True,True,False
4c7be92c4ef0ae0c434f,adaptive,adaptive_allocation,2753,4075918893,16,5000,0.08,0.05,rbf,median,anytime,bonferroni,1,10,False,UNRESOLVED,5000,True,False,True,0.00040029105730354786,0.08,0.18209213411654696,True,True,True,False
39d3e124d93c161efb51,adaptive,adaptive_allocation,2754,564700905,16,5000,0.08,0.05,rbf,median,anytime,bonferroni,1,10,False,UNRESOLVED,5000,True,False,True,0.00040374998934566975,0.08,0.18209213411654696,True,True,True,False
06132091c306241f1aa4,adaptive,adaptive_allocation,2755,2300760015,16,5000,0.08,0.05,rbf,median,anytime,bonferroni,1,10,False,UNRESOLVED,5000,True,False,True,0.0004005419905297458,0.08,0.18209213411654696,True,True,True,False
3ea2f7b20a277f4bb629,adaptive,adaptive_allocation,2756,613263322,16,5000,0.08,0.05,rbf,median,anytime,bonferroni,1,10,False,UNRESOLVED,5000,True,False,True,0.0003974999999627471,0.08,0.18209213411654696,True,True,True,False
349ca856dabeedcf02c0,adaptive,adaptive_allocation,2757,2975478558,16,5000,0.08,0.05,rbf,median,anytime,bonferroni,1,10,False,UNRESOLVED,5000,True,False,True,0.0003999160253442824,0.08,0.18209213411654696,True,True,True,False
bf424670f86dd9819c26,adaptive,adaptive_allocation,2758,487424506,16,5000,0.08,0.05,rbf,median,anytime,bonferroni,1,10,False,UNRESOLVED,5000,True,False,True,0.00040550000267103314,0.08,0.18209213411654696,True,True,True,False
cdbe2ddfe90ae4ba0aeb,adaptive,adaptive_allocation,2759,3820362960,16,5000,0.08,0.05,rbf,median,anytime,bonferroni,1,10,False,UNRESOLVED,5000,True,False,True,0.0003993750433437526,0.08,0.18209213411654696,True,True,True,False
e4691b9eb9739deb365d,adaptive,adaptive_allocation,2760,2208677960,16,5000,0.08,0.05,rbf,median,anytime,bonferroni,1,10,False,UNRESOLVED,5000,True,False,True,0.00039887503953650594,0.08,0.18209213411654696,True,True,True,False
528be661e8e269822d31,adaptive,adaptive_allocation,2761,462487203,16,5000,0.08,0.05,rbf,median,anytime,bonferroni,1,10,False,UNRESOLVED,5000,True,False,True,0.00040066702058538795,0.08,0.18209213411654696,True,True,True,False
f1fb00fa656ca1336f1b,adaptive,adaptive_allocation,2762,1218614708,16,5000,0.08,0.05,rbf,median,anytime,bonferroni,1,10,False,UNRESOLVED,5000,True,False,True,0.00040379201527684927,0.08,0.18209213411654696,True,True,True,False
98004dc22dab5987d55e,adaptive,adaptive_allocation,2763,2752832548,16,5000,0.08,0.05,rbf,median,anytime,bonferroni,1,10,False,UNRESOLVED,5000,True,False,True,0.00039945897879078984,0.08,0.18209213411654696,True,True,True,False
0bbc16c5eacd03c27181,adaptive,adaptive_allocation,2764,3160913751,16,5000,0.08,0.05,rbf,median,anytime,bonferroni,1,10,False,UNRESOLVED,5000,True,False,True,0.00040125002851709723,0.08,0.18209213411654696,True,True,True,False
58031f94f468999905f9,adaptive,adaptive_allocation,2765,3658256598,16,5000,0.08,0.05,rbf,median,anytime,bonferroni,1,10,False,UNRESOLVED,5000,True,False,True,0.0003994160215370357,0.08,0.18209213411654696,True,True,True,False
cf79d48f6dc4f302fe9f,adaptive,adaptive_allocation,2766,350148945,16,5000,0.08,0.05,rbf,median,anytime,bonferroni,1,10,False,UNRESOLVED,5000,True,False,True,0.0004014589940197766,0.08,0.18209213411654696,True,True,True,False
1f372735780b9ae8c8e3,adaptive,adaptive_allocation,2767,383740740,16,5000,0.08,0.05,rbf,median,anytime,bonferroni,1,10,False,UNRESOLVED,5000,True,False,True,0.00039670796832069755,0.08,0.18209213411654696,True,True,True,False
16aad00c516b9074dac6,adaptive,adaptive_allocation,2768,98947520,16,5000,0.08,0.05,rbf,median,anytime,bonferroni,1,10,False,UNRESOLVED,5000,True,False,True,0.0003981670015491545,0.08,0.18209213411654696,True,True,True,False
cb5c674f15ff4ea7cd4d,adaptive,adaptive_allocation,2769,1080711097,16,5000,0.08,0.05,rbf,median,anytime,bonferroni,1,10,False,UNRESOLVED,5000,True,False,True,0.00039912498323246837,0.08,0.18209213411654696,True,True,True,False
557b2f8c946a1da3119e,adaptive,adaptive_allocation,2770,1434567178,16,5000,0.08,0.05,rbf,median,anytime,bonferroni,1,10,False,UNRESOLVED,5000,True,False,True,0.00040133303264155984,0.08,0.18209213411654696,True,True,True,False
255eeab05b2c112988b4,adaptive,adaptive_allocation,2771,1501669007,16,5000,0.08,0.05,rbf,median,anytime,bonferroni,1,10,False,UNRESOLVED,5000,True,False,True,0.00039737496990710497,0.08,0.18209213411654696,True,True,True,False
501bb32b6d050d7331d4,adaptive,adaptive_allocation,2772,2124391174,16,5000,0.08,0.05,rbf,median,anytime,bonferroni,1,10,False,UNRESOLVED,5000,True,False,True,0.000400999968405813,0.08,0.18209213411654696,True,True,True,False
1d1d7bed95639069b474,adaptive,adaptive_allocation,2773,998211498,16,5000,0.08,0.05,rbf,median,anytime,bonferroni,1,10,False,UNRESOLVED,5000,True,False,True,0.0003990420373156667,0.08,0.18209213411654696,True,True,True,False
f3ea55621d80773a54b4,adaptive,adaptive_allocation,2774,1115025534,16,5000,0.08,0.05,rbf,median,anytime,bonferroni,1,10,False,UNRESOLVED,5000,True,False,True,0.00040241697570309043,0.08,0.18209213411654696,True,True,True,False
c28b082ce20f067f3a1b,adaptive,adaptive_allocation,2775,3322470725,16,5000,0.08,0.05,rbf,median,anytime,bonferroni,1,10,False,UNRESOLVED,5000,True,False,True,0.00039950001519173384,0.08,0.18209213411654696,True,True,True,False
a30821b006a111039b8f,adaptive,adaptive_allocation,2776,2566212858,16,5000,0.08,0.05,rbf,median,anytime,bonferroni,1,10,False,UNRESOLVED,5000,True,False,True,0.00039891700726002455,0.08,0.18209213411654696,True,True,True,False
8cfb89365587d9bb0080,adaptive,adaptive_allocation,2777,149727147,16,5000,0.08,0.05,rbf,median,anytime,bonferroni,1,10,False,UNRESOLVED,5000,True,False,True,0.00040204200195148587,0.08,0.18209213411654696,True,True,True,False
3de055b49d2ec9b7d338,adaptive,adaptive_allocation,2778,2926874643,16,5000,0.08,0.05,rbf,median,anytime,bonferroni,1,10,False,UNRESOLVED,5000,True,False,True,0.000403582991566509,0.08,0.18209213411654696,True,True,True,False
005542bfb2d850a3916c,adaptive,adaptive_allocation,2779,660517340,16,5000,0.08,0.05,rbf,median,anytime,bonferroni,1,10,False,UNRESOLVED,5000,True,False,True,0.00039958301931619644,0.08,0.18209213411654696,True,True,True,False
5eb50c699ad1f7be0f6d,adaptive,adaptive_allocation,2780,461474313,16,5000,0.08,0.05,rbf,median,anytime,bonferroni,1,10,False,UNRESOLVED,5000,True,False,True,0.0003986249794252217,0.08,0.18209213411654696,True,True,True,False
d92cdf024941c65b739f,adaptive,adaptive_allocation,2781,3709969382,16,5000,0.08,0.05,rbf,median,anytime,bonferroni,1,10,False,UNRESOLVED,5000,True,False,True,0.0003981670015491545,0.08,0.18209213411654696,True,True,True,False
99142fdc7d2df9c05f91,adaptive,adaptive_allocation,2782,2828960950,16,5000,0.08,0.05,rbf,median,anytime,bonferroni,1,10,False,UNRESOLVED,5000,True,False,True,0.00040083396015688777,0.08,0.18209213411654696,True,True,True,False
fff39afc41289ce11409,adaptive,adaptive_allocation,2783,304351227,16,5000,0.08,0.05,rbf,median,anytime,bonferroni,1,10,False,UNRESOLVED,5000,True,False,True,0.0003997500170953572,0.08,0.18209213411654696,True,True,True,False
b721636728b34278f162,adaptive,adaptive_allocation,2784,67790453,16,5000,0.08,0.05,rbf,median,anytime,bonferroni,1,10,False,UNRESOLVED,5000,True,False,True,0.0003981250338256359,0.08,0.18209213411654696,True,True,True,False
650e831d3c07a33d6e72,adaptive,adaptive_allocation,2785,2535202756,16,5000,0.08,0.05,rbf,median,anytime,bonferroni,1,10,False,UNRESOLVED,5000,True,False,True,0.0004021669737994671,0.08,0.18209213411654696,True,True,True,False
15fef03f27f5fb124a00,adaptive,adaptive_allocation,2786,3612245919,16,5000,0.08,0.05,rbf,median,anytime,bonferroni,1,10,False,UNRESOLVED,5000,True,False,True,0.00040279101813212037,0.08,0.18209213411654696,True,True,True,False
00768247cc11bbd942c7,adaptive,adaptive_allocation,2787,2313801720,16,5000,0.08,0.05,rbf,median,anytime,bonferroni,1,10,False,UNRESOLVED,5000,True,False,True,0.00048116600373759866,0.08,0.18209213411654696,True,True,True,False
ac0f7367dc844028f0f4,adaptive,adaptive_allocation,2788,3665601224,16,5000,0.08,0.05,rbf,median,anytime,bonferroni,1,10,False,UNRESOLVED,5000,True,False,True,0.00042808300349861383,0.08,0.18209213411654696,True,True,True,False
bbd7bdcd169ed426a6bc,adaptive,adaptive_allocation,2789,624175811,16,5000,0.08,0.05,rbf,median,anytime,bonferroni,1,10,False,UNRESOLVED,5000,True,False,True,0.0004110420122742653,0.08,0.18209213411654696,True,True,True,False
d1badba4b6c5f50a186d,adaptive,adaptive_allocation,2790,2431106730,16,5000,0.08,0.05,rbf,median,anytime,bonferroni,1,10,False,UNRESOLVED,5000,True,False,True,0.00040854100370779634,0.08,0.18209213411654696,True,True,True,False
78f832f06aa167bf2e42,adaptive,adaptive_allocation,2791,475685096,16,5000,0.08,0.05,rbf,median,anytime,bonferroni,1,10,False,UNRESOLVED,5000,True,False,True,0.0004038750194013119,0.08,0.18209213411654696,True,True,True,False
90cf3a75e742899655d4,adaptive,adaptive_allocation,2792,3668835275,16,5000,0.08,0.05,rbf,median,anytime,bonferroni,1,10,False,UNRESOLVED,5000,True,False,True,0.0004075830220244825,0.08,0.18209213411654696,True,True,True,False
3ef1b625bc1dc25eb9ea,adaptive,adaptive_allocation,2793,4097478647,16,5000,0.08,0.05,rbf,median,anytime,bonferroni,1,10,False,UNRESOLVED,5000,True,False,True,0.0004023749497719109,0.08,0.18209213411654696,True,True,True,False
a9a5f3a7cd7c3e731496,adaptive,adaptive_allocation,2794,804082567,16,5000,0.08,0.05,rbf,median,anytime,bonferroni,1,10,False,UNRESOLVED,5000,True,False,True,0.0004032920114696026,0.08,0.18209213411654696,True,True,True,False
a012e25741e65a78a3ba,adaptive,adaptive_allocation,2795,2038338742,16,5000,0.08,0.05,rbf,median,anytime,bonferroni,1,10,False,UNRESOLVED,5000,True,False,True,0.00040341599378734827,0.08,0.18209213411654696,True,True,True,False
264173a24f366a8c8a15,adaptive,adaptive_allocation,2796,2746786938,16,5000,0.08,0.05,rbf,median,anytime,bonferroni,1,10,False,UNRESOLVED,5000,True,False,True,0.00038891599979251623,0.08,0.18209213411654696,True,True,True,False
1ebc9e4e02b95da1aac2,adaptive,adaptive_allocation,2797,1543247433,16,5000,0.08,0.05,rbf,median,anytime,bonferroni,1,10,False,UNRESOLVED,5000,True,False,True,0.000347500026691705,0.08,0.18209213411654696,True,True,True,False
5b66f5f57d0d41d1fce3,adaptive,adaptive_allocation,2798,3698944144,16,5000,0.08,0.05,rbf,median,anytime,bonferroni,1,10,False,UNRESOLVED,5000,True,False,True,0.0003470420488156378,0.08,0.18209213411654696,True,True,True,False
59b5e069b273775184b0,adaptive,adaptive_allocation,2799,2727863539,16,5000,0.08,0.05,rbf,median,anytime,bonferroni,1,10,False,UNRESOLVED,5000,True,False,True,0.0003471659729257226,0.08,0.18209213411654696,True,True,True,False
e7da8387d0163cf15dd8,adaptive,adaptive_allocation,2800,358690869,16,5000,0.08,0.05,rbf,median,anytime,bonferroni,1,10,False,UNRESOLVED,5000,True,False,True,0.00034833396784961224,0.08,0.18209213411654696,True,True,True,False
46ec972209e5010688d1,adaptive,adaptive_allocation,2801,1759272318,16,5000,0.08,0.05,rbf,median,anytime,bonferroni,1,10,False,UNRESOLVED,5000,True,False,True,0.0003453749814070761,0.08,0.18209213411654696,True,True,True,False
af45f8c7a26f69e781ed,adaptive,adaptive_allocation,2802,634443076,16,5000,0.08,0.05,rbf,median,anytime,bonferroni,1,10,False,UNRESOLVED,5000,True,False,True,0.00034670799504965544,0.08,0.18209213411654696,True,True,True,False
2a41b507211f689088bd,adaptive,adaptive_allocation,2803,3829695764,16,5000,0.08,0.05,rbf,median,anytime,bonferroni,1,10,False,UNRESOLVED,5000,True,False,True,0.0003472910029813647,0.08,0.18209213411654696,True,True,True,False
c9102e3c8fc13db83cd0,adaptive,adaptive_allocation,2804,4061086154,16,5000,0.08,0.05,rbf,median,anytime,bonferroni,1,10,False,UNRESOLVED,5000,True,False,True,0.0003481670282781124,0.08,0.18209213411654696,True,True,True,False
376781dc1ee161d68e4b,adaptive,adaptive_allocation,2805,1810104441,16,5000,0.08,0.05,rbf,median,anytime,bonferroni,1,10,False,UNRESOLVED,5000,True,False,True,0.00034679099917411804,0.08,0.18209213411654696,True,True,True,False
74a28b3d114284e7d328,adaptive,adaptive_allocation,2806,728118561,16,5000,0.08,0.05,rbf,median,anytime,bonferroni,1,10,False,UNRESOLVED,5000,True,False,True,0.00034624995896592736,0.08,0.18209213411654696,True,True,True,False
f9b4b072001ce6105456,adaptive,adaptive_allocation,2807,3737366878,16,5000,0.08,0.05,rbf,median,anytime,bonferroni,1,10,False,UNRESOLVED,5000,True,False,True,0.0003452500095590949,0.08,0.18209213411654696,True,True,True,False
0dce3c5d9083679bd904,adaptive,adaptive_allocation,2808,1292690711,16,5000,0.08,0.05,rbf,median,anytime,bonferroni,1,10,False,UNRESOLVED,5000,True,False,True,0.0003488330403342843,0.08,0.18209213411654696,True,True,True,False
43894d9a883ba5839154,adaptive,adaptive_allocation,2809,954551502,16,5000,0.08,0.05,rbf,median,anytime,bonferroni,1,10,False,UNRESOLVED,5000,True,False,True,0.0003465000190772116,0.08,0.18209213411654696,True,True,True,False
8e78e2a94a79e2a9a853,adaptive,adaptive_allocation,2810,666948334,16,5000,0.08,0.05,rbf,median,anytime,bonferroni,1,10,False,UNRESOLVED,5000,True,False,True,0.00034487497759982944,0.08,0.18209213411654696,True,True,True,False
d1b6a00e5b00b31b7bc8,adaptive,adaptive_allocation,2811,1837077321,16,5000,0.08,0.05,rbf,median,anytime,bonferroni,1,10,False,UNRESOLVED,5000,True,False,True,0.00034479197347536683,0.08,0.18209213411654696,True,True,True,False
acc79cb4329795292941,adaptive,adaptive_allocation,2812,316848056,16,5000,0.08,0.05,rbf,median,anytime,bonferroni,1,10,False,UNRESOLVED,5000,True,False,True,0.0003482910105958581,0.08,0.18209213411654696,True,True,True,False
8ed4c2f33e1cb664698c,adaptive,adaptive_allocation,2813,2264904793,16,5000,0.08,0.05,rbf,median,anytime,bonferroni,1,10,False,UNRESOLVED,5000,True,False,True,0.0006461250013671815,0.08,0.18209213411654696,True,True,True,False
d0a68516b7d20bb65f00,adaptive,adaptive_allocation,2814,3249578582,16,5000,0.08,0.05,rbf,median,anytime,bonferroni,1,10,False,UNRESOLVED,5000,True,False,True,0.0005002910038456321,0.08,0.18209213411654696,True,True,True,False
91ba8e554d35e81f13c9,adaptive,adaptive_allocation,2815,3416366292,16,5000,0.08,0.05,rbf,median,anytime,bonferroni,1,10,False,UNRESOLVED,5000,True,False,True,0.0004843749920837581,0.08,0.18209213411654696,True,True,True,False
cb2a5176d96e5caacb48,adaptive,adaptive_allocation,2816,1719970706,16,5000,0.08,0.05,rbf,median,anytime,bonferroni,1,10,False,UNRESOLVED,5000,True,False,True,0.00048329198034480214,0.08,0.18209213411654696,True,True,True,False
2100ea0e5878b628fda3,adaptive,adaptive_allocation,2817,362601095,16,5000,0.08,0.05,rbf,median,anytime,bonferroni,1,10,False,UNRESOLVED,5000,True,False,True,0.00047570798778906465,0.08,0.18209213411654696,True,True,True,False
f79003437f9b4a510cce,adaptive,adaptive_allocation,2818,3388196761,16,5000,0.08,0.05,rbf,median,anytime,bonferroni,1,10,False,UNRESOLVED,5000,True,False,True,0.0004742500022985041,0.08,0.18209213411654696,True,True,True,False
261e7e1a0586062cbe6f,adaptive,adaptive_allocation,2819,230621620,16,5000,0.08,0.05,rbf,median,anytime,bonferroni,1,10,False,UNRESOLVED,5000,True,False,True,0.00047145900316536427,0.08,0.18209213411654696,True,True,True,False
fd5b79281aef30a96878,adaptive,adaptive_allocation,2820,3954961629,16,5000,0.08,0.05,rbf,median,anytime,bonferroni,1,10,False,UNRESOLVED,5000,True,False,True,0.00047262501902878284,0.08,0.18209213411654696,True,True,True,False
5186be9e4610f7ce73c5,adaptive,adaptive_allocation,2821,3193252149,16,5000,0.08,0.05,rbf,median,anytime,bonferroni,1,10,False,UNRESOLVED,5000,True,False,True,0.00047312502283602953,0.08,0.18209213411654696,True,True,True,False
81f5e8a12e3deb4b9386,adaptive,adaptive_allocation,2822,75644125,16,5000,0.08,0.05,rbf,median,anytime,bonferroni,1,10,False,UNRESOLVED,5000,True,False,True,0.0004723750171251595,0.08,0.18209213411654696,True,True,True,False
f24adb7931e1e2b24b80,adaptive,adaptive_allocation,2823,3728447549,16,5000,0.08,0.05,rbf,median,anytime,bonferroni,1,10,False,UNRESOLVED,5000,True,False,True,0.00047854200238361955,0.08,0.18209213411654696,True,True,True,False
80dbdc927a197ef7d692,adaptive,adaptive_allocation,2824,1693468323,16,5000,0.08,0.05,rbf,median,anytime,bonferroni,1,10,False,UNRESOLVED,5000,True,False,True,0.00047804199857637286,0.08,0.18209213411654696,True,True,True,False
9729e4602982aee619b4,adaptive,adaptive_allocation,2825,3934510160,16,5000,0.08,0.05,rbf,median,anytime,bonferroni,1,10,False,UNRESOLVED,5000,True,False,True,0.00048670900287106633,0.08,0.18209213411654696,True,True,True,False
5fc861c8f418b0de5b25,adaptive,adaptive_allocation,2826,2612949727,16,5000,0.08,0.05,rbf,median,anytime,bonferroni,1,10,False,UNRESOLVED,5000,True,False,True,0.0005746250390075147,0.08,0.18209213411654696,True,True,True,False
a2573318a2ee16365c6e,adaptive,adaptive_allocation,2827,881883279,16,5000,0.08,0.05,rbf,median,anytime,bonferroni,1,10,False,UNRESOLVED,5000,True,False,True,0.0005357080372050405,0.08,0.18209213411654696,True,True,True,False
237105de2a51935dc51f,adaptive,adaptive_allocation,2828,1729430734,16,5000,0.08,0.05,rbf,median,anytime,bonferroni,1,10,False,UNRESOLVED,5000,True,False,True,0.0004893329460173845,0.08,0.18209213411654696,True,True,True,False
2ea5ec18449814b8b73d,adaptive,adaptive_allocation,2829,3496490006,16,5000,0.08,0.05,rbf,median,anytime,bonferroni,1,10,False,UNRESOLVED,5000,True,False,True,0.0004833329585380852,0.08,0.18209213411654696,True,True,True,False
87e6fbf7eb90562994d4,adaptive,adaptive_allocation,2830,4278870563,16,5000,0.08,0.05,rbf,median,anytime,bonferroni,1,10,False,UNRESOLVED,5000,True,False,True,0.0004794169799424708,0.08,0.18209213411654696,True,True,True,False
6e1f1cfdb74c6ea523b9,adaptive,adaptive_allocation,2831,3508029095,16,5000,0.08,0.05,rbf,median,anytime,bonferroni,1,10,False,UNRESOLVED,5000,True,False,True,0.0004766659694723785,0.08,0.18209213411654696,True,True,True,False
0c96a60d77c5110f38dd,adaptive,adaptive_allocation,2832,1077308757,16,5000,0.08,0.05,rbf,median,anytime,bonferroni,1,10,False,UNRESOLVED,5000,True,False,True,0.0004539579967968166,0.08,0.18209213411654696,True,True,True,False
b4073654bd643f48b2e9,adaptive,adaptive_allocation,2833,4075200635,16,5000,0.08,0.05,rbf,median,anytime,bonferroni,1,10,False,UNRESOLVED,5000,True,False,True,0.0004175840294919908,0.08,0.18209213411654696,True,True,True,False
681d5f807841d06aede4,adaptive,adaptive_allocation,2834,1329708076,16,5000,0.08,0.05,rbf,median,anytime,bonferroni,1,10,False,UNRESOLVED,5000,True,False,True,0.000408667023293674,0.08,0.18209213411654696,True,True,True,False
fffdaa1aeff07ee8c211,adaptive,adaptive_allocation,2835,2869351117,16,5000,0.08,0.05,rbf,median,anytime,bonferroni,1,10,False,UNRESOLVED,5000,True,False,True,0.00040487502701580524,0.08,0.18209213411654696,True,True,True,False
678dddcc8172252dd4a0,adaptive,adaptive_allocation,2836,4098173962,16,5000,0.08,0.05,rbf,median,anytime,bonferroni,1,10,False,UNRESOLVED,5000,True,False,True,0.0004028750117868185,0.08,0.18209213411654696,True,True,True,False
bfc207e269a0e9d21bc9,adaptive,adaptive_allocation,2837,3802606640,16,5000,0.08,0.05,rbf,median,anytime,bonferroni,1,10,False,UNRESOLVED,5000,True,False,True,0.0004069169517606497,0.08,0.18209213411654696,True,True,True,False
cbb58ead92989ca00a13,adaptive,adaptive_allocation,2838,3296117509,16,5000,0.08,0.05,rbf,median,anytime,bonferroni,1,10,False,UNRESOLVED,5000,True,False,True,0.0004027500399388373,0.08,0.18209213411654696,True,True,True,False
13dbb1f9894f2f22310c,adaptive,adaptive_allocation,2839,3965904929,16,5000,0.08,0.05,rbf,median,anytime,bonferroni,1,10,False,UNRESOLVED,5000,True,False,True,0.0004023750079795718,0.08,0.18209213411654696,True,True,True,False
c2582c7f987663838003,adaptive,adaptive_allocation,2840,2094012329,16,5000,0.08,0.05,rbf,median,anytime,bonferroni,1,10,False,UNRESOLVED,5000,True,False,True,0.0004011659766547382,0.08,0.18209213411654696,True,True,True,False
c1cbedd157c35aa644b8,adaptive,adaptive_allocation,2841,3388549423,16,5000,0.08,0.05,rbf,median,anytime,bonferroni,1,10,False,UNRESOLVED,5000,True,False,True,0.0004052909789606929,0.08,0.18209213411654696,True,True,True,False
0ec1a55418a4f7f0543d,adaptive,adaptive_allocation,2842,2220751263,16,5000,0.08,0.05,rbf,median,anytime,bonferroni,1,10,False,UNRESOLVED,5000,True,False,True,0.00040266598807647824,0.08,0.18209213411654696,True,True,True,False
25245129c8335e13fb18,adaptive,adaptive_allocation,2843,3428220619,16,5000,0.08,0.05,rbf,median,anytime,bonferroni,1,10,False,UNRESOLVED,5000,True,False,True,0.00040341599378734827,0.08,0.18209213411654696,True,True,True,False
503a2a9b264d5cf41c64,adaptive,adaptive_allocation,2844,661182818,16,5000,0.08,0.05,rbf,median,anytime,bonferroni,1,10,False,UNRESOLVED,5000,True,False,True,0.00040191703010350466,0.08,0.18209213411654696,True,True,True,False
4d3a8926e665d94d9c68,adaptive,adaptive_allocation,2845,4048612931,16,5000,0.08,0.05,rbf,median,anytime,bonferroni,1,10,False,UNRESOLVED,5000,True,False,True,0.0004058339982293546,0.08,0.18209213411654696,True,True,True,False
9b613763b06abb5ad833,adaptive,adaptive_allocation,2846,1169716378,16,5000,0.08,0.05,rbf,median,anytime,bonferroni,1,10,False,UNRESOLVED,5000,True,False,True,0.00040199997602030635,0.08,0.18209213411654696,True,True,True,False
8f0f12e2b18fb4214a89,adaptive,adaptive_allocation,2847,1435911472,16,5000,0.08,0.05,rbf,median,anytime,bonferroni,1,10,False,UNRESOLVED,5000,True,False,True,0.000401791010517627,0.08,0.18209213411654696,True,True,True,False
6e94b8c002ce322516d2,adaptive,adaptive_allocation,2848,1736285715,16,5000,0.08,0.05,rbf,median,anytime,bonferroni,1,10,False,UNRESOLVED,5000,True,False,True,0.000402832985855639,0.08,0.18209213411654696,True,True,True,False
a12f16a1c2d4170fa088,adaptive,adaptive_allocation,2849,2928816519,16,5000,0.08,0.05,rbf,median,anytime,bonferroni,1,10,False,UNRESOLVED,5000,True,False,True,0.0004063330125063658,0.08,0.18209213411654696,True,True,True,False
18157292189d8031f60a,adaptive,adaptive_allocation,2850,1170744652,16,5000,0.08,0.05,rbf,median,anytime,bonferroni,1,10,False,UNRESOLVED,5000,True,False,True,0.0004022920038551092,0.08,0.18209213411654696,True,True,True,False
1aadc10c947f4cd95c92,adaptive,adaptive_allocation,2851,2343184427,16,5000,0.08,0.05,rbf,median,anytime,bonferroni,1,10,False,UNRESOLVED,5000,True,False,True,0.00040141603676602244,0.08,0.18209213411654696,True,True,True,False
da3c2f85409937b6c174,adaptive,adaptive_allocation,2852,4002444862,16,5000,0.08,0.05,rbf,median,anytime,bonferroni,1,10,False,UNRESOLVED,5000,True,False,True,0.0004006249946542084,0.08,0.18209213411654696,True,True,True,False
2d2cf19be7c5847a6794,adaptive,adaptive_allocation,2853,1511694884,16,5000,0.08,0.05,rbf,median,anytime,bonferroni,1,10,False,UNRESOLVED,5000,True,False,True,0.0004071249859407544,0.08,0.18209213411654696,True,True,True,False
0e000f7071e4bafd13bd,adaptive,adaptive_allocation,2854,3984207854,16,5000,0.08,0.05,rbf,median,anytime,bonferroni,1,10,False,UNRESOLVED,5000,True,False,True,0.0003911660169251263,0.08,0.18209213411654696,True,True,True,False
f4507d4c858c4c55c3b0,adaptive,adaptive_allocation,2855,1928101955,16,5000,0.08,0.05,rbf,median,anytime,bonferroni,1,10,False,UNRESOLVED,5000,True,False,True,0.0003480839659459889,0.08,0.18209213411654696,True,True,True,False
a894451e4d2d6af73e54,adaptive,adaptive_allocation,2856,4174312276,16,5000,0.08,0.05,rbf,median,anytime,bonferroni,1,10,False,UNRESOLVED,5000,True,False,True,0.0003467090427875519,0.08,0.18209213411654696,True,True,True,False
ec9eda49755dd6ccced2,adaptive,adaptive_allocation,2857,521154589,16,5000,0.08,0.05,rbf,median,anytime,bonferroni,1,10,False,UNRESOLVED,5000,True,False,True,0.0003515840508043766,0.08,0.18209213411654696,True,True,True,False
bdc6040fa21d8e10b39d,adaptive,adaptive_allocation,2858,1383134680,16,5000,0.08,0.05,rbf,median,anytime,bonferroni,1,10,False,UNRESOLVED,5000,True,False,True,0.0003459579893387854,0.08,0.18209213411654696,True,True,True,False
074bc3711fb77a02ffe0,adaptive,adaptive_allocation,2859,4274246835,16,5000,0.08,0.05,rbf,median,anytime,bonferroni,1,10,False,UNRESOLVED,5000,True,False,True,0.0003457919810898602,0.08,0.18209213411654696,True,True,True,False
5f9fdba7c36b63b58c86,adaptive,adaptive_allocation,2860,497325105,16,5000,0.08,0.05,rbf,median,anytime,bonferroni,1,10,False,UNRESOLVED,5000,True,False,True,0.0003463749890215695,0.08,0.18209213411654696,True,True,True,False
f47bdad1a8be9e35f489,adaptive,adaptive_allocation,2861,3937304544,16,5000,0.08,0.05,rbf,median,anytime,bonferroni,1,10,False,UNRESOLVED,5000,True,False,True,0.00034900003811344504,0.08,0.18209213411654696,True,True,True,False
904b880687539411561f,adaptive,adaptive_allocation,2862,3800291819,16,5000,0.08,0.05,rbf,median,anytime,bonferroni,1,10,False,UNRESOLVED,5000,True,False,True,0.0003451670054346323,0.08,0.18209213411654696,True,True,True,False
aba09a70c03367d8215e,adaptive,adaptive_allocation,2863,64733769,16,5000,0.08,0.05,rbf,median,anytime,bonferroni,1,10,False,UNRESOLVED,5000,True,False,True,0.00034720898838713765,0.08,0.18209213411654696,True,True,True,False
efec8d4cb74180526a31,adaptive,adaptive_allocation,2864,431378073,16,5000,0.08,0.05,rbf,median,anytime,bonferroni,1,10,False,UNRESOLVED,5000,True,False,True,0.00034737499663606286,0.08,0.18209213411654696,True,True,True,False
bf77c8ef4359bf954301,adaptive,adaptive_allocation,2865,2406233816,16,5000,0.08,0.05,rbf,median,anytime,bonferroni,1,10,False,UNRESOLVED,5000,True,False,True,0.00034850003430619836,0.08,0.18209213411654696,True,True,True,False
c20d081e7367c57b17fc,adaptive,adaptive_allocation,2866,3400088676,16,5000,0.08,0.05,rbf,median,anytime,bonferroni,1,10,False,UNRESOLVED,5000,True,False,True,0.0003463339526206255,0.08,0.18209213411654696,True,True,True,False
ec32f1850790fb4116e0,adaptive,adaptive_allocation,2867,2266986742,16,5000,0.08,0.05,rbf,median,anytime,bonferroni,1,10,False,UNRESOLVED,5000,True,False,True,0.0003470419906079769,0.08,0.18209213411654696,True,True,True,False
4d97c49ac56689fb2b62,adaptive,adaptive_allocation,2868,325218240,16,5000,0.08,0.05,rbf,median,anytime,bonferroni,1,10,False,UNRESOLVED,5000,True,False,True,0.00034550001146271825,0.08,0.18209213411654696,True,True,True,False
e25cbf4a84a99efa9e4c,adaptive,adaptive_allocation,2869,4206556716,16,5000,0.08,0.05,rbf,median,anytime,bonferroni,1,10,False,UNRESOLVED,5000,True,False,True,0.00035012501757591963,0.08,0.18209213411654696,True,True,True,False
e808ddecc960eec512b1,adaptive,adaptive_allocation,2870,838911251,16,5000,0.08,0.05,rbf,median,anytime,bonferroni,1,10,False,UNRESOLVED,5000,True,False,True,0.0003469579969532788,0.08,0.18209213411654696,True,True,True,False
fbec962caeeae69d9f66,adaptive,adaptive_allocation,2871,2458454458,16,5000,0.08,0.05,rbf,median,anytime,bonferroni,1,10,False,UNRESOLVED,5000,True,False,True,0.0003462500171735883,0.08,0.18209213411654696,True,True,True,False
78d05b557f5f35e6f487,adaptive,adaptive_allocation,2872,683442411,16,5000,0.08,0.05,rbf,median,anytime,bonferroni,1,10,False,UNRESOLVED,5000,True,False,True,0.0003468749928288162,0.08,0.18209213411654696,True,True,True,False
be7724340423b45a7864,adaptive,adaptive_allocation,2873,419958127,16,5000,0.08,0.05,rbf,median,anytime,bonferroni,1,10,False,UNRESOLVED,5000,True,False,True,0.0003499170416034758,0.08,0.18209213411654696,True,True,True,False
93d9324f9702d6259dc9,adaptive,adaptive_allocation,2874,415759086,16,5000,0.08,0.05,rbf,median,anytime,bonferroni,1,10,False,UNRESOLVED,5000,True,False,True,0.00034620799124240875,0.08,0.18209213411654696,True,True,True,False
824be3f3ca455dea7528,adaptive,adaptive_allocation,2875,1191295989,16,5000,0.08,0.05,rbf,median,anytime,bonferroni,1,10,False,UNRESOLVED,5000,True,False,True,0.00034670799504965544,0.08,0.18209213411654696,True,True,True,False
4f4fa0cedfbfc01c48d9,adaptive,adaptive_allocation,2876,3933675932,16,5000,0.08,0.05,rbf,median,anytime,bonferroni,1,10,False,UNRESOLVED,5000,True,False,True,0.00034791702637448907,0.08,0.18209213411654696,True,True,True,False
81066ee3134751e0cc3c,adaptive,adaptive_allocation,2877,1155843926,16,5000,0.08,0.05,rbf,median,anytime,bonferroni,1,10,False,UNRESOLVED,5000,True,False,True,0.0003517919685691595,0.08,0.18209213411654696,True,True,True,False
3d946b6ca72247b1cb93,adaptive,adaptive_allocation,2878,3265977265,16,5000,0.08,0.05,rbf,median,anytime,bonferroni,1,10,False,UNRESOLVED,5000,True,False,True,0.0003452090313658118,0.08,0.18209213411654696,True,True,True,False
0cd09bd3e2b85ee51a87,adaptive,adaptive_allocation,2879,2237182095,16,5000,0.08,0.05,rbf,median,anytime,bonferroni,1,10,False,UNRESOLVED,5000,True,False,True,0.0003488339716568589,0.08,0.18209213411654696,True,True,True,False
5ecdd1514e98d94868c4,adaptive,adaptive_allocation,2880,2758021989,16,5000,0.08,0.05,rbf,median,anytime,bonferroni,1,10,False,UNRESOLVED,5000,True,False,True,0.0003454579855315387,0.08,0.18209213411654696,True,True,True,False
9d539768432f7c24f270,adaptive,adaptive_allocation,2881,2656649534,16,5000,0.08,0.05,rbf,median,anytime,bonferroni,1,10,False,UNRESOLVED,5000,True,False,True,0.0003501659957692027,0.08,0.18209213411654696,True,True,True,False
8f293a29f40f479d2ea1,adaptive,adaptive_allocation,2882,2993322595,16,5000,0.08,0.05,rbf,median,anytime,bonferroni,1,10,False,UNRESOLVED,5000,True,False,True,0.0003480830346234143,0.08,0.18209213411654696,True,True,True,False
ecbf3eaf7bd6f9b9afd0,adaptive,adaptive_allocation,2883,1461447110,16,5000,0.08,0.05,rbf,median,anytime,bonferroni,1,10,False,UNRESOLVED,5000,True,False,True,0.00035054096952080727,0.08,0.18209213411654696,True,True,True,False
08697397aec6533c4e78,adaptive,adaptive_allocation,2884,3873473612,16,5000,0.08,0.05,rbf,median,anytime,bonferroni,1,10,False,UNRESOLVED,5000,True,False,True,0.0003470420488156378,0.08,0.18209213411654696,True,True,True,False
28b5f62eb109479f18cd,adaptive,adaptive_allocation,2885,3503506391,16,5000,0.08,0.05,rbf,median,anytime,bonferroni,1,10,False,UNRESOLVED,5000,True,False,True,0.00035099999513477087,0.08,0.18209213411654696,True,True,True,False
b0929d9b4929e0624302,adaptive,adaptive_allocation,2886,1499554990,16,5000,0.08,0.05,rbf,median,anytime,bonferroni,1,10,False,UNRESOLVED,5000,True,False,True,0.0003458750434219837,0.08,0.18209213411654696,True,True,True,False
5cf45de71dde3d1dbdab,adaptive,adaptive_allocation,2887,2905623477,16,5000,0.08,0.05,rbf,median,anytime,bonferroni,1,10,False,UNRESOLVED,5000,True,False,True,0.00039604201447218657,0.08,0.18209213411654696,True,True,True,False
f215a9ab02376d80606e,adaptive,adaptive_allocation,2888,1391292554,16,5000,0.08,0.05,rbf,median,anytime,bonferroni,1,10,False,UNRESOLVED,5000,True,False,True,0.000401791010517627,0.08,0.18209213411654696,True,True,True,False
732f7113a6790f6ae042,adaptive,adaptive_allocation,2889,1408345228,16,5000,0.08,0.05,rbf,median,anytime,bonferroni,1,10,False,UNRESOLVED,5000,True,False,True,0.00040437502320855856,0.08,0.18209213411654696,True,True,True,False
b73b86780da670951fa4,adaptive,adaptive_allocation,2890,3937655212,16,5000,0.08,0.05,rbf,median,anytime,bonferroni,1,10,False,UNRESOLVED,5000,True,False,True,0.0004023750079795718,0.08,0.18209213411654696,True,True,True,False
38dc482bd4b5b63a228c,adaptive,adaptive_allocation,2891,2064548176,16,5000,0.08,0.05,rbf,median,anytime,bonferroni,1,10,False,UNRESOLVED,5000,True,False,True,0.00039954198291525245,0.08,0.18209213411654696,True,True,True,False
039cfded6df88e12c0af,adaptive,adaptive_allocation,2892,2003468079,16,5000,0.08,0.05,rbf,median,anytime,bonferroni,1,10,False,UNRESOLVED,5000,True,False,True,0.0004037079634144902,0.08,0.18209213411654696,True,True,True,False
877b5251d52b352e2269,adaptive,adaptive_allocation,2893,2857765113,16,5000,0.08,0.05,rbf,median,anytime,bonferroni,1,10,False,UNRESOLVED,5000,True,False,True,0.0004054579767398536,0.08,0.18209213411654696,True,True,True,False
b74665f1354ba210ebff,adaptive,adaptive_allocation,2894,1915316145,16,5000,0.08,0.05,rbf,median,anytime,bonferroni,1,10,False,UNRESOLVED,5000,True,False,True,0.0004009589902125299,0.08,0.18209213411654696,True,True,True,False
9789799780b5adeddc6c,adaptive,adaptive_allocation,2895,560628561,16,5000,0.08,0.05,rbf,median,anytime,bonferroni,1,10,False,UNRESOLVED,5000,True,False,True,0.00040249997982755303,0.08,0.18209213411654696,True,True,True,False
f18f2f31b118cfd632a3,adaptive,adaptive_allocation,2896,1783838853,16,5000,0.08,0.05,rbf,median,anytime,bonferroni,1,10,False,UNRESOLVED,5000,True,False,True,0.00040179200004786253,0.08,0.18209213411654696,True,True,True,False
f9ffc6896c2db5707e73,adaptive,adaptive_allocation,2897,889903762,16,5000,0.08,0.05,rbf,median,anytime,bonferroni,1,10,False,UNRESOLVED,5000,True,False,True,0.00040600000647827983,0.08,0.18209213411654696,True,True,True,False
da964824d973c864d754,adaptive,adaptive_allocation,2898,1600046627,16,5000,0.08,0.05,rbf,median,anytime,bonferroni,1,10,False,UNRESOLVED,5000,True,False,True,0.000402832985855639,0.08,0.18209213411654696,True,True,True,False
aecfb222460974602345,adaptive,adaptive_allocation,2899,1975489489,16,5000,0.08,0.05,rbf,median,anytime,bonferroni,1,10,False,UNRESOLVED,5000,True,False,True,0.00039908301550894976,0.08,0.18209213411654696,True,True,True,False
da61ae4dc432fb147797,adaptive,adaptive_allocation,2900,3414959984,16,5000,0.08,0.05,rbf,median,anytime,bonferroni,1,10,False,UNRESOLVED,5000,True,False,True,0.0004005829687230289,0.08,0.18209213411654696,True,True,True,False
e5554471023ed4626b3b,adaptive,adaptive_allocation,2901,2796300857,16,5000,0.08,0.05,rbf,median,anytime,bonferroni,1,10,False,UNRESOLVED,5000,True,False,True,0.00040433299727737904,0.08,0.18209213411654696,True,True,True,False
87ba13f838ede0ead77b,adaptive,adaptive_allocation,2902,2556280773,16,5000,0.08,0.05,rbf,median,anytime,bonferroni,1,10,False,UNRESOLVED,5000,True,False,True,0.00040204101242125034,0.08,0.18209213411654696,True,True,True,False
74b336f2a9809455e1a7,adaptive,adaptive_allocation,2903,1143496089,16,5000,0.08,0.05,rbf,median,anytime,bonferroni,1,10,False,UNRESOLVED,5000,True,False,True,0.000402832985855639,0.08,0.18209213411654696,True,True,True,False
2d8046e1a73d8e0fbffb,adaptive,adaptive_allocation,2904,879330736,16,5000,0.08,0.05,rbf,median,anytime,bonferroni,1,10,False,UNRESOLVED,5000,True,False,True,0.00040358398109674454,0.08,0.18209213411654696,True,True,True,False
26250d3456666425164f,adaptive,adaptive_allocation,2905,2699227753,16,5000,0.08,0.05,rbf,median,anytime,bonferroni,1,10,False,UNRESOLVED,5000,True,False,True,0.00040499999886378646,0.08,0.18209213411654696,True,True,True,False
a3acbbf35cfdeb38ecc8,adaptive,adaptive_allocation,2906,828563118,16,5000,0.08,0.05,rbf,median,anytime,bonferroni,1,10,False,UNRESOLVED,5000,True,False,True,0.0004040420171804726,0.08,0.18209213411654696,True,True,True,False
25d7ce8b0154a63fc101,adaptive,adaptive_allocation,2907,2094980024,16,5000,0.08,0.05,rbf,median,anytime,bonferroni,1,10,False,UNRESOLVED,5000,True,False,True,0.00040141597855836153,0.08,0.18209213411654696,True,True,True,False
b817933a05410c370eed,adaptive,adaptive_allocation,2908,768922562,16,5000,0.08,0.05,rbf,median,anytime,bonferroni,1,10,False,UNRESOLVED,5000,True,False,True,0.0004023750079795718,0.08,0.18209213411654696,True,True,True,False
089b5077e7fd8b8800aa,adaptive,adaptive_allocation,2909,960758956,16,5000,0.08,0.05,rbf,median,anytime,bonferroni,1,10,False,UNRESOLVED,5000,True,False,True,0.0004053330048918724,0.08,0.18209213411654696,True,True,True,False
dda676f81db584a2c862,adaptive,adaptive_allocation,2910,3113484577,16,5000,0.08,0.05,rbf,median,anytime,bonferroni,1,10,False,UNRESOLVED,5000,True,False,True,0.00040145800448954105,0.08,0.18209213411654696,True,True,True,False
689bae011305a4405b28,adaptive,adaptive_allocation,2911,3607203009,16,5000,0.08,0.05,rbf,median,anytime,bonferroni,1,10,False,UNRESOLVED,5000,True,False,True,0.00040179200004786253,0.08,0.18209213411654696,True,True,True,False
cf954b808ae3d48660f5,adaptive,adaptive_allocation,2912,3949897735,16,5000,0.08,0.05,rbf,median,anytime,bonferroni,1,10,False,UNRESOLVED,5000,True,False,True,0.0004021250060759485,0.08,0.18209213411654696,True,True,True,False
4d279f46774f486cf29e,adaptive,adaptive_allocation,2913,2892631404,16,5000,0.08,0.05,rbf,median,anytime,bonferroni,1,10,False,UNRESOLVED,5000,True,False,True,0.0004052500007674098,0.08,0.18209213411654696,True,True,True,False
ce2a72e2410c97128497,adaptive,adaptive_allocation,2914,500353477,16,5000,0.08,0.05,rbf,median,anytime,bonferroni,1,10,False,UNRESOLVED,5000,True,False,True,0.00040324998553842306,0.08,0.18209213411654696,True,True,True,False
eea1061f475f850a36d3,adaptive,adaptive_allocation,2915,1272875740,16,5000,0.08,0.05,rbf,median,anytime,bonferroni,1,10,False,UNRESOLVED,5000,True,False,True,0.0004029580159112811,0.08,0.18209213411654696,True,True,True,False
9af2e524c78b4ab72eb6,adaptive,adaptive_allocation,2916,636260574,16,5000,0.08,0.05,rbf,median,anytime,bonferroni,1,10,False,UNRESOLVED,5000,True,False,True,0.000401749974116683,0.08,0.18209213411654696,True,True,True,False
37b4703b7255e2dff3d2,adaptive,adaptive_allocation,2917,2740626948,16,5000,0.08,0.05,rbf,median,anytime,bonferroni,1,10,False,UNRESOLVED,5000,True,False,True,0.0004063749802298844,0.08,0.18209213411654696,True,True,True,False
079bd707fa689e5fb2a6,adaptive,adaptive_allocation,2918,3289086872,16,5000,0.08,0.05,rbf,median,anytime,bonferroni,1,10,False,UNRESOLVED,5000,True,False,True,0.0003998330212198198,0.08,0.18209213411654696,True,True,True,False
a238a86b60954fc41f6c,adaptive,adaptive_allocation,2919,948673417,16,5000,0.08,0.05,rbf,median,anytime,bonferroni,1,10,False,UNRESOLVED,5000,True,False,True,0.0004041659994982183,0.08,0.18209213411654696,True,True,True,False
6e7a0ec90da751af36b2,adaptive,adaptive_allocation,2920,2561198393,16,5000,0.08,0.05,rbf,median,anytime,bonferroni,1,10,False,UNRESOLVED,5000,True,False,True,0.00040070898830890656,0.08,0.18209213411654696,True,True,True,False
be54e933fa898e45ce11,adaptive,adaptive_allocation,2921,1234451434,16,5000,0.08,0.05,rbf,median,anytime,bonferroni,1,10,False,UNRESOLVED,5000,True,False,True,0.00040608400013297796,0.08,0.18209213411654696,True,True,True,False
6544d4bb62b9428e61b2,adaptive,adaptive_allocation,2922,12514763,16,5000,0.08,0.05,rbf,median,anytime,bonferroni,1,10,False,UNRESOLVED,5000,True,False,True,0.0004047499969601631,0.08,0.18209213411654696,True,True,True,False
a58bedc9b754a92cc164,adaptive,adaptive_allocation,2923,3677635431,16,5000,0.08,0.05,rbf,median,anytime,bonferroni,1,10,False,UNRESOLVED,5000,True,False,True,0.000402791949454695,0.08,0.18209213411654696,True,True,True,False
979f7b430ab4fb67e7f3,adaptive,adaptive_allocation,2924,3086575441,16,5000,0.08,0.05,rbf,median,anytime,bonferroni,1,10,False,UNRESOLVED,5000,True,False,True,0.00040058401646092534,0.08,0.18209213411654696,True,True,True,False
d0f46b30561eacf6a708,adaptive,adaptive_allocation,2925,3227767992,16,5000,0.08,0.05,rbf,median,anytime,bonferroni,1,10,False,UNRESOLVED,5000,True,False,True,0.00040595897007733583,0.08,0.18209213411654696,True,True,True,False
b3adc5b4efeb948d906d,adaptive,adaptive_allocation,2926,2234186029,16,5000,0.08,0.05,rbf,median,anytime,bonferroni,1,10,False,UNRESOLVED,5000,True,False,True,0.0004004170186817646,0.08,0.18209213411654696,True,True,True,False
6112252539460e48bf1e,adaptive,adaptive_allocation,2927,521998031,16,5000,0.08,0.05,rbf,median,anytime,bonferroni,1,10,False,UNRESOLVED,5000,True,False,True,0.0004026670358143747,0.08,0.18209213411654696,True,True,True,False
8aaf00c0f421a20b38de,adaptive,adaptive_allocation,2928,1489361253,16,5000,0.08,0.05,rbf,median,anytime,bonferroni,1,10,False,UNRESOLVED,5000,True,False,True,0.0004010000266134739,0.08,0.18209213411654696,True,True,True,False
f443eaeecce9e2920bf3,adaptive,adaptive_allocation,2929,153735893,16,5000,0.08,0.05,rbf,median,anytime,bonferroni,1,10,False,UNRESOLVED,5000,True,False,True,0.00040266697760671377,0.08,0.18209213411654696,True,True,True,False
523896630b1ab3b25558,adaptive,adaptive_allocation,2930,739269742,16,5000,0.08,0.05,rbf,median,anytime,bonferroni,1,10,False,UNRESOLVED,5000,True,False,True,0.0005177090060897171,0.08,0.18209213411654696,True,True,True,False
69561f94a20a95b760bd,adaptive,adaptive_allocation,2931,1343066370,16,5000,0.08,0.05,rbf,median,anytime,bonferroni,1,10,False,UNRESOLVED,5000,True,False,True,0.0005542499711737037,0.08,0.18209213411654696,True,True,True,False
8dfcd3ea8ecc452b45d9,adaptive,adaptive_allocation,2932,1047633808,16,5000,0.08,0.05,rbf,median,anytime,bonferroni,1,10,False,UNRESOLVED,5000,True,False,True,0.0004919589846394956,0.08,0.18209213411654696,True,True,True,False
9c2ce3e8ee170f914bc2,adaptive,adaptive_allocation,2933,3045731888,16,5000,0.08,0.05,rbf,median,anytime,bonferroni,1,10,False,UNRESOLVED,5000,True,False,True,0.000479582988191396,0.08,0.18209213411654696,True,True,True,False
022cca76c1d4faa3c1c5,adaptive,adaptive_allocation,2934,1195962543,16,5000,0.08,0.05,rbf,median,anytime,bonferroni,1,10,False,UNRESOLVED,5000,True,False,True,0.0004759170114994049,0.08,0.18209213411654696,True,True,True,False
e2b225c6fc129592748c,adaptive,adaptive_allocation,2935,800671511,16,5000,0.08,0.05,rbf,median,anytime,bonferroni,1,10,False,UNRESOLVED,5000,True,False,True,0.0004736250266432762,0.08,0.18209213411654696,True,True,True,False
c854286b051d72b85c01,adaptive,adaptive_allocation,2936,949646745,16,5000,0.08,0.05,rbf,median,anytime,bonferroni,1,10,False,UNRESOLVED,5000,True,False,True,0.00047374999849125743,0.08,0.18209213411654696,True,True,True,False
b42891adb8f73d9d6bcf,adaptive,adaptive_allocation,2937,1453128087,16,5000,0.08,0.05,rbf,median,anytime,bonferroni,1,10,False,UNRESOLVED,5000,True,False,True,0.0004741669981740415,0.08,0.18209213411654696,True,True,True,False
6197184d2010b79e8b9a,adaptive,adaptive_allocation,2938,3148047418,16,5000,0.08,0.05,rbf,median,anytime,bonferroni,1,10,False,UNRESOLVED,5000,True,False,True,0.0004725829930976033,0.08,0.18209213411654696,True,True,True,False
1915ac0bb32380f94445,adaptive,adaptive_allocation,2939,3650653532,16,5000,0.08,0.05,rbf,median,anytime,bonferroni,1,10,False,UNRESOLVED,5000,True,False,True,0.0004742500022985041,0.08,0.18209213411654696,True,True,True,False
551751f001473def4678,adaptive,adaptive_allocation,2940,2291960895,16,5000,0.08,0.05,rbf,median,anytime,bonferroni,1,10,False,UNRESOLVED,5000,True,False,True,0.0004966660053469241,0.08,0.18209213411654696,True,True,True,False
3eec9a7211f174ef174d,adaptive,adaptive_allocation,2941,1415157164,16,5000,0.08,0.05,rbf,median,anytime,bonferroni,1,10,False,UNRESOLVED,5000,True,False,True,0.00036220799665898085,0.08,0.18209213411654696,True,True,True,False
601a31cc034a720fea01,adaptive,adaptive_allocation,2942,4125198929,16,5000,0.08,0.05,rbf,median,anytime,bonferroni,1,10,False,UNRESOLVED,5000,True,False,True,0.0003506669891066849,0.08,0.18209213411654696,True,True,True,False
dcb5af2c2915fbbc6505,adaptive,adaptive_allocation,2943,790602392,16,5000,0.08,0.05,rbf,median,anytime,bonferroni,1,10,False,UNRESOLVED,5000,True,False,True,0.00034795794636011124,0.08,0.18209213411654696,True,True,True,False
b72eb53c4f1997a71f83,adaptive,adaptive_allocation,2944,3238640377,16,5000,0.08,0.05,rbf,median,anytime,bonferroni,1,10,False,UNRESOLVED,5000,True,False,True,0.00035070901503786445,0.08,0.18209213411654696,True,True,True,False
cf2c866b7a6266811110,adaptive,adaptive_allocation,2945,2934069923,16,5000,0.08,0.05,rbf,median,anytime,bonferroni,1,10,False,UNRESOLVED,5000,True,False,True,0.0003472079988569021,0.08,0.18209213411654696,True,True,True,False
c3311b21bd0b917def7b,adaptive,adaptive_allocation,2946,4075772539,16,5000,0.08,0.05,rbf,median,anytime,bonferroni,1,10,False,UNRESOLVED,5000,True,False,True,0.00034550001146271825,0.08,0.18209213411654696,True,True,True,False
4db7d5f1240d1930a018,adaptive,adaptive_allocation,2947,1929214203,16,5000,0.08,0.05,rbf,median,anytime,bonferroni,1,10,False,UNRESOLVED,5000,True,False,True,0.00034795800456777215,0.08,0.18209213411654696,True,True,True,False
cdbcaa44eb0801f653c6,adaptive,adaptive_allocation,2948,1390908547,16,5000,0.08,0.05,rbf,median,anytime,bonferroni,1,10,False,UNRESOLVED,5000,True,False,True,0.00035074999323114753,0.08,0.18209213411654696,True,True,True,False
0191576cf131b76e571b,adaptive,adaptive_allocation,2949,1180123352,16,5000,0.08,0.05,rbf,median,anytime,bonferroni,1,10,False,UNRESOLVED,5000,True,False,True,0.00034570798743516207,0.08,0.18209213411654696,True,True,True,False
b8e53b7e1c3232ef2283,adaptive,adaptive_allocation,2950,2543180720,16,5000,0.08,0.05,rbf,median,anytime,bonferroni,1,10,False,UNRESOLVED,5000,True,False,True,0.0003462089807726443,0.08,0.18209213411654696,True,True,True,False
f43ab20dd530f159fdf1,adaptive,adaptive_allocation,2951,218355755,16,5000,0.08,0.05,rbf,median,anytime,bonferroni,1,10,False,UNRESOLVED,5000,True,False,True,0.0003469589864835143,0.08,0.18209213411654696,True,True,True,False
357e15bca801410e3e58,adaptive,adaptive_allocation,2952,3715718059,16,5000,0.08,0.05,rbf,median,anytime,bonferroni,1,10,False,UNRESOLVED,5000,True,False,True,0.0003509590169414878,0.08,0.18209213411654696,True,True,True,False
4322bf145eef53ff47c4,adaptive,adaptive_allocation,2953,421413874,16,5000,0.08,0.05,rbf,median,anytime,bonferroni,1,10,False,UNRESOLVED,5000,True,False,True,0.0003485840279608965,0.08,0.18209213411654696,True,True,True,False
8418bb239ebd3f4ec506,adaptive,adaptive_allocation,2954,136559812,16,5000,0.08,0.05,rbf,median,anytime,bonferroni,1,10,False,UNRESOLVED,5000,True,False,True,0.0003938339650630951,0.08,0.18209213411654696,True,True,True,False
f823c385f0cf92cc954f,adaptive,adaptive_allocation,2955,2627717750,16,5000,0.08,0.05,rbf,median,anytime,bonferroni,1,10,False,UNRESOLVED,5000,True,False,True,0.00034616701304912567,0.08,0.18209213411654696,True,True,True,False
ac11f345efa0258bdb3f,adaptive,adaptive_allocation,2956,4143395149,16,5000,0.08,0.05,rbf,median,anytime,bonferroni,1,10,False,UNRESOLVED,5000,True,False,True,0.0003513330011628568,0.08,0.18209213411654696,True,True,True,False
dc1df55e6fdc283f0101,adaptive,adaptive_allocation,2957,4280645619,16,5000,0.08,0.05,rbf,median,anytime,bonferroni,1,10,False,UNRESOLVED,5000,True,False,True,0.0003471249947324395,0.08,0.18209213411654696,True,True,True,False
a2b8da8aca2f8ff45af0,adaptive,adaptive_allocation,2958,3730781783,16,5000,0.08,0.05,rbf,median,anytime,bonferroni,1,10,False,UNRESOLVED,5000,True,False,True,0.00034666602732613683,0.08,0.18209213411654696,True,True,True,False
39ff8fe507a649dbfca4,adaptive,adaptive_allocation,2959,3488959192,16,5000,0.08,0.05,rbf,median,anytime,bonferroni,1,10,False,UNRESOLVED,5000,True,False,True,0.0003452079836279154,0.08,0.18209213411654696,True,True,True,False
17027dfc64a6248d9556,adaptive,adaptive_allocation,2960,3840167617,16,5000,0.08,0.05,rbf,median,anytime,bonferroni,1,10,False,UNRESOLVED,5000,True,False,True,0.0003519160090945661,0.08,0.18209213411654696,True,True,True,False
f65e859006a94ed9390c,adaptive,adaptive_allocation,2961,1102825610,16,5000,0.08,0.05,rbf,median,anytime,bonferroni,1,10,False,UNRESOLVED,5000,True,False,True,0.0003463330212980509,0.08,0.18209213411654696,True,True,True,False
09dfc42b5498b404b97a,adaptive,adaptive_allocation,2962,2783736525,16,5000,0.08,0.05,rbf,median,anytime,bonferroni,1,10,False,UNRESOLVED,5000,True,False,True,0.00034724996658042073,0.08,0.18209213411654696,True,True,True,False
00f46f73f688a91f759d,adaptive,adaptive_allocation,2963,1936832815,16,5000,0.08,0.05,rbf,median,anytime,bonferroni,1,10,False,UNRESOLVED,5000,True,False,True,0.0003480000304989517,0.08,0.18209213411654696,True,True,True,False
5fcec82a55d17bf08299,adaptive,adaptive_allocation,2964,3568007820,16,5000,0.08,0.05,rbf,median,anytime,bonferroni,1,10,False,UNRESOLVED,5000,True,False,True,0.00035074999323114753,0.08,0.18209213411654696,True,True,True,False
42d521248cac2583ebe7,adaptive,adaptive_allocation,2965,2250850817,16,5000,0.08,0.05,rbf,median,anytime,bonferroni,1,10,False,UNRESOLVED,5000,True,False,True,0.000347458990290761,0.08,0.18209213411654696,True,True,True,False
2b6f59a2a9732129c876,adaptive,adaptive_allocation,2966,2457474811,16,5000,0.08,0.05,rbf,median,anytime,bonferroni,1,10,False,UNRESOLVED,5000,True,False,True,0.0003452919772826135,0.08,0.18209213411654696,True,True,True,False
7afacda0fb073b1c109f,adaptive,adaptive_allocation,2967,2002999321,16,5000,0.08,0.05,rbf,median,anytime,bonferroni,1,10,False,UNRESOLVED,5000,True,False,True,0.00034566601971164346,0.08,0.18209213411654696,True,True,True,False
3620fa419992d9663c3a,adaptive,adaptive_allocation,2968,1085742664,16,5000,0.08,0.05,rbf,median,anytime,bonferroni,1,10,False,UNRESOLVED,5000,True,False,True,0.0003512080293148756,0.08,0.18209213411654696,True,True,True,False
931ecca4a1329d43cd8e,adaptive,adaptive_allocation,2969,2722144768,16,5000,0.08,0.05,rbf,median,anytime,bonferroni,1,10,False,UNRESOLVED,5000,True,False,True,0.0003457500133663416,0.08,0.18209213411654696,True,True,True,False
480e9063f51ace0fccdc,adaptive,adaptive_allocation,2970,1683560707,16,5000,0.08,0.05,rbf,median,anytime,bonferroni,1,10,False,UNRESOLVED,5000,True,False,True,0.0003462500171735883,0.08,0.18209213411654696,True,True,True,False
2a415ac0f36ea6edfcad,adaptive,adaptive_allocation,2971,4218776203,16,5000,0.08,0.05,rbf,median,anytime,bonferroni,1,10,False,UNRESOLVED,5000,True,False,True,0.0003457499551586807,0.08,0.18209213411654696,True,True,True,False
6d1233d1906ab50efd99,adaptive,adaptive_allocation,2972,2635841292,16,5000,0.08,0.05,rbf,median,anytime,bonferroni,1,10,False,UNRESOLVED,5000,True,False,True,0.0003520409809425473,0.08,0.18209213411654696,True,True,True,False
e2e2e9fe0df9462b7cb2,adaptive,adaptive_allocation,2973,2052442020,16,5000,0.08,0.05,rbf,median,anytime,bonferroni,1,10,False,UNRESOLVED,5000,True,False,True,0.00040199997602030635,0.08,0.18209213411654696,True,True,True,False
7e683a8526a3df76c32c,adaptive,adaptive_allocation,2974,532139852,16,5000,0.08,0.05,rbf,median,anytime,bonferroni,1,10,False,UNRESOLVED,5000,True,False,True,0.00040258298395201564,0.08,0.18209213411654696,True,True,True,False
d0db87e2743c2366c8f2,adaptive,adaptive_allocation,2975,984554547,16,5000,0.08,0.05,rbf,median,anytime,bonferroni,1,10,False,UNRESOLVED,5000,True,False,True,0.0004039580235257745,0.08,0.18209213411654696,True,True,True,False
47f0ca3c44a7497dd803,adaptive,adaptive_allocation,2976,2629528132,16,5000,0.08,0.05,rbf,median,anytime,bonferroni,1,10,False,UNRESOLVED,5000,True,False,True,0.0004070830182172358,0.08,0.18209213411654696,True,True,True,False
99c36e09b937c9156930,adaptive,adaptive_allocation,2977,2676579158,16,5000,0.08,0.05,rbf,median,anytime,bonferroni,1,10,False,UNRESOLVED,5000,True,False,True,0.00040087499655783176,0.08,0.18209213411654696,True,True,True,False
befc63efec18d76c4bf8,adaptive,adaptive_allocation,2978,3859654413,16,5000,0.08,0.05,rbf,median,anytime,bonferroni,1,10,False,UNRESOLVED,5000,True,False,True,0.0004010829725302756,0.08,0.18209213411654696,True,True,True,False
f0c22633dfd7fa2d9ed6,adaptive,adaptive_allocation,2979,3280028367,16,5000,0.08,0.05,rbf,median,anytime,bonferroni,1,10,False,UNRESOLVED,5000,True,False,True,0.0004022500361315906,0.08,0.18209213411654696,True,True,True,False
1e24c03c6ab8e137e525,adaptive,adaptive_allocation,2980,132736853,16,5000,0.08,0.05,rbf,median,anytime,bonferroni,1,10,False,UNRESOLVED,5000,True,False,True,0.0004082079976797104,0.08,0.18209213411654696,True,True,True,False
0e37170f1eed62ffd51c,adaptive,adaptive_allocation,2981,3571804029,16,5000,0.08,0.05,rbf,median,anytime,bonferroni,1,10,False,UNRESOLVED,5000,True,False,True,0.0004010419943369925,0.08,0.18209213411654696,True,True,True,False
5137b86bb6164c1a3a32,adaptive,adaptive_allocation,2982,4165888246,16,5000,0.08,0.05,rbf,median,anytime,bonferroni,1,10,False,UNRESOLVED,5000,True,False,True,0.00040145800448954105,0.08,0.18209213411654696,True,True,True,False
92618c3d760f54953c68,adaptive,adaptive_allocation,2983,3746415834,16,5000,0.08,0.05,rbf,median,anytime,bonferroni,1,10,False,UNRESOLVED,5000,True,False,True,0.00040295900544151664,0.08,0.18209213411654696,True,True,True,False
73895fa78ea350011a52,adaptive,adaptive_allocation,2984,424631454,16,5000,0.08,0.05,rbf,median,anytime,bonferroni,1,10,False,UNRESOLVED,5000,True,False,True,0.0004065000102855265,0.08,0.18209213411654696,True,True,True,False
19bd8206356ba2209aa8,adaptive,adaptive_allocation,2985,2412384110,16,5000,0.08,0.05,rbf,median,anytime,bonferroni,1,10,False,UNRESOLVED,5000,True,False,True,0.0004021250060759485,0.08,0.18209213411654696,True,True,True,False
2404417265a5ad4888b8,adaptive,adaptive_allocation,2986,622390968,16,5000,0.08,0.05,rbf,median,anytime,bonferroni,1,10,False,UNRESOLVED,5000,True,False,True,0.0004028749535791576,0.08,0.18209213411654696,True,True,True,False
b7d749bc043b4c5044e9,adaptive,adaptive_allocation,2987,381480256,16,5000,0.08,0.05,rbf,median,anytime,bonferroni,1,10,False,UNRESOLVED,5000,True,False,True,0.0004010420525446534,0.08,0.18209213411654696,True,True,True,False
51ed16289fed5bb81825,adaptive,adaptive_allocation,2988,1640330902,16,5000,0.08,0.05,rbf,median,anytime,bonferroni,1,10,False,UNRESOLVED,5000,True,False,True,0.0004032920114696026,0.08,0.18209213411654696,True,True,True,False
6e8d010c1cb0ef16da9f,adaptive,adaptive_allocation,2989,1003046891,16,5000,0.08,0.05,rbf,median,anytime,bonferroni,1,10,False,UNRESOLVED,5000,True,False,True,0.0003998749889433384,0.08,0.18209213411654696,True,True,True,False
be889cc53a92e1b7e04e,adaptive,adaptive_allocation,2990,811142473,16,5000,0.08,0.05,rbf,median,anytime,bonferroni,1,10,False,UNRESOLVED,5000,True,False,True,0.00040033302502706647,0.08,0.18209213411654696,True,True,True,False
5b053547a8de1b6f5884,adaptive,adaptive_allocation,2991,2979246169,16,5000,0.08,0.05,rbf,median,anytime,bonferroni,1,10,False,UNRESOLVED,5000,True,False,True,0.00039929203921929,0.08,0.18209213411654696,True,True,True,False
a0df378dfa2d5611d6ab,adaptive,adaptive_allocation,2992,2933577752,16,5000,0.08,0.05,rbf,median,anytime,bonferroni,1,10,False,UNRESOLVED,5000,True,False,True,0.00040387496119365096,0.08,0.18209213411654696,True,True,True,False
0d0dccff849033760201,adaptive,adaptive_allocation,2993,642047229,16,5000,0.08,0.05,rbf,median,anytime,bonferroni,1,10,False,UNRESOLVED,5000,True,False,True,0.0004005829687230289,0.08,0.18209213411654696,True,True,True,False
c4992ca775674815cf09,adaptive,adaptive_allocation,2994,1347279514,16,5000,0.08,0.05,rbf,median,anytime,bonferroni,1,10,False,UNRESOLVED,5000,True,False,True,0.00041450001299381256,0.08,0.18209213411654696,True,True,True,False
0870eddf70e92fd06f37,adaptive,adaptive_allocation,2995,1493518335,16,5000,0.08,0.05,rbf,median,anytime,bonferroni,1,10,False,UNRESOLVED,5000,True,False,True,0.00039966596523299813,0.08,0.18209213411654696,True,True,True,False
b408d68621ad84fdae06,adaptive,adaptive_allocation,2996,1527596847,16,5000,0.08,0.05,rbf,median,anytime,bonferroni,1,10,False,UNRESOLVED,5000,True,False,True,0.0004045840469188988,0.08,0.18209213411654696,True,True,True,False
13992594cfa6abf4d076,adaptive,adaptive_allocation,2997,1811381571,16,5000,0.08,0.05,rbf,median,anytime,bonferroni,1,10,False,UNRESOLVED,5000,True,False,True,0.0003994160215370357,0.08,0.18209213411654696,True,True,True,False
b87662cad8bfe0592eed,adaptive,adaptive_allocation,2998,3560063498,16,5000,0.08,0.05,rbf,median,anytime,bonferroni,1,10,False,UNRESOLVED,5000,True,False,True,0.0004005000228062272,0.08,0.18209213411654696,True,True,True,False
e80edf86f3a0cb169259,adaptive,adaptive_allocation,2999,3901605696,16,5000,0.08,0.05,rbf,median,anytime,bonferroni,1,10,False,UNRESOLVED,5000,True,False,True,0.0004013329744338989,0.08,0.18209213411654696,True,True,True,False
a3fdaa1b8ded3b14b998,adaptive,adaptive_allocation,3000,126110994,16,5000,0.08,0.05,rbf,median,anytime,bonferroni,1,10,False,UNRESOLVED,5000,True,False,True,0.0004034999874420464,0.08,0.18209213411654696,True,True,True,False
9bfa99efa43da5a1def3,adaptive,adaptive_allocation,3001,1469239244,16,5000,0.08,0.05,rbf,median,anytime,bonferroni,1,10,False,UNRESOLVED,5000,True,False,True,0.00040033302502706647,0.08,0.18209213411654696,True,True,True,False
7f14200c964bf961358e,adaptive,adaptive_allocation,3002,4202434244,16,5000,0.08,0.05,rbf,median,anytime,bonferroni,1,10,False,UNRESOLVED,5000,True,False,True,0.0004009169642813504,0.08,0.18209213411654696,True,True,True,False
cd366e78c878e3988545,adaptive,adaptive_allocation,3003,3713812918,16,5000,0.08,0.05,rbf,median,anytime,bonferroni,1,10,False,UNRESOLVED,5000,True,False,True,0.0003997090389020741,0.08,0.18209213411654696,True,True,True,False
dd2535da22cce67e9b4b,adaptive,adaptive_allocation,3004,2229084602,16,5000,0.08,0.05,rbf,median,anytime,bonferroni,1,10,False,UNRESOLVED,5000,True,False,True,0.0004070829600095749,0.08,0.18209213411654696,True,True,True,False
0e6df852fb5e189fd0a8,adaptive,adaptive_allocation,3005,2743311399,16,5000,0.08,0.05,rbf,median,anytime,bonferroni,1,10,False,UNRESOLVED,5000,True,False,True,0.00039970799116417766,0.08,0.18209213411654696,True,True,True,False
c8e8462f53418a228919,adaptive,adaptive_allocation,3006,1875481668,16,5000,0.08,0.05,rbf,median,anytime,bonferroni,1,10,False,UNRESOLVED,5000,True,False,True,0.00040008401265367866,0.08,0.18209213411654696,True,True,True,False
6d9433be584567a92068,adaptive,adaptive_allocation,3007,3203339941,16,5000,0.08,0.05,rbf,median,anytime,bonferroni,1,10,False,UNRESOLVED,5000,True,False,True,0.0004010829725302756,0.08,0.18209213411654696,True,True,True,False
8ffbb912305871c7976f,adaptive,adaptive_allocation,3008,1856450320,16,5000,0.08,0.05,rbf,median,anytime,bonferroni,1,10,False,UNRESOLVED,5000,True,False,True,0.0004047499969601631,0.08,0.18209213411654696,True,True,True,False
b029f2e74fe28e8cea7c,adaptive,adaptive_allocation,3009,1377005043,16,5000,0.08,0.05,rbf,median,anytime,bonferroni,1,10,False,UNRESOLVED,5000,True,False,True,0.0004002090427093208,0.08,0.18209213411654696,True,True,True,False
be6117bd2fb7746cb5dd,adaptive,adaptive_allocation,3010,4096686596,16,5000,0.08,0.05,rbf,median,anytime,bonferroni,1,10,False,UNRESOLVED,5000,True,False,True,0.00040004198672249913,0.08,0.18209213411654696,True,True,True,False
99f3639a7f6389ffc28b,adaptive,adaptive_allocation,3011,3007780506,16,5000,0.08,0.05,rbf,median,anytime,bonferroni,1,10,False,UNRESOLVED,5000,True,False,True,0.0004005410009995103,0.08,0.18209213411654696,True,True,True,False
7cc26b094af548ab5492,adaptive,adaptive_allocation,3012,3798794044,16,5000,0.08,0.05,rbf,median,anytime,bonferroni,1,10,False,UNRESOLVED,5000,True,False,True,0.0004087499692104757,0.08,0.18209213411654696,True,True,True,False
07c9d1449b71e4eaa13e,adaptive,adaptive_allocation,3013,2516684721,16,5000,0.08,0.05,rbf,median,anytime,bonferroni,1,10,False,UNRESOLVED,5000,True,False,True,0.0004017080063931644,0.08,0.18209213411654696,True,True,True,False
71ccfa63158cfa3d4b50,adaptive,adaptive_allocation,3014,4258863545,16,5000,0.08,0.05,rbf,median,anytime,bonferroni,1,10,False,UNRESOLVED,5000,True,False,True,0.00040020805317908525,0.08,0.18209213411654696,True,True,True,False
32076ef8e5e2b53db16f,adaptive,adaptive_allocation,3015,1521268994,16,5000,0.08,0.05,rbf,median,anytime,bonferroni,1,10,False,UNRESOLVED,5000,True,False,True,0.0004897080361843109,0.08,0.18209213411654696,True,True,True,False
b398e57b2a2215a8c3b2,adaptive,adaptive_allocation,3016,122401932,16,5000,0.08,0.05,rbf,median,anytime,bonferroni,1,10,False,UNRESOLVED,5000,True,False,True,0.0005232080002315342,0.08,0.18209213411654696,True,True,True,False
ac2f57eeaaa500b5a86d,adaptive,adaptive_allocation,3017,2338924837,16,5000,0.08,0.05,rbf,median,anytime,bonferroni,1,10,False,UNRESOLVED,5000,True,False,True,0.00047870801063254476,0.08,0.18209213411654696,True,True,True,False
ec549f68fec417bcbe0c,adaptive,adaptive_allocation,3018,4010537570,16,5000,0.08,0.05,rbf,median,anytime,bonferroni,1,10,False,UNRESOLVED,5000,True,False,True,0.00047454098239541054,0.08,0.18209213411654696,True,True,True,False
440413c65b94abe22df6,adaptive,adaptive_allocation,3019,2085703632,16,5000,0.08,0.05,rbf,median,anytime,bonferroni,1,10,False,UNRESOLVED,5000,True,False,True,0.0004933750024065375,0.08,0.18209213411654696,True,True,True,False
d585e84dc158be4ee1a0,adaptive,adaptive_allocation,3020,2862688060,16,5000,0.08,0.05,rbf,median,anytime,bonferroni,1,10,False,UNRESOLVED,5000,True,False,True,0.00041808304376900196,0.08,0.18209213411654696,True,True,True,False
0b0cf345db4781659528,adaptive,adaptive_allocation,3021,2798603900,16,5000,0.08,0.05,rbf,median,anytime,bonferroni,1,10,False,UNRESOLVED,5000,True,False,True,0.0004015830345451832,0.08,0.18209213411654696,True,True,True,False
94d9c610660f95b76ed5,adaptive,adaptive_allocation,3022,3669771464,16,5000,0.08,0.05,rbf,median,anytime,bonferroni,1,10,False,UNRESOLVED,5000,True,False,True,0.00040416704723611474,0.08,0.18209213411654696,True,True,True,False
eee871a6ae50b5b47dbd,adaptive,adaptive_allocation,3023,1217432140,16,5000,0.08,0.05,rbf,median,anytime,bonferroni,1,10,False,UNRESOLVED,5000,True,False,True,0.00040020799497142434,0.08,0.18209213411654696,True,True,True,False
c70fe0671090126c74a2,adaptive,adaptive_allocation,3024,4001424335,16,5000,0.08,0.05,rbf,median,anytime,bonferroni,1,10,False,UNRESOLVED,5000,True,False,True,0.00040445796912536025,0.08,0.18209213411654696,True,True,True,False
4353bd6ebb172bbfdd33,adaptive,adaptive_allocation,3025,1102824502,16,5000,0.08,0.05,rbf,median,anytime,bonferroni,1,10,False,UNRESOLVED,5000,True,False,True,0.0003979169996455312,0.08,0.18209213411654696,True,True,True,False
ad053158465cce51a282,adaptive,adaptive_allocation,3026,129647795,16,5000,0.08,0.05,rbf,median,anytime,bonferroni,1,10,False,UNRESOLVED,5000,True,False,True,0.00040154100861400366,0.08,0.18209213411654696,True,True,True,False
a0a55a833efef18b6020,adaptive,adaptive_allocation,3027,1400331403,16,5000,0.08,0.05,rbf,median,anytime,bonferroni,1,10,False,UNRESOLVED,5000,True,False,True,0.0003797910176217556,0.08,0.18209213411654696,True,True,True,False
4700a2a4998fc7cd035a,adaptive,adaptive_allocation,3028,2762878045,16,5000,0.08,0.05,rbf,median,anytime,bonferroni,1,10,False,UNRESOLVED,5000,True,False,True,0.0003484159824438393,0.08,0.18209213411654696,True,True,True,False
dbdffb1a4ecf0b9eaebb,adaptive,adaptive_allocation,3029,3522818382,16,5000,0.08,0.05,rbf,median,anytime,bonferroni,1,10,False,UNRESOLVED,5000,True,False,True,0.00034550001146271825,0.08,0.18209213411654696,True,True,True,False
e74bead538fee039a100,adaptive,adaptive_allocation,3030,4013561803,16,5000,0.08,0.05,rbf,median,anytime,bonferroni,1,10,False,UNRESOLVED,5000,True,False,True,0.00034487497759982944,0.08,0.18209213411654696,True,True,True,False
93d798f0bf6f31812b70,adaptive,adaptive_allocation,3031,482042531,16,5000,0.08,0.05,rbf,median,anytime,bonferroni,1,10,False,UNRESOLVED,5000,True,False,True,0.00034654204500839114,0.08,0.18209213411654696,True,True,True,False
b96384c3357018fc4ad4,adaptive,adaptive_allocation,3032,1805629152,16,5000,0.08,0.05,rbf,median,anytime,bonferroni,1,10,False,UNRESOLVED,5000,True,False,True,0.0003487499780021608,0.08,0.18209213411654696,True,True,True,False
405f0f3be2ce296d48fb,adaptive,adaptive_allocation,3033,382993193,16,5000,0.08,0.05,rbf,median,anytime,bonferroni,1,10,False,UNRESOLVED,5000,True,False,True,0.00034612504532560706,0.08,0.18209213411654696,True,True,True,False
02c4c1186c0e94b3f39a,adaptive,adaptive_allocation,3034,139861869,16,5000,0.08,0.05,rbf,median,anytime,bonferroni,1,10,False,UNRESOLVED,5000,True,False,True,0.00034487497759982944,0.08,0.18209213411654696,True,True,True,False
c4b274c82bcd463a9739,adaptive,adaptive_allocation,3035,2844992133,16,5000,0.08,0.05,rbf,median,anytime,bonferroni,1,10,False,UNRESOLVED,5000,True,False,True,0.00034554104786366224,0.08,0.18209213411654696,True,True,True,False
a5c4c19d6c7a35ce2351,adaptive,adaptive_allocation,3036,3100641790,16,5000,0.08,0.05,rbf,median,anytime,bonferroni,1,10,False,UNRESOLVED,5000,True,False,True,0.0003487500362098217,0.08,0.18209213411654696,True,True,True,False
e258c9beff696af3d86d,adaptive,adaptive_allocation,3037,2668818703,16,5000,0.08,0.05,rbf,median,anytime,bonferroni,1,10,False,UNRESOLVED,5000,True,False,True,0.0003447079798206687,0.08,0.18209213411654696,True,True,True,False
b922137557a1200dce10,adaptive,adaptive_allocation,3038,2013384826,16,5000,0.08,0.05,rbf,median,anytime,bonferroni,1,10,False,UNRESOLVED,5000,True,False,True,0.00034641596721485257,0.08,0.18209213411654696,True,True,True,False
417438a9a5f8153455c0,adaptive,adaptive_allocation,3039,71890985,16,5000,0.08,0.05,rbf,median,anytime,bonferroni,1,10,False,UNRESOLVED,5000,True,False,True,0.000349292007740587,0.08,0.18209213411654696,True,True,True,False
a0541b0b2c501149b99f,adaptive,adaptive_allocation,3040,3700891785,16,5000,0.08,0.05,rbf,median,anytime,bonferroni,1,10,False,UNRESOLVED,5000,True,False,True,0.0003487499780021608,0.08,0.18209213411654696,True,True,True,False
2edc5a01ceb3dfc927ff,adaptive,adaptive_allocation,3041,3667743064,16,5000,0.08,0.05,rbf,median,anytime,bonferroni,1,10,False,UNRESOLVED,5000,True,False,True,0.0003453749814070761,0.08,0.18209213411654696,True,True,True,False
d7b1290df0947d039378,adaptive,adaptive_allocation,3042,3762439537,16,5000,0.08,0.05,rbf,median,anytime,bonferroni,1,10,False,UNRESOLVED,5000,True,False,True,0.00034674996277317405,0.08,0.18209213411654696,True,True,True,False
00f7a7c52b54e49ded5c,adaptive,adaptive_allocation,3043,3640983401,16,5000,0.08,0.05,rbf,median,anytime,bonferroni,1,10,False,UNRESOLVED,5000,True,False,True,0.00034508295357227325,0.08,0.18209213411654696,True,True,True,False
4b5de1f3657629f33aa4,adaptive,adaptive_allocation,3044,2965577967,16,5000,0.08,0.05,rbf,median,anytime,bonferroni,1,10,False,UNRESOLVED,5000,True,False,True,0.000349292007740587,0.08,0.18209213411654696,True,True,True,False
60367ceaeeaf885e5edc,adaptive,adaptive_allocation,3045,2421581117,16,5000,0.08,0.05,rbf,median,anytime,bonferroni,1,10,False,UNRESOLVED,5000,True,False,True,0.0003454579855315387,0.08,0.18209213411654696,True,True,True,False
0f90f6e6efdf6ad5fdff,adaptive,adaptive_allocation,3046,2383045175,16,5000,0.08,0.05,rbf,median,anytime,bonferroni,1,10,False,UNRESOLVED,5000,True,False,True,0.00034562498331069946,0.08,0.18209213411654696,True,True,True,False
6e959b8e3f008123c3a4,adaptive,adaptive_allocation,3047,2203315300,16,5000,0.08,0.05,rbf,median,anytime,bonferroni,1,10,False,UNRESOLVED,5000,True,False,True,0.00034437503200024366,0.08,0.18209213411654696,True,True,True,False
59dcc89177a0ecc19258,adaptive,adaptive_allocation,3048,502183028,16,5000,0.08,0.05,rbf,median,anytime,bonferroni,1,10,False,UNRESOLVED,5000,True,False,True,0.0003494999837130308,0.08,0.18209213411654696,True,True,True,False
a7d3555bb1277ffa4efc,adaptive,adaptive_allocation,3049,655754225,16,5000,0.08,0.05,rbf,median,anytime,bonferroni,1,10,False,UNRESOLVED,5000,True,False,True,0.0003460829611867666,0.08,0.18209213411654696,True,True,True,False
49be6c7505dc74f858af,adaptive,adaptive_allocation,3050,2142670835,16,5000,0.08,0.05,rbf,median,anytime,bonferroni,1,10,False,UNRESOLVED,5000,True,False,True,0.00034691597102209926,0.08,0.18209213411654696,True,True,True,False
cbb0e69d216900eb9a86,adaptive,adaptive_allocation,3051,1572038056,16,5000,0.08,0.05,rbf,median,anytime,bonferroni,1,10,False,UNRESOLVED,5000,True,False,True,0.00034662499092519283,0.08,0.18209213411654696,True,True,True,False
a72e00b3039e720191c8,adaptive,adaptive_allocation,3052,2826120723,16,5000,0.08,0.05,rbf,median,anytime,bonferroni,1,10,False,UNRESOLVED,5000,True,False,True,0.00034920801408588886,0.08,0.18209213411654696,True,True,True,False
05b15e9691742b7fe865,adaptive,adaptive_allocation,3053,2178774437,16,5000,0.08,0.05,rbf,median,anytime,bonferroni,1,10,False,UNRESOLVED,5000,True,False,True,0.0003441249718889594,0.08,0.18209213411654696,True,True,True,False
e1f97340de4f3b543475,adaptive,adaptive_allocation,3054,2689629541,16,5000,0.08,0.05,rbf,median,anytime,bonferroni,1,10,False,UNRESOLVED,5000,True,False,True,0.0003457919810898602,0.08,0.18209213411654696,True,True,True,False
bd52e852375a02064be6,adaptive,adaptive_allocation,3055,3989010904,16,5000,0.08,0.05,rbf,median,anytime,bonferroni,1,10,False,UNRESOLVED,5000,True,False,True,0.0003469589864835143,0.08,0.18209213411654696,True,True,True,False
420405cc9a317a51a42a,adaptive,adaptive_allocation,3056,2817208316,16,5000,0.08,0.05,rbf,median,anytime,bonferroni,1,10,False,UNRESOLVED,5000,True,False,True,0.00034966703969985247,0.08,0.18209213411654696,True,True,True,False
623a544331e548a75e0a,adaptive,adaptive_allocation,3057,2915012846,16,5000,0.08,0.05,rbf,median,anytime,bonferroni,1,10,False,UNRESOLVED,5000,True,False,True,0.00034662499092519283,0.08,0.18209213411654696,True,True,True,False
d3c47e6d54e195b7b294,adaptive,adaptive_allocation,3058,3294121072,16,5000,0.08,0.05,rbf,median,anytime,bonferroni,1,10,False,UNRESOLVED,5000,True,False,True,0.00034612498711794615,0.08,0.18209213411654696,True,True,True,False
b5ee39a7b6cdf842f23e,adaptive,adaptive_allocation,3059,2717642621,16,5000,0.08,0.05,rbf,median,anytime,bonferroni,1,10,False,UNRESOLVED,5000,True,False,True,0.0003462919848971069,0.08,0.18209213411654696,True,True,True,False
41be30b1d60d087ae2fd,adaptive,adaptive_allocation,3060,3711752360,16,5000,0.08,0.05,rbf,median,anytime,bonferroni,1,10,False,UNRESOLVED,5000,True,False,True,0.00039933400694280863,0.08,0.18209213411654696,True,True,True,False
1a5abc9ff8661fc16fc6,adaptive,adaptive_allocation,3061,331643061,16,5000,0.08,0.05,rbf,median,anytime,bonferroni,1,10,False,UNRESOLVED,5000,True,False,True,0.00040149997221305966,0.08,0.18209213411654696,True,True,True,False
1347b7581b36022db32e,adaptive,adaptive_allocation,3062,3891777552,16,5000,0.08,0.05,rbf,median,anytime,bonferroni,1,10,False,UNRESOLVED,5000,True,False,True,0.0003994579892605543,0.08,0.18209213411654696,True,True,True,False
c24b63afc34d7da5df8e,adaptive,adaptive_allocation,3063,3621354008,16,5000,0.08,0.05,rbf,median,anytime,bonferroni,1,10,False,UNRESOLVED,5000,True,False,True,0.00040116702439263463,0.08,0.18209213411654696,True,True,True,False
96aa834d0b355450accc,adaptive,adaptive_allocation,3064,1682743395,16,5000,0.08,0.05,rbf,median,anytime,bonferroni,1,10,False,UNRESOLVED,5000,True,False,True,0.0004057500045746565,0.08,0.18209213411654696,True,True,True,False
268e3c01bcdb83ff495f,adaptive,adaptive_allocation,3065,3816001583,16,5000,0.08,0.05,rbf,median,anytime,bonferroni,1,10,False,UNRESOLVED,5000,True,False,True,0.00040304200956597924,0.08,0.18209213411654696,True,True,True,False
29275202c99b62ccacbd,adaptive,adaptive_allocation,3066,719242521,16,5000,0.08,0.05,rbf,median,anytime,bonferroni,1,10,False,UNRESOLVED,5000,True,False,True,0.00040145800448954105,0.08,0.18209213411654696,True,True,True,False
bae9d880e27f46c0b968,adaptive,adaptive_allocation,3067,720410052,16,5000,0.08,0.05,rbf,median,anytime,bonferroni,1,10,False,UNRESOLVED,5000,True,False,True,0.00039908301550894976,0.08,0.18209213411654696,True,True,True,False
7f92e86c8a021d85fb2d,adaptive,adaptive_allocation,3068,2786248695,16,5000,0.08,0.05,rbf,median,anytime,bonferroni,1,10,False,UNRESOLVED,5000,True,False,True,0.00040608301060274243,0.08,0.18209213411654696,True,True,True,False
22b795b9da7b2ca82a9d,adaptive,adaptive_allocation,3069,2232935060,16,5000,0.08,0.05,rbf,median,anytime,bonferroni,1,10,False,UNRESOLVED,5000,True,False,True,0.0003987500094808638,0.08,0.18209213411654696,True,True,True,False
38ea65649d96d8a87f78,adaptive,adaptive_allocation,3070,4180720717,16,5000,0.08,0.05,rbf,median,anytime,bonferroni,1,10,False,UNRESOLVED,5000,True,False,True,0.00039916601963341236,0.08,0.18209213411654696,True,True,True,False
e16a73a61453458b2760,adaptive,adaptive_allocation,3071,2484756717,16,5000,0.08,0.05,rbf,median,anytime,bonferroni,1,10,False,UNRESOLVED,5000,True,False,True,0.0004015000304207206,0.08,0.18209213411654696,True,True,True,False
4acd67042ea27fd498d5,adaptive,adaptive_allocation,3072,1445724320,16,5000,0.08,0.05,rbf,median,anytime,bonferroni,1,10,False,UNRESOLVED,5000,True,False,True,0.0004039169871248305,0.08,0.18209213411654696,True,True,True,False
46942232c4f8c6046f90,adaptive,adaptive_allocation,3073,458639497,16,5000,0.08,0.05,rbf,median,anytime,bonferroni,1,10,False,UNRESOLVED,5000,True,False,True,0.0004000829649157822,0.08,0.18209213411654696,True,True,True,False
94d37c35c6f17fc625e9,adaptive,adaptive_allocation,3074,3955708682,16,5000,0.08,0.05,rbf,median,anytime,bonferroni,1,10,False,UNRESOLVED,5000,True,False,True,0.0004004589864052832,0.08,0.18209213411654696,True,True,True,False
9003b6f2bf2f21106270,adaptive,adaptive_allocation,3075,4153840231,16,5000,0.08,0.05,rbf,median,anytime,bonferroni,1,10,False,UNRESOLVED,5000,True,False,True,0.0003992080455645919,0.08,0.18209213411654696,True,True,True,False
6dd748de0489258f9112,adaptive,adaptive_allocation,3076,773353545,16,5000,0.08,0.05,rbf,median,anytime,bonferroni,1,10,False,UNRESOLVED,5000,True,False,True,0.0004048330010846257,0.08,0.18209213411654696,True,True,True,False
b158fa03e63498643dd9,adaptive,adaptive_allocation,3077,83479927,16,5000,0.08,0.05,rbf,median,anytime,bonferroni,1,10,False,UNRESOLVED,5000,True,False,True,0.0004016250022687018,0.08,0.18209213411654696,True,True,True,False
440993026a12024053dd,adaptive,adaptive_allocation,3078,3360027415,16,5000,0.08,0.05,rbf,median,anytime,bonferroni,1,10,False,UNRESOLVED,5000,True,False,True,0.0004011249984614551,0.08,0.18209213411654696,True,True,True,False
e268b6852e105852bf4d,adaptive,adaptive_allocation,3079,331073441,16,5000,0.08,0.05,rbf,median,anytime,bonferroni,1,10,False,UNRESOLVED,5000,True,False,True,0.0004001659690402448,0.08,0.18209213411654696,True,True,True,False
bec021abab945d6af64e,adaptive,adaptive_allocation,3080,1771362189,16,5000,0.08,0.05,rbf,median,anytime,bonferroni,1,10,False,UNRESOLVED,5000,True,False,True,0.00040295900544151664,0.08,0.18209213411654696,True,True,True,False
2420e48ef6a84369273d,adaptive,adaptive_allocation,3081,3007669179,16,5000,0.08,0.05,rbf,median,anytime,bonferroni,1,10,False,UNRESOLVED,5000,True,False,True,0.0003993749851360917,0.08,0.18209213411654696,True,True,True,False
80ba8e3cc3fa68f70188,adaptive,adaptive_allocation,3082,317317120,16,5000,0.08,0.05,rbf,median,anytime,bonferroni,1,10,False,UNRESOLVED,5000,True,False,True,0.0003992089768871665,0.08,0.18209213411654696,True,True,True,False
4f2d89479849a4b63faa,adaptive,adaptive_allocation,3083,1605243579,16,5000,0.08,0.05,rbf,median,anytime,bonferroni,1,10,False,UNRESOLVED,5000,True,False,True,0.00040020898450165987,0.08,0.18209213411654696,True,True,True,False
da2b4d6817970a872cb5,adaptive,adaptive_allocation,3084,2280266929,16,5000,0.08,0.05,rbf,median,anytime,bonferroni,1,10,False,UNRESOLVED,5000,True,False,True,0.0004053330048918724,0.08,0.18209213411654696,True,True,True,False
480e555f6acd55393657,adaptive,adaptive_allocation,3085,97825926,16,5000,0.08,0.05,rbf,median,anytime,bonferroni,1,10,False,UNRESOLVED,5000,True,False,True,0.00040016701677814126,0.08,0.18209213411654696,True,True,True,False
3ffaeaa9cd3f150dc7cf,adaptive,adaptive_allocation,3086,187997040,16,5000,0.08,0.05,rbf,median,anytime,bonferroni,1,10,False,UNRESOLVED,5000,True,False,True,0.0004016670281998813,0.08,0.18209213411654696,True,True,True,False
b39a0c24b3c21dbb3985,adaptive,adaptive_allocation,3087,4231878884,16,5000,0.08,0.05,rbf,median,anytime,bonferroni,1,10,False,UNRESOLVED,5000,True,False,True,0.0003998749889433384,0.08,0.18209213411654696,True,True,True,False
d8a9d7b9eee0f13bf2ce,adaptive,adaptive_allocation,3088,336139514,16,5000,0.08,0.05,rbf,median,anytime,bonferroni,1,10,False,UNRESOLVED,5000,True,False,True,0.0003582080244086683,0.08,0.18209213411654696,True,True,True,False
7cecd8dcc366b094d33b,adaptive,adaptive_allocation,3089,1074605476,16,5000,0.08,0.05,rbf,median,anytime,bonferroni,1,10,False,UNRESOLVED,5000,True,False,True,0.0003482499741949141,0.08,0.18209213411654696,True,True,True,False
19bac473b3a0cd6b2fe2,adaptive,adaptive_allocation,3090,2245737484,16,5000,0.08,0.05,rbf,median,anytime,bonferroni,1,10,False,UNRESOLVED,5000,True,False,True,0.0003447500057518482,0.08,0.18209213411654696,True,True,True,False
fa3cec67e9f43abef41f,adaptive,adaptive_allocation,3091,2443829949,16,5000,0.08,0.05,rbf,median,anytime,bonferroni,1,10,False,UNRESOLVED,5000,True,False,True,0.0003447500057518482,0.08,0.18209213411654696,True,True,True,False
2502ee3bde8bd58e93dc,adaptive,adaptive_allocation,3092,57623523,16,5000,0.08,0.05,rbf,median,anytime,bonferroni,1,10,False,UNRESOLVED,5000,True,False,True,0.0003495829878374934,0.08,0.18209213411654696,True,True,True,False
c34cf12461e590dee61a,adaptive,adaptive_allocation,3093,2651457914,16,5000,0.08,0.05,rbf,median,anytime,bonferroni,1,10,False,UNRESOLVED,5000,True,False,True,0.00034608400892466307,0.08,0.18209213411654696,True,True,True,False
5c04297e1045863d93a4,adaptive,adaptive_allocation,3094,317961983,16,5000,0.08,0.05,rbf,median,anytime,bonferroni,1,10,False,UNRESOLVED,5000,True,False,True,0.000345290987752378,0.08,0.18209213411654696,True,True,True,False
a24934122ef05d2d6641,adaptive,adaptive_allocation,3095,2179604292,16,5000,0.08,0.05,rbf,median,anytime,bonferroni,1,10,False,UNRESOLVED,5000,True,False,True,0.0003469579969532788,0.08,0.18209213411654696,True,True,True,False
cdd5fad329a2d5219761,adaptive,adaptive_allocation,3096,824881151,16,5000,0.08,0.05,rbf,median,anytime,bonferroni,1,10,False,UNRESOLVED,5000,True,False,True,0.0003480000304989517,0.08,0.18209213411654696,True,True,True,False
c2e588ab2a13c2bdba2a,adaptive,adaptive_allocation,3097,3175020697,16,5000,0.08,0.05,rbf,median,anytime,bonferroni,1,10,False,UNRESOLVED,5000,True,False,True,0.0003462919848971069,0.08,0.18209213411654696,True,True,True,False
1b32dd38e21a02e04460,adaptive,adaptive_allocation,3098,3056445628,16,5000,0.08,0.05,rbf,median,anytime,bonferroni,1,10,False,UNRESOLVED,5000,True,False,True,0.0003465830232016742,0.08,0.18209213411654696,True,True,True,False
e6e0da36725302affced,adaptive,adaptive_allocation,3099,2436598849,16,5000,0.08,0.05,rbf,median,anytime,bonferroni,1,10,False,UNRESOLVED,5000,True,False,True,0.00034545897506177425,0.08,0.18209213411654696,True,True,True,False
9c4c1d4f5457e47bd6b9,adaptive,adaptive_allocation,3100,2253751810,16,5000,0.08,0.05,rbf,median,anytime,bonferroni,1,10,False,UNRESOLVED,5000,True,False,True,0.00034895900171250105,0.08,0.18209213411654696,True,True,True,False
1ac118980dd987fad5b7,adaptive,adaptive_allocation,3101,32781737,16,5000,0.08,0.05,rbf,median,anytime,bonferroni,1,10,False,UNRESOLVED,5000,True,False,True,0.00034562498331069946,0.08,0.18209213411654696,True,True,True,False
ddef8087fc57228a8d71,adaptive,adaptive_allocation,3102,3013795245,16,5000,0.08,0.05,rbf,median,anytime,bonferroni,1,10,False,UNRESOLVED,5000,True,False,True,0.0003457919810898602,0.08,0.18209213411654696,True,True,True,False
9d5e2cdd6d7553a6361c,adaptive,adaptive_allocation,3103,763715658,16,5000,0.08,0.05,rbf,median,anytime,bonferroni,1,10,False,UNRESOLVED,5000,True,False,True,0.0003464169567450881,0.08,0.18209213411654696,True,True,True,False
795b0e8e4b5941c1dcd2,adaptive,adaptive_allocation,3104,3570505604,16,5000,0.08,0.05,rbf,median,anytime,bonferroni,1,10,False,UNRESOLVED,5000,True,False,True,0.0005961660062894225,0.08,0.18209213411654696,True,True,True,False
edf1e1c7bd67da4e47df,adaptive,adaptive_allocation,3105,3786325438,16,5000,0.08,0.05,rbf,median,anytime,bonferroni,1,10,False,UNRESOLVED,5000,True,False,True,0.0005082910065539181,0.08,0.18209213411654696,True,True,True,False
0034b34425316c9d5137,adaptive,adaptive_allocation,3106,2472140232,16,5000,0.08,0.05,rbf,median,anytime,bonferroni,1,10,False,UNRESOLVED,5000,True,False,True,0.0004917919868603349,0.08,0.18209213411654696,True,True,True,False
45a1c4e1d26291e6ebe7,adaptive,adaptive_allocation,3107,1630353649,16,5000,0.08,0.05,rbf,median,anytime,bonferroni,1,10,False,UNRESOLVED,5000,True,False,True,0.0004865420050919056,0.08,0.18209213411654696,True,True,True,False
2f7273b356c46eba4031,adaptive,adaptive_allocation,3108,1091330306,16,5000,0.08,0.05,rbf,median,anytime,bonferroni,1,10,False,UNRESOLVED,5000,True,False,True,0.0005014999769628048,0.08,0.18209213411654696,True,True,True,False
8e4a5a8167827ed19973,adaptive,adaptive_allocation,3109,3191035364,16,5000,0.08,0.05,rbf,median,anytime,bonferroni,1,10,False,UNRESOLVED,5000,True,False,True,0.0005065000150352716,0.08,0.18209213411654696,True,True,True,False
089f7da9b8d0629a9d38,adaptive,adaptive_allocation,3110,913862493,16,5000,0.08,0.05,rbf,median,anytime,bonferroni,1,10,False,UNRESOLVED,5000,True,False,True,0.0005460000247694552,0.08,0.18209213411654696,True,True,True,False
1243fb443cbf1ece8844,adaptive,adaptive_allocation,3111,4234965897,16,5000,0.08,0.05,rbf,median,anytime,bonferroni,1,10,False,UNRESOLVED,5000,True,False,True,0.0005013339687138796,0.08,0.18209213411654696,True,True,True,False
03c10bbedc1cce6c4496,adaptive,adaptive_allocation,3112,138028819,16,5000,0.08,0.05,rbf,median,anytime,bonferroni,1,10,False,UNRESOLVED,5000,True,False,True,0.0004835419822484255,0.08,0.18209213411654696,True,True,True,False
0335db24e58f04bc1960,adaptive,adaptive_allocation,3113,2198248868,16,5000,0.08,0.05,rbf,median,anytime,bonferroni,1,10,False,UNRESOLVED,5000,True,False,True,0.00047845899825915694,0.08,0.18209213411654696,True,True,True,False
38d9871486074706a5e5,adaptive,adaptive_allocation,3114,4342306,16,5000,0.08,0.05,rbf,median,anytime,bonferroni,1,10,False,UNRESOLVED,5000,True,False,True,0.00047737499698996544,0.08,0.18209213411654696,True,True,True,False
9116fe1107a0f8da3c59,adaptive,adaptive_allocation,3115,2482542489,16,5000,0.08,0.05,rbf,median,anytime,bonferroni,1,10,False,UNRESOLVED,5000,True,False,True,0.00047500000800937414,0.08,0.18209213411654696,True,True,True,False
84cb68219f4a5b9cacd9,adaptive,adaptive_allocation,3116,3259059360,16,5000,0.08,0.05,rbf,median,anytime,bonferroni,1,10,False,UNRESOLVED,5000,True,False,True,0.00047566700959578156,0.08,0.18209213411654696,True,True,True,False
81198dd9976f797b72ad,adaptive,adaptive_allocation,3117,215318693,16,5000,0.08,0.05,rbf,median,anytime,bonferroni,1,10,False,UNRESOLVED,5000,True,False,True,0.0004806250217370689,0.08,0.18209213411654696,True,True,True,False
9913ee5d46e7a26f750c,adaptive,adaptive_allocation,3118,3198657809,16,5000,0.08,0.05,rbf,median,anytime,bonferroni,1,10,False,UNRESOLVED,5000,True,False,True,0.0004747089697048068,0.08,0.18209213411654696,True,True,True,False
70e8b08a87ba1e0069be,adaptive,adaptive_allocation,3119,3776501698,16,5000,0.08,0.05,rbf,median,anytime,bonferroni,1,10,False,UNRESOLVED,5000,True,False,True,0.0004757090355269611,0.08,0.18209213411654696,True,True,True,False
fbc30845261a0d957b12,adaptive,adaptive_allocation,3120,1722278968,16,5000,0.08,0.05,rbf,median,anytime,bonferroni,1,10,False,UNRESOLVED,5000,True,False,True,0.00048104202141985297,0.08,0.18209213411654696,True,True,True,False
78172887214021d5c95a,adaptive,adaptive_allocation,3121,1730432350,16,5000,0.08,0.05,rbf,median,anytime,bonferroni,1,10,False,UNRESOLVED,5000,True,False,True,0.0004820000031031668,0.08,0.18209213411654696,True,True,True,False
4fb0e85fdfa3b4793c9a,adaptive,adaptive_allocation,3122,497549659,16,5000,0.08,0.05,rbf,median,anytime,bonferroni,1,10,False,UNRESOLVED,5000,True,False,True,0.0004794170381501317,0.08,0.18209213411654696,True,True,True,False
55646a89bebce41bb1e5,adaptive,adaptive_allocation,3123,2424628451,16,5000,0.08,0.05,rbf,median,anytime,bonferroni,1,10,False,UNRESOLVED,5000,True,False,True,0.0004428329993970692,0.08,0.18209213411654696,True,True,True,False
1bd107bf221c711728f2,adaptive,adaptive_allocation,3124,946331006,16,5000,0.08,0.05,rbf,median,anytime,bonferroni,1,10,False,UNRESOLVED,5000,True,False,True,0.0004112499882467091,0.08,0.18209213411654696,True,True,True,False
ef8502abac6201ed2f3b,adaptive,adaptive_allocation,3125,482981110,16,5000,0.08,0.05,rbf,median,anytime,bonferroni,1,10,False,UNRESOLVED,5000,True,False,True,0.00040729204192757607,0.08,0.18209213411654696,True,True,True,False
ba0c94eacdad715d38de,adaptive,adaptive_allocation,3126,39626564,16,5000,0.08,0.05,rbf,median,anytime,bonferroni,1,10,False,UNRESOLVED,5000,True,False,True,0.00040791695937514305,0.08,0.18209213411654696,True,True,True,False
3661d2cc7de4b9bf02cd,adaptive,adaptive_allocation,3127,1447034053,16,5000,0.08,0.05,rbf,median,anytime,bonferroni,1,10,False,UNRESOLVED,5000,True,False,True,0.00040312501369044185,0.08,0.18209213411654696,True,True,True,False
949b1f4489ff7bc4a1fb,adaptive,adaptive_allocation,3128,751577076,16,5000,0.08,0.05,rbf,median,anytime,bonferroni,1,10,False,UNRESOLVED,5000,True,False,True,0.00040149997221305966,0.08,0.18209213411654696,True,True,True,False
1a3f06681683f78b54aa,adaptive,adaptive_allocation,3129,1782996581,16,5000,0.08,0.05,rbf,median,anytime,bonferroni,1,10,False,UNRESOLVED,5000,True,False,True,0.0004029999836347997,0.08,0.18209213411654696,True,True,True,False
1aa14799320ccba19efd,adaptive,adaptive_allocation,3130,399543868,16,5000,0.08,0.05,rbf,median,anytime,bonferroni,1,10,False,UNRESOLVED,5000,True,False,True,0.0004065000102855265,0.08,0.18209213411654696,True,True,True,False
2296956285e257bf192b,adaptive,adaptive_allocation,3131,91065476,16,5000,0.08,0.05,rbf,median,anytime,bonferroni,1,10,False,UNRESOLVED,5000,True,False,True,0.00040254101622849703,0.08,0.18209213411654696,True,True,True,False
cb80d8dc742601f84571,adaptive,adaptive_allocation,3132,1004143983,16,5000,0.08,0.05,rbf,median,anytime,bonferroni,1,10,False,UNRESOLVED,5000,True,False,True,0.00040183396777138114,0.08,0.18209213411654696,True,True,True,False
c5df007fb2f4b5eeb7a6,adaptive,adaptive_allocation,3133,560376251,16,5000,0.08,0.05,rbf,median,anytime,bonferroni,1,10,False,UNRESOLVED,5000,True,False,True,0.0004027920076623559,0.08,0.18209213411654696,True,True,True,False
bb12a0d1635fc7185388,adaptive,adaptive_allocation,3134,2938557871,16,5000,0.08,0.05,rbf,median,anytime,bonferroni,1,10,False,UNRESOLVED,5000,True,False,True,0.00040716701187193394,0.08,0.18209213411654696,True,True,True,False
98b72f0fdbdc0a30afe0,adaptive,adaptive_allocation,3135,2443001003,16,5000,0.08,0.05,rbf,median,anytime,bonferroni,1,10,False,UNRESOLVED,5000,True,False,True,0.00040033302502706647,0.08,0.18209213411654696,True,True,True,False
53f3a89b69d1c9d88c50,adaptive,adaptive_allocation,3136,3077394929,16,5000,0.08,0.05,rbf,median,anytime,bonferroni,1,10,False,UNRESOLVED,5000,True,False,True,0.00040379195706918836,0.08,0.18209213411654696,True,True,True,False
1a97803f1050180f7f7d,adaptive,adaptive_allocation,3137,1890987273,16,5000,0.08,0.05,rbf,median,anytime,bonferroni,1,10,False,UNRESOLVED,5000,True,False,True,0.00040199997602030635,0.08,0.18209213411654696,True,True,True,False
46096ce81287cbfc8544,adaptive,adaptive_allocation,3138,191018864,16,5000,0.08,0.05,rbf,median,anytime,bonferroni,1,10,False,UNRESOLVED,5000,True,False,True,0.000405374972615391,0.08,0.18209213411654696,True,True,True,False
728dec6ef1864c3c7eef,adaptive,adaptive_allocation,3139,2066564789,16,5000,0.08,0.05,rbf,median,anytime,bonferroni,1,10,False,UNRESOLVED,5000,True,False,True,0.00040141702629625797,0.08,0.18209213411654696,True,True,True,False
42a18a5fb2e211b98798,adaptive,adaptive_allocation,3140,31022962,16,5000,0.08,0.05,rbf,median,anytime,bonferroni,1,10,False,UNRESOLVED,5000,True,False,True,0.00040199997602030635,0.08,0.18209213411654696,True,True,True,False
1f191b08095279ea8cf6,adaptive,adaptive_allocation,3141,695729747,16,5000,0.08,0.05,rbf,median,anytime,bonferroni,1,10,False,UNRESOLVED,5000,True,False,True,0.000400999968405813,0.08,0.18209213411654696,True,True,True,False
72ebb61e313906ab1de8,adaptive,adaptive_allocation,3142,659467558,16,5000,0.08,0.05,rbf,median,anytime,bonferroni,1,10,False,UNRESOLVED,5000,True,False,True,0.00040508300298824906,0.08,0.18209213411654696,True,True,True,False
58aa3e57cb2c8e10f5c7,adaptive,adaptive_allocation,3143,1621458238,16,5000,0.08,0.05,rbf,median,anytime,bonferroni,1,10,False,UNRESOLVED,5000,True,False,True,0.00040129199624061584,0.08,0.18209213411654696,True,True,True,False
e9a38df8cf514c2d7b22,adaptive,adaptive_allocation,3144,3863430451,16,5000,0.08,0.05,rbf,median,anytime,bonferroni,1,10,False,UNRESOLVED,5000,True,False,True,0.0004022499779239297,0.08,0.18209213411654696,True,True,True,False
7763bb28b5742159b897,adaptive,adaptive_allocation,3145,3958868738,16,5000,0.08,0.05,rbf,median,anytime,bonferroni,1,10,False,UNRESOLVED,5000,True,False,True,0.0003995409933850169,0.08,0.18209213411654696,True,True,True,False
89a8a34aad7e1f20ded9,adaptive,adaptive_allocation,3146,1359136053,16,5000,0.08,0.05,rbf,median,anytime,bonferroni,1,10,False,UNRESOLVED,5000,True,False,True,0.0004047919646836817,0.08,0.18209213411654696,True,True,True,False
a2a3a8e4fd382c616db0,adaptive,adaptive_allocation,3147,2514763885,16,5000,0.08,0.05,rbf,median,anytime,bonferroni,1,10,False,UNRESOLVED,5000,True,False,True,0.0004020839696750045,0.08,0.18209213411654696,True,True,True,False
8eefffc04fda3fe3e517,adaptive,adaptive_allocation,3148,2943264344,16,5000,0.08,0.05,rbf,median,anytime,bonferroni,1,10,False,UNRESOLVED,5000,True,False,True,0.00040137500036507845,0.08,0.18209213411654696,True,True,True,False
61505d51f9210cc235c1,adaptive,adaptive_allocation,3149,1501302823,16,5000,0.08,0.05,rbf,median,anytime,bonferroni,1,10,False,UNRESOLVED,5000,True,False,True,0.0004165419959463179,0.08,0.18209213411654696,True,True,True,False
7fa9293dffa6979cc6df,adaptive,adaptive_allocation,3150,3869916630,16,5000,0.08,0.05,rbf,median,anytime,bonferroni,1,10,False,UNRESOLVED,5000,True,False,True,0.00040249997982755303,0.08,0.18209213411654696,True,True,True,False
7925afd04473f4ffa0e2,adaptive,adaptive_allocation,3151,3748200060,16,5000,0.08,0.05,rbf,median,anytime,bonferroni,1,10,False,UNRESOLVED,5000,True,False,True,0.00040087499655783176,0.08,0.18209213411654696,True,True,True,False
0aa15a71d759185dcbd4,adaptive,adaptive_allocation,3152,2116138736,16,5000,0.08,0.05,rbf,median,anytime,bonferroni,1,10,False,UNRESOLVED,5000,True,False,True,0.0004017909523099661,0.08,0.18209213411654696,True,True,True,False
c6848d3995ff6a6b728d,adaptive,adaptive_allocation,3153,980126552,16,5000,0.08,0.05,rbf,median,anytime,bonferroni,1,10,False,UNRESOLVED,5000,True,False,True,0.0004016669699922204,0.08,0.18209213411654696,True,True,True,False
0ab95fdbec7c45cc5e6a,adaptive,adaptive_allocation,3154,2712571250,16,5000,0.08,0.05,rbf,median,anytime,bonferroni,1,10,False,UNRESOLVED,5000,True,False,True,0.00040499999886378646,0.08,0.18209213411654696,True,True,True,False
0f1b04f6c5106e5ee965,adaptive,adaptive_allocation,3155,1598838395,16,5000,0.08,0.05,rbf,median,anytime,bonferroni,1,10,False,UNRESOLVED,5000,True,False,True,0.00040033302502706647,0.08,0.18209213411654696,True,True,True,False
e064096f50915758ba1a,adaptive,adaptive_allocation,3156,3434923599,16,5000,0.08,0.05,rbf,median,anytime,bonferroni,1,10,False,UNRESOLVED,5000,True,False,True,0.0004034160519950092,0.08,0.18209213411654696,True,True,True,False
3663e69cda89b35bae76,adaptive,adaptive_allocation,3157,2898400896,16,5000,0.08,0.05,rbf,median,anytime,bonferroni,1,10,False,UNRESOLVED,5000,True,False,True,0.0004003749927505851,0.08,0.18209213411654696,True,True,True,False
8e15ce6d00942960867f,adaptive,adaptive_allocation,3158,2028880710,16,5000,0.08,0.05,rbf,median,anytime,bonferroni,1,10,False,UNRESOLVED,5000,True,False,True,0.00040424999315291643,0.08,0.18209213411654696,True,True,True,False
c02b5521bd8a5e250694,adaptive,adaptive_allocation,3159,2005805896,16,5000,0.08,0.05,rbf,median,anytime,bonferroni,1,10,False,UNRESOLVED,5000,True,False,True,0.0004018329782411456,0.08,0.18209213411654696,True,True,True,False
f527b8115855cc917aea,adaptive,adaptive_allocation,3160,3301465147,16,5000,0.08,0.05,rbf,median,anytime,bonferroni,1,10,False,UNRESOLVED,5000,True,False,True,0.0004016670281998813,0.08,0.18209213411654696,True,True,True,False
717c1c8be2064585d275,adaptive,adaptive_allocation,3161,1972281117,16,5000,0.08,0.05,rbf,median,anytime,bonferroni,1,10,False,UNRESOLVED,5000,True,False,True,0.0004009589902125299,0.08,0.18209213411654696,True,True,True,False
fa803e90f8fc32c78e77,adaptive,adaptive_allocation,3162,2462830860,16,5000,0.08,0.05,rbf,median,anytime,bonferroni,1,10,False,UNRESOLVED,5000,True,False,True,0.0004034999874420464,0.08,0.18209213411654696,True,True,True,False
41a6b0a40d23cfa3ed64,adaptive,adaptive_allocation,3163,1136124757,16,5000,0.08,0.05,rbf,median,anytime,bonferroni,1,10,False,UNRESOLVED,5000,True,False,True,0.00040258298395201564,0.08,0.18209213411654696,True,True,True,False
c5cea4ba3902b503a578,adaptive,adaptive_allocation,3164,3857222479,16,5000,0.08,0.05,rbf,median,anytime,bonferroni,1,10,False,UNRESOLVED,5000,True,False,True,0.000400334014557302,0.08,0.18209213411654696,True,True,True,False
01d9f116a0e9747bb8ad,adaptive,adaptive_allocation,3165,736057893,16,5000,0.08,0.05,rbf,median,anytime,bonferroni,1,10,False,UNRESOLVED,5000,True,False,True,0.000400707998778671,0.08,0.18209213411654696,True,True,True,False
6e8928d31c1593ace24d,adaptive,adaptive_allocation,3166,474422084,16,5000,0.08,0.05,rbf,median,anytime,bonferroni,1,10,False,UNRESOLVED,5000,True,False,True,0.0004051669966429472,0.08,0.18209213411654696,True,True,True,False
8cff317c127d5e7f46be,adaptive,adaptive_allocation,3167,334242274,16,5000,0.08,0.05,rbf,median,anytime,bonferroni,1,10,False,UNRESOLVED,5000,True,False,True,0.0004002919886261225,0.08,0.18209213411654696,True,True,True,False
dec00435f015520facb4,adaptive,adaptive_allocation,3168,2846431142,16,5000,0.08,0.05,rbf,median,anytime,bonferroni,1,10,False,UNRESOLVED,5000,True,False,True,0.0004003749927505851,0.08,0.18209213411654696,True,True,True,False
0bc4d9cfa3e80a18e452,adaptive,adaptive_allocation,3169,1869962698,16,5000,0.08,0.05,rbf,median,anytime,bonferroni,1,10,False,UNRESOLVED,5000,True,False,True,0.00040145800448954105,0.08,0.18209213411654696,True,True,True,False
de8335225f6675eab767,adaptive,adaptive_allocation,3170,3811652876,16,5000,0.08,0.05,rbf,median,anytime,bonferroni,1,10,False,UNRESOLVED,5000,True,False,True,0.0004044999950565398,0.08,0.18209213411654696,True,True,True,False
9be56309f8097f6f9bbf,adaptive,adaptive_allocation,3171,1831619085,16,5000,0.08,0.05,rbf,median,anytime,bonferroni,1,10,False,UNRESOLVED,5000,True,False,True,0.00040012499084696174,0.08,0.18209213411654696,True,True,True,False
4fc0900cff8b02f80309,adaptive,adaptive_allocation,3172,1498748006,16,5000,0.08,0.05,rbf,median,anytime,bonferroni,1,10,False,UNRESOLVED,5000,True,False,True,0.0003998749889433384,0.08,0.18209213411654696,True,True,True,False
a5cc54460a97fe3e551f,adaptive,adaptive_allocation,3173,957998337,16,5000,0.08,0.05,rbf,median,anytime,bonferroni,1,10,False,UNRESOLVED,5000,True,False,True,0.00040250003803521395,0.08,0.18209213411654696,True,True,True,False
0fac2bd3cc4d01a4d6c5,adaptive,adaptive_allocation,3174,534201814,16,5000,0.08,0.05,rbf,median,anytime,bonferroni,1,10,False,UNRESOLVED,5000,True,False,True,0.00035687501076608896,0.08,0.18209213411654696,True,True,True,False
25828c5846201179cd53,adaptive,adaptive_allocation,3175,4088670996,16,5000,0.08,0.05,rbf,median,anytime,bonferroni,1,10,False,UNRESOLVED,5000,True,False,True,0.000344583997502923,0.08,0.18209213411654696,True,True,True,False
e7c9cc94392598aa4c73,adaptive,adaptive_allocation,3176,2332601655,16,5000,0.08,0.05,rbf,median,anytime,bonferroni,1,10,False,UNRESOLVED,5000,True,False,True,0.0003447079798206687,0.08,0.18209213411654696,True,True,True,False
90faa3941e3ae482570e,adaptive,adaptive_allocation,3177,2980154652,16,5000,0.08,0.05,rbf,median,anytime,bonferroni,1,10,False,UNRESOLVED,5000,True,False,True,0.00045833404874429107,0.08,0.18209213411654696,True,True,True,False
284777f4e000d9582938,adaptive,adaptive_allocation,3178,3161193755,16,5000,0.08,0.05,rbf,median,anytime,bonferroni,1,10,False,UNRESOLVED,5000,True,False,True,0.0005385419935919344,0.08,0.18209213411654696,True,True,True,False
4457c3d62905dd702a88,adaptive,adaptive_allocation,3179,1318524247,16,5000,0.08,0.05,rbf,median,anytime,bonferroni,1,10,False,UNRESOLVED,5000,True,False,True,0.0004887080285698175,0.08,0.18209213411654696,True,True,True,False
a3835af5917d75b51ee5,adaptive,adaptive_allocation,3180,1600937057,16,5000,0.08,0.05,rbf,median,anytime,bonferroni,1,10,False,UNRESOLVED,5000,True,False,True,0.0005026250146329403,0.08,0.18209213411654696,True,True,True,False
ec9635f4ecb0f6174802,adaptive,adaptive_allocation,3181,1735142476,16,5000,0.08,0.05,rbf,median,anytime,bonferroni,1,10,False,UNRESOLVED,5000,True,False,True,0.000511125021148473,0.08,0.18209213411654696,True,True,True,False
d38b2f17f7ee1aa75f41,adaptive,adaptive_allocation,3182,2096441115,16,5000,0.08,0.05,rbf,median,anytime,bonferroni,1,10,False,UNRESOLVED,5000,True,False,True,0.0005064579891040921,0.08,0.18209213411654696,True,True,True,False
a67529ca5ad34960726b,adaptive,adaptive_allocation,3183,1513441816,16,5000,0.08,0.05,rbf,median,anytime,bonferroni,1,10,False,UNRESOLVED,5000,True,False,True,0.0004966669948771596,0.08,0.18209213411654696,True,True,True,False
ac12b87355117179a8b3,adaptive,adaptive_allocation,3184,3272970728,16,5000,0.08,0.05,rbf,median,anytime,bonferroni,1,10,False,UNRESOLVED,5000,True,False,True,0.00047691597137600183,0.08,0.18209213411654696,True,True,True,False
93d9299be7fe3a7cb67b,adaptive,adaptive_allocation,3185,848789606,16,5000,0.08,0.05,rbf,median,anytime,bonferroni,1,10,False,UNRESOLVED,5000,True,False,True,0.0004765829653479159,0.08,0.18209213411654696,True,True,True,False
e5917b8c380d16ab0cb2,adaptive,adaptive_allocation,3186,1227168319,16,5000,0.08,0.05,rbf,median,anytime,bonferroni,1,10,False,UNRESOLVED,5000,True,False,True,0.0004714160459116101,0.08,0.18209213411654696,True,True,True,False
2a926adf86cf2c7d5cb5,adaptive,adaptive_allocation,3187,3807060741,16,5000,0.08,0.05,rbf,median,anytime,bonferroni,1,10,False,UNRESOLVED,5000,True,False,True,0.0004742500022985041,0.08,0.18209213411654696,True,True,True,False
85badd1d6194cba668e8,adaptive,adaptive_allocation,3188,2618345922,16,5000,0.08,0.05,rbf,median,anytime,bonferroni,1,10,False,UNRESOLVED,5000,True,False,True,0.0004753749817609787,0.08,0.18209213411654696,True,True,True,False
ba68a3656405b5bda36e,adaptive,adaptive_allocation,3189,3384456222,16,5000,0.08,0.05,rbf,median,anytime,bonferroni,1,10,False,UNRESOLVED,5000,True,False,True,0.0004701659781858325,0.08,0.18209213411654696,True,True,True,False
a4c84105e743d835d380,adaptive,adaptive_allocation,3190,464978334,16,5000,0.08,0.05,rbf,median,anytime,bonferroni,1,10,False,UNRESOLVED,5000,True,False,True,0.00047008402179926634,0.08,0.18209213411654696,True,True,True,False
8f721d71758374911b92,adaptive,adaptive_allocation,3191,260597210,16,5000,0.08,0.05,rbf,median,anytime,bonferroni,1,10,False,UNRESOLVED,5000,True,False,True,0.0004718749551102519,0.08,0.18209213411654696,True,True,True,False
a9db2884a434dfd0885d,adaptive,adaptive_allocation,3192,3322217615,16,5000,0.08,0.05,rbf,median,anytime,bonferroni,1,10,False,UNRESOLVED,5000,True,False,True,0.00047666701721027493,0.08,0.18209213411654696,True,True,True,False
13cd8c5583b1af415f7f,adaptive,adaptive_allocation,3193,462584712,16,5000,0.08,0.05,rbf,median,anytime,bonferroni,1,10,False,UNRESOLVED,5000,True,False,True,0.0004729999927803874,0.08,0.18209213411654696,True,True,True,False
f94b9a55915a23ee165c,adaptive,adaptive_allocation,3194,3469405085,16,5000,0.08,0.05,rbf,median,anytime,bonferroni,1,10,False,UNRESOLVED,5000,True,False,True,0.0004707910120487213,0.08,0.18209213411654696,True,True,True,False
1fc4422a7f5dc3c93396,adaptive,adaptive_allocation,3195,356474448,16,5000,0.08,0.05,rbf,median,anytime,bonferroni,1,10,False,UNRESOLVED,5000,True,False,True,0.0004945829859934747,0.08,0.18209213411654696,True,True,True,False
447bad542cf31b52a918,adaptive,adaptive_allocation,3196,1101445682,16,5000,0.08,0.05,rbf,median,anytime,bonferroni,1,10,False,UNRESOLVED,5000,True,False,True,0.00046145799569785595,0.08,0.18209213411654696,True,True,True,False
0294045fc1f16ba370d6,adaptive,adaptive_allocation,3197,3989419185,16,5000,0.08,0.05,rbf,median,anytime,bonferroni,1,10,False,UNRESOLVED,5000,True,False,True,0.0003660829970613122,0.08,0.18209213411654696,True,True,True,False
2574b044a4e127e103fe,adaptive,adaptive_allocation,3198,2397152149,16,5000,0.08,0.05,rbf,median,anytime,bonferroni,1,10,False,UNRESOLVED,5000,True,False,True,0.000403541955165565,0.08,0.18209213411654696,True,True,True,False
fb4599357151dd1335bc,adaptive,adaptive_allocation,3199,1762189414,16,5000,0.08,0.05,rbf,median,anytime,bonferroni,1,10,False,UNRESOLVED,5000,True,False,True,0.0004082089872099459,0.08,0.18209213411654696,True,True,True,False
41779db826d9143cc30d,adaptive,adaptive_allocation,3200,793004854,16,5000,0.08,0.05,rbf,median,anytime,bonferroni,1,10,False,UNRESOLVED,5000,True,False,True,0.00040308397728949785,0.08,0.18209213411654696,True,True,True,False
cfd8b31d415c741e46c1,adaptive,adaptive_allocation,3201,2227165840,16,5000,0.08,0.05,rbf,median,anytime,bonferroni,1,10,False,UNRESOLVED,5000,True,False,True,0.00040429201908409595,0.08,0.18209213411654696,True,True,True,False
a242d28d6d33231b612d,adaptive,adaptive_allocation,3202,2931938110,16,5000,0.08,0.05,rbf,median,anytime,bonferroni,1,10,False,UNRESOLVED,5000,True,False,True,0.0004002919886261225,0.08,0.18209213411654696,True,True,True,False
a982f335a36ad3825a95,adaptive,adaptive_allocation,3203,2473649184,16,5000,0.08,0.05,rbf,median,anytime,bonferroni,1,10,False,UNRESOLVED,5000,True,False,True,0.000405042024794966,0.08,0.18209213411654696,True,True,True,False
0dc3540ad24c4b45df39,adaptive,adaptive_allocation,3204,3811319163,16,5000,0.08,0.05,rbf,median,anytime,bonferroni,1,10,False,UNRESOLVED,5000,True,False,True,0.0003994579892605543,0.08,0.18209213411654696,True,True,True,False
b69b68ae614d6e0234c0,adaptive,adaptive_allocation,3205,855394088,16,5000,0.08,0.05,rbf,median,anytime,bonferroni,1,10,False,UNRESOLVED,5000,True,False,True,0.00040041597094386816,0.08,0.18209213411654696,True,True,True,False
47081ffb7ff61677d461,adaptive,adaptive_allocation,3206,3565993956,16,5000,0.08,0.05,rbf,median,anytime,bonferroni,1,10,False,UNRESOLVED,5000,True,False,True,0.00040020805317908525,0.08,0.18209213411654696,True,True,True,False
5063bab89111bc861ee6,adaptive,adaptive_allocation,3207,3142970058,16,5000,0.08,0.05,rbf,median,anytime,bonferroni,1,10,False,UNRESOLVED,5000,True,False,True,0.0004039999912492931,0.08,0.18209213411654696,True,True,True,False
ee887faed9066d86f3e7,adaptive,adaptive_allocation,3208,1529532529,16,5000,0.08,0.05,rbf,median,anytime,bonferroni,1,10,False,UNRESOLVED,5000,True,False,True,0.0003997919848188758,0.08,0.18209213411654696,True,True,True,False
957fca5b3cbc2112a81d,adaptive,adaptive_allocation,3209,1468093855,16,5000,0.08,0.05,rbf,median,anytime,bonferroni,1,10,False,UNRESOLVED,5000,True,False,True,0.0003994579892605543,0.08,0.18209213411654696,True,True,True,False
f017c02d672766b1f7e8,adaptive,adaptive_allocation,3210,3491539975,16,5000,0.08,0.05,rbf,median,anytime,bonferroni,1,10,False,UNRESOLVED,5000,True,False,True,0.0003986670053564012,0.08,0.18209213411654696,True,True,True,False
f08e34b3835a6a4c8956,adaptive,adaptive_allocation,3211,3517134592,16,5000,0.08,0.05,rbf,median,anytime,bonferroni,1,10,False,UNRESOLVED,5000,True,False,True,0.0004011249984614551,0.08,0.18209213411654696,True,True,True,False
b208d0504b4f0838b5b7,adaptive,adaptive_allocation,3212,1875227954,16,5000,0.08,0.05,rbf,median,anytime,bonferroni,1,10,False,UNRESOLVED,5000,True,False,True,0.00039891700726002455,0.08,0.18209213411654696,True,True,True,False
3187e59da86e083378de,adaptive,adaptive_allocation,3213,2588910340,16,5000,0.08,0.05,rbf,median,anytime,bonferroni,1,10,False,UNRESOLVED,5000,True,False,True,0.0003987500094808638,0.08,0.18209213411654696,True,True,True,False
bfe6f41ea28c99c9e6df,adaptive,adaptive_allocation,3214,2450689038,16,5000,0.08,0.05,rbf,median,anytime,bonferroni,1,10,False,UNRESOLVED,5000,True,False,True,0.00039820896927267313,0.08,0.18209213411654696,True,True,True,False
1b992695ba8846d81bd5,adaptive,adaptive_allocation,3215,2098852018,16,5000,0.08,0.05,rbf,median,anytime,bonferroni,1,10,False,UNRESOLVED,5000,True,False,True,0.00040095800068229437,0.08,0.18209213411654696,True,True,True,False
e1293ead542a2441a1db,adaptive,adaptive_allocation,3216,1447873565,16,5000,0.08,0.05,rbf,median,anytime,bonferroni,1,10,False,UNRESOLVED,5000,True,False,True,0.000398874981328845,0.08,0.18209213411654696,True,True,True,False
133544f2bf71e17b30dd,adaptive,adaptive_allocation,3217,1075560910,16,5000,0.08,0.05,rbf,median,anytime,bonferroni,1,10,False,UNRESOLVED,5000,True,False,True,0.0003964579664170742,0.08,0.18209213411654696,True,True,True,False
53cf7aec293f34720e4d,adaptive,adaptive_allocation,3218,1081726437,16,5000,0.08,0.05,rbf,median,anytime,bonferroni,1,10,False,UNRESOLVED,5000,True,False,True,0.0004000830231234431,0.08,0.18209213411654696,True,True,True,False
0b69134a0f891eb15a33,adaptive,adaptive_allocation,3219,4033980918,16,5000,0.08,0.05,rbf,median,anytime,bonferroni,1,10,False,UNRESOLVED,5000,True,False,True,0.0004030409618280828,0.08,0.18209213411654696,True,True,True,False
5454f121e1b484d11059,adaptive,adaptive_allocation,3220,4104703969,16,5000,0.08,0.05,rbf,median,anytime,bonferroni,1,10,False,UNRESOLVED,5000,True,False,True,0.0004035000456497073,0.08,0.18209213411654696,True,True,True,False
8238a00fafedb5b43d89,adaptive,adaptive_allocation,3221,2721122911,16,5000,0.08,0.05,rbf,median,anytime,bonferroni,1,10,False,UNRESOLVED,5000,True,False,True,0.0004006660310551524,0.08,0.18209213411654696,True,True,True,False
83e3d671f7a2875bff16,adaptive,adaptive_allocation,3222,2936931657,16,5000,0.08,0.05,rbf,median,anytime,bonferroni,1,10,False,UNRESOLVED,5000,True,False,True,0.0003985840012319386,0.08,0.18209213411654696,True,True,True,False
f4f043da42373635bb5b,adaptive,adaptive_allocation,3223,3832280669,16,5000,0.08,0.05,rbf,median,anytime,bonferroni,1,10,False,UNRESOLVED,5000,True,False,True,0.00040216598426923156,0.08,0.18209213411654696,True,True,True,False
d2cd69826733e7de5b43,adaptive,adaptive_allocation,3224,716142110,16,5000,0.08,0.05,rbf,median,anytime,bonferroni,1,10,False,UNRESOLVED,5000,True,False,True,0.00039887503953650594,0.08,0.18209213411654696,True,True,True,False
057988283345b8bda175,adaptive,adaptive_allocation,3225,2536496404,16,5000,0.08,0.05,rbf,median,anytime,bonferroni,1,10,False,UNRESOLVED,5000,True,False,True,0.00039900001138448715,0.08,0.18209213411654696,True,True,True,False
02d6982f316ac4bec6c5,adaptive,adaptive_allocation,3226,1654527962,16,5000,0.08,0.05,rbf,median,anytime,bonferroni,1,10,False,UNRESOLVED,5000,True,False,True,0.0004000409971922636,0.08,0.18209213411654696,True,True,True,False
1bd9bd6fb2482349afc8,adaptive,adaptive_allocation,3227,965637289,16,5000,0.08,0.05,rbf,median,anytime,bonferroni,1,10,False,UNRESOLVED,5000,True,False,True,0.0004041659994982183,0.08,0.18209213411654696,True,True,True,False
99926af5fecfbc768bbe,adaptive,adaptive_allocation,3228,3390686887,16,5000,0.08,0.05,rbf,median,anytime,bonferroni,1,10,False,UNRESOLVED,5000,True,False,True,0.00040012499084696174,0.08,0.18209213411654696,True,True,True,False
ddff27a02efcc1bb8186,adaptive,adaptive_allocation,3229,4077268586,16,5000,0.08,0.05,rbf,median,anytime,bonferroni,1,10,False,UNRESOLVED,5000,True,False,True,0.00039958301931619644,0.08,0.18209213411654696,True,True,True,False
f723bcdce6491fcba5f6,adaptive,adaptive_allocation,3230,1464343237,16,5000,0.08,0.05,rbf,median,anytime,bonferroni,1,10,False,UNRESOLVED,5000,True,False,True,0.00039941701106727123,0.08,0.18209213411654696,True,True,True,False
94098e18e4227a8479a6,adaptive,adaptive_allocation,3231,4115742376,16,5000,0.08,0.05,rbf,median,anytime,bonferroni,1,10,False,UNRESOLVED,5000,True,False,True,0.0004030829877592623,0.08,0.18209213411654696,True,True,True,False
6ff9f44189b4bc5a47fd,adaptive,adaptive_allocation,3232,2158807278,16,5000,0.08,0.05,rbf,median,anytime,bonferroni,1,10,False,UNRESOLVED,5000,True,False,True,0.0003998330212198198,0.08,0.18209213411654696,True,True,True,False
a7ed8a95818977c90e77,adaptive,adaptive_allocation,3233,2557086588,16,5000,0.08,0.05,rbf,median,anytime,bonferroni,1,10,False,UNRESOLVED,5000,True,False,True,0.00039904197910800576,0.08,0.18209213411654696,True,True,True,False
4017445010c9f022354f,adaptive,adaptive_allocation,3234,1070926081,16,5000,0.08,0.05,rbf,median,anytime,bonferroni,1,10,False,UNRESOLVED,5000,True,False,True,0.00040070904651656747,0.08,0.18209213411654696,True,True,True,False
ee8e3b5b9e3994b3dc6f,adaptive,adaptive_allocation,3235,3097534932,16,5000,0.08,0.05,rbf,median,anytime,bonferroni,1,10,False,UNRESOLVED,5000,True,False,True,0.0004027920076623559,0.08,0.18209213411654696,True,True,True,False
b29bbd176a2a748bba34,adaptive,adaptive_allocation,3236,246489462,16,5000,0.08,0.05,rbf,median,anytime,bonferroni,1,10,False,UNRESOLVED,5000,True,False,True,0.0003986670053564012,0.08,0.18209213411654696,True,True,True,False
2f794e73a21f884ab5ac,adaptive,adaptive_allocation,3237,1938400187,16,5000,0.08,0.05,rbf,median,anytime,bonferroni,1,10,False,UNRESOLVED,5000,True,False,True,0.0004004999645985663,0.08,0.18209213411654696,True,True,True,False
9083fbf7eccf01fe7b15,adaptive,adaptive_allocation,3238,3906818789,16,5000,0.08,0.05,rbf,median,anytime,bonferroni,1,10,False,UNRESOLVED,5000,True,False,True,0.0003993330174125731,0.08,0.18209213411654696,True,True,True,False
df0825791e3cbbf14efc,adaptive,adaptive_allocation,3239,1353942708,16,5000,0.08,0.05,rbf,median,anytime,bonferroni,1,10,False,UNRESOLVED,5000,True,False,True,0.0004022910143248737,0.08,0.18209213411654696,True,True,True,False
2025c866601c26baa15b,adaptive,adaptive_allocation,3240,1513171724,16,5000,0.08,0.05,rbf,median,anytime,bonferroni,1,10,False,UNRESOLVED,5000,True,False,True,0.0003997500170953572,0.08,0.18209213411654696,True,True,True,False
bb886912a11bd0540524,adaptive,adaptive_allocation,3241,1854165720,16,5000,0.08,0.05,rbf,median,anytime,bonferroni,1,10,False,UNRESOLVED,5000,True,False,True,0.00039849994936957955,0.08,0.18209213411654696,True,True,True,False
729cd9aaabe13f038ea1,adaptive,adaptive_allocation,3242,3724963436,16,5000,0.08,0.05,rbf,median,anytime,bonferroni,1,10,False,UNRESOLVED,5000,True,False,True,0.00039883394492790103,0.08,0.18209213411654696,True,True,True,False
7fc0bf1b85b74a7aafc0,adaptive,adaptive_allocation,3243,3821770661,16,5000,0.08,0.05,rbf,median,anytime,bonferroni,1,10,False,UNRESOLVED,5000,True,False,True,0.0004042080254293978,0.08,0.18209213411654696,True,True,True,False
988ef1248e56d661e3a3,adaptive,adaptive_allocation,3244,2768075964,16,5000,0.08,0.05,rbf,median,anytime,bonferroni,1,10,False,UNRESOLVED,5000,True,False,True,0.0003986670053564012,0.08,0.18209213411654696,True,True,True,False
da2f3dce58a584690c26,adaptive,adaptive_allocation,3245,1695455183,16,5000,0.08,0.05,rbf,median,anytime,bonferroni,1,10,False,UNRESOLVED,5000,True,False,True,0.00040074996650218964,0.08,0.18209213411654696,True,True,True,False
ae5587a863b6a9f34411,adaptive,adaptive_allocation,3246,902690133,16,5000,0.08,0.05,rbf,median,anytime,bonferroni,1,10,False,UNRESOLVED,5000,True,False,True,0.00040083297062665224,0.08,0.18209213411654696,True,True,True,False
3e2adf3a421ed70e27ef,adaptive,adaptive_allocation,3247,1840795621,16,5000,0.08,0.05,rbf,median,anytime,bonferroni,1,10,False,UNRESOLVED,5000,True,False,True,0.0004051669966429472,0.08,0.18209213411654696,True,True,True,False
453ea18bc24d69988fe4,adaptive,adaptive_allocation,3248,178614799,16,5000,0.08,0.05,rbf,median,anytime,bonferroni,1,10,False,UNRESOLVED,5000,True,False,True,0.00039904197910800576,0.08,0.18209213411654696,True,True,True,False
d14db9b081798a5d3953,adaptive,adaptive_allocation,3249,3122573092,16,5000,0.08,0.05,rbf,median,anytime,bonferroni,1,10,False,UNRESOLVED,5000,True,False,True,0.00039900001138448715,0.08,0.18209213411654696,True,True,True,False
0958191131dbc35a1059,adaptive,adaptive_allocation,3250,3847551587,16,5000,0.08,0.05,rbf,median,anytime,bonferroni,1,10,False,UNRESOLVED,5000,True,False,True,0.00039845798164606094,0.08,0.18209213411654696,True,True,True,False
cf3c83eb3131e9a61263,adaptive,adaptive_allocation,3251,3614675044,16,5000,0.08,0.05,rbf,median,anytime,bonferroni,1,10,False,UNRESOLVED,5000,True,False,True,0.0004028749535791576,0.08,0.18209213411654696,True,True,True,False
5b192b48ad46faedc07e,adaptive,adaptive_allocation,3252,1236464338,16,5000,0.08,0.05,rbf,median,anytime,bonferroni,1,10,False,UNRESOLVED,5000,True,False,True,0.00039883400313556194,0.08,0.18209213411654696,True,True,True,False
00947f5dbc5ea811c3ac,adaptive,adaptive_allocation,3253,4277996822,16,5000,0.08,0.05,rbf,median,anytime,bonferroni,1,10,False,UNRESOLVED,5000,True,False,True,0.0003975829458795488,0.08,0.18209213411654696,True,True,True,False
03c37d8b6667ec9d2476,adaptive,adaptive_allocation,3254,3643149320,16,5000,0.08,0.05,rbf,median,anytime,bonferroni,1,10,False,UNRESOLVED,5000,True,False,True,0.00034387496998533607,0.08,0.18209213411654696,True,True,True,False
bac3353d5459feb57102,adaptive,adaptive_allocation,3255,3262733506,16,5000,0.08,0.05,rbf,median,anytime,bonferroni,1,10,False,UNRESOLVED,5000,True,False,True,0.00034666695864871144,0.08,0.18209213411654696,True,True,True,False
adbbb2ab449be76018d9,adaptive,adaptive_allocation,3256,3493259949,16,5000,0.08,0.05,rbf,median,anytime,bonferroni,1,10,False,UNRESOLVED,5000,True,False,True,0.0003435409744270146,0.08,0.18209213411654696,True,True,True,False
396df6c4370719f6fe41,adaptive,adaptive_allocation,3257,727899324,16,5000,0.08,0.05,rbf,median,anytime,bonferroni,1,10,False,UNRESOLVED,5000,True,False,True,0.00034370797220617533,0.08,0.18209213411654696,True,True,True,False
561c6feed14e282831c6,adaptive,adaptive_allocation,3258,3212819585,16,5000,0.08,0.05,rbf,median,anytime,bonferroni,1,10,False,UNRESOLVED,5000,True,False,True,0.00034500000765547156,0.08,0.18209213411654696,True,True,True,False
94ccc2aea9259445b42b,adaptive,adaptive_allocation,3259,2095563101,16,5000,0.08,0.05,rbf,median,anytime,bonferroni,1,10,False,UNRESOLVED,5000,True,False,True,0.00034720898838713765,0.08,0.18209213411654696,True,True,True,False
cb840d3694135fa01636,adaptive,adaptive_allocation,3260,1624139061,16,5000,0.08,0.05,rbf,median,anytime,bonferroni,1,10,False,UNRESOLVED,5000,True,False,True,0.00034541700733825564,0.08,0.18209213411654696,True,True,True,False
d79c58093f2f76e58176,adaptive,adaptive_allocation,3261,1113662876,16,5000,0.08,0.05,rbf,median,anytime,bonferroni,1,10,False,UNRESOLVED,5000,True,False,True,0.0003446660120971501,0.08,0.18209213411654696,True,True,True,False
df5d0e09299ba266fc5d,adaptive,adaptive_allocation,3262,1190710121,16,5000,0.08,0.05,rbf,median,anytime,bonferroni,1,10,False,UNRESOLVED,5000,True,False,True,0.00034199998481199145,0.08,0.18209213411654696,True,True,True,False
e06451c8c24887d00562,adaptive,adaptive_allocation,3263,2478280324,16,5000,0.08,0.05,rbf,median,anytime,bonferroni,1,10,False,UNRESOLVED,5000,True,False,True,0.0003485840279608965,0.08,0.18209213411654696,True,True,True,False
ba74d965041ed64cd8f1,adaptive,adaptive_allocation,3264,765838217,16,5000,0.08,0.05,rbf,median,anytime,bonferroni,1,10,False,UNRESOLVED,5000,True,False,True,0.00034545897506177425,0.08,0.18209213411654696,True,True,True,False
c81eb7bfe88bf263bb71,adaptive,adaptive_allocation,3265,2438172752,16,5000,0.08,0.05,rbf,median,anytime,bonferroni,1,10,False,UNRESOLVED,5000,True,False,True,0.00034433300606906414,0.08,0.18209213411654696,True,True,True,False
8c6fc759a68f55876b05,adaptive,adaptive_allocation,3266,919361575,16,5000,0.08,0.05,rbf,median,anytime,bonferroni,1,10,False,UNRESOLVED,5000,True,False,True,0.00034433300606906414,0.08,0.18209213411654696,True,True,True,False
687fbda689b6bad3c278,adaptive,adaptive_allocation,3267,2924067469,16,5000,0.08,0.05,rbf,median,anytime,bonferroni,1,10,False,UNRESOLVED,5000,True,False,True,0.00034854200202971697,0.08,0.18209213411654696,True,True,True,False
9771abd9658e6a242923,adaptive,adaptive_allocation,3268,1996313506,16,5000,0.08,0.05,rbf,median,anytime,bonferroni,1,10,False,UNRESOLVED,5000,True,False,True,0.00034666701685637236,0.08,0.18209213411654696,True,True,True,False
1d75a2a59e18d4e6cb99,adaptive,adaptive_allocation,3269,2061750280,16,5000,0.08,0.05,rbf,median,anytime,bonferroni,1,10,False,UNRESOLVED,5000,True,False,True,0.00034683296689763665,0.08,0.18209213411654696,True,True,True,False
222f6e0e0e058ad1b9de,adaptive,adaptive_allocation,3270,3017995021,16,5000,0.08,0.05,rbf,median,anytime,bonferroni,1,10,False,UNRESOLVED,5000,True,False,True,0.0003439580323174596,0.08,0.18209213411654696,True,True,True,False
eace78eba71e05e431ad,adaptive,adaptive_allocation,3271,2685615602,16,5000,0.08,0.05,rbf,median,anytime,bonferroni,1,10,False,UNRESOLVED,5000,True,False,True,0.00034616596531122923,0.08,0.18209213411654696,True,True,True,False
038525b37fc85592fa44,adaptive,adaptive_allocation,3272,2410257834,16,5000,0.08,0.05,rbf,median,anytime,bonferroni,1,10,False,UNRESOLVED,5000,True,False,True,0.0003446670016273856,0.08,0.18209213411654696,True,True,True,False
c54b4d9c501afb80cda6,adaptive,adaptive_allocation,3273,2303331548,16,5000,0.08,0.05,rbf,median,anytime,bonferroni,1,10,False,UNRESOLVED,5000,True,False,True,0.00034308398608118296,0.08,0.18209213411654696,True,True,True,False
6bb1d181595e92d850e8,adaptive,adaptive_allocation,3274,3510871893,16,5000,0.08,0.05,rbf,median,anytime,bonferroni,1,10,False,UNRESOLVED,5000,True,False,True,0.0003447079798206687,0.08,0.18209213411654696,True,True,True,False
92374906b3e1a3be0c6e,adaptive,adaptive_allocation,3275,3991456338,16,5000,0.08,0.05,rbf,median,anytime,bonferroni,1,10,False,UNRESOLVED,5000,True,False,True,0.00034683302510529757,0.08,0.18209213411654696,True,True,True,False
14ac9f8df5b7097a6405,adaptive,adaptive_allocation,3276,3665229672,16,5000,0.08,0.05,rbf,median,anytime,bonferroni,1,10,False,UNRESOLVED,5000,True,False,True,0.00034258398227393627,0.08,0.18209213411654696,True,True,True,False
ee899fed7b876e8288cb,adaptive,adaptive_allocation,3277,3277023287,16,5000,0.08,0.05,rbf,median,anytime,bonferroni,1,10,False,UNRESOLVED,5000,True,False,True,0.00034295901423320174,0.08,0.18209213411654696,True,True,True,False
3ab785aab69a310c2749,adaptive,adaptive_allocation,3278,3788111357,16,5000,0.08,0.05,rbf,median,anytime,bonferroni,1,10,False,UNRESOLVED,5000,True,False,True,0.000343875028192997,0.08,0.18209213411654696,True,True,True,False
c551cc7504ea92497f95,adaptive,adaptive_allocation,3279,871844352,16,5000,0.08,0.05,rbf,median,anytime,bonferroni,1,10,False,UNRESOLVED,5000,True,False,True,0.0003476249985396862,0.08,0.18209213411654696,True,True,True,False
e3cc3087f57885d36629,adaptive,adaptive_allocation,3280,1589964798,16,5000,0.08,0.05,rbf,median,anytime,bonferroni,1,10,False,UNRESOLVED,5000,True,False,True,0.00034333299845457077,0.08,0.18209213411654696,True,True,True,False
f4da3b7395107674a5bf,adaptive,adaptive_allocation,3281,3222183299,16,5000,0.08,0.05,rbf,median,anytime,bonferroni,1,10,False,UNRESOLVED,5000,True,False,True,0.00034329097252339125,0.08,0.18209213411654696,True,True,True,False
a08b14549e1cf4544d89,adaptive,adaptive_allocation,3282,2035634062,16,5000,0.08,0.05,rbf,median,anytime,bonferroni,1,10,False,UNRESOLVED,5000,True,False,True,0.0003451670054346323,0.08,0.18209213411654696,True,True,True,False
8d861a40529a2705ddbf,adaptive,adaptive_allocation,3283,2410767113,16,5000,0.08,0.05,rbf,median,anytime,bonferroni,1,10,False,UNRESOLVED,5000,True,False,True,0.0003469999646767974,0.08,0.18209213411654696,True,True,True,False
383fc4f732688b75c744,adaptive,adaptive_allocation,3284,4007260687,16,5000,0.08,0.05,rbf,median,anytime,bonferroni,1,10,False,UNRESOLVED,5000,True,False,True,0.0003458329592831433,0.08,0.18209213411654696,True,True,True,False
b18d393abc6dcf49a798,adaptive,adaptive_allocation,3285,2673022634,16,5000,0.08,0.05,rbf,median,anytime,bonferroni,1,10,False,UNRESOLVED,5000,True,False,True,0.00034416699782013893,0.08,0.18209213411654696,True,True,True,False
94adb5817f18762839cc,adaptive,adaptive_allocation,3286,872034458,16,5000,0.08,0.05,rbf,median,anytime,bonferroni,1,10,False,UNRESOLVED,5000,True,False,True,0.0003791250055655837,0.08,0.18209213411654696,True,True,True,False
a49618b9a4e0150df7ab,adaptive,adaptive_allocation,3287,2383326354,16,5000,0.08,0.05,rbf,median,anytime,bonferroni,1,10,False,UNRESOLVED,5000,True,False,True,0.0004028750117868185,0.08,0.18209213411654696,True,True,True,False
9ce8c0e2ec86523a8405,adaptive,adaptive_allocation,3288,975357717,16,5000,0.08,0.05,rbf,median,anytime,bonferroni,1,10,False,UNRESOLVED,5000,True,False,True,0.00039904197910800576,0.08,0.18209213411654696,True,True,True,False
d04ac1f9da85ebe4735c,adaptive,adaptive_allocation,3289,1535470784,16,5000,0.08,0.05,rbf,median,anytime,bonferroni,1,10,False,UNRESOLVED,5000,True,False,True,0.00040200003422796726,0.08,0.18209213411654696,True,True,True,False
1cb3f0d632ee4ece4fe3,adaptive,adaptive_allocation,3290,204101507,16,5000,0.08,0.05,rbf,median,anytime,bonferroni,1,10,False,UNRESOLVED,5000,True,False,True,0.00039900001138448715,0.08,0.18209213411654696,True,True,True,False
d0905b1899e588f7587a,adaptive,adaptive_allocation,3291,3424133327,16,5000,0.08,0.05,rbf,median,anytime,bonferroni,1,10,False,UNRESOLVED,5000,True,False,True,0.00040362501749768853,0.08,0.18209213411654696,True,True,True,False
52fbbe0607665150a8de,adaptive,adaptive_allocation,3292,1237670760,16,5000,0.08,0.05,rbf,median,anytime,bonferroni,1,10,False,UNRESOLVED,5000,True,False,True,0.00039741600630804896,0.08,0.18209213411654696,True,True,True,False
270471b121e1fc4c6f41,adaptive,adaptive_allocation,3293,1852920333,16,5000,0.08,0.05,rbf,median,anytime,bonferroni,1,10,False,UNRESOLVED,5000,True,False,True,0.0003986670053564012,0.08,0.18209213411654696,True,True,True,False
9f9f9a925da763cf64cb,adaptive,adaptive_allocation,3294,2798653627,16,5000,0.08,0.05,rbf,median,anytime,bonferroni,1,10,False,UNRESOLVED,5000,True,False,True,0.0004070830182172358,0.08,0.18209213411654696,True,True,True,False
ccefa6767e6baecd90bc,adaptive,adaptive_allocation,3295,1893530451,16,5000,0.08,0.05,rbf,median,anytime,bonferroni,1,10,False,UNRESOLVED,5000,True,False,True,0.00040604197420179844,0.08,0.18209213411654696,True,True,True,False
ae98e5f0b72d0176663f,adaptive,adaptive_allocation,3296,2228406667,16,5000,0.08,0.05,rbf,median,anytime,bonferroni,1,10,False,UNRESOLVED,5000,True,False,True,0.00039608299266546965,0.08,0.18209213411654696,True,True,True,False
62392d7b01a51d89c0d5,adaptive,adaptive_allocation,3297,962714386,16,5000,0.08,0.05,rbf,median,anytime,bonferroni,1,10,False,UNRESOLVED,5000,True,False,True,0.0004010000266134739,0.08,0.18209213411654696,True,True,True,False
1d81b279bca5c152353d,adaptive,adaptive_allocation,3298,2174456644,16,5000,0.08,0.05,rbf,median,anytime,bonferroni,1,10,False,UNRESOLVED,5000,True,False,True,0.0003986249794252217,0.08,0.18209213411654696,True,True,True,False
3f7edda3ea95c3da4e6b,adaptive,adaptive_allocation,3299,1876519459,16,5000,0.08,0.05,rbf,median,anytime,bonferroni,1,10,False,UNRESOLVED,5000,True,False,True,0.00040320900734514,0.08,0.18209213411654696,True,True,True,False
d56f42658c49abed059a,adaptive,adaptive_allocation,3300,3300036451,16,5000,0.08,0.05,rbf,median,anytime,bonferroni,1,10,False,UNRESOLVED,5000,True,False,True,0.0003997500170953572,0.08,0.18209213411654696,True,True,True,False
a74250da38ad382d3ded,adaptive,adaptive_allocation,3301,3760779863,16,5000,0.08,0.05,rbf,median,anytime,bonferroni,1,10,False,UNRESOLVED,5000,True,False,True,0.00040004198672249913,0.08,0.18209213411654696,True,True,True,False
fc2a27696a72f14f7a98,adaptive,adaptive_allocation,3302,935467698,16,5000,0.08,0.05,rbf,median,anytime,bonferroni,1,10,False,UNRESOLVED,5000,True,False,True,0.0004000830231234431,0.08,0.18209213411654696,True,True,True,False
821507349680a55fd0da,adaptive,adaptive_allocation,3303,2428793099,16,5000,0.08,0.05,rbf,median,anytime,bonferroni,1,10,False,UNRESOLVED,5000,True,False,True,0.00040324998553842306,0.08,0.18209213411654696,True,True,True,False
dd56956985e648528917,adaptive,adaptive_allocation,3304,3768893232,16,5000,0.08,0.05,rbf,median,anytime,bonferroni,1,10,False,UNRESOLVED,5000,True,False,True,0.00040083297062665224,0.08,0.18209213411654696,True,True,True,False
d2e8e2c5f4d6cab03e89,adaptive,adaptive_allocation,3305,299313276,16,5000,0.08,0.05,rbf,median,anytime,bonferroni,1,10,False,UNRESOLVED,5000,True,False,True,0.0004016669699922204,0.08,0.18209213411654696,True,True,True,False
d18effdfd23ed6a8122a,adaptive,adaptive_allocation,3306,1952853497,16,5000,0.08,0.05,rbf,median,anytime,bonferroni,1,10,False,UNRESOLVED,5000,True,False,True,0.00039733300218358636,0.08,0.18209213411654696,True,True,True,False
f4011ee94a2a0b860683,adaptive,adaptive_allocation,3307,1925979181,16,5000,0.08,0.05,rbf,median,anytime,bonferroni,1,10,False,UNRESOLVED,5000,True,False,True,0.0004044999950565398,0.08,0.18209213411654696,True,True,True,False
bb93a9baf2c76348a779,adaptive,adaptive_allocation,3308,2543729486,16,5000,0.08,0.05,rbf,median,anytime,bonferroni,1,10,False,UNRESOLVED,5000,True,False,True,0.0003991250414401293,0.08,0.18209213411654696,True,True,True,False
e2ac80bf806a034132bd,adaptive,adaptive_allocation,3309,798779485,16,5000,0.08,0.05,rbf,median,anytime,bonferroni,1,10,False,UNRESOLVED,5000,True,False,True,0.00040025002090260386,0.08,0.18209213411654696,True,True,True,False
62ad4fb9bf40b1c9f071,adaptive,adaptive_allocation,3310,3406023747,16,5000,0.08,0.05,rbf,median,anytime,bonferroni,1,10,False,UNRESOLVED,5000,True,False,True,0.000398124975617975,0.08,0.18209213411654696,True,True,True,False
e2a507d70d4ed44c491b,adaptive,adaptive_allocation,3311,2686092572,16,5000,0.08,0.05,rbf,median,anytime,bonferroni,1,10,False,UNRESOLVED,5000,True,False,True,0.00040179200004786253,0.08,0.18209213411654696,True,True,True,False
de69d08d136f676cdf17,adaptive,adaptive_allocation,3312,3963032722,16,5000,0.08,0.05,rbf,median,anytime,bonferroni,1,10,False,UNRESOLVED,5000,True,False,True,0.00040116702439263463,0.08,0.18209213411654696,True,True,True,False
fb46df2c45964104090a,adaptive,adaptive_allocation,3313,152700856,16,5000,0.08,0.05,rbf,median,anytime,bonferroni,1,10,False,UNRESOLVED,5000,True,False,True,0.00040250003803521395,0.08,0.18209213411654696,True,True,True,False
0a0c0c1906af05022a74,adaptive,adaptive_allocation,3314,2478535153,16,5000,0.08,0.05,rbf,median,anytime,bonferroni,1,10,False,UNRESOLVED,5000,True,False,True,0.00037995801540091634,0.08,0.18209213411654696,True,True,True,False
faa8f5924f004d69c3f3,adaptive,adaptive_allocation,3315,2028299595,16,5000,0.08,0.05,rbf,median,anytime,bonferroni,1,10,False,UNRESOLVED,5000,True,False,True,0.0003469999646767974,0.08,0.18209213411654696,True,True,True,False
264d9082f45c44118cb6,adaptive,adaptive_allocation,3316,908165075,16,5000,0.08,0.05,rbf,median,anytime,bonferroni,1,10,False,UNRESOLVED,5000,True,False,True,0.00034312502248212695,0.08,0.18209213411654696,True,True,True,False
33bfb10578ccb81620a5,adaptive,adaptive_allocation,3317,485305217,16,5000,0.08,0.05,rbf,median,anytime,bonferroni,1,10,False,UNRESOLVED,5000,True,False,True,0.0003446670016273856,0.08,0.18209213411654696,True,True,True,False
38cec2486a7c0a08e6f7,adaptive,adaptive_allocation,3318,904517798,16,5000,0.08,0.05,rbf,median,anytime,bonferroni,1,10,False,UNRESOLVED,5000,True,False,True,0.00034437503200024366,0.08,0.18209213411654696,True,True,True,False
e74deadaac4b4ef40ddf,adaptive,adaptive_allocation,3319,460640723,16,5000,0.08,0.05,rbf,median,anytime,bonferroni,1,10,False,UNRESOLVED,5000,True,False,True,0.00034662499092519283,0.08,0.18209213411654696,True,True,True,False
db0d643505f8ff609163,adaptive,adaptive_allocation,3320,3707226504,16,5000,0.08,0.05,rbf,median,anytime,bonferroni,1,10,False,UNRESOLVED,5000,True,False,True,0.00034654198680073023,0.08,0.18209213411654696,True,True,True,False
a031ee977213d4baa217,adaptive,adaptive_allocation,3321,2779264373,16,5000,0.08,0.05,rbf,median,anytime,bonferroni,1,10,False,UNRESOLVED,5000,True,False,True,0.00034308299655094743,0.08,0.18209213411654696,True,True,True,False
bac0b31cde21949b9e62,adaptive,adaptive_allocation,3322,2805371613,16,5000,0.08,0.05,rbf,median,anytime,bonferroni,1,10,False,UNRESOLVED,5000,True,False,True,0.00034433300606906414,0.08,0.18209213411654696,True,True,True,False
c4cedc50bf658fec4bc7,adaptive,adaptive_allocation,3323,3428461594,16,5000,0.08,0.05,rbf,median,anytime,bonferroni,1,10,False,UNRESOLVED,5000,True,False,True,0.0003504580236040056,0.08,0.18209213411654696,True,True,True,False
baeec1cf5ffb33655ee4,adaptive,adaptive_allocation,3324,2935036331,16,5000,0.08,0.05,rbf,median,anytime,bonferroni,1,10,False,UNRESOLVED,5000,True,False,True,0.0003439589636400342,0.08,0.18209213411654696,True,True,True,False
db915d9463e56acbb863,adaptive,adaptive_allocation,3325,3065326655,16,5000,0.08,0.05,rbf,median,anytime,bonferroni,1,10,False,UNRESOLVED,5000,True,False,True,0.00034720904659479856,0.08,0.18209213411654696,True,True,True,False
3fe6190a9a84bb130844,adaptive,adaptive_allocation,3326,225659972,16,5000,0.08,0.05,rbf,median,anytime,bonferroni,1,10,False,UNRESOLVED,5000,True,False,True,0.0003440410364419222,0.08,0.18209213411654696,True,True,True,False
6a41e2ba0ef2d8e5800c,adaptive,adaptive_allocation,3327,870329757,16,5000,0.08,0.05,rbf,median,anytime,bonferroni,1,10,False,UNRESOLVED,5000,True,False,True,0.00034545804373919964,0.08,0.18209213411654696,True,True,True,False
d250c72af60fa3f5c125,adaptive,adaptive_allocation,3328,1823810882,16,5000,0.08,0.05,rbf,median,anytime,bonferroni,1,10,False,UNRESOLVED,5000,True,False,True,0.000345249951351434,0.08,0.18209213411654696,True,True,True,False
0f71f12f59c1bd6b069e,adaptive,adaptive_allocation,3329,3417078877,16,5000,0.08,0.05,rbf,median,anytime,bonferroni,1,10,False,UNRESOLVED,5000,True,False,True,0.0003429580247029662,0.08,0.18209213411654696,True,True,True,False
66b4c2d4499978482279,adaptive,adaptive_allocation,3330,1651472698,16,5000,0.08,0.05,rbf,median,anytime,bonferroni,1,10,False,UNRESOLVED,5000,True,False,True,0.0003463750472292304,0.08,0.18209213411654696,True,True,True,False
8ac959c7d4e360b9ff55,adaptive,adaptive_allocation,3331,4075746686,16,5000,0.08,0.05,rbf,median,anytime,bonferroni,1,10,False,UNRESOLVED,5000,True,False,True,0.0003458749852143228,0.08,0.18209213411654696,True,True,True,False
d39009ea48aa2b4997d5,adaptive,adaptive_allocation,3332,4181305040,16,5000,0.08,0.05,rbf,median,anytime,bonferroni,1,10,False,UNRESOLVED,5000,True,False,True,0.000342792016454041,0.08,0.18209213411654696,True,True,True,False
9a3105b45f81414348a0,adaptive,adaptive_allocation,3333,2743297492,16,5000,0.08,0.05,rbf,median,anytime,bonferroni,1,10,False,UNRESOLVED,5000,True,False,True,0.00034183403477072716,0.08,0.18209213411654696,True,True,True,False
01896d409f57f780f264,adaptive,adaptive_allocation,3334,3480653409,16,5000,0.08,0.05,rbf,median,anytime,bonferroni,1,10,False,UNRESOLVED,5000,True,False,True,0.00034249998861923814,0.08,0.18209213411654696,True,True,True,False
eaf45acebb8b87efd22c,adaptive,adaptive_allocation,3335,4104472772,16,5000,0.08,0.05,rbf,median,anytime,bonferroni,1,10,False,UNRESOLVED,5000,True,False,True,0.0003452080418355763,0.08,0.18209213411654696,True,True,True,False
00a924da83af36cd5236,adaptive,adaptive_allocation,3336,2807746736,16,5000,0.08,0.05,rbf,median,anytime,bonferroni,1,10,False,UNRESOLVED,5000,True,False,True,0.00034258299274370074,0.08,0.18209213411654696,True,True,True,False
97c28155c929def3f215,adaptive,adaptive_allocation,3337,3717689046,16,5000,0.08,0.05,rbf,median,anytime,bonferroni,1,10,False,UNRESOLVED,5000,True,False,True,0.0003429159987717867,0.08,0.18209213411654696,True,True,True,False
87ac965d319bff9a1f3f,adaptive,adaptive_allocation,3338,4039737206,16,5000,0.08,0.05,rbf,median,anytime,bonferroni,1,10,False,UNRESOLVED,5000,True,False,True,0.00034329097252339125,0.08,0.18209213411654696,True,True,True,False
5ba5a5a67b9e917a7b56,adaptive,adaptive_allocation,3339,1424303041,16,5000,0.08,0.05,rbf,median,anytime,bonferroni,1,10,False,UNRESOLVED,5000,True,False,True,0.0003482499741949141,0.08,0.18209213411654696,True,True,True,False
5c445da2ad42c1d503a7,adaptive,adaptive_allocation,3340,2136873199,16,5000,0.08,0.05,rbf,median,anytime,bonferroni,1,10,False,UNRESOLVED,5000,True,False,True,0.00034724996658042073,0.08,0.18209213411654696,True,True,True,False
2f1bc60fa9768822981c,adaptive,adaptive_allocation,3341,3080396487,16,5000,0.08,0.05,rbf,median,anytime,bonferroni,1,10,False,UNRESOLVED,5000,True,False,True,0.00034741696435958147,0.08,0.18209213411654696,True,True,True,False
1535d0a3c44d80984733,adaptive,adaptive_allocation,3342,3194031388,16,5000,0.08,0.05,rbf,median,anytime,bonferroni,1,10,False,UNRESOLVED,5000,True,False,True,0.00034425000194460154,0.08,0.18209213411654696,True,True,True,False
1e62a664fe80b5e767dd,adaptive,adaptive_allocation,3343,1255646051,16,5000,0.08,0.05,rbf,median,anytime,bonferroni,1,10,False,UNRESOLVED,5000,True,False,True,0.0003476670244708657,0.08,0.18209213411654696,True,True,True,False
df538563c78dc8875c5f,adaptive,adaptive_allocation,3344,3797590418,16,5000,0.08,0.05,rbf,median,anytime,bonferroni,1,10,False,UNRESOLVED,5000,True,False,True,0.00034425000194460154,0.08,0.18209213411654696,True,True,True,False
f3e186ecb159aa7d4e0d,adaptive,adaptive_allocation,3345,4057031935,16,5000,0.08,0.05,rbf,median,anytime,bonferroni,1,10,False,UNRESOLVED,5000,True,False,True,0.0003463330212980509,0.08,0.18209213411654696,True,True,True,False
63e26c015a98764cb345,adaptive,adaptive_allocation,3346,1519720366,16,5000,0.08,0.05,rbf,median,anytime,bonferroni,1,10,False,UNRESOLVED,5000,True,False,True,0.0003447500057518482,0.08,0.18209213411654696,True,True,True,False
977c242f72ac87d4573b,adaptive,adaptive_allocation,3347,395362206,16,5000,0.08,0.05,rbf,median,anytime,bonferroni,1,10,False,UNRESOLVED,5000,True,False,True,0.00039416697109118104,0.08,0.18209213411654696,True,True,True,False
788be72da29bfa1530ee,adaptive,adaptive_allocation,3348,789365989,16,5000,0.08,0.05,rbf,median,anytime,bonferroni,1,10,False,UNRESOLVED,5000,True,False,True,0.0003980830078944564,0.08,0.18209213411654696,True,True,True,False
c2f373b827aeb84db7e0,adaptive,adaptive_allocation,3349,3864917547,16,5000,0.08,0.05,rbf,median,anytime,bonferroni,1,10,False,UNRESOLVED,5000,True,False,True,0.00039887503953650594,0.08,0.18209213411654696,True,True,True,False
7abd874dba0c11a5dd52,adaptive,adaptive_allocation,3350,2067293985,16,5000,0.08,0.05,rbf,median,anytime,bonferroni,1,10,False,UNRESOLVED,5000,True,False,True,0.0003992909914813936,0.08,0.18209213411654696,True,True,True,False
4dbc39b53d9f72c31108,adaptive,adaptive_allocation,3351,921157900,16,5000,0.08,0.05,rbf,median,anytime,bonferroni,1,10,False,UNRESOLVED,5000,True,False,True,0.0004041669890284538,0.08,0.18209213411654696,True,True,True,False
0bb567447d07e1efdc8e,adaptive,adaptive_allocation,3352,133996029,16,5000,0.08,0.05,rbf,median,anytime,bonferroni,1,10,False,UNRESOLVED,5000,True,False,True,0.0003994579892605543,0.08,0.18209213411654696,True,True,True,False
14bd048f62d74185fcc7,adaptive,adaptive_allocation,3353,3289602823,16,5000,0.08,0.05,rbf,median,anytime,bonferroni,1,10,False,UNRESOLVED,5000,True,False,True,0.00039950001519173384,0.08,0.18209213411654696,True,True,True,False
ba747f9c924647bd23a6,adaptive,adaptive_allocation,3354,1331623011,16,5000,0.08,0.05,rbf,median,anytime,bonferroni,1,10,False,UNRESOLVED,5000,True,False,True,0.0003977079759351909,0.08,0.18209213411654696,True,True,True,False
c8d23f09147d075604a4,adaptive,adaptive_allocation,3355,3539207100,16,5000,0.08,0.05,rbf,median,anytime,bonferroni,1,10,False,UNRESOLVED,5000,True,False,True,0.000402832985855639,0.08,0.18209213411654696,True,True,True,False
2d6c6421758c2fe69113,adaptive,adaptive_allocation,3356,2324172841,16,5000,0.08,0.05,rbf,median,anytime,bonferroni,1,10,False,UNRESOLVED,5000,True,False,True,0.00039775000186637044,0.08,0.18209213411654696,True,True,True,False
a67cae9f59010e07b81e,adaptive,adaptive_allocation,3357,1650262823,16,5000,0.08,0.05,rbf,median,anytime,bonferroni,1,10,False,UNRESOLVED,5000,True,False,True,0.00039962498703971505,0.08,0.18209213411654696,True,True,True,False
13a27b06989a9e063878,adaptive,adaptive_allocation,3358,3435738382,16,5000,0.08,0.05,rbf,median,anytime,bonferroni,1,10,False,UNRESOLVED,5000,True,False,True,0.0004003749927505851,0.08,0.18209213411654696,True,True,True,False
4ad4c1350abaf56b91aa,adaptive,adaptive_allocation,3359,3174131882,16,5000,0.08,0.05,rbf,median,anytime,bonferroni,1,10,False,UNRESOLVED,5000,True,False,True,0.0004022920038551092,0.08,0.18209213411654696,True,True,True,False
9f3f96a9512399679f0c,adaptive,adaptive_allocation,3360,3285561163,16,5000,0.08,0.05,rbf,median,anytime,bonferroni,1,10,False,UNRESOLVED,5000,True,False,True,0.0004035000456497073,0.08,0.18209213411654696,True,True,True,False
5730708650d9b12a5788,adaptive,adaptive_allocation,3361,2307206068,16,5000,0.08,0.05,rbf,median,anytime,bonferroni,1,10,False,UNRESOLVED,5000,True,False,True,0.00039920798735693097,0.08,0.18209213411654696,True,True,True,False
240378283c131e7aeff0,adaptive,adaptive_allocation,3362,1189889343,16,5000,0.08,0.05,rbf,median,anytime,bonferroni,1,10,False,UNRESOLVED,5000,True,False,True,0.0003997500170953572,0.08,0.18209213411654696,True,True,True,False
ecd2e1c5f90467ecb744,adaptive,adaptive_allocation,3363,1159621036,16,5000,0.08,0.05,rbf,median,anytime,bonferroni,1,10,False,UNRESOLVED,5000,True,False,True,0.00040300004184246063,0.08,0.18209213411654696,True,True,True,False
a335479d91702ae16751,adaptive,adaptive_allocation,3364,2928653317,16,5000,0.08,0.05,rbf,median,anytime,bonferroni,1,10,False,UNRESOLVED,5000,True,False,True,0.00040004198672249913,0.08,0.18209213411654696,True,True,True,False
77ae194ebde94cba55f2,adaptive,adaptive_allocation,3365,4271496005,16,5000,0.08,0.05,rbf,median,anytime,bonferroni,1,10,False,UNRESOLVED,5000,True,False,True,0.0003980419714935124,0.08,0.18209213411654696,True,True,True,False
881995ecaf2f5dcc4991,adaptive,adaptive_allocation,3366,3100136865,16,5000,0.08,0.05,rbf,median,anytime,bonferroni,1,10,False,UNRESOLVED,5000,True,False,True,0.0004017080063931644,0.08,0.18209213411654696,True,True,True,False
2626492f3d8e498cb4eb,adaptive,adaptive_allocation,3367,490901325,16,5000,0.08,0.05,rbf,median,anytime,bonferroni,1,10,False,UNRESOLVED,5000,True,False,True,0.0004027499817311764,0.08,0.18209213411654696,True,True,True,False
ed719d5c1135fd7ced7d,adaptive,adaptive_allocation,3368,2032521705,16,5000,0.08,0.05,rbf,median,anytime,bonferroni,1,10,False,UNRESOLVED,5000,True,False,True,0.00040083297062665224,0.08,0.18209213411654696,True,True,True,False
8f36a64a0aaeeb91a818,adaptive,adaptive_allocation,3369,1677029728,16,5000,0.08,0.05,rbf,median,anytime,bonferroni,1,10,False,UNRESOLVED,5000,True,False,True,0.00039933400694280863,0.08,0.18209213411654696,True,True,True,False
8dcf260e6adce1ab0128,adaptive,adaptive_allocation,3370,2814142749,16,5000,0.08,0.05,rbf,median,anytime,bonferroni,1,10,False,UNRESOLVED,5000,True,False,True,0.0004011249984614551,0.08,0.18209213411654696,True,True,True,False
90bfa081e9db4155de2a,adaptive,adaptive_allocation,3371,3982624335,16,5000,0.08,0.05,rbf,median,anytime,bonferroni,1,10,False,UNRESOLVED,5000,True,False,True,0.0004070000140927732,0.08,0.18209213411654696,True,True,True,False
bd98a02febf26a19459c,adaptive,adaptive_allocation,3372,2815721312,16,5000,0.08,0.05,rbf,median,anytime,bonferroni,1,10,False,UNRESOLVED,5000,True,False,True,0.0003981670015491545,0.08,0.18209213411654696,True,True,True,False
0becd6a025ff040c9520,adaptive,adaptive_allocation,3373,3651905468,16,5000,0.08,0.05,rbf,median,anytime,bonferroni,1,10,False,UNRESOLVED,5000,True,False,True,0.00039954105159267783,0.08,0.18209213411654696,True,True,True,False
97500582275905cb3f2f,adaptive,adaptive_allocation,3374,2911779488,16,5000,0.08,0.05,rbf,median,anytime,bonferroni,1,10,False,UNRESOLVED,5000,True,False,True,0.0004005410009995103,0.08,0.18209213411654696,True,True,True,False
4cfd67f3b5e69ad6f615,adaptive,adaptive_allocation,3375,524341098,16,5000,0.08,0.05,rbf,median,anytime,bonferroni,1,10,False,UNRESOLVED,5000,True,False,True,0.00038112502079457045,0.08,0.18209213411654696,True,True,True,False
a6b1f7e03c9be2e16a80,adaptive,adaptive_allocation,3376,2811738853,16,5000,0.08,0.05,rbf,median,anytime,bonferroni,1,10,False,UNRESOLVED,5000,True,False,True,0.00034116703318431973,0.08,0.18209213411654696,True,True,True,False
836f959f73301fd0dd62,adaptive,adaptive_allocation,3377,1933478617,16,5000,0.08,0.05,rbf,median,anytime,bonferroni,1,10,False,UNRESOLVED,5000,True,False,True,0.0003428329946473241,0.08,0.18209213411654696,True,True,True,False
5c12afb7fac79900735b,adaptive,adaptive_allocation,3378,455605668,16,5000,0.08,0.05,rbf,median,anytime,bonferroni,1,10,False,UNRESOLVED,5000,True,False,True,0.0003440420259721577,0.08,0.18209213411654696,True,True,True,False
40bb2979d37f3f4db931,adaptive,adaptive_allocation,3379,2323204030,16,5000,0.08,0.05,rbf,median,anytime,bonferroni,1,10,False,UNRESOLVED,5000,True,False,True,0.0003464169567450881,0.08,0.18209213411654696,True,True,True,False
756163997bc7f82f58e6,adaptive,adaptive_allocation,3380,3894285763,16,5000,0.08,0.05,rbf,median,anytime,bonferroni,1,10,False,UNRESOLVED,5000,True,False,True,0.00034608301939442754,0.08,0.18209213411654696,True,True,True,False
8283e47a4f525714f593,adaptive,adaptive_allocation,3381,466078588,16,5000,0.08,0.05,rbf,median,anytime,bonferroni,1,10,False,UNRESOLVED,5000,True,False,True,0.00034295901423320174,0.08,0.18209213411654696,True,True,True,False
6865ccbf32019d59a729,adaptive,adaptive_allocation,3382,71697081,16,5000,0.08,0.05,rbf,median,anytime,bonferroni,1,10,False,UNRESOLVED,5000,True,False,True,0.0003433749661780894,0.08,0.18209213411654696,True,True,True,False
c168d133f5330973a3a7,adaptive,adaptive_allocation,3383,2672209864,16,5000,0.08,0.05,rbf,median,anytime,bonferroni,1,10,False,UNRESOLVED,5000,True,False,True,0.000348250032402575,0.08,0.18209213411654696,True,True,True,False
b722a90fffe805cddddc,adaptive,adaptive_allocation,3384,3950627214,16,5000,0.08,0.05,rbf,median,anytime,bonferroni,1,10,False,UNRESOLVED,5000,True,False,True,0.0003453749814070761,0.08,0.18209213411654696,True,True,True,False
8a4e46388a549324394a,adaptive,adaptive_allocation,3385,1187491852,16,5000,0.08,0.05,rbf,median,anytime,bonferroni,1,10,False,UNRESOLVED,5000,True,False,True,0.0003457500133663416,0.08,0.18209213411654696,True,True,True,False
f7d0c4b7cb9403ca9d63,adaptive,adaptive_allocation,3386,551038832,16,5000,0.08,0.05,rbf,median,anytime,bonferroni,1,10,False,UNRESOLVED,5000,True,False,True,0.00034500000765547156,0.08,0.18209213411654696,True,True,True,False
f31015e510a34f1d63c7,adaptive,adaptive_allocation,3387,1835590068,16,5000,0.08,0.05,rbf,median,anytime,bonferroni,1,10,False,UNRESOLVED,5000,True,False,True,0.0003470830270089209,0.08,0.18209213411654696,True,True,True,False
479c06e9b55751bb1d59,adaptive,adaptive_allocation,3388,2251683144,16,5000,0.08,0.05,rbf,median,anytime,bonferroni,1,10,False,UNRESOLVED,5000,True,False,True,0.0003447089693509042,0.08,0.18209213411654696,True,True,True,False
69a0bb6a1f42a56c8535,adaptive,adaptive_allocation,3389,3183074668,16,5000,0.08,0.05,rbf,median,anytime,bonferroni,1,10,False,UNRESOLVED,5000,True,False,True,0.0003440420259721577,0.08,0.18209213411654696,True,True,True,False
d8179567208bc8d43970,adaptive,adaptive_allocation,3390,232543559,16,5000,0.08,0.05,rbf,median,anytime,bonferroni,1,10,False,UNRESOLVED,5000,True,False,True,0.000345667009241879,0.08,0.18209213411654696,True,True,True,False
b922236c3f95755d223a,adaptive,adaptive_allocation,3391,3651565516,16,5000,0.08,0.05,rbf,median,anytime,bonferroni,1,10,False,UNRESOLVED,5000,True,False,True,0.00034783297451213,0.08,0.18209213411654696,True,True,True,False
703d6266d211678fa1fd,adaptive,adaptive_allocation,3392,2149245852,16,5000,0.08,0.05,rbf,median,anytime,bonferroni,1,10,False,UNRESOLVED,5000,True,False,True,0.0003439170541241765,0.08,0.18209213411654696,True,True,True,False
e9cd0a53566de148f178,adaptive,adaptive_allocation,3393,2605028867,16,5000,0.08,0.05,rbf,median,anytime,bonferroni,1,10,False,UNRESOLVED,5000,True,False,True,0.0003481670282781124,0.08,0.18209213411654696,True,True,True,False
196df487ff8f6c2e701e,adaptive,adaptive_allocation,3394,106640424,16,5000,0.08,0.05,rbf,median,anytime,bonferroni,1,10,False,UNRESOLVED,5000,True,False,True,0.0003439169959165156,0.08,0.18209213411654696,True,True,True,False
ed8627f259862c94ae5c,adaptive,adaptive_allocation,3395,2406365697,16,5000,0.08,0.05,rbf,median,anytime,bonferroni,1,10,False,UNRESOLVED,5000,True,False,True,0.0003487910144031048,0.08,0.18209213411654696,True,True,True,False
e4b20c45ba6ab5ce8252,adaptive,adaptive_allocation,3396,3816292475,16,5000,0.08,0.05,rbf,median,anytime,bonferroni,1,10,False,UNRESOLVED,5000,True,False,True,0.00034562498331069946,0.08,0.18209213411654696,True,True,True,False
252952939ebc9ff5a0fd,adaptive,adaptive_allocation,3397,3370919439,16,5000,0.08,0.05,rbf,median,anytime,bonferroni,1,10,False,UNRESOLVED,5000,True,False,True,0.0003457499551586807,0.08,0.18209213411654696,True,True,True,False
efefa8ce2707f5422ffb,adaptive,adaptive_allocation,3398,213437464,16,5000,0.08,0.05,rbf,median,anytime,bonferroni,1,10,False,UNRESOLVED,5000,True,False,True,0.0003453330136835575,0.08,0.18209213411654696,True,True,True,False
37d59c2fd1a2d98b82f1,adaptive,adaptive_allocation,3399,3470278253,16,5000,0.08,0.05,rbf,median,anytime,bonferroni,1,10,False,UNRESOLVED,5000,True,False,True,0.00034804100869223475,0.08,0.18209213411654696,True,True,True,False
9383cda876edfa18ef41,adaptive,adaptive_allocation,3400,3789365262,16,5000,0.08,0.05,rbf,median,anytime,bonferroni,1,10,False,UNRESOLVED,5000,True,False,True,0.00034320802660658956,0.08,0.18209213411654696,True,True,True,False
e88801c57b000566884e,adaptive,adaptive_allocation,3401,718064224,16,5000,0.08,0.05,rbf,median,anytime,bonferroni,1,10,False,UNRESOLVED,5000,True,False,True,0.0003440000000409782,0.08,0.18209213411654696,True,True,True,False
b1f59b8ef801bd1f7a19,adaptive,adaptive_allocation,3402,2320871764,16,5000,0.08,0.05,rbf,median,anytime,bonferroni,1,10,False,UNRESOLVED,5000,True,False,True,0.00034487497759982944,0.08,0.18209213411654696,True,True,True,False
3dc2d0021ec65ca556ee,adaptive,adaptive_allocation,3403,4203901593,16,5000,0.08,0.05,rbf,median,anytime,bonferroni,1,10,False,UNRESOLVED,5000,True,False,True,0.0003457500133663416,0.08,0.18209213411654696,True,True,True,False
cd8460c480abaaf10619,adaptive,adaptive_allocation,3404,2159148988,16,5000,0.08,0.05,rbf,median,anytime,bonferroni,1,10,False,UNRESOLVED,5000,True,False,True,0.0003440419677644968,0.08,0.18209213411654696,True,True,True,False
347960b90a56b33b590a,adaptive,adaptive_allocation,3405,3459430582,16,5000,0.08,0.05,rbf,median,anytime,bonferroni,1,10,False,UNRESOLVED,5000,True,False,True,0.00034320895792916417,0.08,0.18209213411654696,True,True,True,False
edec46bb1163f9df37fe,adaptive,adaptive_allocation,3406,3233206540,16,5000,0.08,0.05,rbf,median,anytime,bonferroni,1,10,False,UNRESOLVED,5000,True,False,True,0.0003427090123295784,0.08,0.18209213411654696,True,True,True,False
525e6332b9259879e240,adaptive,adaptive_allocation,3407,3571312587,16,5000,0.08,0.05,rbf,median,anytime,bonferroni,1,10,False,UNRESOLVED,5000,True,False,True,0.0003470000228844583,0.08,0.18209213411654696,True,True,True,False
35b118bc73f7e5d84330,adaptive,adaptive_allocation,3408,2376648444,16,5000,0.08,0.05,rbf,median,anytime,bonferroni,1,10,False,UNRESOLVED,5000,True,False,True,0.00034445797791704535,0.08,0.18209213411654696,True,True,True,False
6cb43970610796370754,adaptive,adaptive_allocation,3409,4048587265,16,5000,0.08,0.05,rbf,median,anytime,bonferroni,1,10,False,UNRESOLVED,5000,True,False,True,0.00034504098584875464,0.08,0.18209213411654696,True,True,True,False
9150d53d2f99bd7cc49f,adaptive,adaptive_allocation,3410,2711902095,16,5000,0.08,0.05,rbf,median,anytime,bonferroni,1,10,False,UNRESOLVED,5000,True,False,True,0.0003445419715717435,0.08,0.18209213411654696,True,True,True,False
ee5cc1b79b3104b7de69,adaptive,adaptive_allocation,3411,1135458191,16,5000,0.08,0.05,rbf,median,anytime,bonferroni,1,10,False,UNRESOLVED,5000,True,False,True,0.00034945900551974773,0.08,0.18209213411654696,True,True,True,False
f99aa18e7e43ec08beaf,adaptive,adaptive_allocation,3412,2524607631,16,5000,0.08,0.05,rbf,median,anytime,bonferroni,1,10,False,UNRESOLVED,5000,True,False,True,0.00034483399940654635,0.08,0.18209213411654696,True,True,True,False
4b8a35fac650e26f3e37,adaptive,adaptive_allocation,3413,3157614361,16,5000,0.08,0.05,rbf,median,anytime,bonferroni,1,10,False,UNRESOLVED,5000,True,False,True,0.0003428750205785036,0.08,0.18209213411654696,True,True,True,False
ac29c4d6c2c675af31c6,adaptive,adaptive_allocation,3414,3706096557,16,5000,0.08,0.05,rbf,median,anytime,bonferroni,1,10,False,UNRESOLVED,5000,True,False,True,0.00034354202216491103,0.08,0.18209213411654696,True,True,True,False
c5362ffcdc51665216d3,adaptive,adaptive_allocation,3415,1717059986,16,5000,0.08,0.05,rbf,median,anytime,bonferroni,1,10,False,UNRESOLVED,5000,True,False,True,0.00034600001526996493,0.08,0.18209213411654696,True,True,True,False
ac0126a08c5b0b08e23a,adaptive,adaptive_allocation,3416,3118189954,16,5000,0.08,0.05,rbf,median,anytime,bonferroni,1,10,False,UNRESOLVED,5000,True,False,True,0.00034487497759982944,0.08,0.18209213411654696,True,True,True,False
08d7cce8221896067264,adaptive,adaptive_allocation,3417,537980350,16,5000,0.08,0.05,rbf,median,anytime,bonferroni,1,10,False,UNRESOLVED,5000,True,False,True,0.00034670799504965544,0.08,0.18209213411654696,True,True,True,False
377f8a7be84f73308cd9,adaptive,adaptive_allocation,3418,2042910069,16,5000,0.08,0.05,rbf,median,anytime,bonferroni,1,10,False,UNRESOLVED,5000,True,False,True,0.00034362502628937364,0.08,0.18209213411654696,True,True,True,False
5e4d663bf13649c5edf9,adaptive,adaptive_allocation,3419,251788658,16,5000,0.08,0.05,rbf,median,anytime,bonferroni,1,10,False,UNRESOLVED,5000,True,False,True,0.00034679198870435357,0.08,0.18209213411654696,True,True,True,False
973b513eae494a240c41,adaptive,adaptive_allocation,3420,2374740340,16,5000,0.08,0.05,rbf,median,anytime,bonferroni,1,10,False,UNRESOLVED,5000,True,False,True,0.0003445000038482249,0.08,0.18209213411654696,True,True,True,False
2ba38ae6a228e2a2d00a,adaptive,adaptive_allocation,3421,1539012274,16,5000,0.08,0.05,rbf,median,anytime,bonferroni,1,10,False,UNRESOLVED,5000,True,False,True,0.00034579099155962467,0.08,0.18209213411654696,True,True,True,False
b31bc9c463d606172b81,adaptive,adaptive_allocation,3422,1583873241,16,5000,0.08,0.05,rbf,median,anytime,bonferroni,1,10,False,UNRESOLVED,5000,True,False,True,0.00034791696816682816,0.08,0.18209213411654696,True,True,True,False
18bffb14b95c916900e7,adaptive,adaptive_allocation,3423,3212848268,16,5000,0.08,0.05,rbf,median,anytime,bonferroni,1,10,False,UNRESOLVED,5000,True,False,True,0.00034487503580749035,0.08,0.18209213411654696,True,True,True,False
997dfd90a9214dad7978,adaptive,adaptive_allocation,3424,4066198169,16,5000,0.08,0.05,rbf,median,anytime,bonferroni,1,10,False,UNRESOLVED,5000,True,False,True,0.0003459579893387854,0.08,0.18209213411654696,True,True,True,False
8b3c6c9e2e5d5b289f6d,adaptive,adaptive_allocation,3425,1914967914,16,5000,0.08,0.05,rbf,median,anytime,bonferroni,1,10,False,UNRESOLVED,5000,True,False,True,0.0003510829992592335,0.08,0.18209213411654696,True,True,True,False
8088ac63099da3ae22b6,adaptive,adaptive_allocation,3426,3216778885,16,5000,0.08,0.05,rbf,median,anytime,bonferroni,1,10,False,UNRESOLVED,5000,True,False,True,0.00034416699782013893,0.08,0.18209213411654696,True,True,True,False
930289fd2056e04266e2,adaptive,adaptive_allocation,3427,1036686812,16,5000,0.08,0.05,rbf,median,anytime,bonferroni,1,10,False,UNRESOLVED,5000,True,False,True,0.0003474170225672424,0.08,0.18209213411654696,True,True,True,False
099e92710052beb40b2a,adaptive,adaptive_allocation,3428,783153945,16,5000,0.08,0.05,rbf,median,anytime,bonferroni,1,10,False,UNRESOLVED,5000,True,False,True,0.00034416699782013893,0.08,0.18209213411654696,True,True,True,False
7c8930066417dbdcbf67,adaptive,adaptive_allocation,3429,3363772387,16,5000,0.08,0.05,rbf,median,anytime,bonferroni,1,10,False,UNRESOLVED,5000,True,False,True,0.00034316600067541003,0.08,0.18209213411654696,True,True,True,False
05f5792fd40eb61ffb1a,adaptive,adaptive_allocation,3430,3229387258,16,5000,0.08,0.05,rbf,median,anytime,bonferroni,1,10,False,UNRESOLVED,5000,True,False,True,0.00034324999433010817,0.08,0.18209213411654696,True,True,True,False
b7839415908253eecd85,adaptive,adaptive_allocation,3431,3396270911,16,5000,0.08,0.05,rbf,median,anytime,bonferroni,1,10,False,UNRESOLVED,5000,True,False,True,0.0003476249985396862,0.08,0.18209213411654696,True,True,True,False
5ea79f3d79d996ede5c0,adaptive,adaptive_allocation,3432,3195940770,16,5000,0.08,0.05,rbf,median,anytime,bonferroni,1,10,False,UNRESOLVED,5000,True,False,True,0.00034245901042595506,0.08,0.18209213411654696,True,True,True,False
7a2f92f945b3a462503c,adaptive,adaptive_allocation,3433,2695784344,16,5000,0.08,0.05,rbf,median,anytime,bonferroni,1,10,False,UNRESOLVED,5000,True,False,True,0.00034629099536687136,0.08,0.18209213411654696,True,True,True,False
571f569a273cbb0b347a,adaptive,adaptive_allocation,3434,2545023277,16,5000,0.08,0.05,rbf,median,anytime,bonferroni,1,10,False,UNRESOLVED,5000,True,False,True,0.0003462920431047678,0.08,0.18209213411654696,True,True,True,False
fdc22720a68e7e1e6043,adaptive,adaptive_allocation,3435,2131004276,16,5000,0.08,0.05,rbf,median,anytime,bonferroni,1,10,False,UNRESOLVED,5000,True,False,True,0.0003469579969532788,0.08,0.18209213411654696,True,True,True,False
e93a22cfe7a6e5faf873,adaptive,adaptive_allocation,3436,3947923438,16,5000,0.08,0.05,rbf,median,anytime,bonferroni,1,10,False,UNRESOLVED,5000,True,False,True,0.00034429202787578106,0.08,0.18209213411654696,True,True,True,False
dbed0b06256aad06aaa1,adaptive,adaptive_allocation,3437,1841899042,16,5000,0.08,0.05,rbf,median,anytime,bonferroni,1,10,False,UNRESOLVED,5000,True,False,True,0.00034554203739389777,0.08,0.18209213411654696,True,True,True,False
0ea45f0db5cbe875d723,adaptive,adaptive_allocation,3438,2240215092,16,5000,0.08,0.05,rbf,median,anytime,bonferroni,1,10,False,UNRESOLVED,5000,True,False,True,0.00034333299845457077,0.08,0.18209213411654696,True,True,True,False
b5f39425215e80d462cf,adaptive,adaptive_allocation,3439,1844125486,16,5000,0.08,0.05,rbf,median,anytime,bonferroni,1,10,False,UNRESOLVED,5000,True,False,True,0.00034779199631884694,0.08,0.18209213411654696,True,True,True,False
2e79bdf50a841f6276cc,adaptive,adaptive_allocation,3440,3411431882,16,5000,0.08,0.05,rbf,median,anytime,bonferroni,1,10,False,UNRESOLVED,5000,True,False,True,0.000344207976013422,0.08,0.18209213411654696,True,True,True,False
33b71568bb49726e0119,adaptive,adaptive_allocation,3441,2264169291,16,5000,0.08,0.05,rbf,median,anytime,bonferroni,1,10,False,UNRESOLVED,5000,True,False,True,0.0003439169959165156,0.08,0.18209213411654696,True,True,True,False
e425b3f699c915865cab,adaptive,adaptive_allocation,3442,2313387732,16,5000,0.08,0.05,rbf,median,anytime,bonferroni,1,10,False,UNRESOLVED,5000,True,False,True,0.00034437497379258275,0.08,0.18209213411654696,True,True,True,False
23ec12ed3599b96a33e0,adaptive,adaptive_allocation,3443,2501840953,16,5000,0.08,0.05,rbf,median,anytime,bonferroni,1,10,False,UNRESOLVED,5000,True,False,True,0.0003476249985396862,0.08,0.18209213411654696,True,True,True,False
9825078a4045688d5df9,adaptive,adaptive_allocation,3444,4294408421,16,5000,0.08,0.05,rbf,median,anytime,bonferroni,1,10,False,UNRESOLVED,5000,True,False,True,0.00034354202216491103,0.08,0.18209213411654696,True,True,True,False
5c264ab43c8fd0810cc8,adaptive,adaptive_allocation,3445,1856158038,16,5000,0.08,0.05,rbf,median,anytime,bonferroni,1,10,False,UNRESOLVED,5000,True,False,True,0.0003445420297794044,0.08,0.18209213411654696,True,True,True,False
e5307432ae975f367177,adaptive,adaptive_allocation,3446,691519324,16,5000,0.08,0.05,rbf,median,anytime,bonferroni,1,10,False,UNRESOLVED,5000,True,False,True,0.0003738750237971544,0.08,0.18209213411654696,True,True,True,False
ce10029ded1844a8e1a9,adaptive,adaptive_allocation,3447,852249795,16,5000,0.08,0.05,rbf,median,anytime,bonferroni,1,10,False,UNRESOLVED,5000,True,False,True,0.00040208303835242987,0.08,0.18209213411654696,True,True,True,False
60c291dc5207672bfd06,adaptive,adaptive_allocation,3448,2290022922,16,5000,0.08,0.05,rbf,median,anytime,bonferroni,1,10,False,UNRESOLVED,5000,True,False,True,0.00039912498323246837,0.08,0.18209213411654696,True,True,True,False
7274195d2146ac18b0c7,adaptive,adaptive_allocation,3449,1410942049,16,5000,0.08,0.05,rbf,median,anytime,bonferroni,1,10,False,UNRESOLVED,5000,True,False,True,0.00039958301931619644,0.08,0.18209213411654696,True,True,True,False
dbe151c59862067c26ff,adaptive,adaptive_allocation,3450,941643507,16,5000,0.08,0.05,rbf,median,anytime,bonferroni,1,10,False,UNRESOLVED,5000,True,False,True,0.0003991670091636479,0.08,0.18209213411654696,True,True,True,False
d2f308797ecbef93c764,adaptive,adaptive_allocation,3451,2496313057,16,5000,0.08,0.05,rbf,median,anytime,bonferroni,1,10,False,UNRESOLVED,5000,True,False,True,0.0004083749954588711,0.08,0.18209213411654696,True,True,True,False
22a013c60d47da8e9103,adaptive,adaptive_allocation,3452,2618926619,16,5000,0.08,0.05,rbf,median,anytime,bonferroni,1,10,False,UNRESOLVED,5000,True,False,True,0.00039962498703971505,0.08,0.18209213411654696,True,True,True,False
5caa12567b1502eb7f0c,adaptive,adaptive_allocation,3453,1491589056,16,5000,0.08,0.05,rbf,median,anytime,bonferroni,1,10,False,UNRESOLVED,5000,True,False,True,0.0004004160291515291,0.08,0.18209213411654696,True,True,True,False
6a890b5f5c0936542e9f,adaptive,adaptive_allocation,3454,992044883,16,5000,0.08,0.05,rbf,median,anytime,bonferroni,1,10,False,UNRESOLVED,5000,True,False,True,0.0003992500132881105,0.08,0.18209213411654696,True,True,True,False
81dac86f01f496ca7580,adaptive,adaptive_allocation,3455,336270633,16,5000,0.08,0.05,rbf,median,anytime,bonferroni,1,10,False,UNRESOLVED,5000,True,False,True,0.00040204101242125034,0.08,0.18209213411654696,True,True,True,False
817939845a3b03d57fe2,adaptive,adaptive_allocation,3456,3724815956,16,5000,0.08,0.05,rbf,median,anytime,bonferroni,1,10,False,UNRESOLVED,5000,True,False,True,0.00040020898450165987,0.08,0.18209213411654696,True,True,True,False
ab2d2d7ca71215141de1,adaptive,adaptive_allocation,3457,1543259053,16,5000,0.08,0.05,rbf,median,anytime,bonferroni,1,10,False,UNRESOLVED,5000,True,False,True,0.00039974995888769627,0.08,0.18209213411654696,True,True,True,False
c2963e10f98b59838984,adaptive,adaptive_allocation,3458,3926624183,16,5000,0.08,0.05,rbf,median,anytime,bonferroni,1,10,False,UNRESOLVED,5000,True,False,True,0.0004005410009995103,0.08,0.18209213411654696,True,True,True,False
176eec2008beba98e19c,adaptive,adaptive_allocation,3459,3893891066,16,5000,0.08,0.05,rbf,median,anytime,bonferroni,1,10,False,UNRESOLVED,5000,True,False,True,0.00040070898830890656,0.08,0.18209213411654696,True,True,True,False
c2856f5f429aba2c24db,adaptive,adaptive_allocation,3460,703903433,16,5000,0.08,0.05,rbf,median,anytime,bonferroni,1,10,False,UNRESOLVED,5000,True,False,True,0.00039837497752159834,0.08,0.18209213411654696,True,True,True,False
4574c9b0473dd1fa7d7f,adaptive,adaptive_allocation,3461,3610015796,16,5000,0.08,0.05,rbf,median,anytime,bonferroni,1,10,False,UNRESOLVED,5000,True,False,True,0.0003980000037699938,0.08,0.18209213411654696,True,True,True,False
b3c557243ebf91e1ef2e,adaptive,adaptive_allocation,3462,3618795141,16,5000,0.08,0.05,rbf,median,anytime,bonferroni,1,10,False,UNRESOLVED,5000,True,False,True,0.00039658305468037724,0.08,0.18209213411654696,True,True,True,False
ebcf7cec81a20ba55a71,adaptive,adaptive_allocation,3463,2674531150,16,5000,0.08,0.05,rbf,median,anytime,bonferroni,1,10,False,UNRESOLVED,5000,True,False,True,0.0004027920076623559,0.08,0.18209213411654696,True,True,True,False
da63fb2b244f6a0654ac,adaptive,adaptive_allocation,3464,1107919825,16,5000,0.08,0.05,rbf,median,anytime,bonferroni,1,10,False,UNRESOLVED,5000,True,False,True,0.0003982080379500985,0.08,0.18209213411654696,True,True,True,False
f64c16f21dc0f91505bb,adaptive,adaptive_allocation,3465,2620618611,16,5000,0.08,0.05,rbf,median,anytime,bonferroni,1,10,False,UNRESOLVED,5000,True,False,True,0.00040079199243336916,0.08,0.18209213411654696,True,True,True,False
3750ffc5b9d71bfb7d4d,adaptive,adaptive_allocation,3466,3157509886,16,5000,0.08,0.05,rbf,median,anytime,bonferroni,1,10,False,UNRESOLVED,5000,True,False,True,0.00039695901796221733,0.08,0.18209213411654696,True,True,True,False
10a184ca86a52b0f4b71,adaptive,adaptive_allocation,3467,3536733309,16,5000,0.08,0.05,rbf,median,anytime,bonferroni,1,10,False,UNRESOLVED,5000,True,False,True,0.00040187500417232513,0.08,0.18209213411654696,True,True,True,False
2e76a6d09d470b2b7a88,adaptive,adaptive_allocation,3468,1872400889,16,5000,0.08,0.05,rbf,median,anytime,bonferroni,1,10,False,UNRESOLVED,5000,True,False,True,0.0003965410287491977,0.08,0.18209213411654696,True,True,True,False
676c63e030dd18fe6b93,adaptive,adaptive_allocation,3469,1073184933,16,5000,0.08,0.05,rbf,median,anytime,bonferroni,1,10,False,UNRESOLVED,5000,True,False,True,0.0003991670091636479,0.08,0.18209213411654696,True,True,True,False
a21f4af4c9b1e6d60038,adaptive,adaptive_allocation,3470,1776818023,16,5000,0.08,0.05,rbf,median,anytime,bonferroni,1,10,False,UNRESOLVED,5000,True,False,True,0.0003998749889433384,0.08,0.18209213411654696,True,True,True,False
576c2f6b1f35e314db37,adaptive,adaptive_allocation,3471,3663433653,16,5000,0.08,0.05,rbf,median,anytime,bonferroni,1,10,False,UNRESOLVED,5000,True,False,True,0.00040199997602030635,0.08,0.18209213411654696,True,True,True,False
62b3a7f7754bac621091,adaptive,adaptive_allocation,3472,601071632,16,5000,0.08,0.05,rbf,median,anytime,bonferroni,1,10,False,UNRESOLVED,5000,True,False,True,0.00039783300599083304,0.08,0.18209213411654696,True,True,True,False
c6f1b44b77f67f28a4ef,adaptive,adaptive_allocation,3473,3575318605,16,5000,0.08,0.05,rbf,median,anytime,bonferroni,1,10,False,UNRESOLVED,5000,True,False,True,0.000398874981328845,0.08,0.18209213411654696,True,True,True,False
9d4e4b9e93ab5243c494,adaptive,adaptive_allocation,3474,338134607,16,5000,0.08,0.05,rbf,median,anytime,bonferroni,1,10,False,UNRESOLVED,5000,True,False,True,0.0003820830024778843,0.08,0.18209213411654696,True,True,True,False
00c23e34a8117b695830,adaptive,adaptive_allocation,3475,1611182123,16,5000,0.08,0.05,rbf,median,anytime,bonferroni,1,10,False,UNRESOLVED,5000,True,False,True,0.0003494999837130308,0.08,0.18209213411654696,True,True,True,False
8375526bbfc1554be74d,adaptive,adaptive_allocation,3476,1077888306,16,5000,0.08,0.05,rbf,median,anytime,bonferroni,1,10,False,UNRESOLVED,5000,True,False,True,0.00034249998861923814,0.08,0.18209213411654696,True,True,True,False
4b9b841701c14d60e3cc,adaptive,adaptive_allocation,3477,1440988246,16,5000,0.08,0.05,rbf,median,anytime,bonferroni,1,10,False,UNRESOLVED,5000,True,False,True,0.0003428749623708427,0.08,0.18209213411654696,True,True,True,False
3d2b7f491b917c3fbc7f,adaptive,adaptive_allocation,3478,3991337125,16,5000,0.08,0.05,rbf,median,anytime,bonferroni,1,10,False,UNRESOLVED,5000,True,False,True,0.00034433300606906414,0.08,0.18209213411654696,True,True,True,False
49f8db0dc7ebe57e5933,adaptive,adaptive_allocation,3479,2197345909,16,5000,0.08,0.05,rbf,median,anytime,bonferroni,1,10,False,UNRESOLVED,5000,True,False,True,0.00034550001146271825,0.08,0.18209213411654696,True,True,True,False
bebd397e4c7ed69cd217,adaptive,adaptive_allocation,3480,1053014020,16,5000,0.08,0.05,rbf,median,anytime,bonferroni,1,10,False,UNRESOLVED,5000,True,False,True,0.0003497920115478337,0.08,0.18209213411654696,True,True,True,False
222fd16559b95226fb2c,adaptive,adaptive_allocation,3481,2761550795,16,5000,0.08,0.05,rbf,median,anytime,bonferroni,1,10,False,UNRESOLVED,5000,True,False,True,0.0003450420335866511,0.08,0.18209213411654696,True,True,True,False
396236b5f5e95f4b8470,adaptive,adaptive_allocation,3482,3623834901,16,5000,0.08,0.05,rbf,median,anytime,bonferroni,1,10,False,UNRESOLVED,5000,True,False,True,0.0003441250300966203,0.08,0.18209213411654696,True,True,True,False
870aec7f6115b105024b,adaptive,adaptive_allocation,3483,2480497143,16,5000,0.08,0.05,rbf,median,anytime,bonferroni,1,10,False,UNRESOLVED,5000,True,False,True,0.0003462920431047678,0.08,0.18209213411654696,True,True,True,False
f2a4b21530c631388097,adaptive,adaptive_allocation,3484,2664000311,16,5000,0.08,0.05,rbf,median,anytime,bonferroni,1,10,False,UNRESOLVED,5000,True,False,True,0.0003429999924264848,0.08,0.18209213411654696,True,True,True,False
7c6418d3ae00a396488a,adaptive,adaptive_allocation,3485,1558953354,16,5000,0.08,0.05,rbf,median,anytime,bonferroni,1,10,False,UNRESOLVED,5000,True,False,True,0.0003450420335866511,0.08,0.18209213411654696,True,True,True,False
34ab3eeeea5e30f9bb0a,adaptive,adaptive_allocation,3486,1997412201,16,5000,0.08,0.05,rbf,median,anytime,bonferroni,1,10,False,UNRESOLVED,5000,True,False,True,0.00034675002098083496,0.08,0.18209213411654696,True,True,True,False
fa519a28a7252a3bee55,adaptive,adaptive_allocation,3487,3558245995,16,5000,0.08,0.05,rbf,median,anytime,bonferroni,1,10,False,UNRESOLVED,5000,True,False,True,0.00034620799124240875,0.08,0.18209213411654696,True,True,True,False
4967ae5c3c993e4ce82d,adaptive,adaptive_allocation,3488,2015970299,16,5000,0.08,0.05,rbf,median,anytime,bonferroni,1,10,False,UNRESOLVED,5000,True,False,True,0.0003535830182954669,0.08,0.18209213411654696,True,True,True,False
aa64701a4f1cb087c442,adaptive,adaptive_allocation,3489,2126729855,16,5000,0.08,0.05,rbf,median,anytime,bonferroni,1,10,False,UNRESOLVED,5000,True,False,True,0.00034554197918623686,0.08,0.18209213411654696,True,True,True,False
2352e4533886e70086e5,adaptive,adaptive_allocation,3490,1523054067,16,5000,0.08,0.05,rbf,median,anytime,bonferroni,1,10,False,UNRESOLVED,5000,True,False,True,0.0003456250415183604,0.08,0.18209213411654696,True,True,True,False
d802bbef09af67cd5998,adaptive,adaptive_allocation,3491,2093884578,16,5000,0.08,0.05,rbf,median,anytime,bonferroni,1,10,False,UNRESOLVED,5000,True,False,True,0.0003477080026641488,0.08,0.18209213411654696,True,True,True,False
3218b5518d82ae41ec1c,adaptive,adaptive_allocation,3492,1409120440,16,5000,0.08,0.05,rbf,median,anytime,bonferroni,1,10,False,UNRESOLVED,5000,True,False,True,0.00034383300226181746,0.08,0.18209213411654696,True,True,True,False
8514311edf6363bdd445,adaptive,adaptive_allocation,3493,2527842947,16,5000,0.08,0.05,rbf,median,anytime,bonferroni,1,10,False,UNRESOLVED,5000,True,False,True,0.0003441249718889594,0.08,0.18209213411654696,True,True,True,False
bfb4c0ca621e82fd6e5d,adaptive,adaptive_allocation,3494,1086895695,16,5000,0.08,0.05,rbf,median,anytime,bonferroni,1,10,False,UNRESOLVED,5000,True,False,True,0.00034562498331069946,0.08,0.18209213411654696,True,True,True,False
dbdc006664a014e8c75c,adaptive,adaptive_allocation,3495,633810488,16,5000,0.08,0.05,rbf,median,anytime,bonferroni,1,10,False,UNRESOLVED,5000,True,False,True,0.00034924998180940747,0.08,0.18209213411654696,True,True,True,False
f59f40a996046ddec571,adaptive,adaptive_allocation,3496,263089893,16,5000,0.08,0.05,rbf,median,anytime,bonferroni,1,10,False,UNRESOLVED,5000,True,False,True,0.00034324999433010817,0.08,0.18209213411654696,True,True,True,False
46f3fe0f75ea5fbb745e,adaptive,adaptive_allocation,3497,3152157976,16,5000,0.08,0.05,rbf,median,anytime,bonferroni,1,10,False,UNRESOLVED,5000,True,False,True,0.0003440420259721577,0.08,0.18209213411654696,True,True,True,False
9c2b78b99c7fc24cf341,adaptive,adaptive_allocation,3498,861132436,16,5000,0.08,0.05,rbf,median,anytime,bonferroni,1,10,False,UNRESOLVED,5000,True,False,True,0.0003434169921092689,0.08,0.18209213411654696,True,True,True,False
c8fa35b063654dc5c592,adaptive,adaptive_allocation,3499,791157994,16,5000,0.08,0.05,rbf,median,anytime,bonferroni,1,10,False,UNRESOLVED,5000,True,False,True,0.0003469589864835143,0.08,0.18209213411654696,True,True,True,False
5d0ed714224d5e4c768b,adaptive,adaptive_allocation,3500,1028312929,16,5000,0.08,0.05,rbf,median,anytime,bonferroni,1,10,False,UNRESOLVED,5000,True,False,True,0.000344583997502923,0.08,0.18209213411654696,True,True,True,False
1d9cc89071993d2c0b80,adaptive,adaptive_allocation,3501,793576130,16,5000,0.08,0.05,rbf,median,anytime,bonferroni,1,10,False,UNRESOLVED,5000,True,False,True,0.0003469579969532788,0.08,0.18209213411654696,True,True,True,False
b08c29b9cc7371f4720e,adaptive,adaptive_allocation,3502,935919194,16,5000,0.08,0.05,rbf,median,anytime,bonferroni,1,10,False,UNRESOLVED,5000,True,False,True,0.00034666701685637236,0.08,0.18209213411654696,True,True,True,False
f9300782baecf5b68b5e,adaptive,adaptive_allocation,3503,3846011141,16,5000,0.08,0.05,rbf,median,anytime,bonferroni,1,10,False,UNRESOLVED,5000,True,False,True,0.00034912500996142626,0.08,0.18209213411654696,True,True,True,False
8cc0fb68507867ed92a7,adaptive,adaptive_allocation,3504,3584345967,16,5000,0.08,0.05,rbf,median,anytime,bonferroni,1,10,False,UNRESOLVED,5000,True,False,True,0.00034362502628937364,0.08,0.18209213411654696,True,True,True,False
c4d5f92fab1e754d5c27,adaptive,adaptive_allocation,3505,520725091,16,5000,0.08,0.05,rbf,median,anytime,bonferroni,1,10,False,UNRESOLVED,5000,True,False,True,0.00034437497379258275,0.08,0.18209213411654696,True,True,True,False
ebceb2d6c83a3cb1f31c,adaptive,adaptive_allocation,3506,2322778762,16,5000,0.08,0.05,rbf,median,anytime,bonferroni,1,10,False,UNRESOLVED,5000,True,False,True,0.0003448330098763108,0.08,0.18209213411654696,True,True,True,False
989f3527f0e0fb4a6c3c,adaptive,adaptive_allocation,3507,849722608,16,5000,0.08,0.05,rbf,median,anytime,bonferroni,1,10,False,UNRESOLVED,5000,True,False,True,0.0003500829916447401,0.08,0.18209213411654696,True,True,True,False
7d400e7543bfbfc80dc4,adaptive,adaptive_allocation,3508,761746106,16,5000,0.08,0.05,rbf,median,anytime,bonferroni,1,10,False,UNRESOLVED,5000,True,False,True,0.00034483399940654635,0.08,0.18209213411654696,True,True,True,False
933a456cb88ce4f500a3,adaptive,adaptive_allocation,3509,494091039,16,5000,0.08,0.05,rbf,median,anytime,bonferroni,1,10,False,UNRESOLVED,5000,True,False,True,0.0003436660044826567,0.08,0.18209213411654696,True,True,True,False
33ca75f8acc2e3cace9c,adaptive,adaptive_allocation,3510,1437127210,16,5000,0.08,0.05,rbf,median,anytime,bonferroni,1,10,False,UNRESOLVED,5000,True,False,True,0.0003447500057518482,0.08,0.18209213411654696,True,True,True,False
a6c14a30157f0a95d4f2,adaptive,adaptive_allocation,3511,229484659,16,5000,0.08,0.05,rbf,median,anytime,bonferroni,1,10,False,UNRESOLVED,5000,True,False,True,0.0003487080102786422,0.08,0.18209213411654696,True,True,True,False
c7f1a8c3b1fe63cf83b5,adaptive,adaptive_allocation,3512,2633698788,16,5000,0.08,0.05,rbf,median,anytime,bonferroni,1,10,False,UNRESOLVED,5000,True,False,True,0.00034683302510529757,0.08,0.18209213411654696,True,True,True,False
224c802383bd90ea950d,adaptive,adaptive_allocation,3513,813269341,16,5000,0.08,0.05,rbf,median,anytime,bonferroni,1,10,False,UNRESOLVED,5000,True,False,True,0.0003463749890215695,0.08,0.18209213411654696,True,True,True,False
56c7ea61e1ecf2d302d0,adaptive,adaptive_allocation,3514,2986502075,16,5000,0.08,0.05,rbf,median,anytime,bonferroni,1,10,False,UNRESOLVED,5000,True,False,True,0.00034612498711794615,0.08,0.18209213411654696,True,True,True,False
99ec7143c111300e1d26,adaptive,adaptive_allocation,3515,3730192681,16,5000,0.08,0.05,rbf,median,anytime,bonferroni,1,10,False,UNRESOLVED,5000,True,False,True,0.0003469999646767974,0.08,0.18209213411654696,True,True,True,False
a83c21d6c416a2d2292d,adaptive,adaptive_allocation,3516,2456139263,16,5000,0.08,0.05,rbf,median,anytime,bonferroni,1,10,False,UNRESOLVED,5000,True,False,True,0.00034433300606906414,0.08,0.18209213411654696,True,True,True,False
4f44b6d0cda8bcae821e,adaptive,adaptive_allocation,3517,1869800686,16,5000,0.08,0.05,rbf,median,anytime,bonferroni,1,10,False,UNRESOLVED,5000,True,False,True,0.00034500000765547156,0.08,0.18209213411654696,True,True,True,False
80da82f188fee1e3cb13,adaptive,adaptive_allocation,3518,3037456969,16,5000,0.08,0.05,rbf,median,anytime,bonferroni,1,10,False,UNRESOLVED,5000,True,False,True,0.0003444169997237623,0.08,0.18209213411654696,True,True,True,False
dd6bd6f0fc91212b358c,adaptive,adaptive_allocation,3519,2091822514,16,5000,0.08,0.05,rbf,median,anytime,bonferroni,1,10,False,UNRESOLVED,5000,True,False,True,0.0003475419944152236,0.08,0.18209213411654696,True,True,True,False
947dfa5ea9e397cfbfd4,adaptive,adaptive_allocation,3520,4204162949,16,5000,0.08,0.05,rbf,median,anytime,bonferroni,1,10,False,UNRESOLVED,5000,True,False,True,0.0003422090085223317,0.08,0.18209213411654696,True,True,True,False
f8414dcf7792de5df663,adaptive,adaptive_allocation,3521,2180572574,16,5000,0.08,0.05,rbf,median,anytime,bonferroni,1,10,False,UNRESOLVED,5000,True,False,True,0.00034258299274370074,0.08,0.18209213411654696,True,True,True,False
2ddc767f999d58348de3,adaptive,adaptive_allocation,3522,2617224094,16,5000,0.08,0.05,rbf,median,anytime,bonferroni,1,10,False,UNRESOLVED,5000,True,False,True,0.00034670799504965544,0.08,0.18209213411654696,True,True,True,False
eaa5f353425e7d4a38c7,adaptive,adaptive_allocation,3523,3329693331,16,5000,0.08,0.05,rbf,median,anytime,bonferroni,1,10,False,UNRESOLVED,5000,True,False,True,0.00034916697768494487,0.08,0.18209213411654696,True,True,True,False
b34d0da49b5e4985fc91,adaptive,adaptive_allocation,3524,2215815069,16,5000,0.08,0.05,rbf,median,anytime,bonferroni,1,10,False,UNRESOLVED,5000,True,False,True,0.00034283404238522053,0.08,0.18209213411654696,True,True,True,False
11de9a3312f60ad26a31,adaptive,adaptive_allocation,3525,3787479100,16,5000,0.08,0.05,rbf,median,anytime,bonferroni,1,10,False,UNRESOLVED,5000,True,False,True,0.000342792016454041,0.08,0.18209213411654696,True,True,True,False
4a9cadfc3259f3a9f07e,adaptive,adaptive_allocation,3526,934072782,16,5000,0.08,0.05,rbf,median,anytime,bonferroni,1,10,False,UNRESOLVED,5000,True,False,True,0.00034683302510529757,0.08,0.18209213411654696,True,True,True,False
270b82527fc5274a6856,adaptive,adaptive_allocation,3527,2738527614,16,5000,0.08,0.05,rbf,median,anytime,bonferroni,1,10,False,UNRESOLVED,5000,True,False,True,0.00035195896634832025,0.08,0.18209213411654696,True,True,True,False
65beaa64c1915be33232,adaptive,adaptive_allocation,3528,4286371356,16,5000,0.08,0.05,rbf,median,anytime,bonferroni,1,10,False,UNRESOLVED,5000,True,False,True,0.0003476249985396862,0.08,0.18209213411654696,True,True,True,False
283b1cb451500e9e51b0,adaptive,adaptive_allocation,3529,3733482874,16,5000,0.08,0.05,rbf,median,anytime,bonferroni,1,10,False,UNRESOLVED,5000,True,False,True,0.00034333299845457077,0.08,0.18209213411654696,True,True,True,False
c76035e60ac2f96b851a,adaptive,adaptive_allocation,3530,1795975818,16,5000,0.08,0.05,rbf,median,anytime,bonferroni,1,10,False,UNRESOLVED,5000,True,False,True,0.00034787500044330955,0.08,0.18209213411654696,True,True,True,False
8dfc5de8792c9818cb75,adaptive,adaptive_allocation,3531,691751260,16,5000,0.08,0.05,rbf,median,anytime,bonferroni,1,10,False,UNRESOLVED,5000,True,False,True,0.0003445830079726875,0.08,0.18209213411654696,True,True,True,False
62cc534daea963cb3412,adaptive,adaptive_allocation,3532,1644883473,16,5000,0.08,0.05,rbf,median,anytime,bonferroni,1,10,False,UNRESOLVED,5000,True,False,True,0.00034391600638628006,0.08,0.18209213411654696,True,True,True,False
1b552294ad095a9744f5,adaptive,adaptive_allocation,3533,4238116775,16,5000,0.08,0.05,rbf,median,anytime,bonferroni,1,10,False,UNRESOLVED,5000,True,False,True,0.0003446670016273856,0.08,0.18209213411654696,True,True,True,False
2b59b16d79e25aeaa2db,adaptive,adaptive_allocation,3534,3074143152,16,5000,0.08,0.05,rbf,median,anytime,bonferroni,1,10,False,UNRESOLVED,5000,True,False,True,0.00034675002098083496,0.08,0.18209213411654696,True,True,True,False
91164e2500c6f9d16b3f,adaptive,adaptive_allocation,3535,21991120,16,5000,0.08,0.05,rbf,median,anytime,bonferroni,1,10,False,UNRESOLVED,5000,True,False,True,0.0003447080380283296,0.08,0.18209213411654696,True,True,True,False
330744c184c6a67f1d41,adaptive,adaptive_allocation,3536,180994042,16,5000,0.08,0.05,rbf,median,anytime,bonferroni,1,10,False,UNRESOLVED,5000,True,False,True,0.00034550001146271825,0.08,0.18209213411654696,True,True,True,False
5997439fcce8c2ff75a0,adaptive,adaptive_allocation,3537,737501071,16,5000,0.08,0.05,rbf,median,anytime,bonferroni,1,10,False,UNRESOLVED,5000,True,False,True,0.0003471659729257226,0.08,0.18209213411654696,True,True,True,False
2372c3a826730c942fd4,adaptive,adaptive_allocation,3538,3576452692,16,5000,0.08,0.05,rbf,median,anytime,bonferroni,1,10,False,UNRESOLVED,5000,True,False,True,0.0003441250300966203,0.08,0.18209213411654696,True,True,True,False
ad2e411346bc7799e228,adaptive,adaptive_allocation,3539,3500821068,16,5000,0.08,0.05,rbf,median,anytime,bonferroni,1,10,False,UNRESOLVED,5000,True,False,True,0.0003517500008456409,0.08,0.18209213411654696,True,True,True,False
c586abdf760221b6b7c4,adaptive,adaptive_allocation,3540,3398258550,16,5000,0.08,0.05,rbf,median,anytime,bonferroni,1,10,False,UNRESOLVED,5000,True,False,True,0.0003980000037699938,0.08,0.18209213411654696,True,True,True,False
13fb643eefe55cd2c3c9,adaptive,adaptive_allocation,3541,3633051423,16,5000,0.08,0.05,rbf,median,anytime,bonferroni,1,10,False,UNRESOLVED,5000,True,False,True,0.00039854203350842,0.08,0.18209213411654696,True,True,True,False
c3877a4ad30a921927b2,adaptive,adaptive_allocation,3542,1545371126,16,5000,0.08,0.05,rbf,median,anytime,bonferroni,1,10,False,UNRESOLVED,5000,True,False,True,0.000397083000279963,0.08,0.18209213411654696,True,True,True,False
238dc7514eb05f4b2280,adaptive,adaptive_allocation,3543,3812821603,16,5000,0.08,0.05,rbf,median,anytime,bonferroni,1,10,False,UNRESOLVED,5000,True,False,True,0.0004034580197185278,0.08,0.18209213411654696,True,True,True,False
93e37f4072b3bbebd67c,adaptive,adaptive_allocation,3544,4135612838,16,5000,0.08,0.05,rbf,median,anytime,bonferroni,1,10,False,UNRESOLVED,5000,True,False,True,0.0003977909800596535,0.08,0.18209213411654696,True,True,True,False
b4cbde8f703b587db285,adaptive,adaptive_allocation,3545,2532113497,16,5000,0.08,0.05,rbf,median,anytime,bonferroni,1,10,False,UNRESOLVED,5000,True,False,True,0.0003997500170953572,0.08,0.18209213411654696,True,True,True,False
ff311ce1ef871d214ab5,adaptive,adaptive_allocation,3546,1287008197,16,5000,0.08,0.05,rbf,median,anytime,bonferroni,1,10,False,UNRESOLVED,5000,True,False,True,0.00039720797212794423,0.08,0.18209213411654696,True,True,True,False
be2d4ce8d34085673fc9,adaptive,adaptive_allocation,3547,1847721197,16,5000,0.08,0.05,rbf,median,anytime,bonferroni,1,10,False,UNRESOLVED,5000,True,False,True,0.0004052499425597489,0.08,0.18209213411654696,True,True,True,False
f9ce451f11ac21fcff0f,adaptive,adaptive_allocation,3548,3290675465,16,5000,0.08,0.05,rbf,median,anytime,bonferroni,1,10,False,UNRESOLVED,5000,True,False,True,0.0003992500132881105,0.08,0.18209213411654696,True,True,True,False
8790d3c6cd4d1cd2ace5,adaptive,adaptive_allocation,3549,605805749,16,5000,0.08,0.05,rbf,median,anytime,bonferroni,1,10,False,UNRESOLVED,5000,True,False,True,0.00040087499655783176,0.08,0.18209213411654696,True,True,True,False
47bc125de3529445b74f,adaptive,adaptive_allocation,3550,3856173035,16,5000,0.08,0.05,rbf,median,anytime,bonferroni,1,10,False,UNRESOLVED,5000,True,False,True,0.0003997090389020741,0.08,0.18209213411654696,True,True,True,False
6b83526bb1be636a0809,adaptive,adaptive_allocation,3551,4282366845,16,5000,0.08,0.05,rbf,median,anytime,bonferroni,1,10,False,UNRESOLVED,5000,True,False,True,0.00040437502320855856,0.08,0.18209213411654696,True,True,True,False
5b13c13a6e9411f5bc18,adaptive,adaptive_allocation,3552,3422956670,16,5000,0.08,0.05,rbf,median,anytime,bonferroni,1,10,False,UNRESOLVED,5000,True,False,True,0.00039895897498354316,0.08,0.18209213411654696,True,True,True,False
4c9ee2fe1631dbbaded8,adaptive,adaptive_allocation,3553,3247884369,16,5000,0.08,0.05,rbf,median,anytime,bonferroni,1,10,False,UNRESOLVED,5000,True,False,True,0.00040262500988319516,0.08,0.18209213411654696,True,True,True,False
f1d2ce01ca6d6a13e4ca,adaptive,adaptive_allocation,3554,3603525408,16,5000,0.08,0.05,rbf,median,anytime,bonferroni,1,10,False,UNRESOLVED,5000,True,False,True,0.00039783300599083304,0.08,0.18209213411654696,True,True,True,False
3c74c4ab55ec5b5835a7,adaptive,adaptive_allocation,3555,3224627506,16,5000,0.08,0.05,rbf,median,anytime,bonferroni,1,10,False,UNRESOLVED,5000,True,False,True,0.0004116670461371541,0.08,0.18209213411654696,True,True,True,False
cf6541000b9acd25511f,adaptive,adaptive_allocation,3556,2250917544,16,5000,0.08,0.05,rbf,median,anytime,bonferroni,1,10,False,UNRESOLVED,5000,True,False,True,0.00039933400694280863,0.08,0.18209213411654696,True,True,True,False
78240b7e818aea792e9e,adaptive,adaptive_allocation,3557,123077168,16,5000,0.08,0.05,rbf,median,anytime,bonferroni,1,10,False,UNRESOLVED,5000,True,False,True,0.00040074996650218964,0.08,0.18209213411654696,True,True,True,False
d99bde28e5891797a53f,adaptive,adaptive_allocation,3558,644895992,16,5000,0.08,0.05,rbf,median,anytime,bonferroni,1,10,False,UNRESOLVED,5000,True,False,True,0.00040137500036507845,0.08,0.18209213411654696,True,True,True,False
fbe2ca79de5a11837c32,adaptive,adaptive_allocation,3559,2275750957,16,5000,0.08,0.05,rbf,median,anytime,bonferroni,1,10,False,UNRESOLVED,5000,True,False,True,0.00040254200575873256,0.08,0.18209213411654696,True,True,True,False
212f5f341898d1994166,adaptive,adaptive_allocation,3560,3265009749,16,5000,0.08,0.05,rbf,median,anytime,bonferroni,1,10,False,UNRESOLVED,5000,True,False,True,0.0003982910420745611,0.08,0.18209213411654696,True,True,True,False
33fa6f90982ef0c080e0,adaptive,adaptive_allocation,3561,2419991735,16,5000,0.08,0.05,rbf,median,anytime,bonferroni,1,10,False,UNRESOLVED,5000,True,False,True,0.0003964579664170742,0.08,0.18209213411654696,True,True,True,False
bbfd32e6980fcdacdf91,adaptive,adaptive_allocation,3562,1757484145,16,5000,0.08,0.05,rbf,median,anytime,bonferroni,1,10,False,UNRESOLVED,5000,True,False,True,0.0003967920201830566,0.08,0.18209213411654696,True,True,True,False
9d81cbb010a100e718ff,adaptive,adaptive_allocation,3563,2721248575,16,5000,0.08,0.05,rbf,median,anytime,bonferroni,1,10,False,UNRESOLVED,5000,True,False,True,0.0004034580197185278,0.08,0.18209213411654696,True,True,True,False
ab44b856011f61063cf8,adaptive,adaptive_allocation,3564,2858768009,16,5000,0.08,0.05,rbf,median,anytime,bonferroni,1,10,False,UNRESOLVED,5000,True,False,True,0.0003979590255767107,0.08,0.18209213411654696,True,True,True,False
449088acbf4c97183a51,adaptive,adaptive_allocation,3565,315563477,16,5000,0.08,0.05,rbf,median,anytime,bonferroni,1,10,False,UNRESOLVED,5000,True,False,True,0.00039674999425187707,0.08,0.18209213411654696,True,True,True,False
b0af67f23818b3e85c43,adaptive,adaptive_allocation,3566,739115427,16,5000,0.08,0.05,rbf,median,anytime,bonferroni,1,10,False,UNRESOLVED,5000,True,False,True,0.0003987500094808638,0.08,0.18209213411654696,True,True,True,False
e8681de59f74c119d7ef,adaptive,adaptive_allocation,3567,335674057,16,5000,0.08,0.05,rbf,median,anytime,bonferroni,1,10,False,UNRESOLVED,5000,True,False,True,0.0004000000189989805,0.08,0.18209213411654696,True,True,True,False
b531ee871a91881fc695,adaptive,adaptive_allocation,3568,238705460,16,5000,0.08,0.05,rbf,median,anytime,bonferroni,1,10,False,UNRESOLVED,5000,True,False,True,0.0003489580121822655,0.08,0.18209213411654696,True,True,True,False
98a013add5e120b05dea,adaptive,adaptive_allocation,3569,3814429984,16,5000,0.08,0.05,rbf,median,anytime,bonferroni,1,10,False,UNRESOLVED,5000,True,False,True,0.0003428329946473241,0.08,0.18209213411654696,True,True,True,False
d10d1a180ac785b5f6fd,adaptive,adaptive_allocation,3570,1734769549,16,5000,0.08,0.05,rbf,median,anytime,bonferroni,1,10,False,UNRESOLVED,5000,True,False,True,0.0003416250110603869,0.08,0.18209213411654696,True,True,True,False
a20f1124172b6cc7b5e7,adaptive,adaptive_allocation,3571,559153406,16,5000,0.08,0.05,rbf,median,anytime,bonferroni,1,10,False,UNRESOLVED,5000,True,False,True,0.0003464160254225135,0.08,0.18209213411654696,True,True,True,False
3bcd4aac0708da9f491d,adaptive,adaptive_allocation,3572,4140379117,16,5000,0.08,0.05,rbf,median,anytime,bonferroni,1,10,False,UNRESOLVED,5000,True,False,True,0.00034608301939442754,0.08,0.18209213411654696,True,True,True,False
35aa87657c06ed38c748,adaptive,adaptive_allocation,3573,3166760228,16,5000,0.08,0.05,rbf,median,anytime,bonferroni,1,10,False,UNRESOLVED,5000,True,False,True,0.00034604198299348354,0.08,0.18209213411654696,True,True,True,False
d8e04eacfa1a350d1c23,adaptive,adaptive_allocation,3574,3578985578,16,5000,0.08,0.05,rbf,median,anytime,bonferroni,1,10,False,UNRESOLVED,5000,True,False,True,0.00034320802660658956,0.08,0.18209213411654696,True,True,True,False
341b9594468c9af6285b,adaptive,adaptive_allocation,3575,1486871926,16,5000,0.08,0.05,rbf,median,anytime,bonferroni,1,10,False,UNRESOLVED,5000,True,False,True,0.00034562498331069946,0.08,0.18209213411654696,True,True,True,False
25265513e376f47614e4,adaptive,adaptive_allocation,3576,1635594856,16,5000,0.08,0.05,rbf,median,anytime,bonferroni,1,10,False,UNRESOLVED,5000,True,False,True,0.000345999957062304,0.08,0.18209213411654696,True,True,True,False
c254514a97ee0241f7c0,adaptive,adaptive_allocation,3577,556538145,16,5000,0.08,0.05,rbf,median,anytime,bonferroni,1,10,False,UNRESOLVED,5000,True,False,True,0.00034783297451213,0.08,0.18209213411654696,True,True,True,False
af2e3ef4f34ec5aa00cc,adaptive,adaptive_allocation,3578,2169074200,16,5000,0.08,0.05,rbf,median,anytime,bonferroni,1,10,False,UNRESOLVED,5000,True,False,True,0.00034629105357453227,0.08,0.18209213411654696,True,True,True,False
d0956405384d8d73ab7f,adaptive,adaptive_allocation,3579,178570005,16,5000,0.08,0.05,rbf,median,anytime,bonferroni,1,10,False,UNRESOLVED,5000,True,False,True,0.00034729199251160026,0.08,0.18209213411654696,True,True,True,False
8f08caa113b1060e7f98,adaptive,adaptive_allocation,3580,1893827650,16,5000,0.08,0.05,rbf,median,anytime,bonferroni,1,10,False,UNRESOLVED,5000,True,False,True,0.00034612498711794615,0.08,0.18209213411654696,True,True,True,False
60862187b0e4d3110d3d,adaptive,adaptive_allocation,3581,487937035,16,5000,0.08,0.05,rbf,median,anytime,bonferroni,1,10,False,UNRESOLVED,5000,True,False,True,0.00034374999813735485,0.08,0.18209213411654696,True,True,True,False
b34d14645b7bda9f231e,adaptive,adaptive_allocation,3582,2866929859,16,5000,0.08,0.05,rbf,median,anytime,bonferroni,1,10,False,UNRESOLVED,5000,True,False,True,0.00034433399559929967,0.08,0.18209213411654696,True,True,True,False
c06b0d2fbe5188a057f1,adaptive,adaptive_allocation,3583,511888251,16,5000,0.08,0.05,rbf,median,anytime,bonferroni,1,10,False,UNRESOLVED,5000,True,False,True,0.00034716702066361904,0.08,0.18209213411654696,True,True,True,False
22bc5f7939b72b612e8a,adaptive,adaptive_allocation,3584,1232847324,16,5000,0.08,0.05,rbf,median,anytime,bonferroni,1,10,False,UNRESOLVED,5000,True,False,True,0.0003463330212980509,0.08,0.18209213411654696,True,True,True,False
e4c884000906adad0cdb,adaptive,adaptive_allocation,3585,1050277800,16,5000,0.08,0.05,rbf,median,anytime,bonferroni,1,10,False,UNRESOLVED,5000,True,False,True,0.0003459579893387854,0.08,0.18209213411654696,True,True,True,False
ac7ef2ef5f4c911e28d5,adaptive,adaptive_allocation,3586,2183918569,16,5000,0.08,0.05,rbf,median,anytime,bonferroni,1,10,False,UNRESOLVED,5000,True,False,True,0.0003439590218476951,0.08,0.18209213411654696,True,True,True,False
8b40524e40de9f6a3448,adaptive,adaptive_allocation,3587,2477800933,16,5000,0.08,0.05,rbf,median,anytime,bonferroni,1,10,False,UNRESOLVED,5000,True,False,True,0.0003476659767329693,0.08,0.18209213411654696,True,True,True,False
edb6620c49f7fc78b0bc,adaptive,adaptive_allocation,3588,2952459171,16,5000,0.08,0.05,rbf,median,anytime,bonferroni,1,10,False,UNRESOLVED,5000,True,False,True,0.0003434169921092689,0.08,0.18209213411654696,True,True,True,False
6a4a8d72d76edba38b4e,adaptive,adaptive_allocation,3589,2720141466,16,5000,0.08,0.05,rbf,median,anytime,bonferroni,1,10,False,UNRESOLVED,5000,True,False,True,0.0003446249756962061,0.08,0.18209213411654696,True,True,True,False
3fdf0811edc886af3bb7,adaptive,adaptive_allocation,3590,2101776058,16,5000,0.08,0.05,rbf,median,anytime,bonferroni,1,10,False,UNRESOLVED,5000,True,False,True,0.00034379097633063793,0.08,0.18209213411654696,True,True,True,False
d190ed68170c98033519,adaptive,adaptive_allocation,3591,4089640380,16,5000,0.08,0.05,rbf,median,anytime,bonferroni,1,10,False,UNRESOLVED,5000,True,False,True,0.0003446670016273856,0.08,0.18209213411654696,True,True,True,False
26ca851c684b66739fd9,adaptive,adaptive_allocation,3592,2876667603,16,5000,0.08,0.05,rbf,median,anytime,bonferroni,1,10,False,UNRESOLVED,5000,True,False,True,0.00034420896554365754,0.08,0.18209213411654696,True,True,True,False
7239b74cb27f77f250ea,adaptive,adaptive_allocation,3593,3799310464,16,5000,0.08,0.05,rbf,median,anytime,bonferroni,1,10,False,UNRESOLVED,5000,True,False,True,0.00034329103073105216,0.08,0.18209213411654696,True,True,True,False
d2c746b2d88253f01201,adaptive,adaptive_allocation,3594,4290191100,16,5000,0.08,0.05,rbf,median,anytime,bonferroni,1,10,False,UNRESOLVED,5000,True,False,True,0.0003436660044826567,0.08,0.18209213411654696,True,True,True,False
674499b3b3462860751e,adaptive,adaptive_allocation,3595,1839300536,16,5000,0.08,0.05,rbf,median,anytime,bonferroni,1,10,False,UNRESOLVED,5000,True,False,True,0.0003488750080578029,0.08,0.18209213411654696,True,True,True,False
62f4d29ec0a0649b7653,adaptive,adaptive_allocation,3596,1907923251,16,5000,0.08,0.05,rbf,median,anytime,bonferroni,1,10,False,UNRESOLVED,5000,True,False,True,0.0003468749928288162,0.08,0.18209213411654696,True,True,True,False
040a5f3bc150c66a3788,adaptive,adaptive_allocation,3597,3914828222,16,5000,0.08,0.05,rbf,median,anytime,bonferroni,1,10,False,UNRESOLVED,5000,True,False,True,0.00034312502248212695,0.08,0.18209213411654696,True,True,True,False
34e55fb46900630b16f8,adaptive,adaptive_allocation,3598,4184336370,16,5000,0.08,0.05,rbf,median,anytime,bonferroni,1,10,False,UNRESOLVED,5000,True,False,True,0.00034441601019352674,0.08,0.18209213411654696,True,True,True,False
6d2b4b69f3b43f17af9a,adaptive,adaptive_allocation,3599,2505803309,16,5000,0.08,0.05,rbf,median,anytime,bonferroni,1,10,False,UNRESOLVED,5000,True,False,True,0.0003482909523881972,0.08,0.18209213411654696,True,True,True,False
731b5241354672f651b6,adaptive,adaptive_allocation,3600,2727667244,16,5000,0.08,0.05,rbf,median,anytime,bonferroni,1,10,False,UNRESOLVED,5000,True,False,True,0.0003504999913275242,0.08,0.18209213411654696,True,True,True,False
ae4dcae0f9081867850f,adaptive,adaptive_allocation,3601,4261249512,16,5000,0.08,0.05,rbf,median,anytime,bonferroni,1,10,False,UNRESOLVED,5000,True,False,True,0.0004005829687230289,0.08,0.18209213411654696,True,True,True,False
602b11acc0499614147e,adaptive,adaptive_allocation,3602,864683858,16,5000,0.08,0.05,rbf,median,anytime,bonferroni,1,10,False,UNRESOLVED,5000,True,False,True,0.0004005000228062272,0.08,0.18209213411654696,True,True,True,False
f7ecbb1831ca0adf9519,adaptive,adaptive_allocation,3603,2846128439,16,5000,0.08,0.05,rbf,median,anytime,bonferroni,1,10,False,UNRESOLVED,5000,True,False,True,0.00040395901305601,0.08,0.18209213411654696,True,True,True,False
9b8c8c5f4f3a52df3c42,adaptive,adaptive_allocation,3604,997396909,16,5000,0.08,0.05,rbf,median,anytime,bonferroni,1,10,False,UNRESOLVED,5000,True,False,True,0.00040016701677814126,0.08,0.18209213411654696,True,True,True,False
3a0326b300d385fe07f5,adaptive,adaptive_allocation,3605,1753633106,16,5000,0.08,0.05,rbf,median,anytime,bonferroni,1,10,False,UNRESOLVED,5000,True,False,True,0.00039829203160479665,0.08,0.18209213411654696,True,True,True,False
ca3e7b8b6c49137e07dd,adaptive,adaptive_allocation,3606,3286008984,16,5000,0.08,0.05,rbf,median,anytime,bonferroni,1,10,False,UNRESOLVED,5000,True,False,True,0.0003987909876741469,0.08,0.18209213411654696,True,True,True,False
84d0ace07a5d6a475a9b,adaptive,adaptive_allocation,3607,480729737,16,5000,0.08,0.05,rbf,median,anytime,bonferroni,1,10,False,UNRESOLVED,5000,True,False,True,0.0004069579881615937,0.08,0.18209213411654696,True,True,True,False
00fcd781f72b83f21971,adaptive,adaptive_allocation,3608,1157419768,16,5000,0.08,0.05,rbf,median,anytime,bonferroni,1,10,False,UNRESOLVED,5000,True,False,True,0.0004023750079795718,0.08,0.18209213411654696,True,True,True,False
09b076812553b203d828,adaptive,adaptive_allocation,3609,909729547,16,5000,0.08,0.05,rbf,median,anytime,bonferroni,1,10,False,UNRESOLVED,5000,True,False,True,0.000401084020268172,0.08,0.18209213411654696,True,True,True,False
50e81ef0b8e237d16ab0,adaptive,adaptive_allocation,3610,3800875641,16,5000,0.08,0.05,rbf,median,anytime,bonferroni,1,10,False,UNRESOLVED,5000,True,False,True,0.0003995409933850169,0.08,0.18209213411654696,True,True,True,False
f8bec3bb3199d0b637f8,adaptive,adaptive_allocation,3611,798948144,16,5000,0.08,0.05,rbf,median,anytime,bonferroni,1,10,False,UNRESOLVED,5000,True,False,True,0.0004011660348623991,0.08,0.18209213411654696,True,True,True,False
4b83c283635d0a7aa3b6,adaptive,adaptive_allocation,3612,734744086,16,5000,0.08,0.05,rbf,median,anytime,bonferroni,1,10,False,UNRESOLVED,5000,True,False,True,0.00040187500417232513,0.08,0.18209213411654696,True,True,True,False
c7c92d4dc8aa589b0955,adaptive,adaptive_allocation,3613,1869423347,16,5000,0.08,0.05,rbf,median,anytime,bonferroni,1,10,False,UNRESOLVED,5000,True,False,True,0.00039833300979807973,0.08,0.18209213411654696,True,True,True,False
e26d5c272e9f0ec9fed4,adaptive,adaptive_allocation,3614,260094665,16,5000,0.08,0.05,rbf,median,anytime,bonferroni,1,10,False,UNRESOLVED,5000,True,False,True,0.00039950001519173384,0.08,0.18209213411654696,True,True,True,False
32f92fce7f7708ae8edc,adaptive,adaptive_allocation,3615,1914332680,16,5000,0.08,0.05,rbf,median,anytime,bonferroni,1,10,False,UNRESOLVED,5000,True,False,True,0.00040645903209224343,0.08,0.18209213411654696,True,True,True,False
2040218470795830e72a,adaptive,adaptive_allocation,3616,363530821,16,5000,0.08,0.05,rbf,median,anytime,bonferroni,1,10,False,UNRESOLVED,5000,True,False,True,0.0003986660158261657,0.08,0.18209213411654696,True,True,True,False
678650d2a1bc4fe516e6,adaptive,adaptive_allocation,3617,2620366361,16,5000,0.08,0.05,rbf,median,anytime,bonferroni,1,10,False,UNRESOLVED,5000,True,False,True,0.00040095800068229437,0.08,0.18209213411654696,True,True,True,False
21d97f2cbc5863cec6f2,adaptive,adaptive_allocation,3618,1622531081,16,5000,0.08,0.05,rbf,median,anytime,bonferroni,1,10,False,UNRESOLVED,5000,True,False,True,0.0003975409781560302,0.08,0.18209213411654696,True,True,True,False
c2e9911fccace61fa03f,adaptive,adaptive_allocation,3619,1317868554,16,5000,0.08,0.05,rbf,median,anytime,bonferroni,1,10,False,UNRESOLVED,5000,True,False,True,0.0004047080292366445,0.08,0.18209213411654696,True,True,True,False
148976785e1991f7e0ce,adaptive,adaptive_allocation,3620,2845935035,16,5000,0.08,0.05,rbf,median,anytime,bonferroni,1,10,False,UNRESOLVED,5000,True,False,True,0.00039904098957777023,0.08,0.18209213411654696,True,True,True,False
5e5cfe727061149a1a82,adaptive,adaptive_allocation,3621,297427478,16,5000,0.08,0.05,rbf,median,anytime,bonferroni,1,10,False,UNRESOLVED,5000,True,False,True,0.0003993749851360917,0.08,0.18209213411654696,True,True,True,False
a4889c4710c3492ad99b,adaptive,adaptive_allocation,3622,3560543945,16,5000,0.08,0.05,rbf,median,anytime,bonferroni,1,10,False,UNRESOLVED,5000,True,False,True,0.00039787497371435165,0.08,0.18209213411654696,True,True,True,False
3554350ba0032f62f185,adaptive,adaptive_allocation,3623,938698144,16,5000,0.08,0.05,rbf,median,anytime,bonferroni,1,10,False,UNRESOLVED,5000,True,False,True,0.0004107910208404064,0.08,0.18209213411654696,True,True,True,False
95c23955af136978762b,adaptive,adaptive_allocation,3624,2831489982,16,5000,0.08,0.05,rbf,median,anytime,bonferroni,1,10,False,UNRESOLVED,5000,True,False,True,0.00039729103446006775,0.08,0.18209213411654696,True,True,True,False
51f50ee8ee3a17962f05,adaptive,adaptive_allocation,3625,867972772,16,5000,0.08,0.05,rbf,median,anytime,bonferroni,1,10,False,UNRESOLVED,5000,True,False,True,0.00039658299647271633,0.08,0.18209213411654696,True,True,True,False
cd1dacc640841d676cf6,adaptive,adaptive_allocation,3626,2398291797,16,5000,0.08,0.05,rbf,median,anytime,bonferroni,1,10,False,UNRESOLVED,5000,True,False,True,0.000399957993067801,0.08,0.18209213411654696,True,True,True,False
fcffbc9ae0e9628c08f4,adaptive,adaptive_allocation,3627,2634062292,16,5000,0.08,0.05,rbf,median,anytime,bonferroni,1,10,False,UNRESOLVED,5000,True,False,True,0.0004056670004501939,0.08,0.18209213411654696,True,True,True,False
4b345a9a5bd3fa550cf4,adaptive,adaptive_allocation,3628,3849007742,16,5000,0.08,0.05,rbf,median,anytime,bonferroni,1,10,False,UNRESOLVED,5000,True,False,True,0.0003987919772043824,0.08,0.18209213411654696,True,True,True,False
49eb6b216d502353fb7d,adaptive,adaptive_allocation,3629,668335937,16,5000,0.08,0.05,rbf,median,anytime,bonferroni,1,10,False,UNRESOLVED,5000,True,False,True,0.000352917006239295,0.08,0.18209213411654696,True,True,True,False
fe2df1fd99d690e07ccf,adaptive,adaptive_allocation,3630,1322409377,16,5000,0.08,0.05,rbf,median,anytime,bonferroni,1,10,False,UNRESOLVED,5000,True,False,True,0.0003476249985396862,0.08,0.18209213411654696,True,True,True,False
bddd3c159b2fe41ecf95,adaptive,adaptive_allocation,3631,4222963669,16,5000,0.08,0.05,rbf,median,anytime,bonferroni,1,10,False,UNRESOLVED,5000,True,False,True,0.0003469579969532788,0.08,0.18209213411654696,True,True,True,False
8b346eb7bc3079f0a343,adaptive,adaptive_allocation,3632,3075084032,16,5000,0.08,0.05,rbf,median,anytime,bonferroni,1,10,False,UNRESOLVED,5000,True,False,True,0.00034354202216491103,0.08,0.18209213411654696,True,True,True,False
abb49668678f41dcdaa3,adaptive,adaptive_allocation,3633,3787374363,16,5000,0.08,0.05,rbf,median,anytime,bonferroni,1,10,False,UNRESOLVED,5000,True,False,True,0.00034362502628937364,0.08,0.18209213411654696,True,True,True,False
c3aca8c137f50af1ca8b,adaptive,adaptive_allocation,3634,2757029236,16,5000,0.08,0.05,rbf,median,anytime,bonferroni,1,10,False,UNRESOLVED,5000,True,False,True,0.00034754100488498807,0.08,0.18209213411654696,True,True,True,False
3aa7f9c9b3600f65e407,adaptive,adaptive_allocation,3635,1713554857,16,5000,0.08,0.05,rbf,median,anytime,bonferroni,1,10,False,UNRESOLVED,5000,True,False,True,0.00034808297641575336,0.08,0.18209213411654696,True,True,True,False
048fa413d030da33e84b,adaptive,adaptive_allocation,3636,2288634839,16,5000,0.08,0.05,rbf,median,anytime,bonferroni,1,10,False,UNRESOLVED,5000,True,False,True,0.0003442909801378846,0.08,0.18209213411654696,True,True,True,False
89da8fee3a90072557b2,adaptive,adaptive_allocation,3637,3553563139,16,5000,0.08,0.05,rbf,median,anytime,bonferroni,1,10,False,UNRESOLVED,5000,True,False,True,0.00034537503961473703,0.08,0.18209213411654696,True,True,True,False
038d701f6ea7806707fd,adaptive,adaptive_allocation,3638,890501800,16,5000,0.08,0.05,rbf,median,anytime,bonferroni,1,10,False,UNRESOLVED,5000,True,False,True,0.00034562498331069946,0.08,0.18209213411654696,True,True,True,False
fa78804261b75ee4ffc5,adaptive,adaptive_allocation,3639,2224765040,16,5000,0.08,0.05,rbf,median,anytime,bonferroni,1,10,False,UNRESOLVED,5000,True,False,True,0.0003501659957692027,0.08,0.18209213411654696,True,True,True,False
cbb0db9c28433915f463,adaptive,adaptive_allocation,3640,3087901071,16,5000,0.08,0.05,rbf,median,anytime,bonferroni,1,10,False,UNRESOLVED,5000,True,False,True,0.00034374999813735485,0.08,0.18209213411654696,True,True,True,False
8687cfcabba451e96f1c,adaptive,adaptive_allocation,3641,3278581298,16,5000,0.08,0.05,rbf,median,anytime,bonferroni,1,10,False,UNRESOLVED,5000,True,False,True,0.0003469999646767974,0.08,0.18209213411654696,True,True,True,False
bf8d20fbd1c0820d9cc7,adaptive,adaptive_allocation,3642,3303357524,16,5000,0.08,0.05,rbf,median,anytime,bonferroni,1,10,False,UNRESOLVED,5000,True,False,True,0.00034566596150398254,0.08,0.18209213411654696,True,True,True,False
0d5c6060d5b9431428c8,adaptive,adaptive_allocation,3643,2665383390,16,5000,0.08,0.05,rbf,median,anytime,bonferroni,1,10,False,UNRESOLVED,5000,True,False,True,0.0003464999608695507,0.08,0.18209213411654696,True,True,True,False
2de82f7773cafee2a96e,adaptive,adaptive_allocation,3644,130679173,16,5000,0.08,0.05,rbf,median,anytime,bonferroni,1,10,False,UNRESOLVED,5000,True,False,True,0.0003434170503169298,0.08,0.18209213411654696,True,True,True,False
7aba9119295ba41f4b9b,adaptive,adaptive_allocation,3645,2082174587,16,5000,0.08,0.05,rbf,median,anytime,bonferroni,1,10,False,UNRESOLVED,5000,True,False,True,0.00034300005063414574,0.08,0.18209213411654696,True,True,True,False
983a8dc93d902249ec4e,adaptive,adaptive_allocation,3646,1695678815,16,5000,0.08,0.05,rbf,median,anytime,bonferroni,1,10,False,UNRESOLVED,5000,True,False,True,0.0003446670016273856,0.08,0.18209213411654696,True,True,True,False
f2eb3a022bc84725db51,adaptive,adaptive_allocation,3647,3635711554,16,5000,0.08,0.05,rbf,median,anytime,bonferroni,1,10,False,UNRESOLVED,5000,True,False,True,0.000349292007740587,0.08,0.18209213411654696,True,True,True,False
1fac3975631922860f7d,adaptive,adaptive_allocation,3648,2395692462,16,5000,0.08,0.05,rbf,median,anytime,bonferroni,1,10,False,UNRESOLVED,5000,True,False,True,0.0003445000038482249,0.08,0.18209213411654696,True,True,True,False
9ded6a62e8e1f744d2c5,adaptive,adaptive_allocation,3649,1898714284,16,5000,0.08,0.05,rbf,median,anytime,bonferroni,1,10,False,UNRESOLVED,5000,True,False,True,0.0003427499905228615,0.08,0.18209213411654696,True,True,True,False
fa4727b61476c0b0edce,adaptive,adaptive_allocation,3650,385483470,16,5000,0.08,0.05,rbf,median,anytime,bonferroni,1,10,False,UNRESOLVED,5000,True,False,True,0.0003441250300966203,0.08,0.18209213411654696,True,True,True,False
69656917b4e698d3e10b,adaptive,adaptive_allocation,3651,1382047112,16,5000,0.08,0.05,rbf,median,anytime,bonferroni,1,10,False,UNRESOLVED,5000,True,False,True,0.0003470000228844583,0.08,0.18209213411654696,True,True,True,False
ba38a576eb8b06858fff,adaptive,adaptive_allocation,3652,2542015893,16,5000,0.08,0.05,rbf,median,anytime,bonferroni,1,10,False,UNRESOLVED,5000,True,False,True,0.0003447500057518482,0.08,0.18209213411654696,True,True,True,False
92460b39e858ed59c690,adaptive,adaptive_allocation,3653,363780412,16,5000,0.08,0.05,rbf,median,anytime,bonferroni,1,10,False,UNRESOLVED,5000,True,False,True,0.00034612498711794615,0.08,0.18209213411654696,True,True,True,False
7d36a8156154af4f7f6e,adaptive,adaptive_allocation,3654,2552076777,16,5000,0.08,0.05,rbf,median,anytime,bonferroni,1,10,False,UNRESOLVED,5000,True,False,True,0.0003452500095590949,0.08,0.18209213411654696,True,True,True,False
c8b64f49c2dac0429daf,adaptive,adaptive_allocation,3655,3298407297,16,5000,0.08,0.05,rbf,median,anytime,bonferroni,1,10,False,UNRESOLVED,5000,True,False,True,0.0003448330098763108,0.08,0.18209213411654696,True,True,True,False
7cbf56cabf1bcc066255,adaptive,adaptive_allocation,3656,3091962100,16,5000,0.08,0.05,rbf,median,anytime,bonferroni,1,10,False,UNRESOLVED,5000,True,False,True,0.000346417014952749,0.08,0.18209213411654696,True,True,True,False
230e8b34f5cf681faa14,adaptive,adaptive_allocation,3657,953300160,16,5000,0.08,0.05,rbf,median,anytime,bonferroni,1,10,False,UNRESOLVED,5000,True,False,True,0.00034433399559929967,0.08,0.18209213411654696,True,True,True,False
d345dd3871bfa46e3eb7,adaptive,adaptive_allocation,3658,4018244944,16,5000,0.08,0.05,rbf,median,anytime,bonferroni,1,10,False,UNRESOLVED,5000,True,False,True,0.00034849997609853745,0.08,0.18209213411654696,True,True,True,False
4c9e919fe31acb8d58c7,adaptive,adaptive_allocation,3659,1509327811,16,5000,0.08,0.05,rbf,median,anytime,bonferroni,1,10,False,UNRESOLVED,5000,True,False,True,0.000346417014952749,0.08,0.18209213411654696,True,True,True,False
4c8613f810eaa79fcd0d,adaptive,adaptive_allocation,3660,2123984417,16,5000,0.08,0.05,rbf,median,anytime,bonferroni,1,10,False,UNRESOLVED,5000,True,False,True,0.0003457089769653976,0.08,0.18209213411654696,True,True,True,False
fd8dcec1e8ce4cbcccc9,adaptive,adaptive_allocation,3661,3622677878,16,5000,0.08,0.05,rbf,median,anytime,bonferroni,1,10,False,UNRESOLVED,5000,True,False,True,0.000348250032402575,0.08,0.18209213411654696,True,True,True,False
18f56a61ffcaa32ee8b3,adaptive,adaptive_allocation,3662,421848344,16,5000,0.08,0.05,rbf,median,anytime,bonferroni,1,10,False,UNRESOLVED,5000,True,False,True,0.00034445797791704535,0.08,0.18209213411654696,True,True,True,False
a90a2e963bea70958602,adaptive,adaptive_allocation,3663,1055315899,16,5000,0.08,0.05,rbf,median,anytime,bonferroni,1,10,False,UNRESOLVED,5000,True,False,True,0.0003462919848971069,0.08,0.18209213411654696,True,True,True,False
a8e3ec6194bbe8c7af1f,adaptive,adaptive_allocation,3664,474363581,16,5000,0.08,0.05,rbf,median,anytime,bonferroni,1,10,False,UNRESOLVED,5000,True,False,True,0.00034683296689763665,0.08,0.18209213411654696,True,True,True,False
3e6c07513b5654ebcbaf,adaptive,adaptive_allocation,3665,4289223655,16,5000,0.08,0.05,rbf,median,anytime,bonferroni,1,10,False,UNRESOLVED,5000,True,False,True,0.00034770899219438434,0.08,0.18209213411654696,True,True,True,False
888a6229f37fcd64248f,adaptive,adaptive_allocation,3666,1339426345,16,5000,0.08,0.05,rbf,median,anytime,bonferroni,1,10,False,UNRESOLVED,5000,True,False,True,0.0003440839936956763,0.08,0.18209213411654696,True,True,True,False
ac9d3e20f8fdc115e221,adaptive,adaptive_allocation,3667,2771916182,16,5000,0.08,0.05,rbf,median,anytime,bonferroni,1,10,False,UNRESOLVED,5000,True,False,True,0.0003459580475464463,0.08,0.18209213411654696,True,True,True,False
c524119da7dbebd181dd,adaptive,adaptive_allocation,3668,1413950002,16,5000,0.08,0.05,rbf,median,anytime,bonferroni,1,10,False,UNRESOLVED,5000,True,False,True,0.000344583997502923,0.08,0.18209213411654696,True,True,True,False
b0b0d389cdd6cb55cc22,adaptive,adaptive_allocation,3669,516473854,16,5000,0.08,0.05,rbf,median,anytime,bonferroni,1,10,False,UNRESOLVED,5000,True,False,True,0.0003448329516686499,0.08,0.18209213411654696,True,True,True,False
d961cc7e0aa85b6970a4,adaptive,adaptive_allocation,3670,3409069143,16,5000,0.08,0.05,rbf,median,anytime,bonferroni,1,10,False,UNRESOLVED,5000,True,False,True,0.0003442080342210829,0.08,0.18209213411654696,True,True,True,False
21467c957718e3b6868c,adaptive,adaptive_allocation,3671,1571245950,16,5000,0.08,0.05,rbf,median,anytime,bonferroni,1,10,False,UNRESOLVED,5000,True,False,True,0.0003484160406515002,0.08,0.18209213411654696,True,True,True,False
0c7e1df3366ba1837097,adaptive,adaptive_allocation,3672,1230047311,16,5000,0.08,0.05,rbf,median,anytime,bonferroni,1,10,False,UNRESOLVED,5000,True,False,True,0.00034420902375131845,0.08,0.18209213411654696,True,True,True,False
e9281019967557008109,adaptive,adaptive_allocation,3673,3357596446,16,5000,0.08,0.05,rbf,median,anytime,bonferroni,1,10,False,UNRESOLVED,5000,True,False,True,0.00034491700353100896,0.08,0.18209213411654696,True,True,True,False
67eed23d1e06b9934c3c,adaptive,adaptive_allocation,3674,1200851040,16,5000,0.08,0.05,rbf,median,anytime,bonferroni,1,10,False,UNRESOLVED,5000,True,False,True,0.0003428750205785036,0.08,0.18209213411654696,True,True,True,False
2a296a03bc27478e177e,adaptive,adaptive_allocation,3675,3228391024,16,5000,0.08,0.05,rbf,median,anytime,bonferroni,1,10,False,UNRESOLVED,5000,True,False,True,0.0003477080026641488,0.08,0.18209213411654696,True,True,True,False
0388b5d7fb9cade306e1,adaptive,adaptive_allocation,3676,1030872876,16,5000,0.08,0.05,rbf,median,anytime,bonferroni,1,10,False,UNRESOLVED,5000,True,False,True,0.00034395797410979867,0.08,0.18209213411654696,True,True,True,False
fc128680e0a1f783d67f,adaptive,adaptive_allocation,3677,3683193435,16,5000,0.08,0.05,rbf,median,anytime,bonferroni,1,10,False,UNRESOLVED,5000,True,False,True,0.00034437503200024366,0.08,0.18209213411654696,True,True,True,False
f4d06e6ef18a2dae9b3e,adaptive,adaptive_allocation,3678,1069289642,16,5000,0.08,0.05,rbf,median,anytime,bonferroni,1,10,False,UNRESOLVED,5000,True,False,True,0.00034662499092519283,0.08,0.18209213411654696,True,True,True,False
7f44640a89fd473c33a9,adaptive,adaptive_allocation,3679,309632037,16,5000,0.08,0.05,rbf,median,anytime,bonferroni,1,10,False,UNRESOLVED,5000,True,False,True,0.0003468749928288162,0.08,0.18209213411654696,True,True,True,False
c15ed169dcc441ef9763,adaptive,adaptive_allocation,3680,641410862,16,5000,0.08,0.05,rbf,median,anytime,bonferroni,1,10,False,UNRESOLVED,5000,True,False,True,0.0003447500057518482,0.08,0.18209213411654696,True,True,True,False
9bee6dc1284fe9cf43d6,adaptive,adaptive_allocation,3681,112419445,16,5000,0.08,0.05,rbf,median,anytime,bonferroni,1,10,False,UNRESOLVED,5000,True,False,True,0.0003454160178080201,0.08,0.18209213411654696,True,True,True,False
0bfd9e1b5ca39cecb819,adaptive,adaptive_allocation,3682,2394783727,16,5000,0.08,0.05,rbf,median,anytime,bonferroni,1,10,False,UNRESOLVED,5000,True,False,True,0.00034416699782013893,0.08,0.18209213411654696,True,True,True,False
459b50fd411b12462ba3,adaptive,adaptive_allocation,3683,3322315456,16,5000,0.08,0.05,rbf,median,anytime,bonferroni,1,10,False,UNRESOLVED,5000,True,False,True,0.00035195896634832025,0.08,0.18209213411654696,True,True,True,False
f2038dcd692b61a93518,adaptive,adaptive_allocation,3684,3697993706,16,5000,0.08,0.05,rbf,median,anytime,bonferroni,1,10,False,UNRESOLVED,5000,True,False,True,0.00034558301558718085,0.08,0.18209213411654696,True,True,True,False
81f6c77a31778ed1de43,adaptive,adaptive_allocation,3685,3273034122,16,5000,0.08,0.05,rbf,median,anytime,bonferroni,1,10,False,UNRESOLVED,5000,True,False,True,0.00035087496507912874,0.08,0.18209213411654696,True,True,True,False
b533b2149039288e42bf,adaptive,adaptive_allocation,3686,1959702367,16,5000,0.08,0.05,rbf,median,anytime,bonferroni,1,10,False,UNRESOLVED,5000,True,False,True,0.0003445000038482249,0.08,0.18209213411654696,True,True,True,False
998a4b3e51e43ef15530,adaptive,adaptive_allocation,3687,2870026541,16,5000,0.08,0.05,rbf,median,anytime,bonferroni,1,10,False,UNRESOLVED,5000,True,False,True,0.0003510420210659504,0.08,0.18209213411654696,True,True,True,False
13817a1318b0dd645fc6,adaptive,adaptive_allocation,3688,3082240575,16,5000,0.08,0.05,rbf,median,anytime,bonferroni,1,10,False,UNRESOLVED,5000,True,False,True,0.00034833396784961224,0.08,0.18209213411654696,True,True,True,False
bd0419c9cedccf83b6f6,adaptive,adaptive_allocation,3689,3397652476,16,5000,0.08,0.05,rbf,median,anytime,bonferroni,1,10,False,UNRESOLVED,5000,True,False,True,0.00034541700733825564,0.08,0.18209213411654696,True,True,True,False
5219b47d64a944026ba2,adaptive,adaptive_allocation,3690,3785116357,16,5000,0.08,0.05,rbf,median,anytime,bonferroni,1,10,False,UNRESOLVED,5000,True,False,True,0.00034554197918623686,0.08,0.18209213411654696,True,True,True,False
f31d24cb9bab93bf32d8,adaptive,adaptive_allocation,3691,3400625317,16,5000,0.08,0.05,rbf,median,anytime,bonferroni,1,10,False,UNRESOLVED,5000,True,False,True,0.0003493750118650496,0.08,0.18209213411654696,True,True,True,False
fe6bb9db1afa3ff0a577,adaptive,adaptive_allocation,3692,1524228865,16,5000,0.08,0.05,rbf,median,anytime,bonferroni,1,10,False,UNRESOLVED,5000,True,False,True,0.0003453749814070761,0.08,0.18209213411654696,True,True,True,False
9681aa5fa0c9f38b3b11,adaptive,adaptive_allocation,3693,1001554110,16,5000,0.08,0.05,rbf,median,anytime,bonferroni,1,10,False,UNRESOLVED,5000,True,False,True,0.0003463750472292304,0.08,0.18209213411654696,True,True,True,False
98c2147646be5bed624c,adaptive,adaptive_allocation,3694,1815163324,16,5000,0.08,0.05,rbf,median,anytime,bonferroni,1,10,False,UNRESOLVED,5000,True,False,True,0.00037695799255743623,0.08,0.18209213411654696,True,True,True,False
732fc5b1320bf0e1f94a,adaptive,adaptive_allocation,3695,153502292,16,5000,0.08,0.05,rbf,median,anytime,bonferroni,1,10,False,UNRESOLVED,5000,True,False,True,0.00040212494786828756,0.08,0.18209213411654696,True,True,True,False
117b8a10117bd32fc111,adaptive,adaptive_allocation,3696,4044854002,16,5000,0.08,0.05,rbf,median,anytime,bonferroni,1,10,False,UNRESOLVED,5000,True,False,True,0.00039895798545330763,0.08,0.18209213411654696,True,True,True,False
0ae559005ff21d42831d,adaptive,adaptive_allocation,3697,1906892437,16,5000,0.08,0.05,rbf,median,anytime,bonferroni,1,10,False,UNRESOLVED,5000,True,False,True,0.00039941701106727123,0.08,0.18209213411654696,True,True,True,False
7f7dda9110c40cf9cf0e,adaptive,adaptive_allocation,3698,2765090533,16,5000,0.08,0.05,rbf,median,anytime,bonferroni,1,10,False,UNRESOLVED,5000,True,False,True,0.0004017500323243439,0.08,0.18209213411654696,True,True,True,False
7d1f0a2b2d2b02791e8c,adaptive,adaptive_allocation,3699,4177656069,16,5000,0.08,0.05,rbf,median,anytime,bonferroni,1,10,False,UNRESOLVED,5000,True,False,True,0.00040387496119365096,0.08,0.18209213411654696,True,True,True,False
dbe4743a5c2a416976ba,adaptive,adaptive_allocation,3700,3386784463,16,5000,0.08,0.05,rbf,median,anytime,bonferroni,1,10,False,UNRESOLVED,5000,True,False,True,0.00039733300218358636,0.08,0.18209213411654696,True,True,True,False
5419421f85b5688b70ea,adaptive,adaptive_allocation,3701,3358241557,16,5000,0.08,0.05,rbf,median,anytime,bonferroni,1,10,False,UNRESOLVED,5000,True,False,True,0.00040020799497142434,0.08,0.18209213411654696,True,True,True,False
90d4842d41d9f5b30003,adaptive,adaptive_allocation,3702,3781829055,16,5000,0.08,0.05,rbf,median,anytime,bonferroni,1,10,False,UNRESOLVED,5000,True,False,True,0.00040316698141396046,0.08,0.18209213411654696,True,True,True,False
2158bb4ebb3463ee98c5,adaptive,adaptive_allocation,3703,1304897600,16,5000,0.08,0.05,rbf,median,anytime,bonferroni,1,10,False,UNRESOLVED,5000,True,False,True,0.0004052500007674098,0.08,0.18209213411654696,True,True,True,False
10244f78fa98574d7f4d,adaptive,adaptive_allocation,3704,2391809319,16,5000,0.08,0.05,rbf,median,anytime,bonferroni,1,10,False,UNRESOLVED,5000,True,False,True,0.0004010000266134739,0.08,0.18209213411654696,True,True,True,False
15600904781dbfda893d,adaptive,adaptive_allocation,3705,705673240,16,5000,0.08,0.05,rbf,median,anytime,bonferroni,1,10,False,UNRESOLVED,5000,True,False,True,0.00039950001519173384,0.08,0.18209213411654696,True,True,True,False
7858fc26c2e12ed95361,adaptive,adaptive_allocation,3706,3397405786,16,5000,0.08,0.05,rbf,median,anytime,bonferroni,1,10,False,UNRESOLVED,5000,True,False,True,0.00039841700345277786,0.08,0.18209213411654696,True,True,True,False
73fec9de6c5d5ea6dd89,adaptive,adaptive_allocation,3707,2348771239,16,5000,0.08,0.05,rbf,median,anytime,bonferroni,1,10,False,UNRESOLVED,5000,True,False,True,0.0004010000266134739,0.08,0.18209213411654696,True,True,True,False
94e4b91df0d3f40a1560,adaptive,adaptive_allocation,3708,3255559851,16,5000,0.08,0.05,rbf,median,anytime,bonferroni,1,10,False,UNRESOLVED,5000,True,False,True,0.0004027920076623559,0.08,0.18209213411654696,True,True,True,False
36c4cb3c2aadebcb1d70,adaptive,adaptive_allocation,3709,2759778707,16,5000,0.08,0.05,rbf,median,anytime,bonferroni,1,10,False,UNRESOLVED,5000,True,False,True,0.0004005000228062272,0.08,0.18209213411654696,True,True,True,False
dddcf8122280fc0b47fc,adaptive,adaptive_allocation,3710,2933348056,16,5000,0.08,0.05,rbf,median,anytime,bonferroni,1,10,False,UNRESOLVED,5000,True,False,True,0.0004034999874420464,0.08,0.18209213411654696,True,True,True,False
35a5507f6e58042915e1,adaptive,adaptive_allocation,3711,465481358,16,5000,0.08,0.05,rbf,median,anytime,bonferroni,1,10,False,UNRESOLVED,5000,True,False,True,0.0004055839963257313,0.08,0.18209213411654696,True,True,True,False
dd7395a3685096db3201,adaptive,adaptive_allocation,3712,3110515993,16,5000,0.08,0.05,rbf,median,anytime,bonferroni,1,10,False,UNRESOLVED,5000,True,False,True,0.00040066696237772703,0.08,0.18209213411654696,True,True,True,False
b1567893c6769ccc189c,adaptive,adaptive_allocation,3713,947384148,16,5000,0.08,0.05,rbf,median,anytime,bonferroni,1,10,False,UNRESOLVED,5000,True,False,True,0.0004100000369362533,0.08,0.18209213411654696,True,True,True,False
22c8ec23da32ab3878e9,adaptive,adaptive_allocation,3714,2489717644,16,5000,0.08,0.05,rbf,median,anytime,bonferroni,1,10,False,UNRESOLVED,5000,True,False,True,0.0003987500094808638,0.08,0.18209213411654696,True,True,True,False
0ea50e2b81a90f872383,adaptive,adaptive_allocation,3715,588474253,16,5000,0.08,0.05,rbf,median,anytime,bonferroni,1,10,False,UNRESOLVED,5000,True,False,True,0.00040370802162215114,0.08,0.18209213411654696,True,True,True,False
238b16e858bbdd656f7e,adaptive,adaptive_allocation,3716,2210530435,16,5000,0.08,0.05,rbf,median,anytime,bonferroni,1,10,False,UNRESOLVED,5000,True,False,True,0.00040554197039455175,0.08,0.18209213411654696,True,True,True,False
8f59bff89e73ece61521,adaptive,adaptive_allocation,3717,1020483323,16,5000,0.08,0.05,rbf,median,anytime,bonferroni,1,10,False,UNRESOLVED,5000,True,False,True,0.0004035409656353295,0.08,0.18209213411654696,True,True,True,False
45aff6f6bd89208962d4,adaptive,adaptive_allocation,3718,3726908790,16,5000,0.08,0.05,rbf,median,anytime,bonferroni,1,10,False,UNRESOLVED,5000,True,False,True,0.0004023749497719109,0.08,0.18209213411654696,True,True,True,False
91fd67d40c1916b763e9,adaptive,adaptive_allocation,3719,720387720,16,5000,0.08,0.05,rbf,median,anytime,bonferroni,1,10,False,UNRESOLVED,5000,True,False,True,0.0004020840278826654,0.08,0.18209213411654696,True,True,True,False
4967401aab9f9638c37a,adaptive,adaptive_allocation,3720,3906670207,16,5000,0.08,0.05,rbf,median,anytime,bonferroni,1,10,False,UNRESOLVED,5000,True,False,True,0.000399957993067801,0.08,0.18209213411654696,True,True,True,False
a8ac49c63b2d4058b283,adaptive,adaptive_allocation,3721,4116390609,16,5000,0.08,0.05,rbf,median,anytime,bonferroni,1,10,False,UNRESOLVED,5000,True,False,True,0.0003987499512732029,0.08,0.18209213411654696,True,True,True,False
902e8c015cd78633ce0f,adaptive,adaptive_allocation,3722,2297023138,16,5000,0.08,0.05,rbf,median,anytime,bonferroni,1,10,False,UNRESOLVED,5000,True,False,True,0.00037220900412648916,0.08,0.18209213411654696,True,True,True,False
be5651d50eac3f824a70,adaptive,adaptive_allocation,3723,4248317628,16,5000,0.08,0.05,rbf,median,anytime,bonferroni,1,10,False,UNRESOLVED,5000,True,False,True,0.00034787500044330955,0.08,0.18209213411654696,True,True,True,False
796f88322e55975cb305,adaptive,adaptive_allocation,3724,1445990387,16,5000,0.08,0.05,rbf,median,anytime,bonferroni,1,10,False,UNRESOLVED,5000,True,False,True,0.00034374999813735485,0.08,0.18209213411654696,True,True,True,False
165dac72f7ff292a4da8,adaptive,adaptive_allocation,3725,3995025358,16,5000,0.08,0.05,rbf,median,anytime,bonferroni,1,10,False,UNRESOLVED,5000,True,False,True,0.0003432500525377691,0.08,0.18209213411654696,True,True,True,False
7f5a063e24b6b27990d3,adaptive,adaptive_allocation,3726,2528388508,16,5000,0.08,0.05,rbf,median,anytime,bonferroni,1,10,False,UNRESOLVED,5000,True,False,True,0.0003439169959165156,0.08,0.18209213411654696,True,True,True,False
ff8ff7600a8da89f3561,adaptive,adaptive_allocation,3727,23915867,16,5000,0.08,0.05,rbf,median,anytime,bonferroni,1,10,False,UNRESOLVED,5000,True,False,True,0.00034783303271979094,0.08,0.18209213411654696,True,True,True,False
7c8b624a1bd2cdc2d61d,adaptive,adaptive_allocation,3728,1741824272,16,5000,0.08,0.05,rbf,median,anytime,bonferroni,1,10,False,UNRESOLVED,5000,True,False,True,0.00034370797220617533,0.08,0.18209213411654696,True,True,True,False
57c8a2dc9998656684c4,adaptive,adaptive_allocation,3729,3827926429,16,5000,0.08,0.05,rbf,median,anytime,bonferroni,1,10,False,UNRESOLVED,5000,True,False,True,0.00034370803041383624,0.08,0.18209213411654696,True,True,True,False
3c438f9089c2b6926956,adaptive,adaptive_allocation,3730,1340938392,16,5000,0.08,0.05,rbf,median,anytime,bonferroni,1,10,False,UNRESOLVED,5000,True,False,True,0.0003443329478614032,0.08,0.18209213411654696,True,True,True,False
1ee2e0eabcf2d3383f83,adaptive,adaptive_allocation,3731,3657569951,16,5000,0.08,0.05,rbf,median,anytime,bonferroni,1,10,False,UNRESOLVED,5000,True,False,True,0.0003470830270089209,0.08,0.18209213411654696,True,True,True,False
2f30a192b6a4f4e60712,adaptive,adaptive_allocation,3732,2552039736,16,5000,0.08,0.05,rbf,median,anytime,bonferroni,1,10,False,UNRESOLVED,5000,True,False,True,0.0003467090427875519,0.08,0.18209213411654696,True,True,True,False
376187a3ec8b84e9463d,adaptive,adaptive_allocation,3733,3025110066,16,5000,0.08,0.05,rbf,median,anytime,bonferroni,1,10,False,UNRESOLVED,5000,True,False,True,0.0003457919810898602,0.08,0.18209213411654696,True,True,True,False
b94795ddca1ab0d50920,adaptive,adaptive_allocation,3734,2335455710,16,5000,0.08,0.05,rbf,median,anytime,bonferroni,1,10,False,UNRESOLVED,5000,True,False,True,0.00034425000194460154,0.08,0.18209213411654696,True,True,True,False
af0d9f0e70eca983ec50,adaptive,adaptive_allocation,3735,316617561,16,5000,0.08,0.05,rbf,median,anytime,bonferroni,1,10,False,UNRESOLVED,5000,True,False,True,0.0003505829954519868,0.08,0.18209213411654696,True,True,True,False
23e474c6d73e5dc7adb7,adaptive,adaptive_allocation,3736,2047610107,16,5000,0.08,0.05,rbf,median,anytime,bonferroni,1,10,False,UNRESOLVED,5000,True,False,True,0.00034445797791704535,0.08,0.18209213411654696,True,True,True,False
a55dfe7873fcf933db10,adaptive,adaptive_allocation,3737,293375993,16,5000,0.08,0.05,rbf,median,anytime,bonferroni,1,10,False,UNRESOLVED,5000,True,False,True,0.00034387496998533607,0.08,0.18209213411654696,True,True,True,False
152a2f509c787b5b9137,adaptive,adaptive_allocation,3738,3149572443,16,5000,0.08,0.05,rbf,median,anytime,bonferroni,1,10,False,UNRESOLVED,5000,True,False,True,0.00034370797220617533,0.08,0.18209213411654696,True,True,True,False
c07956b9f734bad51720,adaptive,adaptive_allocation,3739,3389092821,16,5000,0.08,0.05,rbf,median,anytime,bonferroni,1,10,False,UNRESOLVED,5000,True,False,True,0.00034737499663606286,0.08,0.18209213411654696,True,True,True,False
2e7e5e554179cfb95703,adaptive,adaptive_allocation,3740,1981794360,16,5000,0.08,0.05,rbf,median,anytime,bonferroni,1,10,False,UNRESOLVED,5000,True,False,True,0.00034354202216491103,0.08,0.18209213411654696,True,True,True,False
bc7dbc565e0ff004d907,adaptive,adaptive_allocation,3741,4033016782,16,5000,0.08,0.05,rbf,median,anytime,bonferroni,1,10,False,UNRESOLVED,5000,True,False,True,0.0003429169883020222,0.08,0.18209213411654696,True,True,True,False
7090b316ced92d62f12d,adaptive,adaptive_allocation,3742,4274446090,16,5000,0.08,0.05,rbf,median,anytime,bonferroni,1,10,False,UNRESOLVED,5000,True,False,True,0.00034437497379258275,0.08,0.18209213411654696,True,True,True,False
27f4ad090bafe7e4f36c,adaptive,adaptive_allocation,3743,1738015283,16,5000,0.08,0.05,rbf,median,anytime,bonferroni,1,10,False,UNRESOLVED,5000,True,False,True,0.00034579099155962467,0.08,0.18209213411654696,True,True,True,False
5e21977d593c20c99774,adaptive,adaptive_allocation,3744,2301371230,16,5000,0.08,0.05,rbf,median,anytime,bonferroni,1,10,False,UNRESOLVED,5000,True,False,True,0.0003446249756962061,0.08,0.18209213411654696,True,True,True,False
27cca602c34913405da1,adaptive,adaptive_allocation,3745,747623237,16,5000,0.08,0.05,rbf,median,anytime,bonferroni,1,10,False,UNRESOLVED,5000,True,False,True,0.00034754100488498807,0.08,0.18209213411654696,True,True,True,False
bdbd3ef485470331cae9,adaptive,adaptive_allocation,3746,3565805385,16,5000,0.08,0.05,rbf,median,anytime,bonferroni,1,10,False,UNRESOLVED,5000,True,False,True,0.0003457499551586807,0.08,0.18209213411654696,True,True,True,False
914715c0929930c90af3,adaptive,adaptive_allocation,3747,1111074871,16,5000,0.08,0.05,rbf,median,anytime,bonferroni,1,10,False,UNRESOLVED,5000,True,False,True,0.00034912495175376534,0.08,0.18209213411654696,True,True,True,False
eadff344ce09f4b6f5d0,adaptive,adaptive_allocation,3748,3324357644,16,5000,0.08,0.05,rbf,median,anytime,bonferroni,1,10,False,UNRESOLVED,5000,True,False,True,0.00034316600067541003,0.08,0.18209213411654696,True,True,True,False
ea5f83efc40d4ac25c79,adaptive,adaptive_allocation,3749,600016129,16,5000,0.08,0.05,rbf,median,anytime,bonferroni,1,10,False,UNRESOLVED,5000,True,False,True,0.000346417014952749,0.08,0.18209213411654696,True,True,True,False
5dab06d27b61c372a1cf,adaptive,adaptive_allocation,3750,1117133233,16,5000,0.08,0.05,rbf,median,anytime,bonferroni,1,10,False,UNRESOLVED,5000,True,False,True,0.0003453749814070761,0.08,0.18209213411654696,True,True,True,False
2e98c50fb2a22ca08d59,adaptive,adaptive_allocation,3751,4009539517,16,5000,0.08,0.05,rbf,median,anytime,bonferroni,1,10,False,UNRESOLVED,5000,True,False,True,0.0003493750118650496,0.08,0.18209213411654696,True,True,True,False
b3b0d84607802b5fd674,adaptive,adaptive_allocation,3752,3477261349,16,5000,0.08,0.05,rbf,median,anytime,bonferroni,1,10,False,UNRESOLVED,5000,True,False,True,0.0003434160025790334,0.08,0.18209213411654696,True,True,True,False
d3dcf199603cfe60bbf6,adaptive,adaptive_allocation,3753,1184022750,16,5000,0.08,0.05,rbf,median,anytime,bonferroni,1,10,False,UNRESOLVED,5000,True,False,True,0.0003552499692887068,0.08,0.18209213411654696,True,True,True,False
4eccb8b402c080ccf89c,adaptive,adaptive_allocation,3754,2693481815,16,5000,0.08,0.05,rbf,median,anytime,bonferroni,1,10,False,UNRESOLVED,5000,True,False,True,0.0003440419677644968,0.08,0.18209213411654696,True,True,True,False
b975f1222035dd087afc,adaptive,adaptive_allocation,3755,3374086735,16,5000,0.08,0.05,rbf,median,anytime,bonferroni,1,10,False,UNRESOLVED,5000,True,False,True,0.0003482920001260936,0.08,0.18209213411654696,True,True,True,False
d499f2cf6db36f450e1c,adaptive,adaptive_allocation,3756,264548174,16,5000,0.08,0.05,rbf,median,anytime,bonferroni,1,10,False,UNRESOLVED,5000,True,False,True,0.0003434999962337315,0.08,0.18209213411654696,True,True,True,False
ae9cdd8d0483327aa218,adaptive,adaptive_allocation,3757,2317194783,16,5000,0.08,0.05,rbf,median,anytime,bonferroni,1,10,False,UNRESOLVED,5000,True,False,True,0.00034208304714411497,0.08,0.18209213411654696,True,True,True,False
f5f4c0c5dcc05fbc5fc2,adaptive,adaptive_allocation,3758,3843764745,16,5000,0.08,0.05,rbf,median,anytime,bonferroni,1,10,False,UNRESOLVED,5000,True,False,True,0.0003454579855315387,0.08,0.18209213411654696,True,True,True,False
a9ee232bc864bab26186,adaptive,adaptive_allocation,3759,4002701063,16,5000,0.08,0.05,rbf,median,anytime,bonferroni,1,10,False,UNRESOLVED,5000,True,False,True,0.00034754100488498807,0.08,0.18209213411654696,True,True,True,False
c6712ba4aa36e1e39e12,adaptive,adaptive_allocation,3760,346537072,16,5000,0.08,0.05,rbf,median,anytime,bonferroni,1,10,False,UNRESOLVED,5000,True,False,True,0.00034612498711794615,0.08,0.18209213411654696,True,True,True,False
d4d71a0be3492299ecde,adaptive,adaptive_allocation,3761,4069064950,16,5000,0.08,0.05,rbf,median,anytime,bonferroni,1,10,False,UNRESOLVED,5000,True,False,True,0.0003432919620536268,0.08,0.18209213411654696,True,True,True,False
acf4cf66a728cb46b816,adaptive,adaptive_allocation,3762,309065280,16,5000,0.08,0.05,rbf,median,anytime,bonferroni,1,10,False,UNRESOLVED,5000,True,False,True,0.0003452919772826135,0.08,0.18209213411654696,True,True,True,False
d4cac7f5eddb0585d460,adaptive,adaptive_allocation,3763,3659287203,16,5000,0.08,0.05,rbf,median,anytime,bonferroni,1,10,False,UNRESOLVED,5000,True,False,True,0.0003494170377962291,0.08,0.18209213411654696,True,True,True,False
e16e3eb822aa83260fa9,adaptive,adaptive_allocation,3764,1018873193,16,5000,0.08,0.05,rbf,median,anytime,bonferroni,1,10,False,UNRESOLVED,5000,True,False,True,0.0003440839936956763,0.08,0.18209213411654696,True,True,True,False
acf9773c7fc2bf1b439b,adaptive,adaptive_allocation,3765,4066262783,16,5000,0.08,0.05,rbf,median,anytime,bonferroni,1,10,False,UNRESOLVED,5000,True,False,True,0.0003474999684840441,0.08,0.18209213411654696,True,True,True,False
d0c1dca2e56f55ed888f,adaptive,adaptive_allocation,3766,3847274706,16,5000,0.08,0.05,rbf,median,anytime,bonferroni,1,10,False,UNRESOLVED,5000,True,False,True,0.0003469579969532788,0.08,0.18209213411654696,True,True,True,False
b6b41c12d4c98fe7737a,adaptive,adaptive_allocation,3767,518404786,16,5000,0.08,0.05,rbf,median,anytime,bonferroni,1,10,False,UNRESOLVED,5000,True,False,True,0.000348250032402575,0.08,0.18209213411654696,True,True,True,False
64e8342ef6aa902b0903,adaptive,adaptive_allocation,3768,1184326105,16,5000,0.08,0.05,rbf,median,anytime,bonferroni,1,10,False,UNRESOLVED,5000,True,False,True,0.0003440000000409782,0.08,0.18209213411654696,True,True,True,False
491a774679f68378789a,adaptive,adaptive_allocation,3769,4225837776,16,5000,0.08,0.05,rbf,median,anytime,bonferroni,1,10,False,UNRESOLVED,5000,True,False,True,0.00034366699401289225,0.08,0.18209213411654696,True,True,True,False
356b13110e06a6675b2b,adaptive,adaptive_allocation,3770,2204698299,16,5000,0.08,0.05,rbf,median,anytime,bonferroni,1,10,False,UNRESOLVED,5000,True,False,True,0.0003429580247029662,0.08,0.18209213411654696,True,True,True,False
410b0c102f8a69754d89,adaptive,adaptive_allocation,3771,2179274571,16,5000,0.08,0.05,rbf,median,anytime,bonferroni,1,10,False,UNRESOLVED,5000,True,False,True,0.00035024998942390084,0.08,0.18209213411654696,True,True,True,False
e0654a47263bd4ff91cd,adaptive,adaptive_allocation,3772,2706063091,16,5000,0.08,0.05,rbf,median,anytime,bonferroni,1,10,False,UNRESOLVED,5000,True,False,True,0.0003435830003581941,0.08,0.18209213411654696,True,True,True,False
565aa511037c65c5bc44,adaptive,adaptive_allocation,3773,1148002470,16,5000,0.08,0.05,rbf,median,anytime,bonferroni,1,10,False,UNRESOLVED,5000,True,False,True,0.0003450840013101697,0.08,0.18209213411654696,True,True,True,False
b9c6f61d65d974d7abea,adaptive,adaptive_allocation,3774,1925776529,16,5000,0.08,0.05,rbf,median,anytime,bonferroni,1,10,False,UNRESOLVED,5000,True,False,True,0.0003452079836279154,0.08,0.18209213411654696,True,True,True,False
d660424639e937caa597,adaptive,adaptive_allocation,3775,3608253137,16,5000,0.08,0.05,rbf,median,anytime,bonferroni,1,10,False,UNRESOLVED,5000,True,False,True,0.0003495829878374934,0.08,0.18209213411654696,True,True,True,False
10802f23b8d47d2a915b,adaptive,adaptive_allocation,3776,530767255,16,5000,0.08,0.05,rbf,median,anytime,bonferroni,1,10,False,UNRESOLVED,5000,True,False,True,0.0003476249985396862,0.08,0.18209213411654696,True,True,True,False
6ee1332fa0fce239ec9b,adaptive,adaptive_allocation,3777,2211350467,16,5000,0.08,0.05,rbf,median,anytime,bonferroni,1,10,False,UNRESOLVED,5000,True,False,True,0.0003462919848971069,0.08,0.18209213411654696,True,True,True,False
4f56598b9aad89628a37,adaptive,adaptive_allocation,3778,2074038510,16,5000,0.08,0.05,rbf,median,anytime,bonferroni,1,10,False,UNRESOLVED,5000,True,False,True,0.00034604198299348354,0.08,0.18209213411654696,True,True,True,False
d4dc51dffece6a7ad8ec,adaptive,adaptive_allocation,3779,50746201,16,5000,0.08,0.05,rbf,median,anytime,bonferroni,1,10,False,UNRESOLVED,5000,True,False,True,0.00034645904088392854,0.08,0.18209213411654696,True,True,True,False
d599ded437c2bd8f829f,adaptive,adaptive_allocation,3780,825864924,16,5000,0.08,0.05,rbf,median,anytime,bonferroni,1,10,False,UNRESOLVED,5000,True,False,True,0.00034600001526996493,0.08,0.18209213411654696,True,True,True,False
550460c6ccf7f819cfaa,adaptive,adaptive_allocation,3781,2512248612,16,5000,0.08,0.05,rbf,median,anytime,bonferroni,1,10,False,UNRESOLVED,5000,True,False,True,0.00034383300226181746,0.08,0.18209213411654696,True,True,True,False
bd773b18313e8be3aaa8,adaptive,adaptive_allocation,3782,2862149533,16,5000,0.08,0.05,rbf,median,anytime,bonferroni,1,10,False,UNRESOLVED,5000,True,False,True,0.0003446249756962061,0.08,0.18209213411654696,True,True,True,False
debf5f111a2eb4943404,adaptive,adaptive_allocation,3783,1060558707,16,5000,0.08,0.05,rbf,median,anytime,bonferroni,1,10,False,UNRESOLVED,5000,True,False,True,0.00034833396784961224,0.08,0.18209213411654696,True,True,True,False
d4bcadecf1d6df965a53,adaptive,adaptive_allocation,3784,1863388775,16,5000,0.08,0.05,rbf,median,anytime,bonferroni,1,10,False,UNRESOLVED,5000,True,False,True,0.00034666701685637236,0.08,0.18209213411654696,True,True,True,False
075c586cb82b25f4f6d8,adaptive,adaptive_allocation,3785,3817681149,16,5000,0.08,0.05,rbf,median,anytime,bonferroni,1,10,False,UNRESOLVED,5000,True,False,True,0.00034379196586087346,0.08,0.18209213411654696,True,True,True,False
0d39bb84a7f466d03f0d,adaptive,adaptive_allocation,3786,2094716459,16,5000,0.08,0.05,rbf,median,anytime,bonferroni,1,10,False,UNRESOLVED,5000,True,False,True,0.0003470419906079769,0.08,0.18209213411654696,True,True,True,False
2595d648c3fa08e7c547,adaptive,adaptive_allocation,3787,2273228813,16,5000,0.08,0.05,rbf,median,anytime,bonferroni,1,10,False,UNRESOLVED,5000,True,False,True,0.00037412502570077777,0.08,0.18209213411654696,True,True,True,False
7a6aba161995f13cc013,adaptive,adaptive_allocation,3788,8368038,16,5000,0.08,0.05,rbf,median,anytime,bonferroni,1,10,False,UNRESOLVED,5000,True,False,True,0.0003998340107500553,0.08,0.18209213411654696,True,True,True,False
bd5bf42fb392e8da7416,adaptive,adaptive_allocation,3789,239392164,16,5000,0.08,0.05,rbf,median,anytime,bonferroni,1,10,False,UNRESOLVED,5000,True,False,True,0.00039841700345277786,0.08,0.18209213411654696,True,True,True,False
17924efc64550ee9faa1,adaptive,adaptive_allocation,3790,1366985931,16,5000,0.08,0.05,rbf,median,anytime,bonferroni,1,10,False,UNRESOLVED,5000,True,False,True,0.0004064170061610639,0.08,0.18209213411654696,True,True,True,False
c2b72f93a1ad8a487017,adaptive,adaptive_allocation,3791,939856336,16,5000,0.08,0.05,rbf,median,anytime,bonferroni,1,10,False,UNRESOLVED,5000,True,False,True,0.00040320795960724354,0.08,0.18209213411654696,True,True,True,False
790eb6128e6fdd5e4ab8,adaptive,adaptive_allocation,3792,4055237449,16,5000,0.08,0.05,rbf,median,anytime,bonferroni,1,10,False,UNRESOLVED,5000,True,False,True,0.0004027920076623559,0.08,0.18209213411654696,True,True,True,False
53b036f751f198c3e185,adaptive,adaptive_allocation,3793,2461833264,16,5000,0.08,0.05,rbf,median,anytime,bonferroni,1,10,False,UNRESOLVED,5000,True,False,True,0.0004000830231234431,0.08,0.18209213411654696,True,True,True,False
a849d66b8cac227c98dc,adaptive,adaptive_allocation,3794,1742423663,16,5000,0.08,0.05,rbf,median,anytime,bonferroni,1,10,False,UNRESOLVED,5000,True,False,True,0.0004034580197185278,0.08,0.18209213411654696,True,True,True,False
c3880a62dbdf2147ce93,adaptive,adaptive_allocation,3795,2589348361,16,5000,0.08,0.05,rbf,median,anytime,bonferroni,1,10,False,UNRESOLVED,5000,True,False,True,0.00040454103145748377,0.08,0.18209213411654696,True,True,True,False
29b9b5d48efbfea207f5,adaptive,adaptive_allocation,3796,3584169536,16,5000,0.08,0.05,rbf,median,anytime,bonferroni,1,10,False,UNRESOLVED,5000,True,False,True,0.0003993329592049122,0.08,0.18209213411654696,True,True,True,False
e98b1333c6be6a365ca5,adaptive,adaptive_allocation,3797,2368907851,16,5000,0.08,0.05,rbf,median,anytime,bonferroni,1,10,False,UNRESOLVED,5000,True,False,True,0.0004011249984614551,0.08,0.18209213411654696,True,True,True,False
5186603e903998656d2b,adaptive,adaptive_allocation,3798,13694678,16,5000,0.08,0.05,rbf,median,anytime,bonferroni,1,10,False,UNRESOLVED,5000,True,False,True,0.00039962498703971505,0.08,0.18209213411654696,True,True,True,False
82065af4bae1e316384b,adaptive,adaptive_allocation,3799,2838440231,16,5000,0.08,0.05,rbf,median,anytime,bonferroni,1,10,False,UNRESOLVED,5000,True,False,True,0.00040087499655783176,0.08,0.18209213411654696,True,True,True,False
f9dd46a5dca47fe2b6a5,adaptive,adaptive_allocation,3800,754862316,16,5000,0.08,0.05,rbf,median,anytime,bonferroni,1,10,False,UNRESOLVED,5000,True,False,True,0.00039837497752159834,0.08,0.18209213411654696,True,True,True,False
0b78923903da9490b2af,adaptive,adaptive_allocation,3801,2549267250,16,5000,0.08,0.05,rbf,median,anytime,bonferroni,1,10,False,UNRESOLVED,5000,True,False,True,0.00039841700345277786,0.08,0.18209213411654696,True,True,True,False
e30e8ac3a7d436744102,adaptive,adaptive_allocation,3802,1737098368,16,5000,0.08,0.05,rbf,median,anytime,bonferroni,1,10,False,UNRESOLVED,5000,True,False,True,0.0003981250338256359,0.08,0.18209213411654696,True,True,True,False
c35b18f1020a45c4c2bb,adaptive,adaptive_allocation,3803,2686138810,16,5000,0.08,0.05,rbf,median,anytime,bonferroni,1,10,False,UNRESOLVED,5000,True,False,True,0.0004052919684909284,0.08,0.18209213411654696,True,True,True,False
b9a911a9b3bb961f8118,adaptive,adaptive_allocation,3804,20960638,16,5000,0.08,0.05,rbf,median,anytime,bonferroni,1,10,False,UNRESOLVED,5000,True,False,True,0.0003981670015491545,0.08,0.18209213411654696,True,True,True,False
f5c5822a75c2fa008de3,adaptive,adaptive_allocation,3805,3500257610,16,5000,0.08,0.05,rbf,median,anytime,bonferroni,1,10,False,UNRESOLVED,5000,True,False,True,0.00040158297633752227,0.08,0.18209213411654696,True,True,True,False
f89e4f098ba281fdadf0,adaptive,adaptive_allocation,3806,2423225991,16,5000,0.08,0.05,rbf,median,anytime,bonferroni,1,10,False,UNRESOLVED,5000,True,False,True,0.00039958296110853553,0.08,0.18209213411654696,True,True,True,False
8c164347d24dd115e40c,adaptive,adaptive_allocation,3807,3580367906,16,5000,0.08,0.05,rbf,median,anytime,bonferroni,1,10,False,UNRESOLVED,5000,True,False,True,0.00040866603376343846,0.08,0.18209213411654696,True,True,True,False
a7a643f55f9830321bf7,adaptive,adaptive_allocation,3808,4159231681,16,5000,0.08,0.05,rbf,median,anytime,bonferroni,1,10,False,UNRESOLVED,5000,True,False,True,0.0004000830231234431,0.08,0.18209213411654696,True,True,True,False
eb2a07ff56ed9fd1dc42,adaptive,adaptive_allocation,3809,1505087279,16,5000,0.08,0.05,rbf,median,anytime,bonferroni,1,10,False,UNRESOLVED,5000,True,False,True,0.0003998340107500553,0.08,0.18209213411654696,True,True,True,False
61e1a0388c0f512c29c9,adaptive,adaptive_allocation,3810,745414691,16,5000,0.08,0.05,rbf,median,anytime,bonferroni,1,10,False,UNRESOLVED,5000,True,False,True,0.0003986249794252217,0.08,0.18209213411654696,True,True,True,False
f7da43d8440c7c7150a1,adaptive,adaptive_allocation,3811,2001753624,16,5000,0.08,0.05,rbf,median,anytime,bonferroni,1,10,False,UNRESOLVED,5000,True,False,True,0.00040379201527684927,0.08,0.18209213411654696,True,True,True,False
9a2a6e4d876f86cfbb29,adaptive,adaptive_allocation,3812,3469584346,16,5000,0.08,0.05,rbf,median,anytime,bonferroni,1,10,False,UNRESOLVED,5000,True,False,True,0.00039962498703971505,0.08,0.18209213411654696,True,True,True,False
f338b2039207da77a70a,adaptive,adaptive_allocation,3813,2664019130,16,5000,0.08,0.05,rbf,median,anytime,bonferroni,1,10,False,UNRESOLVED,5000,True,False,True,0.00040437502320855856,0.08,0.18209213411654696,True,True,True,False
2125672f7e75634cc09a,adaptive,adaptive_allocation,3814,580826618,16,5000,0.08,0.05,rbf,median,anytime,bonferroni,1,10,False,UNRESOLVED,5000,True,False,True,0.00039829197339713573,0.08,0.18209213411654696,True,True,True,False
159c4bd26df66b107254,adaptive,adaptive_allocation,3815,1144254227,16,5000,0.08,0.05,rbf,median,anytime,bonferroni,1,10,False,UNRESOLVED,5000,True,False,True,0.00040608400013297796,0.08,0.18209213411654696,True,True,True,False
15b5f37fcb462c2bc0ea,adaptive,adaptive_allocation,3816,2156176994,16,5000,0.08,0.05,rbf,median,anytime,bonferroni,1,10,False,UNRESOLVED,5000,True,False,True,0.00040083302883431315,0.08,0.18209213411654696,True,True,True,False
f9481e436133f9a34d44,adaptive,adaptive_allocation,3817,3833617565,16,5000,0.08,0.05,rbf,median,anytime,bonferroni,1,10,False,UNRESOLVED,5000,True,False,True,0.0003981670015491545,0.08,0.18209213411654696,True,True,True,False
b35b499007374071bed9,adaptive,adaptive_allocation,3818,90299259,16,5000,0.08,0.05,rbf,median,anytime,bonferroni,1,10,False,UNRESOLVED,5000,True,False,True,0.0004004589864052832,0.08,0.18209213411654696,True,True,True,False
ec37932acd038d5c091e,adaptive,adaptive_allocation,3819,1584608093,16,5000,0.08,0.05,rbf,median,anytime,bonferroni,1,10,False,UNRESOLVED,5000,True,False,True,0.00040187500417232513,0.08,0.18209213411654696,True,True,True,False
bca2ed767ef25714e91a,adaptive,adaptive_allocation,3820,547312325,16,5000,0.08,0.05,rbf,median,anytime,bonferroni,1,10,False,UNRESOLVED,5000,True,False,True,0.0003522500046528876,0.08,0.18209213411654696,True,True,True,False
faacc6f5dd797c9c401b,adaptive,adaptive_allocation,3821,3982729815,16,5000,0.08,0.05,rbf,median,anytime,bonferroni,1,10,False,UNRESOLVED,5000,True,False,True,0.000344583997502923,0.08,0.18209213411654696,True,True,True,False
6b785ca2860fee2dd405,adaptive,adaptive_allocation,3822,4169961067,16,5000,0.08,0.05,rbf,median,anytime,bonferroni,1,10,False,UNRESOLVED,5000,True,False,True,0.0003428329946473241,0.08,0.18209213411654696,True,True,True,False
b24db90c6274652f2985,adaptive,adaptive_allocation,3823,660592256,16,5000,0.08,0.05,rbf,median,anytime,bonferroni,1,10,False,UNRESOLVED,5000,True,False,True,0.00034908397356048226,0.08,0.18209213411654696,True,True,True,False
b9d7526592e582fa837c,adaptive,adaptive_allocation,3824,717832070,16,5000,0.08,0.05,rbf,median,anytime,bonferroni,1,10,False,UNRESOLVED,5000,True,False,True,0.0003462500171735883,0.08,0.18209213411654696,True,True,True,False
52eed331f5842a1a0a5b,adaptive,adaptive_allocation,3825,3975634687,16,5000,0.08,0.05,rbf,median,anytime,bonferroni,1,10,False,UNRESOLVED,5000,True,False,True,0.0003439169959165156,0.08,0.18209213411654696,True,True,True,False
613aecf40db82700fa4e,adaptive,adaptive_allocation,3826,3117895020,16,5000,0.08,0.05,rbf,median,anytime,bonferroni,1,10,False,UNRESOLVED,5000,True,False,True,0.0003463340108282864,0.08,0.18209213411654696,True,True,True,False
4769f56b6efc8b5c89fd,adaptive,adaptive_allocation,3827,1187844058,16,5000,0.08,0.05,rbf,median,anytime,bonferroni,1,10,False,UNRESOLVED,5000,True,False,True,0.000347458990290761,0.08,0.18209213411654696,True,True,True,False
7846c7402286edddea96,adaptive,adaptive_allocation,3828,2161502503,16,5000,0.08,0.05,rbf,median,anytime,bonferroni,1,10,False,UNRESOLVED,5000,True,False,True,0.0003445420297794044,0.08,0.18209213411654696,True,True,True,False
1c856abc30e683984911,adaptive,adaptive_allocation,3829,1676936943,16,5000,0.08,0.05,rbf,median,anytime,bonferroni,1,10,False,UNRESOLVED,5000,True,False,True,0.00034441601019352674,0.08,0.18209213411654696,True,True,True,False
32024fa1d5faf9a2a996,adaptive,adaptive_allocation,3830,2060942017,16,5000,0.08,0.05,rbf,median,anytime,bonferroni,1,10,False,UNRESOLVED,5000,True,False,True,0.00034445797791704535,0.08,0.18209213411654696,True,True,True,False
b6bd1a466f2985d7a0e7,adaptive,adaptive_allocation,3831,892094982,16,5000,0.08,0.05,rbf,median,anytime,bonferroni,1,10,False,UNRESOLVED,5000,True,False,True,0.0003487089998088777,0.08,0.18209213411654696,True,True,True,False
7cc7a89208255c6a371e,adaptive,adaptive_allocation,3832,3841740016,16,5000,0.08,0.05,rbf,median,anytime,bonferroni,1,10,False,UNRESOLVED,5000,True,False,True,0.0003450420335866511,0.08,0.18209213411654696,True,True,True,False
d63fe078460dfe687a5f,adaptive,adaptive_allocation,3833,3345484679,16,5000,0.08,0.05,rbf,median,anytime,bonferroni,1,10,False,UNRESOLVED,5000,True,False,True,0.000343875028192997,0.08,0.18209213411654696,True,True,True,False
50cd19b7d8fe6b960f48,adaptive,adaptive_allocation,3834,3811770885,16,5000,0.08,0.05,rbf,median,anytime,bonferroni,1,10,False,UNRESOLVED,5000,True,False,True,0.00034595897886902094,0.08,0.18209213411654696,True,True,True,False
82ae3d25fae0e0b109fc,adaptive,adaptive_allocation,3835,3366166426,16,5000,0.08,0.05,rbf,median,anytime,bonferroni,1,10,False,UNRESOLVED,5000,True,False,True,0.00034783396404236555,0.08,0.18209213411654696,True,True,True,False
4bc96e835ad14248bbfc,adaptive,adaptive_allocation,3836,2486545800,16,5000,0.08,0.05,rbf,median,anytime,bonferroni,1,10,False,UNRESOLVED,5000,True,False,True,0.0003472910029813647,0.08,0.18209213411654696,True,True,True,False
729c77ff1398922543c8,adaptive,adaptive_allocation,3837,4014944984,16,5000,0.08,0.05,rbf,median,anytime,bonferroni,1,10,False,UNRESOLVED,5000,True,False,True,0.00034320895792916417,0.08,0.18209213411654696,True,True,True,False
18d98db645f76dba69c7,adaptive,adaptive_allocation,3838,2627286342,16,5000,0.08,0.05,rbf,median,anytime,bonferroni,1,10,False,UNRESOLVED,5000,True,False,True,0.0003447080380283296,0.08,0.18209213411654696,True,True,True,False
e5cfd803317576db8c1e,adaptive,adaptive_allocation,3839,2452463260,16,5000,0.08,0.05,rbf,median,anytime,bonferroni,1,10,False,UNRESOLVED,5000,True,False,True,0.0003482080064713955,0.08,0.18209213411654696,True,True,True,False
6f39a7725522b245bf7a,adaptive,adaptive_allocation,3840,2572442965,16,5000,0.08,0.05,rbf,median,anytime,bonferroni,1,10,False,UNRESOLVED,5000,True,False,True,0.0003482920001260936,0.08,0.18209213411654696,True,True,True,False
9b2cf3fb8b94277b2aad,adaptive,adaptive_allocation,3841,1854389811,16,5000,0.08,0.05,rbf,median,anytime,bonferroni,1,10,False,UNRESOLVED,5000,True,False,True,0.000345667009241879,0.08,0.18209213411654696,True,True,True,False
29328aca4cde8e2678f1,adaptive,adaptive_allocation,3842,3132738827,16,5000,0.08,0.05,rbf,median,anytime,bonferroni,1,10,False,UNRESOLVED,5000,True,False,True,0.00034445797791704535,0.08,0.18209213411654696,True,True,True,False
4b2593710d07dece0ade,adaptive,adaptive_allocation,3843,740974544,16,5000,0.08,0.05,rbf,median,anytime,bonferroni,1,10,False,UNRESOLVED,5000,True,False,True,0.0003475829726085067,0.08,0.18209213411654696,True,True,True,False
68bb95d99645c33c88eb,adaptive,adaptive_allocation,3844,2573159529,16,5000,0.08,0.05,rbf,median,anytime,bonferroni,1,10,False,UNRESOLVED,5000,True,False,True,0.0003445830079726875,0.08,0.18209213411654696,True,True,True,False
66a55c80cb02ed6820f2,adaptive,adaptive_allocation,3845,3184054288,16,5000,0.08,0.05,rbf,median,anytime,bonferroni,1,10,False,UNRESOLVED,5000,True,False,True,0.0003480420564301312,0.08,0.18209213411654696,True,True,True,False
f86fe7aefb654d04ab8d,adaptive,adaptive_allocation,3846,2065305545,16,5000,0.08,0.05,rbf,median,anytime,bonferroni,1,10,False,UNRESOLVED,5000,True,False,True,0.0003440839936956763,0.08,0.18209213411654696,True,True,True,False
dc9a3cee885ab52f4195,adaptive,adaptive_allocation,3847,1107445792,16,5000,0.08,0.05,rbf,median,anytime,bonferroni,1,10,False,UNRESOLVED,5000,True,False,True,0.0003514590207487345,0.08,0.18209213411654696,True,True,True,False
642ad3c113d64e802319,adaptive,adaptive_allocation,3848,42364885,16,5000,0.08,0.05,rbf,median,anytime,bonferroni,1,10,False,UNRESOLVED,5000,True,False,True,0.00034787500044330955,0.08,0.18209213411654696,True,True,True,False
f3a2315894c4c0123c33,adaptive,adaptive_allocation,3849,856903060,16,5000,0.08,0.05,rbf,median,anytime,bonferroni,1,10,False,UNRESOLVED,5000,True,False,True,0.0003467920469120145,0.08,0.18209213411654696,True,True,True,False
07fa10076d2a27e45368,adaptive,adaptive_allocation,3850,2701306410,16,5000,0.08,0.05,rbf,median,anytime,bonferroni,1,10,False,UNRESOLVED,5000,True,False,True,0.00034508295357227325,0.08,0.18209213411654696,True,True,True,False
ec710ced24ff29508f17,adaptive,adaptive_allocation,3851,3690278394,16,5000,0.08,0.05,rbf,median,anytime,bonferroni,1,10,False,UNRESOLVED,5000,True,False,True,0.00034716702066361904,0.08,0.18209213411654696,True,True,True,False
43e1e1e67f5b61e2657d,adaptive,adaptive_allocation,3852,1045955630,16,5000,0.08,0.05,rbf,median,anytime,bonferroni,1,10,False,UNRESOLVED,5000,True,False,True,0.00034879095619544387,0.08,0.18209213411654696,True,True,True,False
cc8ec16ae3987fd339e9,adaptive,adaptive_allocation,3853,1966429891,16,5000,0.08,0.05,rbf,median,anytime,bonferroni,1,10,False,UNRESOLVED,5000,True,False,True,0.0003451249795034528,0.08,0.18209213411654696,True,True,True,False
328258560d7c872ee46a,adaptive,adaptive_allocation,3854,4016140414,16,5000,0.08,0.05,rbf,median,anytime,bonferroni,1,10,False,UNRESOLVED,5000,True,False,True,0.0003448330098763108,0.08,0.18209213411654696,True,True,True,False
384588c49bee35461313,adaptive,adaptive_allocation,3855,769625248,16,5000,0.08,0.05,rbf,median,anytime,bonferroni,1,10,False,UNRESOLVED,5000,True,False,True,0.00035499996738508344,0.08,0.18209213411654696,True,True,True,False
b59b98d347325702ebc8,adaptive,adaptive_allocation,3856,51754076,16,5000,0.08,0.05,rbf,median,anytime,bonferroni,1,10,False,UNRESOLVED,5000,True,False,True,0.00034416699782013893,0.08,0.18209213411654696,True,True,True,False
5dc5ceaaf9724990f615,adaptive,adaptive_allocation,3857,2495533355,16,5000,0.08,0.05,rbf,median,anytime,bonferroni,1,10,False,UNRESOLVED,5000,True,False,True,0.0003445830079726875,0.08,0.18209213411654696,True,True,True,False
9df2411546651aa3c225,adaptive,adaptive_allocation,3858,2171700572,16,5000,0.08,0.05,rbf,median,anytime,bonferroni,1,10,False,UNRESOLVED,5000,True,False,True,0.00034666602732613683,0.08,0.18209213411654696,True,True,True,False
eed66c95936ebe8dc0f2,adaptive,adaptive_allocation,3859,3773923135,16,5000,0.08,0.05,rbf,median,anytime,bonferroni,1,10,False,UNRESOLVED,5000,True,False,True,0.0003469579969532788,0.08,0.18209213411654696,True,True,True,False
d24766beb8ed9e6a4be9,adaptive,adaptive_allocation,3860,163647528,16,5000,0.08,0.05,rbf,median,anytime,bonferroni,1,10,False,UNRESOLVED,5000,True,False,True,0.00034670799504965544,0.08,0.18209213411654696,True,True,True,False
475346efdbd3d9285e46,adaptive,adaptive_allocation,3861,2366823498,16,5000,0.08,0.05,rbf,median,anytime,bonferroni,1,10,False,UNRESOLVED,5000,True,False,True,0.0003435830003581941,0.08,0.18209213411654696,True,True,True,False
1c21f78b581133318033,adaptive,adaptive_allocation,3862,2066121226,16,5000,0.08,0.05,rbf,median,anytime,bonferroni,1,10,False,UNRESOLVED,5000,True,False,True,0.0003482920001260936,0.08,0.18209213411654696,True,True,True,False
d3fd8b8c04384b1c3325,adaptive,adaptive_allocation,3863,2387190513,16,5000,0.08,0.05,rbf,median,anytime,bonferroni,1,10,False,UNRESOLVED,5000,True,False,True,0.0003493329859338701,0.08,0.18209213411654696,True,True,True,False
fd5d0bc575adf605f934,adaptive,adaptive_allocation,3864,3732943567,16,5000,0.08,0.05,rbf,median,anytime,bonferroni,1,10,False,UNRESOLVED,5000,True,False,True,0.0003412499791011214,0.08,0.18209213411654696,True,True,True,False
67f9e806d4917f3f2410,adaptive,adaptive_allocation,3865,3027146911,16,5000,0.08,0.05,rbf,median,anytime,bonferroni,1,10,False,UNRESOLVED,5000,True,False,True,0.0003446670016273856,0.08,0.18209213411654696,True,True,True,False
8206a56ba08ea893ed66,adaptive,adaptive_allocation,3866,3401911388,16,5000,0.08,0.05,rbf,median,anytime,bonferroni,1,10,False,UNRESOLVED,5000,True,False,True,0.0003445000038482249,0.08,0.18209213411654696,True,True,True,False
47fc09295d19629d377c,adaptive,adaptive_allocation,3867,3772353792,16,5000,0.08,0.05,rbf,median,anytime,bonferroni,1,10,False,UNRESOLVED,5000,True,False,True,0.0003493329859338701,0.08,0.18209213411654696,True,True,True,False
8bbe3d0362c0265d0e86,adaptive,adaptive_allocation,3868,3896693532,16,5000,0.08,0.05,rbf,median,anytime,bonferroni,1,10,False,UNRESOLVED,5000,True,False,True,0.0003465830232016742,0.08,0.18209213411654696,True,True,True,False
ae4db6be673b7a67ed80,adaptive,adaptive_allocation,3869,3107577038,16,5000,0.08,0.05,rbf,median,anytime,bonferroni,1,10,False,UNRESOLVED,5000,True,False,True,0.0003447499475441873,0.08,0.18209213411654696,True,True,True,False
250d15b24636361a8588,adaptive,adaptive_allocation,3870,4102721304,16,5000,0.08,0.05,rbf,median,anytime,bonferroni,1,10,False,UNRESOLVED,5000,True,False,True,0.00034366699401289225,0.08,0.18209213411654696,True,True,True,False
cd99392df21f981ee03b,adaptive,adaptive_allocation,3871,3473383961,16,5000,0.08,0.05,rbf,median,anytime,bonferroni,1,10,False,UNRESOLVED,5000,True,False,True,0.0003499169833958149,0.08,0.18209213411654696,True,True,True,False
1fb85293de6498938e2e,adaptive,adaptive_allocation,3872,101821363,16,5000,0.08,0.05,rbf,median,anytime,bonferroni,1,10,False,UNRESOLVED,5000,True,False,True,0.00034541700733825564,0.08,0.18209213411654696,True,True,True,False
20456782302b5420b6f0,adaptive,adaptive_allocation,3873,3520181376,16,5000,0.08,0.05,rbf,median,anytime,bonferroni,1,10,False,UNRESOLVED,5000,True,False,True,0.00034629099536687136,0.08,0.18209213411654696,True,True,True,False
63b796f519cb3ccb14f8,adaptive,adaptive_allocation,3874,600353438,16,5000,0.08,0.05,rbf,median,anytime,bonferroni,1,10,False,UNRESOLVED,5000,True,False,True,0.000345249951351434,0.08,0.18209213411654696,True,True,True,False
565790028d4b8fe7cb41,adaptive,adaptive_allocation,3875,1822690869,16,5000,0.08,0.05,rbf,median,anytime,bonferroni,1,10,False,UNRESOLVED,5000,True,False,True,0.00034974998561665416,0.08,0.18209213411654696,True,True,True,False
d6062ec810be48c44560,adaptive,adaptive_allocation,3876,760379708,16,5000,0.08,0.05,rbf,median,anytime,bonferroni,1,10,False,UNRESOLVED,5000,True,False,True,0.00035137496888637543,0.08,0.18209213411654696,True,True,True,False
7f2ea6027c25750e0691,adaptive,adaptive_allocation,3877,3350877633,16,5000,0.08,0.05,rbf,median,anytime,bonferroni,1,10,False,UNRESOLVED,5000,True,False,True,0.0003465830232016742,0.08,0.18209213411654696,True,True,True,False
89e6628cad3a4dbdb03d,adaptive,adaptive_allocation,3878,1133018886,16,5000,0.08,0.05,rbf,median,anytime,bonferroni,1,10,False,UNRESOLVED,5000,True,False,True,0.0003446670016273856,0.08,0.18209213411654696,True,True,True,False
c827f42f8d2e1bbdbed6,adaptive,adaptive_allocation,3879,311437385,16,5000,0.08,0.05,rbf,median,anytime,bonferroni,1,10,False,UNRESOLVED,5000,True,False,True,0.0003517089644446969,0.08,0.18209213411654696,True,True,True,False
6c5fdba8c052a08f1e16,adaptive,adaptive_allocation,3880,4245854516,16,5000,0.08,0.05,rbf,median,anytime,bonferroni,1,10,False,UNRESOLVED,5000,True,False,True,0.00034595897886902094,0.08,0.18209213411654696,True,True,True,False
b81f492fc06cb84386ac,adaptive,adaptive_allocation,3881,1060604521,16,5000,0.08,0.05,rbf,median,anytime,bonferroni,1,10,False,UNRESOLVED,5000,True,False,True,0.00034666701685637236,0.08,0.18209213411654696,True,True,True,False
6fcbc60ef773b1fb9df5,adaptive,adaptive_allocation,3882,1333673072,16,5000,0.08,0.05,rbf,median,anytime,bonferroni,1,10,False,UNRESOLVED,5000,True,False,True,0.0003464160254225135,0.08,0.18209213411654696,True,True,True,False
472e588c981b25d8229f,adaptive,adaptive_allocation,3883,3526873914,16,5000,0.08,0.05,rbf,median,anytime,bonferroni,1,10,False,UNRESOLVED,5000,True,False,True,0.00034979102201759815,0.08,0.18209213411654696,True,True,True,False
9b3cfcb5d9cebe0558e5,adaptive,adaptive_allocation,3884,3131010156,16,5000,0.08,0.05,rbf,median,anytime,bonferroni,1,10,False,UNRESOLVED,5000,True,False,True,0.00036808301229029894,0.08,0.18209213411654696,True,True,True,False
a8dfea2ec7eb8376c085,adaptive,adaptive_allocation,3885,1687382887,16,5000,0.08,0.05,rbf,median,anytime,bonferroni,1,10,False,UNRESOLVED,5000,True,False,True,0.0004023750079795718,0.08,0.18209213411654696,True,True,True,False
7015ebe0d9d941abcb5c,adaptive,adaptive_allocation,3886,3030835499,16,5000,0.08,0.05,rbf,median,anytime,bonferroni,1,10,False,UNRESOLVED,5000,True,False,True,0.00040020799497142434,0.08,0.18209213411654696,True,True,True,False
3227c22d7353b9d44666,adaptive,adaptive_allocation,3887,746790762,16,5000,0.08,0.05,rbf,median,anytime,bonferroni,1,10,False,UNRESOLVED,5000,True,False,True,0.0004047079710289836,0.08,0.18209213411654696,True,True,True,False
e789b7ad0bcde104aa39,adaptive,adaptive_allocation,3888,3465805303,16,5000,0.08,0.05,rbf,median,anytime,bonferroni,1,10,False,UNRESOLVED,5000,True,False,True,0.0003978339955210686,0.08,0.18209213411654696,True,True,True,False
4f0d91def01cdc730e3a,adaptive,adaptive_allocation,3889,2768016657,16,5000,0.08,0.05,rbf,median,anytime,bonferroni,1,10,False,UNRESOLVED,5000,True,False,True,0.00039954198291525245,0.08,0.18209213411654696,True,True,True,False
2b2ae0a4b850541c2d54,adaptive,adaptive_allocation,3890,2621538455,16,5000,0.08,0.05,rbf,median,anytime,bonferroni,1,10,False,UNRESOLVED,5000,True,False,True,0.0004027499817311764,0.08,0.18209213411654696,True,True,True,False
5e1ed887641860c528ac,adaptive,adaptive_allocation,3891,1516478049,16,5000,0.08,0.05,rbf,median,anytime,bonferroni,1,10,False,UNRESOLVED,5000,True,False,True,0.0004049160052090883,0.08,0.18209213411654696,True,True,True,False
bc8f6ccb879eb2c327ff,adaptive,adaptive_allocation,3892,1837208728,16,5000,0.08,0.05,rbf,median,anytime,bonferroni,1,10,False,UNRESOLVED,5000,True,False,True,0.00039908301550894976,0.08,0.18209213411654696,True,True,True,False
8a05978baf340850fad1,adaptive,adaptive_allocation,3893,1867977708,16,5000,0.08,0.05,rbf,median,anytime,bonferroni,1,10,False,UNRESOLVED,5000,True,False,True,0.0004088329733349383,0.08,0.18209213411654696,True,True,True,False
43461db3551946a7edba,adaptive,adaptive_allocation,3894,2160672363,16,5000,0.08,0.05,rbf,median,anytime,bonferroni,1,10,False,UNRESOLVED,5000,True,False,True,0.0003992919810116291,0.08,0.18209213411654696,True,True,True,False
363b00b6940ecbcdbe91,adaptive,adaptive_allocation,3895,3402365750,16,5000,0.08,0.05,rbf,median,anytime,bonferroni,1,10,False,UNRESOLVED,5000,True,False,True,0.0004052500007674098,0.08,0.18209213411654696,True,True,True,False
ad300a179a4c521de4af,adaptive,adaptive_allocation,3896,919771747,16,5000,0.08,0.05,rbf,median,anytime,bonferroni,1,10,False,UNRESOLVED,5000,True,False,True,0.0004012499703094363,0.08,0.18209213411654696,True,True,True,False
0dcf5be304e4c2a906ce,adaptive,adaptive_allocation,3897,3536640937,16,5000,0.08,0.05,rbf,median,anytime,bonferroni,1,10,False,UNRESOLVED,5000,True,False,True,0.0004051249707117677,0.08,0.18209213411654696,True,True,True,False
29140a3da8b06b2240a0,adaptive,adaptive_allocation,3898,665968516,16,5000,0.08,0.05,rbf,median,anytime,bonferroni,1,10,False,UNRESOLVED,5000,True,False,True,0.000402167032007128,0.08,0.18209213411654696,True,True,True,False
0aa7073e1279d67434b2,adaptive,adaptive_allocation,3899,3985088362,16,5000,0.08,0.05,rbf,median,anytime,bonferroni,1,10,False,UNRESOLVED,5000,True,False,True,0.00041325000347569585,0.08,0.18209213411654696,True,True,True,False
1264d5ff7d6f1f321544,adaptive,adaptive_allocation,3900,2530914488,16,5000,0.08,0.05,rbf,median,anytime,bonferroni,1,10,False,UNRESOLVED,5000,True,False,True,0.0004010419943369925,0.08,0.18209213411654696,True,True,True,False
cca749aed781aa1e40cb,adaptive,adaptive_allocation,3901,3135985203,16,5000,0.08,0.05,rbf,median,anytime,bonferroni,1,10,False,UNRESOLVED,5000,True,False,True,0.0003970410325564444,0.08,0.18209213411654696,True,True,True,False
f5230ed6cf7d5cf88478,adaptive,adaptive_allocation,3902,1355122288,16,5000,0.08,0.05,rbf,median,anytime,bonferroni,1,10,False,UNRESOLVED,5000,True,False,True,0.00040208303835242987,0.08,0.18209213411654696,True,True,True,False
2eba779c54a97a4eea8e,adaptive,adaptive_allocation,3903,3591342903,16,5000,0.08,0.05,rbf,median,anytime,bonferroni,1,10,False,UNRESOLVED,5000,True,False,True,0.0004022499779239297,0.08,0.18209213411654696,True,True,True,False
fcea5064c6c14d248800,adaptive,adaptive_allocation,3904,3618236763,16,5000,0.08,0.05,rbf,median,anytime,bonferroni,1,10,False,UNRESOLVED,5000,True,False,True,0.00039970799116417766,0.08,0.18209213411654696,True,True,True,False
0e7994dccdaffe352bd5,adaptive,adaptive_allocation,3905,2801331927,16,5000,0.08,0.05,rbf,median,anytime,bonferroni,1,10,False,UNRESOLVED,5000,True,False,True,0.0003998749889433384,0.08,0.18209213411654696,True,True,True,False
683480768e16d3e2f71e,adaptive,adaptive_allocation,3906,2139922149,16,5000,0.08,0.05,rbf,median,anytime,bonferroni,1,10,False,UNRESOLVED,5000,True,False,True,0.00040087499655783176,0.08,0.18209213411654696,True,True,True,False
94893204e7499350e0aa,adaptive,adaptive_allocation,3907,4149306533,16,5000,0.08,0.05,rbf,median,anytime,bonferroni,1,10,False,UNRESOLVED,5000,True,False,True,0.0004057500045746565,0.08,0.18209213411654696,True,True,True,False
53c813549dc6d0c20597,adaptive,adaptive_allocation,3908,3970759283,16,5000,0.08,0.05,rbf,median,anytime,bonferroni,1,10,False,UNRESOLVED,5000,True,False,True,0.0004021250060759485,0.08,0.18209213411654696,True,True,True,False
c02337d05001c43c37b7,adaptive,adaptive_allocation,3909,1149998836,16,5000,0.08,0.05,rbf,median,anytime,bonferroni,1,10,False,UNRESOLVED,5000,True,False,True,0.00040079100290313363,0.08,0.18209213411654696,True,True,True,False
002dc0ced9518a16ba00,adaptive,adaptive_allocation,3910,2158850130,16,5000,0.08,0.05,rbf,median,anytime,bonferroni,1,10,False,UNRESOLVED,5000,True,False,True,0.0003994579892605543,0.08,0.18209213411654696,True,True,True,False
444ea1e64b9028574216,adaptive,adaptive_allocation,3911,769220544,16,5000,0.08,0.05,rbf,median,anytime,bonferroni,1,10,False,UNRESOLVED,5000,True,False,True,0.0004039999912492931,0.08,0.18209213411654696,True,True,True,False
c46bba067625a66dfab9,adaptive,adaptive_allocation,3912,618522938,16,5000,0.08,0.05,rbf,median,anytime,bonferroni,1,10,False,UNRESOLVED,5000,True,False,True,0.00035570794716477394,0.08,0.18209213411654696,True,True,True,False
e508b5af1a2386b9c200,adaptive,adaptive_allocation,3913,1628961486,16,5000,0.08,0.05,rbf,median,anytime,bonferroni,1,10,False,UNRESOLVED,5000,True,False,True,0.00034612504532560706,0.08,0.18209213411654696,True,True,True,False
fe876ebcce8fc4f9773b,adaptive,adaptive_allocation,3914,1986994002,16,5000,0.08,0.05,rbf,median,anytime,bonferroni,1,10,False,UNRESOLVED,5000,True,False,True,0.00034437497379258275,0.08,0.18209213411654696,True,True,True,False
75674d5787b3162a26cd,adaptive,adaptive_allocation,3915,2890538800,16,5000,0.08,0.05,rbf,median,anytime,bonferroni,1,10,False,UNRESOLVED,5000,True,False,True,0.00034600001526996493,0.08,0.18209213411654696,True,True,True,False
a2f199e507d417d15d50,adaptive,adaptive_allocation,3916,2046467398,16,5000,0.08,0.05,rbf,median,anytime,bonferroni,1,10,False,UNRESOLVED,5000,True,False,True,0.0003457500133663416,0.08,0.18209213411654696,True,True,True,False
60a352193319c5942853,adaptive,adaptive_allocation,3917,3576687971,16,5000,0.08,0.05,rbf,median,anytime,bonferroni,1,10,False,UNRESOLVED,5000,True,False,True,0.00035070895683020353,0.08,0.18209213411654696,True,True,True,False
f08dcdd8dc38144ffd2e,adaptive,adaptive_allocation,3918,2604934574,16,5000,0.08,0.05,rbf,median,anytime,bonferroni,1,10,False,UNRESOLVED,5000,True,False,True,0.0003451670054346323,0.08,0.18209213411654696,True,True,True,False
0f3b3d35e18fa3749eb2,adaptive,adaptive_allocation,3919,933301423,16,5000,0.08,0.05,rbf,median,anytime,bonferroni,1,10,False,UNRESOLVED,5000,True,False,True,0.0003535000141710043,0.08,0.18209213411654696,True,True,True,False
9aa2d3396ee9c4225859,adaptive,adaptive_allocation,3920,360917154,16,5000,0.08,0.05,rbf,median,anytime,bonferroni,1,10,False,UNRESOLVED,5000,True,False,True,0.0003458749852143228,0.08,0.18209213411654696,True,True,True,False
e4ec767d79d778616f17,adaptive,adaptive_allocation,3921,1142139369,16,5000,0.08,0.05,rbf,median,anytime,bonferroni,1,10,False,UNRESOLVED,5000,True,False,True,0.0003435830003581941,0.08,0.18209213411654696,True,True,True,False
a3be7b85ad5658a95e75,adaptive,adaptive_allocation,3922,3691647068,16,5000,0.08,0.05,rbf,median,anytime,bonferroni,1,10,False,UNRESOLVED,5000,True,False,True,0.0003448330098763108,0.08,0.18209213411654696,True,True,True,False
fe3be4e12c3e106463e9,adaptive,adaptive_allocation,3923,1804907065,16,5000,0.08,0.05,rbf,median,anytime,bonferroni,1,10,False,UNRESOLVED,5000,True,False,True,0.0003470000228844583,0.08,0.18209213411654696,True,True,True,False
cd307c6d0f297bc3e115,adaptive,adaptive_allocation,3924,1388851796,16,5000,0.08,0.05,rbf,median,anytime,bonferroni,1,10,False,UNRESOLVED,5000,True,False,True,0.000347500026691705,0.08,0.18209213411654696,True,True,True,False
c111e001527b1d97b05c,adaptive,adaptive_allocation,3925,2571170512,16,5000,0.08,0.05,rbf,median,anytime,bonferroni,1,10,False,UNRESOLVED,5000,True,False,True,0.000343875028192997,0.08,0.18209213411654696,True,True,True,False
a0db86ba66ff5f47f1b5,adaptive,adaptive_allocation,3926,4255328834,16,5000,0.08,0.05,rbf,median,anytime,bonferroni,1,10,False,UNRESOLVED,5000,True,False,True,0.0003447500057518482,0.08,0.18209213411654696,True,True,True,False
9e9a945b3ad533d7182b,adaptive,adaptive_allocation,3927,3599689489,16,5000,0.08,0.05,rbf,median,anytime,bonferroni,1,10,False,UNRESOLVED,5000,True,False,True,0.00034754100488498807,0.08,0.18209213411654696,True,True,True,False
7f1d1ab014f6238aa235,adaptive,adaptive_allocation,3928,2014176402,16,5000,0.08,0.05,rbf,median,anytime,bonferroni,1,10,False,UNRESOLVED,5000,True,False,True,0.00034533400321379304,0.08,0.18209213411654696,True,True,True,False
6f98bffe2b69c38c25e2,adaptive,adaptive_allocation,3929,3123011361,16,5000,0.08,0.05,rbf,median,anytime,bonferroni,1,10,False,UNRESOLVED,5000,True,False,True,0.0003453330136835575,0.08,0.18209213411654696,True,True,True,False
c9db0a30a84c98957104,adaptive,adaptive_allocation,3930,3342991460,16,5000,0.08,0.05,rbf,median,anytime,bonferroni,1,10,False,UNRESOLVED,5000,True,False,True,0.00035141699481755495,0.08,0.18209213411654696,True,True,True,False
212dcfe5c19300462eac,adaptive,adaptive_allocation,3931,1608172879,16,5000,0.08,0.05,rbf,median,anytime,bonferroni,1,10,False,UNRESOLVED,5000,True,False,True,0.00034783303271979094,0.08,0.18209213411654696,True,True,True,False
58d37f240d0bd9ea78a7,adaptive,adaptive_allocation,3932,371525129,16,5000,0.08,0.05,rbf,median,anytime,bonferroni,1,10,False,UNRESOLVED,5000,True,False,True,0.0003476670244708657,0.08,0.18209213411654696,True,True,True,False
a29306dbed6b9ca06663,adaptive,adaptive_allocation,3933,1042111890,16,5000,0.08,0.05,rbf,median,anytime,bonferroni,1,10,False,UNRESOLVED,5000,True,False,True,0.00034662499092519283,0.08,0.18209213411654696,True,True,True,False
67092803bf060c37f591,adaptive,adaptive_allocation,3934,2359162291,16,5000,0.08,0.05,rbf,median,anytime,bonferroni,1,10,False,UNRESOLVED,5000,True,False,True,0.00034570798743516207,0.08,0.18209213411654696,True,True,True,False
994d1e87d163e3eac8ef,adaptive,adaptive_allocation,3935,3150139345,16,5000,0.08,0.05,rbf,median,anytime,bonferroni,1,10,False,UNRESOLVED,5000,True,False,True,0.00034804100869223475,0.08,0.18209213411654696,True,True,True,False
feb5d86cb5c93230eb15,adaptive,adaptive_allocation,3936,2620334824,16,5000,0.08,0.05,rbf,median,anytime,bonferroni,1,10,False,UNRESOLVED,5000,True,False,True,0.00034604198299348354,0.08,0.18209213411654696,True,True,True,False
56926850af2f8d5be8a2,adaptive,adaptive_allocation,3937,2524805352,16,5000,0.08,0.05,rbf,median,anytime,bonferroni,1,10,False,UNRESOLVED,5000,True,False,True,0.00034208298893645406,0.08,0.18209213411654696,True,True,True,False
5e7bef952d792259e9c3,adaptive,adaptive_allocation,3938,3704197423,16,5000,0.08,0.05,rbf,median,anytime,bonferroni,1,10,False,UNRESOLVED,5000,True,False,True,0.0003434580285102129,0.08,0.18209213411654696,True,True,True,False
1057a9ccbecfeceb0125,adaptive,adaptive_allocation,3939,3429296320,16,5000,0.08,0.05,rbf,median,anytime,bonferroni,1,10,False,UNRESOLVED,5000,True,False,True,0.0003479589940980077,0.08,0.18209213411654696,True,True,True,False
087c6f29be946dfda8d9,adaptive,adaptive_allocation,3940,3677352296,16,5000,0.08,0.05,rbf,median,anytime,bonferroni,1,10,False,UNRESOLVED,5000,True,False,True,0.0003446249756962061,0.08,0.18209213411654696,True,True,True,False
e272fcfbbf0cb609d722,adaptive,adaptive_allocation,3941,3619082215,16,5000,0.08,0.05,rbf,median,anytime,bonferroni,1,10,False,UNRESOLVED,5000,True,False,True,0.000343875028192997,0.08,0.18209213411654696,True,True,True,False
67d02631c10da8a98b9a,adaptive,adaptive_allocation,3942,779572577,16,5000,0.08,0.05,rbf,median,anytime,bonferroni,1,10,False,UNRESOLVED,5000,True,False,True,0.00034379196586087346,0.08,0.18209213411654696,True,True,True,False
283129e17c1138df4f2b,adaptive,adaptive_allocation,3943,3275463775,16,5000,0.08,0.05,rbf,median,anytime,bonferroni,1,10,False,UNRESOLVED,5000,True,False,True,0.00034662499092519283,0.08,0.18209213411654696,True,True,True,False
273b81a48f15c5e52c1a,adaptive,adaptive_allocation,3944,3222965453,16,5000,0.08,0.05,rbf,median,anytime,bonferroni,1,10,False,UNRESOLVED,5000,True,False,True,0.0003439580323174596,0.08,0.18209213411654696,True,True,True,False
5b7594ffc2a90b4643b1,adaptive,adaptive_allocation,3945,1717327310,16,5000,0.08,0.05,rbf,median,anytime,bonferroni,1,10,False,UNRESOLVED,5000,True,False,True,0.00034654198680073023,0.08,0.18209213411654696,True,True,True,False
ba493ebe7735d9653161,adaptive,adaptive_allocation,3946,3391771124,16,5000,0.08,0.05,rbf,median,anytime,bonferroni,1,10,False,UNRESOLVED,5000,True,False,True,0.00034295901423320174,0.08,0.18209213411654696,True,True,True,False
453974143c36f2bccd99,adaptive,adaptive_allocation,3947,85487461,16,5000,0.08,0.05,rbf,median,anytime,bonferroni,1,10,False,UNRESOLVED,5000,True,False,True,0.0003487910144031048,0.08,0.18209213411654696,True,True,True,False
b1c025806005e41d041b,adaptive,adaptive_allocation,3948,646732588,16,5000,0.08,0.05,rbf,median,anytime,bonferroni,1,10,False,UNRESOLVED,5000,True,False,True,0.00034491601400077343,0.08,0.18209213411654696,True,True,True,False
2e4c5cbbd6261fceba13,adaptive,adaptive_allocation,3949,392597275,16,5000,0.08,0.05,rbf,median,anytime,bonferroni,1,10,False,UNRESOLVED,5000,True,False,True,0.0003423329908400774,0.08,0.18209213411654696,True,True,True,False
2c4cf0dc9e4e293bf5fb,adaptive,adaptive_allocation,3950,114726010,16,5000,0.08,0.05,rbf,median,anytime,bonferroni,1,10,False,UNRESOLVED,5000,True,False,True,0.0003433750243857503,0.08,0.18209213411654696,True,True,True,False
b7f03c8fb24f8802e0b2,adaptive,adaptive_allocation,3951,638528463,16,5000,0.08,0.05,rbf,median,anytime,bonferroni,1,10,False,UNRESOLVED,5000,True,False,True,0.00034741696435958147,0.08,0.18209213411654696,True,True,True,False
46868b0faa3bda381e04,adaptive,adaptive_allocation,3952,2888083415,16,5000,0.08,0.05,rbf,median,anytime,bonferroni,1,10,False,UNRESOLVED,5000,True,False,True,0.0003417080151848495,0.08,0.18209213411654696,True,True,True,False
3193480e9fd1647213d4,adaptive,adaptive_allocation,3953,2126810589,16,5000,0.08,0.05,rbf,median,anytime,bonferroni,1,10,False,UNRESOLVED,5000,True,False,True,0.0003427499905228615,0.08,0.18209213411654696,True,True,True,False
346ba7ac83d5d716edd6,adaptive,adaptive_allocation,3954,804354265,16,5000,0.08,0.05,rbf,median,anytime,bonferroni,1,10,False,UNRESOLVED,5000,True,False,True,0.00034312502248212695,0.08,0.18209213411654696,True,True,True,False
8fd69a964c6b751b0c69,adaptive,adaptive_allocation,3955,3774553263,16,5000,0.08,0.05,rbf,median,anytime,bonferroni,1,10,False,UNRESOLVED,5000,True,False,True,0.0003480840241536498,0.08,0.18209213411654696,True,True,True,False
e237a8a941b4929b6983,adaptive,adaptive_allocation,3956,1237478996,16,5000,0.08,0.05,rbf,median,anytime,bonferroni,1,10,False,UNRESOLVED,5000,True,False,True,0.00034449994564056396,0.08,0.18209213411654696,True,True,True,False
db21041861bd96172947,adaptive,adaptive_allocation,3957,2589689798,16,5000,0.08,0.05,rbf,median,anytime,bonferroni,1,10,False,UNRESOLVED,5000,True,False,True,0.0003446670016273856,0.08,0.18209213411654696,True,True,True,False
92ca617d5743e254e030,adaptive,adaptive_allocation,3958,1124554336,16,5000,0.08,0.05,rbf,median,anytime,bonferroni,1,10,False,UNRESOLVED,5000,True,False,True,0.000347500026691705,0.08,0.18209213411654696,True,True,True,False
2915e666a29726fdc6a2,adaptive,adaptive_allocation,3959,933426392,16,5000,0.08,0.05,rbf,median,anytime,bonferroni,1,10,False,UNRESOLVED,5000,True,False,True,0.00034725002478808165,0.08,0.18209213411654696,True,True,True,False
0cc9622560547e5248a8,adaptive,adaptive_allocation,3960,3734959280,16,5000,0.08,0.05,rbf,median,anytime,bonferroni,1,10,False,UNRESOLVED,5000,True,False,True,0.00034804100869223475,0.08,0.18209213411654696,True,True,True,False
f69097e40acfce15166c,adaptive,adaptive_allocation,3961,1645328584,16,5000,0.08,0.05,rbf,median,anytime,bonferroni,1,10,False,UNRESOLVED,5000,True,False,True,0.00034795800456777215,0.08,0.18209213411654696,True,True,True,False
b86886cf0d797ea25405,adaptive,adaptive_allocation,3962,3443130347,16,5000,0.08,0.05,rbf,median,anytime,bonferroni,1,10,False,UNRESOLVED,5000,True,False,True,0.0003469579969532788,0.08,0.18209213411654696,True,True,True,False
994c78852744b113def4,adaptive,adaptive_allocation,3963,2499564365,16,5000,0.08,0.05,rbf,median,anytime,bonferroni,1,10,False,UNRESOLVED,5000,True,False,True,0.00034916697768494487,0.08,0.18209213411654696,True,True,True,False
c3dfbdb3700238b1fbe9,adaptive,adaptive_allocation,3964,3497852588,16,5000,0.08,0.05,rbf,median,anytime,bonferroni,1,10,False,UNRESOLVED,5000,True,False,True,0.0003472079988569021,0.08,0.18209213411654696,True,True,True,False
5a6f008c6a840266ec2b,adaptive,adaptive_allocation,3965,3137202170,16,5000,0.08,0.05,rbf,median,anytime,bonferroni,1,10,False,UNRESOLVED,5000,True,False,True,0.0003477080026641488,0.08,0.18209213411654696,True,True,True,False
5932c54d61fd633d8b46,adaptive,adaptive_allocation,3966,3266175643,16,5000,0.08,0.05,rbf,median,anytime,bonferroni,1,10,False,UNRESOLVED,5000,True,False,True,0.00034420902375131845,0.08,0.18209213411654696,True,True,True,False
49259d2c9609f58302ed,adaptive,adaptive_allocation,3967,1656436374,16,5000,0.08,0.05,rbf,median,anytime,bonferroni,1,10,False,UNRESOLVED,5000,True,False,True,0.00034720904659479856,0.08,0.18209213411654696,True,True,True,False
59dd4b85b791008019c6,adaptive,adaptive_allocation,3968,3425207741,16,5000,0.08,0.05,rbf,median,anytime,bonferroni,1,10,False,UNRESOLVED,5000,True,False,True,0.00034354202216491103,0.08,0.18209213411654696,True,True,True,False
e2df2564319c9d393720,adaptive,adaptive_allocation,3969,3427379199,16,5000,0.08,0.05,rbf,median,anytime,bonferroni,1,10,False,UNRESOLVED,5000,True,False,True,0.0003465000190772116,0.08,0.18209213411654696,True,True,True,False
ed6e7497ebcf2478320d,adaptive,adaptive_allocation,3970,141851731,16,5000,0.08,0.05,rbf,median,anytime,bonferroni,1,10,False,UNRESOLVED,5000,True,False,True,0.0003462089807726443,0.08,0.18209213411654696,True,True,True,False
63f96040572652daaf4a,adaptive,adaptive_allocation,3971,658312562,16,5000,0.08,0.05,rbf,median,anytime,bonferroni,1,10,False,UNRESOLVED,5000,True,False,True,0.0003487920039333403,0.08,0.18209213411654696,True,True,True,False
6678294e3e736149055c,adaptive,adaptive_allocation,3972,1310995586,16,5000,0.08,0.05,rbf,median,anytime,bonferroni,1,10,False,UNRESOLVED,5000,True,False,True,0.00034733302891254425,0.08,0.18209213411654696,True,True,True,False
a7185d8a3344c8cdf66f,adaptive,adaptive_allocation,3973,2794691578,16,5000,0.08,0.05,rbf,median,anytime,bonferroni,1,10,False,UNRESOLVED,5000,True,False,True,0.0003439169959165156,0.08,0.18209213411654696,True,True,True,False
b52c79d4410b5031aa60,adaptive,adaptive_allocation,3974,357792833,16,5000,0.08,0.05,rbf,median,anytime,bonferroni,1,10,False,UNRESOLVED,5000,True,False,True,0.00034616602351889014,0.08,0.18209213411654696,True,True,True,False
47b9869dd887fd3403f7,adaptive,adaptive_allocation,3975,3760941563,16,5000,0.08,0.05,rbf,median,anytime,bonferroni,1,10,False,UNRESOLVED,5000,True,False,True,0.000349292007740587,0.08,0.18209213411654696,True,True,True,False
7b3510e0691c94ce92c4,adaptive,adaptive_allocation,3976,1036985876,16,5000,0.08,0.05,rbf,median,anytime,bonferroni,1,10,False,UNRESOLVED,5000,True,False,True,0.0003428339841775596,0.08,0.18209213411654696,True,True,True,False
5ee9a4306155c513e1af,adaptive,adaptive_allocation,3977,1944302321,16,5000,0.08,0.05,rbf,median,anytime,bonferroni,1,10,False,UNRESOLVED,5000,True,False,True,0.00034545804373919964,0.08,0.18209213411654696,True,True,True,False
3b626227d747e8c2d057,adaptive,adaptive_allocation,3978,493809107,16,5000,0.08,0.05,rbf,median,anytime,bonferroni,1,10,False,UNRESOLVED,5000,True,False,True,0.00034729199251160026,0.08,0.18209213411654696,True,True,True,False
cb259711ca505e59eabf,adaptive,adaptive_allocation,3979,354254352,16,5000,0.08,0.05,rbf,median,anytime,bonferroni,1,10,False,UNRESOLVED,5000,True,False,True,0.0003471249947324395,0.08,0.18209213411654696,True,True,True,False
6b842504d1eba9d5a898,adaptive,adaptive_allocation,3980,1670241514,16,5000,0.08,0.05,rbf,median,anytime,bonferroni,1,10,False,UNRESOLVED,5000,True,False,True,0.0003453329554758966,0.08,0.18209213411654696,True,True,True,False
112ed7041a526207b4e4,adaptive,adaptive_allocation,3981,2280199737,16,5000,0.08,0.05,rbf,median,anytime,bonferroni,1,10,False,UNRESOLVED,5000,True,False,True,0.00034508301177993417,0.08,0.18209213411654696,True,True,True,False
8d79ce63ba5ecc2452d0,adaptive,adaptive_allocation,3982,828272555,16,5000,0.08,0.05,rbf,median,anytime,bonferroni,1,10,False,UNRESOLVED,5000,True,False,True,0.00038345897337421775,0.08,0.18209213411654696,True,True,True,False
2222edbe03089b2b086e,adaptive,adaptive_allocation,3983,3806179883,16,5000,0.08,0.05,rbf,median,anytime,bonferroni,1,10,False,UNRESOLVED,5000,True,False,True,0.0004082079976797104,0.08,0.18209213411654696,True,True,True,False
e9fe6d9fd5573961eb55,adaptive,adaptive_allocation,3984,2356868709,16,5000,0.08,0.05,rbf,median,anytime,bonferroni,1,10,False,UNRESOLVED,5000,True,False,True,0.00040024996269494295,0.08,0.18209213411654696,True,True,True,False
8858673540cce82c9be1,adaptive,adaptive_allocation,3985,300402565,16,5000,0.08,0.05,rbf,median,anytime,bonferroni,1,10,False,UNRESOLVED,5000,True,False,True,0.00040125002851709723,0.08,0.18209213411654696,True,True,True,False
339e5e370ea756c2a729,adaptive,adaptive_allocation,3986,836247141,16,5000,0.08,0.05,rbf,median,anytime,bonferroni,1,10,False,UNRESOLVED,5000,True,False,True,0.00040216604247689247,0.08,0.18209213411654696,True,True,True,False
487bcc999edab12415a9,adaptive,adaptive_allocation,3987,589320314,16,5000,0.08,0.05,rbf,median,anytime,bonferroni,1,10,False,UNRESOLVED,5000,True,False,True,0.0004034590092487633,0.08,0.18209213411654696,True,True,True,False
0eeb96b8fc8e37e03e62,adaptive,adaptive_allocation,3988,1200830498,16,5000,0.08,0.05,rbf,median,anytime,bonferroni,1,10,False,UNRESOLVED,5000,True,False,True,0.0003987500094808638,0.08,0.18209213411654696,True,True,True,False
08a89d769ef292d5069f,adaptive,adaptive_allocation,3989,2407709866,16,5000,0.08,0.05,rbf,median,anytime,bonferroni,1,10,False,UNRESOLVED,5000,True,False,True,0.0004017500323243439,0.08,0.18209213411654696,True,True,True,False
67fdf586ba41c7f0df9d,adaptive,adaptive_allocation,3990,3149177614,16,5000,0.08,0.05,rbf,median,anytime,bonferroni,1,10,False,UNRESOLVED,5000,True,False,True,0.00039962498703971505,0.08,0.18209213411654696,True,True,True,False
33bec55fd9b605074de4,adaptive,adaptive_allocation,3991,2041936527,16,5000,0.08,0.05,rbf,median,anytime,bonferroni,1,10,False,UNRESOLVED,5000,True,False,True,0.00040262500988319516,0.08,0.18209213411654696,True,True,True,False
b04417ca2d2e43bbe0c0,adaptive,adaptive_allocation,3992,818332,16,5000,0.08,0.05,rbf,median,anytime,bonferroni,1,10,False,UNRESOLVED,5000,True,False,True,0.00039775000186637044,0.08,0.18209213411654696,True,True,True,False
a1056599171848965d4d,adaptive,adaptive_allocation,3993,1173238767,16,5000,0.08,0.05,rbf,median,anytime,bonferroni,1,10,False,UNRESOLVED,5000,True,False,True,0.00039804098196327686,0.08,0.18209213411654696,True,True,True,False
a7dd7607798f00ca3125,adaptive,adaptive_allocation,3994,2332421173,16,5000,0.08,0.05,rbf,median,anytime,bonferroni,1,10,False,UNRESOLVED,5000,True,False,True,0.0003998749889433384,0.08,0.18209213411654696,True,True,True,False
e5a29c9dd1db018576f0,adaptive,adaptive_allocation,3995,1886180792,16,5000,0.08,0.05,rbf,median,anytime,bonferroni,1,10,False,UNRESOLVED,5000,True,False,True,0.0004046250251121819,0.08,0.18209213411654696,True,True,True,False
a858997dcf8b64de23a5,adaptive,adaptive_allocation,3996,3115552400,16,5000,0.08,0.05,rbf,median,anytime,bonferroni,1,10,False,UNRESOLVED,5000,True,False,True,0.00040095800068229437,0.08,0.18209213411654696,True,True,True,False
d4bde77b5d22c121ff30,adaptive,adaptive_allocation,3997,3757239765,16,5000,0.08,0.05,rbf,median,anytime,bonferroni,1,10,False,UNRESOLVED,5000,True,False,True,0.00040116702439263463,0.08,0.18209213411654696,True,True,True,False
a757c1467a85bfd40336,adaptive,adaptive_allocation,3998,2076167071,16,5000,0.08,0.05,rbf,median,anytime,bonferroni,1,10,False,UNRESOLVED,5000,True,False,True,0.00040312501369044185,0.08,0.18209213411654696,True,True,True,False
75559f9b14abb1d7e6df,adaptive,adaptive_allocation,3999,2003700787,16,5000,0.08,0.05,rbf,median,anytime,bonferroni,1,10,False,UNRESOLVED,5000,True,False,True,0.00040316698141396046,0.08,0.18209213411654696,True,True,True,False
