simulation_id,scenario_id,scenario_family,replicate_id,seed,dimension,sample_budget,effect_size,alpha,kernel,bandwidth,stopping_rule,multiplicity_rule,representation_count,model_count,reference_reuse,decision,stopping_time,coverage,false_positive,false_negative,runtime_seconds,true_mean,confidence_width,synthetic_validation_only,not_real_generator_evidence,not_empirical_paper_evidence,claim_allowed
4d2e91d82017fe2ec8ca,representation,representation_disagreement,0,3899218738,16,5000,0.4,0.05,rbf,median,anytime,bonferroni,3,2,False,B_BETTER,224,True,False,False,0.00020704203052446246,0.4,0.7200353639175696,True,True,True,False
5a21c62011a7d7cb9a3c,representation,representation_disagreement,1,2252658799,16,5000,0.4,0.05,rbf,median,anytime,bonferroni,3,2,False,B_BETTER,240,True,False,False,0.00020987499738112092,0.4,0.6989114228795754,True,True,True,False
36a75368ee3bf91beee1,representation,representation_disagreement,2,430121754,16,5000,0.4,0.05,rbf,median,anytime,bonferroni,3,2,False,B_BETTER,272,True,False,False,0.0002085419837385416,0.4,0.6620856821127257,True,True,True,False
dcb56762f9b534057811,representation,representation_disagreement,3,2409627186,16,5000,0.4,0.05,rbf,median,anytime,bonferroni,3,2,False,B_BETTER,256,True,False,False,0.00020641600713133812,0.4,0.6796858875495522,True,True,True,False
2752444c004f5906bcf4,representation,representation_disagreement,4,3744857026,16,5000,0.4,0.05,rbf,median,anytime,bonferroni,3,2,False,B_BETTER,288,True,False,False,0.00020812498405575752,0.4,0.6458901399180805,True,True,True,False
7a5c04264f9d039ad816,representation,representation_disagreement,5,3255828861,16,5000,0.4,0.05,rbf,median,anytime,bonferroni,3,2,False,B_BETTER,224,True,False,False,0.00020524999126791954,0.4,0.7200353639175696,True,True,True,False
b201c4a894f154b1d77e,representation,representation_disagreement,6,4220535357,16,5000,0.4,0.05,rbf,median,anytime,bonferroni,3,2,False,B_BETTER,256,True,False,False,0.00020662497263401747,0.4,0.6796858875495522,True,True,True,False
187cb2132ecd24cfa341,representation,representation_disagreement,7,2390719258,16,5000,0.4,0.05,rbf,median,anytime,bonferroni,3,2,False,B_BETTER,224,True,False,False,0.0002049999893642962,0.4,0.7200353639175696,True,True,True,False
03474bd15d7b2ec3764c,representation,representation_disagreement,8,1729757433,16,5000,0.4,0.05,rbf,median,anytime,bonferroni,3,2,False,B_BETTER,224,True,False,False,0.00020520802354440093,0.4,0.7200353639175696,True,True,True,False
746348af866af97aaf8e,representation,representation_disagreement,9,2430386899,16,5000,0.4,0.05,rbf,median,anytime,bonferroni,3,2,False,B_BETTER,272,True,False,False,0.00020637502893805504,0.4,0.6620856821127257,True,True,True,False
fbf16749736951815c7c,representation,representation_disagreement,10,4021737924,16,5000,0.4,0.05,rbf,median,anytime,bonferroni,3,2,False,B_BETTER,240,True,False,False,0.0002050410257652402,0.4,0.6989114228795754,True,True,True,False
67e7b598a9789ceba4bb,representation,representation_disagreement,11,2898869034,16,5000,0.4,0.05,rbf,median,anytime,bonferroni,3,2,False,B_BETTER,256,True,False,False,0.00020658300491049886,0.4,0.6796858875495522,True,True,True,False
baf9c4a19158610fdd05,representation,representation_disagreement,12,2235695983,16,5000,0.4,0.05,rbf,median,anytime,bonferroni,3,2,False,B_BETTER,208,True,False,False,0.00020462501561269164,0.4,0.7434004973451923,True,True,True,False
73c06075c306bbe9876a,representation,representation_disagreement,13,1565302435,16,5000,0.4,0.05,rbf,median,anytime,bonferroni,3,2,False,B_BETTER,288,True,False,False,0.00020762503845617175,0.4,0.6458901399180805,True,True,True,False
1f1665a87415dc3643dc,representation,representation_disagreement,14,2883942513,16,5000,0.4,0.05,rbf,median,anytime,bonferroni,3,2,False,B_BETTER,240,True,False,False,0.0003367920289747417,0.4,0.6989114228795754,True,True,True,False
2c2a9224ba106b6c69c9,representation,representation_disagreement,15,621512212,16,5000,0.4,0.05,rbf,median,anytime,bonferroni,3,2,False,B_BETTER,224,True,False,False,0.0002674999996088445,0.4,0.7200353639175696,True,True,True,False
b824c3562de67f66fdc7,representation,representation_disagreement,16,3299484152,16,5000,0.4,0.05,rbf,median,anytime,bonferroni,3,2,False,B_BETTER,288,True,False,False,0.00024812499759718776,0.4,0.6458901399180805,True,True,True,False
ffce33bbd2574c950373,representation,representation_disagreement,17,99798458,16,5000,0.4,0.05,rbf,median,anytime,bonferroni,3,2,False,B_BETTER,224,True,False,False,0.00024087500059977174,0.4,0.7200353639175696,True,True,True,False
1c0ea912c9b5fec5be6e,representation,representation_disagreement,18,714463174,16,5000,0.4,0.05,rbf,median,anytime,bonferroni,3,2,False,B_BETTER,272,True,False,False,0.00024279102217406034,0.4,0.6620856821127259,True,True,True,False
dcdec7a77f9c262b9628,representation,representation_disagreement,19,2187326035,16,5000,0.4,0.05,rbf,median,anytime,bonferroni,3,2,False,B_BETTER,240,True,False,False,0.00024399999529123306,0.4,0.6989114228795754,True,True,True,False
3dad5dbe0b86ba232118,representation,representation_disagreement,20,1774655444,16,5000,0.4,0.05,rbf,median,anytime,bonferroni,3,2,False,B_BETTER,224,True,False,False,0.0002383330138400197,0.4,0.7200353639175696,True,True,True,False
0c9ea108b3c0cc354a9c,representation,representation_disagreement,21,1739109096,16,5000,0.4,0.05,rbf,median,anytime,bonferroni,3,2,False,B_BETTER,304,True,False,False,0.0002423750120215118,0.4,0.6309186896508341,True,True,True,False
71c2c4c4252177e82d16,representation,representation_disagreement,22,3495444559,16,5000,0.4,0.05,rbf,median,anytime,bonferroni,3,2,False,B_BETTER,240,True,False,False,0.0002382919774390757,0.4,0.6989114228795754,True,True,True,False
1c0cfb788e13284defdc,representation,representation_disagreement,23,2137873367,16,5000,0.4,0.05,rbf,median,anytime,bonferroni,3,2,False,B_BETTER,256,True,False,False,0.00024154101265594363,0.4,0.6796858875495522,True,True,True,False
643cd61f8005cd1aaaf8,representation,representation_disagreement,24,939276615,16,5000,0.4,0.05,rbf,median,anytime,bonferroni,3,2,False,B_BETTER,208,True,False,False,0.00023562501883134246,0.4,0.7434004973451922,True,True,True,False
ae03a0bcae0e45f0ae8b,representation,representation_disagreement,25,2007440091,16,5000,0.4,0.05,rbf,median,anytime,bonferroni,3,2,False,B_BETTER,304,True,False,False,0.00024024996673688293,0.4,0.6309186896508341,True,True,True,False
fa11e1129023baecf344,representation,representation_disagreement,26,2136614514,16,5000,0.4,0.05,rbf,median,anytime,bonferroni,3,2,False,B_BETTER,240,True,False,False,0.00024083402240648866,0.4,0.6989114228795754,True,True,True,False
8a1f2b6be5d31e5a65ee,representation,representation_disagreement,27,3319935692,16,5000,0.4,0.05,rbf,median,anytime,bonferroni,3,2,False,B_BETTER,240,True,False,False,0.0002399170189164579,0.4,0.6989114228795754,True,True,True,False
33914f2504d48f1b60f5,representation,representation_disagreement,28,2990993705,16,5000,0.4,0.05,rbf,median,anytime,bonferroni,3,2,False,B_BETTER,256,True,False,False,0.000238874985370785,0.4,0.6796858875495522,True,True,True,False
f4ba0d9bba8eafe7d83e,representation,representation_disagreement,29,349254018,16,5000,0.4,0.05,rbf,median,anytime,bonferroni,3,2,False,B_BETTER,256,True,False,False,0.00023766601225361228,0.4,0.6796858875495522,True,True,True,False
c50a4796cbf26bf0d181,representation,representation_disagreement,30,2046605232,16,5000,0.4,0.05,rbf,median,anytime,bonferroni,3,2,False,B_BETTER,288,True,False,False,0.00024020799901336432,0.4,0.6458901399180805,True,True,True,False
217a76128a9f501bf346,representation,representation_disagreement,31,370226741,16,5000,0.4,0.05,rbf,median,anytime,bonferroni,3,2,False,B_BETTER,256,True,False,False,0.0002412499743513763,0.4,0.6796858875495522,True,True,True,False
b71e4fcb80b32188b988,representation,representation_disagreement,32,2452815907,16,5000,0.4,0.05,rbf,median,anytime,bonferroni,3,2,False,B_BETTER,208,True,False,False,0.00023550004698336124,0.4,0.7434004973451923,True,True,True,False
57f06f03508e1a0aa52c,representation,representation_disagreement,33,120988494,16,5000,0.4,0.05,rbf,median,anytime,bonferroni,3,2,False,B_BETTER,240,True,False,False,0.00024987495271489024,0.4,0.6989114228795754,True,True,True,False
97041934a62fde4bf023,representation,representation_disagreement,34,3707805741,16,5000,0.4,0.05,rbf,median,anytime,bonferroni,3,2,False,B_BETTER,272,True,False,False,0.00024341698735952377,0.4,0.6620856821127257,True,True,True,False
6b9fb2d8e3ff57e99526,representation,representation_disagreement,35,3319902632,16,5000,0.4,0.05,rbf,median,anytime,bonferroni,3,2,False,B_BETTER,272,True,False,False,0.00024262501392513514,0.4,0.6620856821127258,True,True,True,False
a36918f5ed261887f7b3,representation,representation_disagreement,36,3702538802,16,5000,0.4,0.05,rbf,median,anytime,bonferroni,3,2,False,B_BETTER,272,True,False,False,0.00024037499679252505,0.4,0.6620856821127257,True,True,True,False
c8804bb418bfc3e6282d,representation,representation_disagreement,37,1341757920,16,5000,0.4,0.05,rbf,median,anytime,bonferroni,3,2,False,B_BETTER,208,True,False,False,0.00023683300241827965,0.4,0.7434004973451922,True,True,True,False
dc5d867bb0ad0cdbb750,representation,representation_disagreement,38,2869648669,16,5000,0.4,0.05,rbf,median,anytime,bonferroni,3,2,False,B_BETTER,288,True,False,False,0.00023966701701283455,0.4,0.6458901399180805,True,True,True,False
532a188f8ee1ac1b7ccb,representation,representation_disagreement,39,597571505,16,5000,0.4,0.05,rbf,median,anytime,bonferroni,3,2,False,B_BETTER,224,True,False,False,0.0002514579682610929,0.4,0.7200353639175696,True,True,True,False
42d8b3e952cde5641d88,representation,representation_disagreement,40,2282811891,16,5000,0.4,0.05,rbf,median,anytime,bonferroni,3,2,False,B_BETTER,224,True,False,False,0.0002463750424794853,0.4,0.7200353639175696,True,True,True,False
bb757b51e94224149747,representation,representation_disagreement,41,2055603610,16,5000,0.4,0.05,rbf,median,anytime,bonferroni,3,2,False,B_BETTER,224,True,False,False,0.00024875003146007657,0.4,0.7200353639175696,True,True,True,False
6de9154e0cd7cc3d5fc5,representation,representation_disagreement,42,2412643872,16,5000,0.4,0.05,rbf,median,anytime,bonferroni,3,2,False,B_BETTER,240,True,False,False,0.00026058399816975,0.4,0.6989114228795754,True,True,True,False
e0619950f54bb547a788,representation,representation_disagreement,43,2274052444,16,5000,0.4,0.05,rbf,median,anytime,bonferroni,3,2,False,B_BETTER,240,True,False,False,0.00024733401369303465,0.4,0.6989114228795754,True,True,True,False
07406f86281a6cc8a5ce,representation,representation_disagreement,44,2932049477,16,5000,0.4,0.05,rbf,median,anytime,bonferroni,3,2,False,B_BETTER,256,True,False,False,0.00023758294992148876,0.4,0.6796858875495522,True,True,True,False
2fe7a2a6f2f0cb2cf63d,representation,representation_disagreement,45,2143320404,16,5000,0.4,0.05,rbf,median,anytime,bonferroni,3,2,False,B_BETTER,224,True,False,False,0.00023908400908112526,0.4,0.7200353639175696,True,True,True,False
1f9eeab7849515441981,representation,representation_disagreement,46,2387606163,16,5000,0.4,0.05,rbf,median,anytime,bonferroni,3,2,False,B_BETTER,272,True,False,False,0.00023695803247392178,0.4,0.6620856821127259,True,True,True,False
353c65e3341292f591ac,representation,representation_disagreement,47,883017979,16,5000,0.4,0.05,rbf,median,anytime,bonferroni,3,2,False,B_BETTER,272,True,False,False,0.00024141703033819795,0.4,0.6620856821127259,True,True,True,False
526ade2b9056f6eed068,representation,representation_disagreement,48,982875441,16,5000,0.4,0.05,rbf,median,anytime,bonferroni,3,2,False,B_BETTER,288,True,False,False,0.0002399170189164579,0.4,0.6458901399180805,True,True,True,False
a11660e64051ee8acf30,representation,representation_disagreement,49,859741430,16,5000,0.4,0.05,rbf,median,anytime,bonferroni,3,2,False,B_BETTER,208,True,False,False,0.00023495894856750965,0.4,0.7434004973451923,True,True,True,False
656a0e8d4d3e77b4ae0b,representation,representation_disagreement,50,356502676,16,5000,0.4,0.05,rbf,median,anytime,bonferroni,3,2,False,B_BETTER,288,True,False,False,0.00026095903012901545,0.4,0.6458901399180805,True,True,True,False
0743fc9e58dcb1bfdab8,representation,representation_disagreement,51,563784058,16,5000,0.4,0.05,rbf,median,anytime,bonferroni,3,2,False,B_BETTER,224,True,False,False,0.00019408302614465356,0.4,0.7200353639175696,True,True,True,False
548a00ea339d3210ba3d,representation,representation_disagreement,52,3503670566,16,5000,0.4,0.05,rbf,median,anytime,bonferroni,3,2,False,B_BETTER,320,True,False,False,0.0001860829652287066,0.4,0.6170219115444306,True,True,True,False
217ed06073952022006a,representation,representation_disagreement,53,1274535864,16,5000,0.4,0.05,rbf,median,anytime,bonferroni,3,2,False,B_BETTER,256,True,False,False,0.00018041598377749324,0.4,0.6796858875495522,True,True,True,False
3956a8d4cf3e68317b0d,representation,representation_disagreement,54,4009465617,16,5000,0.4,0.05,rbf,median,anytime,bonferroni,3,2,False,B_BETTER,224,True,False,False,0.00017795903841033578,0.4,0.7200353639175696,True,True,True,False
2192c9457423ebe1c4e2,representation,representation_disagreement,55,1789917280,16,5000,0.4,0.05,rbf,median,anytime,bonferroni,3,2,False,B_BETTER,256,True,False,False,0.00017941597616299987,0.4,0.6796858875495522,True,True,True,False
4449f61c462440fafbe8,representation,representation_disagreement,56,2498512300,16,5000,0.4,0.05,rbf,median,anytime,bonferroni,3,2,False,B_BETTER,240,True,False,False,0.00017954199574887753,0.4,0.6989114228795754,True,True,True,False
448ea4a6a972dbafe098,representation,representation_disagreement,57,33639476,16,5000,0.4,0.05,rbf,median,anytime,bonferroni,3,2,False,B_BETTER,272,True,False,False,0.00017925002612173557,0.4,0.6620856821127258,True,True,True,False
7db895857e3b13f7436b,representation,representation_disagreement,58,246510304,16,5000,0.4,0.05,rbf,median,anytime,bonferroni,3,2,False,B_BETTER,224,True,False,False,0.00018025003373622894,0.4,0.7200353639175696,True,True,True,False
2b20466bdc9ef5cf6f0c,representation,representation_disagreement,59,1116761361,16,5000,0.4,0.05,rbf,median,anytime,bonferroni,3,2,False,B_BETTER,240,True,False,False,0.00018037500558421016,0.4,0.6989114228795754,True,True,True,False
a5d433afb7a3615645bf,representation,representation_disagreement,60,2554807247,16,5000,0.4,0.05,rbf,median,anytime,bonferroni,3,2,False,B_BETTER,224,True,False,False,0.00017883401596918702,0.4,0.7200353639175696,True,True,True,False
72b61fb9ef7feb564351,representation,representation_disagreement,61,2529275990,16,5000,0.4,0.05,rbf,median,anytime,bonferroni,3,2,False,B_BETTER,208,True,False,False,0.00017679098527878523,0.4,0.7434004973451923,True,True,True,False
05d763327865a923c3ba,representation,representation_disagreement,62,763973739,16,5000,0.4,0.05,rbf,median,anytime,bonferroni,3,2,False,B_BETTER,320,True,False,False,0.00018087500939145684,0.4,0.6170219115444304,True,True,True,False
3b521762b5799d9f4a92,representation,representation_disagreement,63,690502686,16,5000,0.4,0.05,rbf,median,anytime,bonferroni,3,2,False,B_BETTER,288,True,False,False,0.0001800830359570682,0.4,0.6458901399180805,True,True,True,False
dc85cb53bec9fba53b33,representation,representation_disagreement,64,2297503383,16,5000,0.4,0.05,rbf,median,anytime,bonferroni,3,2,False,B_BETTER,224,True,False,False,0.00017704203492030501,0.4,0.7200353639175696,True,True,True,False
71b4d636f112ce5eaffd,representation,representation_disagreement,65,3899526655,16,5000,0.4,0.05,rbf,median,anytime,bonferroni,3,2,False,B_BETTER,208,True,False,False,0.00017666700296103954,0.4,0.7434004973451922,True,True,True,False
de2f4d0a8a3f5131e889,representation,representation_disagreement,66,3301751712,16,5000,0.4,0.05,rbf,median,anytime,bonferroni,3,2,False,B_BETTER,240,True,False,False,0.0001782500185072422,0.4,0.6989114228795754,True,True,True,False
82e7506e2747c193da77,representation,representation_disagreement,67,2151647426,16,5000,0.4,0.05,rbf,median,anytime,bonferroni,3,2,False,B_BETTER,256,True,False,False,0.00017850002041086555,0.4,0.6796858875495522,True,True,True,False
fa59490450dc4926aebe,representation,representation_disagreement,68,1143755204,16,5000,0.4,0.05,rbf,median,anytime,bonferroni,3,2,False,B_BETTER,256,True,False,False,0.00017804198432713747,0.4,0.6796858875495522,True,True,True,False
2139c8f2f944dc2d09d3,representation,representation_disagreement,69,4222544803,16,5000,0.4,0.05,rbf,median,anytime,bonferroni,3,2,False,B_BETTER,208,True,False,False,0.00017595902318134904,0.4,0.7434004973451923,True,True,True,False
97b00bf1cbc9b8bcc3de,representation,representation_disagreement,70,1452429366,16,5000,0.4,0.05,rbf,median,anytime,bonferroni,3,2,False,B_BETTER,256,True,False,False,0.0001788749941624701,0.4,0.6796858875495522,True,True,True,False
87a419d4a4f502c676da,representation,representation_disagreement,71,637636004,16,5000,0.4,0.05,rbf,median,anytime,bonferroni,3,2,False,B_BETTER,208,True,False,False,0.00017670798115432262,0.4,0.7434004973451923,True,True,True,False
941a29ad12523f02fc22,representation,representation_disagreement,72,3922036742,16,5000,0.4,0.05,rbf,median,anytime,bonferroni,3,2,False,B_BETTER,240,True,False,False,0.00017741700867190957,0.4,0.6989114228795754,True,True,True,False
3c83596f38617a1b42e6,representation,representation_disagreement,73,4104781795,16,5000,0.4,0.05,rbf,median,anytime,bonferroni,3,2,False,B_BETTER,288,True,False,False,0.00017933297203853726,0.4,0.6458901399180805,True,True,True,False
010d8896fe3ca7897d2b,representation,representation_disagreement,74,4005961968,16,5000,0.4,0.05,rbf,median,anytime,bonferroni,3,2,False,B_BETTER,224,True,False,False,0.00017733295680955052,0.4,0.7200353639175696,True,True,True,False
564008d7efb960103665,representation,representation_disagreement,75,2484296480,16,5000,0.4,0.05,rbf,median,anytime,bonferroni,3,2,False,B_BETTER,208,True,False,False,0.0001777080469764769,0.4,0.7434004973451922,True,True,True,False
c0460aac48079fe3a40b,representation,representation_disagreement,76,412348018,16,5000,0.4,0.05,rbf,median,anytime,bonferroni,3,2,False,B_BETTER,224,True,False,False,0.00017837499035522342,0.4,0.7200353639175696,True,True,True,False
8bf2b3d958f541932def,representation,representation_disagreement,77,1163225017,16,5000,0.4,0.05,rbf,median,anytime,bonferroni,3,2,False,B_BETTER,256,True,False,False,0.00020650000078603625,0.4,0.6796858875495522,True,True,True,False
c9856a704311caf77f34,representation,representation_disagreement,78,1348931828,16,5000,0.4,0.05,rbf,median,anytime,bonferroni,3,2,False,B_BETTER,272,True,False,False,0.00020641699666157365,0.4,0.6620856821127259,True,True,True,False
38af1b86f197c6b1c026,representation,representation_disagreement,79,2143676756,16,5000,0.4,0.05,rbf,median,anytime,bonferroni,3,2,False,B_BETTER,224,True,False,False,0.000206666998565197,0.4,0.7200353639175696,True,True,True,False
1636dbbcfafa8b8fc9d0,representation,representation_disagreement,80,2106056475,16,5000,0.4,0.05,rbf,median,anytime,bonferroni,3,2,False,B_BETTER,288,True,False,False,0.00020845799008384347,0.4,0.6458901399180805,True,True,True,False
b761bca26004010d6651,representation,representation_disagreement,81,2393769506,16,5000,0.4,0.05,rbf,median,anytime,bonferroni,3,2,False,B_BETTER,272,True,False,False,0.00020625005709007382,0.4,0.6620856821127257,True,True,True,False
b94ebbd4d3530d2a3230,representation,representation_disagreement,82,2876109148,16,5000,0.4,0.05,rbf,median,anytime,bonferroni,3,2,False,B_BETTER,240,True,False,False,0.0002055419608950615,0.4,0.6989114228795754,True,True,True,False
b2f638bc3577ec564604,representation,representation_disagreement,83,2635230503,16,5000,0.4,0.05,rbf,median,anytime,bonferroni,3,2,False,B_BETTER,272,True,False,False,0.00020679202862083912,0.4,0.6620856821127258,True,True,True,False
24de0bca184005346a77,representation,representation_disagreement,84,1721557960,16,5000,0.4,0.05,rbf,median,anytime,bonferroni,3,2,False,B_BETTER,288,True,False,False,0.000207458040677011,0.4,0.6458901399180805,True,True,True,False
0db05f94c8ea9d1b5e8b,representation,representation_disagreement,85,2832051634,16,5000,0.4,0.05,rbf,median,anytime,bonferroni,3,2,False,B_BETTER,240,True,False,False,0.0002057909732684493,0.4,0.6989114228795754,True,True,True,False
037d85c2c47f6c8fd204,representation,representation_disagreement,86,32281530,16,5000,0.4,0.05,rbf,median,anytime,bonferroni,3,2,False,B_BETTER,192,True,False,False,0.00020437495550140738,0.4,0.7694441991638782,True,True,True,False
82bd4e45f3dcac98b16e,representation,representation_disagreement,87,4107373906,16,5000,0.4,0.05,rbf,median,anytime,bonferroni,3,2,False,B_BETTER,256,True,False,False,0.00020662503084167838,0.4,0.6796858875495522,True,True,True,False
11cc7029954982773de1,representation,representation_disagreement,88,3216376116,16,5000,0.4,0.05,rbf,median,anytime,bonferroni,3,2,False,B_BETTER,240,True,False,False,0.0002062499988824129,0.4,0.6989114228795754,True,True,True,False
3ad2ac5b21862c2db07e,representation,representation_disagreement,89,1864469057,16,5000,0.4,0.05,rbf,median,anytime,bonferroni,3,2,False,B_BETTER,256,True,False,False,0.0002074579824693501,0.4,0.6796858875495522,True,True,True,False
39eef2076db9340b9dd4,representation,representation_disagreement,90,89953180,16,5000,0.4,0.05,rbf,median,anytime,bonferroni,3,2,False,B_BETTER,224,True,False,False,0.00020341703202575445,0.4,0.7200353639175696,True,True,True,False
3a97bedfdf28ecdcc6f4,representation,representation_disagreement,91,2859315463,16,5000,0.4,0.05,rbf,median,anytime,bonferroni,3,2,False,B_BETTER,240,True,False,False,0.0002055829972960055,0.4,0.6989114228795754,True,True,True,False
2f69c6d773f539ad8cf7,representation,representation_disagreement,92,1045391926,16,5000,0.4,0.05,rbf,median,anytime,bonferroni,3,2,False,B_BETTER,272,True,False,False,0.00020725000649690628,0.4,0.6620856821127258,True,True,True,False
3fc96a126ef6e1c73904,representation,representation_disagreement,93,86136287,16,5000,0.4,0.05,rbf,median,anytime,bonferroni,3,2,False,B_BETTER,272,True,False,False,0.00020720798056572676,0.4,0.6620856821127258,True,True,True,False
9ac09f02e4aec94d9433,representation,representation_disagreement,94,1191853956,16,5000,0.4,0.05,rbf,median,anytime,bonferroni,3,2,False,B_BETTER,256,True,False,False,0.0002055829972960055,0.4,0.6796858875495522,True,True,True,False
71e3247c9d8f88f3abb0,representation,representation_disagreement,95,1996634079,16,5000,0.4,0.05,rbf,median,anytime,bonferroni,3,2,False,B_BETTER,256,True,False,False,0.00020549999317154288,0.4,0.6796858875495522,True,True,True,False
61e956c1a977c3567017,representation,representation_disagreement,96,4261891134,16,5000,0.4,0.05,rbf,median,anytime,bonferroni,3,2,False,B_BETTER,272,True,False,False,0.00020670803496614099,0.4,0.6620856821127257,True,True,True,False
d2edec5934b2efc0a873,representation,representation_disagreement,97,2689528258,16,5000,0.4,0.05,rbf,median,anytime,bonferroni,3,2,False,B_BETTER,256,True,False,False,0.0002067919704131782,0.4,0.6796858875495522,True,True,True,False
bf95f9eca3e0b55c34e7,representation,representation_disagreement,98,2668995657,16,5000,0.4,0.05,rbf,median,anytime,bonferroni,3,2,False,B_BETTER,256,True,False,False,0.00020962499547749758,0.4,0.6796858875495522,True,True,True,False
f8245fb80d792ad4d760,representation,representation_disagreement,99,2056905434,16,5000,0.4,0.05,rbf,median,anytime,bonferroni,3,2,False,B_BETTER,272,True,False,False,0.00020829198183491826,0.4,0.6620856821127258,True,True,True,False
559598d9138ed9bc416f,representation,representation_disagreement,100,3622153506,16,5000,0.4,0.05,rbf,median,anytime,bonferroni,3,2,False,B_BETTER,256,True,False,False,0.00020725000649690628,0.4,0.6796858875495522,True,True,True,False
0617fd0c7e056a2f898f,representation,representation_disagreement,101,788849003,16,5000,0.4,0.05,rbf,median,anytime,bonferroni,3,2,False,B_BETTER,304,True,False,False,0.0002080000122077763,0.4,0.6309186896508341,True,True,True,False
e22a04b13a3e43b20828,representation,representation_disagreement,102,2831344477,16,5000,0.4,0.05,rbf,median,anytime,bonferroni,3,2,False,B_BETTER,256,True,False,False,0.00020691700046882033,0.4,0.6796858875495522,True,True,True,False
b8859131e7282f796241,representation,representation_disagreement,103,2364738781,16,5000,0.4,0.05,rbf,median,anytime,bonferroni,3,2,False,B_BETTER,272,True,False,False,0.00020712503464892507,0.4,0.6620856821127257,True,True,True,False
8d4d34f5621e8a0f507c,representation,representation_disagreement,104,3171383377,16,5000,0.4,0.05,rbf,median,anytime,bonferroni,3,2,False,B_BETTER,288,True,False,False,0.00020820903591811657,0.4,0.6458901399180805,True,True,True,False
38ff5b37406db4ebe84a,representation,representation_disagreement,105,2961764127,16,5000,0.4,0.05,rbf,median,anytime,bonferroni,3,2,False,B_BETTER,256,True,False,False,0.00020608300110325217,0.4,0.6796858875495522,True,True,True,False
02a4c303a1a4053519b3,representation,representation_disagreement,106,1005894914,16,5000,0.4,0.05,rbf,median,anytime,bonferroni,3,2,False,B_BETTER,272,True,False,False,0.00020708300871774554,0.4,0.6620856821127258,True,True,True,False
aca4542b3742d08adef0,representation,representation_disagreement,107,3620489736,16,5000,0.4,0.05,rbf,median,anytime,bonferroni,3,2,False,B_BETTER,256,True,False,False,0.00021066702902317047,0.4,0.6796858875495522,True,True,True,False
c40ae79f203e7a7b31b3,representation,representation_disagreement,108,3875428610,16,5000,0.4,0.05,rbf,median,anytime,bonferroni,3,2,False,B_BETTER,272,True,False,False,0.0002210419625043869,0.4,0.6620856821127257,True,True,True,False
0637470ea9aa6aa69130,representation,representation_disagreement,109,3160535426,16,5000,0.4,0.05,rbf,median,anytime,bonferroni,3,2,False,B_BETTER,208,True,False,False,0.00021666701650246978,0.4,0.7434004973451922,True,True,True,False
c1b9074c578e1cb3d1ea,representation,representation_disagreement,110,570204268,16,5000,0.4,0.05,rbf,median,anytime,bonferroni,3,2,False,B_BETTER,240,True,False,False,0.00020470900926738977,0.4,0.6989114228795754,True,True,True,False
5c20dc4068df516733be,representation,representation_disagreement,111,3824014013,16,5000,0.4,0.05,rbf,median,anytime,bonferroni,3,2,False,B_BETTER,240,True,False,False,0.0002045410219579935,0.4,0.6989114228795754,True,True,True,False
9c26b82962064d507e9c,representation,representation_disagreement,112,1215192428,16,5000,0.4,0.05,rbf,median,anytime,bonferroni,3,2,False,B_BETTER,240,True,False,False,0.0002062080311588943,0.4,0.6989114228795754,True,True,True,False
32eceb97b347749eca20,representation,representation_disagreement,113,2656349634,16,5000,0.4,0.05,rbf,median,anytime,bonferroni,3,2,False,B_BETTER,240,True,False,False,0.00020537502132356167,0.4,0.6989114228795754,True,True,True,False
50019082e9f83315818c,representation,representation_disagreement,114,3505900554,16,5000,0.4,0.05,rbf,median,anytime,bonferroni,3,2,False,B_BETTER,240,True,False,False,0.00020533299539238214,0.4,0.6989114228795754,True,True,True,False
99c6fca01fa55ce930d7,representation,representation_disagreement,115,3053454818,16,5000,0.4,0.05,rbf,median,anytime,bonferroni,3,2,False,B_BETTER,304,True,False,False,0.00020833301823586226,0.4,0.6309186896508341,True,True,True,False
0b0cc908a57abcc7aa7f,representation,representation_disagreement,116,376418050,16,5000,0.4,0.05,rbf,median,anytime,bonferroni,3,2,False,B_BETTER,272,True,False,False,0.00020654196850955486,0.4,0.6620856821127258,True,True,True,False
563b6c0564cec41216de,representation,representation_disagreement,117,275407112,16,5000,0.4,0.05,rbf,median,anytime,bonferroni,3,2,False,B_BETTER,240,True,False,False,0.00020487501751631498,0.4,0.6989114228795754,True,True,True,False
8994967dc052f49173f6,representation,representation_disagreement,118,1877248464,16,5000,0.4,0.05,rbf,median,anytime,bonferroni,3,2,False,B_BETTER,224,True,False,False,0.00020412501180544496,0.4,0.7200353639175696,True,True,True,False
b421f28ab45109f17f13,representation,representation_disagreement,119,1942389914,16,5000,0.4,0.05,rbf,median,anytime,bonferroni,3,2,False,B_BETTER,240,True,False,False,0.00020658399444073439,0.4,0.6989114228795754,True,True,True,False
29a810c5b0800f2d480c,representation,representation_disagreement,120,1116234346,16,5000,0.4,0.05,rbf,median,anytime,bonferroni,3,2,False,B_BETTER,224,True,False,False,0.00020529096946120262,0.4,0.7200353639175696,True,True,True,False
2a8d206b9b40e1af458c,representation,representation_disagreement,121,2728476727,16,5000,0.4,0.05,rbf,median,anytime,bonferroni,3,2,False,B_BETTER,224,True,False,False,0.00020470801973715425,0.4,0.7200353639175696,True,True,True,False
6b7c0d4fe700925cfd5e,representation,representation_disagreement,122,3376239885,16,5000,0.4,0.05,rbf,median,anytime,bonferroni,3,2,False,B_BETTER,272,True,False,False,0.00020637497073039412,0.4,0.6620856821127259,True,True,True,False
c692e8dcbfbbad99c867,representation,representation_disagreement,123,792223859,16,5000,0.4,0.05,rbf,median,anytime,bonferroni,3,2,False,B_BETTER,272,True,False,False,0.00020650000078603625,0.4,0.6620856821127257,True,True,True,False
cb329d9f085ef86cf848,representation,representation_disagreement,124,4242693082,16,5000,0.4,0.05,rbf,median,anytime,bonferroni,3,2,False,B_BETTER,240,True,False,False,0.00020608404884114861,0.4,0.6989114228795754,True,True,True,False
d352e4446510fbd63f81,representation,representation_disagreement,125,2416914827,16,5000,0.4,0.05,rbf,median,anytime,bonferroni,3,2,False,B_BETTER,240,True,False,False,0.00020479201339185238,0.4,0.6989114228795754,True,True,True,False
bb3234a6130ef6ec54bc,representation,representation_disagreement,126,2848966336,16,5000,0.4,0.05,rbf,median,anytime,bonferroni,3,2,False,B_BETTER,224,True,False,False,0.0002055000513792038,0.4,0.7200353639175696,True,True,True,False
2cc5e1ccb1bfd3697b46,representation,representation_disagreement,127,942038708,16,5000,0.4,0.05,rbf,median,anytime,bonferroni,3,2,False,B_BETTER,240,True,False,False,0.00020529201719909906,0.4,0.6989114228795754,True,True,True,False
17c88aa6f4fe1e2fac7a,representation,representation_disagreement,128,2023743382,16,5000,0.4,0.05,rbf,median,anytime,bonferroni,3,2,False,B_BETTER,320,True,False,False,0.00020887498976662755,0.4,0.6170219115444304,True,True,True,False
3e84ef07f6bb074a36c6,representation,representation_disagreement,129,1717597157,16,5000,0.4,0.05,rbf,median,anytime,bonferroni,3,2,False,B_BETTER,272,True,False,False,0.00020133302314206958,0.4,0.6620856821127258,True,True,True,False
fa1c5eea5a3113663b14,representation,representation_disagreement,130,3606136481,16,5000,0.4,0.05,rbf,median,anytime,bonferroni,3,2,False,B_BETTER,256,True,False,False,0.0001776670105755329,0.4,0.6796858875495522,True,True,True,False
e6d46efe4729c026b461,representation,representation_disagreement,131,3587977210,16,5000,0.4,0.05,rbf,median,anytime,bonferroni,3,2,False,B_BETTER,224,True,False,False,0.0001760409795679152,0.4,0.7200353639175696,True,True,True,False
5674f157990ad39fd132,representation,representation_disagreement,132,1523107996,16,5000,0.4,0.05,rbf,median,anytime,bonferroni,3,2,False,B_BETTER,272,True,False,False,0.00017812498845160007,0.4,0.6620856821127257,True,True,True,False
e500a4be813ee7e22578,representation,representation_disagreement,133,1970733635,16,5000,0.4,0.05,rbf,median,anytime,bonferroni,3,2,False,B_BETTER,272,True,False,False,0.00017845799447968602,0.4,0.6620856821127259,True,True,True,False
651d1051d73676ee396e,representation,representation_disagreement,134,436159341,16,5000,0.4,0.05,rbf,median,anytime,bonferroni,3,2,False,B_BETTER,240,True,False,False,0.00017658399883657694,0.4,0.6989114228795754,True,True,True,False
5974270516c6fb6429aa,representation,representation_disagreement,135,1984830218,16,5000,0.4,0.05,rbf,median,anytime,bonferroni,3,2,False,B_BETTER,288,True,False,False,0.0001782500185072422,0.4,0.6458901399180805,True,True,True,False
e7f8d387c52b4e491d3a,representation,representation_disagreement,136,2160111113,16,5000,0.4,0.05,rbf,median,anytime,bonferroni,3,2,False,B_BETTER,208,True,False,False,0.00017629202920943499,0.4,0.7434004973451922,True,True,True,False
2a1c95b3346e31caa8bf,representation,representation_disagreement,137,415741825,16,5000,0.4,0.05,rbf,median,anytime,bonferroni,3,2,False,B_BETTER,256,True,False,False,0.0001770000089891255,0.4,0.6796858875495522,True,True,True,False
4d587d5f4014da0901bd,representation,representation_disagreement,138,2736642910,16,5000,0.4,0.05,rbf,median,anytime,bonferroni,3,2,False,B_BETTER,256,True,False,False,0.0001770419767126441,0.4,0.6796858875495522,True,True,True,False
0607048da0fa28d3361a,representation,representation_disagreement,139,1808586170,16,5000,0.4,0.05,rbf,median,anytime,bonferroni,3,2,False,B_BETTER,288,True,False,False,0.0001770000089891255,0.4,0.6458901399180805,True,True,True,False
202ce9d7899641539bc2,representation,representation_disagreement,140,1089580037,16,5000,0.4,0.05,rbf,median,anytime,bonferroni,3,2,False,B_BETTER,208,True,False,False,0.00017566699534654617,0.4,0.7434004973451923,True,True,True,False
15a15bf4590a109673c8,representation,representation_disagreement,141,2743014002,16,5000,0.4,0.05,rbf,median,anytime,bonferroni,3,2,False,B_BETTER,192,True,False,False,0.00017487496370449662,0.4,0.7694441991638782,True,True,True,False
0a14eb0261fb46952869,representation,representation_disagreement,142,3316090108,16,5000,0.4,0.05,rbf,median,anytime,bonferroni,3,2,False,B_BETTER,272,True,False,False,0.00017737498274073005,0.4,0.6620856821127258,True,True,True,False
0d2c45770e3a789d709d,representation,representation_disagreement,143,3739944672,16,5000,0.4,0.05,rbf,median,anytime,bonferroni,3,2,False,B_BETTER,224,True,False,False,0.00017537502571940422,0.4,0.7200353639175696,True,True,True,False
8ff7a91b854f2fe1cada,representation,representation_disagreement,144,961530431,16,5000,0.4,0.05,rbf,median,anytime,bonferroni,3,2,False,B_BETTER,256,True,False,False,0.000178084010258317,0.4,0.6796858875495522,True,True,True,False
08bc184e41f832ee6b57,representation,representation_disagreement,145,3898923855,16,5000,0.4,0.05,rbf,median,anytime,bonferroni,3,2,False,B_BETTER,208,True,False,False,0.00017574999947100878,0.4,0.7434004973451923,True,True,True,False
9769f2e6e9c4b22d4c07,representation,representation_disagreement,146,2793740462,16,5000,0.4,0.05,rbf,median,anytime,bonferroni,3,2,False,B_BETTER,224,True,False,False,0.00017558300169184804,0.4,0.7200353639175696,True,True,True,False
2f42214f12a2b9dea910,representation,representation_disagreement,147,512276853,16,5000,0.4,0.05,rbf,median,anytime,bonferroni,3,2,False,B_BETTER,256,True,False,False,0.00017920800019055605,0.4,0.6796858875495522,True,True,True,False
d31c4102f28e3bbc1dac,representation,representation_disagreement,148,388191873,16,5000,0.4,0.05,rbf,median,anytime,bonferroni,3,2,False,B_BETTER,272,True,False,False,0.00017854204634204507,0.4,0.6620856821127258,True,True,True,False
9b67797f2960b64a638d,representation,representation_disagreement,149,1615849313,16,5000,0.4,0.05,rbf,median,anytime,bonferroni,3,2,False,B_BETTER,224,True,False,False,0.00017679203301668167,0.4,0.7200353639175696,True,True,True,False
275af1f46f36d77c918a,representation,representation_disagreement,150,3001559364,16,5000,0.4,0.05,rbf,median,anytime,bonferroni,3,2,False,B_BETTER,224,True,False,False,0.00017687503714114428,0.4,0.7200353639175696,True,True,True,False
16a394504b90fea5d100,representation,representation_disagreement,151,2458420217,16,5000,0.4,0.05,rbf,median,anytime,bonferroni,3,2,False,B_BETTER,240,True,False,False,0.00017654098337516189,0.4,0.6989114228795754,True,True,True,False
279f8646eeb7dc22df3e,representation,representation_disagreement,152,2553878028,16,5000,0.4,0.05,rbf,median,anytime,bonferroni,3,2,False,B_BETTER,320,True,False,False,0.00017987500177696347,0.4,0.6170219115444306,True,True,True,False
357930eefa7599a50a47,representation,representation_disagreement,153,1888250152,16,5000,0.4,0.05,rbf,median,anytime,bonferroni,3,2,False,B_BETTER,272,True,False,False,0.00017775001469999552,0.4,0.6620856821127259,True,True,True,False
25979a5d672423862e62,representation,representation_disagreement,154,3366734806,16,5000,0.4,0.05,rbf,median,anytime,bonferroni,3,2,False,B_BETTER,320,True,False,False,0.00017958303214982152,0.4,0.6170219115444304,True,True,True,False
ea0ca5f637076576718f,representation,representation_disagreement,155,705074384,16,5000,0.4,0.05,rbf,median,anytime,bonferroni,3,2,False,B_BETTER,256,True,False,False,0.0001779159647412598,0.4,0.6796858875495522,True,True,True,False
358952b386c585886979,representation,representation_disagreement,156,3565252770,16,5000,0.4,0.05,rbf,median,anytime,bonferroni,3,2,False,B_BETTER,256,True,False,False,0.000177707988768816,0.4,0.6796858875495522,True,True,True,False
915b3dfe10d42b140750,representation,representation_disagreement,157,2995164804,16,5000,0.4,0.05,rbf,median,anytime,bonferroni,3,2,False,B_BETTER,256,True,False,False,0.00017829204443842173,0.4,0.6796858875495522,True,True,True,False
c872aff8bbdb7652c704,representation,representation_disagreement,158,513235155,16,5000,0.4,0.05,rbf,median,anytime,bonferroni,3,2,False,B_BETTER,288,True,False,False,0.0001784159685485065,0.4,0.6458901399180805,True,True,True,False
aaef75093db4b9b8d158,representation,representation_disagreement,159,4007732661,16,5000,0.4,0.05,rbf,median,anytime,bonferroni,3,2,False,B_BETTER,256,True,False,False,0.00017749995458871126,0.4,0.6796858875495522,True,True,True,False
ef8c2e5363cd7d0e46cc,representation,representation_disagreement,160,507370662,16,5000,0.4,0.05,rbf,median,anytime,bonferroni,3,2,False,B_BETTER,288,True,False,False,0.00017862499225884676,0.4,0.6458901399180805,True,True,True,False
12fd8d2abc36fe976408,representation,representation_disagreement,161,2565102956,16,5000,0.4,0.05,rbf,median,anytime,bonferroni,3,2,False,B_BETTER,224,True,False,False,0.00017687503714114428,0.4,0.7200353639175696,True,True,True,False
e99ee94f098182d98b95,representation,representation_disagreement,162,1856877491,16,5000,0.4,0.05,rbf,median,anytime,bonferroni,3,2,False,B_BETTER,256,True,False,False,0.0001790410024113953,0.4,0.6796858875495522,True,True,True,False
8de27da400192a99824c,representation,representation_disagreement,163,3572537577,16,5000,0.4,0.05,rbf,median,anytime,bonferroni,3,2,False,B_BETTER,256,True,False,False,0.00017737498274073005,0.4,0.6796858875495522,True,True,True,False
b462c609cd10c67b2bdf,representation,representation_disagreement,164,514585257,16,5000,0.4,0.05,rbf,median,anytime,bonferroni,3,2,False,B_BETTER,224,True,False,False,0.00017620896687731147,0.4,0.7200353639175696,True,True,True,False
8379e8b0eca291c86939,representation,representation_disagreement,165,1542707034,16,5000,0.4,0.05,rbf,median,anytime,bonferroni,3,2,False,B_BETTER,272,True,False,False,0.00017791701247915626,0.4,0.6620856821127258,True,True,True,False
cf8c3a8a1a32f5c9bd6f,representation,representation_disagreement,166,1519820478,16,5000,0.4,0.05,rbf,median,anytime,bonferroni,3,2,False,B_BETTER,224,True,False,False,0.00017666700296103954,0.4,0.7200353639175696,True,True,True,False
67ef53f037b9296c23c4,representation,representation_disagreement,167,3136906937,16,5000,0.4,0.05,rbf,median,anytime,bonferroni,3,2,False,B_BETTER,240,True,False,False,0.00017679098527878523,0.4,0.6989114228795754,True,True,True,False
2f94dea6c57a8231b71a,representation,representation_disagreement,168,3666243574,16,5000,0.4,0.05,rbf,median,anytime,bonferroni,3,2,False,B_BETTER,304,True,False,False,0.00017924996791407466,0.4,0.6309186896508341,True,True,True,False
fa14e670c7d16e04739f,representation,representation_disagreement,169,2697373586,16,5000,0.4,0.05,rbf,median,anytime,bonferroni,3,2,False,B_BETTER,224,True,False,False,0.00017616699915379286,0.4,0.7200353639175696,True,True,True,False
1844b3e149361a66b978,representation,representation_disagreement,170,183611138,16,5000,0.4,0.05,rbf,median,anytime,bonferroni,3,2,False,B_BETTER,224,True,False,False,0.00017754198051989079,0.4,0.7200353639175696,True,True,True,False
d63ffe3af6042826e3c6,representation,representation_disagreement,171,1144251483,16,5000,0.4,0.05,rbf,median,anytime,bonferroni,3,2,False,B_BETTER,240,True,False,False,0.00017670798115432262,0.4,0.6989114228795754,True,True,True,False
6b93f8e7e30945ce4083,representation,representation_disagreement,172,2610321256,16,5000,0.4,0.05,rbf,median,anytime,bonferroni,3,2,False,B_BETTER,256,True,False,False,0.00017725001089274883,0.4,0.6796858875495522,True,True,True,False
4d7c1a4f5619f1d112d3,representation,representation_disagreement,173,3737794816,16,5000,0.4,0.05,rbf,median,anytime,bonferroni,3,2,False,B_BETTER,224,True,False,False,0.00017516600200906396,0.4,0.7200353639175696,True,True,True,False
3c518ac8dcb37ee31772,representation,representation_disagreement,174,4139446877,16,5000,0.4,0.05,rbf,median,anytime,bonferroni,3,2,False,B_BETTER,224,True,False,False,0.00017637497512623668,0.4,0.7200353639175696,True,True,True,False
132fab7cfb88e4230035,representation,representation_disagreement,175,1522286603,16,5000,0.4,0.05,rbf,median,anytime,bonferroni,3,2,False,B_BETTER,288,True,False,False,0.00017795799067243934,0.4,0.6458901399180805,True,True,True,False
7adaa1b0a3d21cf30ca8,representation,representation_disagreement,176,1853130188,16,5000,0.4,0.05,rbf,median,anytime,bonferroni,3,2,False,B_BETTER,272,True,False,False,0.00017816596664488316,0.4,0.6620856821127258,True,True,True,False
6d71524124a7786e0da6,representation,representation_disagreement,177,1751205825,16,5000,0.4,0.05,rbf,median,anytime,bonferroni,3,2,False,B_BETTER,224,True,False,False,0.00017549999756738544,0.4,0.7200353639175696,True,True,True,False
734c677766ae5eaa6b87,representation,representation_disagreement,178,928521298,16,5000,0.4,0.05,rbf,median,anytime,bonferroni,3,2,False,B_BETTER,224,True,False,False,0.00017929199384525418,0.4,0.7200353639175696,True,True,True,False
bfcbee04e5f24020e129,representation,representation_disagreement,179,2346396828,16,5000,0.4,0.05,rbf,median,anytime,bonferroni,3,2,False,B_BETTER,256,True,False,False,0.00017791701247915626,0.4,0.6796858875495522,True,True,True,False
66f6c494636400bd770d,representation,representation_disagreement,180,225605844,16,5000,0.4,0.05,rbf,median,anytime,bonferroni,3,2,False,B_BETTER,208,True,False,False,0.00017520802794024348,0.4,0.7434004973451923,True,True,True,False
1b379b569a864e3006ba,representation,representation_disagreement,181,1308365516,16,5000,0.4,0.05,rbf,median,anytime,bonferroni,3,2,False,B_BETTER,288,True,False,False,0.0001777080469764769,0.4,0.6458901399180805,True,True,True,False
8945ff39a1828d775311,representation,representation_disagreement,182,1694841602,16,5000,0.4,0.05,rbf,median,anytime,bonferroni,3,2,False,B_BETTER,224,True,False,False,0.0001752499956637621,0.4,0.7200353639175696,True,True,True,False
332f10fa7f90b4beb701,representation,representation_disagreement,183,815281632,16,5000,0.4,0.05,rbf,median,anytime,bonferroni,3,2,False,B_BETTER,240,True,False,False,0.0001776249846443534,0.4,0.6989114228795754,True,True,True,False
bc2c2d7e88262ff090b2,representation,representation_disagreement,184,2728618890,16,5000,0.4,0.05,rbf,median,anytime,bonferroni,3,2,False,B_BETTER,240,True,False,False,0.00017675000708550215,0.4,0.6989114228795754,True,True,True,False
22d1f4bd305cf5ae357c,representation,representation_disagreement,185,2742468814,16,5000,0.4,0.05,rbf,median,anytime,bonferroni,3,2,False,B_BETTER,256,True,False,False,0.00017679203301668167,0.4,0.6796858875495522,True,True,True,False
b1f54ad61154308ce948,representation,representation_disagreement,186,4128333425,16,5000,0.4,0.05,rbf,median,anytime,bonferroni,3,2,False,B_BETTER,192,True,False,False,0.00017562502762302756,0.4,0.7694441991638782,True,True,True,False
1c887a750a07bea99124,representation,representation_disagreement,187,2982897241,16,5000,0.4,0.05,rbf,median,anytime,bonferroni,3,2,False,B_BETTER,240,True,False,False,0.00017654197290539742,0.4,0.6989114228795754,True,True,True,False
289818242dd5292614f6,representation,representation_disagreement,188,2596275933,16,5000,0.4,0.05,rbf,median,anytime,bonferroni,3,2,False,B_BETTER,288,True,False,False,0.00017841701628640294,0.4,0.6458901399180805,True,True,True,False
57a3778ac6eec1c61a6c,representation,representation_disagreement,189,2474317442,16,5000,0.4,0.05,rbf,median,anytime,bonferroni,3,2,False,B_BETTER,272,True,False,False,0.0001783330226317048,0.4,0.6620856821127258,True,True,True,False
f9af04820e4439c10985,representation,representation_disagreement,190,1849739041,16,5000,0.4,0.05,rbf,median,anytime,bonferroni,3,2,False,B_BETTER,272,True,False,False,0.00017729197861626744,0.4,0.6620856821127258,True,True,True,False
600f4cb261cddd777afa,representation,representation_disagreement,191,1664715054,16,5000,0.4,0.05,rbf,median,anytime,bonferroni,3,2,False,B_BETTER,176,True,False,False,0.00017366698011755943,0.4,0.7987351700636655,True,True,True,False
eb4a334ab4bf98300085,representation,representation_disagreement,192,228824967,16,5000,0.4,0.05,rbf,median,anytime,bonferroni,3,2,False,B_BETTER,272,True,False,False,0.0001770830131135881,0.4,0.6620856821127258,True,True,True,False
80cf277c030d38970c99,representation,representation_disagreement,193,4204640336,16,5000,0.4,0.05,rbf,median,anytime,bonferroni,3,2,False,B_BETTER,256,True,False,False,0.0001775840064510703,0.4,0.6796858875495522,True,True,True,False
e022ce36d77095a2f0b1,representation,representation_disagreement,194,3421910878,16,5000,0.4,0.05,rbf,median,anytime,bonferroni,3,2,False,B_BETTER,288,True,False,False,0.00017812498845160007,0.4,0.6458901399180805,True,True,True,False
8525cfba86e2db246eaa,representation,representation_disagreement,195,1711224272,16,5000,0.4,0.05,rbf,median,anytime,bonferroni,3,2,False,B_BETTER,240,True,False,False,0.00017625000327825546,0.4,0.6989114228795754,True,True,True,False
f3cf02bc6473e079d036,representation,representation_disagreement,196,1328835420,16,5000,0.4,0.05,rbf,median,anytime,bonferroni,3,2,False,B_BETTER,288,True,False,False,0.00018016702961176634,0.4,0.6458901399180805,True,True,True,False
84b3f246c14351fe5869,representation,representation_disagreement,197,3265786341,16,5000,0.4,0.05,rbf,median,anytime,bonferroni,3,2,False,B_BETTER,256,True,False,False,0.0001776249846443534,0.4,0.6796858875495522,True,True,True,False
4f80ee9861289cac4659,representation,representation_disagreement,198,1076036328,16,5000,0.4,0.05,rbf,median,anytime,bonferroni,3,2,False,B_BETTER,336,True,False,False,0.0001800000318326056,0.4,0.60407492330224,True,True,True,False
64c481fdcf32890065f3,representation,representation_disagreement,199,3553488191,16,5000,0.4,0.05,rbf,median,anytime,bonferroni,3,2,False,B_BETTER,208,True,False,False,0.0001783330226317048,0.4,0.7434004973451923,True,True,True,False
fe0edacf4adc6d3ecb8c,representation,representation_disagreement,200,173510224,16,5000,0.4,0.05,rbf,median,anytime,bonferroni,3,2,False,B_BETTER,304,True,False,False,0.00017983297584578395,0.4,0.6309186896508341,True,True,True,False
8fc1ae175bc5792fef5a,representation,representation_disagreement,201,1782382554,16,5000,0.4,0.05,rbf,median,anytime,bonferroni,3,2,False,B_BETTER,224,True,False,False,0.0001859589829109609,0.4,0.7200353639175696,True,True,True,False
83b77c9d4d26be6ac171,representation,representation_disagreement,202,987903456,16,5000,0.4,0.05,rbf,median,anytime,bonferroni,3,2,False,B_BETTER,224,True,False,False,0.0002049580216407776,0.4,0.7200353639175696,True,True,True,False
8287b379b87523574dc0,representation,representation_disagreement,203,1287146609,16,5000,0.4,0.05,rbf,median,anytime,bonferroni,3,2,False,B_BETTER,208,True,False,False,0.0002038750099018216,0.4,0.7434004973451923,True,True,True,False
c98a02d1042ed2a436f0,representation,representation_disagreement,204,1646678933,16,5000,0.4,0.05,rbf,median,anytime,bonferroni,3,2,False,B_BETTER,256,True,False,False,0.00020524999126791954,0.4,0.6796858875495522,True,True,True,False
98133f138dddb7b8009e,representation,representation_disagreement,205,4250959224,16,5000,0.4,0.05,rbf,median,anytime,bonferroni,3,2,False,B_BETTER,240,True,False,False,0.00020412501180544496,0.4,0.6989114228795754,True,True,True,False
721b6362cda445d1f2f0,representation,representation_disagreement,206,4043814853,16,5000,0.4,0.05,rbf,median,anytime,bonferroni,3,2,False,B_BETTER,272,True,False,False,0.00020579202100634575,0.4,0.6620856821127258,True,True,True,False
22c8abc76696b9d91274,representation,representation_disagreement,207,1178823364,16,5000,0.4,0.05,rbf,median,anytime,bonferroni,3,2,False,B_BETTER,224,True,False,False,0.0002026250003837049,0.4,0.7200353639175696,True,True,True,False
7e2938962527f59e0c6e,representation,representation_disagreement,208,4048761821,16,5000,0.4,0.05,rbf,median,anytime,bonferroni,3,2,False,B_BETTER,240,True,False,False,0.00020504201529547572,0.4,0.6989114228795754,True,True,True,False
48f61ac3b468fa66af56,representation,representation_disagreement,209,524382332,16,5000,0.4,0.05,rbf,median,anytime,bonferroni,3,2,False,B_BETTER,224,True,False,False,0.000203833042178303,0.4,0.7200353639175696,True,True,True,False
5757cf41f395b9f7fece,representation,representation_disagreement,210,2129293202,16,5000,0.4,0.05,rbf,median,anytime,bonferroni,3,2,False,B_BETTER,272,True,False,False,0.00020716601284220815,0.4,0.6620856821127258,True,True,True,False
afad90221eeb05bb5f7d,representation,representation_disagreement,211,163119850,16,5000,0.4,0.05,rbf,median,anytime,bonferroni,3,2,False,B_BETTER,256,True,False,False,0.00020474998746067286,0.4,0.6796858875495522,True,True,True,False
8a41c23c324f087c16f8,representation,representation_disagreement,212,1675219656,16,5000,0.4,0.05,rbf,median,anytime,bonferroni,3,2,False,B_BETTER,240,True,False,False,0.00020470895105972886,0.4,0.6989114228795754,True,True,True,False
84e27c8b59c0d5d643f9,representation,representation_disagreement,213,1940058575,16,5000,0.4,0.05,rbf,median,anytime,bonferroni,3,2,False,B_BETTER,304,True,False,False,0.00020779197802767158,0.4,0.6309186896508341,True,True,True,False
bb559d6e368984c2eb6d,representation,representation_disagreement,214,3498846570,16,5000,0.4,0.05,rbf,median,anytime,bonferroni,3,2,False,B_BETTER,240,True,False,False,0.00020462501561269164,0.4,0.6989114228795754,True,True,True,False
1086ebb0154623cd1f6f,representation,representation_disagreement,215,1734511762,16,5000,0.4,0.05,rbf,median,anytime,bonferroni,3,2,False,B_BETTER,176,True,False,False,0.00020175002282485366,0.4,0.7987351700636655,True,True,True,False
a4d4eba249b4c68d6a32,representation,representation_disagreement,216,3894209165,16,5000,0.4,0.05,rbf,median,anytime,bonferroni,3,2,False,B_BETTER,256,True,False,False,0.00020483299158513546,0.4,0.6796858875495522,True,True,True,False
30c3cb6fc116130659ea,representation,representation_disagreement,217,2257488992,16,5000,0.4,0.05,rbf,median,anytime,bonferroni,3,2,False,B_BETTER,288,True,False,False,0.000205625023227185,0.4,0.6458901399180805,True,True,True,False
ba03030e0a720a28d611,representation,representation_disagreement,218,2623125704,16,5000,0.4,0.05,rbf,median,anytime,bonferroni,3,2,False,B_BETTER,256,True,False,False,0.00020520901307463646,0.4,0.6796858875495522,True,True,True,False
2b9492669d2d7536bef8,representation,representation_disagreement,219,1449391645,16,5000,0.4,0.05,rbf,median,anytime,bonferroni,3,2,False,B_BETTER,240,True,False,False,0.00020483299158513546,0.4,0.6989114228795754,True,True,True,False
327e7fbe232223cfe7a7,representation,representation_disagreement,220,3615260116,16,5000,0.4,0.05,rbf,median,anytime,bonferroni,3,2,False,B_BETTER,224,True,False,False,0.00020491599570959806,0.4,0.7200353639175696,True,True,True,False
c1eac7e43a3afb5b2539,representation,representation_disagreement,221,794744183,16,5000,0.4,0.05,rbf,median,anytime,bonferroni,3,2,False,B_BETTER,272,True,False,False,0.00020641699666157365,0.4,0.6620856821127257,True,True,True,False
75265c43e7a1385cc51c,representation,representation_disagreement,222,2080699140,16,5000,0.4,0.05,rbf,median,anytime,bonferroni,3,2,False,B_BETTER,240,True,False,False,0.00020466698333621025,0.4,0.6989114228795754,True,True,True,False
ac5e376a745345a015df,representation,representation_disagreement,223,2833329886,16,5000,0.4,0.05,rbf,median,anytime,bonferroni,3,2,False,B_BETTER,256,True,False,False,0.0002056660014204681,0.4,0.6796858875495522,True,True,True,False
e2952ff5722a8d5f176b,representation,representation_disagreement,224,2295829592,16,5000,0.4,0.05,rbf,median,anytime,bonferroni,3,2,False,B_BETTER,224,True,False,False,0.00020466698333621025,0.4,0.7200353639175696,True,True,True,False
cb1a32475ed8bad4e1ff,representation,representation_disagreement,225,3632500913,16,5000,0.4,0.05,rbf,median,anytime,bonferroni,3,2,False,B_BETTER,272,True,False,False,0.00020633405074477196,0.4,0.6620856821127259,True,True,True,False
a5dd61eed3dce01f22c1,representation,representation_disagreement,226,660160911,16,5000,0.4,0.05,rbf,median,anytime,bonferroni,3,2,False,B_BETTER,256,True,False,False,0.00020512501941993833,0.4,0.6796858875495522,True,True,True,False
a86534103af22a3f35da,representation,representation_disagreement,227,3435067741,16,5000,0.4,0.05,rbf,median,anytime,bonferroni,3,2,False,B_BETTER,240,True,False,False,0.0002042920095846057,0.4,0.6989114228795754,True,True,True,False
dbde52246fa46ca203d7,representation,representation_disagreement,228,4012822430,16,5000,0.4,0.05,rbf,median,anytime,bonferroni,3,2,False,B_BETTER,240,True,False,False,0.00020504201529547572,0.4,0.6989114228795754,True,True,True,False
84524911f7443c196c8b,representation,representation_disagreement,229,1892534947,16,5000,0.4,0.05,rbf,median,anytime,bonferroni,3,2,False,B_BETTER,208,True,False,False,0.00020337500609457493,0.4,0.7434004973451923,True,True,True,False
aefea7f7fa54be6c6e00,representation,representation_disagreement,230,3828481995,16,5000,0.4,0.05,rbf,median,anytime,bonferroni,3,2,False,B_BETTER,240,True,False,False,0.0002038750099018216,0.4,0.6989114228795754,True,True,True,False
89bd898a759b726036c3,representation,representation_disagreement,231,3727335322,16,5000,0.4,0.05,rbf,median,anytime,bonferroni,3,2,False,B_BETTER,208,True,False,False,0.00020299997413530946,0.4,0.7434004973451922,True,True,True,False
e952fd489d6166f47d19,representation,representation_disagreement,232,1734362882,16,5000,0.4,0.05,rbf,median,anytime,bonferroni,3,2,False,B_BETTER,288,True,False,False,0.00020629202481359243,0.4,0.6458901399180805,True,True,True,False
c8cd28229bcd899ac44c,representation,representation_disagreement,233,33229933,16,5000,0.4,0.05,rbf,median,anytime,bonferroni,3,2,False,B_BETTER,256,True,False,False,0.0002067919704131782,0.4,0.6796858875495522,True,True,True,False
35230ad55b09927d416e,representation,representation_disagreement,234,2510007141,16,5000,0.4,0.05,rbf,median,anytime,bonferroni,3,2,False,B_BETTER,224,True,False,False,0.00020445795962587,0.4,0.7200353639175696,True,True,True,False
798eac553ca89a9b32ae,representation,representation_disagreement,235,1793150418,16,5000,0.4,0.05,rbf,median,anytime,bonferroni,3,2,False,B_BETTER,272,True,False,False,0.0002057079691439867,0.4,0.6620856821127258,True,True,True,False
74fc411ae350c49e2892,representation,representation_disagreement,236,2415785011,16,5000,0.4,0.05,rbf,median,anytime,bonferroni,3,2,False,B_BETTER,256,True,False,False,0.00020341703202575445,0.4,0.6796858875495522,True,True,True,False
31b95386505732e076c7,representation,representation_disagreement,237,2008162983,16,5000,0.4,0.05,rbf,median,anytime,bonferroni,3,2,False,B_BETTER,272,True,False,False,0.00020637502893805504,0.4,0.6620856821127258,True,True,True,False
6836ac4cbc9a9aa8ce50,representation,representation_disagreement,238,1200858372,16,5000,0.4,0.05,rbf,median,anytime,bonferroni,3,2,False,B_BETTER,240,True,False,False,0.0002051249612122774,0.4,0.6989114228795754,True,True,True,False
c789015962fafcdab7a2,representation,representation_disagreement,239,3301820741,16,5000,0.4,0.05,rbf,median,anytime,bonferroni,3,2,False,B_BETTER,272,True,False,False,0.00020679202862083912,0.4,0.6620856821127258,True,True,True,False
ce80fe25df5cc270724a,representation,representation_disagreement,240,2057459987,16,5000,0.4,0.05,rbf,median,anytime,bonferroni,3,2,False,B_BETTER,224,True,False,False,0.00020520901307463646,0.4,0.7200353639175696,True,True,True,False
0b348ea24afa1c8fde3f,representation,representation_disagreement,241,4089499235,16,5000,0.4,0.05,rbf,median,anytime,bonferroni,3,2,False,B_BETTER,208,True,False,False,0.00020358397159725428,0.4,0.7434004973451924,True,True,True,False
e9a3d2f43a428f94372e,representation,representation_disagreement,242,1107284865,16,5000,0.4,0.05,rbf,median,anytime,bonferroni,3,2,False,B_BETTER,224,True,False,False,0.00020891701569780707,0.4,0.7200353639175696,True,True,True,False
187d57fda0e0a3e46fad,representation,representation_disagreement,243,152114246,16,5000,0.4,0.05,rbf,median,anytime,bonferroni,3,2,False,B_BETTER,224,True,False,False,0.0002062079729512334,0.4,0.7200353639175696,True,True,True,False
7b8e7bdab924a8b22c6e,representation,representation_disagreement,244,1598516410,16,5000,0.4,0.05,rbf,median,anytime,bonferroni,3,2,False,B_BETTER,256,True,False,False,0.0002079170080833137,0.4,0.6796858875495522,True,True,True,False
460d89bd1e448c851570,representation,representation_disagreement,245,168669748,16,5000,0.4,0.05,rbf,median,anytime,bonferroni,3,2,False,B_BETTER,272,True,False,False,0.0002067500026896596,0.4,0.6620856821127257,True,True,True,False
5b7f453d90aca353028a,representation,representation_disagreement,246,2846032974,16,5000,0.4,0.05,rbf,median,anytime,bonferroni,3,2,False,B_BETTER,224,True,False,False,0.0002032080083154142,0.4,0.7200353639175696,True,True,True,False
737531642215d5e2614a,representation,representation_disagreement,247,2600613330,16,5000,0.4,0.05,rbf,median,anytime,bonferroni,3,2,False,B_BETTER,288,True,False,False,0.0002061250270344317,0.4,0.6458901399180805,True,True,True,False
310fd37f80f88aee0e61,representation,representation_disagreement,248,2664480688,16,5000,0.4,0.05,rbf,median,anytime,bonferroni,3,2,False,B_BETTER,256,True,False,False,0.0002050829934887588,0.4,0.6796858875495522,True,True,True,False
0adc2019b9fdf8bab978,representation,representation_disagreement,249,3385741993,16,5000,0.4,0.05,rbf,median,anytime,bonferroni,3,2,False,B_BETTER,224,True,False,False,0.00020370801212266088,0.4,0.7200353639175696,True,True,True,False
072c8a531009e9c9cfe4,representation,representation_disagreement,250,3433387977,16,5000,0.4,0.05,rbf,median,anytime,bonferroni,3,2,False,B_BETTER,272,True,False,False,0.00020766700617969036,0.4,0.6620856821127259,True,True,True,False
4092e3ddbe24b8819d38,representation,representation_disagreement,251,1575978087,16,5000,0.4,0.05,rbf,median,anytime,bonferroni,3,2,False,B_BETTER,288,True,False,False,0.00020733301062136889,0.4,0.6458901399180805,True,True,True,False
8ffd8932321361e400f6,representation,representation_disagreement,252,4081162532,16,5000,0.4,0.05,rbf,median,anytime,bonferroni,3,2,False,B_BETTER,288,True,False,False,0.0002077920362353325,0.4,0.6458901399180805,True,True,True,False
26f0abd09698fdb9523d,representation,representation_disagreement,253,3738204528,16,5000,0.4,0.05,rbf,median,anytime,bonferroni,3,2,False,B_BETTER,288,True,False,False,0.00020712503464892507,0.4,0.6458901399180805,True,True,True,False
acf6639c571f8faf88c8,representation,representation_disagreement,254,4067645427,16,5000,0.4,0.05,rbf,median,anytime,bonferroni,3,2,False,B_BETTER,240,True,False,False,0.00020549999317154288,0.4,0.6989114228795754,True,True,True,False
48350d2ac800515cd426,representation,representation_disagreement,255,848785205,16,5000,0.4,0.05,rbf,median,anytime,bonferroni,3,2,False,B_BETTER,256,True,False,False,0.00017654197290539742,0.4,0.6796858875495522,True,True,True,False
f33391179850ead42583,representation,representation_disagreement,256,2207017833,16,5000,0.4,0.05,rbf,median,anytime,bonferroni,3,2,False,B_BETTER,256,True,False,False,0.00017591699725016952,0.4,0.6796858875495522,True,True,True,False
b63dfbff1734650a918e,representation,representation_disagreement,257,2869039468,16,5000,0.4,0.05,rbf,median,anytime,bonferroni,3,2,False,B_BETTER,288,True,False,False,0.00017966702580451965,0.4,0.6458901399180805,True,True,True,False
879b739b2572ea40cf47,representation,representation_disagreement,258,3372316734,16,5000,0.4,0.05,rbf,median,anytime,bonferroni,3,2,False,B_BETTER,208,True,False,False,0.0001747499918565154,0.4,0.7434004973451924,True,True,True,False
61e598da207f0670276f,representation,representation_disagreement,259,3694261331,16,5000,0.4,0.05,rbf,median,anytime,bonferroni,3,2,False,B_BETTER,224,True,False,False,0.00017804198432713747,0.4,0.7200353639175696,True,True,True,False
e0495a2688f64a292b41,representation,representation_disagreement,260,3515372108,16,5000,0.4,0.05,rbf,median,anytime,bonferroni,3,2,False,B_BETTER,240,True,False,False,0.00017691601533442736,0.4,0.6989114228795754,True,True,True,False
93ed6eb0e44efa1380ef,representation,representation_disagreement,261,1188892415,16,5000,0.4,0.05,rbf,median,anytime,bonferroni,3,2,False,B_BETTER,240,True,False,False,0.0001769589725881815,0.4,0.6989114228795754,True,True,True,False
bd11dfd045574e2b9c85,representation,representation_disagreement,262,2496397823,16,5000,0.4,0.05,rbf,median,anytime,bonferroni,3,2,False,B_BETTER,256,True,False,False,0.00017666700296103954,0.4,0.6796858875495522,True,True,True,False
789a5b19969110bc3122,representation,representation_disagreement,263,2453547811,16,5000,0.4,0.05,rbf,median,anytime,bonferroni,3,2,False,B_BETTER,240,True,False,False,0.00017837499035522342,0.4,0.6989114228795754,True,True,True,False
e88f7d0bc81725655ad1,representation,representation_disagreement,264,4126447718,16,5000,0.4,0.05,rbf,median,anytime,bonferroni,3,2,False,B_BETTER,256,True,False,False,0.0001781670143827796,0.4,0.6796858875495522,True,True,True,False
caac6d6f1053f1c9fd79,representation,representation_disagreement,265,1361910199,16,5000,0.4,0.05,rbf,median,anytime,bonferroni,3,2,False,B_BETTER,272,True,False,False,0.00017725001089274883,0.4,0.6620856821127259,True,True,True,False
31b614fe8e77d828ab01,representation,representation_disagreement,266,92308975,16,5000,0.4,0.05,rbf,median,anytime,bonferroni,3,2,False,B_BETTER,272,True,False,False,0.00018324999837204814,0.4,0.6620856821127257,True,True,True,False
db8c7b0a40ef90c05376,representation,representation_disagreement,267,232434840,16,5000,0.4,0.05,rbf,median,anytime,bonferroni,3,2,False,B_BETTER,288,True,False,False,0.00019166601123288274,0.4,0.6458901399180805,True,True,True,False
0e65037fcaf1f850a797,representation,representation_disagreement,268,3556057004,16,5000,0.4,0.05,rbf,median,anytime,bonferroni,3,2,False,B_BETTER,272,True,False,False,0.00018750003073364496,0.4,0.6620856821127259,True,True,True,False
6c952ec34a04a1752470,representation,representation_disagreement,269,1821030265,16,5000,0.4,0.05,rbf,median,anytime,bonferroni,3,2,False,B_BETTER,224,True,False,False,0.00017633300740271807,0.4,0.7200353639175696,True,True,True,False
68ad5f139f265a51954f,representation,representation_disagreement,270,1448284331,16,5000,0.4,0.05,rbf,median,anytime,bonferroni,3,2,False,B_BETTER,288,True,False,False,0.00017858302453532815,0.4,0.6458901399180805,True,True,True,False
19e0a1dae41dcc8b339a,representation,representation_disagreement,271,567080705,16,5000,0.4,0.05,rbf,median,anytime,bonferroni,3,2,False,B_BETTER,224,True,False,False,0.00017679098527878523,0.4,0.7200353639175696,True,True,True,False
9f9bf8a0f214bfd61fa0,representation,representation_disagreement,272,1022755905,16,5000,0.4,0.05,rbf,median,anytime,bonferroni,3,2,False,B_BETTER,192,True,False,False,0.0001746250200085342,0.4,0.7694441991638782,True,True,True,False
172821cf7ce7bda6fbc2,representation,representation_disagreement,273,3179118158,16,5000,0.4,0.05,rbf,median,anytime,bonferroni,3,2,False,B_BETTER,320,True,False,False,0.00017908297013491392,0.4,0.6170219115444306,True,True,True,False
504bdd1d349fc811919f,representation,representation_disagreement,274,449073951,16,5000,0.4,0.05,rbf,median,anytime,bonferroni,3,2,False,B_BETTER,256,True,False,False,0.00017754099098965526,0.4,0.6796858875495522,True,True,True,False
c4e0ed2955c2e3e1b456,representation,representation_disagreement,275,217867361,16,5000,0.4,0.05,rbf,median,anytime,bonferroni,3,2,False,B_BETTER,288,True,False,False,0.00017908297013491392,0.4,0.6458901399180805,True,True,True,False
b0f2789f0013f801e7b2,representation,representation_disagreement,276,144476132,16,5000,0.4,0.05,rbf,median,anytime,bonferroni,3,2,False,B_BETTER,256,True,False,False,0.00017745798686519265,0.4,0.6796858875495522,True,True,True,False
ec91deaafdad4aa7771c,representation,representation_disagreement,277,2207017336,16,5000,0.4,0.05,rbf,median,anytime,bonferroni,3,2,False,B_BETTER,240,True,False,False,0.00017725001089274883,0.4,0.6989114228795754,True,True,True,False
937eb5b8fe80990e84ac,representation,representation_disagreement,278,129614954,16,5000,0.4,0.05,rbf,median,anytime,bonferroni,3,2,False,B_BETTER,272,True,False,False,0.0001782499602995813,0.4,0.6620856821127259,True,True,True,False
53661303bd0209192874,representation,representation_disagreement,279,2992273202,16,5000,0.4,0.05,rbf,median,anytime,bonferroni,3,2,False,B_BETTER,224,True,False,False,0.0001752499956637621,0.4,0.7200353639175696,True,True,True,False
734f70feadd5381b197f,representation,representation_disagreement,280,2306381397,16,5000,0.4,0.05,rbf,median,anytime,bonferroni,3,2,False,B_BETTER,240,True,False,False,0.00017787498654797673,0.4,0.6989114228795754,True,True,True,False
63858e41875cb09161da,representation,representation_disagreement,281,220741089,16,5000,0.4,0.05,rbf,median,anytime,bonferroni,3,2,False,B_BETTER,288,True,False,False,0.00017933297203853726,0.4,0.6458901399180805,True,True,True,False
bd795aab57070267e12f,representation,representation_disagreement,282,266441676,16,5000,0.4,0.05,rbf,median,anytime,bonferroni,3,2,False,B_BETTER,288,True,False,False,0.0001788749941624701,0.4,0.6458901399180805,True,True,True,False
0704e48dadf8dc6dff08,representation,representation_disagreement,283,2059373639,16,5000,0.4,0.05,rbf,median,anytime,bonferroni,3,2,False,B_BETTER,288,True,False,False,0.00028624996775761247,0.4,0.6458901399180805,True,True,True,False
f1e5c11fe66b9da9f54a,representation,representation_disagreement,284,3327620543,16,5000,0.4,0.05,rbf,median,anytime,bonferroni,3,2,False,B_BETTER,240,True,False,False,0.0002916249795816839,0.4,0.6989114228795754,True,True,True,False
12c83b1dcc105091c3f5,representation,representation_disagreement,285,3838841266,16,5000,0.4,0.05,rbf,median,anytime,bonferroni,3,2,False,B_BETTER,240,True,False,False,0.00024270894937217236,0.4,0.6989114228795754,True,True,True,False
df1eb0d5c18a3809e1fb,representation,representation_disagreement,286,1261494421,16,5000,0.4,0.05,rbf,median,anytime,bonferroni,3,2,False,B_BETTER,256,True,False,False,0.00023916602367535233,0.4,0.6796858875495522,True,True,True,False
1af1e28b83133151256f,representation,representation_disagreement,287,1484902867,16,5000,0.4,0.05,rbf,median,anytime,bonferroni,3,2,False,B_BETTER,240,True,False,False,0.00023795897141098976,0.4,0.6989114228795754,True,True,True,False
f22fecb94f7f7c50ef0d,representation,representation_disagreement,288,603197773,16,5000,0.4,0.05,rbf,median,anytime,bonferroni,3,2,False,B_BETTER,288,True,False,False,0.00024404202122241259,0.4,0.6458901399180805,True,True,True,False
2b35f66fd8989e7bc3b7,representation,representation_disagreement,289,912183036,16,5000,0.4,0.05,rbf,median,anytime,bonferroni,3,2,False,B_BETTER,224,True,False,False,0.0002358339843340218,0.4,0.7200353639175696,True,True,True,False
89cee389e1feadbc888d,representation,representation_disagreement,290,3582395066,16,5000,0.4,0.05,rbf,median,anytime,bonferroni,3,2,False,B_BETTER,304,True,False,False,0.00024066597688943148,0.4,0.6309186896508341,True,True,True,False
634b606571de4a78668c,representation,representation_disagreement,291,2919701121,16,5000,0.4,0.05,rbf,median,anytime,bonferroni,3,2,False,B_BETTER,288,True,False,False,0.00024033302906900644,0.4,0.6458901399180805,True,True,True,False
84b0664fb3099c507c40,representation,representation_disagreement,292,2813933623,16,5000,0.4,0.05,rbf,median,anytime,bonferroni,3,2,False,B_BETTER,208,True,False,False,0.00023800000781193376,0.4,0.7434004973451924,True,True,True,False
3d4e2fff95186046c9e6,representation,representation_disagreement,293,3011980680,16,5000,0.4,0.05,rbf,median,anytime,bonferroni,3,2,False,B_BETTER,304,True,False,False,0.00023954198695719242,0.4,0.6309186896508341,True,True,True,False
3b14a9b58a1b14dc5749,representation,representation_disagreement,294,4061236792,16,5000,0.4,0.05,rbf,median,anytime,bonferroni,3,2,False,B_BETTER,176,True,False,False,0.00023325002985075116,0.4,0.7987351700636655,True,True,True,False
93b65bf5226ddeb7cc10,representation,representation_disagreement,295,2648847468,16,5000,0.4,0.05,rbf,median,anytime,bonferroni,3,2,False,B_BETTER,224,True,False,False,0.000242499983869493,0.4,0.7200353639175696,True,True,True,False
0ecdd37e7a3059fd9440,representation,representation_disagreement,296,3052046554,16,5000,0.4,0.05,rbf,median,anytime,bonferroni,3,2,False,B_BETTER,288,True,False,False,0.00024220795603469014,0.4,0.6458901399180805,True,True,True,False
0c8393d34f35d0a4cc9b,representation,representation_disagreement,297,2504005858,16,5000,0.4,0.05,rbf,median,anytime,bonferroni,3,2,False,B_BETTER,224,True,False,False,0.00023508298909291625,0.4,0.7200353639175696,True,True,True,False
af5b216a7eb6289d6996,representation,representation_disagreement,298,2706466731,16,5000,0.4,0.05,rbf,median,anytime,bonferroni,3,2,False,B_BETTER,256,True,False,False,0.00024145899806171656,0.4,0.6796858875495522,True,True,True,False
0997b6840a92957a2308,representation,representation_disagreement,299,3980315698,16,5000,0.4,0.05,rbf,median,anytime,bonferroni,3,2,False,B_BETTER,256,True,False,False,0.00023645797045901418,0.4,0.6796858875495522,True,True,True,False
7e780ff736a383089755,representation,representation_disagreement,300,844786640,16,5000,0.4,0.05,rbf,median,anytime,bonferroni,3,2,False,B_BETTER,240,True,False,False,0.00024020898854359984,0.4,0.6989114228795754,True,True,True,False
5ca6f236f54787f968ee,representation,representation_disagreement,301,1402972953,16,5000,0.4,0.05,rbf,median,anytime,bonferroni,3,2,False,B_BETTER,256,True,False,False,0.00023966695880517364,0.4,0.6796858875495522,True,True,True,False
4a97631dd1102d319cb8,representation,representation_disagreement,302,3323405382,16,5000,0.4,0.05,rbf,median,anytime,bonferroni,3,2,False,B_BETTER,224,True,False,False,0.00023545802105218172,0.4,0.7200353639175696,True,True,True,False
f6f777b2d410edef583a,representation,representation_disagreement,303,912083880,16,5000,0.4,0.05,rbf,median,anytime,bonferroni,3,2,False,B_BETTER,208,True,False,False,0.0002346250112168491,0.4,0.7434004973451923,True,True,True,False
a2c550f0933641a6e842,representation,representation_disagreement,304,940675394,16,5000,0.4,0.05,rbf,median,anytime,bonferroni,3,2,False,B_BETTER,240,True,False,False,0.00023916701320558786,0.4,0.6989114228795754,True,True,True,False
155ebfd105479e091274,representation,representation_disagreement,305,58072751,16,5000,0.4,0.05,rbf,median,anytime,bonferroni,3,2,False,B_BETTER,256,True,False,False,0.00023925001733005047,0.4,0.6796858875495522,True,True,True,False
d4afe97e54e35f901829,representation,representation_disagreement,306,1418311474,16,5000,0.4,0.05,rbf,median,anytime,bonferroni,3,2,False,B_BETTER,240,True,False,False,0.00032045802799984813,0.4,0.6989114228795754,True,True,True,False
18d92f97d7e395fbca64,representation,representation_disagreement,307,3687592514,16,5000,0.4,0.05,rbf,median,anytime,bonferroni,3,2,False,B_BETTER,224,True,False,False,0.00036800000816583633,0.4,0.7200353639175696,True,True,True,False
cb442ee63fb5a468747a,representation,representation_disagreement,308,2239808469,16,5000,0.4,0.05,rbf,median,anytime,bonferroni,3,2,False,B_BETTER,272,True,False,False,0.0002923749852925539,0.4,0.6620856821127259,True,True,True,False
48913b436a99788b02c1,representation,representation_disagreement,309,2369236068,16,5000,0.4,0.05,rbf,median,anytime,bonferroni,3,2,False,B_BETTER,224,True,False,False,0.0003024170291610062,0.4,0.7200353639175696,True,True,True,False
59dd983d7b26e366c1e3,representation,representation_disagreement,310,203831073,16,5000,0.4,0.05,rbf,median,anytime,bonferroni,3,2,False,B_BETTER,256,True,False,False,0.0002588339848443866,0.4,0.6796858875495522,True,True,True,False
9113d1d13b07275fd6e8,representation,representation_disagreement,311,3976963833,16,5000,0.4,0.05,rbf,median,anytime,bonferroni,3,2,False,B_BETTER,256,True,False,False,0.0002492079511284828,0.4,0.6796858875495522,True,True,True,False
0a496cf5a43666b1ea41,representation,representation_disagreement,312,2119768562,16,5000,0.4,0.05,rbf,median,anytime,bonferroni,3,2,False,B_BETTER,240,True,False,False,0.0002417920040898025,0.4,0.6989114228795754,True,True,True,False
2fa6a5011a32970e1ab9,representation,representation_disagreement,313,2019510412,16,5000,0.4,0.05,rbf,median,anytime,bonferroni,3,2,False,B_BETTER,272,True,False,False,0.0002424169797450304,0.4,0.6620856821127259,True,True,True,False
92a69d29ea77527d2db7,representation,representation_disagreement,314,4003455543,16,5000,0.4,0.05,rbf,median,anytime,bonferroni,3,2,False,B_BETTER,272,True,False,False,0.00024291599402204156,0.4,0.6620856821127257,True,True,True,False
df4252dc62e99a5a5a3a,representation,representation_disagreement,315,1343853091,16,5000,0.4,0.05,rbf,median,anytime,bonferroni,3,2,False,B_BETTER,224,True,False,False,0.00023912504548206925,0.4,0.7200353639175696,True,True,True,False
85fde8f2a3543022b624,representation,representation_disagreement,316,2734462577,16,5000,0.4,0.05,rbf,median,anytime,bonferroni,3,2,False,B_BETTER,272,True,False,False,0.0002400829689577222,0.4,0.6620856821127258,True,True,True,False
070c04d4c08a54df544b,representation,representation_disagreement,317,2079486968,16,5000,0.4,0.05,rbf,median,anytime,bonferroni,3,2,False,B_BETTER,256,True,False,False,0.000248334021307528,0.4,0.6796858875495522,True,True,True,False
8a4a584d4e10642efb47,representation,representation_disagreement,318,1980616912,16,5000,0.4,0.05,rbf,median,anytime,bonferroni,3,2,False,B_BETTER,256,True,False,False,0.0002395000192336738,0.4,0.6796858875495522,True,True,True,False
6bbaa5a279f3d4018081,representation,representation_disagreement,319,2832151089,16,5000,0.4,0.05,rbf,median,anytime,bonferroni,3,2,False,B_BETTER,208,True,False,False,0.0002340420032851398,0.4,0.7434004973451923,True,True,True,False
697d0d68158e7f0763bf,representation,representation_disagreement,320,1544522829,16,5000,0.4,0.05,rbf,median,anytime,bonferroni,3,2,False,B_BETTER,304,True,False,False,0.00021583400666713715,0.4,0.6309186896508341,True,True,True,False
d07c128f8198f4c2721a,representation,representation_disagreement,321,4148982283,16,5000,0.4,0.05,rbf,median,anytime,bonferroni,3,2,False,B_BETTER,272,True,False,False,0.00021295802434906363,0.4,0.6620856821127259,True,True,True,False
a531e7735b722a70e89b,representation,representation_disagreement,322,1278392605,16,5000,0.4,0.05,rbf,median,anytime,bonferroni,3,2,False,B_BETTER,272,True,False,False,0.00020612496882677078,0.4,0.6620856821127258,True,True,True,False
2980f27cb3480cc3d89f,representation,representation_disagreement,323,3794928713,16,5000,0.4,0.05,rbf,median,anytime,bonferroni,3,2,False,B_BETTER,224,True,False,False,0.00020395801402628422,0.4,0.7200353639175696,True,True,True,False
a2690b8f3348998fea3c,representation,representation_disagreement,324,1797653161,16,5000,0.4,0.05,rbf,median,anytime,bonferroni,3,2,False,B_BETTER,208,True,False,False,0.00020175002282485366,0.4,0.7434004973451923,True,True,True,False
52292f17ac4fd1b621c7,representation,representation_disagreement,325,1102238728,16,5000,0.4,0.05,rbf,median,anytime,bonferroni,3,2,False,B_BETTER,240,True,False,False,0.0002078340039588511,0.4,0.6989114228795754,True,True,True,False
06e18cede79249a9dd2c,representation,representation_disagreement,326,2035242549,16,5000,0.4,0.05,rbf,median,anytime,bonferroni,3,2,False,B_BETTER,272,True,False,False,0.00020337500609457493,0.4,0.6620856821127257,True,True,True,False
e6165eeee41dd3440680,representation,representation_disagreement,327,3984703334,16,5000,0.4,0.05,rbf,median,anytime,bonferroni,3,2,False,B_BETTER,272,True,False,False,0.00020479096565395594,0.4,0.6620856821127257,True,True,True,False
cb4a30c27d3120fc4f6e,representation,representation_disagreement,328,381933379,16,5000,0.4,0.05,rbf,median,anytime,bonferroni,3,2,False,B_BETTER,240,True,False,False,0.00020362500799819827,0.4,0.6989114228795754,True,True,True,False
e72074f25b001dc8a1db,representation,representation_disagreement,329,825652632,16,5000,0.4,0.05,rbf,median,anytime,bonferroni,3,2,False,B_BETTER,192,True,False,False,0.00020604097517207265,0.4,0.7694441991638782,True,True,True,False
d5b7f924097ef32d2962,representation,representation_disagreement,330,3139794808,16,5000,0.4,0.05,rbf,median,anytime,bonferroni,3,2,False,B_BETTER,208,True,False,False,0.00020133296493440866,0.4,0.7434004973451922,True,True,True,False
b4ff98ddb6876d6a36ce,representation,representation_disagreement,331,2223155929,16,5000,0.4,0.05,rbf,median,anytime,bonferroni,3,2,False,B_BETTER,240,True,False,False,0.00020241702441126108,0.4,0.6989114228795754,True,True,True,False
a7b7a4f7fc89f4f56696,representation,representation_disagreement,332,739455048,16,5000,0.4,0.05,rbf,median,anytime,bonferroni,3,2,False,B_BETTER,256,True,False,False,0.00020366598619148135,0.4,0.6796858875495522,True,True,True,False
50a6a5cd79883fa10fcb,representation,representation_disagreement,333,1288912493,16,5000,0.4,0.05,rbf,median,anytime,bonferroni,3,2,False,B_BETTER,256,True,False,False,0.0002080410486087203,0.4,0.6796858875495522,True,True,True,False
2d97c5aa71d57c81fcf9,representation,representation_disagreement,334,87436390,16,5000,0.4,0.05,rbf,median,anytime,bonferroni,3,2,False,B_BETTER,304,True,False,False,0.00020620896248146892,0.4,0.6309186896508341,True,True,True,False
50fd771bbe574d5deec0,representation,representation_disagreement,335,2673659974,16,5000,0.4,0.05,rbf,median,anytime,bonferroni,3,2,False,B_BETTER,240,True,False,False,0.00020295899594202638,0.4,0.6989114228795754,True,True,True,False
9a5e5a6255e8318b99c5,representation,representation_disagreement,336,1515131579,16,5000,0.4,0.05,rbf,median,anytime,bonferroni,3,2,False,B_BETTER,272,True,False,False,0.00020416598999872804,0.4,0.6620856821127259,True,True,True,False
8a50b3c264aa3e30f2f4,representation,representation_disagreement,337,3321789944,16,5000,0.4,0.05,rbf,median,anytime,bonferroni,3,2,False,B_BETTER,256,True,False,False,0.00020716700237244368,0.4,0.6796858875495522,True,True,True,False
04889dca3bd25ea09d57,representation,representation_disagreement,338,3654380909,16,5000,0.4,0.05,rbf,median,anytime,bonferroni,3,2,False,B_BETTER,320,True,False,False,0.00020875001791864634,0.4,0.6170219115444306,True,True,True,False
de3c5ba645af504571eb,representation,representation_disagreement,339,784427005,16,5000,0.4,0.05,rbf,median,anytime,bonferroni,3,2,False,B_BETTER,192,True,False,False,0.0002027910086326301,0.4,0.7694441991638782,True,True,True,False
2b429f08a42a81df1775,representation,representation_disagreement,340,48766627,16,5000,0.4,0.05,rbf,median,anytime,bonferroni,3,2,False,B_BETTER,272,True,False,False,0.00020466704154387116,0.4,0.6620856821127259,True,True,True,False
5e1ba5098f41f60c64ac,representation,representation_disagreement,341,1618380028,16,5000,0.4,0.05,rbf,median,anytime,bonferroni,3,2,False,B_BETTER,304,True,False,False,0.00020945799769833684,0.4,0.6309186896508341,True,True,True,False
964634565ef5c8c316ad,representation,representation_disagreement,342,797075425,16,5000,0.4,0.05,rbf,median,anytime,bonferroni,3,2,False,B_BETTER,272,True,False,False,0.0002044999855570495,0.4,0.6620856821127257,True,True,True,False
86dff032c13b7ac3c1cf,representation,representation_disagreement,343,2626685758,16,5000,0.4,0.05,rbf,median,anytime,bonferroni,3,2,False,B_BETTER,304,True,False,False,0.00020595797104761004,0.4,0.6309186896508341,True,True,True,False
affdd87410bc6d780c54,representation,representation_disagreement,344,2366351072,16,5000,0.4,0.05,rbf,median,anytime,bonferroni,3,2,False,B_BETTER,288,True,False,False,0.0002061669947579503,0.4,0.6458901399180805,True,True,True,False
08475a264e6e58ac2a7a,representation,representation_disagreement,345,343264587,16,5000,0.4,0.05,rbf,median,anytime,bonferroni,3,2,False,B_BETTER,240,True,False,False,0.00020658300491049886,0.4,0.6989114228795754,True,True,True,False
8bb2fc4463d76c92a529,representation,representation_disagreement,346,2418767999,16,5000,0.4,0.05,rbf,median,anytime,bonferroni,3,2,False,B_BETTER,240,True,False,False,0.0002032499760389328,0.4,0.6989114228795754,True,True,True,False
914dc9312d524040cf0d,representation,representation_disagreement,347,603519121,16,5000,0.4,0.05,rbf,median,anytime,bonferroni,3,2,False,B_BETTER,288,True,False,False,0.0002060420229099691,0.4,0.6458901399180805,True,True,True,False
b9afcb77da923aaa8514,representation,representation_disagreement,348,188279926,16,5000,0.4,0.05,rbf,median,anytime,bonferroni,3,2,False,B_BETTER,240,True,False,False,0.00020270899403840303,0.4,0.6989114228795754,True,True,True,False
49d5c8237cb2ee46d4f4,representation,representation_disagreement,349,3803210767,16,5000,0.4,0.05,rbf,median,anytime,bonferroni,3,2,False,B_BETTER,208,True,False,False,0.00020479201339185238,0.4,0.7434004973451923,True,True,True,False
428a97fb828d5be8129f,representation,representation_disagreement,350,2436353171,16,5000,0.4,0.05,rbf,median,anytime,bonferroni,3,2,False,B_BETTER,288,True,False,False,0.00020591699285432696,0.4,0.6458901399180805,True,True,True,False
1666f58610e96aab7f5b,representation,representation_disagreement,351,470392630,16,5000,0.4,0.05,rbf,median,anytime,bonferroni,3,2,False,B_BETTER,272,True,False,False,0.0002044580178335309,0.4,0.6620856821127258,True,True,True,False
ca5137b7c2673e24484b,representation,representation_disagreement,352,1679182688,16,5000,0.4,0.05,rbf,median,anytime,bonferroni,3,2,False,B_BETTER,272,True,False,False,0.00020341703202575445,0.4,0.6620856821127259,True,True,True,False
1a73f582b18c50b96ef0,representation,representation_disagreement,353,463320969,16,5000,0.4,0.05,rbf,median,anytime,bonferroni,3,2,False,B_BETTER,240,True,False,False,0.00020700000459328294,0.4,0.6989114228795754,True,True,True,False
ce0d9e3df7f53c912b4b,representation,representation_disagreement,354,623898672,16,5000,0.4,0.05,rbf,median,anytime,bonferroni,3,2,False,B_BETTER,256,True,False,False,0.00020416697952896357,0.4,0.6796858875495522,True,True,True,False
25b10750555a486e3106,representation,representation_disagreement,355,321490004,16,5000,0.4,0.05,rbf,median,anytime,bonferroni,3,2,False,B_BETTER,240,True,False,False,0.00020345899974927306,0.4,0.6989114228795754,True,True,True,False
ae4b817f778cf2212a38,representation,representation_disagreement,356,178333613,16,5000,0.4,0.05,rbf,median,anytime,bonferroni,3,2,False,B_BETTER,224,True,False,False,0.00020112498896196485,0.4,0.7200353639175696,True,True,True,False
2f57a5184275e338cf17,representation,representation_disagreement,357,3699407798,16,5000,0.4,0.05,rbf,median,anytime,bonferroni,3,2,False,B_BETTER,256,True,False,False,0.00020833301823586226,0.4,0.6796858875495522,True,True,True,False
148ad09d66fcee4c8166,representation,representation_disagreement,358,1473979130,16,5000,0.4,0.05,rbf,median,anytime,bonferroni,3,2,False,B_BETTER,256,True,False,False,0.00020354101434350014,0.4,0.6796858875495522,True,True,True,False
87586fa123fdeefc6116,representation,representation_disagreement,359,2697606532,16,5000,0.4,0.05,rbf,median,anytime,bonferroni,3,2,False,B_BETTER,240,True,False,False,0.00020354200387373567,0.4,0.6989114228795754,True,True,True,False
790ad688be5b95d4a2f7,representation,representation_disagreement,360,1715796347,16,5000,0.4,0.05,rbf,median,anytime,bonferroni,3,2,False,B_BETTER,240,True,False,False,0.00020354200387373567,0.4,0.6989114228795754,True,True,True,False
e8560baa65e3f4c073f0,representation,representation_disagreement,361,2053902553,16,5000,0.4,0.05,rbf,median,anytime,bonferroni,3,2,False,B_BETTER,256,True,False,False,0.00020583398872986436,0.4,0.6796858875495522,True,True,True,False
c738810b1e1ce8205f21,representation,representation_disagreement,362,3335628268,16,5000,0.4,0.05,rbf,median,anytime,bonferroni,3,2,False,B_BETTER,256,True,False,False,0.00020712497644126415,0.4,0.6796858875495522,True,True,True,False
50697bb51650aac192fb,representation,representation_disagreement,363,1308520600,16,5000,0.4,0.05,rbf,median,anytime,bonferroni,3,2,False,B_BETTER,256,True,False,False,0.0002050829934887588,0.4,0.6796858875495522,True,True,True,False
8b882660d70613216158,representation,representation_disagreement,364,18854774,16,5000,0.4,0.05,rbf,median,anytime,bonferroni,3,2,False,B_BETTER,240,True,False,False,0.00020399998174980283,0.4,0.6989114228795754,True,True,True,False
e7d922ad17a8ab680888,representation,representation_disagreement,365,996668931,16,5000,0.4,0.05,rbf,median,anytime,bonferroni,3,2,False,B_BETTER,288,True,False,False,0.00022329197963699698,0.4,0.6458901399180805,True,True,True,False
0971a2e1b2e9346e17f3,representation,representation_disagreement,366,2348387148,16,5000,0.4,0.05,rbf,median,anytime,bonferroni,3,2,False,B_BETTER,304,True,False,False,0.0002215000567957759,0.4,0.6309186896508341,True,True,True,False
cd9c69b67e5a3d75e4aa,representation,representation_disagreement,367,313340968,16,5000,0.4,0.05,rbf,median,anytime,bonferroni,3,2,False,B_BETTER,240,True,False,False,0.00020533299539238214,0.4,0.6989114228795754,True,True,True,False
949c2879ce98ace4559b,representation,representation_disagreement,368,1942270693,16,5000,0.4,0.05,rbf,median,anytime,bonferroni,3,2,False,B_BETTER,256,True,False,False,0.00020345899974927306,0.4,0.6796858875495522,True,True,True,False
a9b668bb4a6674c5455a,representation,representation_disagreement,369,4051594575,16,5000,0.4,0.05,rbf,median,anytime,bonferroni,3,2,False,B_BETTER,224,True,False,False,0.00020520802354440093,0.4,0.7200353639175696,True,True,True,False
1f29fbbd01c46c926a2f,representation,representation_disagreement,370,1448249878,16,5000,0.4,0.05,rbf,median,anytime,bonferroni,3,2,False,B_BETTER,208,True,False,False,0.00020299997413530946,0.4,0.7434004973451924,True,True,True,False
147705e5e263b06c835b,representation,representation_disagreement,371,2242060882,16,5000,0.4,0.05,rbf,median,anytime,bonferroni,3,2,False,B_BETTER,272,True,False,False,0.00020545802544802427,0.4,0.6620856821127257,True,True,True,False
f1dd95475a892cc37fd8,representation,representation_disagreement,372,2425235391,16,5000,0.4,0.05,rbf,median,anytime,bonferroni,3,2,False,B_BETTER,272,True,False,False,0.0002051249612122774,0.4,0.6620856821127257,True,True,True,False
48fbc9df55f54cb518c3,representation,representation_disagreement,373,128440003,16,5000,0.4,0.05,rbf,median,anytime,bonferroni,3,2,False,B_BETTER,288,True,False,False,0.00020825001411139965,0.4,0.6458901399180805,True,True,True,False
5db1d360902085d4c837,representation,representation_disagreement,374,139664954,16,5000,0.4,0.05,rbf,median,anytime,bonferroni,3,2,False,B_BETTER,320,True,False,False,0.0002074169460684061,0.4,0.6170219115444305,True,True,True,False
a1c9df45add7df61cdb7,representation,representation_disagreement,375,3894225500,16,5000,0.4,0.05,rbf,median,anytime,bonferroni,3,2,False,B_BETTER,272,True,False,False,0.0003782919957302511,0.4,0.6620856821127257,True,True,True,False
e6cbbcdbd37442e6a26d,representation,representation_disagreement,376,1709543416,16,5000,0.4,0.05,rbf,median,anytime,bonferroni,3,2,False,B_BETTER,240,True,False,False,0.00029995798831805587,0.4,0.6989114228795754,True,True,True,False
436247767d2f59a9c4d1,representation,representation_disagreement,377,3343821430,16,5000,0.4,0.05,rbf,median,anytime,bonferroni,3,2,False,B_BETTER,288,True,False,False,0.0002786249970085919,0.4,0.6458901399180805,True,True,True,False
dac252732fa0507267a7,representation,representation_disagreement,378,815362285,16,5000,0.4,0.05,rbf,median,anytime,bonferroni,3,2,False,B_BETTER,272,True,False,False,0.0002769160200841725,0.4,0.6620856821127257,True,True,True,False
5ce40c99f14977c2e0af,representation,representation_disagreement,379,920583339,16,5000,0.4,0.05,rbf,median,anytime,bonferroni,3,2,False,B_BETTER,272,True,False,False,0.0002470000181347132,0.4,0.6620856821127258,True,True,True,False
3b08b66afc440442828f,representation,representation_disagreement,380,3515778102,16,5000,0.4,0.05,rbf,median,anytime,bonferroni,3,2,False,B_BETTER,224,True,False,False,0.00024025002494454384,0.4,0.7200353639175696,True,True,True,False
a280680eafc791391f6a,representation,representation_disagreement,381,1754588929,16,5000,0.4,0.05,rbf,median,anytime,bonferroni,3,2,False,B_BETTER,272,True,False,False,0.000246542040258646,0.4,0.6620856821127258,True,True,True,False
9bd5eb9b7f553ff8a745,representation,representation_disagreement,382,1953624386,16,5000,0.4,0.05,rbf,median,anytime,bonferroni,3,2,False,B_BETTER,240,True,False,False,0.00023895903723314404,0.4,0.6989114228795754,True,True,True,False
7bf92f9587bd73765748,representation,representation_disagreement,383,3501207207,16,5000,0.4,0.05,rbf,median,anytime,bonferroni,3,2,False,B_BETTER,240,True,False,False,0.00023849995341151953,0.4,0.6989114228795754,True,True,True,False
9263d04250c2662839ee,representation,representation_disagreement,384,2335760952,16,5000,0.4,0.05,rbf,median,anytime,bonferroni,3,2,False,B_BETTER,176,True,False,False,0.00024570798268541694,0.4,0.7987351700636655,True,True,True,False
a54602f6e4164d0185c3,representation,representation_disagreement,385,986634497,16,5000,0.4,0.05,rbf,median,anytime,bonferroni,3,2,False,B_BETTER,240,True,False,False,0.00024329102598130703,0.4,0.6989114228795754,True,True,True,False
04f13ee5cef28d7e312f,representation,representation_disagreement,386,580705218,16,5000,0.4,0.05,rbf,median,anytime,bonferroni,3,2,False,B_BETTER,256,True,False,False,0.00024033401859924197,0.4,0.6796858875495522,True,True,True,False
6569d9c9fc05bdb19dba,representation,representation_disagreement,387,1438069823,16,5000,0.4,0.05,rbf,median,anytime,bonferroni,3,2,False,B_BETTER,272,True,False,False,0.0002429999876767397,0.4,0.6620856821127257,True,True,True,False
9a74fb59caf3ca6fe452,representation,representation_disagreement,388,2465164189,16,5000,0.4,0.05,rbf,median,anytime,bonferroni,3,2,False,B_BETTER,304,True,False,False,0.0002424580161459744,0.4,0.6309186896508341,True,True,True,False
2fedbfa0b2dafd93a012,representation,representation_disagreement,389,1781052427,16,5000,0.4,0.05,rbf,median,anytime,bonferroni,3,2,False,B_BETTER,256,True,False,False,0.00023862498346716166,0.4,0.6796858875495522,True,True,True,False
99568285e5fc193994b7,representation,representation_disagreement,390,1473814905,16,5000,0.4,0.05,rbf,median,anytime,bonferroni,3,2,False,B_BETTER,256,True,False,False,0.00023733399575576186,0.4,0.6796858875495522,True,True,True,False
ae63e661a19843136f8e,representation,representation_disagreement,391,1254504228,16,5000,0.4,0.05,rbf,median,anytime,bonferroni,3,2,False,B_BETTER,288,True,False,False,0.0002388330176472664,0.4,0.6458901399180805,True,True,True,False
7f596bccf1cb21728115,representation,representation_disagreement,392,3728768444,16,5000,0.4,0.05,rbf,median,anytime,bonferroni,3,2,False,B_BETTER,240,True,False,False,0.00024183397181332111,0.4,0.6989114228795754,True,True,True,False
ea25de6b1a8e8a2611a4,representation,representation_disagreement,393,1677635639,16,5000,0.4,0.05,rbf,median,anytime,bonferroni,3,2,False,B_BETTER,256,True,False,False,0.00024070899235084653,0.4,0.6796858875495522,True,True,True,False
1119771dd71349cc9768,representation,representation_disagreement,394,859573606,16,5000,0.4,0.05,rbf,median,anytime,bonferroni,3,2,False,B_BETTER,320,True,False,False,0.00024204101646319032,0.4,0.6170219115444305,True,True,True,False
e0c1df04798468d4a0fa,representation,representation_disagreement,395,3568889002,16,5000,0.4,0.05,rbf,median,anytime,bonferroni,3,2,False,B_BETTER,192,True,False,False,0.0002353329909965396,0.4,0.7694441991638782,True,True,True,False
f8dba97b436ca59020a8,representation,representation_disagreement,396,674709525,16,5000,0.4,0.05,rbf,median,anytime,bonferroni,3,2,False,B_BETTER,240,True,False,False,0.00023787497775629163,0.4,0.6989114228795754,True,True,True,False
77931651bbeb25116931,representation,representation_disagreement,397,4058366269,16,5000,0.4,0.05,rbf,median,anytime,bonferroni,3,2,False,B_BETTER,224,True,False,False,0.00023604201851412654,0.4,0.7200353639175696,True,True,True,False
145a3f7c32551e5aa7e9,representation,representation_disagreement,398,3271391834,16,5000,0.4,0.05,rbf,median,anytime,bonferroni,3,2,False,B_BETTER,256,True,False,False,0.00023766601225361228,0.4,0.6796858875495522,True,True,True,False
967c5e83c01b82a82dd9,representation,representation_disagreement,399,4168171576,16,5000,0.4,0.05,rbf,median,anytime,bonferroni,3,2,False,B_BETTER,272,True,False,False,0.00023854104802012444,0.4,0.6620856821127258,True,True,True,False
d3a08e74f6dbd1439daf,representation,representation_disagreement,400,4274984091,16,5000,0.4,0.05,rbf,median,anytime,bonferroni,3,2,False,B_BETTER,240,True,False,False,0.0002412500325590372,0.4,0.6989114228795754,True,True,True,False
bf06a1056d5cfad66cf0,representation,representation_disagreement,401,3438681672,16,5000,0.4,0.05,rbf,median,anytime,bonferroni,3,2,False,B_BETTER,256,True,False,False,0.00024137500440701842,0.4,0.6796858875495522,True,True,True,False
4148614c3038c8c32fda,representation,representation_disagreement,402,1108672536,16,5000,0.4,0.05,rbf,median,anytime,bonferroni,3,2,False,B_BETTER,272,True,False,False,0.0002518339897505939,0.4,0.6620856821127257,True,True,True,False
d8c213e3576211537025,representation,representation_disagreement,403,1781698330,16,5000,0.4,0.05,rbf,median,anytime,bonferroni,3,2,False,B_BETTER,256,True,False,False,0.00024445896269753575,0.4,0.6796858875495522,True,True,True,False
1376cdc9f262e57612f0,representation,representation_disagreement,404,2663180561,16,5000,0.4,0.05,rbf,median,anytime,bonferroni,3,2,False,B_BETTER,224,True,False,False,0.00024374999338760972,0.4,0.7200353639175696,True,True,True,False
9149a8bc75ada8025b64,representation,representation_disagreement,405,1602417699,16,5000,0.4,0.05,rbf,median,anytime,bonferroni,3,2,False,B_BETTER,256,True,False,False,0.0002596669946797192,0.4,0.6796858875495522,True,True,True,False
5092e627b6a560a840a9,representation,representation_disagreement,406,3524418204,16,5000,0.4,0.05,rbf,median,anytime,bonferroni,3,2,False,B_BETTER,176,True,False,False,0.00019008299568668008,0.4,0.7987351700636656,True,True,True,False
4df93671cee2cd118763,representation,representation_disagreement,407,2020584719,16,5000,0.4,0.05,rbf,median,anytime,bonferroni,3,2,False,B_BETTER,240,True,False,False,0.00018229096895083785,0.4,0.6989114228795754,True,True,True,False
1be7256f21196eb08503,representation,representation_disagreement,408,1933484184,16,5000,0.4,0.05,rbf,median,anytime,bonferroni,3,2,False,B_BETTER,304,True,False,False,0.00018495897529646754,0.4,0.6309186896508341,True,True,True,False
489664f6d88c440e6ea1,representation,representation_disagreement,409,3256429077,16,5000,0.4,0.05,rbf,median,anytime,bonferroni,3,2,False,B_BETTER,288,True,False,False,0.00017904199194163084,0.4,0.6458901399180805,True,True,True,False
260d616987effa794d93,representation,representation_disagreement,410,4213759070,16,5000,0.4,0.05,rbf,median,anytime,bonferroni,3,2,False,B_BETTER,224,True,False,False,0.00017804099479690194,0.4,0.7200353639175696,True,True,True,False
a09daaf5c812e71a62c1,representation,representation_disagreement,411,1207360400,16,5000,0.4,0.05,rbf,median,anytime,bonferroni,3,2,False,B_BETTER,288,True,False,False,0.00017899996601045132,0.4,0.6458901399180805,True,True,True,False
f6210253cea26b39a4b1,representation,representation_disagreement,412,150409981,16,5000,0.4,0.05,rbf,median,anytime,bonferroni,3,2,False,B_BETTER,240,True,False,False,0.00018041703151538968,0.4,0.6989114228795754,True,True,True,False
ca11e934fcf7d9528f04,representation,representation_disagreement,413,1756810023,16,5000,0.4,0.05,rbf,median,anytime,bonferroni,3,2,False,B_BETTER,192,True,False,False,0.0001764170010574162,0.4,0.7694441991638782,True,True,True,False
5fa2adab14a563805a23,representation,representation_disagreement,414,3490547042,16,5000,0.4,0.05,rbf,median,anytime,bonferroni,3,2,False,B_BETTER,240,True,False,False,0.0001763750333338976,0.4,0.6989114228795754,True,True,True,False
c6e01cd1c3cd1b15e60a,representation,representation_disagreement,415,240077207,16,5000,0.4,0.05,rbf,median,anytime,bonferroni,3,2,False,B_BETTER,208,True,False,False,0.00017512502381578088,0.4,0.7434004973451922,True,True,True,False
b1eefec724fc6e4d7fd0,representation,representation_disagreement,416,2269181333,16,5000,0.4,0.05,rbf,median,anytime,bonferroni,3,2,False,B_BETTER,224,True,False,False,0.0001782500185072422,0.4,0.7200353639175696,True,True,True,False
940e55949496110f2146,representation,representation_disagreement,417,3802058827,16,5000,0.4,0.05,rbf,median,anytime,bonferroni,3,2,False,B_BETTER,288,True,False,False,0.00017800001660361886,0.4,0.6458901399180805,True,True,True,False
8fc771778c685a332b2e,representation,representation_disagreement,418,1495098887,16,5000,0.4,0.05,rbf,median,anytime,bonferroni,3,2,False,B_BETTER,256,True,False,False,0.0001769589725881815,0.4,0.6796858875495522,True,True,True,False
9dd455d22e068d1767ae,representation,representation_disagreement,419,1139880549,16,5000,0.4,0.05,rbf,median,anytime,bonferroni,3,2,False,B_BETTER,208,True,False,False,0.00017549999756738544,0.4,0.7434004973451922,True,True,True,False
78f32f49d4ff7688c72a,representation,representation_disagreement,420,3256140879,16,5000,0.4,0.05,rbf,median,anytime,bonferroni,3,2,False,B_BETTER,288,True,False,False,0.00018179102335125208,0.4,0.6458901399180805,True,True,True,False
b98286c9b5d5653b727c,representation,representation_disagreement,421,411292272,16,5000,0.4,0.05,rbf,median,anytime,bonferroni,3,2,False,B_BETTER,208,True,False,False,0.00017483404371887445,0.4,0.7434004973451923,True,True,True,False
f2e25a110e2995d97f97,representation,representation_disagreement,422,2390953951,16,5000,0.4,0.05,rbf,median,anytime,bonferroni,3,2,False,B_BETTER,256,True,False,False,0.00017570797353982925,0.4,0.6796858875495522,True,True,True,False
51415e0513ee9bc13f06,representation,representation_disagreement,423,3846031313,16,5000,0.4,0.05,rbf,median,anytime,bonferroni,3,2,False,B_BETTER,304,True,False,False,0.00017812498845160007,0.4,0.6309186896508341,True,True,True,False
d80c5ddea9c88e513d32,representation,representation_disagreement,424,2782409418,16,5000,0.4,0.05,rbf,median,anytime,bonferroni,3,2,False,B_BETTER,272,True,False,False,0.00017879100050777197,0.4,0.6620856821127258,True,True,True,False
451335004e096a911eca,representation,representation_disagreement,425,1782227350,16,5000,0.4,0.05,rbf,median,anytime,bonferroni,3,2,False,B_BETTER,240,True,False,False,0.00017562496941536665,0.4,0.6989114228795754,True,True,True,False
705da1b22609f9f27a2d,representation,representation_disagreement,426,916493750,16,5000,0.4,0.05,rbf,median,anytime,bonferroni,3,2,False,B_BETTER,272,True,False,False,0.0001771249808371067,0.4,0.6620856821127259,True,True,True,False
7145c641d27cdaf3d72e,representation,representation_disagreement,427,170793677,16,5000,0.4,0.05,rbf,median,anytime,bonferroni,3,2,False,B_BETTER,272,True,False,False,0.00017629098147153854,0.4,0.6620856821127259,True,True,True,False
f1eddd469f3742f2ca3f,representation,representation_disagreement,428,3361839559,16,5000,0.4,0.05,rbf,median,anytime,bonferroni,3,2,False,B_BETTER,304,True,False,False,0.0001806250074878335,0.4,0.6309186896508341,True,True,True,False
ce0f1d41b9e38992c4f1,representation,representation_disagreement,429,770985979,16,5000,0.4,0.05,rbf,median,anytime,bonferroni,3,2,False,B_BETTER,240,True,False,False,0.000174832995980978,0.4,0.6989114228795754,True,True,True,False
b4a7639056c4e7ee3489,representation,representation_disagreement,430,1246901650,16,5000,0.4,0.05,rbf,median,anytime,bonferroni,3,2,False,B_BETTER,240,True,False,False,0.00017491698963567615,0.4,0.6989114228795754,True,True,True,False
0eeafe84ac1317551ac8,representation,representation_disagreement,431,175795283,16,5000,0.4,0.05,rbf,median,anytime,bonferroni,3,2,False,B_BETTER,272,True,False,False,0.00017600000137463212,0.4,0.6620856821127258,True,True,True,False
097a6256f476b5136829,representation,representation_disagreement,432,1880667463,16,5000,0.4,0.05,rbf,median,anytime,bonferroni,3,2,False,B_BETTER,240,True,False,False,0.00018108298536390066,0.4,0.6989114228795754,True,True,True,False
dbb446033e9136f942a2,representation,representation_disagreement,433,210218977,16,5000,0.4,0.05,rbf,median,anytime,bonferroni,3,2,False,B_BETTER,256,True,False,False,0.00017787498654797673,0.4,0.6796858875495522,True,True,True,False
3a91e746a2c1a54847e1,representation,representation_disagreement,434,3355780300,16,5000,0.4,0.05,rbf,median,anytime,bonferroni,3,2,False,B_BETTER,256,True,False,False,0.00017808395205065608,0.4,0.6796858875495522,True,True,True,False
88db9b011f436d9204a9,representation,representation_disagreement,435,3798857332,16,5000,0.4,0.05,rbf,median,anytime,bonferroni,3,2,False,B_BETTER,256,True,False,False,0.00017616600962355733,0.4,0.6796858875495522,True,True,True,False
aeb98c579fb74cf1baec,representation,representation_disagreement,436,1791373539,16,5000,0.4,0.05,rbf,median,anytime,bonferroni,3,2,False,B_BETTER,256,True,False,False,0.00017845799447968602,0.4,0.6796858875495522,True,True,True,False
93bd6a113c506f252bf0,representation,representation_disagreement,437,2795867011,16,5000,0.4,0.05,rbf,median,anytime,bonferroni,3,2,False,B_BETTER,256,True,False,False,0.00017495796782895923,0.4,0.6796858875495522,True,True,True,False
79cb0ee2eb598728c0d0,representation,representation_disagreement,438,3369754034,16,5000,0.4,0.05,rbf,median,anytime,bonferroni,3,2,False,B_BETTER,224,True,False,False,0.00017504201969131827,0.4,0.7200353639175696,True,True,True,False
b7564f1833a9d7b9509e,representation,representation_disagreement,439,2030924220,16,5000,0.4,0.05,rbf,median,anytime,bonferroni,3,2,False,B_BETTER,240,True,False,False,0.00017541699344292283,0.4,0.6989114228795754,True,True,True,False
8b9c0d6340890855610e,representation,representation_disagreement,440,1890335815,16,5000,0.4,0.05,rbf,median,anytime,bonferroni,3,2,False,B_BETTER,256,True,False,False,0.00018095900304615498,0.4,0.6796858875495522,True,True,True,False
c26fb27a11c88487985f,representation,representation_disagreement,441,1658270894,16,5000,0.4,0.05,rbf,median,anytime,bonferroni,3,2,False,B_BETTER,304,True,False,False,0.000177707988768816,0.4,0.6309186896508341,True,True,True,False
db433e4e5441fb751e45,representation,representation_disagreement,442,3378377205,16,5000,0.4,0.05,rbf,median,anytime,bonferroni,3,2,False,B_BETTER,224,True,False,False,0.00017424998804926872,0.4,0.7200353639175696,True,True,True,False
6f589b5c83beffb30a0f,representation,representation_disagreement,443,361227592,16,5000,0.4,0.05,rbf,median,anytime,bonferroni,3,2,False,B_BETTER,256,True,False,False,0.0001752499956637621,0.4,0.6796858875495522,True,True,True,False
dfbb61dac1a33bd94160,representation,representation_disagreement,444,4193391171,16,5000,0.4,0.05,rbf,median,anytime,bonferroni,3,2,False,B_BETTER,272,True,False,False,0.0001796659780666232,0.4,0.6620856821127257,True,True,True,False
65438d9b3d572f91ffc0,representation,representation_disagreement,445,1157198619,16,5000,0.4,0.05,rbf,median,anytime,bonferroni,3,2,False,B_BETTER,256,True,False,False,0.00017625000327825546,0.4,0.6796858875495522,True,True,True,False
c87ff6f333dad4a27f65,representation,representation_disagreement,446,2536222731,16,5000,0.4,0.05,rbf,median,anytime,bonferroni,3,2,False,B_BETTER,208,True,False,False,0.0001742080203257501,0.4,0.7434004973451923,True,True,True,False
76e0c1dc2a9b98477fa4,representation,representation_disagreement,447,3391604012,16,5000,0.4,0.05,rbf,median,anytime,bonferroni,3,2,False,B_BETTER,288,True,False,False,0.0001754160039126873,0.4,0.6458901399180805,True,True,True,False
1d776c89f99a85d20f48,representation,representation_disagreement,448,2747341820,16,5000,0.4,0.05,rbf,median,anytime,bonferroni,3,2,False,B_BETTER,192,True,False,False,0.0001770000089891255,0.4,0.7694441991638782,True,True,True,False
bb525e37cda88836727f,representation,representation_disagreement,449,4236182381,16,5000,0.4,0.05,rbf,median,anytime,bonferroni,3,2,False,B_BETTER,208,True,False,False,0.00017362501239404082,0.4,0.7434004973451922,True,True,True,False
0af24a9cec7b0f27342c,representation,representation_disagreement,450,1292377582,16,5000,0.4,0.05,rbf,median,anytime,bonferroni,3,2,False,B_BETTER,256,True,False,False,0.00017554202349856496,0.4,0.6796858875495522,True,True,True,False
f4319aa5d0680f92ec71,representation,representation_disagreement,451,2551420071,16,5000,0.4,0.05,rbf,median,anytime,bonferroni,3,2,False,B_BETTER,240,True,False,False,0.00017541699344292283,0.4,0.6989114228795754,True,True,True,False
735f5abe395f72bcb778,representation,representation_disagreement,452,874074792,16,5000,0.4,0.05,rbf,median,anytime,bonferroni,3,2,False,B_BETTER,272,True,False,False,0.00018050003563985229,0.4,0.6620856821127259,True,True,True,False
b8b09a84c614e03a625e,representation,representation_disagreement,453,3843827888,16,5000,0.4,0.05,rbf,median,anytime,bonferroni,3,2,False,B_BETTER,256,True,False,False,0.0001752089592628181,0.4,0.6796858875495522,True,True,True,False
a1e277d07bda30e4d69c,representation,representation_disagreement,454,3951260159,16,5000,0.4,0.05,rbf,median,anytime,bonferroni,3,2,False,B_BETTER,288,True,False,False,0.00017741596093401313,0.4,0.6458901399180805,True,True,True,False
08d7fe858ecd4323cd76,representation,representation_disagreement,455,1079543438,16,5000,0.4,0.05,rbf,median,anytime,bonferroni,3,2,False,B_BETTER,240,True,False,False,0.0001746669877320528,0.4,0.6989114228795754,True,True,True,False
c3054957fe7b7a3c7646,representation,representation_disagreement,456,1358114212,16,5000,0.4,0.05,rbf,median,anytime,bonferroni,3,2,False,B_BETTER,288,True,False,False,0.0001789169618859887,0.4,0.6458901399180805,True,True,True,False
c7ff2b0ff09a073e3333,representation,representation_disagreement,457,1088513277,16,5000,0.4,0.05,rbf,median,anytime,bonferroni,3,2,False,B_BETTER,288,True,False,False,0.00017704203492030501,0.4,0.6458901399180805,True,True,True,False
5bd159d88e952e7c21de,representation,representation_disagreement,458,395384218,16,5000,0.4,0.05,rbf,median,anytime,bonferroni,3,2,False,B_BETTER,320,True,False,False,0.00017858296632766724,0.4,0.6170219115444305,True,True,True,False
09fdeb2e8e186d26b729,representation,representation_disagreement,459,3918764571,16,5000,0.4,0.05,rbf,median,anytime,bonferroni,3,2,False,B_BETTER,240,True,False,False,0.0001840420300140977,0.4,0.6989114228795754,True,True,True,False
ba785a6880e41b5d1a19,representation,representation_disagreement,460,2087926633,16,5000,0.4,0.05,rbf,median,anytime,bonferroni,3,2,False,B_BETTER,224,True,False,False,0.0002067500026896596,0.4,0.7200353639175696,True,True,True,False
c9e5b9a75ce04e0726d3,representation,representation_disagreement,461,2537771255,16,5000,0.4,0.05,rbf,median,anytime,bonferroni,3,2,False,B_BETTER,256,True,False,False,0.00020466698333621025,0.4,0.6796858875495522,True,True,True,False
49ed1d956caf29d85538,representation,representation_disagreement,462,1314715867,16,5000,0.4,0.05,rbf,median,anytime,bonferroni,3,2,False,B_BETTER,256,True,False,False,0.00020374997984617949,0.4,0.6796858875495522,True,True,True,False
b7d67b66c9d597e773c9,representation,representation_disagreement,463,3314340806,16,5000,0.4,0.05,rbf,median,anytime,bonferroni,3,2,False,B_BETTER,240,True,False,False,0.0002049999893642962,0.4,0.6989114228795754,True,True,True,False
d041f5100c4026d0abe0,representation,representation_disagreement,464,1465154822,16,5000,0.4,0.05,rbf,median,anytime,bonferroni,3,2,False,B_BETTER,256,True,False,False,0.0002072919742204249,0.4,0.6796858875495522,True,True,True,False
d38841adae0c4def9c16,representation,representation_disagreement,465,1285296655,16,5000,0.4,0.05,rbf,median,anytime,bonferroni,3,2,False,B_BETTER,240,True,False,False,0.00020170799689367414,0.4,0.6989114228795754,True,True,True,False
c32e4bf4047de406a990,representation,representation_disagreement,466,3979962769,16,5000,0.4,0.05,rbf,median,anytime,bonferroni,3,2,False,B_BETTER,256,True,False,False,0.00020391697762534022,0.4,0.6796858875495522,True,True,True,False
96a58a584b3426dfab94,representation,representation_disagreement,467,1470719390,16,5000,0.4,0.05,rbf,median,anytime,bonferroni,3,2,False,B_BETTER,240,True,False,False,0.0002032499760389328,0.4,0.6989114228795754,True,True,True,False
2216c1e0e8d2815dd5c3,representation,representation_disagreement,468,155755528,16,5000,0.4,0.05,rbf,median,anytime,bonferroni,3,2,False,B_BETTER,224,True,False,False,0.00020516698714345694,0.4,0.7200353639175696,True,True,True,False
fa3d111b72110cb24f2f,representation,representation_disagreement,469,3375978005,16,5000,0.4,0.05,rbf,median,anytime,bonferroni,3,2,False,B_BETTER,256,True,False,False,0.00020350003615021706,0.4,0.6796858875495522,True,True,True,False
48f0fa7f5d94cf3896a4,representation,representation_disagreement,470,1516416497,16,5000,0.4,0.05,rbf,median,anytime,bonferroni,3,2,False,B_BETTER,272,True,False,False,0.0002042920095846057,0.4,0.6620856821127258,True,True,True,False
fe2fc9179c1fba22f4af,representation,representation_disagreement,471,2291989170,16,5000,0.4,0.05,rbf,median,anytime,bonferroni,3,2,False,B_BETTER,256,True,False,False,0.00020308303646743298,0.4,0.6796858875495522,True,True,True,False
cc47230f51f54181ff55,representation,representation_disagreement,472,1349212815,16,5000,0.4,0.05,rbf,median,anytime,bonferroni,3,2,False,B_BETTER,272,True,False,False,0.0002085419837385416,0.4,0.6620856821127258,True,True,True,False
d46ccb3d4a5717a5e2e8,representation,representation_disagreement,473,3336023334,16,5000,0.4,0.05,rbf,median,anytime,bonferroni,3,2,False,B_BETTER,224,True,False,False,0.0002030839677900076,0.4,0.7200353639175696,True,True,True,False
b19fb35e9ce9826549a6,representation,representation_disagreement,474,2176669177,16,5000,0.4,0.05,rbf,median,anytime,bonferroni,3,2,False,B_BETTER,224,True,False,False,0.00020245800260454416,0.4,0.7200353639175696,True,True,True,False
d229cac9825483da51d6,representation,representation_disagreement,475,3991042868,16,5000,0.4,0.05,rbf,median,anytime,bonferroni,3,2,False,B_BETTER,272,True,False,False,0.00020466698333621025,0.4,0.6620856821127257,True,True,True,False
8977b0c7e8803f939749,representation,representation_disagreement,476,1224681920,16,5000,0.4,0.05,rbf,median,anytime,bonferroni,3,2,False,B_BETTER,240,True,False,False,0.00020758301252499223,0.4,0.6989114228795754,True,True,True,False
1ee4e1b0bfe15bd9fb6b,representation,representation_disagreement,477,1555690346,16,5000,0.4,0.05,rbf,median,anytime,bonferroni,3,2,False,B_BETTER,256,True,False,False,0.000203792005777359,0.4,0.6796858875495522,True,True,True,False
edc5bf0375ad3a892c02,representation,representation_disagreement,478,4125566517,16,5000,0.4,0.05,rbf,median,anytime,bonferroni,3,2,False,B_BETTER,256,True,False,False,0.0002055000513792038,0.4,0.6796858875495522,True,True,True,False
14c729dcbfdf3fbf3036,representation,representation_disagreement,479,3074456568,16,5000,0.4,0.05,rbf,median,anytime,bonferroni,3,2,False,B_BETTER,224,True,False,False,0.00020162499276921153,0.4,0.7200353639175696,True,True,True,False
e94e4ed24288e4f08b0b,representation,representation_disagreement,480,10185668,16,5000,0.4,0.05,rbf,median,anytime,bonferroni,3,2,False,B_BETTER,224,True,False,False,0.0002057909732684493,0.4,0.7200353639175696,True,True,True,False
e8bc148b21254804b6a1,representation,representation_disagreement,481,3774150676,16,5000,0.4,0.05,rbf,median,anytime,bonferroni,3,2,False,B_BETTER,240,True,False,False,0.00020237499848008156,0.4,0.6989114228795754,True,True,True,False
64aeffa25eda2222c6ec,representation,representation_disagreement,482,627983675,16,5000,0.4,0.05,rbf,median,anytime,bonferroni,3,2,False,B_BETTER,240,True,False,False,0.0002026250003837049,0.4,0.6989114228795754,True,True,True,False
c3716bcd265ffe58d10b,representation,representation_disagreement,483,1779873028,16,5000,0.4,0.05,rbf,median,anytime,bonferroni,3,2,False,B_BETTER,208,True,False,False,0.00020191597286611795,0.4,0.7434004973451923,True,True,True,False
14b43884b8e1bf5d8dfb,representation,representation_disagreement,484,3806078555,16,5000,0.4,0.05,rbf,median,anytime,bonferroni,3,2,False,B_BETTER,272,True,False,False,0.00020929198944941163,0.4,0.6620856821127257,True,True,True,False
5592537cecacafb667bd,representation,representation_disagreement,485,4149717459,16,5000,0.4,0.05,rbf,median,anytime,bonferroni,3,2,False,B_BETTER,240,True,False,False,0.00020287500228732824,0.4,0.6989114228795754,True,True,True,False
7d26059b4087da0a3b86,representation,representation_disagreement,486,2764923469,16,5000,0.4,0.05,rbf,median,anytime,bonferroni,3,2,False,B_BETTER,240,True,False,False,0.00020337500609457493,0.4,0.6989114228795754,True,True,True,False
604445c6b95067ad07a5,representation,representation_disagreement,487,1407122473,16,5000,0.4,0.05,rbf,median,anytime,bonferroni,3,2,False,B_BETTER,288,True,False,False,0.00020479201339185238,0.4,0.6458901399180805,True,True,True,False
30903f7a3518d654a0bb,representation,representation_disagreement,488,4029377254,16,5000,0.4,0.05,rbf,median,anytime,bonferroni,3,2,False,B_BETTER,256,True,False,False,0.00020733400015160441,0.4,0.6796858875495522,True,True,True,False
3bd3fff31a549d614007,representation,representation_disagreement,489,1973165390,16,5000,0.4,0.05,rbf,median,anytime,bonferroni,3,2,False,B_BETTER,256,True,False,False,0.00020399998174980283,0.4,0.6796858875495522,True,True,True,False
cd150862d0396c148f15,representation,representation_disagreement,490,2245292469,16,5000,0.4,0.05,rbf,median,anytime,bonferroni,3,2,False,B_BETTER,256,True,False,False,0.00020370801212266088,0.4,0.6796858875495522,True,True,True,False
47e9436007d837153acb,representation,representation_disagreement,491,3128844015,16,5000,0.4,0.05,rbf,median,anytime,bonferroni,3,2,False,B_BETTER,224,True,False,False,0.00020274997223168612,0.4,0.7200353639175696,True,True,True,False
7f3b65beab338c89e56c,representation,representation_disagreement,492,1080337063,16,5000,0.4,0.05,rbf,median,anytime,bonferroni,3,2,False,B_BETTER,240,True,False,False,0.00020591705106198788,0.4,0.6989114228795754,True,True,True,False
2ff7c2456a4dcf768414,representation,representation_disagreement,493,2313230559,16,5000,0.4,0.05,rbf,median,anytime,bonferroni,3,2,False,B_BETTER,256,True,False,False,0.00020512501941993833,0.4,0.6796858875495522,True,True,True,False
f8e1a23933d3092e7d6e,representation,representation_disagreement,494,156589969,16,5000,0.4,0.05,rbf,median,anytime,bonferroni,3,2,False,B_BETTER,304,True,False,False,0.00020637502893805504,0.4,0.6309186896508341,True,True,True,False
38c8e15f7f007ccbd768,representation,representation_disagreement,495,2199536637,16,5000,0.4,0.05,rbf,median,anytime,bonferroni,3,2,False,B_BETTER,240,True,False,False,0.00020162499276921153,0.4,0.6989114228795754,True,True,True,False
1c0cbdbe8774e727d0e1,representation,representation_disagreement,496,839969825,16,5000,0.4,0.05,rbf,median,anytime,bonferroni,3,2,False,B_BETTER,224,True,False,False,0.00020633300300687551,0.4,0.7200353639175696,True,True,True,False
6a89087c9d56bfacb7f3,representation,representation_disagreement,497,3826248586,16,5000,0.4,0.05,rbf,median,anytime,bonferroni,3,2,False,B_BETTER,256,True,False,False,0.00020354200387373567,0.4,0.6796858875495522,True,True,True,False
39a4282ad2aed10f1f4b,representation,representation_disagreement,498,1830663955,16,5000,0.4,0.05,rbf,median,anytime,bonferroni,3,2,False,B_BETTER,240,True,False,False,0.0002039159880951047,0.4,0.6989114228795754,True,True,True,False
e8bda06edaae460f8cd3,representation,representation_disagreement,499,1478911902,16,5000,0.4,0.05,rbf,median,anytime,bonferroni,3,2,False,B_BETTER,256,True,False,False,0.0002037500380538404,0.4,0.6796858875495522,True,True,True,False
c316f7dd48366a4d8b18,representation,representation_disagreement,500,1352531172,16,5000,0.4,0.05,rbf,median,anytime,bonferroni,3,2,False,B_BETTER,256,True,False,False,0.00031691702315583825,0.4,0.6796858875495522,True,True,True,False
356fde4b35088c146d45,representation,representation_disagreement,501,497418139,16,5000,0.4,0.05,rbf,median,anytime,bonferroni,3,2,False,B_BETTER,272,True,False,False,0.00024691602448001504,0.4,0.6620856821127258,True,True,True,False
3e36800b00514833a14a,representation,representation_disagreement,502,2654893192,16,5000,0.4,0.05,rbf,median,anytime,bonferroni,3,2,False,B_BETTER,224,True,False,False,0.00024029199266806245,0.4,0.7200353639175696,True,True,True,False
60754e7c236dd86f5773,representation,representation_disagreement,503,231304765,16,5000,0.4,0.05,rbf,median,anytime,bonferroni,3,2,False,B_BETTER,240,True,False,False,0.00023962499108165503,0.4,0.6989114228795754,True,True,True,False
b95b71e1a1b82053cf45,representation,representation_disagreement,504,734747201,16,5000,0.4,0.05,rbf,median,anytime,bonferroni,3,2,False,B_BETTER,224,True,False,False,0.0002395829651504755,0.4,0.7200353639175696,True,True,True,False
4eb846b85825d4a13c82,representation,representation_disagreement,505,1519710027,16,5000,0.4,0.05,rbf,median,anytime,bonferroni,3,2,False,B_BETTER,192,True,False,False,0.00024199998006224632,0.4,0.7694441991638783,True,True,True,False
18281abcb6fb4fa54322,representation,representation_disagreement,506,1850262223,16,5000,0.4,0.05,rbf,median,anytime,bonferroni,3,2,False,B_BETTER,256,True,False,False,0.00023975002113729715,0.4,0.6796858875495522,True,True,True,False
80c9a42280304a6db048,representation,representation_disagreement,507,3126697781,16,5000,0.4,0.05,rbf,median,anytime,bonferroni,3,2,False,B_BETTER,256,True,False,False,0.0002395000192336738,0.4,0.6796858875495522,True,True,True,False
0eb6b75c9d96545301c3,representation,representation_disagreement,508,316485487,16,5000,0.4,0.05,rbf,median,anytime,bonferroni,3,2,False,B_BETTER,256,True,False,False,0.00024004100123420358,0.4,0.6796858875495522,True,True,True,False
c33e292d505750fb2d54,representation,representation_disagreement,509,4072959101,16,5000,0.4,0.05,rbf,median,anytime,bonferroni,3,2,False,B_BETTER,240,True,False,False,0.00023875001352280378,0.4,0.6989114228795754,True,True,True,False
2d13e1701eef0f56b48b,representation,representation_disagreement,510,3471347245,16,5000,0.4,0.05,rbf,median,anytime,bonferroni,3,2,False,B_BETTER,272,True,False,False,0.00024120899615809321,0.4,0.6620856821127258,True,True,True,False
2dd6c7ae2f7f6c1ee7f5,representation,representation_disagreement,511,245648753,16,5000,0.4,0.05,rbf,median,anytime,bonferroni,3,2,False,B_BETTER,352,True,False,False,0.00024374999338760972,0.4,0.5919724096504786,True,True,True,False
f2f2a8136ce992f693d1,representation,representation_disagreement,512,3086850934,16,5000,0.4,0.05,rbf,median,anytime,bonferroni,3,2,False,B_BETTER,272,True,False,False,0.00024924997705966234,0.4,0.6620856821127258,True,True,True,False
fb826112b7a16de3c0a4,representation,representation_disagreement,513,3914200097,16,5000,0.4,0.05,rbf,median,anytime,bonferroni,3,2,False,B_BETTER,256,True,False,False,0.00023858301574364305,0.4,0.6796858875495522,True,True,True,False
0db3ec45cca3986d6730,representation,representation_disagreement,514,2576179186,16,5000,0.4,0.05,rbf,median,anytime,bonferroni,3,2,False,B_BETTER,256,True,False,False,0.00024100003065541387,0.4,0.6796858875495522,True,True,True,False
470e3a1c2d8aa9e2827a,representation,representation_disagreement,515,2695421994,16,5000,0.4,0.05,rbf,median,anytime,bonferroni,3,2,False,B_BETTER,272,True,False,False,0.00024029199266806245,0.4,0.6620856821127258,True,True,True,False
8aef13e9dd7ce6d87a41,representation,representation_disagreement,516,3575663473,16,5000,0.4,0.05,rbf,median,anytime,bonferroni,3,2,False,B_BETTER,240,True,False,False,0.0002382500097155571,0.4,0.6989114228795754,True,True,True,False
1bcaea34927eb128608d,representation,representation_disagreement,517,449820248,16,5000,0.4,0.05,rbf,median,anytime,bonferroni,3,2,False,B_BETTER,288,True,False,False,0.00024279201170429587,0.4,0.6458901399180805,True,True,True,False
4d84e90ec07ca4f425fb,representation,representation_disagreement,518,708036446,16,5000,0.4,0.05,rbf,median,anytime,bonferroni,3,2,False,B_BETTER,208,True,False,False,0.00023804197553545237,0.4,0.7434004973451923,True,True,True,False
e1c68e20eab552c04464,representation,representation_disagreement,519,776574717,16,5000,0.4,0.05,rbf,median,anytime,bonferroni,3,2,False,B_BETTER,256,True,False,False,0.00023820798378437757,0.4,0.6796858875495522,True,True,True,False
44b2216a93d46dba7000,representation,representation_disagreement,520,597859761,16,5000,0.4,0.05,rbf,median,anytime,bonferroni,3,2,False,B_BETTER,224,True,False,False,0.00023691699607297778,0.4,0.7200353639175696,True,True,True,False
2bb529be67a51ea938af,representation,representation_disagreement,521,4166420303,16,5000,0.4,0.05,rbf,median,anytime,bonferroni,3,2,False,B_BETTER,240,True,False,False,0.00023770902771502733,0.4,0.6989114228795754,True,True,True,False
292d6bf3322bfe283222,representation,representation_disagreement,522,4143767187,16,5000,0.4,0.05,rbf,median,anytime,bonferroni,3,2,False,B_BETTER,256,True,False,False,0.00024866696912795305,0.4,0.6796858875495522,True,True,True,False
4e9a6db890fe47699f45,representation,representation_disagreement,523,1702162974,16,5000,0.4,0.05,rbf,median,anytime,bonferroni,3,2,False,B_BETTER,256,True,False,False,0.0002727910177782178,0.4,0.6796858875495522,True,True,True,False
67777f60e0fffb6d9133,representation,representation_disagreement,524,1952634124,16,5000,0.4,0.05,rbf,median,anytime,bonferroni,3,2,False,B_BETTER,304,True,False,False,0.00027383299311622977,0.4,0.6309186896508341,True,True,True,False
f5f91ec07e9eb3702fa5,representation,representation_disagreement,525,3774295738,16,5000,0.4,0.05,rbf,median,anytime,bonferroni,3,2,False,B_BETTER,272,True,False,False,0.00026008300483226776,0.4,0.6620856821127259,True,True,True,False
4b2744d71a9ea5bdf0bc,representation,representation_disagreement,526,1633260905,16,5000,0.4,0.05,rbf,median,anytime,bonferroni,3,2,False,B_BETTER,288,True,False,False,0.00026041700039058924,0.4,0.6458901399180805,True,True,True,False
2ed51c943b2efaa05edb,representation,representation_disagreement,527,1327689064,16,5000,0.4,0.05,rbf,median,anytime,bonferroni,3,2,False,B_BETTER,256,True,False,False,0.000319541955832392,0.4,0.6796858875495522,True,True,True,False
2adc339a6596de3a1c0a,representation,representation_disagreement,528,2199306919,16,5000,0.4,0.05,rbf,median,anytime,bonferroni,3,2,False,B_BETTER,256,True,False,False,0.00026466697454452515,0.4,0.6796858875495522,True,True,True,False
0ea51de8d5d6cb4d75b2,representation,representation_disagreement,529,3152240502,16,5000,0.4,0.05,rbf,median,anytime,bonferroni,3,2,False,B_BETTER,240,True,False,False,0.00028745800955221057,0.4,0.6989114228795754,True,True,True,False
10def3fcae380dc1a593,representation,representation_disagreement,530,295857189,16,5000,0.4,0.05,rbf,median,anytime,bonferroni,3,2,False,B_BETTER,224,True,False,False,0.00022658298257738352,0.4,0.7200353639175696,True,True,True,False
24ed2788726855a455ed,representation,representation_disagreement,531,2120764992,16,5000,0.4,0.05,rbf,median,anytime,bonferroni,3,2,False,B_BETTER,256,True,False,False,0.00021408300381153822,0.4,0.6796858875495522,True,True,True,False
c5f334eef529bbbf67e4,representation,representation_disagreement,532,3549125737,16,5000,0.4,0.05,rbf,median,anytime,bonferroni,3,2,False,B_BETTER,224,True,False,False,0.0002085419837385416,0.4,0.7200353639175696,True,True,True,False
299d039e5e03582eed46,representation,representation_disagreement,533,3698227386,16,5000,0.4,0.05,rbf,median,anytime,bonferroni,3,2,False,B_BETTER,256,True,False,False,0.00020762498024851084,0.4,0.6796858875495522,True,True,True,False
7098f3cc771afffd9dac,representation,representation_disagreement,534,929079113,16,5000,0.4,0.05,rbf,median,anytime,bonferroni,3,2,False,B_BETTER,288,True,False,False,0.0002096670214086771,0.4,0.6458901399180805,True,True,True,False
7d49a126768329fbd9e8,representation,representation_disagreement,535,1043113367,16,5000,0.4,0.05,rbf,median,anytime,bonferroni,3,2,False,B_BETTER,272,True,False,False,0.0002078340039588511,0.4,0.6620856821127258,True,True,True,False
6a1f2ff5120fa105b0d9,representation,representation_disagreement,536,2957298146,16,5000,0.4,0.05,rbf,median,anytime,bonferroni,3,2,False,B_BETTER,240,True,False,False,0.00020570895867422223,0.4,0.6989114228795754,True,True,True,False
6b8a4f36e96c77810a85,representation,representation_disagreement,537,1749920348,16,5000,0.4,0.05,rbf,median,anytime,bonferroni,3,2,False,B_BETTER,272,True,False,False,0.00020700000459328294,0.4,0.6620856821127257,True,True,True,False
439e35ced0b11db41385,representation,representation_disagreement,538,2949138463,16,5000,0.4,0.05,rbf,median,anytime,bonferroni,3,2,False,B_BETTER,272,True,False,False,0.00020933302585035563,0.4,0.6620856821127259,True,True,True,False
287fe3e6d0b6466722ba,representation,representation_disagreement,539,3509537370,16,5000,0.4,0.05,rbf,median,anytime,bonferroni,3,2,False,B_BETTER,240,True,False,False,0.000206290977075696,0.4,0.6989114228795754,True,True,True,False
3dd4c3a45c900abb93f9,representation,representation_disagreement,540,2890131118,16,5000,0.4,0.05,rbf,median,anytime,bonferroni,3,2,False,B_BETTER,256,True,False,False,0.00020712497644126415,0.4,0.6796858875495522,True,True,True,False
9ca26df7ea778a659ad8,representation,representation_disagreement,541,3427046257,16,5000,0.4,0.05,rbf,median,anytime,bonferroni,3,2,False,B_BETTER,320,True,False,False,0.00020833296002820134,0.4,0.6170219115444306,True,True,True,False
a5aa0ca3b22cbc057eea,representation,representation_disagreement,542,4214656418,16,5000,0.4,0.05,rbf,median,anytime,bonferroni,3,2,False,B_BETTER,240,True,False,False,0.00020524999126791954,0.4,0.6989114228795754,True,True,True,False
cd941639c61dcba63a55,representation,representation_disagreement,543,4193611274,16,5000,0.4,0.05,rbf,median,anytime,bonferroni,3,2,False,B_BETTER,224,True,False,False,0.00019591697491705418,0.4,0.7200353639175696,True,True,True,False
10ffefc95a6c275e5c4a,representation,representation_disagreement,544,2588168541,16,5000,0.4,0.05,rbf,median,anytime,bonferroni,3,2,False,B_BETTER,288,True,False,False,0.00017929100431501865,0.4,0.6458901399180805,True,True,True,False
86d592d6f4145d951895,representation,representation_disagreement,545,1963601455,16,5000,0.4,0.05,rbf,median,anytime,bonferroni,3,2,False,B_BETTER,240,True,False,False,0.00017720903269946575,0.4,0.6989114228795754,True,True,True,False
7d8dd63a7871c57ef458,representation,representation_disagreement,546,4105637558,16,5000,0.4,0.05,rbf,median,anytime,bonferroni,3,2,False,B_BETTER,208,True,False,False,0.00017562496941536665,0.4,0.7434004973451923,True,True,True,False
ed3a75a14dbc964669b4,representation,representation_disagreement,547,3782046068,16,5000,0.4,0.05,rbf,median,anytime,bonferroni,3,2,False,B_BETTER,256,True,False,False,0.00017845799447968602,0.4,0.6796858875495522,True,True,True,False
5585b0aac4c96280c263,representation,representation_disagreement,548,708619018,16,5000,0.4,0.05,rbf,median,anytime,bonferroni,3,2,False,B_BETTER,224,True,False,False,0.00017662503523752093,0.4,0.7200353639175696,True,True,True,False
e1544d9949d725eadbfd,representation,representation_disagreement,549,2547287585,16,5000,0.4,0.05,rbf,median,anytime,bonferroni,3,2,False,B_BETTER,208,True,False,False,0.00017579103587195277,0.4,0.7434004973451924,True,True,True,False
fd8b7d8a4eaa905b10e8,representation,representation_disagreement,550,2445161707,16,5000,0.4,0.05,rbf,median,anytime,bonferroni,3,2,False,B_BETTER,240,True,False,False,0.0001770000089891255,0.4,0.6989114228795754,True,True,True,False
2a71f0880e02b20ece30,representation,representation_disagreement,551,543419753,16,5000,0.4,0.05,rbf,median,anytime,bonferroni,3,2,False,B_BETTER,240,True,False,False,0.00017733400454744697,0.4,0.6989114228795754,True,True,True,False
6b3e1167d6bc3ec7ac6f,representation,representation_disagreement,552,3233300140,16,5000,0.4,0.05,rbf,median,anytime,bonferroni,3,2,False,B_BETTER,256,True,False,False,0.00017683295300230384,0.4,0.6796858875495522,True,True,True,False
891b91d1da5cdf63b17d,representation,representation_disagreement,553,3611282299,16,5000,0.4,0.05,rbf,median,anytime,bonferroni,3,2,False,B_BETTER,240,True,False,False,0.000175916007719934,0.4,0.6989114228795754,True,True,True,False
3af9ab9d34e3d3a6af70,representation,representation_disagreement,554,92005516,16,5000,0.4,0.05,rbf,median,anytime,bonferroni,3,2,False,B_BETTER,256,True,False,False,0.00017750001279637218,0.4,0.6796858875495522,True,True,True,False
68dade61e250e92d6790,representation,representation_disagreement,555,153672017,16,5000,0.4,0.05,rbf,median,anytime,bonferroni,3,2,False,B_BETTER,240,True,False,False,0.00017675000708550215,0.4,0.6989114228795754,True,True,True,False
39436767da9168e9a8c1,representation,representation_disagreement,556,3241652903,16,5000,0.4,0.05,rbf,median,anytime,bonferroni,3,2,False,B_BETTER,192,True,False,False,0.00017512496560811996,0.4,0.7694441991638782,True,True,True,False
d2e27574ce0cf6d445a8,representation,representation_disagreement,557,3034631083,16,5000,0.4,0.05,rbf,median,anytime,bonferroni,3,2,False,B_BETTER,288,True,False,False,0.00017862499225884676,0.4,0.6458901399180805,True,True,True,False
348193699d09f4e4a07a,representation,representation_disagreement,558,3307451786,16,5000,0.4,0.05,rbf,median,anytime,bonferroni,3,2,False,B_BETTER,224,True,False,False,0.00017629197100177407,0.4,0.7200353639175696,True,True,True,False
59e25db2ca7cff5e2057,representation,representation_disagreement,559,3952910319,16,5000,0.4,0.05,rbf,median,anytime,bonferroni,3,2,False,B_BETTER,240,True,False,False,0.00017741700867190957,0.4,0.6989114228795754,True,True,True,False
71a077a554813242bb06,representation,representation_disagreement,560,1250680015,16,5000,0.4,0.05,rbf,median,anytime,bonferroni,3,2,False,B_BETTER,272,True,False,False,0.00017791701247915626,0.4,0.6620856821127258,True,True,True,False
6681872cff42dc4e1ed9,representation,representation_disagreement,561,757649050,16,5000,0.4,0.05,rbf,median,anytime,bonferroni,3,2,False,B_BETTER,256,True,False,False,0.00017708400264382362,0.4,0.6796858875495522,True,True,True,False
c3cbb30f424bbda77909,representation,representation_disagreement,562,3846939961,16,5000,0.4,0.05,rbf,median,anytime,bonferroni,3,2,False,B_BETTER,304,True,False,False,0.0001789160305634141,0.4,0.6309186896508341,True,True,True,False
56087aea00bb0002ddf4,representation,representation_disagreement,563,3184057736,16,5000,0.4,0.05,rbf,median,anytime,bonferroni,3,2,False,B_BETTER,208,True,False,False,0.00017454096814617515,0.4,0.7434004973451923,True,True,True,False
5bee5ec8adb6c83ed9ea,representation,representation_disagreement,564,3273806165,16,5000,0.4,0.05,rbf,median,anytime,bonferroni,3,2,False,B_BETTER,240,True,False,False,0.00017662503523752093,0.4,0.6989114228795754,True,True,True,False
312354140ec5595eecae,representation,representation_disagreement,565,2108693934,16,5000,0.4,0.05,rbf,median,anytime,bonferroni,3,2,False,B_BETTER,272,True,False,False,0.00017795898020267487,0.4,0.6620856821127258,True,True,True,False
0929196f21e9cca3f59f,representation,representation_disagreement,566,36921119,16,5000,0.4,0.05,rbf,median,anytime,bonferroni,3,2,False,B_BETTER,272,True,False,False,0.00017837499035522342,0.4,0.6620856821127257,True,True,True,False
481751569bb0d372cdd8,representation,representation_disagreement,567,1966853931,16,5000,0.4,0.05,rbf,median,anytime,bonferroni,3,2,False,B_BETTER,240,True,False,False,0.0001764170010574162,0.4,0.6989114228795754,True,True,True,False
6bb5c30890e2a6cce04a,representation,representation_disagreement,568,229051612,16,5000,0.4,0.05,rbf,median,anytime,bonferroni,3,2,False,B_BETTER,304,True,False,False,0.00017908302834257483,0.4,0.6309186896508341,True,True,True,False
2b9be74f480c0afd9b1a,representation,representation_disagreement,569,1254059439,16,5000,0.4,0.05,rbf,median,anytime,bonferroni,3,2,False,B_BETTER,272,True,False,False,0.00017925002612173557,0.4,0.6620856821127257,True,True,True,False
85a7adf0b3d107be8dcf,representation,representation_disagreement,570,3941886144,16,5000,0.4,0.05,rbf,median,anytime,bonferroni,3,2,False,B_BETTER,304,True,False,False,0.00017950002802535892,0.4,0.6309186896508341,True,True,True,False
bf7599fee5d818f65c68,representation,representation_disagreement,571,1204125631,16,5000,0.4,0.05,rbf,median,anytime,bonferroni,3,2,False,B_BETTER,176,True,False,False,0.00017424998804926872,0.4,0.7987351700636655,True,True,True,False
a000c4036594ce7f6487,representation,representation_disagreement,572,199419114,16,5000,0.4,0.05,rbf,median,anytime,bonferroni,3,2,False,B_BETTER,240,True,False,False,0.0001757919671945274,0.4,0.6989114228795754,True,True,True,False
c5ba634beefe10a64714,representation,representation_disagreement,573,434439719,16,5000,0.4,0.05,rbf,median,anytime,bonferroni,3,2,False,B_BETTER,240,True,False,False,0.00017716700676828623,0.4,0.6989114228795754,True,True,True,False
f7417e081a7f25bff905,representation,representation_disagreement,574,4219164295,16,5000,0.4,0.05,rbf,median,anytime,bonferroni,3,2,False,B_BETTER,256,True,False,False,0.00017766602104529738,0.4,0.6796858875495522,True,True,True,False
480dfdd5ee4e8079e9a9,representation,representation_disagreement,575,374434677,16,5000,0.4,0.05,rbf,median,anytime,bonferroni,3,2,False,B_BETTER,224,True,False,False,0.00017574999947100878,0.4,0.7200353639175696,True,True,True,False
7049a809b5c8365b2454,representation,representation_disagreement,576,3974743197,16,5000,0.4,0.05,rbf,median,anytime,bonferroni,3,2,False,B_BETTER,240,True,False,False,0.0001765000051818788,0.4,0.6989114228795754,True,True,True,False
7152f80e72e8b977661a,representation,representation_disagreement,577,721595421,16,5000,0.4,0.05,rbf,median,anytime,bonferroni,3,2,False,B_BETTER,256,True,False,False,0.00017691700486466289,0.4,0.6796858875495522,True,True,True,False
48e7239aace8804e1bec,representation,representation_disagreement,578,4016945940,16,5000,0.4,0.05,rbf,median,anytime,bonferroni,3,2,False,B_BETTER,240,True,False,False,0.00017866701819002628,0.4,0.6989114228795754,True,True,True,False
0c2b3d7d534c00a8fdfd,representation,representation_disagreement,579,96438431,16,5000,0.4,0.05,rbf,median,anytime,bonferroni,3,2,False,B_BETTER,320,True,False,False,0.00018091697711497545,0.4,0.6170219115444305,True,True,True,False
b7bc1328528654fabffa,representation,representation_disagreement,580,1231584672,16,5000,0.4,0.05,rbf,median,anytime,bonferroni,3,2,False,B_BETTER,256,True,False,False,0.00017729098908603191,0.4,0.6796858875495522,True,True,True,False
fab2f81998001e16fe8a,representation,representation_disagreement,581,1145933316,16,5000,0.4,0.05,rbf,median,anytime,bonferroni,3,2,False,B_BETTER,304,True,False,False,0.00017904205014929175,0.4,0.6309186896508341,True,True,True,False
2b29b0c000282a7c55a0,representation,representation_disagreement,582,1631855699,16,5000,0.4,0.05,rbf,median,anytime,bonferroni,3,2,False,B_BETTER,288,True,False,False,0.00017804198432713747,0.4,0.6458901399180805,True,True,True,False
93aebbfa11bec67c3eef,representation,representation_disagreement,583,249366250,16,5000,0.4,0.05,rbf,median,anytime,bonferroni,3,2,False,B_BETTER,256,True,False,False,0.0001770419767126441,0.4,0.6796858875495522,True,True,True,False
645c1af24d04ff798129,representation,representation_disagreement,584,940970530,16,5000,0.4,0.05,rbf,median,anytime,bonferroni,3,2,False,B_BETTER,224,True,False,False,0.00017654197290539742,0.4,0.7200353639175696,True,True,True,False
a90ce749dd409c80d531,representation,representation_disagreement,585,3936603554,16,5000,0.4,0.05,rbf,median,anytime,bonferroni,3,2,False,B_BETTER,272,True,False,False,0.00017816695617511868,0.4,0.6620856821127258,True,True,True,False
9643effdaa159d37fa8a,representation,representation_disagreement,586,2557842454,16,5000,0.4,0.05,rbf,median,anytime,bonferroni,3,2,False,B_BETTER,304,True,False,False,0.00017866597045212984,0.4,0.6309186896508341,True,True,True,False
ca5edf9cc26ac4542730,representation,representation_disagreement,587,3269642542,16,5000,0.4,0.05,rbf,median,anytime,bonferroni,3,2,False,B_BETTER,224,True,False,False,0.00017683301120996475,0.4,0.7200353639175696,True,True,True,False
8ca5f6a946fbf726a79e,representation,representation_disagreement,588,1832615325,16,5000,0.4,0.05,rbf,median,anytime,bonferroni,3,2,False,B_BETTER,288,True,False,False,0.00017808395205065608,0.4,0.6458901399180805,True,True,True,False
b1a341f9afebae4a2fcc,representation,representation_disagreement,589,3286602594,16,5000,0.4,0.05,rbf,median,anytime,bonferroni,3,2,False,B_BETTER,288,True,False,False,0.00017708400264382362,0.4,0.6458901399180805,True,True,True,False
ddbed71ae6bd1a19b707,representation,representation_disagreement,590,3410217609,16,5000,0.4,0.05,rbf,median,anytime,bonferroni,3,2,False,B_BETTER,192,True,False,False,0.00017504201969131827,0.4,0.7694441991638782,True,True,True,False
616693359b56a5f73cd3,representation,representation_disagreement,591,2359613719,16,5000,0.4,0.05,rbf,median,anytime,bonferroni,3,2,False,B_BETTER,240,True,False,False,0.00017600000137463212,0.4,0.6989114228795754,True,True,True,False
7eb1e9dcc8439a6d197f,representation,representation_disagreement,592,175037774,16,5000,0.4,0.05,rbf,median,anytime,bonferroni,3,2,False,B_BETTER,288,True,False,False,0.00017795799067243934,0.4,0.6458901399180805,True,True,True,False
142988f65001a75a8b20,representation,representation_disagreement,593,943941056,16,5000,0.4,0.05,rbf,median,anytime,bonferroni,3,2,False,B_BETTER,240,True,False,False,0.00017775001469999552,0.4,0.6989114228795754,True,True,True,False
ea48f728debc2d3ee603,representation,representation_disagreement,594,2031060963,16,5000,0.4,0.05,rbf,median,anytime,bonferroni,3,2,False,B_BETTER,240,True,False,False,0.00017770897829905152,0.4,0.6989114228795754,True,True,True,False
867c9ed42f3e8d21acd8,representation,representation_disagreement,595,2735203935,16,5000,0.4,0.05,rbf,median,anytime,bonferroni,3,2,False,B_BETTER,240,True,False,False,0.00017670798115432262,0.4,0.6989114228795754,True,True,True,False
6d67bc11ac79ac1d232b,representation,representation_disagreement,596,2430861574,16,5000,0.4,0.05,rbf,median,anytime,bonferroni,3,2,False,B_BETTER,240,True,False,False,0.00017737498274073005,0.4,0.6989114228795754,True,True,True,False
db42f43bca9e315cfd1f,representation,representation_disagreement,597,2397662396,16,5000,0.4,0.05,rbf,median,anytime,bonferroni,3,2,False,B_BETTER,224,True,False,False,0.0001765830093063414,0.4,0.7200353639175696,True,True,True,False
86ac838582446577acd6,representation,representation_disagreement,598,3714206077,16,5000,0.4,0.05,rbf,median,anytime,bonferroni,3,2,False,B_BETTER,208,True,False,False,0.00017616600962355733,0.4,0.7434004973451922,True,True,True,False
1df5a66fd5241245a78b,representation,representation_disagreement,599,1323859005,16,5000,0.4,0.05,rbf,median,anytime,bonferroni,3,2,False,B_BETTER,272,True,False,False,0.0001771660172380507,0.4,0.6620856821127258,True,True,True,False
05489ee80737f9ffef6c,representation,representation_disagreement,600,1029444621,16,5000,0.4,0.05,rbf,median,anytime,bonferroni,3,2,False,B_BETTER,240,True,False,False,0.00017549999756738544,0.4,0.6989114228795754,True,True,True,False
9365c972b930f16b9858,representation,representation_disagreement,601,1456105028,16,5000,0.4,0.05,rbf,median,anytime,bonferroni,3,2,False,B_BETTER,208,True,False,False,0.00017637497512623668,0.4,0.7434004973451924,True,True,True,False
d77d52ae68d913db2c81,representation,representation_disagreement,602,3928916414,16,5000,0.4,0.05,rbf,median,anytime,bonferroni,3,2,False,B_BETTER,288,True,False,False,0.00017820799257606268,0.4,0.6458901399180805,True,True,True,False
97fa8595e4bdb3c1db8b,representation,representation_disagreement,603,3698051803,16,5000,0.4,0.05,rbf,median,anytime,bonferroni,3,2,False,B_BETTER,256,True,False,False,0.00018462497973814607,0.4,0.6796858875495522,True,True,True,False
cdc1e0882e6dc9809c87,representation,representation_disagreement,604,1983791267,16,5000,0.4,0.05,rbf,median,anytime,bonferroni,3,2,False,B_BETTER,304,True,False,False,0.00019099999917671084,0.4,0.6309186896508341,True,True,True,False
4a0646b30bb1a183fa13,representation,representation_disagreement,605,1384493133,16,5000,0.4,0.05,rbf,median,anytime,bonferroni,3,2,False,B_BETTER,256,True,False,False,0.00018162501510232687,0.4,0.6796858875495522,True,True,True,False
4fb1006a4fe64a1f6f87,representation,representation_disagreement,606,2911236435,16,5000,0.4,0.05,rbf,median,anytime,bonferroni,3,2,False,B_BETTER,192,True,False,False,0.00017462496180087328,0.4,0.7694441991638782,True,True,True,False
c955c878d61f445fb611,representation,representation_disagreement,607,492641702,16,5000,0.4,0.05,rbf,median,anytime,bonferroni,3,2,False,B_BETTER,240,True,False,False,0.00017729197861626744,0.4,0.6989114228795754,True,True,True,False
4174e62f1ed03c7f764f,representation,representation_disagreement,608,2451042143,16,5000,0.4,0.05,rbf,median,anytime,bonferroni,3,2,False,B_BETTER,208,True,False,False,0.0001745420158840716,0.4,0.7434004973451924,True,True,True,False
2cd44ee3c5f364a07ef7,representation,representation_disagreement,609,2890544597,16,5000,0.4,0.05,rbf,median,anytime,bonferroni,3,2,False,B_BETTER,272,True,False,False,0.0001777909928932786,0.4,0.6620856821127257,True,True,True,False
a34b258b87705ece9f39,representation,representation_disagreement,610,3074745195,16,5000,0.4,0.05,rbf,median,anytime,bonferroni,3,2,False,B_BETTER,256,True,False,False,0.00017708295490592718,0.4,0.6796858875495522,True,True,True,False
421c81599ff483ae588f,representation,representation_disagreement,611,3663507859,16,5000,0.4,0.05,rbf,median,anytime,bonferroni,3,2,False,B_BETTER,256,True,False,False,0.00017741700867190957,0.4,0.6796858875495522,True,True,True,False
05be63f98f9884bbfbb1,representation,representation_disagreement,612,3197013188,16,5000,0.4,0.05,rbf,median,anytime,bonferroni,3,2,False,B_BETTER,240,True,False,False,0.00017679197480902076,0.4,0.6989114228795754,True,True,True,False
98fdcb867d3905a11940,representation,representation_disagreement,613,4147321555,16,5000,0.4,0.05,rbf,median,anytime,bonferroni,3,2,False,B_BETTER,224,True,False,False,0.00017670902889221907,0.4,0.7200353639175696,True,True,True,False
6d7f2d1079ccfba79f57,representation,representation_disagreement,614,4011335857,16,5000,0.4,0.05,rbf,median,anytime,bonferroni,3,2,False,B_BETTER,208,True,False,False,0.0001789579982869327,0.4,0.7434004973451922,True,True,True,False
fcb78d48fac91074c865,representation,representation_disagreement,615,1655950013,16,5000,0.4,0.05,rbf,median,anytime,bonferroni,3,2,False,B_BETTER,208,True,False,False,0.00020224996842443943,0.4,0.7434004973451922,True,True,True,False
07847dae54d18f1a83ad,representation,representation_disagreement,616,3471890727,16,5000,0.4,0.05,rbf,median,anytime,bonferroni,3,2,False,B_BETTER,224,True,False,False,0.00020408298587426543,0.4,0.7200353639175696,True,True,True,False
34fa7cb6907091aa1093,representation,representation_disagreement,617,518199208,16,5000,0.4,0.05,rbf,median,anytime,bonferroni,3,2,False,B_BETTER,240,True,False,False,0.00020350003615021706,0.4,0.6989114228795754,True,True,True,False
e6e4bc6a48788ed41fab,representation,representation_disagreement,618,1305269068,16,5000,0.4,0.05,rbf,median,anytime,bonferroni,3,2,False,B_BETTER,256,True,False,False,0.00020524999126791954,0.4,0.6796858875495522,True,True,True,False
5af5ec0b86b45d308001,representation,representation_disagreement,619,793630371,16,5000,0.4,0.05,rbf,median,anytime,bonferroni,3,2,False,B_BETTER,256,True,False,False,0.00020504201529547572,0.4,0.6796858875495522,True,True,True,False
c3558d09f97297c1a407,representation,representation_disagreement,620,221645226,16,5000,0.4,0.05,rbf,median,anytime,bonferroni,3,2,False,B_BETTER,224,True,False,False,0.00020395900355651975,0.4,0.7200353639175696,True,True,True,False
45e3bbc1ba3f5f53c303,representation,representation_disagreement,621,3720706774,16,5000,0.4,0.05,rbf,median,anytime,bonferroni,3,2,False,B_BETTER,288,True,False,False,0.0002057079691439867,0.4,0.6458901399180805,True,True,True,False
36addc977cf978c2167f,representation,representation_disagreement,622,2900122706,16,5000,0.4,0.05,rbf,median,anytime,bonferroni,3,2,False,B_BETTER,272,True,False,False,0.0002055419608950615,0.4,0.6620856821127258,True,True,True,False
7399717a79759d136517,representation,representation_disagreement,623,158338100,16,5000,0.4,0.05,rbf,median,anytime,bonferroni,3,2,False,B_BETTER,256,True,False,False,0.00020479201339185238,0.4,0.6796858875495522,True,True,True,False
555bba32c9c16b0685fc,representation,representation_disagreement,624,3109719382,16,5000,0.4,0.05,rbf,median,anytime,bonferroni,3,2,False,B_BETTER,256,True,False,False,0.00020591699285432696,0.4,0.6796858875495522,True,True,True,False
0eedcca1a3c1c8dd74c0,representation,representation_disagreement,625,3363475981,16,5000,0.4,0.05,rbf,median,anytime,bonferroni,3,2,False,B_BETTER,256,True,False,False,0.00020308297825977206,0.4,0.6796858875495522,True,True,True,False
6f543887474a65ac5e2c,representation,representation_disagreement,626,733772681,16,5000,0.4,0.05,rbf,median,anytime,bonferroni,3,2,False,B_BETTER,240,True,False,False,0.00020470801973715425,0.4,0.6989114228795754,True,True,True,False
b9b50954a0100ca4e3f3,representation,representation_disagreement,627,4149890727,16,5000,0.4,0.05,rbf,median,anytime,bonferroni,3,2,False,B_BETTER,288,True,False,False,0.00020695797866210341,0.4,0.6458901399180805,True,True,True,False
9ee232970467ff32b3f0,representation,representation_disagreement,628,2466088369,16,5000,0.4,0.05,rbf,median,anytime,bonferroni,3,2,False,B_BETTER,256,True,False,False,0.00021049997303634882,0.4,0.6796858875495522,True,True,True,False
8ba49e801921c04cf718,representation,representation_disagreement,629,980587458,16,5000,0.4,0.05,rbf,median,anytime,bonferroni,3,2,False,B_BETTER,240,True,False,False,0.00020529195899143815,0.4,0.6989114228795754,True,True,True,False
81f68982343a10f6a31d,representation,representation_disagreement,630,3361405403,16,5000,0.4,0.05,rbf,median,anytime,bonferroni,3,2,False,B_BETTER,256,True,False,False,0.00020608300110325217,0.4,0.6796858875495522,True,True,True,False
faefc49da212f44f1318,representation,representation_disagreement,631,3231953204,16,5000,0.4,0.05,rbf,median,anytime,bonferroni,3,2,False,B_BETTER,240,True,False,False,0.00020429102005437016,0.4,0.6989114228795754,True,True,True,False
c26d7f6dbd51806bd9fb,representation,representation_disagreement,632,2954189107,16,5000,0.4,0.05,rbf,median,anytime,bonferroni,3,2,False,B_BETTER,256,True,False,False,0.0002054590149782598,0.4,0.6796858875495522,True,True,True,False
f8a9ea398b0504c2b764,representation,representation_disagreement,633,1837693946,16,5000,0.4,0.05,rbf,median,anytime,bonferroni,3,2,False,B_BETTER,240,True,False,False,0.00020433298777788877,0.4,0.6989114228795754,True,True,True,False
f2a44fc05eb1d3b6a182,representation,representation_disagreement,634,822108290,16,5000,0.4,0.05,rbf,median,anytime,bonferroni,3,2,False,B_BETTER,288,True,False,False,0.0002078340039588511,0.4,0.6458901399180805,True,True,True,False
4582aa721eb1991172dc,representation,representation_disagreement,635,3898006632,16,5000,0.4,0.05,rbf,median,anytime,bonferroni,3,2,False,B_BETTER,288,True,False,False,0.0002080409904010594,0.4,0.6458901399180805,True,True,True,False
be531813fd63c4fd6151,representation,representation_disagreement,636,117327057,16,5000,0.4,0.05,rbf,median,anytime,bonferroni,3,2,False,B_BETTER,288,True,False,False,0.00020758400205522776,0.4,0.6458901399180805,True,True,True,False
76cc17dbf5bcdba645f5,representation,representation_disagreement,637,3242978328,16,5000,0.4,0.05,rbf,median,anytime,bonferroni,3,2,False,B_BETTER,208,True,False,False,0.0002026250003837049,0.4,0.7434004973451924,True,True,True,False
f82aac7b613e37b9c874,representation,representation_disagreement,638,888632761,16,5000,0.4,0.05,rbf,median,anytime,bonferroni,3,2,False,B_BETTER,256,True,False,False,0.0002049169852398336,0.4,0.6796858875495522,True,True,True,False
aa4f646b4035a4fe28eb,representation,representation_disagreement,639,407066922,16,5000,0.4,0.05,rbf,median,anytime,bonferroni,3,2,False,B_BETTER,304,True,False,False,0.00020745897199958563,0.4,0.6309186896508341,True,True,True,False
eeb3387fec9de684cb42,representation,representation_disagreement,640,1928623895,16,5000,0.4,0.05,rbf,median,anytime,bonferroni,3,2,False,B_BETTER,304,True,False,False,0.0002067919704131782,0.4,0.6309186896508341,True,True,True,False
29120b5ebee6025cb6c2,representation,representation_disagreement,641,2952609593,16,5000,0.4,0.05,rbf,median,anytime,bonferroni,3,2,False,B_BETTER,256,True,False,False,0.00020729104289785028,0.4,0.6796858875495522,True,True,True,False
b50c8a53ef03849d8d39,representation,representation_disagreement,642,196241809,16,5000,0.4,0.05,rbf,median,anytime,bonferroni,3,2,False,B_BETTER,240,True,False,False,0.00020479195518419147,0.4,0.6989114228795754,True,True,True,False
7c63933aacb6546f3534,representation,representation_disagreement,643,3974092609,16,5000,0.4,0.05,rbf,median,anytime,bonferroni,3,2,False,B_BETTER,272,True,False,False,0.00020587496692314744,0.4,0.6620856821127258,True,True,True,False
df539de52bcb8cff4b67,representation,representation_disagreement,644,2230177565,16,5000,0.4,0.05,rbf,median,anytime,bonferroni,3,2,False,B_BETTER,208,True,False,False,0.0002036670339293778,0.4,0.7434004973451924,True,True,True,False
0147f92b869d71d734d7,representation,representation_disagreement,645,2944017334,16,5000,0.4,0.05,rbf,median,anytime,bonferroni,3,2,False,B_BETTER,224,True,False,False,0.00020529201719909906,0.4,0.7200353639175696,True,True,True,False
d476bb8507717661a488,representation,representation_disagreement,646,2489301438,16,5000,0.4,0.05,rbf,median,anytime,bonferroni,3,2,False,B_BETTER,256,True,False,False,0.00020545796724036336,0.4,0.6796858875495522,True,True,True,False
908c5420e03e70eb6074,representation,representation_disagreement,647,376607782,16,5000,0.4,0.05,rbf,median,anytime,bonferroni,3,2,False,B_BETTER,272,True,False,False,0.00020775001030415297,0.4,0.6620856821127258,True,True,True,False
d3ee5baa3f1c06eb0826,representation,representation_disagreement,648,662196345,16,5000,0.4,0.05,rbf,median,anytime,bonferroni,3,2,False,B_BETTER,240,True,False,False,0.00020508404122665524,0.4,0.6989114228795754,True,True,True,False
4272ee0f3df315dc490c,representation,representation_disagreement,649,311258644,16,5000,0.4,0.05,rbf,median,anytime,bonferroni,3,2,False,B_BETTER,224,True,False,False,0.00020429102005437016,0.4,0.7200353639175696,True,True,True,False
2ea7d41e5cf8dc556864,representation,representation_disagreement,650,262882259,16,5000,0.4,0.05,rbf,median,anytime,bonferroni,3,2,False,B_BETTER,208,True,False,False,0.00020220800070092082,0.4,0.7434004973451924,True,True,True,False
d43e3a4aabdca5a0562d,representation,representation_disagreement,651,1949751637,16,5000,0.4,0.05,rbf,median,anytime,bonferroni,3,2,False,B_BETTER,336,True,False,False,0.00020841695368289948,0.4,0.60407492330224,True,True,True,False
15990ef74802d357f708,representation,representation_disagreement,652,3774645795,16,5000,0.4,0.05,rbf,median,anytime,bonferroni,3,2,False,B_BETTER,272,True,False,False,0.00020666600903496146,0.4,0.6620856821127258,True,True,True,False
3615d71512c4263bb307,representation,representation_disagreement,653,1551273709,16,5000,0.4,0.05,rbf,median,anytime,bonferroni,3,2,False,B_BETTER,224,True,False,False,0.00020491605391725898,0.4,0.7200353639175696,True,True,True,False
d8ef0943a627e4957150,representation,representation_disagreement,654,4251245185,16,5000,0.4,0.05,rbf,median,anytime,bonferroni,3,2,False,B_BETTER,224,True,False,False,0.00020420801592990756,0.4,0.7200353639175696,True,True,True,False
67cae34b586f0624a704,representation,representation_disagreement,655,125280986,16,5000,0.4,0.05,rbf,median,anytime,bonferroni,3,2,False,B_BETTER,224,True,False,False,0.00020424998365342617,0.4,0.7200353639175696,True,True,True,False
554e52d5e19c3a19872e,representation,representation_disagreement,656,3712816193,16,5000,0.4,0.05,rbf,median,anytime,bonferroni,3,2,False,B_BETTER,272,True,False,False,0.000205625023227185,0.4,0.6620856821127258,True,True,True,False
dd182c610da8c76e6f38,representation,representation_disagreement,657,3115483532,16,5000,0.4,0.05,rbf,median,anytime,bonferroni,3,2,False,B_BETTER,224,True,False,False,0.00020370801212266088,0.4,0.7200353639175696,True,True,True,False
bc2ac87769c9f3f2f274,representation,representation_disagreement,658,2126697638,16,5000,0.4,0.05,rbf,median,anytime,bonferroni,3,2,False,B_BETTER,256,True,False,False,0.00020374997984617949,0.4,0.6796858875495522,True,True,True,False
4bfdd5392724ffefb0ed,representation,representation_disagreement,659,2907351884,16,5000,0.4,0.05,rbf,median,anytime,bonferroni,3,2,False,B_BETTER,256,True,False,False,0.00020608404884114861,0.4,0.6796858875495522,True,True,True,False
abfa7e9dd12467052866,representation,representation_disagreement,660,2058527289,16,5000,0.4,0.05,rbf,median,anytime,bonferroni,3,2,False,B_BETTER,272,True,False,False,0.00020574999507516623,0.4,0.6620856821127258,True,True,True,False
ff2ac6532a44c9e92887,representation,representation_disagreement,661,3474152162,16,5000,0.4,0.05,rbf,median,anytime,bonferroni,3,2,False,B_BETTER,240,True,False,False,0.0002055420191027224,0.4,0.6989114228795754,True,True,True,False
3f28d81a55df2625a50a,representation,representation_disagreement,662,3306826349,16,5000,0.4,0.05,rbf,median,anytime,bonferroni,3,2,False,B_BETTER,240,True,False,False,0.00020520901307463646,0.4,0.6989114228795754,True,True,True,False
e8675d2d8c1e072758c5,representation,representation_disagreement,663,2427046457,16,5000,0.4,0.05,rbf,median,anytime,bonferroni,3,2,False,B_BETTER,240,True,False,False,0.00020399998174980283,0.4,0.6989114228795754,True,True,True,False
c42f6aa86205b44cf207,representation,representation_disagreement,664,1369307378,16,5000,0.4,0.05,rbf,median,anytime,bonferroni,3,2,False,B_BETTER,240,True,False,False,0.00020549999317154288,0.4,0.6989114228795754,True,True,True,False
104eeedcce0949adbd81,representation,representation_disagreement,665,165379381,16,5000,0.4,0.05,rbf,median,anytime,bonferroni,3,2,False,B_BETTER,208,True,False,False,0.00020399998174980283,0.4,0.7434004973451922,True,True,True,False
264e90e8ab9367e00373,representation,representation_disagreement,666,2195167863,16,5000,0.4,0.05,rbf,median,anytime,bonferroni,3,2,False,B_BETTER,288,True,False,False,0.00020645797485485673,0.4,0.6458901399180805,True,True,True,False
c39e1cab65d2b5b97cd1,representation,representation_disagreement,667,1200291886,16,5000,0.4,0.05,rbf,median,anytime,bonferroni,3,2,False,B_BETTER,224,True,False,False,0.00020345801021903753,0.4,0.7200353639175696,True,True,True,False
17ea71550755355c084a,representation,representation_disagreement,668,1573141128,16,5000,0.4,0.05,rbf,median,anytime,bonferroni,3,2,False,B_BETTER,192,True,False,False,0.00020283303456380963,0.4,0.7694441991638782,True,True,True,False
ced761211efc3336f3aa,representation,representation_disagreement,669,1006513706,16,5000,0.4,0.05,rbf,median,anytime,bonferroni,3,2,False,B_BETTER,272,True,False,False,0.00020662503084167838,0.4,0.6620856821127258,True,True,True,False
05ba12b72cb477943758,representation,representation_disagreement,670,2876621308,16,5000,0.4,0.05,rbf,median,anytime,bonferroni,3,2,False,B_BETTER,224,True,False,False,0.0002033329801633954,0.4,0.7200353639175696,True,True,True,False
9d08a09278a34a7118a1,representation,representation_disagreement,671,584610807,16,5000,0.4,0.05,rbf,median,anytime,bonferroni,3,2,False,B_BETTER,224,True,False,False,0.00020479096565395594,0.4,0.7200353639175696,True,True,True,False
4d41009da11c7cde5658,representation,representation_disagreement,672,2164823960,16,5000,0.4,0.05,rbf,median,anytime,bonferroni,3,2,False,B_BETTER,256,True,False,False,0.00020725000649690628,0.4,0.6796858875495522,True,True,True,False
b7c037dd420d0088b19d,representation,representation_disagreement,673,2261309204,16,5000,0.4,0.05,rbf,median,anytime,bonferroni,3,2,False,B_BETTER,256,True,False,False,0.0002062499988824129,0.4,0.6796858875495522,True,True,True,False
42655f41556482da2387,representation,representation_disagreement,674,3327401473,16,5000,0.4,0.05,rbf,median,anytime,bonferroni,3,2,False,B_BETTER,272,True,False,False,0.00020662497263401747,0.4,0.6620856821127257,True,True,True,False
12b4085abc2fe0541c9f,representation,representation_disagreement,675,1080595785,16,5000,0.4,0.05,rbf,median,anytime,bonferroni,3,2,False,B_BETTER,288,True,False,False,0.00020700000459328294,0.4,0.6458901399180805,True,True,True,False
71b9fe5c24eaff0bc174,representation,representation_disagreement,676,2956010012,16,5000,0.4,0.05,rbf,median,anytime,bonferroni,3,2,False,B_BETTER,304,True,False,False,0.00020816700998693705,0.4,0.6309186896508341,True,True,True,False
93522a2a563a9c5ad68c,representation,representation_disagreement,677,325472290,16,5000,0.4,0.05,rbf,median,anytime,bonferroni,3,2,False,B_BETTER,256,True,False,False,0.00020612496882677078,0.4,0.6796858875495522,True,True,True,False
5f91d726687090ffcef3,representation,representation_disagreement,678,2309139687,16,5000,0.4,0.05,rbf,median,anytime,bonferroni,3,2,False,B_BETTER,288,True,False,False,0.000207458040677011,0.4,0.6458901399180805,True,True,True,False
2b3444f4bd991d2fac46,representation,representation_disagreement,679,2734674418,16,5000,0.4,0.05,rbf,median,anytime,bonferroni,3,2,False,B_BETTER,288,True,False,False,0.00020716601284220815,0.4,0.6458901399180805,True,True,True,False
837d931e8905fb305719,representation,representation_disagreement,680,4150730934,16,5000,0.4,0.05,rbf,median,anytime,bonferroni,3,2,False,B_BETTER,256,True,False,False,0.00020583398872986436,0.4,0.6796858875495522,True,True,True,False
b96443dec7d873707330,representation,representation_disagreement,681,306109662,16,5000,0.4,0.05,rbf,median,anytime,bonferroni,3,2,False,B_BETTER,304,True,False,False,0.00020700000459328294,0.4,0.6309186896508341,True,True,True,False
d25b8df18917107745dc,representation,representation_disagreement,682,4123736618,16,5000,0.4,0.05,rbf,median,anytime,bonferroni,3,2,False,B_BETTER,192,True,False,False,0.00020220800070092082,0.4,0.7694441991638782,True,True,True,False
c0ffb6de973d72bd1d49,representation,representation_disagreement,683,1435127568,16,5000,0.4,0.05,rbf,median,anytime,bonferroni,3,2,False,B_BETTER,256,True,False,False,0.000205625023227185,0.4,0.6796858875495522,True,True,True,False
1746b8e324f7c2397989,representation,representation_disagreement,684,2338402230,16,5000,0.4,0.05,rbf,median,anytime,bonferroni,3,2,False,B_BETTER,288,True,False,False,0.00020687503274530172,0.4,0.6458901399180805,True,True,True,False
67b0731d9d5ac8fb4af2,representation,representation_disagreement,685,4139054477,16,5000,0.4,0.05,rbf,median,anytime,bonferroni,3,2,False,B_BETTER,256,True,False,False,0.00020704197231680155,0.4,0.6796858875495522,True,True,True,False
148290ccdb488d42790e,representation,representation_disagreement,686,1649446622,16,5000,0.4,0.05,rbf,median,anytime,bonferroni,3,2,False,B_BETTER,352,True,False,False,0.0002102089929394424,0.4,0.5919724096504785,True,True,True,False
a000edcacaac93db6337,representation,representation_disagreement,687,2437593296,16,5000,0.4,0.05,rbf,median,anytime,bonferroni,3,2,False,B_BETTER,304,True,False,False,0.000208500016015023,0.4,0.6309186896508341,True,True,True,False
c4027902696991e87c6d,representation,representation_disagreement,688,3747073860,16,5000,0.4,0.05,rbf,median,anytime,bonferroni,3,2,False,B_BETTER,304,True,False,False,0.0002080000122077763,0.4,0.6309186896508341,True,True,True,False
74237f73aa276d739e70,representation,representation_disagreement,689,1035596789,16,5000,0.4,0.05,rbf,median,anytime,bonferroni,3,2,False,B_BETTER,192,True,False,False,0.00020249997032806277,0.4,0.7694441991638782,True,True,True,False
51c96073ff3d37b7f2e3,representation,representation_disagreement,690,2872337355,16,5000,0.4,0.05,rbf,median,anytime,bonferroni,3,2,False,B_BETTER,240,True,False,False,0.00020479195518419147,0.4,0.6989114228795754,True,True,True,False
b4111c35ce0068440e04,representation,representation_disagreement,691,1775982436,16,5000,0.4,0.05,rbf,median,anytime,bonferroni,3,2,False,B_BETTER,272,True,False,False,0.00020745903020724654,0.4,0.6620856821127259,True,True,True,False
3088f18edc3a8873f230,representation,representation_disagreement,692,206429634,16,5000,0.4,0.05,rbf,median,anytime,bonferroni,3,2,False,B_BETTER,240,True,False,False,0.00020599999697878957,0.4,0.6989114228795754,True,True,True,False
4461cbc8369958292187,representation,representation_disagreement,693,1527232667,16,5000,0.4,0.05,rbf,median,anytime,bonferroni,3,2,False,B_BETTER,272,True,False,False,0.00020575005328282714,0.4,0.6620856821127259,True,True,True,False
6a7c8ae045e80671b2d8,representation,representation_disagreement,694,2728478208,16,5000,0.4,0.05,rbf,median,anytime,bonferroni,3,2,False,B_BETTER,224,True,False,False,0.00020541599951684475,0.4,0.7200353639175696,True,True,True,False
f5224c7ddb4f446cccfa,representation,representation_disagreement,695,600931963,16,5000,0.4,0.05,rbf,median,anytime,bonferroni,3,2,False,B_BETTER,288,True,False,False,0.00020750000840052962,0.4,0.6458901399180805,True,True,True,False
817c7724682fc3dcebd5,representation,representation_disagreement,696,1108735980,16,5000,0.4,0.05,rbf,median,anytime,bonferroni,3,2,False,B_BETTER,288,True,False,False,0.00020733301062136889,0.4,0.6458901399180805,True,True,True,False
877f617a50dcf78fe421,representation,representation_disagreement,697,1540655919,16,5000,0.4,0.05,rbf,median,anytime,bonferroni,3,2,False,B_BETTER,256,True,False,False,0.00020716700237244368,0.4,0.6796858875495522,True,True,True,False
ba6e4d2924f671ad2cc7,representation,representation_disagreement,698,3432525391,16,5000,0.4,0.05,rbf,median,anytime,bonferroni,3,2,False,B_BETTER,224,True,False,False,0.00020479096565395594,0.4,0.7200353639175696,True,True,True,False
69f94ec155364e790252,representation,representation_disagreement,699,1840893577,16,5000,0.4,0.05,rbf,median,anytime,bonferroni,3,2,False,B_BETTER,240,True,False,False,0.00020608300110325217,0.4,0.6989114228795754,True,True,True,False
bdbd4909388a204876fb,representation,representation_disagreement,700,3546000180,16,5000,0.4,0.05,rbf,median,anytime,bonferroni,3,2,False,B_BETTER,288,True,False,False,0.00020695797866210341,0.4,0.6458901399180805,True,True,True,False
cb2ef4e9d8897ab25e8b,representation,representation_disagreement,701,3158621659,16,5000,0.4,0.05,rbf,median,anytime,bonferroni,3,2,False,B_BETTER,256,True,False,False,0.00020524999126791954,0.4,0.6796858875495522,True,True,True,False
470f12b95c0aa86a477c,representation,representation_disagreement,702,334145074,16,5000,0.4,0.05,rbf,median,anytime,bonferroni,3,2,False,B_BETTER,240,True,False,False,0.00020629202481359243,0.4,0.6989114228795754,True,True,True,False
91781cddd9e10d7b0f03,representation,representation_disagreement,703,1694961765,16,5000,0.4,0.05,rbf,median,anytime,bonferroni,3,2,False,B_BETTER,272,True,False,False,0.00020566699095070362,0.4,0.6620856821127258,True,True,True,False
4faf85e38064cdbded94,representation,representation_disagreement,704,3766412189,16,5000,0.4,0.05,rbf,median,anytime,bonferroni,3,2,False,B_BETTER,288,True,False,False,0.00020879099611192942,0.4,0.6458901399180805,True,True,True,False
0316862ef907a632a049,representation,representation_disagreement,705,1975619990,16,5000,0.4,0.05,rbf,median,anytime,bonferroni,3,2,False,B_BETTER,256,True,False,False,0.00020574999507516623,0.4,0.6796858875495522,True,True,True,False
6775f703451e16c89faa,representation,representation_disagreement,706,3349943213,16,5000,0.4,0.05,rbf,median,anytime,bonferroni,3,2,False,B_BETTER,256,True,False,False,0.0002062079729512334,0.4,0.6796858875495522,True,True,True,False
6075baf82604382370f9,representation,representation_disagreement,707,4011911776,16,5000,0.4,0.05,rbf,median,anytime,bonferroni,3,2,False,B_BETTER,256,True,False,False,0.00020570802735164762,0.4,0.6796858875495522,True,True,True,False
e867cc2dd5c85ac899f4,representation,representation_disagreement,708,65080896,16,5000,0.4,0.05,rbf,median,anytime,bonferroni,3,2,False,B_BETTER,240,True,False,False,0.00020533299539238214,0.4,0.6989114228795754,True,True,True,False
6eae5b3b6b12238705fd,representation,representation_disagreement,709,1233480697,16,5000,0.4,0.05,rbf,median,anytime,bonferroni,3,2,False,B_BETTER,256,True,False,False,0.00020595797104761004,0.4,0.6796858875495522,True,True,True,False
07ef9cd3ffe933ae60fa,representation,representation_disagreement,710,3820255226,16,5000,0.4,0.05,rbf,median,anytime,bonferroni,3,2,False,B_BETTER,256,True,False,False,0.00020479201339185238,0.4,0.6796858875495522,True,True,True,False
c1ac39ed969f389ef57e,representation,representation_disagreement,711,3876687331,16,5000,0.4,0.05,rbf,median,anytime,bonferroni,3,2,False,B_BETTER,224,True,False,False,0.00020483299158513546,0.4,0.7200353639175696,True,True,True,False
ae41f0411111fac3fc9c,representation,representation_disagreement,712,3127365642,16,5000,0.4,0.05,rbf,median,anytime,bonferroni,3,2,False,B_BETTER,272,True,False,False,0.00020529102766886353,0.4,0.6620856821127258,True,True,True,False
1d9ddd5c992284fa7686,representation,representation_disagreement,713,4062346034,16,5000,0.4,0.05,rbf,median,anytime,bonferroni,3,2,False,B_BETTER,224,True,False,False,0.00020479195518419147,0.4,0.7200353639175696,True,True,True,False
4076fe157edcd9ec5dae,representation,representation_disagreement,714,1894595435,16,5000,0.4,0.05,rbf,median,anytime,bonferroni,3,2,False,B_BETTER,256,True,False,False,0.0002061250270344317,0.4,0.6796858875495522,True,True,True,False
2714790e19fd0fccf8c3,representation,representation_disagreement,715,2490142022,16,5000,0.4,0.05,rbf,median,anytime,bonferroni,3,2,False,B_BETTER,288,True,False,False,0.00020750000840052962,0.4,0.6458901399180805,True,True,True,False
83304436ca67bf7b9ab0,representation,representation_disagreement,716,1359153025,16,5000,0.4,0.05,rbf,median,anytime,bonferroni,3,2,False,B_BETTER,272,True,False,False,0.00020670797675848007,0.4,0.6620856821127257,True,True,True,False
0547b168815b15ebaf2b,representation,representation_disagreement,717,2428833877,16,5000,0.4,0.05,rbf,median,anytime,bonferroni,3,2,False,B_BETTER,288,True,False,False,0.00031766697065904737,0.4,0.6458901399180805,True,True,True,False
be24395b7f3e2ef9942d,representation,representation_disagreement,718,3634328824,16,5000,0.4,0.05,rbf,median,anytime,bonferroni,3,2,False,B_BETTER,272,True,False,False,0.00032854097662493587,0.4,0.6620856821127258,True,True,True,False
6a88eb39e761eb735723,representation,representation_disagreement,719,3487265319,16,5000,0.4,0.05,rbf,median,anytime,bonferroni,3,2,False,B_BETTER,320,True,False,False,0.0003143750363960862,0.4,0.6170219115444306,True,True,True,False
4f483ab3f5e7e7d7971c,representation,representation_disagreement,720,119333550,16,5000,0.4,0.05,rbf,median,anytime,bonferroni,3,2,False,B_BETTER,272,True,False,False,0.00026358297327533364,0.4,0.6620856821127257,True,True,True,False
e5572268338db26729d1,representation,representation_disagreement,721,1108306449,16,5000,0.4,0.05,rbf,median,anytime,bonferroni,3,2,False,B_BETTER,304,True,False,False,0.00025358301354572177,0.4,0.6309186896508341,True,True,True,False
5e7df60cd516656b28fa,representation,representation_disagreement,722,2819520592,16,5000,0.4,0.05,rbf,median,anytime,bonferroni,3,2,False,B_BETTER,272,True,False,False,0.00024679198395460844,0.4,0.6620856821127258,True,True,True,False
5fa0baaec214df014310,representation,representation_disagreement,723,2974433370,16,5000,0.4,0.05,rbf,median,anytime,bonferroni,3,2,False,B_BETTER,256,True,False,False,0.0002436250215396285,0.4,0.6796858875495522,True,True,True,False
5b848adb0dffdf8ae291,representation,representation_disagreement,724,890430081,16,5000,0.4,0.05,rbf,median,anytime,bonferroni,3,2,False,B_BETTER,192,True,False,False,0.00023962499108165503,0.4,0.7694441991638783,True,True,True,False
d2a677b48bcf7048c8f8,representation,representation_disagreement,725,3783724110,16,5000,0.4,0.05,rbf,median,anytime,bonferroni,3,2,False,B_BETTER,240,True,False,False,0.0002418750082142651,0.4,0.6989114228795754,True,True,True,False
746c4b7403ff7426861e,representation,representation_disagreement,726,815779995,16,5000,0.4,0.05,rbf,median,anytime,bonferroni,3,2,False,B_BETTER,240,True,False,False,0.00024491705698892474,0.4,0.6989114228795754,True,True,True,False
bb7e9653c04acd1f05d7,representation,representation_disagreement,727,2518083048,16,5000,0.4,0.05,rbf,median,anytime,bonferroni,3,2,False,B_BETTER,256,True,False,False,0.0002411670284345746,0.4,0.6796858875495522,True,True,True,False
764c208a5985e6af9226,representation,representation_disagreement,728,3399068027,16,5000,0.4,0.05,rbf,median,anytime,bonferroni,3,2,False,B_BETTER,240,True,False,False,0.00023929204326123,0.4,0.6989114228795754,True,True,True,False
abe837836ecd1b9f1b5f,representation,representation_disagreement,729,1969188967,16,5000,0.4,0.05,rbf,median,anytime,bonferroni,3,2,False,B_BETTER,256,True,False,False,0.00024083303287625313,0.4,0.6796858875495522,True,True,True,False
ebebe027bfca46a261d8,representation,representation_disagreement,730,1139484283,16,5000,0.4,0.05,rbf,median,anytime,bonferroni,3,2,False,B_BETTER,256,True,False,False,0.00024079199647530913,0.4,0.6796858875495522,True,True,True,False
3259bc683df76ef841fe,representation,representation_disagreement,731,2364406903,16,5000,0.4,0.05,rbf,median,anytime,bonferroni,3,2,False,B_BETTER,224,True,False,False,0.00023783301003277302,0.4,0.7200353639175696,True,True,True,False
3d12ecd7b62498314c5c,representation,representation_disagreement,732,857038084,16,5000,0.4,0.05,rbf,median,anytime,bonferroni,3,2,False,B_BETTER,240,True,False,False,0.00023920799139887094,0.4,0.6989114228795754,True,True,True,False
36dd032c635f339da9a4,representation,representation_disagreement,733,23990318,16,5000,0.4,0.05,rbf,median,anytime,bonferroni,3,2,False,B_BETTER,240,True,False,False,0.00024025002494454384,0.4,0.6989114228795754,True,True,True,False
9390bd254a2c340a3641,representation,representation_disagreement,734,1710074917,16,5000,0.4,0.05,rbf,median,anytime,bonferroni,3,2,False,B_BETTER,240,True,False,False,0.00023866700939834118,0.4,0.6989114228795754,True,True,True,False
43b2f88f68b3b158918b,representation,representation_disagreement,735,2482975387,16,5000,0.4,0.05,rbf,median,anytime,bonferroni,3,2,False,B_BETTER,272,True,False,False,0.00024024996673688293,0.4,0.6620856821127258,True,True,True,False
7df8727f6558e5472474,representation,representation_disagreement,736,4195652723,16,5000,0.4,0.05,rbf,median,anytime,bonferroni,3,2,False,B_BETTER,224,True,False,False,0.00023741595214232802,0.4,0.7200353639175696,True,True,True,False
7756bea0a5abf78d1491,representation,representation_disagreement,737,1049956975,16,5000,0.4,0.05,rbf,median,anytime,bonferroni,3,2,False,B_BETTER,192,True,False,False,0.00023487501312047243,0.4,0.7694441991638782,True,True,True,False
c0a6beb6713621c98cb8,representation,representation_disagreement,738,341941219,16,5000,0.4,0.05,rbf,median,anytime,bonferroni,3,2,False,B_BETTER,304,True,False,False,0.00024108297657221556,0.4,0.6309186896508341,True,True,True,False
068cd8d645daf9fc226d,representation,representation_disagreement,739,1334761564,16,5000,0.4,0.05,rbf,median,anytime,bonferroni,3,2,False,B_BETTER,272,True,False,False,0.00023962499108165503,0.4,0.6620856821127258,True,True,True,False
847a26618fae8cc72fe5,representation,representation_disagreement,740,3965990036,16,5000,0.4,0.05,rbf,median,anytime,bonferroni,3,2,False,B_BETTER,240,True,False,False,0.00023850001161918044,0.4,0.6989114228795754,True,True,True,False
5cbab54c1de8db7c4eae,representation,representation_disagreement,741,436940461,16,5000,0.4,0.05,rbf,median,anytime,bonferroni,3,2,False,B_BETTER,256,True,False,False,0.00024279201170429587,0.4,0.6796858875495522,True,True,True,False
d43da2575fb5dc183b96,representation,representation_disagreement,742,3885721576,16,5000,0.4,0.05,rbf,median,anytime,bonferroni,3,2,False,B_BETTER,304,True,False,False,0.00024099997244775295,0.4,0.6309186896508341,True,True,True,False
9f819e1660f3abfe5b97,representation,representation_disagreement,743,3774604754,16,5000,0.4,0.05,rbf,median,anytime,bonferroni,3,2,False,B_BETTER,224,True,False,False,0.00023725000210106373,0.4,0.7200353639175696,True,True,True,False
f505536d17f2abad711f,representation,representation_disagreement,744,2443051090,16,5000,0.4,0.05,rbf,median,anytime,bonferroni,3,2,False,B_BETTER,272,True,False,False,0.00024041696451604366,0.4,0.6620856821127257,True,True,True,False
1bef229da0b647cba364,representation,representation_disagreement,745,1954524334,16,5000,0.4,0.05,rbf,median,anytime,bonferroni,3,2,False,B_BETTER,192,True,False,False,0.0003024160396307707,0.4,0.7694441991638782,True,True,True,False
e1e7b8381414c44b3757,representation,representation_disagreement,746,1627848315,16,5000,0.4,0.05,rbf,median,anytime,bonferroni,3,2,False,B_BETTER,240,True,False,False,0.0003058339934796095,0.4,0.6989114228795754,True,True,True,False
4086574a4bb2a69a8f75,representation,representation_disagreement,747,1191636803,16,5000,0.4,0.05,rbf,median,anytime,bonferroni,3,2,False,B_BETTER,208,True,False,False,0.0002767500118352473,0.4,0.7434004973451923,True,True,True,False
8b981ddaa7365b6dc1da,representation,representation_disagreement,748,2554940991,16,5000,0.4,0.05,rbf,median,anytime,bonferroni,3,2,False,B_BETTER,272,True,False,False,0.0002796670305542648,0.4,0.6620856821127258,True,True,True,False
f9fcc900a5264455f709,representation,representation_disagreement,749,2845501756,16,5000,0.4,0.05,rbf,median,anytime,bonferroni,3,2,False,B_BETTER,224,True,False,False,0.00032958295196294785,0.4,0.7200353639175696,True,True,True,False
0bf91a03abaa7d50b416,representation,representation_disagreement,750,2055207386,16,5000,0.4,0.05,rbf,median,anytime,bonferroni,3,2,False,B_BETTER,304,True,False,False,0.0002703749923966825,0.4,0.6309186896508341,True,True,True,False
ff8080d80c1e8d0e27f9,representation,representation_disagreement,751,2126881711,16,5000,0.4,0.05,rbf,median,anytime,bonferroni,3,2,False,B_BETTER,240,True,False,False,0.00025099999038502574,0.4,0.6989114228795754,True,True,True,False
b6ba7248ae5b1041d388,representation,representation_disagreement,752,289863994,16,5000,0.4,0.05,rbf,median,anytime,bonferroni,3,2,False,B_BETTER,288,True,False,False,0.00025266699958592653,0.4,0.6458901399180805,True,True,True,False
5cb24da016ee82ee38ea,representation,representation_disagreement,753,1980274730,16,5000,0.4,0.05,rbf,median,anytime,bonferroni,3,2,False,B_BETTER,240,True,False,False,0.00019774999236688018,0.4,0.6989114228795754,True,True,True,False
9c59bcd4895005b0c685,representation,representation_disagreement,754,1921703162,16,5000,0.4,0.05,rbf,median,anytime,bonferroni,3,2,False,B_BETTER,288,True,False,False,0.00018562498735263944,0.4,0.6458901399180805,True,True,True,False
7603d6fa84e8fb4cf949,representation,representation_disagreement,755,3286705202,16,5000,0.4,0.05,rbf,median,anytime,bonferroni,3,2,False,B_BETTER,256,True,False,False,0.00018258398631587625,0.4,0.6796858875495522,True,True,True,False
d38f96631b07707e917c,representation,representation_disagreement,756,2980997610,16,5000,0.4,0.05,rbf,median,anytime,bonferroni,3,2,False,B_BETTER,240,True,False,False,0.0001806669752113521,0.4,0.6989114228795754,True,True,True,False
4ce64396dd9b198677e6,representation,representation_disagreement,757,1915761429,16,5000,0.4,0.05,rbf,median,anytime,bonferroni,3,2,False,B_BETTER,240,True,False,False,0.00018212496070191264,0.4,0.6989114228795754,True,True,True,False
cfd44a8d7e8989ab239f,representation,representation_disagreement,758,1850395244,16,5000,0.4,0.05,rbf,median,anytime,bonferroni,3,2,False,B_BETTER,192,True,False,False,0.00017633300740271807,0.4,0.7694441991638783,True,True,True,False
b1d6a8c4484cc8fbeb1d,representation,representation_disagreement,759,307435634,16,5000,0.4,0.05,rbf,median,anytime,bonferroni,3,2,False,B_BETTER,256,True,False,False,0.00017795799067243934,0.4,0.6796858875495522,True,True,True,False
38e26c6f5a5e71cecde5,representation,representation_disagreement,760,4070943314,16,5000,0.4,0.05,rbf,median,anytime,bonferroni,3,2,False,B_BETTER,240,True,False,False,0.0001778329606167972,0.4,0.6989114228795754,True,True,True,False
a79820fbf0be8e95d4fb,representation,representation_disagreement,761,1738703941,16,5000,0.4,0.05,rbf,median,anytime,bonferroni,3,2,False,B_BETTER,240,True,False,False,0.00018074997933581471,0.4,0.6989114228795754,True,True,True,False
664a649f3cf9753255a1,representation,representation_disagreement,762,2105734640,16,5000,0.4,0.05,rbf,median,anytime,bonferroni,3,2,False,B_BETTER,288,True,False,False,0.00017958402168005705,0.4,0.6458901399180805,True,True,True,False
616b8b2838aa9fe2ff96,representation,representation_disagreement,763,498384287,16,5000,0.4,0.05,rbf,median,anytime,bonferroni,3,2,False,B_BETTER,240,True,False,False,0.00017704098718240857,0.4,0.6989114228795754,True,True,True,False
4f28289e490e15941004,representation,representation_disagreement,764,3290994420,16,5000,0.4,0.05,rbf,median,anytime,bonferroni,3,2,False,B_BETTER,240,True,False,False,0.00017837504856288433,0.4,0.6989114228795754,True,True,True,False
a7113df52d1131f0f9ba,representation,representation_disagreement,765,2108468949,16,5000,0.4,0.05,rbf,median,anytime,bonferroni,3,2,False,B_BETTER,288,True,False,False,0.0002126669860444963,0.4,0.6458901399180805,True,True,True,False
50775bdf77cd12391934,representation,representation_disagreement,766,418846662,16,5000,0.4,0.05,rbf,median,anytime,bonferroni,3,2,False,B_BETTER,224,True,False,False,0.0002062910352833569,0.4,0.7200353639175696,True,True,True,False
426676124c8022d860a1,representation,representation_disagreement,767,3983770490,16,5000,0.4,0.05,rbf,median,anytime,bonferroni,3,2,False,B_BETTER,272,True,False,False,0.0002079589758068323,0.4,0.6620856821127257,True,True,True,False
d8a40bf6f6d615c0d573,representation,representation_disagreement,768,984638762,16,5000,0.4,0.05,rbf,median,anytime,bonferroni,3,2,False,B_BETTER,240,True,False,False,0.0002061669947579503,0.4,0.6989114228795754,True,True,True,False
456c8ba902f7eeab89b1,representation,representation_disagreement,769,3455868197,16,5000,0.4,0.05,rbf,median,anytime,bonferroni,3,2,False,B_BETTER,192,True,False,False,0.0002086249878630042,0.4,0.7694441991638782,True,True,True,False
a24d0f268ae15f7bfbfb,representation,representation_disagreement,770,792027794,16,5000,0.4,0.05,rbf,median,anytime,bonferroni,3,2,False,B_BETTER,256,True,False,False,0.00020662503084167838,0.4,0.6796858875495522,True,True,True,False
89c2a59901d22289b914,representation,representation_disagreement,771,1053013003,16,5000,0.4,0.05,rbf,median,anytime,bonferroni,3,2,False,B_BETTER,272,True,False,False,0.00020845799008384347,0.4,0.6620856821127258,True,True,True,False
ee3ccdb009e9e208da40,representation,representation_disagreement,772,2650205898,16,5000,0.4,0.05,rbf,median,anytime,bonferroni,3,2,False,B_BETTER,272,True,False,False,0.0002068330068141222,0.4,0.6620856821127259,True,True,True,False
d04f3fd5d4bbb0fcb1ca,representation,representation_disagreement,773,669237890,16,5000,0.4,0.05,rbf,median,anytime,bonferroni,3,2,False,B_BETTER,288,True,False,False,0.0002126250183209777,0.4,0.6458901399180805,True,True,True,False
51b9259eb46bd34feaec,representation,representation_disagreement,774,3877518875,16,5000,0.4,0.05,rbf,median,anytime,bonferroni,3,2,False,B_BETTER,224,True,False,False,0.00020574999507516623,0.4,0.7200353639175696,True,True,True,False
4a4fc62f1c6056694137,representation,representation_disagreement,775,20194442,16,5000,0.4,0.05,rbf,median,anytime,bonferroni,3,2,False,B_BETTER,272,True,False,False,0.00020825001411139965,0.4,0.6620856821127258,True,True,True,False
07cf527dbf1068651a50,representation,representation_disagreement,776,3239602598,16,5000,0.4,0.05,rbf,median,anytime,bonferroni,3,2,False,B_BETTER,240,True,False,False,0.00020658300491049886,0.4,0.6989114228795754,True,True,True,False
6f5a08453ad6f08f3edf,representation,representation_disagreement,777,2226691700,16,5000,0.4,0.05,rbf,median,anytime,bonferroni,3,2,False,B_BETTER,256,True,False,False,0.00021083297906443477,0.4,0.6796858875495522,True,True,True,False
7c4e1c9b266c769a66b8,representation,representation_disagreement,778,4216867862,16,5000,0.4,0.05,rbf,median,anytime,bonferroni,3,2,False,B_BETTER,224,True,False,False,0.00020541698904708028,0.4,0.7200353639175696,True,True,True,False
a76ffcad6deb126a9122,representation,representation_disagreement,779,1977703248,16,5000,0.4,0.05,rbf,median,anytime,bonferroni,3,2,False,B_BETTER,272,True,False,False,0.00020816602045670152,0.4,0.6620856821127259,True,True,True,False
f6302df780c0e38969c6,representation,representation_disagreement,780,977928209,16,5000,0.4,0.05,rbf,median,anytime,bonferroni,3,2,False,B_BETTER,256,True,False,False,0.00020725000649690628,0.4,0.6796858875495522,True,True,True,False
d6177aaca9bbee96fd62,representation,representation_disagreement,781,2707474335,16,5000,0.4,0.05,rbf,median,anytime,bonferroni,3,2,False,B_BETTER,272,True,False,False,0.0002114170347340405,0.4,0.6620856821127257,True,True,True,False
5d89e53c58d9fa78875d,representation,representation_disagreement,782,293560034,16,5000,0.4,0.05,rbf,median,anytime,bonferroni,3,2,False,B_BETTER,208,True,False,False,0.0002042920095846057,0.4,0.7434004973451923,True,True,True,False
4594cbeafd26aa1a8341,representation,representation_disagreement,783,1491930636,16,5000,0.4,0.05,rbf,median,anytime,bonferroni,3,2,False,B_BETTER,272,True,False,False,0.00020662497263401747,0.4,0.6620856821127258,True,True,True,False
b35c7d9cbbcf5f6b2618,representation,representation_disagreement,784,3122919411,16,5000,0.4,0.05,rbf,median,anytime,bonferroni,3,2,False,B_BETTER,240,True,False,False,0.00020712503464892507,0.4,0.6989114228795754,True,True,True,False
51a5a7080ae03a278719,representation,representation_disagreement,785,2648376516,16,5000,0.4,0.05,rbf,median,anytime,bonferroni,3,2,False,B_BETTER,288,True,False,False,0.0002109999768435955,0.4,0.6458901399180805,True,True,True,False
e4b82d1de0ddac56d5e8,representation,representation_disagreement,786,2552971337,16,5000,0.4,0.05,rbf,median,anytime,bonferroni,3,2,False,B_BETTER,240,True,False,False,0.0002062079729512334,0.4,0.6989114228795754,True,True,True,False
1f6b93f8ea88546ccc5c,representation,representation_disagreement,787,34222985,16,5000,0.4,0.05,rbf,median,anytime,bonferroni,3,2,False,B_BETTER,224,True,False,False,0.00020525004947558045,0.4,0.7200353639175696,True,True,True,False
f65d3c5dcc8ee88ce949,representation,representation_disagreement,788,2413249992,16,5000,0.4,0.05,rbf,median,anytime,bonferroni,3,2,False,B_BETTER,240,True,False,False,0.00020516698714345694,0.4,0.6989114228795754,True,True,True,False
4a5d9f40e4501d28cbce,representation,representation_disagreement,789,3927527610,16,5000,0.4,0.05,rbf,median,anytime,bonferroni,3,2,False,B_BETTER,224,True,False,False,0.0002091249916702509,0.4,0.7200353639175696,True,True,True,False
a867679e2f578599437b,representation,representation_disagreement,790,126056418,16,5000,0.4,0.05,rbf,median,anytime,bonferroni,3,2,False,B_BETTER,224,True,False,False,0.00020479102386161685,0.4,0.7200353639175696,True,True,True,False
0101ce7524cd725717cf,representation,representation_disagreement,791,4137630264,16,5000,0.4,0.05,rbf,median,anytime,bonferroni,3,2,False,B_BETTER,224,True,False,False,0.0002045409637503326,0.4,0.7200353639175696,True,True,True,False
3e8ab3ccfde2abf0823b,representation,representation_disagreement,792,573910929,16,5000,0.4,0.05,rbf,median,anytime,bonferroni,3,2,False,B_BETTER,272,True,False,False,0.00020758400205522776,0.4,0.6620856821127258,True,True,True,False
5ac44368b0f087b13610,representation,representation_disagreement,793,1904159300,16,5000,0.4,0.05,rbf,median,anytime,bonferroni,3,2,False,B_BETTER,256,True,False,False,0.00021112500689923763,0.4,0.6796858875495522,True,True,True,False
7ea45ee84fc0133c372a,representation,representation_disagreement,794,3149832121,16,5000,0.4,0.05,rbf,median,anytime,bonferroni,3,2,False,B_BETTER,272,True,False,False,0.00020933395717293024,0.4,0.6620856821127259,True,True,True,False
b87d25da224786f479ad,representation,representation_disagreement,795,2205917878,16,5000,0.4,0.05,rbf,median,anytime,bonferroni,3,2,False,B_BETTER,256,True,False,False,0.000206666998565197,0.4,0.6796858875495522,True,True,True,False
5489c96e717e1a62867c,representation,representation_disagreement,796,689583815,16,5000,0.4,0.05,rbf,median,anytime,bonferroni,3,2,False,B_BETTER,256,True,False,False,0.0002080000122077763,0.4,0.6796858875495522,True,True,True,False
e0f4238ddf75fbdefa96,representation,representation_disagreement,797,3332663053,16,5000,0.4,0.05,rbf,median,anytime,bonferroni,3,2,False,B_BETTER,304,True,False,False,0.00021433300571516156,0.4,0.6309186896508341,True,True,True,False
31793d284cb5cfdb7c4c,representation,representation_disagreement,798,4184969598,16,5000,0.4,0.05,rbf,median,anytime,bonferroni,3,2,False,B_BETTER,272,True,False,False,0.00020691700046882033,0.4,0.6620856821127258,True,True,True,False
57a021562fbb49999eff,representation,representation_disagreement,799,1476043694,16,5000,0.4,0.05,rbf,median,anytime,bonferroni,3,2,False,B_BETTER,224,True,False,False,0.00020391697762534022,0.4,0.7200353639175696,True,True,True,False
1c600d0b47de0adf2ac5,representation,representation_disagreement,800,2295251219,16,5000,0.4,0.05,rbf,median,anytime,bonferroni,3,2,False,B_BETTER,288,True,False,False,0.00020933302585035563,0.4,0.6458901399180805,True,True,True,False
fcacac435649cb5832bd,representation,representation_disagreement,801,2031806201,16,5000,0.4,0.05,rbf,median,anytime,bonferroni,3,2,False,B_BETTER,256,True,False,False,0.00020900001982226968,0.4,0.6796858875495522,True,True,True,False
7d146bdc0b61ffcdfbfe,representation,representation_disagreement,802,2286460312,16,5000,0.4,0.05,rbf,median,anytime,bonferroni,3,2,False,B_BETTER,192,True,False,False,0.00020433298777788877,0.4,0.7694441991638783,True,True,True,False
3aea1de3c897159f2edf,representation,representation_disagreement,803,848420377,16,5000,0.4,0.05,rbf,median,anytime,bonferroni,3,2,False,B_BETTER,208,True,False,False,0.00020691700046882033,0.4,0.7434004973451923,True,True,True,False
b3c014d52817ddd9152e,representation,representation_disagreement,804,3909586306,16,5000,0.4,0.05,rbf,median,anytime,bonferroni,3,2,False,B_BETTER,272,True,False,False,0.00020833296002820134,0.4,0.6620856821127257,True,True,True,False
e45466053c632df848c2,representation,representation_disagreement,805,671526679,16,5000,0.4,0.05,rbf,median,anytime,bonferroni,3,2,False,B_BETTER,256,True,False,False,0.00021058297716081142,0.4,0.6796858875495522,True,True,True,False
a7fc0a92fd0f5db096a6,representation,representation_disagreement,806,4089607487,16,5000,0.4,0.05,rbf,median,anytime,bonferroni,3,2,False,B_BETTER,224,True,False,False,0.00020583299919962883,0.4,0.7200353639175696,True,True,True,False
c4cbf61e6e642767881b,representation,representation_disagreement,807,2185547638,16,5000,0.4,0.05,rbf,median,anytime,bonferroni,3,2,False,B_BETTER,256,True,False,False,0.0002199580194428563,0.4,0.6796858875495522,True,True,True,False
f6391a7c5501916255f9,representation,representation_disagreement,808,3930375553,16,5000,0.4,0.05,rbf,median,anytime,bonferroni,3,2,False,B_BETTER,256,True,False,False,0.00022016704315319657,0.4,0.6796858875495522,True,True,True,False
2da8b91f6ef354505f18,representation,representation_disagreement,809,3128606202,16,5000,0.4,0.05,rbf,median,anytime,bonferroni,3,2,False,B_BETTER,240,True,False,False,0.00020833301823586226,0.4,0.6989114228795754,True,True,True,False
4a21729c019c5d19f11d,representation,representation_disagreement,810,2273712447,16,5000,0.4,0.05,rbf,median,anytime,bonferroni,3,2,False,B_BETTER,240,True,False,False,0.00020637502893805504,0.4,0.6989114228795754,True,True,True,False
ff1b772915a15427b5d6,representation,representation_disagreement,811,769314741,16,5000,0.4,0.05,rbf,median,anytime,bonferroni,3,2,False,B_BETTER,208,True,False,False,0.00020458403741940856,0.4,0.7434004973451923,True,True,True,False
edd5645f0310f0ca5352,representation,representation_disagreement,812,1807784214,16,5000,0.4,0.05,rbf,median,anytime,bonferroni,3,2,False,B_BETTER,256,True,False,False,0.00020695797866210341,0.4,0.6796858875495522,True,True,True,False
f3a47ca90b8d7f7213ff,representation,representation_disagreement,813,1160942333,16,5000,0.4,0.05,rbf,median,anytime,bonferroni,3,2,False,B_BETTER,336,True,False,False,0.00021266599651426077,0.4,0.60407492330224,True,True,True,False
6b4ee70d282a92dc4fae,representation,representation_disagreement,814,2259149731,16,5000,0.4,0.05,rbf,median,anytime,bonferroni,3,2,False,B_BETTER,224,True,False,False,0.00020520901307463646,0.4,0.7200353639175696,True,True,True,False
d5bbc201c20a5e715056,representation,representation_disagreement,815,4188542519,16,5000,0.4,0.05,rbf,median,anytime,bonferroni,3,2,False,B_BETTER,304,True,False,False,0.00020854099420830607,0.4,0.6309186896508341,True,True,True,False
96ba1d981451bdd68178,representation,representation_disagreement,816,1674383560,16,5000,0.4,0.05,rbf,median,anytime,bonferroni,3,2,False,B_BETTER,224,True,False,False,0.00018645799718797207,0.4,0.7200353639175696,True,True,True,False
62dc8021ccb1a13bd82e,representation,representation_disagreement,817,1322463720,16,5000,0.4,0.05,rbf,median,anytime,bonferroni,3,2,False,B_BETTER,240,True,False,False,0.00018037500558421016,0.4,0.6989114228795754,True,True,True,False
c9c1dc6401285e244549,representation,representation_disagreement,818,2267892338,16,5000,0.4,0.05,rbf,median,anytime,bonferroni,3,2,False,B_BETTER,256,True,False,False,0.00017929100431501865,0.4,0.6796858875495522,True,True,True,False
b7581efdbc13885f9a71,representation,representation_disagreement,819,1548541362,16,5000,0.4,0.05,rbf,median,anytime,bonferroni,3,2,False,B_BETTER,256,True,False,False,0.00017866701819002628,0.4,0.6796858875495522,True,True,True,False
8fddcf332e2c41e40c84,representation,representation_disagreement,820,869816739,16,5000,0.4,0.05,rbf,median,anytime,bonferroni,3,2,False,B_BETTER,256,True,False,False,0.00017833401216194034,0.4,0.6796858875495522,True,True,True,False
c31800284a64ae6c55ce,representation,representation_disagreement,821,4134234447,16,5000,0.4,0.05,rbf,median,anytime,bonferroni,3,2,False,B_BETTER,192,True,False,False,0.00017962499987334013,0.4,0.7694441991638782,True,True,True,False
e92c0619d8aa93a5d1bb,representation,representation_disagreement,822,397460540,16,5000,0.4,0.05,rbf,median,anytime,bonferroni,3,2,False,B_BETTER,272,True,False,False,0.00017874996410682797,0.4,0.6620856821127258,True,True,True,False
6995e7826cd3c2c9e753,representation,representation_disagreement,823,4095839573,16,5000,0.4,0.05,rbf,median,anytime,bonferroni,3,2,False,B_BETTER,240,True,False,False,0.00017725001089274883,0.4,0.6989114228795754,True,True,True,False
afab06f7a48225627664,representation,representation_disagreement,824,4220055775,16,5000,0.4,0.05,rbf,median,anytime,bonferroni,3,2,False,B_BETTER,208,True,False,False,0.0001757919671945274,0.4,0.7434004973451924,True,True,True,False
3529f54f9769e5308409,representation,representation_disagreement,825,2141294018,16,5000,0.4,0.05,rbf,median,anytime,bonferroni,3,2,False,B_BETTER,240,True,False,False,0.00018104200717061758,0.4,0.6989114228795754,True,True,True,False
53788af77e40799212cd,representation,representation_disagreement,826,1028736854,16,5000,0.4,0.05,rbf,median,anytime,bonferroni,3,2,False,B_BETTER,240,True,False,False,0.00017808302072808146,0.4,0.6989114228795754,True,True,True,False
bdcf23ce1978c8a8b4d8,representation,representation_disagreement,827,1659355436,16,5000,0.4,0.05,rbf,median,anytime,bonferroni,3,2,False,B_BETTER,224,True,False,False,0.0001772079849615693,0.4,0.7200353639175696,True,True,True,False
23f627af6b8be4c36b4b,representation,representation_disagreement,828,2405074978,16,5000,0.4,0.05,rbf,median,anytime,bonferroni,3,2,False,B_BETTER,288,True,False,False,0.0001788749941624701,0.4,0.6458901399180805,True,True,True,False
5c43d4ebcc815078f788,representation,representation_disagreement,829,1201935675,16,5000,0.4,0.05,rbf,median,anytime,bonferroni,3,2,False,B_BETTER,240,True,False,False,0.00017979100812226534,0.4,0.6989114228795754,True,True,True,False
d9a323430c3669731ff9,representation,representation_disagreement,830,3848219995,16,5000,0.4,0.05,rbf,median,anytime,bonferroni,3,2,False,B_BETTER,240,True,False,False,0.00017775001469999552,0.4,0.6989114228795754,True,True,True,False
655cc544ad011234f914,representation,representation_disagreement,831,1931773598,16,5000,0.4,0.05,rbf,median,anytime,bonferroni,3,2,False,B_BETTER,256,True,False,False,0.00017808302072808146,0.4,0.6796858875495522,True,True,True,False
dc0723c130d402fd0451,representation,representation_disagreement,832,3967506633,16,5000,0.4,0.05,rbf,median,anytime,bonferroni,3,2,False,B_BETTER,240,True,False,False,0.00017729098908603191,0.4,0.6989114228795754,True,True,True,False
ee150b1f978b5ed1dc53,representation,representation_disagreement,833,524619354,16,5000,0.4,0.05,rbf,median,anytime,bonferroni,3,2,False,B_BETTER,208,True,False,False,0.00018029200145974755,0.4,0.7434004973451923,True,True,True,False
696b2106a8bcadc3f0f9,representation,representation_disagreement,834,1193927646,16,5000,0.4,0.05,rbf,median,anytime,bonferroni,3,2,False,B_BETTER,256,True,False,False,0.0001782499602995813,0.4,0.6796858875495522,True,True,True,False
13285c40b006d6029703,representation,representation_disagreement,835,4264166739,16,5000,0.4,0.05,rbf,median,anytime,bonferroni,3,2,False,B_BETTER,256,True,False,False,0.00017858296632766724,0.4,0.6796858875495522,True,True,True,False
72f840be2245268212c0,representation,representation_disagreement,836,2618535142,16,5000,0.4,0.05,rbf,median,anytime,bonferroni,3,2,False,B_BETTER,240,True,False,False,0.00017695804126560688,0.4,0.6989114228795754,True,True,True,False
0e824d7f461ec60a101e,representation,representation_disagreement,837,1868542990,16,5000,0.4,0.05,rbf,median,anytime,bonferroni,3,2,False,B_BETTER,272,True,False,False,0.00018400000408291817,0.4,0.6620856821127257,True,True,True,False
b3bb03a6fc623300eb05,representation,representation_disagreement,838,2261398702,16,5000,0.4,0.05,rbf,median,anytime,bonferroni,3,2,False,B_BETTER,288,True,False,False,0.00018041697330772877,0.4,0.6458901399180805,True,True,True,False
5d103356e17c1e89df9a,representation,representation_disagreement,839,2833901232,16,5000,0.4,0.05,rbf,median,anytime,bonferroni,3,2,False,B_BETTER,240,True,False,False,0.00017845805268734694,0.4,0.6989114228795754,True,True,True,False
9d9796950e1a790ff34c,representation,representation_disagreement,840,3267627086,16,5000,0.4,0.05,rbf,median,anytime,bonferroni,3,2,False,B_BETTER,240,True,False,False,0.00017645797925069928,0.4,0.6989114228795754,True,True,True,False
e6938430138ffbade304,representation,representation_disagreement,841,1400027717,16,5000,0.4,0.05,rbf,median,anytime,bonferroni,3,2,False,B_BETTER,240,True,False,False,0.00018087500939145684,0.4,0.6989114228795754,True,True,True,False
e56d4cc53d3fda583120,representation,representation_disagreement,842,277324098,16,5000,0.4,0.05,rbf,median,anytime,bonferroni,3,2,False,B_BETTER,240,True,False,False,0.00017750001279637218,0.4,0.6989114228795754,True,True,True,False
dc838c45a5c7f1c2e37d,representation,representation_disagreement,843,3269855439,16,5000,0.4,0.05,rbf,median,anytime,bonferroni,3,2,False,B_BETTER,272,True,False,False,0.00017849996220320463,0.4,0.6620856821127258,True,True,True,False
c21bd3c3a61da9ddb403,representation,representation_disagreement,844,404708547,16,5000,0.4,0.05,rbf,median,anytime,bonferroni,3,2,False,B_BETTER,256,True,False,False,0.00017970800399780273,0.4,0.6796858875495522,True,True,True,False
04cc85b9ce6a69bcb6ac,representation,representation_disagreement,845,723528129,16,5000,0.4,0.05,rbf,median,anytime,bonferroni,3,2,False,B_BETTER,288,True,False,False,0.0001823750208131969,0.4,0.6458901399180805,True,True,True,False
0be5d68e8a1cc15d1012,representation,representation_disagreement,846,2860487979,16,5000,0.4,0.05,rbf,median,anytime,bonferroni,3,2,False,B_BETTER,288,True,False,False,0.00017858296632766724,0.4,0.6458901399180805,True,True,True,False
fb6c03681a13a262822b,representation,representation_disagreement,847,2102063488,16,5000,0.4,0.05,rbf,median,anytime,bonferroni,3,2,False,B_BETTER,224,True,False,False,0.000178084010258317,0.4,0.7200353639175696,True,True,True,False
c2d31125ba79fde2351f,representation,representation_disagreement,848,2336264031,16,5000,0.4,0.05,rbf,median,anytime,bonferroni,3,2,False,B_BETTER,288,True,False,False,0.0001789169618859887,0.4,0.6458901399180805,True,True,True,False
10f49b6bf514ffaef351,representation,representation_disagreement,849,1851508615,16,5000,0.4,0.05,rbf,median,anytime,bonferroni,3,2,False,B_BETTER,224,True,False,False,0.00018066598568111658,0.4,0.7200353639175696,True,True,True,False
54f1d98522666e5eae42,representation,representation_disagreement,850,2813023389,16,5000,0.4,0.05,rbf,median,anytime,bonferroni,3,2,False,B_BETTER,224,True,False,False,0.00017687497893348336,0.4,0.7200353639175696,True,True,True,False
2a7096e81fd92046d7b9,representation,representation_disagreement,851,3430721278,16,5000,0.4,0.05,rbf,median,anytime,bonferroni,3,2,False,B_BETTER,272,True,False,False,0.00017750001279637218,0.4,0.6620856821127258,True,True,True,False
32f12c00a47b2c2c4f30,representation,representation_disagreement,852,1400441611,16,5000,0.4,0.05,rbf,median,anytime,bonferroni,3,2,False,B_BETTER,288,True,False,False,0.00017962499987334013,0.4,0.6458901399180805,True,True,True,False
be8bc0618388d5f39b3a,representation,representation_disagreement,853,2431630785,16,5000,0.4,0.05,rbf,median,anytime,bonferroni,3,2,False,B_BETTER,256,True,False,False,0.00018045800970867276,0.4,0.6796858875495522,True,True,True,False
d53c1dd03b9a1bac6515,representation,representation_disagreement,854,905307223,16,5000,0.4,0.05,rbf,median,anytime,bonferroni,3,2,False,B_BETTER,208,True,False,False,0.0001770000089891255,0.4,0.7434004973451923,True,True,True,False
5902db3deb105fd3df38,representation,representation_disagreement,855,1155962151,16,5000,0.4,0.05,rbf,median,anytime,bonferroni,3,2,False,B_BETTER,208,True,False,False,0.00017675000708550215,0.4,0.7434004973451923,True,True,True,False
f5049cf1406cc70eec52,representation,representation_disagreement,856,2308844748,16,5000,0.4,0.05,rbf,median,anytime,bonferroni,3,2,False,B_BETTER,288,True,False,False,0.00018049997743219137,0.4,0.6458901399180805,True,True,True,False
7677189cf016f6740b08,representation,representation_disagreement,857,893945987,16,5000,0.4,0.05,rbf,median,anytime,bonferroni,3,2,False,B_BETTER,208,True,False,False,0.0001800000318326056,0.4,0.7434004973451923,True,True,True,False
55144cb8c1d2bc328771,representation,representation_disagreement,858,290834339,16,5000,0.4,0.05,rbf,median,anytime,bonferroni,3,2,False,B_BETTER,272,True,False,False,0.00017845904221758246,0.4,0.6620856821127257,True,True,True,False
b0c59878bc8843a7ab31,representation,representation_disagreement,859,3757699637,16,5000,0.4,0.05,rbf,median,anytime,bonferroni,3,2,False,B_BETTER,272,True,False,False,0.00017904199194163084,0.4,0.6620856821127258,True,True,True,False
d9c5642e3e772be3a1e2,representation,representation_disagreement,860,2621162656,16,5000,0.4,0.05,rbf,median,anytime,bonferroni,3,2,False,B_BETTER,256,True,False,False,0.00017850002041086555,0.4,0.6796858875495522,True,True,True,False
70c4af282b5d15112066,representation,representation_disagreement,861,2318315051,16,5000,0.4,0.05,rbf,median,anytime,bonferroni,3,2,False,B_BETTER,224,True,False,False,0.0001807080116122961,0.4,0.7200353639175696,True,True,True,False
f6d74804e7222faa7fac,representation,representation_disagreement,862,2169575812,16,5000,0.4,0.05,rbf,median,anytime,bonferroni,3,2,False,B_BETTER,272,True,False,False,0.0001789579982869327,0.4,0.6620856821127258,True,True,True,False
a3f2ab9355d3ddce5eac,representation,representation_disagreement,863,3102126741,16,5000,0.4,0.05,rbf,median,anytime,bonferroni,3,2,False,B_BETTER,272,True,False,False,0.00017862499225884676,0.4,0.6620856821127259,True,True,True,False
c78b0870dd4740e5e671,representation,representation_disagreement,864,1813207450,16,5000,0.4,0.05,rbf,median,anytime,bonferroni,3,2,False,B_BETTER,256,True,False,False,0.0001790410024113953,0.4,0.6796858875495522,True,True,True,False
ad670e9457c3e411c3a4,representation,representation_disagreement,865,302643049,16,5000,0.4,0.05,rbf,median,anytime,bonferroni,3,2,False,B_BETTER,224,True,False,False,0.00018041703151538968,0.4,0.7200353639175696,True,True,True,False
c6e6eec119d1854980cc,representation,representation_disagreement,866,511758456,16,5000,0.4,0.05,rbf,median,anytime,bonferroni,3,2,False,B_BETTER,256,True,False,False,0.00017800001660361886,0.4,0.6796858875495522,True,True,True,False
a81a75200d76707a42f1,representation,representation_disagreement,867,434827498,16,5000,0.4,0.05,rbf,median,anytime,bonferroni,3,2,False,B_BETTER,240,True,False,False,0.0001775420387275517,0.4,0.6989114228795754,True,True,True,False
e5f802e282324b7a4ece,representation,representation_disagreement,868,96093954,16,5000,0.4,0.05,rbf,median,anytime,bonferroni,3,2,False,B_BETTER,208,True,False,False,0.0001771249808371067,0.4,0.7434004973451924,True,True,True,False
4d52d4a7086372770591,representation,representation_disagreement,869,4056730272,16,5000,0.4,0.05,rbf,median,anytime,bonferroni,3,2,False,B_BETTER,224,True,False,False,0.00018174998695030808,0.4,0.7200353639175696,True,True,True,False
e1d9379089356abe50a3,representation,representation_disagreement,870,2839004107,16,5000,0.4,0.05,rbf,median,anytime,bonferroni,3,2,False,B_BETTER,208,True,False,False,0.0001758750295266509,0.4,0.7434004973451923,True,True,True,False
adc7fc850a9bc9d4dcca,representation,representation_disagreement,871,2641789297,16,5000,0.4,0.05,rbf,median,anytime,bonferroni,3,2,False,B_BETTER,224,True,False,False,0.00017612497322261333,0.4,0.7200353639175696,True,True,True,False
2cb4ea01ad6409b4985f,representation,representation_disagreement,872,2538707226,16,5000,0.4,0.05,rbf,median,anytime,bonferroni,3,2,False,B_BETTER,240,True,False,False,0.00017695798305794597,0.4,0.6989114228795754,True,True,True,False
d11ca4c8e04b7bdd740b,representation,representation_disagreement,873,1153871037,16,5000,0.4,0.05,rbf,median,anytime,bonferroni,3,2,False,B_BETTER,288,True,False,False,0.00018324999837204814,0.4,0.6458901399180805,True,True,True,False
8e10c9536b3d2d55178c,representation,representation_disagreement,874,1544323390,16,5000,0.4,0.05,rbf,median,anytime,bonferroni,3,2,False,B_BETTER,288,True,False,False,0.00017966702580451965,0.4,0.6458901399180805,True,True,True,False
22c3ef6072a9f912c213,representation,representation_disagreement,875,2983559366,16,5000,0.4,0.05,rbf,median,anytime,bonferroni,3,2,False,B_BETTER,304,True,False,False,0.00018170801922678947,0.4,0.6309186896508341,True,True,True,False
f1c0fd345032dab0bf11,representation,representation_disagreement,876,1719658216,16,5000,0.4,0.05,rbf,median,anytime,bonferroni,3,2,False,B_BETTER,224,True,False,False,0.00019345805048942566,0.4,0.7200353639175696,True,True,True,False
706709a3262567dca33d,representation,representation_disagreement,877,3385716792,16,5000,0.4,0.05,rbf,median,anytime,bonferroni,3,2,False,B_BETTER,240,True,False,False,0.00021004205336794257,0.4,0.6989114228795754,True,True,True,False
ae7aee77b58f1e51bfb4,representation,representation_disagreement,878,2598719620,16,5000,0.4,0.05,rbf,median,anytime,bonferroni,3,2,False,B_BETTER,272,True,False,False,0.00020829099230468273,0.4,0.6620856821127257,True,True,True,False
80ee51dafe02d1be7acc,representation,representation_disagreement,879,2868505610,16,5000,0.4,0.05,rbf,median,anytime,bonferroni,3,2,False,B_BETTER,272,True,False,False,0.00020795903401449323,0.4,0.6620856821127257,True,True,True,False
cc31e6dde51dac1ab9ad,representation,representation_disagreement,880,1650720623,16,5000,0.4,0.05,rbf,median,anytime,bonferroni,3,2,False,B_BETTER,288,True,False,False,0.00020866701379418373,0.4,0.6458901399180805,True,True,True,False
91d81caa233b6a65c385,representation,representation_disagreement,881,1489951226,16,5000,0.4,0.05,rbf,median,anytime,bonferroni,3,2,False,B_BETTER,224,True,False,False,0.00020837498595938087,0.4,0.7200353639175696,True,True,True,False
c8cec4faa81acbf04e15,representation,representation_disagreement,882,4206660132,16,5000,0.4,0.05,rbf,median,anytime,bonferroni,3,2,False,B_BETTER,240,True,False,False,0.00020591699285432696,0.4,0.6989114228795754,True,True,True,False
06a35fd59439d342ab54,representation,representation_disagreement,883,1613117039,16,5000,0.4,0.05,rbf,median,anytime,bonferroni,3,2,False,B_BETTER,256,True,False,False,0.00020770897390320897,0.4,0.6796858875495522,True,True,True,False
e546440d0317e4cfdca0,representation,representation_disagreement,884,21342221,16,5000,0.4,0.05,rbf,median,anytime,bonferroni,3,2,False,B_BETTER,240,True,False,False,0.00020662497263401747,0.4,0.6989114228795754,True,True,True,False
3b9c0d7d156ae1d06278,representation,representation_disagreement,885,4035333195,16,5000,0.4,0.05,rbf,median,anytime,bonferroni,3,2,False,B_BETTER,272,True,False,False,0.00021174998255446553,0.4,0.6620856821127258,True,True,True,False
97849915c261ae11df48,representation,representation_disagreement,886,3295428943,16,5000,0.4,0.05,rbf,median,anytime,bonferroni,3,2,False,B_BETTER,288,True,False,False,0.00020770798437297344,0.4,0.6458901399180805,True,True,True,False
3d96b8f9f8da9edfcbe3,representation,representation_disagreement,887,662429893,16,5000,0.4,0.05,rbf,median,anytime,bonferroni,3,2,False,B_BETTER,288,True,False,False,0.00020933401538059115,0.4,0.6458901399180805,True,True,True,False
49dfbacb3dea1c3c4732,representation,representation_disagreement,888,3701003195,16,5000,0.4,0.05,rbf,median,anytime,bonferroni,3,2,False,B_BETTER,240,True,False,False,0.0002061669947579503,0.4,0.6989114228795754,True,True,True,False
1db570abef1c331d76c2,representation,representation_disagreement,889,2194024682,16,5000,0.4,0.05,rbf,median,anytime,bonferroni,3,2,False,B_BETTER,224,True,False,False,0.00020625005709007382,0.4,0.7200353639175696,True,True,True,False
cc68c5f76f89cee5fa15,representation,representation_disagreement,890,3463795787,16,5000,0.4,0.05,rbf,median,anytime,bonferroni,3,2,False,B_BETTER,256,True,False,False,0.00020558404503390193,0.4,0.6796858875495522,True,True,True,False
65b6a727db99c9d28d05,representation,representation_disagreement,891,1316827484,16,5000,0.4,0.05,rbf,median,anytime,bonferroni,3,2,False,B_BETTER,304,True,False,False,0.00020845799008384347,0.4,0.6309186896508341,True,True,True,False
6e9551047b7f1d5052ca,representation,representation_disagreement,892,611170773,16,5000,0.4,0.05,rbf,median,anytime,bonferroni,3,2,False,B_BETTER,240,True,False,False,0.0002085419837385416,0.4,0.6989114228795754,True,True,True,False
f16692f54e9327a0de11,representation,representation_disagreement,893,2684577842,16,5000,0.4,0.05,rbf,median,anytime,bonferroni,3,2,False,B_BETTER,272,True,False,False,0.0002103750011883676,0.4,0.6620856821127257,True,True,True,False
2b460f726c7f965b16be,representation,representation_disagreement,894,3737759732,16,5000,0.4,0.05,rbf,median,anytime,bonferroni,3,2,False,B_BETTER,288,True,False,False,0.0002080000122077763,0.4,0.6458901399180805,True,True,True,False
b1c9a497e8334dfd6455,representation,representation_disagreement,895,3111443105,16,5000,0.4,0.05,rbf,median,anytime,bonferroni,3,2,False,B_BETTER,288,True,False,False,0.0002086249878630042,0.4,0.6458901399180805,True,True,True,False
dd661d97d5b68478376c,representation,representation_disagreement,896,3227114160,16,5000,0.4,0.05,rbf,median,anytime,bonferroni,3,2,False,B_BETTER,272,True,False,False,0.0002072919742204249,0.4,0.6620856821127259,True,True,True,False
b15715bfc6d956294304,representation,representation_disagreement,897,3452333848,16,5000,0.4,0.05,rbf,median,anytime,bonferroni,3,2,False,B_BETTER,272,True,False,False,0.0002103750011883676,0.4,0.6620856821127257,True,True,True,False
3183fa8882d012542510,representation,representation_disagreement,898,2360146094,16,5000,0.4,0.05,rbf,median,anytime,bonferroni,3,2,False,B_BETTER,272,True,False,False,0.0002067500026896596,0.4,0.6620856821127258,True,True,True,False
fbf3b0373e9e52d1f102,representation,representation_disagreement,899,3522016671,16,5000,0.4,0.05,rbf,median,anytime,bonferroni,3,2,False,B_BETTER,256,True,False,False,0.0002062079729512334,0.4,0.6796858875495522,True,True,True,False
3999566dae1b3239bbc6,representation,representation_disagreement,900,1719396206,16,5000,0.4,0.05,rbf,median,anytime,bonferroni,3,2,False,B_BETTER,288,True,False,False,0.00020670797675848007,0.4,0.6458901399180805,True,True,True,False
a2079e65eaaae18f9233,representation,representation_disagreement,901,2575406557,16,5000,0.4,0.05,rbf,median,anytime,bonferroni,3,2,False,B_BETTER,256,True,False,False,0.00020995800150558352,0.4,0.6796858875495522,True,True,True,False
783bda862d1176d7d826,representation,representation_disagreement,902,1454619588,16,5000,0.4,0.05,rbf,median,anytime,bonferroni,3,2,False,B_BETTER,304,True,False,False,0.0002072919742204249,0.4,0.6309186896508341,True,True,True,False
6e295f5d7d3fcc9fea1f,representation,representation_disagreement,903,1324125677,16,5000,0.4,0.05,rbf,median,anytime,bonferroni,3,2,False,B_BETTER,256,True,False,False,0.00020508305169641972,0.4,0.6796858875495522,True,True,True,False
5497d909ca0e08c8ea0f,representation,representation_disagreement,904,1574169215,16,5000,0.4,0.05,rbf,median,anytime,bonferroni,3,2,False,B_BETTER,192,True,False,False,0.0002032080083154142,0.4,0.7694441991638782,True,True,True,False
968201fde6d92cbb4dc7,representation,representation_disagreement,905,2014401028,16,5000,0.4,0.05,rbf,median,anytime,bonferroni,3,2,False,B_BETTER,240,True,False,False,0.000208541052415967,0.4,0.6989114228795754,True,True,True,False
c3c020c10738325b9c26,representation,representation_disagreement,906,2768700702,16,5000,0.4,0.05,rbf,median,anytime,bonferroni,3,2,False,B_BETTER,240,True,False,False,0.00020479195518419147,0.4,0.6989114228795754,True,True,True,False
f2dd625d81785b4e3325,representation,representation_disagreement,907,18694875,16,5000,0.4,0.05,rbf,median,anytime,bonferroni,3,2,False,B_BETTER,208,True,False,False,0.00020599999697878957,0.4,0.7434004973451922,True,True,True,False
8f6b35fac9e3a7b8605a,representation,representation_disagreement,908,2031407227,16,5000,0.4,0.05,rbf,median,anytime,bonferroni,3,2,False,B_BETTER,208,True,False,False,0.0002035840298049152,0.4,0.7434004973451923,True,True,True,False
f58bfed3a0dcc0677b58,representation,representation_disagreement,909,1159203404,16,5000,0.4,0.05,rbf,median,anytime,bonferroni,3,2,False,B_BETTER,272,True,False,False,0.00020962499547749758,0.4,0.6620856821127258,True,True,True,False
f41c943a1a6fd89de445,representation,representation_disagreement,910,2413932316,16,5000,0.4,0.05,rbf,median,anytime,bonferroni,3,2,False,B_BETTER,224,True,False,False,0.00020412501180544496,0.4,0.7200353639175696,True,True,True,False
dd2a7f7ddf72001cfe50,representation,representation_disagreement,911,2468541920,16,5000,0.4,0.05,rbf,median,anytime,bonferroni,3,2,False,B_BETTER,304,True,False,False,0.0002080830163322389,0.4,0.6309186896508341,True,True,True,False
e92c8707c31472047dbb,representation,representation_disagreement,912,3519974544,16,5000,0.4,0.05,rbf,median,anytime,bonferroni,3,2,False,B_BETTER,224,True,False,False,0.00020608300110325217,0.4,0.7200353639175696,True,True,True,False
d2f3a0f79fbf1fde8340,representation,representation_disagreement,913,462513651,16,5000,0.4,0.05,rbf,median,anytime,bonferroni,3,2,False,B_BETTER,256,True,False,False,0.00021062500309199095,0.4,0.6796858875495522,True,True,True,False
75181b70a4705220f633,representation,representation_disagreement,914,3308408239,16,5000,0.4,0.05,rbf,median,anytime,bonferroni,3,2,False,B_BETTER,256,True,False,False,0.00020741700427606702,0.4,0.6796858875495522,True,True,True,False
31f255bd8eb3068670fb,representation,representation_disagreement,915,630033237,16,5000,0.4,0.05,rbf,median,anytime,bonferroni,3,2,False,B_BETTER,272,True,False,False,0.00020716601284220815,0.4,0.6620856821127259,True,True,True,False
0c8dd11ccae0c8ac5f78,representation,representation_disagreement,916,402726928,16,5000,0.4,0.05,rbf,median,anytime,bonferroni,3,2,False,B_BETTER,224,True,False,False,0.0002042090054601431,0.4,0.7200353639175696,True,True,True,False
e021ab9406f5fd57ee9f,representation,representation_disagreement,917,1746075912,16,5000,0.4,0.05,rbf,median,anytime,bonferroni,3,2,False,B_BETTER,288,True,False,False,0.00021245901007205248,0.4,0.6458901399180805,True,True,True,False
498a4757b8b8e3f9decc,representation,representation_disagreement,918,4080379103,16,5000,0.4,0.05,rbf,median,anytime,bonferroni,3,2,False,B_BETTER,288,True,False,False,0.00020695797866210341,0.4,0.6458901399180805,True,True,True,False
9938e5cc9ef24a368dd8,representation,representation_disagreement,919,1817826486,16,5000,0.4,0.05,rbf,median,anytime,bonferroni,3,2,False,B_BETTER,224,True,False,False,0.00020520901307463646,0.4,0.7200353639175696,True,True,True,False
93eb61dabc1d0e57ed41,representation,representation_disagreement,920,32683662,16,5000,0.4,0.05,rbf,median,anytime,bonferroni,3,2,False,B_BETTER,304,True,False,False,0.00020875001791864634,0.4,0.6309186896508341,True,True,True,False
39fbdc96ff1c17f099fd,representation,representation_disagreement,921,1917432820,16,5000,0.4,0.05,rbf,median,anytime,bonferroni,3,2,False,B_BETTER,256,True,False,False,0.00021066697081550956,0.4,0.6796858875495522,True,True,True,False
417422350eab11cad2a4,representation,representation_disagreement,922,362444804,16,5000,0.4,0.05,rbf,median,anytime,bonferroni,3,2,False,B_BETTER,272,True,False,False,0.0002072920324280858,0.4,0.6620856821127259,True,True,True,False
849c4e61240430b8efd3,representation,representation_disagreement,923,1086664834,16,5000,0.4,0.05,rbf,median,anytime,bonferroni,3,2,False,B_BETTER,208,True,False,False,0.00020445795962587,0.4,0.7434004973451923,True,True,True,False
b6d7e354861311b007ec,representation,representation_disagreement,924,760659613,16,5000,0.4,0.05,rbf,median,anytime,bonferroni,3,2,False,B_BETTER,272,True,False,False,0.0002073750365525484,0.4,0.6620856821127257,True,True,True,False
213e9227178e95c8ec98,representation,representation_disagreement,925,1213630493,16,5000,0.4,0.05,rbf,median,anytime,bonferroni,3,2,False,B_BETTER,240,True,False,False,0.0002090840134769678,0.4,0.6989114228795754,True,True,True,False
cf9ca4545d5c46e8416b,representation,representation_disagreement,926,2311213441,16,5000,0.4,0.05,rbf,median,anytime,bonferroni,3,2,False,B_BETTER,288,True,False,False,0.00020750000840052962,0.4,0.6458901399180805,True,True,True,False
cfe0da233ff178894302,representation,representation_disagreement,927,4279616280,16,5000,0.4,0.05,rbf,median,anytime,bonferroni,3,2,False,B_BETTER,272,True,False,False,0.0002080000122077763,0.4,0.6620856821127257,True,True,True,False
b5ea0ebc894d7cdbec38,representation,representation_disagreement,928,127240665,16,5000,0.4,0.05,rbf,median,anytime,bonferroni,3,2,False,B_BETTER,224,True,False,False,0.00020541599951684475,0.4,0.7200353639175696,True,True,True,False
2a2825ace570eb26bd36,representation,representation_disagreement,929,3208903334,16,5000,0.4,0.05,rbf,median,anytime,bonferroni,3,2,False,B_BETTER,256,True,False,False,0.00020879198564216495,0.4,0.6796858875495522,True,True,True,False
ca57f1ff5230414ace8a,representation,representation_disagreement,930,2598476800,16,5000,0.4,0.05,rbf,median,anytime,bonferroni,3,2,False,B_BETTER,304,True,False,False,0.00020708295051008463,0.4,0.6309186896508341,True,True,True,False
07174cfb8d1b85969433,representation,representation_disagreement,931,1552565190,16,5000,0.4,0.05,rbf,median,anytime,bonferroni,3,2,False,B_BETTER,256,True,False,False,0.00020595802925527096,0.4,0.6796858875495522,True,True,True,False
3fd1d38351f645bbf974,representation,representation_disagreement,932,2647276756,16,5000,0.4,0.05,rbf,median,anytime,bonferroni,3,2,False,B_BETTER,272,True,False,False,0.00020658300491049886,0.4,0.6620856821127257,True,True,True,False
e1156174708b538007ad,representation,representation_disagreement,933,1511275751,16,5000,0.4,0.05,rbf,median,anytime,bonferroni,3,2,False,B_BETTER,304,True,False,False,0.00021245802054181695,0.4,0.6309186896508341,True,True,True,False
c97597e81c7f6340b1f5,representation,representation_disagreement,934,713460285,16,5000,0.4,0.05,rbf,median,anytime,bonferroni,3,2,False,B_BETTER,224,True,False,False,0.00020462501561269164,0.4,0.7200353639175696,True,True,True,False
1ad5fb2bd72447b4459f,representation,representation_disagreement,935,2232095223,16,5000,0.4,0.05,rbf,median,anytime,bonferroni,3,2,False,B_BETTER,256,True,False,False,0.0002060839906334877,0.4,0.6796858875495522,True,True,True,False
5d4d0a39a733ac73976e,representation,representation_disagreement,936,2548606677,16,5000,0.4,0.05,rbf,median,anytime,bonferroni,3,2,False,B_BETTER,272,True,False,False,0.00021024997113272548,0.4,0.6620856821127259,True,True,True,False
25b9a1656fd5a2be1d42,representation,representation_disagreement,937,4160803428,16,5000,0.4,0.05,rbf,median,anytime,bonferroni,3,2,False,B_BETTER,288,True,False,False,0.00021237501641735435,0.4,0.6458901399180805,True,True,True,False
53b191dcc84c54e9d544,representation,representation_disagreement,938,707927938,16,5000,0.4,0.05,rbf,median,anytime,bonferroni,3,2,False,B_BETTER,208,True,False,False,0.0002060839906334877,0.4,0.7434004973451923,True,True,True,False
c83da9bac9462975d53f,representation,representation_disagreement,939,1015556859,16,5000,0.4,0.05,rbf,median,anytime,bonferroni,3,2,False,B_BETTER,304,True,False,False,0.00020762503845617175,0.4,0.6309186896508341,True,True,True,False
feff51cec6538d664b75,representation,representation_disagreement,940,3230544833,16,5000,0.4,0.05,rbf,median,anytime,bonferroni,3,2,False,B_BETTER,272,True,False,False,0.0002078750403597951,0.4,0.6620856821127257,True,True,True,False
1f01f0f25725e797ef31,representation,representation_disagreement,941,2817816014,16,5000,0.4,0.05,rbf,median,anytime,bonferroni,3,2,False,B_BETTER,208,True,False,False,0.0002086659660562873,0.4,0.7434004973451923,True,True,True,False
d63cef61f79107fbb116,representation,representation_disagreement,942,1901837520,16,5000,0.4,0.05,rbf,median,anytime,bonferroni,3,2,False,B_BETTER,272,True,False,False,0.00020887498976662755,0.4,0.6620856821127257,True,True,True,False
a95e8332df7e46c4885e,representation,representation_disagreement,943,1433923007,16,5000,0.4,0.05,rbf,median,anytime,bonferroni,3,2,False,B_BETTER,224,True,False,False,0.0002198750153183937,0.4,0.7200353639175696,True,True,True,False
ba4268d8b5ab167a28b3,representation,representation_disagreement,944,1607159880,16,5000,0.4,0.05,rbf,median,anytime,bonferroni,3,2,False,B_BETTER,352,True,False,False,0.0002253329730592668,0.4,0.5919724096504784,True,True,True,False
18323a3b05d8ea4aa61f,representation,representation_disagreement,945,2893903317,16,5000,0.4,0.05,rbf,median,anytime,bonferroni,3,2,False,B_BETTER,272,True,False,False,0.0002108750049956143,0.4,0.6620856821127258,True,True,True,False
6ac32372b7203d4cd5d5,representation,representation_disagreement,946,2179199270,16,5000,0.4,0.05,rbf,median,anytime,bonferroni,3,2,False,B_BETTER,288,True,False,False,0.000208500016015023,0.4,0.6458901399180805,True,True,True,False
f111ea342c8c22797e1f,representation,representation_disagreement,947,3173261845,16,5000,0.4,0.05,rbf,median,anytime,bonferroni,3,2,False,B_BETTER,240,True,False,False,0.00020566699095070362,0.4,0.6989114228795754,True,True,True,False
865de76c31d40e0e1922,representation,representation_disagreement,948,936323121,16,5000,0.4,0.05,rbf,median,anytime,bonferroni,3,2,False,B_BETTER,224,True,False,False,0.00020504201529547572,0.4,0.7200353639175696,True,True,True,False
6deaba2de0b0f496fe09,representation,representation_disagreement,949,1211451136,16,5000,0.4,0.05,rbf,median,anytime,bonferroni,3,2,False,B_BETTER,256,True,False,False,0.00020995899103581905,0.4,0.6796858875495522,True,True,True,False
0bd08d5366b92e6ed248,representation,representation_disagreement,950,196576663,16,5000,0.4,0.05,rbf,median,anytime,bonferroni,3,2,False,B_BETTER,272,True,False,False,0.00020812504226341844,0.4,0.6620856821127257,True,True,True,False
b0c18099f37f6024a83c,representation,representation_disagreement,951,2166148658,16,5000,0.4,0.05,rbf,median,anytime,bonferroni,3,2,False,B_BETTER,272,True,False,False,0.00020754203433170915,0.4,0.6620856821127259,True,True,True,False
457889db6cf63da6f9fd,representation,representation_disagreement,952,3636263384,16,5000,0.4,0.05,rbf,median,anytime,bonferroni,3,2,False,B_BETTER,304,True,False,False,0.00021000002743676305,0.4,0.6309186896508341,True,True,True,False
4c7be052516ddb8cf97d,representation,representation_disagreement,953,793263545,16,5000,0.4,0.05,rbf,median,anytime,bonferroni,3,2,False,B_BETTER,208,True,False,False,0.00020691700046882033,0.4,0.7434004973451923,True,True,True,False
3129b4952bea9fc28679,representation,representation_disagreement,954,3282946900,16,5000,0.4,0.05,rbf,median,anytime,bonferroni,3,2,False,B_BETTER,256,True,False,False,0.00020604196470230818,0.4,0.6796858875495522,True,True,True,False
7e3c2634d571eca518da,representation,representation_disagreement,955,3590896663,16,5000,0.4,0.05,rbf,median,anytime,bonferroni,3,2,False,B_BETTER,304,True,False,False,0.00020933302585035563,0.4,0.6309186896508341,True,True,True,False
d8733e3927bd33815bc3,representation,representation_disagreement,956,46600141,16,5000,0.4,0.05,rbf,median,anytime,bonferroni,3,2,False,B_BETTER,272,True,False,False,0.00020895799389109015,0.4,0.6620856821127259,True,True,True,False
a82410e941523c169cc5,representation,representation_disagreement,957,2221482061,16,5000,0.4,0.05,rbf,median,anytime,bonferroni,3,2,False,B_BETTER,304,True,False,False,0.0002134579699486494,0.4,0.6309186896508341,True,True,True,False
fedd5bde8c3c7ab789b5,representation,representation_disagreement,958,1942348394,16,5000,0.4,0.05,rbf,median,anytime,bonferroni,3,2,False,B_BETTER,240,True,False,False,0.00020712497644126415,0.4,0.6989114228795754,True,True,True,False
35fba3dda4c9cdd511fb,representation,representation_disagreement,959,601088864,16,5000,0.4,0.05,rbf,median,anytime,bonferroni,3,2,False,B_BETTER,224,True,False,False,0.0002049999893642962,0.4,0.7200353639175696,True,True,True,False
dafb6e8ecc01f2e90c94,representation,representation_disagreement,960,633658807,16,5000,0.4,0.05,rbf,median,anytime,bonferroni,3,2,False,B_BETTER,288,True,False,False,0.000208500016015023,0.4,0.6458901399180805,True,True,True,False
d30a99b36b1d4b8d436f,representation,representation_disagreement,961,1022436539,16,5000,0.4,0.05,rbf,median,anytime,bonferroni,3,2,False,B_BETTER,272,True,False,False,0.0002103750011883676,0.4,0.6620856821127258,True,True,True,False
ec7c1a6dc455c7dbdf66,representation,representation_disagreement,962,3407197826,16,5000,0.4,0.05,rbf,median,anytime,bonferroni,3,2,False,B_BETTER,256,True,False,False,0.00020758301252499223,0.4,0.6796858875495522,True,True,True,False
e321e8060bed8bc78746,representation,representation_disagreement,963,3277691026,16,5000,0.4,0.05,rbf,median,anytime,bonferroni,3,2,False,B_BETTER,176,True,False,False,0.0002025830326601863,0.4,0.7987351700636655,True,True,True,False
77781f47325e64dede7a,representation,representation_disagreement,964,1459355298,16,5000,0.4,0.05,rbf,median,anytime,bonferroni,3,2,False,B_BETTER,240,True,False,False,0.00020637502893805504,0.4,0.6989114228795754,True,True,True,False
c8b92a9e141cfb145495,representation,representation_disagreement,965,339332580,16,5000,0.4,0.05,rbf,median,anytime,bonferroni,3,2,False,B_BETTER,240,True,False,False,0.00020983396098017693,0.4,0.6989114228795754,True,True,True,False
62e804bc9731fd88235d,representation,representation_disagreement,966,1444969452,16,5000,0.4,0.05,rbf,median,anytime,bonferroni,3,2,False,B_BETTER,256,True,False,False,0.0002068749745376408,0.4,0.6796858875495522,True,True,True,False
be60d7b2c15d7ad43d8c,representation,representation_disagreement,967,2473381173,16,5000,0.4,0.05,rbf,median,anytime,bonferroni,3,2,False,B_BETTER,208,True,False,False,0.00020591699285432696,0.4,0.7434004973451923,True,True,True,False
12d6f7366021dd23708c,representation,representation_disagreement,968,447342882,16,5000,0.4,0.05,rbf,median,anytime,bonferroni,3,2,False,B_BETTER,288,True,False,False,0.00020895799389109015,0.4,0.6458901399180805,True,True,True,False
61cad12c9314d1306c50,representation,representation_disagreement,969,1356370304,16,5000,0.4,0.05,rbf,median,anytime,bonferroni,3,2,False,B_BETTER,240,True,False,False,0.0003102089976891875,0.4,0.6989114228795754,True,True,True,False
d42b44045cb0ddf7136f,representation,representation_disagreement,970,731734169,16,5000,0.4,0.05,rbf,median,anytime,bonferroni,3,2,False,B_BETTER,240,True,False,False,0.00033775001065805554,0.4,0.6989114228795754,True,True,True,False
d84e8617c04c31cdc266,representation,representation_disagreement,971,3264452587,16,5000,0.4,0.05,rbf,median,anytime,bonferroni,3,2,False,B_BETTER,304,True,False,False,0.00028558302437886596,0.4,0.6309186896508341,True,True,True,False
db915df227bda40ab438,representation,representation_disagreement,972,167256936,16,5000,0.4,0.05,rbf,median,anytime,bonferroni,3,2,False,B_BETTER,256,True,False,False,0.0004392910050228238,0.4,0.6796858875495522,True,True,True,False
ecf062e7b6807e9d0b83,representation,representation_disagreement,973,1666804860,16,5000,0.4,0.05,rbf,median,anytime,bonferroni,3,2,False,B_BETTER,256,True,False,False,0.00028141698567196727,0.4,0.6796858875495522,True,True,True,False
b328b2a3b6a12f30e08a,representation,representation_disagreement,974,3405817623,16,5000,0.4,0.05,rbf,median,anytime,bonferroni,3,2,False,B_BETTER,224,True,False,False,0.0002536249812692404,0.4,0.7200353639175696,True,True,True,False
130eb45abeddfaa56869,representation,representation_disagreement,975,3763232061,16,5000,0.4,0.05,rbf,median,anytime,bonferroni,3,2,False,B_BETTER,192,True,False,False,0.00024570798268541694,0.4,0.7694441991638782,True,True,True,False
37863397432d2a11e3ed,representation,representation_disagreement,976,3711540667,16,5000,0.4,0.05,rbf,median,anytime,bonferroni,3,2,False,B_BETTER,256,True,False,False,0.0002447080332785845,0.4,0.6796858875495522,True,True,True,False
356fc206febb1ea7e3f5,representation,representation_disagreement,977,983093082,16,5000,0.4,0.05,rbf,median,anytime,bonferroni,3,2,False,B_BETTER,208,True,False,False,0.00024824996944516897,0.4,0.7434004973451923,True,True,True,False
c616f89d3f4cde162585,representation,representation_disagreement,978,2189876318,16,5000,0.4,0.05,rbf,median,anytime,bonferroni,3,2,False,B_BETTER,320,True,False,False,0.0002448749728500843,0.4,0.6170219115444305,True,True,True,False
ec0d8192729a66179afd,representation,representation_disagreement,979,1992798148,16,5000,0.4,0.05,rbf,median,anytime,bonferroni,3,2,False,B_BETTER,256,True,False,False,0.0002407499705441296,0.4,0.6796858875495522,True,True,True,False
e0236bb10e7a62f05c83,representation,representation_disagreement,980,1134120747,16,5000,0.4,0.05,rbf,median,anytime,bonferroni,3,2,False,B_BETTER,256,True,False,False,0.0002440839889459312,0.4,0.6796858875495522,True,True,True,False
476ef50fa746ff720d14,representation,representation_disagreement,981,752310180,16,5000,0.4,0.05,rbf,median,anytime,bonferroni,3,2,False,B_BETTER,336,True,False,False,0.0002532909857109189,0.4,0.60407492330224,True,True,True,False
0be5a1062c69f40e1d81,representation,representation_disagreement,982,2031110118,16,5000,0.4,0.05,rbf,median,anytime,bonferroni,3,2,False,B_BETTER,288,True,False,False,0.00024137500440701842,0.4,0.6458901399180805,True,True,True,False
5e228d025b845084cee5,representation,representation_disagreement,983,2522217500,16,5000,0.4,0.05,rbf,median,anytime,bonferroni,3,2,False,B_BETTER,272,True,False,False,0.0002406249986961484,0.4,0.6620856821127257,True,True,True,False
5f04cac805ff5498b0e8,representation,representation_disagreement,984,3896744082,16,5000,0.4,0.05,rbf,median,anytime,bonferroni,3,2,False,B_BETTER,256,True,False,False,0.000238874985370785,0.4,0.6796858875495522,True,True,True,False
d033e53fb7a3b9569f4f,representation,representation_disagreement,985,2410175670,16,5000,0.4,0.05,rbf,median,anytime,bonferroni,3,2,False,B_BETTER,256,True,False,False,0.00023937498917803168,0.4,0.6796858875495522,True,True,True,False
b0afcf814d6fd0356794,representation,representation_disagreement,986,835787698,16,5000,0.4,0.05,rbf,median,anytime,bonferroni,3,2,False,B_BETTER,240,True,False,False,0.0002382500097155571,0.4,0.6989114228795754,True,True,True,False
068593d466256e8d4b4b,representation,representation_disagreement,987,3568545800,16,5000,0.4,0.05,rbf,median,anytime,bonferroni,3,2,False,B_BETTER,288,True,False,False,0.00024129200028255582,0.4,0.6458901399180805,True,True,True,False
06bc57366ba8b18a1268,representation,representation_disagreement,988,469527351,16,5000,0.4,0.05,rbf,median,anytime,bonferroni,3,2,False,B_BETTER,256,True,False,False,0.00023850001161918044,0.4,0.6796858875495522,True,True,True,False
76de3fcac3f9dbe998fd,representation,representation_disagreement,989,3840784109,16,5000,0.4,0.05,rbf,median,anytime,bonferroni,3,2,False,B_BETTER,256,True,False,False,0.00023820798378437757,0.4,0.6796858875495522,True,True,True,False
3813586dcd73bc15880c,representation,representation_disagreement,990,3207380666,16,5000,0.4,0.05,rbf,median,anytime,bonferroni,3,2,False,B_BETTER,304,True,False,False,0.00024149997625499964,0.4,0.6309186896508341,True,True,True,False
3884640bbf50fa6c566c,representation,representation_disagreement,991,4108305264,16,5000,0.4,0.05,rbf,median,anytime,bonferroni,3,2,False,B_BETTER,224,True,False,False,0.00024437502725049853,0.4,0.7200353639175696,True,True,True,False
7a7870ed8107941c68ff,representation,representation_disagreement,992,2893564091,16,5000,0.4,0.05,rbf,median,anytime,bonferroni,3,2,False,B_BETTER,304,True,False,False,0.00024079199647530913,0.4,0.6309186896508341,True,True,True,False
7260bdb5133f2ac552fe,representation,representation_disagreement,993,1427316136,16,5000,0.4,0.05,rbf,median,anytime,bonferroni,3,2,False,B_BETTER,208,True,False,False,0.0002352500450797379,0.4,0.7434004973451922,True,True,True,False
7854886eb65b53b4550b,representation,representation_disagreement,994,1342195891,16,5000,0.4,0.05,rbf,median,anytime,bonferroni,3,2,False,B_BETTER,208,True,False,False,0.00023629196221008897,0.4,0.7434004973451923,True,True,True,False
456c83f371ae589d9ba4,representation,representation_disagreement,995,3705152899,16,5000,0.4,0.05,rbf,median,anytime,bonferroni,3,2,False,B_BETTER,272,True,False,False,0.00025575002655386925,0.4,0.6620856821127259,True,True,True,False
131b723a487d3a191554,representation,representation_disagreement,996,1667808719,16,5000,0.4,0.05,rbf,median,anytime,bonferroni,3,2,False,B_BETTER,240,True,False,False,0.0002420409582555294,0.4,0.6989114228795754,True,True,True,False
52d5ed52fbb5511f6769,representation,representation_disagreement,997,2232756759,16,5000,0.4,0.05,rbf,median,anytime,bonferroni,3,2,False,B_BETTER,272,True,False,False,0.00024220801424235106,0.4,0.6620856821127257,True,True,True,False
c8e6bc7bc5a477e1c5ef,representation,representation_disagreement,998,1159635892,16,5000,0.4,0.05,rbf,median,anytime,bonferroni,3,2,False,B_BETTER,224,True,False,False,0.00023862504167482257,0.4,0.7200353639175696,True,True,True,False
eefba4ac6141688ff131,representation,representation_disagreement,999,1490890571,16,5000,0.4,0.05,rbf,median,anytime,bonferroni,3,2,False,B_BETTER,240,True,False,False,0.00023791700368747115,0.4,0.6989114228795754,True,True,True,False
478891be37ae01733f4e,representation,representation_disagreement,1000,13361303,16,5000,0.4,0.05,rbf,median,anytime,bonferroni,3,2,False,B_BETTER,192,True,False,False,0.00024204194778576493,0.4,0.7694441991638782,True,True,True,False
4c4e7120d26922aecb64,representation,representation_disagreement,1001,2938752662,16,5000,0.4,0.05,rbf,median,anytime,bonferroni,3,2,False,B_BETTER,256,True,False,False,0.0002455830108374357,0.4,0.6796858875495522,True,True,True,False
87e543442b4820474ea5,representation,representation_disagreement,1002,967700892,16,5000,0.4,0.05,rbf,median,anytime,bonferroni,3,2,False,B_BETTER,240,True,False,False,0.0002442499971948564,0.4,0.6989114228795754,True,True,True,False
c0dcbf29e6e6bd012ade,representation,representation_disagreement,1003,4156258002,16,5000,0.4,0.05,rbf,median,anytime,bonferroni,3,2,False,B_BETTER,240,True,False,False,0.0002477500238455832,0.4,0.6989114228795754,True,True,True,False
bfcd1db4cc2af80409fc,representation,representation_disagreement,1004,1203886692,16,5000,0.4,0.05,rbf,median,anytime,bonferroni,3,2,False,B_BETTER,256,True,False,False,0.00025991699658334255,0.4,0.6796858875495522,True,True,True,False
c7119bf579f306a5a1be,representation,representation_disagreement,1005,2999387090,16,5000,0.4,0.05,rbf,median,anytime,bonferroni,3,2,False,B_BETTER,256,True,False,False,0.0002300830092281103,0.4,0.6796858875495522,True,True,True,False
5796493611e09cdb793b,representation,representation_disagreement,1006,2679702568,16,5000,0.4,0.05,rbf,median,anytime,bonferroni,3,2,False,B_BETTER,240,True,False,False,0.00018862501019611955,0.4,0.6989114228795754,True,True,True,False
3b989ee26652a196e375,representation,representation_disagreement,1007,3585587602,16,5000,0.4,0.05,rbf,median,anytime,bonferroni,3,2,False,B_BETTER,240,True,False,False,0.00018366699805483222,0.4,0.6989114228795754,True,True,True,False
560a3685a4e8dd224478,representation,representation_disagreement,1008,2144092275,16,5000,0.4,0.05,rbf,median,anytime,bonferroni,3,2,False,B_BETTER,240,True,False,False,0.00018033297965303063,0.4,0.6989114228795754,True,True,True,False
b76c3c5fcbf755226809,representation,representation_disagreement,1009,1102745284,16,5000,0.4,0.05,rbf,median,anytime,bonferroni,3,2,False,B_BETTER,240,True,False,False,0.0001787919900380075,0.4,0.6989114228795754,True,True,True,False
5e3b0661f4894f0982b8,representation,representation_disagreement,1010,235507885,16,5000,0.4,0.05,rbf,median,anytime,bonferroni,3,2,False,B_BETTER,336,True,False,False,0.0001835419679991901,0.4,0.60407492330224,True,True,True,False
a87ba3e0aef7aa2903ab,representation,representation_disagreement,1011,1239666346,16,5000,0.4,0.05,rbf,median,anytime,bonferroni,3,2,False,B_BETTER,256,True,False,False,0.00017799995839595795,0.4,0.6796858875495522,True,True,True,False
5d5a23c688f6aa36a21b,representation,representation_disagreement,1012,1316997096,16,5000,0.4,0.05,rbf,median,anytime,bonferroni,3,2,False,B_BETTER,272,True,False,False,0.00017749995458871126,0.4,0.6620856821127259,True,True,True,False
68003db9332662250bd7,representation,representation_disagreement,1013,4241511982,16,5000,0.4,0.05,rbf,median,anytime,bonferroni,3,2,False,B_BETTER,256,True,False,False,0.00017704104539006948,0.4,0.6796858875495522,True,True,True,False
73302e57cf2c188adb2a,representation,representation_disagreement,1014,4116716017,16,5000,0.4,0.05,rbf,median,anytime,bonferroni,3,2,False,B_BETTER,240,True,False,False,0.00017629098147153854,0.4,0.6989114228795754,True,True,True,False
006b88703cf02a9fdf54,representation,representation_disagreement,1015,560510355,16,5000,0.4,0.05,rbf,median,anytime,bonferroni,3,2,False,B_BETTER,240,True,False,False,0.00017733301501721144,0.4,0.6989114228795754,True,True,True,False
ec417dcda104ee8050e9,representation,representation_disagreement,1016,3437077305,16,5000,0.4,0.05,rbf,median,anytime,bonferroni,3,2,False,B_BETTER,240,True,False,False,0.0001769589725881815,0.4,0.6989114228795754,True,True,True,False
f2e9a3b1ecafc953c209,representation,representation_disagreement,1017,2412688528,16,5000,0.4,0.05,rbf,median,anytime,bonferroni,3,2,False,B_BETTER,240,True,False,False,0.00017583300359547138,0.4,0.6989114228795754,True,True,True,False
071a56a93173b79ee580,representation,representation_disagreement,1018,624202841,16,5000,0.4,0.05,rbf,median,anytime,bonferroni,3,2,False,B_BETTER,256,True,False,False,0.00017616600962355733,0.4,0.6796858875495522,True,True,True,False
3ce03d40d2ddda41cd23,representation,representation_disagreement,1019,1840789612,16,5000,0.4,0.05,rbf,median,anytime,bonferroni,3,2,False,B_BETTER,272,True,False,False,0.00017687497893348336,0.4,0.6620856821127258,True,True,True,False
2256851de20bc06ee10d,representation,representation_disagreement,1020,3546614676,16,5000,0.4,0.05,rbf,median,anytime,bonferroni,3,2,False,B_BETTER,208,True,False,False,0.00017487502191215754,0.4,0.7434004973451922,True,True,True,False
13e8bb2de4066df79359,representation,representation_disagreement,1021,1127190160,16,5000,0.4,0.05,rbf,median,anytime,bonferroni,3,2,False,B_BETTER,240,True,False,False,0.00017637497512623668,0.4,0.6989114228795754,True,True,True,False
ae0bae09a69885cac304,representation,representation_disagreement,1022,2122386723,16,5000,0.4,0.05,rbf,median,anytime,bonferroni,3,2,False,B_BETTER,272,True,False,False,0.00017695804126560688,0.4,0.6620856821127257,True,True,True,False
38e86412b82a52923888,representation,representation_disagreement,1023,1915471543,16,5000,0.4,0.05,rbf,median,anytime,bonferroni,3,2,False,B_BETTER,256,True,False,False,0.0001752919633872807,0.4,0.6796858875495522,True,True,True,False
0213af69d4e3eb2ca56d,representation,representation_disagreement,1024,1831862803,16,5000,0.4,0.05,rbf,median,anytime,bonferroni,3,2,False,B_BETTER,288,True,False,False,0.00017775001469999552,0.4,0.6458901399180805,True,True,True,False
3abf678c88ccf87565a9,representation,representation_disagreement,1025,2900296576,16,5000,0.4,0.05,rbf,median,anytime,bonferroni,3,2,False,B_BETTER,256,True,False,False,0.00017595896497368813,0.4,0.6796858875495522,True,True,True,False
b2aa6bce54094f680ce5,representation,representation_disagreement,1026,4012826580,16,5000,0.4,0.05,rbf,median,anytime,bonferroni,3,2,False,B_BETTER,224,True,False,False,0.0001996250357478857,0.4,0.7200353639175696,True,True,True,False
08d1e0be5211e03e709a,representation,representation_disagreement,1027,2677489854,16,5000,0.4,0.05,rbf,median,anytime,bonferroni,3,2,False,B_BETTER,208,True,False,False,0.00020270899403840303,0.4,0.7434004973451923,True,True,True,False
b771af32bfd9f39beaa6,representation,representation_disagreement,1028,3735147476,16,5000,0.4,0.05,rbf,median,anytime,bonferroni,3,2,False,B_BETTER,224,True,False,False,0.00020287494407966733,0.4,0.7200353639175696,True,True,True,False
8e0db559cd8a3f59784a,representation,representation_disagreement,1029,807131434,16,5000,0.4,0.05,rbf,median,anytime,bonferroni,3,2,False,B_BETTER,208,True,False,False,0.00020291697001084685,0.4,0.7434004973451924,True,True,True,False
f750d1271d21cf48f72c,representation,representation_disagreement,1030,782330531,16,5000,0.4,0.05,rbf,median,anytime,bonferroni,3,2,False,B_BETTER,256,True,False,False,0.00020441599190235138,0.4,0.6796858875495522,True,True,True,False
78d3560aa6d56c69e8ef,representation,representation_disagreement,1031,3478949700,16,5000,0.4,0.05,rbf,median,anytime,bonferroni,3,2,False,B_BETTER,224,True,False,False,0.0002039159880951047,0.4,0.7200353639175696,True,True,True,False
ecbceb06ab61471da77d,representation,representation_disagreement,1032,283983880,16,5000,0.4,0.05,rbf,median,anytime,bonferroni,3,2,False,B_BETTER,240,True,False,False,0.00020337500609457493,0.4,0.6989114228795754,True,True,True,False
2c0134dbb6f673de6bbe,representation,representation_disagreement,1033,2958234438,16,5000,0.4,0.05,rbf,median,anytime,bonferroni,3,2,False,B_BETTER,256,True,False,False,0.00020479195518419147,0.4,0.6796858875495522,True,True,True,False
7b3445e4f2f816668a31,representation,representation_disagreement,1034,3615904830,16,5000,0.4,0.05,rbf,median,anytime,bonferroni,3,2,False,B_BETTER,272,True,False,False,0.00020512501941993833,0.4,0.6620856821127258,True,True,True,False
ad684474d8c8bb86abdf,representation,representation_disagreement,1035,3263674862,16,5000,0.4,0.05,rbf,median,anytime,bonferroni,3,2,False,B_BETTER,224,True,False,False,0.00020224996842443943,0.4,0.7200353639175696,True,True,True,False
185ed914b89d386290c0,representation,representation_disagreement,1036,3424786914,16,5000,0.4,0.05,rbf,median,anytime,bonferroni,3,2,False,B_BETTER,304,True,False,False,0.00020762498024851084,0.4,0.6309186896508341,True,True,True,False
ad32766eb90f8266d7e6,representation,representation_disagreement,1037,2283221809,16,5000,0.4,0.05,rbf,median,anytime,bonferroni,3,2,False,B_BETTER,176,True,False,False,0.00020179204875603318,0.4,0.7987351700636653,True,True,True,False
2c7c551d0ee0ab515a00,representation,representation_disagreement,1038,3332440350,16,5000,0.4,0.05,rbf,median,anytime,bonferroni,3,2,False,B_BETTER,272,True,False,False,0.00020508398301899433,0.4,0.6620856821127258,True,True,True,False
96732b78acb293e6dd4a,representation,representation_disagreement,1039,3600584155,16,5000,0.4,0.05,rbf,median,anytime,bonferroni,3,2,False,B_BETTER,256,True,False,False,0.0002043750137090683,0.4,0.6796858875495522,True,True,True,False
b61e16835233750ddb08,representation,representation_disagreement,1040,3515180464,16,5000,0.4,0.05,rbf,median,anytime,bonferroni,3,2,False,B_BETTER,272,True,False,False,0.0002060839906334877,0.4,0.6620856821127259,True,True,True,False
041bbc09cbe780c5e1c5,representation,representation_disagreement,1041,1925041882,16,5000,0.4,0.05,rbf,median,anytime,bonferroni,3,2,False,B_BETTER,224,True,False,False,0.00020154204685240984,0.4,0.7200353639175696,True,True,True,False
043b0454924c4d34e41e,representation,representation_disagreement,1042,2642390509,16,5000,0.4,0.05,rbf,median,anytime,bonferroni,3,2,False,B_BETTER,288,True,False,False,0.00020570802735164762,0.4,0.6458901399180805,True,True,True,False
740492e660a84ae556ee,representation,representation_disagreement,1043,566350997,16,5000,0.4,0.05,rbf,median,anytime,bonferroni,3,2,False,B_BETTER,256,True,False,False,0.000203415984287858,0.4,0.6796858875495522,True,True,True,False
ced05fc60a0d993f6972,representation,representation_disagreement,1044,684615288,16,5000,0.4,0.05,rbf,median,anytime,bonferroni,3,2,False,B_BETTER,320,True,False,False,0.00020770903211086988,0.4,0.6170219115444306,True,True,True,False
b1ec8a74d2c6db489e09,representation,representation_disagreement,1045,2077535229,16,5000,0.4,0.05,rbf,median,anytime,bonferroni,3,2,False,B_BETTER,208,True,False,False,0.00020354200387373567,0.4,0.7434004973451923,True,True,True,False
351e8c9acb131a321a2e,representation,representation_disagreement,1046,438234395,16,5000,0.4,0.05,rbf,median,anytime,bonferroni,3,2,False,B_BETTER,288,True,False,False,0.00020654097897931933,0.4,0.6458901399180805,True,True,True,False
59d88b7b67bfcf39a887,representation,representation_disagreement,1047,1350613046,16,5000,0.4,0.05,rbf,median,anytime,bonferroni,3,2,False,B_BETTER,240,True,False,False,0.00024583301274105906,0.4,0.6989114228795754,True,True,True,False
384fd8cc5c375c57b353,representation,representation_disagreement,1048,2022400307,16,5000,0.4,0.05,rbf,median,anytime,bonferroni,3,2,False,B_BETTER,208,True,False,False,0.0002026250003837049,0.4,0.7434004973451923,True,True,True,False
c97e32cc1e576035a607,representation,representation_disagreement,1049,4168712305,16,5000,0.4,0.05,rbf,median,anytime,bonferroni,3,2,False,B_BETTER,288,True,False,False,0.00020583299919962883,0.4,0.6458901399180805,True,True,True,False
033b96f83f68739aed68,representation,representation_disagreement,1050,284162909,16,5000,0.4,0.05,rbf,median,anytime,bonferroni,3,2,False,B_BETTER,272,True,False,False,0.00020508404122665524,0.4,0.6620856821127257,True,True,True,False
6b12cec085048e6fdde5,representation,representation_disagreement,1051,3972867118,16,5000,0.4,0.05,rbf,median,anytime,bonferroni,3,2,False,B_BETTER,256,True,False,False,0.00020445795962587,0.4,0.6796858875495522,True,True,True,False
eb3a51e2bfc142f18b4d,representation,representation_disagreement,1052,21746372,16,5000,0.4,0.05,rbf,median,anytime,bonferroni,3,2,False,B_BETTER,256,True,False,False,0.00020849995780736208,0.4,0.6796858875495522,True,True,True,False
98f0faa2aa3434ff4532,representation,representation_disagreement,1053,911803662,16,5000,0.4,0.05,rbf,median,anytime,bonferroni,3,2,False,B_BETTER,256,True,False,False,0.00020433298777788877,0.4,0.6796858875495522,True,True,True,False
6d4e215b0565fc454fbd,representation,representation_disagreement,1054,2660456070,16,5000,0.4,0.05,rbf,median,anytime,bonferroni,3,2,False,B_BETTER,256,True,False,False,0.00020391697762534022,0.4,0.6796858875495522,True,True,True,False
97e42843de15194e78c5,representation,representation_disagreement,1055,989623238,16,5000,0.4,0.05,rbf,median,anytime,bonferroni,3,2,False,B_BETTER,256,True,False,False,0.00020475004566833377,0.4,0.6796858875495522,True,True,True,False
e2d73f5e2cdb1ead9c56,representation,representation_disagreement,1056,535346203,16,5000,0.4,0.05,rbf,median,anytime,bonferroni,3,2,False,B_BETTER,320,True,False,False,0.0002068749745376408,0.4,0.6170219115444305,True,True,True,False
9f79b75bcc23818d08cf,representation,representation_disagreement,1057,3993551194,16,5000,0.4,0.05,rbf,median,anytime,bonferroni,3,2,False,B_BETTER,304,True,False,False,0.00020591600332409143,0.4,0.6309186896508341,True,True,True,False
02ce0ae25e6cdebd05a2,representation,representation_disagreement,1058,379401226,16,5000,0.4,0.05,rbf,median,anytime,bonferroni,3,2,False,B_BETTER,240,True,False,False,0.00028391601517796516,0.4,0.6989114228795754,True,True,True,False
e29ae3bcbc261cb58a01,representation,representation_disagreement,1059,590829579,16,5000,0.4,0.05,rbf,median,anytime,bonferroni,3,2,False,B_BETTER,304,True,False,False,0.00027254200540483,0.4,0.6309186896508341,True,True,True,False
1decd7250c04d3c2bc60,representation,representation_disagreement,1060,3315640197,16,5000,0.4,0.05,rbf,median,anytime,bonferroni,3,2,False,B_BETTER,272,True,False,False,0.0002464170102030039,0.4,0.6620856821127258,True,True,True,False
3634ed06e9bc3b7be7f3,representation,representation_disagreement,1061,1328264767,16,5000,0.4,0.05,rbf,median,anytime,bonferroni,3,2,False,B_BETTER,272,True,False,False,0.0002477090456523001,0.4,0.6620856821127258,True,True,True,False
dd1a209f2f3179012c3e,representation,representation_disagreement,1062,521160256,16,5000,0.4,0.05,rbf,median,anytime,bonferroni,3,2,False,B_BETTER,288,True,False,False,0.00024333305191248655,0.4,0.6458901399180805,True,True,True,False
b5cebb92fe0f62b7a3fa,representation,representation_disagreement,1063,1206025740,16,5000,0.4,0.05,rbf,median,anytime,bonferroni,3,2,False,B_BETTER,240,True,False,False,0.00024083297466859221,0.4,0.6989114228795754,True,True,True,False
1b0464c9cf12ff200ca7,representation,representation_disagreement,1064,3219281150,16,5000,0.4,0.05,rbf,median,anytime,bonferroni,3,2,False,B_BETTER,240,True,False,False,0.00023904204135760665,0.4,0.6989114228795754,True,True,True,False
b084589da0f0412d5748,representation,representation_disagreement,1065,3190024966,16,5000,0.4,0.05,rbf,median,anytime,bonferroni,3,2,False,B_BETTER,288,True,False,False,0.0002462079864926636,0.4,0.6458901399180805,True,True,True,False
62e160cc05363c5d0a0c,representation,representation_disagreement,1066,761900858,16,5000,0.4,0.05,rbf,median,anytime,bonferroni,3,2,False,B_BETTER,224,True,False,False,0.00023812497965991497,0.4,0.7200353639175696,True,True,True,False
83e117ce99e85fd8896e,representation,representation_disagreement,1067,3233194049,16,5000,0.4,0.05,rbf,median,anytime,bonferroni,3,2,False,B_BETTER,224,True,False,False,0.00025454204296693206,0.4,0.7200353639175696,True,True,True,False
517220dbe4798af177d5,representation,representation_disagreement,1068,1576000866,16,5000,0.4,0.05,rbf,median,anytime,bonferroni,3,2,False,B_BETTER,240,True,False,False,0.000270040996838361,0.4,0.6989114228795754,True,True,True,False
887c6400ece14b8ef3c0,representation,representation_disagreement,1069,70001427,16,5000,0.4,0.05,rbf,median,anytime,bonferroni,3,2,False,B_BETTER,240,True,False,False,0.0002217080327682197,0.4,0.6989114228795754,True,True,True,False
6b3512281eb9c48fa42f,representation,representation_disagreement,1070,905750390,16,5000,0.4,0.05,rbf,median,anytime,bonferroni,3,2,False,B_BETTER,240,True,False,False,0.00021241704234853387,0.4,0.6989114228795754,True,True,True,False
9cd17f69859dff9562a7,representation,representation_disagreement,1071,2096474892,16,5000,0.4,0.05,rbf,median,anytime,bonferroni,3,2,False,B_BETTER,240,True,False,False,0.00020937505178153515,0.4,0.6989114228795754,True,True,True,False
a6e8d470a55740f034c0,representation,representation_disagreement,1072,4038543344,16,5000,0.4,0.05,rbf,median,anytime,bonferroni,3,2,False,B_BETTER,272,True,False,False,0.00020941701950505376,0.4,0.6620856821127259,True,True,True,False
5d38a8de2f9f5e1bbf88,representation,representation_disagreement,1073,3998236157,16,5000,0.4,0.05,rbf,median,anytime,bonferroni,3,2,False,B_BETTER,272,True,False,False,0.00020870898151770234,0.4,0.6620856821127257,True,True,True,False
a978f851ac257f801c88,representation,representation_disagreement,1074,11746975,16,5000,0.4,0.05,rbf,median,anytime,bonferroni,3,2,False,B_BETTER,176,True,False,False,0.00020308303646743298,0.4,0.7987351700636656,True,True,True,False
883a6531503d45edd3f3,representation,representation_disagreement,1075,1663233393,16,5000,0.4,0.05,rbf,median,anytime,bonferroni,3,2,False,B_BETTER,256,True,False,False,0.00020791596034541726,0.4,0.6796858875495522,True,True,True,False
1521f793e74d4105462b,representation,representation_disagreement,1076,1711503874,16,5000,0.4,0.05,rbf,median,anytime,bonferroni,3,2,False,B_BETTER,256,True,False,False,0.00020587502513080835,0.4,0.6796858875495522,True,True,True,False
8c85345321e5a7b0bd3f,representation,representation_disagreement,1077,1533638030,16,5000,0.4,0.05,rbf,median,anytime,bonferroni,3,2,False,B_BETTER,320,True,False,False,0.00020891701569780707,0.4,0.6170219115444305,True,True,True,False
cf10b86cce7a347077a1,representation,representation_disagreement,1078,403289139,16,5000,0.4,0.05,rbf,median,anytime,bonferroni,3,2,False,B_BETTER,288,True,False,False,0.00020662503084167838,0.4,0.6458901399180805,True,True,True,False
737d723d6e1e23a16913,representation,representation_disagreement,1079,4090646336,16,5000,0.4,0.05,rbf,median,anytime,bonferroni,3,2,False,B_BETTER,208,True,False,False,0.00020233297254890203,0.4,0.7434004973451923,True,True,True,False
08eb46f040648c2df1a5,representation,representation_disagreement,1080,1335552658,16,5000,0.4,0.05,rbf,median,anytime,bonferroni,3,2,False,B_BETTER,304,True,False,False,0.00020954100182279944,0.4,0.6309186896508341,True,True,True,False
0a5063d3bb35e8a2247a,representation,representation_disagreement,1081,163909268,16,5000,0.4,0.05,rbf,median,anytime,bonferroni,3,2,False,B_BETTER,320,True,False,False,0.00020862504607066512,0.4,0.6170219115444304,True,True,True,False
515140dc59b3e8ebb073,representation,representation_disagreement,1082,948981155,16,5000,0.4,0.05,rbf,median,anytime,bonferroni,3,2,False,B_BETTER,320,True,False,False,0.000208500016015023,0.4,0.6170219115444305,True,True,True,False
58d1a13ec5098853727a,representation,representation_disagreement,1083,2020012943,16,5000,0.4,0.05,rbf,median,anytime,bonferroni,3,2,False,B_BETTER,208,True,False,False,0.00020412501180544496,0.4,0.7434004973451924,True,True,True,False
43f8bd4501a5d039919b,representation,representation_disagreement,1084,2710179972,16,5000,0.4,0.05,rbf,median,anytime,bonferroni,3,2,False,B_BETTER,208,True,False,False,0.00019483297364786267,0.4,0.7434004973451922,True,True,True,False
fce0084c3e13c438363a,representation,representation_disagreement,1085,4259862225,16,5000,0.4,0.05,rbf,median,anytime,bonferroni,3,2,False,B_BETTER,224,True,False,False,0.00017741700867190957,0.4,0.7200353639175696,True,True,True,False
8c162fde00e1656ac782,representation,representation_disagreement,1086,1750034130,16,5000,0.4,0.05,rbf,median,anytime,bonferroni,3,2,False,B_BETTER,240,True,False,False,0.00017562496941536665,0.4,0.6989114228795754,True,True,True,False
ce4db73d2a706df877be,representation,representation_disagreement,1087,4236160007,16,5000,0.4,0.05,rbf,median,anytime,bonferroni,3,2,False,B_BETTER,304,True,False,False,0.00017924996791407466,0.4,0.6309186896508341,True,True,True,False
7da87bb49a46f95e3c7b,representation,representation_disagreement,1088,863771388,16,5000,0.4,0.05,rbf,median,anytime,bonferroni,3,2,False,B_BETTER,240,True,False,False,0.00017662497702986002,0.4,0.6989114228795754,True,True,True,False
2bd44928bfd27068ec2c,representation,representation_disagreement,1089,2573732883,16,5000,0.4,0.05,rbf,median,anytime,bonferroni,3,2,False,B_BETTER,272,True,False,False,0.00017754099098965526,0.4,0.6620856821127258,True,True,True,False
d463a0b650fadb08835f,representation,representation_disagreement,1090,4248769239,16,5000,0.4,0.05,rbf,median,anytime,bonferroni,3,2,False,B_BETTER,224,True,False,False,0.0001757920254021883,0.4,0.7200353639175696,True,True,True,False
5a4df7f0daa121dba194,representation,representation_disagreement,1091,3435927022,16,5000,0.4,0.05,rbf,median,anytime,bonferroni,3,2,False,B_BETTER,320,True,False,False,0.00017929199384525418,0.4,0.6170219115444305,True,True,True,False
7f1529061f0d30297a90,representation,representation_disagreement,1092,3141337119,16,5000,0.4,0.05,rbf,median,anytime,bonferroni,3,2,False,B_BETTER,224,True,False,False,0.00017666601343080401,0.4,0.7200353639175696,True,True,True,False
b67434e4c35f356d049f,representation,representation_disagreement,1093,3098933803,16,5000,0.4,0.05,rbf,median,anytime,bonferroni,3,2,False,B_BETTER,256,True,False,False,0.0001770000089891255,0.4,0.6796858875495522,True,True,True,False
77c2d64ffa44ac64b03e,representation,representation_disagreement,1094,1938716787,16,5000,0.4,0.05,rbf,median,anytime,bonferroni,3,2,False,B_BETTER,272,True,False,False,0.000177707988768816,0.4,0.6620856821127259,True,True,True,False
d981d967baee0a75100f,representation,representation_disagreement,1095,3978278386,16,5000,0.4,0.05,rbf,median,anytime,bonferroni,3,2,False,B_BETTER,320,True,False,False,0.00017920898972079158,0.4,0.6170219115444306,True,True,True,False
8e77e9c1983df3a8dad2,representation,representation_disagreement,1096,3320722791,16,5000,0.4,0.05,rbf,median,anytime,bonferroni,3,2,False,B_BETTER,240,True,False,False,0.00017570797353982925,0.4,0.6989114228795754,True,True,True,False
ca701f4199d355d070a6,representation,representation_disagreement,1097,3178051449,16,5000,0.4,0.05,rbf,median,anytime,bonferroni,3,2,False,B_BETTER,256,True,False,False,0.0001776670105755329,0.4,0.6796858875495522,True,True,True,False
eca0c146a4a83d7995a0,representation,representation_disagreement,1098,312408023,16,5000,0.4,0.05,rbf,median,anytime,bonferroni,3,2,False,B_BETTER,256,True,False,False,0.00017645797925069928,0.4,0.6796858875495522,True,True,True,False
9f07f474ab76d907c3b8,representation,representation_disagreement,1099,1866251495,16,5000,0.4,0.05,rbf,median,anytime,bonferroni,3,2,False,B_BETTER,256,True,False,False,0.00017787498654797673,0.4,0.6796858875495522,True,True,True,False
c194cc2e049f9f535257,representation,representation_disagreement,1100,1012617170,16,5000,0.4,0.05,rbf,median,anytime,bonferroni,3,2,False,B_BETTER,240,True,False,False,0.0001760409795679152,0.4,0.6989114228795754,True,True,True,False
37f0d0de808effe67f6d,representation,representation_disagreement,1101,2179384029,16,5000,0.4,0.05,rbf,median,anytime,bonferroni,3,2,False,B_BETTER,272,True,False,False,0.0001770419767126441,0.4,0.6620856821127258,True,True,True,False
4623d67adae187a5e717,representation,representation_disagreement,1102,3129487806,16,5000,0.4,0.05,rbf,median,anytime,bonferroni,3,2,False,B_BETTER,240,True,False,False,0.00017962499987334013,0.4,0.6989114228795754,True,True,True,False
9a27db6d61cdcab12cff,representation,representation_disagreement,1103,717612729,16,5000,0.4,0.05,rbf,median,anytime,bonferroni,3,2,False,B_BETTER,304,True,False,False,0.00018087495118379593,0.4,0.6309186896508341,True,True,True,False
85ba6de7c4ce506dc14e,representation,representation_disagreement,1104,1606036131,16,5000,0.4,0.05,rbf,median,anytime,bonferroni,3,2,False,B_BETTER,272,True,False,False,0.00017845898400992155,0.4,0.6620856821127258,True,True,True,False
e9a6eafd6904606a0651,representation,representation_disagreement,1105,222807122,16,5000,0.4,0.05,rbf,median,anytime,bonferroni,3,2,False,B_BETTER,208,True,False,False,0.0001754160039126873,0.4,0.7434004973451922,True,True,True,False
157e87fce8a0345dcb69,representation,representation_disagreement,1106,1420250929,16,5000,0.4,0.05,rbf,median,anytime,bonferroni,3,2,False,B_BETTER,304,True,False,False,0.0001787500223144889,0.4,0.6309186896508341,True,True,True,False
e3d004aed826cc3920bf,representation,representation_disagreement,1107,1025504279,16,5000,0.4,0.05,rbf,median,anytime,bonferroni,3,2,False,B_BETTER,288,True,False,False,0.00017850002041086555,0.4,0.6458901399180805,True,True,True,False
fcefced7986eaefb6f44,representation,representation_disagreement,1108,2192748541,16,5000,0.4,0.05,rbf,median,anytime,bonferroni,3,2,False,B_BETTER,240,True,False,False,0.0001765829510986805,0.4,0.6989114228795754,True,True,True,False
42f881924b6e3a003896,representation,representation_disagreement,1109,113044274,16,5000,0.4,0.05,rbf,median,anytime,bonferroni,3,2,False,B_BETTER,192,True,False,False,0.00017562502762302756,0.4,0.7694441991638782,True,True,True,False
4761feedd8a604740fe6,representation,representation_disagreement,1110,806650617,16,5000,0.4,0.05,rbf,median,anytime,bonferroni,3,2,False,B_BETTER,256,True,False,False,0.00017625000327825546,0.4,0.6796858875495522,True,True,True,False
635045e85fa5dabeb618,representation,representation_disagreement,1111,3664790857,16,5000,0.4,0.05,rbf,median,anytime,bonferroni,3,2,False,B_BETTER,288,True,False,False,0.00017745897639542818,0.4,0.6458901399180805,True,True,True,False
15b4a4aecd7cc1ca2944,representation,representation_disagreement,1112,1447441408,16,5000,0.4,0.05,rbf,median,anytime,bonferroni,3,2,False,B_BETTER,304,True,False,False,0.0001782499602995813,0.4,0.6309186896508341,True,True,True,False
d5a81f3e66577cbc9a62,representation,representation_disagreement,1113,3242980177,16,5000,0.4,0.05,rbf,median,anytime,bonferroni,3,2,False,B_BETTER,320,True,False,False,0.00017850002041086555,0.4,0.6170219115444304,True,True,True,False
f95d77ed430bbcd8c24c,representation,representation_disagreement,1114,2980526023,16,5000,0.4,0.05,rbf,median,anytime,bonferroni,3,2,False,B_BETTER,272,True,False,False,0.00017758295871317387,0.4,0.6620856821127258,True,True,True,False
65dc2a1db2e32b6786b6,representation,representation_disagreement,1115,1171000548,16,5000,0.4,0.05,rbf,median,anytime,bonferroni,3,2,False,B_BETTER,272,True,False,False,0.00017729098908603191,0.4,0.6620856821127259,True,True,True,False
42a6052806434d97af64,representation,representation_disagreement,1116,2615357274,16,5000,0.4,0.05,rbf,median,anytime,bonferroni,3,2,False,B_BETTER,240,True,False,False,0.000174832995980978,0.4,0.6989114228795754,True,True,True,False
ab726a0294cb9705a200,representation,representation_disagreement,1117,805335950,16,5000,0.4,0.05,rbf,median,anytime,bonferroni,3,2,False,B_BETTER,240,True,False,False,0.0003537079901434481,0.4,0.6989114228795754,True,True,True,False
1a78ef2d6c02e6ac5acd,representation,representation_disagreement,1118,3941011246,16,5000,0.4,0.05,rbf,median,anytime,bonferroni,3,2,False,B_BETTER,256,True,False,False,0.00027029099874198437,0.4,0.6796858875495522,True,True,True,False
27c323c1222c23462ef1,representation,representation_disagreement,1119,111511018,16,5000,0.4,0.05,rbf,median,anytime,bonferroni,3,2,False,B_BETTER,192,True,False,False,0.00024262501392513514,0.4,0.7694441991638783,True,True,True,False
df2e4699a04be4e4ddc7,representation,representation_disagreement,1120,152486566,16,5000,0.4,0.05,rbf,median,anytime,bonferroni,3,2,False,B_BETTER,240,True,False,False,0.00024020799901336432,0.4,0.6989114228795754,True,True,True,False
ea646d8cb063a3650d46,representation,representation_disagreement,1121,3831632696,16,5000,0.4,0.05,rbf,median,anytime,bonferroni,3,2,False,B_BETTER,208,True,False,False,0.0002387919812463224,0.4,0.7434004973451922,True,True,True,False
efd3a5fa5a7346d9a183,representation,representation_disagreement,1122,1826013676,16,5000,0.4,0.05,rbf,median,anytime,bonferroni,3,2,False,B_BETTER,272,True,False,False,0.00024370901519432664,0.4,0.6620856821127257,True,True,True,False
1cd4a304b1f7546c16b9,representation,representation_disagreement,1123,3678949675,16,5000,0.4,0.05,rbf,median,anytime,bonferroni,3,2,False,B_BETTER,256,True,False,False,0.0002568329800851643,0.4,0.6796858875495522,True,True,True,False
3d007dd192ba50ee56fc,representation,representation_disagreement,1124,1863163026,16,5000,0.4,0.05,rbf,median,anytime,bonferroni,3,2,False,B_BETTER,256,True,False,False,0.00024308398133143783,0.4,0.6796858875495522,True,True,True,False
38bdf8e4e68f0ea4f980,representation,representation_disagreement,1125,4223969200,16,5000,0.4,0.05,rbf,median,anytime,bonferroni,3,2,False,B_BETTER,288,True,False,False,0.00024079199647530913,0.4,0.6458901399180805,True,True,True,False
a62e3612ed8e18738cbf,representation,representation_disagreement,1126,805079789,16,5000,0.4,0.05,rbf,median,anytime,bonferroni,3,2,False,B_BETTER,240,True,False,False,0.00023820798378437757,0.4,0.6989114228795754,True,True,True,False
ad461cd52cc1338547d6,representation,representation_disagreement,1127,54996092,16,5000,0.4,0.05,rbf,median,anytime,bonferroni,3,2,False,B_BETTER,256,True,False,False,0.00023820798378437757,0.4,0.6796858875495522,True,True,True,False
4eb2ab4f32b809105596,representation,representation_disagreement,1128,4184451268,16,5000,0.4,0.05,rbf,median,anytime,bonferroni,3,2,False,B_BETTER,208,True,False,False,0.00023583299480378628,0.4,0.7434004973451924,True,True,True,False
d32c686eeb8508fccbdb,representation,representation_disagreement,1129,2026135018,16,5000,0.4,0.05,rbf,median,anytime,bonferroni,3,2,False,B_BETTER,256,True,False,False,0.00023883295943960547,0.4,0.6796858875495522,True,True,True,False
5a8c1c22f9ac5f347361,representation,representation_disagreement,1130,4223714486,16,5000,0.4,0.05,rbf,median,anytime,bonferroni,3,2,False,B_BETTER,288,True,False,False,0.0002398340147919953,0.4,0.6458901399180805,True,True,True,False
03f2246a74b811fc595e,representation,representation_disagreement,1131,2705931756,16,5000,0.4,0.05,rbf,median,anytime,bonferroni,3,2,False,B_BETTER,224,True,False,False,0.00023720803437754512,0.4,0.7200353639175696,True,True,True,False
fb3d16df8c79d767d6c7,representation,representation_disagreement,1132,2836364367,16,5000,0.4,0.05,rbf,median,anytime,bonferroni,3,2,False,B_BETTER,256,True,False,False,0.0002382080419920385,0.4,0.6796858875495522,True,True,True,False
101df818d7aac035987d,representation,representation_disagreement,1133,1620366936,16,5000,0.4,0.05,rbf,median,anytime,bonferroni,3,2,False,B_BETTER,240,True,False,False,0.00023795798188075423,0.4,0.6989114228795754,True,True,True,False
e8a15083eced11188709,representation,representation_disagreement,1134,1572201244,16,5000,0.4,0.05,rbf,median,anytime,bonferroni,3,2,False,B_BETTER,224,True,False,False,0.00023729196982458234,0.4,0.7200353639175696,True,True,True,False
fbf3f57dc996bd18177c,representation,representation_disagreement,1135,3088050833,16,5000,0.4,0.05,rbf,median,anytime,bonferroni,3,2,False,B_BETTER,256,True,False,False,0.00023737503215670586,0.4,0.6796858875495522,True,True,True,False
a7782591c8952367d4be,representation,representation_disagreement,1136,3491288794,16,5000,0.4,0.05,rbf,median,anytime,bonferroni,3,2,False,B_BETTER,208,True,False,False,0.00023583299480378628,0.4,0.7434004973451922,True,True,True,False
bfa32eb9b53f82fb6663,representation,representation_disagreement,1137,1433499920,16,5000,0.4,0.05,rbf,median,anytime,bonferroni,3,2,False,B_BETTER,288,True,False,False,0.00024329195730388165,0.4,0.6458901399180805,True,True,True,False
052279ba3a6103a75baf,representation,representation_disagreement,1138,1486715157,16,5000,0.4,0.05,rbf,median,anytime,bonferroni,3,2,False,B_BETTER,256,True,False,False,0.00023812497965991497,0.4,0.6796858875495522,True,True,True,False
c189e1863bb37bd34ac3,representation,representation_disagreement,1139,3158613538,16,5000,0.4,0.05,rbf,median,anytime,bonferroni,3,2,False,B_BETTER,256,True,False,False,0.00024216703604906797,0.4,0.6796858875495522,True,True,True,False
2a95726d9b06999daead,representation,representation_disagreement,1140,3059696281,16,5000,0.4,0.05,rbf,median,anytime,bonferroni,3,2,False,B_BETTER,224,True,False,False,0.0002519579720683396,0.4,0.7200353639175696,True,True,True,False
03cba1bcfe5e8b818ac8,representation,representation_disagreement,1141,4177333615,16,5000,0.4,0.05,rbf,median,anytime,bonferroni,3,2,False,B_BETTER,240,True,False,False,0.0002411669702269137,0.4,0.6989114228795754,True,True,True,False
3b24fc96c279cee26813,representation,representation_disagreement,1142,1370130452,16,5000,0.4,0.05,rbf,median,anytime,bonferroni,3,2,False,B_BETTER,272,True,False,False,0.0002453330089338124,0.4,0.6620856821127258,True,True,True,False
8f7a8d6dbf50067c8f34,representation,representation_disagreement,1143,3125929176,16,5000,0.4,0.05,rbf,median,anytime,bonferroni,3,2,False,B_BETTER,240,True,False,False,0.0002413330366834998,0.4,0.6989114228795754,True,True,True,False
515e85aa39287a247454,representation,representation_disagreement,1144,1197126925,16,5000,0.4,0.05,rbf,median,anytime,bonferroni,3,2,False,B_BETTER,208,True,False,False,0.00023937498917803168,0.4,0.7434004973451924,True,True,True,False
227c792811ea46b6fc37,representation,representation_disagreement,1145,3724442564,16,5000,0.4,0.05,rbf,median,anytime,bonferroni,3,2,False,B_BETTER,304,True,False,False,0.00025812501553446054,0.4,0.6309186896508341,True,True,True,False
1d78b8aacb2364ae29a7,representation,representation_disagreement,1146,3289143522,16,5000,0.4,0.05,rbf,median,anytime,bonferroni,3,2,False,B_BETTER,224,True,False,False,0.00024820800172165036,0.4,0.7200353639175696,True,True,True,False
61b43fb83075ee666b77,representation,representation_disagreement,1147,3967743270,16,5000,0.4,0.05,rbf,median,anytime,bonferroni,3,2,False,B_BETTER,368,True,False,False,0.0002554579987190664,0.4,0.5806248327808698,True,True,True,False
e4c43b6498bab9605aa4,representation,representation_disagreement,1148,3508857701,16,5000,0.4,0.05,rbf,median,anytime,bonferroni,3,2,False,B_BETTER,272,True,False,False,0.0002422920078970492,0.4,0.6620856821127259,True,True,True,False
c39d5f3fb92716033d20,representation,representation_disagreement,1149,4159669070,16,5000,0.4,0.05,rbf,median,anytime,bonferroni,3,2,False,B_BETTER,256,True,False,False,0.00027545803459361196,0.4,0.6796858875495522,True,True,True,False
f1b1bf5c72058176a7b9,representation,representation_disagreement,1150,324542267,16,5000,0.4,0.05,rbf,median,anytime,bonferroni,3,2,False,B_BETTER,272,True,False,False,0.00024754198966547847,0.4,0.6620856821127259,True,True,True,False
13427a94752ebdf3f264,representation,representation_disagreement,1151,1580696665,16,5000,0.4,0.05,rbf,median,anytime,bonferroni,3,2,False,B_BETTER,288,True,False,False,0.000246166018769145,0.4,0.6458901399180805,True,True,True,False
ee4bd2d3c36dea4c7ed1,representation,representation_disagreement,1152,1695737234,16,5000,0.4,0.05,rbf,median,anytime,bonferroni,3,2,False,B_BETTER,208,True,False,False,0.0002390409936197102,0.4,0.7434004973451923,True,True,True,False
631641eb9b592e5b61d7,representation,representation_disagreement,1153,400770452,16,5000,0.4,0.05,rbf,median,anytime,bonferroni,3,2,False,B_BETTER,208,True,False,False,0.00028920802287757397,0.4,0.7434004973451922,True,True,True,False
f9098e67b947035f7a4a,representation,representation_disagreement,1154,455330831,16,5000,0.4,0.05,rbf,median,anytime,bonferroni,3,2,False,B_BETTER,224,True,False,False,0.00023312499979510903,0.4,0.7200353639175696,True,True,True,False
327a8cb526e9abf92262,representation,representation_disagreement,1155,3639859154,16,5000,0.4,0.05,rbf,median,anytime,bonferroni,3,2,False,B_BETTER,240,True,False,False,0.00022287503816187382,0.4,0.6989114228795754,True,True,True,False
aa8966fe95dafbad68f9,representation,representation_disagreement,1156,563140953,16,5000,0.4,0.05,rbf,median,anytime,bonferroni,3,2,False,B_BETTER,288,True,False,False,0.00020962499547749758,0.4,0.6458901399180805,True,True,True,False
18356a22841a888654ed,representation,representation_disagreement,1157,2194102609,16,5000,0.4,0.05,rbf,median,anytime,bonferroni,3,2,False,B_BETTER,272,True,False,False,0.00021187501261010766,0.4,0.6620856821127257,True,True,True,False
fea9e82d77bb00dbaecf,representation,representation_disagreement,1158,1928158639,16,5000,0.4,0.05,rbf,median,anytime,bonferroni,3,2,False,B_BETTER,272,True,False,False,0.00020725000649690628,0.4,0.6620856821127258,True,True,True,False
3f672681302893849345,representation,representation_disagreement,1159,4287109158,16,5000,0.4,0.05,rbf,median,anytime,bonferroni,3,2,False,B_BETTER,224,True,False,False,0.00020454201148822904,0.4,0.7200353639175696,True,True,True,False
383bb39b84a1a29439d1,representation,representation_disagreement,1160,2132523017,16,5000,0.4,0.05,rbf,median,anytime,bonferroni,3,2,False,B_BETTER,304,True,False,False,0.00020766700617969036,0.4,0.6309186896508341,True,True,True,False
c247f01fa822650b9f3a,representation,representation_disagreement,1161,1884536927,16,5000,0.4,0.05,rbf,median,anytime,bonferroni,3,2,False,B_BETTER,240,True,False,False,0.0002084170118905604,0.4,0.6989114228795754,True,True,True,False
fc739ddccfde04f1e6e4,representation,representation_disagreement,1162,3981371380,16,5000,0.4,0.05,rbf,median,anytime,bonferroni,3,2,False,B_BETTER,272,True,False,False,0.00020679202862083912,0.4,0.6620856821127258,True,True,True,False
03911b33735ce6b402e3,representation,representation_disagreement,1163,353501561,16,5000,0.4,0.05,rbf,median,anytime,bonferroni,3,2,False,B_BETTER,256,True,False,False,0.00020512501941993833,0.4,0.6796858875495522,True,True,True,False
6026d0b8e95c3c4cb038,representation,representation_disagreement,1164,3901639401,16,5000,0.4,0.05,rbf,median,anytime,bonferroni,3,2,False,B_BETTER,256,True,False,False,0.00020641699666157365,0.4,0.6796858875495522,True,True,True,False
948eaa3df6ec1228953d,representation,representation_disagreement,1165,1983623251,16,5000,0.4,0.05,rbf,median,anytime,bonferroni,3,2,False,B_BETTER,256,True,False,False,0.00020779098849743605,0.4,0.6796858875495522,True,True,True,False
abc78e764d3725603420,representation,representation_disagreement,1166,2083547315,16,5000,0.4,0.05,rbf,median,anytime,bonferroni,3,2,False,B_BETTER,256,True,False,False,0.0002049999893642962,0.4,0.6796858875495522,True,True,True,False
706544699d6027b70af7,representation,representation_disagreement,1167,748300592,16,5000,0.4,0.05,rbf,median,anytime,bonferroni,3,2,False,B_BETTER,240,True,False,False,0.0002038749516941607,0.4,0.6989114228795754,True,True,True,False
95991246be7ba361d635,representation,representation_disagreement,1168,742428893,16,5000,0.4,0.05,rbf,median,anytime,bonferroni,3,2,False,B_BETTER,288,True,False,False,0.0002068749745376408,0.4,0.6458901399180805,True,True,True,False
b1681c263f03795cad07,representation,representation_disagreement,1169,718108490,16,5000,0.4,0.05,rbf,median,anytime,bonferroni,3,2,False,B_BETTER,288,True,False,False,0.00021020800340920687,0.4,0.6458901399180805,True,True,True,False
89f78e8ccf0685664dc9,representation,representation_disagreement,1170,2960982081,16,5000,0.4,0.05,rbf,median,anytime,bonferroni,3,2,False,B_BETTER,288,True,False,False,0.0002072920324280858,0.4,0.6458901399180805,True,True,True,False
ebc744e2e612033a7411,representation,representation_disagreement,1171,547445423,16,5000,0.4,0.05,rbf,median,anytime,bonferroni,3,2,False,B_BETTER,272,True,False,False,0.00020454201148822904,0.4,0.6620856821127258,True,True,True,False
231aba51bf06efa03341,representation,representation_disagreement,1172,777840820,16,5000,0.4,0.05,rbf,median,anytime,bonferroni,3,2,False,B_BETTER,288,True,False,False,0.0002062499988824129,0.4,0.6458901399180805,True,True,True,False
84b6c43afe537d69a212,representation,representation_disagreement,1173,3714560316,16,5000,0.4,0.05,rbf,median,anytime,bonferroni,3,2,False,B_BETTER,304,True,False,False,0.00021129095694050193,0.4,0.6309186896508341,True,True,True,False
6174b9eee89a11559b67,representation,representation_disagreement,1174,668582478,16,5000,0.4,0.05,rbf,median,anytime,bonferroni,3,2,False,B_BETTER,224,True,False,False,0.0002038750099018216,0.4,0.7200353639175696,True,True,True,False
6887f2da0c9def804d10,representation,representation_disagreement,1175,186951134,16,5000,0.4,0.05,rbf,median,anytime,bonferroni,3,2,False,B_BETTER,336,True,False,False,0.00020920898532494903,0.4,0.60407492330224,True,True,True,False
0715a1db06a806cd7c98,representation,representation_disagreement,1176,3531668864,16,5000,0.4,0.05,rbf,median,anytime,bonferroni,3,2,False,B_BETTER,240,True,False,False,0.0002048340393230319,0.4,0.6989114228795754,True,True,True,False
c028d13dcb6885734899,representation,representation_disagreement,1177,740401371,16,5000,0.4,0.05,rbf,median,anytime,bonferroni,3,2,False,B_BETTER,288,True,False,False,0.00021058297716081142,0.4,0.6458901399180805,True,True,True,False
943b88782cad15808086,representation,representation_disagreement,1178,2825563791,16,5000,0.4,0.05,rbf,median,anytime,bonferroni,3,2,False,B_BETTER,224,True,False,False,0.00020354101434350014,0.4,0.7200353639175696,True,True,True,False
3b11ccf92383719d9098,representation,representation_disagreement,1179,1841550711,16,5000,0.4,0.05,rbf,median,anytime,bonferroni,3,2,False,B_BETTER,288,True,False,False,0.00020766700617969036,0.4,0.6458901399180805,True,True,True,False
c8c19ab653aae02f9237,representation,representation_disagreement,1180,2386596355,16,5000,0.4,0.05,rbf,median,anytime,bonferroni,3,2,False,B_BETTER,224,True,False,False,0.0002049169852398336,0.4,0.7200353639175696,True,True,True,False
bc8c5e125d03c4f5e35d,representation,representation_disagreement,1181,3692253952,16,5000,0.4,0.05,rbf,median,anytime,bonferroni,3,2,False,B_BETTER,256,True,False,False,0.00021008297335356474,0.4,0.6796858875495522,True,True,True,False
59dc0986985ef365f442,representation,representation_disagreement,1182,3710091473,16,5000,0.4,0.05,rbf,median,anytime,bonferroni,3,2,False,B_BETTER,240,True,False,False,0.0002044999855570495,0.4,0.6989114228795754,True,True,True,False
c5b690b33e5be1d0b8ff,representation,representation_disagreement,1183,900414080,16,5000,0.4,0.05,rbf,median,anytime,bonferroni,3,2,False,B_BETTER,240,True,False,False,0.00020412501180544496,0.4,0.6989114228795754,True,True,True,False
102cdd53e3e0b1471e4a,representation,representation_disagreement,1184,3600870988,16,5000,0.4,0.05,rbf,median,anytime,bonferroni,3,2,False,B_BETTER,272,True,False,False,0.00020483304979279637,0.4,0.6620856821127259,True,True,True,False
badfb9eff7cdf1d497ca,representation,representation_disagreement,1185,3722922651,16,5000,0.4,0.05,rbf,median,anytime,bonferroni,3,2,False,B_BETTER,224,True,False,False,0.00020704197231680155,0.4,0.7200353639175696,True,True,True,False
dfef3a0fedba7ff4dd59,representation,representation_disagreement,1186,751311435,16,5000,0.4,0.05,rbf,median,anytime,bonferroni,3,2,False,B_BETTER,224,True,False,False,0.00020408304408192635,0.4,0.7200353639175696,True,True,True,False
85a29d5e12c0ead07ca7,representation,representation_disagreement,1187,540513480,16,5000,0.4,0.05,rbf,median,anytime,bonferroni,3,2,False,B_BETTER,240,True,False,False,0.00020433298777788877,0.4,0.6989114228795754,True,True,True,False
2c0c0ad8fd25d4de1e2d,representation,representation_disagreement,1188,4274358340,16,5000,0.4,0.05,rbf,median,anytime,bonferroni,3,2,False,B_BETTER,208,True,False,False,0.0002031669719144702,0.4,0.7434004973451923,True,True,True,False
4220e412c3c69952c24a,representation,representation_disagreement,1189,2099339238,16,5000,0.4,0.05,rbf,median,anytime,bonferroni,3,2,False,B_BETTER,256,True,False,False,0.00020854099420830607,0.4,0.6796858875495522,True,True,True,False
c8f3448c7724131deabb,representation,representation_disagreement,1190,1390250753,16,5000,0.4,0.05,rbf,median,anytime,bonferroni,3,2,False,B_BETTER,240,True,False,False,0.00020441703964024782,0.4,0.6989114228795754,True,True,True,False
c49de099ac863ae14350,representation,representation_disagreement,1191,3492064317,16,5000,0.4,0.05,rbf,median,anytime,bonferroni,3,2,False,B_BETTER,240,True,False,False,0.0002162500168196857,0.4,0.6989114228795754,True,True,True,False
71c6bb7d33bc011e61bf,representation,representation_disagreement,1192,948540990,16,5000,0.4,0.05,rbf,median,anytime,bonferroni,3,2,False,B_BETTER,288,True,False,False,0.0002204999909736216,0.4,0.6458901399180805,True,True,True,False
2262a034fd8d5f7d2131,representation,representation_disagreement,1193,3888348810,16,5000,0.4,0.05,rbf,median,anytime,bonferroni,3,2,False,B_BETTER,208,True,False,False,0.00020883302204310894,0.4,0.7434004973451924,True,True,True,False
6f7b11694856a5de0e61,representation,representation_disagreement,1194,2173734079,16,5000,0.4,0.05,rbf,median,anytime,bonferroni,3,2,False,B_BETTER,192,True,False,False,0.00020312500419095159,0.4,0.7694441991638782,True,True,True,False
a67f3b11c1997b2d55fb,representation,representation_disagreement,1195,3601172052,16,5000,0.4,0.05,rbf,median,anytime,bonferroni,3,2,False,B_BETTER,272,True,False,False,0.00020529096946120262,0.4,0.6620856821127258,True,True,True,False
a7a8859d075e713b22da,representation,representation_disagreement,1196,3055563688,16,5000,0.4,0.05,rbf,median,anytime,bonferroni,3,2,False,B_BETTER,288,True,False,False,0.00020662503084167838,0.4,0.6458901399180805,True,True,True,False
01a35492c2c497e8c737,representation,representation_disagreement,1197,3106281374,16,5000,0.4,0.05,rbf,median,anytime,bonferroni,3,2,False,B_BETTER,240,True,False,False,0.0002126250183209777,0.4,0.6989114228795754,True,True,True,False
fca01d6927e29197067f,representation,representation_disagreement,1198,1661040357,16,5000,0.4,0.05,rbf,median,anytime,bonferroni,3,2,False,B_BETTER,240,True,False,False,0.00020712497644126415,0.4,0.6989114228795754,True,True,True,False
c174dbd5deb332a95f28,representation,representation_disagreement,1199,4054389914,16,5000,0.4,0.05,rbf,median,anytime,bonferroni,3,2,False,B_BETTER,224,True,False,False,0.0002054170472547412,0.4,0.7200353639175696,True,True,True,False
fa19292cc5a01e30397a,representation,representation_disagreement,1200,1672985313,16,5000,0.4,0.05,rbf,median,anytime,bonferroni,3,2,False,B_BETTER,288,True,False,False,0.00020662503084167838,0.4,0.6458901399180805,True,True,True,False
f487b088be509f04c4ef,representation,representation_disagreement,1201,2867907103,16,5000,0.4,0.05,rbf,median,anytime,bonferroni,3,2,False,B_BETTER,256,True,False,False,0.00020825001411139965,0.4,0.6796858875495522,True,True,True,False
a75d3ac349205efd74ae,representation,representation_disagreement,1202,3175789498,16,5000,0.4,0.05,rbf,median,anytime,bonferroni,3,2,False,B_BETTER,304,True,False,False,0.00020641600713133812,0.4,0.6309186896508341,True,True,True,False
dc67c392e47fe1af3f94,representation,representation_disagreement,1203,1371294946,16,5000,0.4,0.05,rbf,median,anytime,bonferroni,3,2,False,B_BETTER,256,True,False,False,0.00020591699285432696,0.4,0.6796858875495522,True,True,True,False
ad044be017c6aea4e9cb,representation,representation_disagreement,1204,3742644513,16,5000,0.4,0.05,rbf,median,anytime,bonferroni,3,2,False,B_BETTER,288,True,False,False,0.00020833296002820134,0.4,0.6458901399180805,True,True,True,False
49aa92f93c50abe92f9a,representation,representation_disagreement,1205,1581683722,16,5000,0.4,0.05,rbf,median,anytime,bonferroni,3,2,False,B_BETTER,272,True,False,False,0.00021054199896752834,0.4,0.6620856821127258,True,True,True,False
a37d7641d82417fa4159,representation,representation_disagreement,1206,2584434338,16,5000,0.4,0.05,rbf,median,anytime,bonferroni,3,2,False,B_BETTER,240,True,False,False,0.00020445900736376643,0.4,0.6989114228795754,True,True,True,False
9586022ee4c4487a5fe8,representation,representation_disagreement,1207,1359169355,16,5000,0.4,0.05,rbf,median,anytime,bonferroni,3,2,False,B_BETTER,240,True,False,False,0.0002055829972960055,0.4,0.6989114228795754,True,True,True,False
028dabe36969bf71332e,representation,representation_disagreement,1208,3499899811,16,5000,0.4,0.05,rbf,median,anytime,bonferroni,3,2,False,B_BETTER,288,True,False,False,0.00020687503274530172,0.4,0.6458901399180805,True,True,True,False
80d9b090da9a1c64010b,representation,representation_disagreement,1209,196370963,16,5000,0.4,0.05,rbf,median,anytime,bonferroni,3,2,False,B_BETTER,224,True,False,False,0.00020662503084167838,0.4,0.7200353639175696,True,True,True,False
67b41cbc5c12ca42d211,representation,representation_disagreement,1210,814737590,16,5000,0.4,0.05,rbf,median,anytime,bonferroni,3,2,False,B_BETTER,224,True,False,False,0.00020454201148822904,0.4,0.7200353639175696,True,True,True,False
ba16b56ca1220cb1c361,representation,representation_disagreement,1211,3461044986,16,5000,0.4,0.05,rbf,median,anytime,bonferroni,3,2,False,B_BETTER,288,True,False,False,0.00020608300110325217,0.4,0.6458901399180805,True,True,True,False
ea7f5244520a229b616c,representation,representation_disagreement,1212,4024057997,16,5000,0.4,0.05,rbf,median,anytime,bonferroni,3,2,False,B_BETTER,288,True,False,False,0.0002068329486064613,0.4,0.6458901399180805,True,True,True,False
9f3899aff049cedabdf3,representation,representation_disagreement,1213,1471416526,16,5000,0.4,0.05,rbf,median,anytime,bonferroni,3,2,False,B_BETTER,224,True,False,False,0.00020854204194620252,0.4,0.7200353639175696,True,True,True,False
ba51cfd28789deb3efac,representation,representation_disagreement,1214,1817344484,16,5000,0.4,0.05,rbf,median,anytime,bonferroni,3,2,False,B_BETTER,272,True,False,False,0.00020587496692314744,0.4,0.6620856821127257,True,True,True,False
9468ec14c3042377efea,representation,representation_disagreement,1215,306478792,16,5000,0.4,0.05,rbf,median,anytime,bonferroni,3,2,False,B_BETTER,208,True,False,False,0.0002037090016528964,0.4,0.7434004973451924,True,True,True,False
e16c754a497d2c8e101c,representation,representation_disagreement,1216,386207070,16,5000,0.4,0.05,rbf,median,anytime,bonferroni,3,2,False,B_BETTER,288,True,False,False,0.00020670797675848007,0.4,0.6458901399180805,True,True,True,False
6be714e172069b532fc4,representation,representation_disagreement,1217,1129193893,16,5000,0.4,0.05,rbf,median,anytime,bonferroni,3,2,False,B_BETTER,288,True,False,False,0.00021345901768654585,0.4,0.6458901399180805,True,True,True,False
7624bac64efa12adcf1b,representation,representation_disagreement,1218,777557924,16,5000,0.4,0.05,rbf,median,anytime,bonferroni,3,2,False,B_BETTER,288,True,False,False,0.0002080830163322389,0.4,0.6458901399180805,True,True,True,False
4b9daf073da25edb8b0c,representation,representation_disagreement,1219,3325029114,16,5000,0.4,0.05,rbf,median,anytime,bonferroni,3,2,False,B_BETTER,288,True,False,False,0.00020970799960196018,0.4,0.6458901399180805,True,True,True,False
703fd22d33be1a5f4f19,representation,representation_disagreement,1220,3499340496,16,5000,0.4,0.05,rbf,median,anytime,bonferroni,3,2,False,B_BETTER,224,True,False,False,0.00020520802354440093,0.4,0.7200353639175696,True,True,True,False
f0c1052c5fa394e9b1b9,representation,representation_disagreement,1221,747245595,16,5000,0.4,0.05,rbf,median,anytime,bonferroni,3,2,False,B_BETTER,208,True,False,False,0.00020833301823586226,0.4,0.7434004973451923,True,True,True,False
ce86ffda1fbb0e6452ff,representation,representation_disagreement,1222,3910902680,16,5000,0.4,0.05,rbf,median,anytime,bonferroni,3,2,False,B_BETTER,272,True,False,False,0.00020583299919962883,0.4,0.6620856821127257,True,True,True,False
8d91180b9ace22c805ff,representation,representation_disagreement,1223,3993384417,16,5000,0.4,0.05,rbf,median,anytime,bonferroni,3,2,False,B_BETTER,240,True,False,False,0.00020399998174980283,0.4,0.6989114228795754,True,True,True,False
f2f0e14325f9b4a75d65,representation,representation_disagreement,1224,24545963,16,5000,0.4,0.05,rbf,median,anytime,bonferroni,3,2,False,B_BETTER,240,True,False,False,0.00020629196660593152,0.4,0.6989114228795754,True,True,True,False
2def1ce58dfc12ab48c7,representation,representation_disagreement,1225,4142943226,16,5000,0.4,0.05,rbf,median,anytime,bonferroni,3,2,False,B_BETTER,256,True,False,False,0.0002087079919874668,0.4,0.6796858875495522,True,True,True,False
c5ea4bad8e3f2d372387,representation,representation_disagreement,1226,1549945675,16,5000,0.4,0.05,rbf,median,anytime,bonferroni,3,2,False,B_BETTER,304,True,False,False,0.00020783295622095466,0.4,0.6309186896508341,True,True,True,False
04ea4f84f54385ef9dee,representation,representation_disagreement,1227,2382815281,16,5000,0.4,0.05,rbf,median,anytime,bonferroni,3,2,False,B_BETTER,272,True,False,False,0.00020691700046882033,0.4,0.6620856821127258,True,True,True,False
ccf411b2967b2cb4f2ea,representation,representation_disagreement,1228,1343436452,16,5000,0.4,0.05,rbf,median,anytime,bonferroni,3,2,False,B_BETTER,256,True,False,False,0.00020537502132356167,0.4,0.6796858875495522,True,True,True,False
5aba55dd327464fb9766,representation,representation_disagreement,1229,1706944823,16,5000,0.4,0.05,rbf,median,anytime,bonferroni,3,2,False,B_BETTER,224,True,False,False,0.00020683405455201864,0.4,0.7200353639175696,True,True,True,False
ed66615e940b37304a0a,representation,representation_disagreement,1230,3257915456,16,5000,0.4,0.05,rbf,median,anytime,bonferroni,3,2,False,B_BETTER,224,True,False,False,0.00020312500419095159,0.4,0.7200353639175696,True,True,True,False
c7df0cd3eb893d67d8ba,representation,representation_disagreement,1231,3725192481,16,5000,0.4,0.05,rbf,median,anytime,bonferroni,3,2,False,B_BETTER,192,True,False,False,0.00020408298587426543,0.4,0.7694441991638783,True,True,True,False
159101f8cb122e84eef8,representation,representation_disagreement,1232,4130770231,16,5000,0.4,0.05,rbf,median,anytime,bonferroni,3,2,False,B_BETTER,272,True,False,False,0.00020645902259275317,0.4,0.6620856821127258,True,True,True,False
b0ab48c31d961063ac3b,representation,representation_disagreement,1233,2732736007,16,5000,0.4,0.05,rbf,median,anytime,bonferroni,3,2,False,B_BETTER,272,True,False,False,0.00020937499357387424,0.4,0.6620856821127259,True,True,True,False
209090b82d110b1e27fc,representation,representation_disagreement,1234,887326749,16,5000,0.4,0.05,rbf,median,anytime,bonferroni,3,2,False,B_BETTER,224,True,False,False,0.000203792005777359,0.4,0.7200353639175696,True,True,True,False
0eba1e33bb4ea4da095f,representation,representation_disagreement,1235,3484103994,16,5000,0.4,0.05,rbf,median,anytime,bonferroni,3,2,False,B_BETTER,208,True,False,False,0.0002031669719144702,0.4,0.7434004973451924,True,True,True,False
08ff07317c0e0b1b7b9e,representation,representation_disagreement,1236,3861704322,16,5000,0.4,0.05,rbf,median,anytime,bonferroni,3,2,False,B_BETTER,256,True,False,False,0.00020583299919962883,0.4,0.6796858875495522,True,True,True,False
c8d52d9e83b07b01fb96,representation,representation_disagreement,1237,1981891432,16,5000,0.4,0.05,rbf,median,anytime,bonferroni,3,2,False,B_BETTER,208,True,False,False,0.0002055829972960055,0.4,0.7434004973451923,True,True,True,False
546623ef60042a9155b9,representation,representation_disagreement,1238,451327453,16,5000,0.4,0.05,rbf,median,anytime,bonferroni,3,2,False,B_BETTER,272,True,False,False,0.00017795799067243934,0.4,0.6620856821127258,True,True,True,False
b6088dcba3f8689358a8,representation,representation_disagreement,1239,1044755013,16,5000,0.4,0.05,rbf,median,anytime,bonferroni,3,2,False,B_BETTER,240,True,False,False,0.0001770839444361627,0.4,0.6989114228795754,True,True,True,False
d6feca93d64c6485ce75,representation,representation_disagreement,1240,530213283,16,5000,0.4,0.05,rbf,median,anytime,bonferroni,3,2,False,B_BETTER,224,True,False,False,0.00017583300359547138,0.4,0.7200353639175696,True,True,True,False
7f6a290bccb0e5a27ec4,representation,representation_disagreement,1241,1200761146,16,5000,0.4,0.05,rbf,median,anytime,bonferroni,3,2,False,B_BETTER,304,True,False,False,0.0001842500059865415,0.4,0.6309186896508341,True,True,True,False
1bd2e73aaf53a09189a2,representation,representation_disagreement,1242,2314091804,16,5000,0.4,0.05,rbf,median,anytime,bonferroni,3,2,False,B_BETTER,240,True,False,False,0.00017679197480902076,0.4,0.6989114228795754,True,True,True,False
fd470ac9ddd68d483019,representation,representation_disagreement,1243,253401452,16,5000,0.4,0.05,rbf,median,anytime,bonferroni,3,2,False,B_BETTER,176,True,False,False,0.00017499999376013875,0.4,0.7987351700636655,True,True,True,False
bddcf919be0110834635,representation,representation_disagreement,1244,850463968,16,5000,0.4,0.05,rbf,median,anytime,bonferroni,3,2,False,B_BETTER,224,True,False,False,0.0001770419767126441,0.4,0.7200353639175696,True,True,True,False
74939b345601f427a4da,representation,representation_disagreement,1245,3445338058,16,5000,0.4,0.05,rbf,median,anytime,bonferroni,3,2,False,B_BETTER,240,True,False,False,0.00017904199194163084,0.4,0.6989114228795754,True,True,True,False
a5a41fb57652dd5f217b,representation,representation_disagreement,1246,276125799,16,5000,0.4,0.05,rbf,median,anytime,bonferroni,3,2,False,B_BETTER,240,True,False,False,0.0001776249846443534,0.4,0.6989114228795754,True,True,True,False
df14ee622d5c62ad1a10,representation,representation_disagreement,1247,1443611549,16,5000,0.4,0.05,rbf,median,anytime,bonferroni,3,2,False,B_BETTER,208,True,False,False,0.00017683301120996475,0.4,0.7434004973451922,True,True,True,False
5bf18e8daf0a73c9ecff,representation,representation_disagreement,1248,2332262845,16,5000,0.4,0.05,rbf,median,anytime,bonferroni,3,2,False,B_BETTER,224,True,False,False,0.00017587497131899,0.4,0.7200353639175696,True,True,True,False
d09dfbd6bb92537e8e2a,representation,representation_disagreement,1249,1169865323,16,5000,0.4,0.05,rbf,median,anytime,bonferroni,3,2,False,B_BETTER,272,True,False,False,0.00018074997933581471,0.4,0.6620856821127257,True,True,True,False
ad367103b904797ab30d,representation,representation_disagreement,1250,1006243976,16,5000,0.4,0.05,rbf,median,anytime,bonferroni,3,2,False,B_BETTER,240,True,False,False,0.00017616600962355733,0.4,0.6989114228795754,True,True,True,False
4992383916cb4eb4c954,representation,representation_disagreement,1251,355549213,16,5000,0.4,0.05,rbf,median,anytime,bonferroni,3,2,False,B_BETTER,272,True,False,False,0.00017837499035522342,0.4,0.6620856821127257,True,True,True,False
95c1959f1ec3911e7aca,representation,representation_disagreement,1252,3177833649,16,5000,0.4,0.05,rbf,median,anytime,bonferroni,3,2,False,B_BETTER,256,True,False,False,0.0001777080469764769,0.4,0.6796858875495522,True,True,True,False
a56f8c6b4b30f2aad611,representation,representation_disagreement,1253,893115095,16,5000,0.4,0.05,rbf,median,anytime,bonferroni,3,2,False,B_BETTER,304,True,False,False,0.00018333300249651074,0.4,0.6309186896508341,True,True,True,False
5d19d23a918700a8739c,representation,representation_disagreement,1254,3131255728,16,5000,0.4,0.05,rbf,median,anytime,bonferroni,3,2,False,B_BETTER,256,True,False,False,0.00017683301120996475,0.4,0.6796858875495522,True,True,True,False
2419151aa6ac9d8ad1ab,representation,representation_disagreement,1255,369002317,16,5000,0.4,0.05,rbf,median,anytime,bonferroni,3,2,False,B_BETTER,240,True,False,False,0.00017629197100177407,0.4,0.6989114228795754,True,True,True,False
debb14d0c12c8810ec8a,representation,representation_disagreement,1256,2731721259,16,5000,0.4,0.05,rbf,median,anytime,bonferroni,3,2,False,B_BETTER,208,True,False,False,0.00017562502762302756,0.4,0.7434004973451923,True,True,True,False
67232603a2009c7279d8,representation,representation_disagreement,1257,635537800,16,5000,0.4,0.05,rbf,median,anytime,bonferroni,3,2,False,B_BETTER,240,True,False,False,0.000179499969817698,0.4,0.6989114228795754,True,True,True,False
92abcc22340926041f24,representation,representation_disagreement,1258,3516189714,16,5000,0.4,0.05,rbf,median,anytime,bonferroni,3,2,False,B_BETTER,224,True,False,False,0.00017600000137463212,0.4,0.7200353639175696,True,True,True,False
65d3bebc1bd25568c570,representation,representation_disagreement,1259,855907002,16,5000,0.4,0.05,rbf,median,anytime,bonferroni,3,2,False,B_BETTER,256,True,False,False,0.00017725001089274883,0.4,0.6796858875495522,True,True,True,False
dbc116de82453b730289,representation,representation_disagreement,1260,1913160951,16,5000,0.4,0.05,rbf,median,anytime,bonferroni,3,2,False,B_BETTER,256,True,False,False,0.0001775839482434094,0.4,0.6796858875495522,True,True,True,False
401b06948c4da811fd46,representation,representation_disagreement,1261,1962849570,16,5000,0.4,0.05,rbf,median,anytime,bonferroni,3,2,False,B_BETTER,224,True,False,False,0.00017966696759685874,0.4,0.7200353639175696,True,True,True,False
24ed77a76542465eaefb,representation,representation_disagreement,1262,3019708345,16,5000,0.4,0.05,rbf,median,anytime,bonferroni,3,2,False,B_BETTER,240,True,False,False,0.00017625000327825546,0.4,0.6989114228795754,True,True,True,False
0c3812f659a498ded253,representation,representation_disagreement,1263,4138505669,16,5000,0.4,0.05,rbf,median,anytime,bonferroni,3,2,False,B_BETTER,240,True,False,False,0.00017795799067243934,0.4,0.6989114228795754,True,True,True,False
dee380ccd3d866320424,representation,representation_disagreement,1264,3419096529,16,5000,0.4,0.05,rbf,median,anytime,bonferroni,3,2,False,B_BETTER,304,True,False,False,0.0001789579982869327,0.4,0.6309186896508341,True,True,True,False
e4877b7c6bb586234b63,representation,representation_disagreement,1265,1492941961,16,5000,0.4,0.05,rbf,median,anytime,bonferroni,3,2,False,B_BETTER,224,True,False,False,0.0001790410024113953,0.4,0.7200353639175696,True,True,True,False
c3e9bc14c05bcd1e347e,representation,representation_disagreement,1266,980998150,16,5000,0.4,0.05,rbf,median,anytime,bonferroni,3,2,False,B_BETTER,240,True,False,False,0.00017720804316923022,0.4,0.6989114228795754,True,True,True,False
accdafc86d334b400b51,representation,representation_disagreement,1267,3433898120,16,5000,0.4,0.05,rbf,median,anytime,bonferroni,3,2,False,B_BETTER,256,True,False,False,0.00017829099670052528,0.4,0.6796858875495522,True,True,True,False
614796d0abc26ab32aef,representation,representation_disagreement,1268,1324157557,16,5000,0.4,0.05,rbf,median,anytime,bonferroni,3,2,False,B_BETTER,272,True,False,False,0.00017799995839595795,0.4,0.6620856821127259,True,True,True,False
ac6ff1797e4eed53af52,representation,representation_disagreement,1269,971785360,16,5000,0.4,0.05,rbf,median,anytime,bonferroni,3,2,False,B_BETTER,256,True,False,False,0.00018087500939145684,0.4,0.6796858875495522,True,True,True,False
42ecf5369222b42cdbac,representation,representation_disagreement,1270,4173053180,16,5000,0.4,0.05,rbf,median,anytime,bonferroni,3,2,False,B_BETTER,304,True,False,False,0.00017920800019055605,0.4,0.6309186896508341,True,True,True,False
c101ba29646e05f2e5c0,representation,representation_disagreement,1271,219287246,16,5000,0.4,0.05,rbf,median,anytime,bonferroni,3,2,False,B_BETTER,224,True,False,False,0.00017662503523752093,0.4,0.7200353639175696,True,True,True,False
9e82628ab4dc5175c3f5,representation,representation_disagreement,1272,759384212,16,5000,0.4,0.05,rbf,median,anytime,bonferroni,3,2,False,B_BETTER,240,True,False,False,0.00017620797734707594,0.4,0.6989114228795754,True,True,True,False
8e57dcb68cf8f9cca4a6,representation,representation_disagreement,1273,630931853,16,5000,0.4,0.05,rbf,median,anytime,bonferroni,3,2,False,B_BETTER,192,True,False,False,0.00017899996601045132,0.4,0.7694441991638783,True,True,True,False
00a1ef4d27674b75b082,representation,representation_disagreement,1274,1710859693,16,5000,0.4,0.05,rbf,median,anytime,bonferroni,3,2,False,B_BETTER,256,True,False,False,0.00017787498654797673,0.4,0.6796858875495522,True,True,True,False
a512df5d9c3542e95140,representation,representation_disagreement,1275,2959513172,16,5000,0.4,0.05,rbf,median,anytime,bonferroni,3,2,False,B_BETTER,224,True,False,False,0.00017675000708550215,0.4,0.7200353639175696,True,True,True,False
99e9718aa1de7ae13019,representation,representation_disagreement,1276,227359111,16,5000,0.4,0.05,rbf,median,anytime,bonferroni,3,2,False,B_BETTER,256,True,False,False,0.00017616699915379286,0.4,0.6796858875495522,True,True,True,False
c300a9837d41251e3794,representation,representation_disagreement,1277,357056146,16,5000,0.4,0.05,rbf,median,anytime,bonferroni,3,2,False,B_BETTER,288,True,False,False,0.00018145900685340166,0.4,0.6458901399180805,True,True,True,False
c74c0fb45e6179c12e65,representation,representation_disagreement,1278,4048547484,16,5000,0.4,0.05,rbf,median,anytime,bonferroni,3,2,False,B_BETTER,224,True,False,False,0.00017566600581631064,0.4,0.7200353639175696,True,True,True,False
8ad56a36a96d6dcd58e2,representation,representation_disagreement,1279,25312964,16,5000,0.4,0.05,rbf,median,anytime,bonferroni,3,2,False,B_BETTER,256,True,False,False,0.00017729203682392836,0.4,0.6796858875495522,True,True,True,False
ff97c0964a4913954c17,representation,representation_disagreement,1280,1538543704,16,5000,0.4,0.05,rbf,median,anytime,bonferroni,3,2,False,B_BETTER,336,True,False,False,0.00017970800399780273,0.4,0.60407492330224,True,True,True,False
965605d2ece4c4a72dd6,representation,representation_disagreement,1281,546915279,16,5000,0.4,0.05,rbf,median,anytime,bonferroni,3,2,False,B_BETTER,272,True,False,False,0.00017983297584578395,0.4,0.6620856821127258,True,True,True,False
f3a8f8110b9ad258ae50,representation,representation_disagreement,1282,1298907680,16,5000,0.4,0.05,rbf,median,anytime,bonferroni,3,2,False,B_BETTER,240,True,False,False,0.00017645902698859572,0.4,0.6989114228795754,True,True,True,False
40b4d587873a0d87b5c9,representation,representation_disagreement,1283,264345003,16,5000,0.4,0.05,rbf,median,anytime,bonferroni,3,2,False,B_BETTER,256,True,False,False,0.00017729098908603191,0.4,0.6796858875495522,True,True,True,False
d9653dd2eb16e1952750,representation,representation_disagreement,1284,2537021666,16,5000,0.4,0.05,rbf,median,anytime,bonferroni,3,2,False,B_BETTER,240,True,False,False,0.00017558300169184804,0.4,0.6989114228795754,True,True,True,False
1ccfeacdb73084d9604f,representation,representation_disagreement,1285,1780629723,16,5000,0.4,0.05,rbf,median,anytime,bonferroni,3,2,False,B_BETTER,256,True,False,False,0.0001805420033633709,0.4,0.6796858875495522,True,True,True,False
09c2968a4457f752864a,representation,representation_disagreement,1286,2185071516,16,5000,0.4,0.05,rbf,median,anytime,bonferroni,3,2,False,B_BETTER,288,True,False,False,0.00017858302453532815,0.4,0.6458901399180805,True,True,True,False
37d954595017388f0ecc,representation,representation_disagreement,1287,612026748,16,5000,0.4,0.05,rbf,median,anytime,bonferroni,3,2,False,B_BETTER,256,True,False,False,0.00017791602294892073,0.4,0.6796858875495522,True,True,True,False
fe0479bde0e71ee5828e,representation,representation_disagreement,1288,1978382559,16,5000,0.4,0.05,rbf,median,anytime,bonferroni,3,2,False,B_BETTER,240,True,False,False,0.00017604196909815073,0.4,0.6989114228795754,True,True,True,False
a454d673b0356db62057,representation,representation_disagreement,1289,3658636962,16,5000,0.4,0.05,rbf,median,anytime,bonferroni,3,2,False,B_BETTER,272,True,False,False,0.00018150004325434566,0.4,0.6620856821127259,True,True,True,False
0d68a1541131776a9b99,representation,representation_disagreement,1290,2298013847,16,5000,0.4,0.05,rbf,median,anytime,bonferroni,3,2,False,B_BETTER,272,True,False,False,0.00017812498845160007,0.4,0.6620856821127258,True,True,True,False
5cae8ac99493443ae385,representation,representation_disagreement,1291,2612407479,16,5000,0.4,0.05,rbf,median,anytime,bonferroni,3,2,False,B_BETTER,240,True,False,False,0.0001758750295266509,0.4,0.6989114228795754,True,True,True,False
5c2e2bead84f9b684e9e,representation,representation_disagreement,1292,839365529,16,5000,0.4,0.05,rbf,median,anytime,bonferroni,3,2,False,B_BETTER,224,True,False,False,0.00017837499035522342,0.4,0.7200353639175696,True,True,True,False
4e242b09e328a19f4b03,representation,representation_disagreement,1293,3525626894,16,5000,0.4,0.05,rbf,median,anytime,bonferroni,3,2,False,B_BETTER,288,True,False,False,0.00018345797434449196,0.4,0.6458901399180805,True,True,True,False
76cdfc82adf7317b119d,representation,representation_disagreement,1294,137510511,16,5000,0.4,0.05,rbf,median,anytime,bonferroni,3,2,False,B_BETTER,224,True,False,False,0.0001776250428520143,0.4,0.7200353639175696,True,True,True,False
fa79a54eede1f414a1b3,representation,representation_disagreement,1295,1873262121,16,5000,0.4,0.05,rbf,median,anytime,bonferroni,3,2,False,B_BETTER,240,True,False,False,0.00017687497893348336,0.4,0.6989114228795754,True,True,True,False
243095622fbcfc2dab85,representation,representation_disagreement,1296,3618198510,16,5000,0.4,0.05,rbf,median,anytime,bonferroni,3,2,False,B_BETTER,272,True,False,False,0.0001772079849615693,0.4,0.6620856821127258,True,True,True,False
e9b6e1b3e46236dbd6d3,representation,representation_disagreement,1297,450937611,16,5000,0.4,0.05,rbf,median,anytime,bonferroni,3,2,False,B_BETTER,272,True,False,False,0.0001800419995561242,0.4,0.6620856821127257,True,True,True,False
6fcaa82f38ea1d074a87,representation,representation_disagreement,1298,2959876498,16,5000,0.4,0.05,rbf,median,anytime,bonferroni,3,2,False,B_BETTER,208,True,False,False,0.00019929197151213884,0.4,0.7434004973451923,True,True,True,False
afea780843da7bd582cf,representation,representation_disagreement,1299,4210301043,16,5000,0.4,0.05,rbf,median,anytime,bonferroni,3,2,False,B_BETTER,288,True,False,False,0.0002073749783448875,0.4,0.6458901399180805,True,True,True,False
ed1ff6c3103c1611c3e4,representation,representation_disagreement,1300,2141377107,16,5000,0.4,0.05,rbf,median,anytime,bonferroni,3,2,False,B_BETTER,208,True,False,False,0.0002037090016528964,0.4,0.7434004973451923,True,True,True,False
b2209e292a69b9241eba,representation,representation_disagreement,1301,1728651465,16,5000,0.4,0.05,rbf,median,anytime,bonferroni,3,2,False,B_BETTER,272,True,False,False,0.00021066702902317047,0.4,0.6620856821127258,True,True,True,False
ced3f5fe92cea9e446a0,representation,representation_disagreement,1302,3131845928,16,5000,0.4,0.05,rbf,median,anytime,bonferroni,3,2,False,B_BETTER,256,True,False,False,0.00020520802354440093,0.4,0.6796858875495522,True,True,True,False
e88762986fe3d6bfdaa8,representation,representation_disagreement,1303,2110799063,16,5000,0.4,0.05,rbf,median,anytime,bonferroni,3,2,False,B_BETTER,224,True,False,False,0.00020450004376471043,0.4,0.7200353639175696,True,True,True,False
31ebbf2218b3f21d1b37,representation,representation_disagreement,1304,1943347215,16,5000,0.4,0.05,rbf,median,anytime,bonferroni,3,2,False,B_BETTER,256,True,False,False,0.00020516698714345694,0.4,0.6796858875495522,True,True,True,False
b65387baf64a2b80ab06,representation,representation_disagreement,1305,1020284797,16,5000,0.4,0.05,rbf,median,anytime,bonferroni,3,2,False,B_BETTER,208,True,False,False,0.00020829198183491826,0.4,0.7434004973451923,True,True,True,False
471bde22404e555b9628,representation,representation_disagreement,1306,554691083,16,5000,0.4,0.05,rbf,median,anytime,bonferroni,3,2,False,B_BETTER,256,True,False,False,0.00020549999317154288,0.4,0.6796858875495522,True,True,True,False
fb2199b108f9e8032f05,representation,representation_disagreement,1307,813053380,16,5000,0.4,0.05,rbf,median,anytime,bonferroni,3,2,False,B_BETTER,272,True,False,False,0.00020633300300687551,0.4,0.6620856821127258,True,True,True,False
d2a462622dc098d91029,representation,representation_disagreement,1308,4172473569,16,5000,0.4,0.05,rbf,median,anytime,bonferroni,3,2,False,B_BETTER,256,True,False,False,0.00020454201148822904,0.4,0.6796858875495522,True,True,True,False
7cfa836ba15ca32b98ca,representation,representation_disagreement,1309,3467960176,16,5000,0.4,0.05,rbf,median,anytime,bonferroni,3,2,False,B_BETTER,208,True,False,False,0.00020712497644126415,0.4,0.7434004973451924,True,True,True,False
802e6aa58d316886c84a,representation,representation_disagreement,1310,1165553184,16,5000,0.4,0.05,rbf,median,anytime,bonferroni,3,2,False,B_BETTER,224,True,False,False,0.00020470801973715425,0.4,0.7200353639175696,True,True,True,False
baf4037697394cda4ac6,representation,representation_disagreement,1311,8577478,16,5000,0.4,0.05,rbf,median,anytime,bonferroni,3,2,False,B_BETTER,256,True,False,False,0.00020566699095070362,0.4,0.6796858875495522,True,True,True,False
d7810becbfa81ceb426c,representation,representation_disagreement,1312,755860032,16,5000,0.4,0.05,rbf,median,anytime,bonferroni,3,2,False,B_BETTER,256,True,False,False,0.00020574999507516623,0.4,0.6796858875495522,True,True,True,False
98ec76947b1c5dbc6708,representation,representation_disagreement,1313,3013087198,16,5000,0.4,0.05,rbf,median,anytime,bonferroni,3,2,False,B_BETTER,304,True,False,False,0.00021083297906443477,0.4,0.6309186896508341,True,True,True,False
d314bddb18ed91e4ac11,representation,representation_disagreement,1314,2379245630,16,5000,0.4,0.05,rbf,median,anytime,bonferroni,3,2,False,B_BETTER,272,True,False,False,0.0002068330068141222,0.4,0.6620856821127258,True,True,True,False
287a5347c3b7f56e78bd,representation,representation_disagreement,1315,3316095074,16,5000,0.4,0.05,rbf,median,anytime,bonferroni,3,2,False,B_BETTER,272,True,False,False,0.00020670803496614099,0.4,0.6620856821127258,True,True,True,False
5494c9aaf98f5203b73c,representation,representation_disagreement,1316,964098165,16,5000,0.4,0.05,rbf,median,anytime,bonferroni,3,2,False,B_BETTER,208,True,False,False,0.00020349997794255614,0.4,0.7434004973451923,True,True,True,False
09108eb5aecbe63b4569,representation,representation_disagreement,1317,4006569055,16,5000,0.4,0.05,rbf,median,anytime,bonferroni,3,2,False,B_BETTER,256,True,False,False,0.00020858400966972113,0.4,0.6796858875495522,True,True,True,False
c5320f595db484f7920b,representation,representation_disagreement,1318,832210580,16,5000,0.4,0.05,rbf,median,anytime,bonferroni,3,2,False,B_BETTER,240,True,False,False,0.00020537502132356167,0.4,0.6989114228795754,True,True,True,False
f4ba0c3e29ef5813f24e,representation,representation_disagreement,1319,2103730819,16,5000,0.4,0.05,rbf,median,anytime,bonferroni,3,2,False,B_BETTER,224,True,False,False,0.00020574999507516623,0.4,0.7200353639175696,True,True,True,False
38c0b59cb76d7ac7cd9b,representation,representation_disagreement,1320,2647381977,16,5000,0.4,0.05,rbf,median,anytime,bonferroni,3,2,False,B_BETTER,272,True,False,False,0.00020583299919962883,0.4,0.6620856821127258,True,True,True,False
d5031c2b58908dd685da,representation,representation_disagreement,1321,745783133,16,5000,0.4,0.05,rbf,median,anytime,bonferroni,3,2,False,B_BETTER,224,True,False,False,0.00020741700427606702,0.4,0.7200353639175696,True,True,True,False
cbf9a2252038ec03c320,representation,representation_disagreement,1322,51360443,16,5000,0.4,0.05,rbf,median,anytime,bonferroni,3,2,False,B_BETTER,208,True,False,False,0.00020337500609457493,0.4,0.7434004973451923,True,True,True,False
a66798666a304e4631fa,representation,representation_disagreement,1323,2157325041,16,5000,0.4,0.05,rbf,median,anytime,bonferroni,3,2,False,B_BETTER,240,True,False,False,0.00020325003424659371,0.4,0.6989114228795754,True,True,True,False
c899f2d907e7aa06b1d7,representation,representation_disagreement,1324,2497877300,16,5000,0.4,0.05,rbf,median,anytime,bonferroni,3,2,False,B_BETTER,288,True,False,False,0.00020579103147611022,0.4,0.6458901399180805,True,True,True,False
40aaa9f7e74f9dccf010,representation,representation_disagreement,1325,2629126697,16,5000,0.4,0.05,rbf,median,anytime,bonferroni,3,2,False,B_BETTER,256,True,False,False,0.00020854099420830607,0.4,0.6796858875495522,True,True,True,False
8cd5f0b83b6bf09cfadf,representation,representation_disagreement,1326,464103308,16,5000,0.4,0.05,rbf,median,anytime,bonferroni,3,2,False,B_BETTER,224,True,False,False,0.00020462501561269164,0.4,0.7200353639175696,True,True,True,False
a332b9dd4224157c0b7a,representation,representation_disagreement,1327,32282285,16,5000,0.4,0.05,rbf,median,anytime,bonferroni,3,2,False,B_BETTER,256,True,False,False,0.0002060420229099691,0.4,0.6796858875495522,True,True,True,False
ae9acd587e7d943ca1c6,representation,representation_disagreement,1328,1812496715,16,5000,0.4,0.05,rbf,median,anytime,bonferroni,3,2,False,B_BETTER,208,True,False,False,0.00020233297254890203,0.4,0.7434004973451923,True,True,True,False
c15874175d9df918e421,representation,representation_disagreement,1329,3130489470,16,5000,0.4,0.05,rbf,median,anytime,bonferroni,3,2,False,B_BETTER,272,True,False,False,0.00021054199896752834,0.4,0.6620856821127258,True,True,True,False
6af415778b45d7fa2e4c,representation,representation_disagreement,1330,599945179,16,5000,0.4,0.05,rbf,median,anytime,bonferroni,3,2,False,B_BETTER,224,True,False,False,0.00020400003995746374,0.4,0.7200353639175696,True,True,True,False
633cad03182747dc8d1b,representation,representation_disagreement,1331,3996013668,16,5000,0.4,0.05,rbf,median,anytime,bonferroni,3,2,False,B_BETTER,224,True,False,False,0.00020470801973715425,0.4,0.7200353639175696,True,True,True,False
40ced19ac89333af6756,representation,representation_disagreement,1332,4085435458,16,5000,0.4,0.05,rbf,median,anytime,bonferroni,3,2,False,B_BETTER,272,True,False,False,0.00020587496692314744,0.4,0.6620856821127259,True,True,True,False
df76a0601f03f236516a,representation,representation_disagreement,1333,782151863,16,5000,0.4,0.05,rbf,median,anytime,bonferroni,3,2,False,B_BETTER,272,True,False,False,0.0002109999768435955,0.4,0.6620856821127258,True,True,True,False
89bd8e002632df035b78,representation,representation_disagreement,1334,3851461160,16,5000,0.4,0.05,rbf,median,anytime,bonferroni,3,2,False,B_BETTER,208,True,False,False,0.0002038329839706421,0.4,0.7434004973451923,True,True,True,False
2724a1fa20262218809b,representation,representation_disagreement,1335,4129863171,16,5000,0.4,0.05,rbf,median,anytime,bonferroni,3,2,False,B_BETTER,256,True,False,False,0.00020520796533674002,0.4,0.6796858875495522,True,True,True,False
23fd7c3eee351d4ea434,representation,representation_disagreement,1336,669205356,16,5000,0.4,0.05,rbf,median,anytime,bonferroni,3,2,False,B_BETTER,256,True,False,False,0.00020700000459328294,0.4,0.6796858875495522,True,True,True,False
39fdbad35fc9aa023730,representation,representation_disagreement,1337,2619561261,16,5000,0.4,0.05,rbf,median,anytime,bonferroni,3,2,False,B_BETTER,240,True,False,False,0.00020825001411139965,0.4,0.6989114228795754,True,True,True,False
985b70b018a4b0f3615d,representation,representation_disagreement,1338,439133413,16,5000,0.4,0.05,rbf,median,anytime,bonferroni,3,2,False,B_BETTER,272,True,False,False,0.00020599999697878957,0.4,0.6620856821127259,True,True,True,False
662e9a395ebf164d8da2,representation,representation_disagreement,1339,1127318190,16,5000,0.4,0.05,rbf,median,anytime,bonferroni,3,2,False,B_BETTER,288,True,False,False,0.00020620902068912983,0.4,0.6458901399180805,True,True,True,False
58a87560a1b23f2ec044,representation,representation_disagreement,1340,1665812010,16,5000,0.4,0.05,rbf,median,anytime,bonferroni,3,2,False,B_BETTER,240,True,False,False,0.00020733400015160441,0.4,0.6989114228795754,True,True,True,False
5dda0d06f02c7607930a,representation,representation_disagreement,1341,527732696,16,5000,0.4,0.05,rbf,median,anytime,bonferroni,3,2,False,B_BETTER,240,True,False,False,0.00020954100182279944,0.4,0.6989114228795754,True,True,True,False
34b6bdcfa9af2541cfe4,representation,representation_disagreement,1342,1053758895,16,5000,0.4,0.05,rbf,median,anytime,bonferroni,3,2,False,B_BETTER,272,True,False,False,0.00020616600522771478,0.4,0.6620856821127258,True,True,True,False
06ff4acfaa79c5c6a576,representation,representation_disagreement,1343,2095859675,16,5000,0.4,0.05,rbf,median,anytime,bonferroni,3,2,False,B_BETTER,272,True,False,False,0.00020650000078603625,0.4,0.6620856821127258,True,True,True,False
895c003964930cf63757,representation,representation_disagreement,1344,1285162269,16,5000,0.4,0.05,rbf,median,anytime,bonferroni,3,2,False,B_BETTER,304,True,False,False,0.00020725000649690628,0.4,0.6309186896508341,True,True,True,False
1f50fb84c18c3eb7f147,representation,representation_disagreement,1345,36475867,16,5000,0.4,0.05,rbf,median,anytime,bonferroni,3,2,False,B_BETTER,240,True,False,False,0.00020937499357387424,0.4,0.6989114228795754,True,True,True,False
32f7f37f3e20ef351cbf,representation,representation_disagreement,1346,3951879405,16,5000,0.4,0.05,rbf,median,anytime,bonferroni,3,2,False,B_BETTER,256,True,False,False,0.0002043339773081243,0.4,0.6796858875495522,True,True,True,False
044203e8dcf7b5ccc060,representation,representation_disagreement,1347,143983349,16,5000,0.4,0.05,rbf,median,anytime,bonferroni,3,2,False,B_BETTER,256,True,False,False,0.0002055419608950615,0.4,0.6796858875495522,True,True,True,False
f8fa573481bd3eaccac8,representation,representation_disagreement,1348,296657405,16,5000,0.4,0.05,rbf,median,anytime,bonferroni,3,2,False,B_BETTER,304,True,False,False,0.0002062499988824129,0.4,0.6309186896508341,True,True,True,False
277151b9d0803e318ada,representation,representation_disagreement,1349,1498015862,16,5000,0.4,0.05,rbf,median,anytime,bonferroni,3,2,False,B_BETTER,288,True,False,False,0.00021091604139655828,0.4,0.6458901399180805,True,True,True,False
11475e6376fc20c65b50,representation,representation_disagreement,1350,3508625574,16,5000,0.4,0.05,rbf,median,anytime,bonferroni,3,2,False,B_BETTER,256,True,False,False,0.00019254098879173398,0.4,0.6796858875495522,True,True,True,False
b4c9dd27d86b9c798d90,representation,representation_disagreement,1351,770406004,16,5000,0.4,0.05,rbf,median,anytime,bonferroni,3,2,False,B_BETTER,272,True,False,False,0.0001787089859135449,0.4,0.6620856821127259,True,True,True,False
acf77e858c7903a033b1,representation,representation_disagreement,1352,2513327953,16,5000,0.4,0.05,rbf,median,anytime,bonferroni,3,2,False,B_BETTER,256,True,False,False,0.00017662497702986002,0.4,0.6796858875495522,True,True,True,False
cf96a4e7b366878242c5,representation,representation_disagreement,1353,2846147215,16,5000,0.4,0.05,rbf,median,anytime,bonferroni,3,2,False,B_BETTER,224,True,False,False,0.00017920800019055605,0.4,0.7200353639175696,True,True,True,False
97acb39e4700b1b20581,representation,representation_disagreement,1354,377802995,16,5000,0.4,0.05,rbf,median,anytime,bonferroni,3,2,False,B_BETTER,256,True,False,False,0.00017733301501721144,0.4,0.6796858875495522,True,True,True,False
2c29363e33b2471afe86,representation,representation_disagreement,1355,1313810089,16,5000,0.4,0.05,rbf,median,anytime,bonferroni,3,2,False,B_BETTER,256,True,False,False,0.00017679197480902076,0.4,0.6796858875495522,True,True,True,False
a8d3e79c8a410c4c7282,representation,representation_disagreement,1356,4273709093,16,5000,0.4,0.05,rbf,median,anytime,bonferroni,3,2,False,B_BETTER,240,True,False,False,0.00017662503523752093,0.4,0.6989114228795754,True,True,True,False
fbbcb1f6e037296367eb,representation,representation_disagreement,1357,1347106362,16,5000,0.4,0.05,rbf,median,anytime,bonferroni,3,2,False,B_BETTER,224,True,False,False,0.0001782919862307608,0.4,0.7200353639175696,True,True,True,False
177bbe54c71566e10ef9,representation,representation_disagreement,1358,1983740420,16,5000,0.4,0.05,rbf,median,anytime,bonferroni,3,2,False,B_BETTER,256,True,False,False,0.0001769589725881815,0.4,0.6796858875495522,True,True,True,False
d78cd87c46a71a854d2e,representation,representation_disagreement,1359,259053363,16,5000,0.4,0.05,rbf,median,anytime,bonferroni,3,2,False,B_BETTER,224,True,False,False,0.0001754579716362059,0.4,0.7200353639175696,True,True,True,False
77275fbc9c4b18b2de64,representation,representation_disagreement,1360,3378994075,16,5000,0.4,0.05,rbf,median,anytime,bonferroni,3,2,False,B_BETTER,208,True,False,False,0.0001757920254021883,0.4,0.7434004973451923,True,True,True,False
488265cfc1fdbcdbd83f,representation,representation_disagreement,1361,1883664678,16,5000,0.4,0.05,rbf,median,anytime,bonferroni,3,2,False,B_BETTER,240,True,False,False,0.0003189169801771641,0.4,0.6989114228795754,True,True,True,False
2b6f01eba6fcb2df6a49,representation,representation_disagreement,1362,336262934,16,5000,0.4,0.05,rbf,median,anytime,bonferroni,3,2,False,B_BETTER,208,True,False,False,0.0002488340251147747,0.4,0.7434004973451923,True,True,True,False
e4135160a280c4463314,representation,representation_disagreement,1363,1022698031,16,5000,0.4,0.05,rbf,median,anytime,bonferroni,3,2,False,B_BETTER,272,True,False,False,0.0002480410039424896,0.4,0.6620856821127259,True,True,True,False
8c192f95904e5727ceba,representation,representation_disagreement,1364,1005681730,16,5000,0.4,0.05,rbf,median,anytime,bonferroni,3,2,False,B_BETTER,288,True,False,False,0.000258082989603281,0.4,0.6458901399180805,True,True,True,False
822c7770f585fe7a3422,representation,representation_disagreement,1365,3941301865,16,5000,0.4,0.05,rbf,median,anytime,bonferroni,3,2,False,B_BETTER,240,True,False,False,0.00024320802185684443,0.4,0.6989114228795754,True,True,True,False
f4455c92767a2f58c7a1,representation,representation_disagreement,1366,3660968630,16,5000,0.4,0.05,rbf,median,anytime,bonferroni,3,2,False,B_BETTER,224,True,False,False,0.00023854203755035996,0.4,0.7200353639175696,True,True,True,False
dcb48539b960f763a990,representation,representation_disagreement,1367,3716771816,16,5000,0.4,0.05,rbf,median,anytime,bonferroni,3,2,False,B_BETTER,208,True,False,False,0.0002436249633319676,0.4,0.7434004973451924,True,True,True,False
d08f88d7d4d37567d89c,representation,representation_disagreement,1368,3932034700,16,5000,0.4,0.05,rbf,median,anytime,bonferroni,3,2,False,B_BETTER,272,True,False,False,0.00023999996483325958,0.4,0.6620856821127258,True,True,True,False
b67e1587b0fc3f2080ac,representation,representation_disagreement,1369,838935399,16,5000,0.4,0.05,rbf,median,anytime,bonferroni,3,2,False,B_BETTER,240,True,False,False,0.00025887496303766966,0.4,0.6989114228795754,True,True,True,False
1958c3a4a5e0c9760825,representation,representation_disagreement,1370,3232996307,16,5000,0.4,0.05,rbf,median,anytime,bonferroni,3,2,False,B_BETTER,256,True,False,False,0.000255541002843529,0.4,0.6796858875495522,True,True,True,False
3f88518e9d48b6ccf3fb,representation,representation_disagreement,1371,1908269976,16,5000,0.4,0.05,rbf,median,anytime,bonferroni,3,2,False,B_BETTER,240,True,False,False,0.0002519999979995191,0.4,0.6989114228795754,True,True,True,False
5e1c87b06069ac50e545,representation,representation_disagreement,1372,4083058570,16,5000,0.4,0.05,rbf,median,anytime,bonferroni,3,2,False,B_BETTER,224,True,False,False,0.0002462079864926636,0.4,0.7200353639175696,True,True,True,False
2892554fc74a114d695e,representation,representation_disagreement,1373,346936036,16,5000,0.4,0.05,rbf,median,anytime,bonferroni,3,2,False,B_BETTER,240,True,False,False,0.0002547919866628945,0.4,0.6989114228795754,True,True,True,False
d87ca9157fd15f2201ba,representation,representation_disagreement,1374,3621175854,16,5000,0.4,0.05,rbf,median,anytime,bonferroni,3,2,False,B_BETTER,272,True,False,False,0.00023962499108165503,0.4,0.6620856821127257,True,True,True,False
740b84e96eb5c23d0bca,representation,representation_disagreement,1375,415685552,16,5000,0.4,0.05,rbf,median,anytime,bonferroni,3,2,False,B_BETTER,224,True,False,False,0.00023591599892824888,0.4,0.7200353639175696,True,True,True,False
470b4a7cceb74a6e1623,representation,representation_disagreement,1376,1432736907,16,5000,0.4,0.05,rbf,median,anytime,bonferroni,3,2,False,B_BETTER,176,True,False,False,0.00023295899154618382,0.4,0.7987351700636655,True,True,True,False
58e24ea8dd9f00f0fdad,representation,representation_disagreement,1377,18659380,16,5000,0.4,0.05,rbf,median,anytime,bonferroni,3,2,False,B_BETTER,224,True,False,False,0.00023687502834945917,0.4,0.7200353639175696,True,True,True,False
8aedaeafa83a20ae7351,representation,representation_disagreement,1378,2304900697,16,5000,0.4,0.05,rbf,median,anytime,bonferroni,3,2,False,B_BETTER,224,True,False,False,0.00023641600273549557,0.4,0.7200353639175696,True,True,True,False
d8ba12d0cbfb8cde99c0,representation,representation_disagreement,1379,2456039156,16,5000,0.4,0.05,rbf,median,anytime,bonferroni,3,2,False,B_BETTER,240,True,False,False,0.00023608299670740962,0.4,0.6989114228795754,True,True,True,False
926ea0cbe31b7472c296,representation,representation_disagreement,1380,4039689521,16,5000,0.4,0.05,rbf,median,anytime,bonferroni,3,2,False,B_BETTER,256,True,False,False,0.00023870798759162426,0.4,0.6796858875495522,True,True,True,False
995c8175162c39cedc33,representation,representation_disagreement,1381,1767696902,16,5000,0.4,0.05,rbf,median,anytime,bonferroni,3,2,False,B_BETTER,256,True,False,False,0.00023749994579702616,0.4,0.6796858875495522,True,True,True,False
00fde59e58046b911869,representation,representation_disagreement,1382,1460258480,16,5000,0.4,0.05,rbf,median,anytime,bonferroni,3,2,False,B_BETTER,240,True,False,False,0.00023620796855539083,0.4,0.6989114228795754,True,True,True,False
8cd92497a4c4c2fa0a27,representation,representation_disagreement,1383,2042130497,16,5000,0.4,0.05,rbf,median,anytime,bonferroni,3,2,False,B_BETTER,256,True,False,False,0.00023737503215670586,0.4,0.6796858875495522,True,True,True,False
6f76cc306e755f27529a,representation,representation_disagreement,1384,1818384870,16,5000,0.4,0.05,rbf,median,anytime,bonferroni,3,2,False,B_BETTER,272,True,False,False,0.00023816601606085896,0.4,0.6620856821127259,True,True,True,False
c743c3a5f8491f84fe56,representation,representation_disagreement,1385,1526253444,16,5000,0.4,0.05,rbf,median,anytime,bonferroni,3,2,False,B_BETTER,272,True,False,False,0.0002389169530943036,0.4,0.6620856821127258,True,True,True,False
53a459b4cb1656689cf9,representation,representation_disagreement,1386,2313384976,16,5000,0.4,0.05,rbf,median,anytime,bonferroni,3,2,False,B_BETTER,240,True,False,False,0.00023637496633455157,0.4,0.6989114228795754,True,True,True,False
6e6d18e03de48d938d6b,representation,representation_disagreement,1387,940354895,16,5000,0.4,0.05,rbf,median,anytime,bonferroni,3,2,False,B_BETTER,288,True,False,False,0.0002394999610260129,0.4,0.6458901399180805,True,True,True,False
fe0e41598ac09f2015d2,representation,representation_disagreement,1388,1810591214,16,5000,0.4,0.05,rbf,median,anytime,bonferroni,3,2,False,B_BETTER,256,True,False,False,0.00024100003065541387,0.4,0.6796858875495522,True,True,True,False
b9b7664ddc882257f39c,representation,representation_disagreement,1389,2383249353,16,5000,0.4,0.05,rbf,median,anytime,bonferroni,3,2,False,B_BETTER,224,True,False,False,0.00023599999258294702,0.4,0.7200353639175696,True,True,True,False
0c0f57beddaa945492a4,representation,representation_disagreement,1390,2618090037,16,5000,0.4,0.05,rbf,median,anytime,bonferroni,3,2,False,B_BETTER,272,True,False,False,0.00023966701701283455,0.4,0.6620856821127259,True,True,True,False
5019bb6a8f6cd1001439,representation,representation_disagreement,1391,736911462,16,5000,0.4,0.05,rbf,median,anytime,bonferroni,3,2,False,B_BETTER,224,True,False,False,0.00023783399956300855,0.4,0.7200353639175696,True,True,True,False
70d2ec08e69ead3c9b9a,representation,representation_disagreement,1392,1354111094,16,5000,0.4,0.05,rbf,median,anytime,bonferroni,3,2,False,B_BETTER,256,True,False,False,0.00023800000781193376,0.4,0.6796858875495522,True,True,True,False
00aab9d4e90b563d5c29,representation,representation_disagreement,1393,4177582096,16,5000,0.4,0.05,rbf,median,anytime,bonferroni,3,2,False,B_BETTER,240,True,False,False,0.00023691594833508134,0.4,0.6989114228795754,True,True,True,False
e257303f54ef1d004f5f,representation,representation_disagreement,1394,525801608,16,5000,0.4,0.05,rbf,median,anytime,bonferroni,3,2,False,B_BETTER,208,True,False,False,0.00023808295372873545,0.4,0.7434004973451922,True,True,True,False
2d8d629f19062fb81d60,representation,representation_disagreement,1395,361560186,16,5000,0.4,0.05,rbf,median,anytime,bonferroni,3,2,False,B_BETTER,272,True,False,False,0.00024129200028255582,0.4,0.6620856821127259,True,True,True,False
da3313bba0ccb81a3df2,representation,representation_disagreement,1396,2996246289,16,5000,0.4,0.05,rbf,median,anytime,bonferroni,3,2,False,B_BETTER,208,True,False,False,0.00023733300622552633,0.4,0.7434004973451924,True,True,True,False
26f1007dae8230854913,representation,representation_disagreement,1397,3957210899,16,5000,0.4,0.05,rbf,median,anytime,bonferroni,3,2,False,B_BETTER,224,True,False,False,0.0002364169922657311,0.4,0.7200353639175696,True,True,True,False
5836edcebe98d3e99ce5,representation,representation_disagreement,1398,689456071,16,5000,0.4,0.05,rbf,median,anytime,bonferroni,3,2,False,B_BETTER,208,True,False,False,0.00024762499378994107,0.4,0.7434004973451923,True,True,True,False
33a047e1e46c5aab15f4,representation,representation_disagreement,1399,303586535,16,5000,0.4,0.05,rbf,median,anytime,bonferroni,3,2,False,B_BETTER,224,True,False,False,0.00021374999778345227,0.4,0.7200353639175696,True,True,True,False
678e550bd7362ca7273f,representation,representation_disagreement,1400,4122255633,16,5000,0.4,0.05,rbf,median,anytime,bonferroni,3,2,False,B_BETTER,256,True,False,False,0.00021012499928474426,0.4,0.6796858875495522,True,True,True,False
d321d84baa62abe03c24,representation,representation_disagreement,1401,4065326456,16,5000,0.4,0.05,rbf,median,anytime,bonferroni,3,2,False,B_BETTER,288,True,False,False,0.00020750000840052962,0.4,0.6458901399180805,True,True,True,False
b1d8a6cef5ad461e759d,representation,representation_disagreement,1402,2582107347,16,5000,0.4,0.05,rbf,median,anytime,bonferroni,3,2,False,B_BETTER,272,True,False,False,0.0002057909732684493,0.4,0.6620856821127258,True,True,True,False
4c5c9f795365873dc991,representation,representation_disagreement,1403,23816676,16,5000,0.4,0.05,rbf,median,anytime,bonferroni,3,2,False,B_BETTER,224,True,False,False,0.00020512501941993833,0.4,0.7200353639175696,True,True,True,False
9967aedae43ffae5d402,representation,representation_disagreement,1404,951362259,16,5000,0.4,0.05,rbf,median,anytime,bonferroni,3,2,False,B_BETTER,240,True,False,False,0.0002049169852398336,0.4,0.6989114228795754,True,True,True,False
43c0049a99fe92e44850,representation,representation_disagreement,1405,824749341,16,5000,0.4,0.05,rbf,median,anytime,bonferroni,3,2,False,B_BETTER,320,True,False,False,0.00020720803877338767,0.4,0.6170219115444305,True,True,True,False
5513f408614f72226e69,representation,representation_disagreement,1406,1343601615,16,5000,0.4,0.05,rbf,median,anytime,bonferroni,3,2,False,B_BETTER,272,True,False,False,0.00020641699666157365,0.4,0.6620856821127259,True,True,True,False
31f1c0995f3bda179d76,representation,representation_disagreement,1407,3948269474,16,5000,0.4,0.05,rbf,median,anytime,bonferroni,3,2,False,B_BETTER,256,True,False,False,0.0002038329839706421,0.4,0.6796858875495522,True,True,True,False
540bfedf713c68e4d417,representation,representation_disagreement,1408,2355006282,16,5000,0.4,0.05,rbf,median,anytime,bonferroni,3,2,False,B_BETTER,224,True,False,False,0.00020404200768098235,0.4,0.7200353639175696,True,True,True,False
111b0e2a28250b07917a,representation,representation_disagreement,1409,208122228,16,5000,0.4,0.05,rbf,median,anytime,bonferroni,3,2,False,B_BETTER,240,True,False,False,0.0002044999855570495,0.4,0.6989114228795754,True,True,True,False
64f5318fe0255340a081,representation,representation_disagreement,1410,1586336332,16,5000,0.4,0.05,rbf,median,anytime,bonferroni,3,2,False,B_BETTER,272,True,False,False,0.00020591699285432696,0.4,0.6620856821127259,True,True,True,False
20e2de43f5d36695c7fa,representation,representation_disagreement,1411,2565413938,16,5000,0.4,0.05,rbf,median,anytime,bonferroni,3,2,False,B_BETTER,272,True,False,False,0.000206290977075696,0.4,0.6620856821127257,True,True,True,False
e1a10077c78fee501c50,representation,representation_disagreement,1412,2007699100,16,5000,0.4,0.05,rbf,median,anytime,bonferroni,3,2,False,B_BETTER,240,True,False,False,0.00020558398682624102,0.4,0.6989114228795754,True,True,True,False
7c4d7cd97deb96b7a927,representation,representation_disagreement,1413,2055356474,16,5000,0.4,0.05,rbf,median,anytime,bonferroni,3,2,False,B_BETTER,272,True,False,False,0.00020474998746067286,0.4,0.6620856821127258,True,True,True,False
0400cac63ba2aeef5455,representation,representation_disagreement,1414,2602057197,16,5000,0.4,0.05,rbf,median,anytime,bonferroni,3,2,False,B_BETTER,256,True,False,False,0.00020504201529547572,0.4,0.6796858875495522,True,True,True,False
e622c9f8f20c792f0ed6,representation,representation_disagreement,1415,3615964787,16,5000,0.4,0.05,rbf,median,anytime,bonferroni,3,2,False,B_BETTER,224,True,False,False,0.00020179199054837227,0.4,0.7200353639175696,True,True,True,False
08898f9ac31c59b12920,representation,representation_disagreement,1416,1617735367,16,5000,0.4,0.05,rbf,median,anytime,bonferroni,3,2,False,B_BETTER,208,True,False,False,0.00020224996842443943,0.4,0.7434004973451924,True,True,True,False
20ad77cde2348d2eed13,representation,representation_disagreement,1417,1093028009,16,5000,0.4,0.05,rbf,median,anytime,bonferroni,3,2,False,B_BETTER,224,True,False,False,0.00020187499467283487,0.4,0.7200353639175696,True,True,True,False
fdaa29c374444adf77ae,representation,representation_disagreement,1418,2286383606,16,5000,0.4,0.05,rbf,median,anytime,bonferroni,3,2,False,B_BETTER,240,True,False,False,0.00020312500419095159,0.4,0.6989114228795754,True,True,True,False
89b84d855c272365595f,representation,representation_disagreement,1419,2850347791,16,5000,0.4,0.05,rbf,median,anytime,bonferroni,3,2,False,B_BETTER,256,True,False,False,0.0002055000513792038,0.4,0.6796858875495522,True,True,True,False
8ffa3ae573ae1cea1720,representation,representation_disagreement,1420,706248594,16,5000,0.4,0.05,rbf,median,anytime,bonferroni,3,2,False,B_BETTER,240,True,False,False,0.0002032080083154142,0.4,0.6989114228795754,True,True,True,False
8f8f5a3961ca3283e29d,representation,representation_disagreement,1421,4213876220,16,5000,0.4,0.05,rbf,median,anytime,bonferroni,3,2,False,B_BETTER,256,True,False,False,0.0002051659976132214,0.4,0.6796858875495522,True,True,True,False
2414a1ca40aebe484e8b,representation,representation_disagreement,1422,2677032692,16,5000,0.4,0.05,rbf,median,anytime,bonferroni,3,2,False,B_BETTER,288,True,False,False,0.00020629202481359243,0.4,0.6458901399180805,True,True,True,False
1a161d5da9e2bcce1cc3,representation,representation_disagreement,1423,3769671169,16,5000,0.4,0.05,rbf,median,anytime,bonferroni,3,2,False,B_BETTER,272,True,False,False,0.0002157499548047781,0.4,0.6620856821127259,True,True,True,False
af5f7cacfb5906b73197,representation,representation_disagreement,1424,1588226869,16,5000,0.4,0.05,rbf,median,anytime,bonferroni,3,2,False,B_BETTER,256,True,False,False,0.00021966698113828897,0.4,0.6796858875495522,True,True,True,False
88da295034d20e15beeb,representation,representation_disagreement,1425,1882390085,16,5000,0.4,0.05,rbf,median,anytime,bonferroni,3,2,False,B_BETTER,256,True,False,False,0.00021541700698435307,0.4,0.6796858875495522,True,True,True,False
8967dfa4da0db85fc5a1,representation,representation_disagreement,1426,3735240517,16,5000,0.4,0.05,rbf,median,anytime,bonferroni,3,2,False,B_BETTER,304,True,False,False,0.00020641600713133812,0.4,0.6309186896508341,True,True,True,False
c42a6ab6bff7aa0275b8,representation,representation_disagreement,1427,4030051062,16,5000,0.4,0.05,rbf,median,anytime,bonferroni,3,2,False,B_BETTER,272,True,False,False,0.00020362500799819827,0.4,0.6620856821127258,True,True,True,False
b585e5f6cb56e59e20a8,representation,representation_disagreement,1428,1216751257,16,5000,0.4,0.05,rbf,median,anytime,bonferroni,3,2,False,B_BETTER,240,True,False,False,0.0002037090016528964,0.4,0.6989114228795754,True,True,True,False
36839ec28e56e875ee69,representation,representation_disagreement,1429,3850662662,16,5000,0.4,0.05,rbf,median,anytime,bonferroni,3,2,False,B_BETTER,240,True,False,False,0.0002033329801633954,0.4,0.6989114228795754,True,True,True,False
2e5664fad6f2320aed2d,representation,representation_disagreement,1430,2630320824,16,5000,0.4,0.05,rbf,median,anytime,bonferroni,3,2,False,B_BETTER,256,True,False,False,0.00020600005518645048,0.4,0.6796858875495522,True,True,True,False
0bf03b65eb03d558b65d,representation,representation_disagreement,1431,2630881899,16,5000,0.4,0.05,rbf,median,anytime,bonferroni,3,2,False,B_BETTER,240,True,False,False,0.00020424998365342617,0.4,0.6989114228795754,True,True,True,False
ba7da0c25039d1f8cb02,representation,representation_disagreement,1432,1421668962,16,5000,0.4,0.05,rbf,median,anytime,bonferroni,3,2,False,B_BETTER,256,True,False,False,0.0002043750137090683,0.4,0.6796858875495522,True,True,True,False
9d2295596d7a8a87a67f,representation,representation_disagreement,1433,2528763648,16,5000,0.4,0.05,rbf,median,anytime,bonferroni,3,2,False,B_BETTER,256,True,False,False,0.00020495901117101312,0.4,0.6796858875495522,True,True,True,False
65acf21c2350c88e8487,representation,representation_disagreement,1434,2312496925,16,5000,0.4,0.05,rbf,median,anytime,bonferroni,3,2,False,B_BETTER,240,True,False,False,0.00020470801973715425,0.4,0.6989114228795754,True,True,True,False
e745e33d4e96b65f5597,representation,representation_disagreement,1435,3656794767,16,5000,0.4,0.05,rbf,median,anytime,bonferroni,3,2,False,B_BETTER,256,True,False,False,0.00020404101815074682,0.4,0.6796858875495522,True,True,True,False
61e3ee702bc27948730a,representation,representation_disagreement,1436,1297049998,16,5000,0.4,0.05,rbf,median,anytime,bonferroni,3,2,False,B_BETTER,240,True,False,False,0.0002032499760389328,0.4,0.6989114228795754,True,True,True,False
1712776f00446c543b3d,representation,representation_disagreement,1437,3803166071,16,5000,0.4,0.05,rbf,median,anytime,bonferroni,3,2,False,B_BETTER,272,True,False,False,0.00020462501561269164,0.4,0.6620856821127258,True,True,True,False
686929c55392ac84fd1d,representation,representation_disagreement,1438,17087093,16,5000,0.4,0.05,rbf,median,anytime,bonferroni,3,2,False,B_BETTER,256,True,False,False,0.00020424998365342617,0.4,0.6796858875495522,True,True,True,False
9ed410232426c49ee497,representation,representation_disagreement,1439,1257862219,16,5000,0.4,0.05,rbf,median,anytime,bonferroni,3,2,False,B_BETTER,272,True,False,False,0.00020487501751631498,0.4,0.6620856821127259,True,True,True,False
2e190017824e7241f821,representation,representation_disagreement,1440,2634790775,16,5000,0.4,0.05,rbf,median,anytime,bonferroni,3,2,False,B_BETTER,224,True,False,False,0.00020308297825977206,0.4,0.7200353639175696,True,True,True,False
626bb9573d0ef61201f9,representation,representation_disagreement,1441,781568218,16,5000,0.4,0.05,rbf,median,anytime,bonferroni,3,2,False,B_BETTER,240,True,False,False,0.0002036670339293778,0.4,0.6989114228795754,True,True,True,False
2c19e340e277f9f1587e,representation,representation_disagreement,1442,99596136,16,5000,0.4,0.05,rbf,median,anytime,bonferroni,3,2,False,B_BETTER,288,True,False,False,0.00020724994828924537,0.4,0.6458901399180805,True,True,True,False
7839ba9877c1e99edbd8,representation,representation_disagreement,1443,696789954,16,5000,0.4,0.05,rbf,median,anytime,bonferroni,3,2,False,B_BETTER,288,True,False,False,0.0002051249612122774,0.4,0.6458901399180805,True,True,True,False
d217fd28cb84d1edb9d0,representation,representation_disagreement,1444,4228380514,16,5000,0.4,0.05,rbf,median,anytime,bonferroni,3,2,False,B_BETTER,240,True,False,False,0.00020329095423221588,0.4,0.6989114228795754,True,True,True,False
b13aa2167cbe284e3653,representation,representation_disagreement,1445,2101542047,16,5000,0.4,0.05,rbf,median,anytime,bonferroni,3,2,False,B_BETTER,256,True,False,False,0.00020462501561269164,0.4,0.6796858875495522,True,True,True,False
46e23b3de5dfcac5faaa,representation,representation_disagreement,1446,3885435877,16,5000,0.4,0.05,rbf,median,anytime,bonferroni,3,2,False,B_BETTER,224,True,False,False,0.0002025839639827609,0.4,0.7200353639175696,True,True,True,False
f754eb22b3710e6ea662,representation,representation_disagreement,1447,1284988468,16,5000,0.4,0.05,rbf,median,anytime,bonferroni,3,2,False,B_BETTER,256,True,False,False,0.00020362500799819827,0.4,0.6796858875495522,True,True,True,False
849952ae5f38d46912e8,representation,representation_disagreement,1448,1608514311,16,5000,0.4,0.05,rbf,median,anytime,bonferroni,3,2,False,B_BETTER,288,True,False,False,0.0002055419608950615,0.4,0.6458901399180805,True,True,True,False
722519e78a738d5e5d5c,representation,representation_disagreement,1449,3038813417,16,5000,0.4,0.05,rbf,median,anytime,bonferroni,3,2,False,B_BETTER,160,True,False,False,0.00019950000569224358,0.4,0.8320293755130352,True,True,True,False
e69aae5dffc7f867578c,representation,representation_disagreement,1450,4062205889,16,5000,0.4,0.05,rbf,median,anytime,bonferroni,3,2,False,B_BETTER,208,True,False,False,0.00020125001901760697,0.4,0.7434004973451922,True,True,True,False
91b70244d80ac6402b3b,representation,representation_disagreement,1451,1752709668,16,5000,0.4,0.05,rbf,median,anytime,bonferroni,3,2,False,B_BETTER,288,True,False,False,0.00020633399253711104,0.4,0.6458901399180805,True,True,True,False
b0e621a97f5abc65ef8e,representation,representation_disagreement,1452,4134498491,16,5000,0.4,0.05,rbf,median,anytime,bonferroni,3,2,False,B_BETTER,240,True,False,False,0.00020424998365342617,0.4,0.6989114228795754,True,True,True,False
e77d63938dcccdacb58a,representation,representation_disagreement,1453,1238577505,16,5000,0.4,0.05,rbf,median,anytime,bonferroni,3,2,False,B_BETTER,288,True,False,False,0.00020549999317154288,0.4,0.6458901399180805,True,True,True,False
d498865e2332bdbd210f,representation,representation_disagreement,1454,1236855733,16,5000,0.4,0.05,rbf,median,anytime,bonferroni,3,2,False,B_BETTER,240,True,False,False,0.00020258297445252538,0.4,0.6989114228795754,True,True,True,False
6db00cf72ab252ea521b,representation,representation_disagreement,1455,1079335249,16,5000,0.4,0.05,rbf,median,anytime,bonferroni,3,2,False,B_BETTER,272,True,False,False,0.0002030839677900076,0.4,0.6620856821127258,True,True,True,False
8cf809e8be77a7e614e9,representation,representation_disagreement,1456,520986758,16,5000,0.4,0.05,rbf,median,anytime,bonferroni,3,2,False,B_BETTER,240,True,False,False,0.00020275003043934703,0.4,0.6989114228795754,True,True,True,False
916f5c69fb9fedad29b3,representation,representation_disagreement,1457,564617259,16,5000,0.4,0.05,rbf,median,anytime,bonferroni,3,2,False,B_BETTER,304,True,False,False,0.0002066670567728579,0.4,0.6309186896508341,True,True,True,False
e375b9089ffa7a3a8874,representation,representation_disagreement,1458,4149744571,16,5000,0.4,0.05,rbf,median,anytime,bonferroni,3,2,False,B_BETTER,272,True,False,False,0.00020458298968151212,0.4,0.6620856821127257,True,True,True,False
e5d9d444045c8593ae8f,representation,representation_disagreement,1459,1640714070,16,5000,0.4,0.05,rbf,median,anytime,bonferroni,3,2,False,B_BETTER,240,True,False,False,0.00020300003234297037,0.4,0.6989114228795754,True,True,True,False
f1e086f0485b9e496f33,representation,representation_disagreement,1460,1805884140,16,5000,0.4,0.05,rbf,median,anytime,bonferroni,3,2,False,B_BETTER,192,True,False,False,0.00020045897690579295,0.4,0.7694441991638783,True,True,True,False
3d36a1079546f3cec3b0,representation,representation_disagreement,1461,749638696,16,5000,0.4,0.05,rbf,median,anytime,bonferroni,3,2,False,B_BETTER,256,True,False,False,0.00020458397921174765,0.4,0.6796858875495522,True,True,True,False
fecbff780e1add410227,representation,representation_disagreement,1462,3905359194,16,5000,0.4,0.05,rbf,median,anytime,bonferroni,3,2,False,B_BETTER,304,True,False,False,0.00020837504416704178,0.4,0.6309186896508341,True,True,True,False
5bbf6eaee9aa97349ddd,representation,representation_disagreement,1463,292224285,16,5000,0.4,0.05,rbf,median,anytime,bonferroni,3,2,False,B_BETTER,192,True,False,False,0.00020295800641179085,0.4,0.7694441991638782,True,True,True,False
1507db2a831bb13664f4,representation,representation_disagreement,1464,3302377380,16,5000,0.4,0.05,rbf,median,anytime,bonferroni,3,2,False,B_BETTER,320,True,False,False,0.00020866701379418373,0.4,0.6170219115444305,True,True,True,False
0ccc8dd17695dcff9ce5,representation,representation_disagreement,1465,3716166570,16,5000,0.4,0.05,rbf,median,anytime,bonferroni,3,2,False,B_BETTER,304,True,False,False,0.00020650000078603625,0.4,0.6309186896508341,True,True,True,False
b4578580332ccb2e8077,representation,representation_disagreement,1466,1781370358,16,5000,0.4,0.05,rbf,median,anytime,bonferroni,3,2,False,B_BETTER,192,True,False,False,0.00020175002282485366,0.4,0.7694441991638782,True,True,True,False
9780b52dadb4eb1f653c,representation,representation_disagreement,1467,1941021974,16,5000,0.4,0.05,rbf,median,anytime,bonferroni,3,2,False,B_BETTER,224,True,False,False,0.00020229199435561895,0.4,0.7200353639175696,True,True,True,False
570618d96c4780289fa4,representation,representation_disagreement,1468,3416756024,16,5000,0.4,0.05,rbf,median,anytime,bonferroni,3,2,False,B_BETTER,288,True,False,False,0.000206666998565197,0.4,0.6458901399180805,True,True,True,False
2e2edd385b483840df2e,representation,representation_disagreement,1469,1510732298,16,5000,0.4,0.05,rbf,median,anytime,bonferroni,3,2,False,B_BETTER,256,True,False,False,0.00020466599380597472,0.4,0.6796858875495522,True,True,True,False
6cb761a4cce10ed9afe2,representation,representation_disagreement,1470,2085506045,16,5000,0.4,0.05,rbf,median,anytime,bonferroni,3,2,False,B_BETTER,272,True,False,False,0.00020487501751631498,0.4,0.6620856821127258,True,True,True,False
f2858ba50bfb71c98191,representation,representation_disagreement,1471,920108594,16,5000,0.4,0.05,rbf,median,anytime,bonferroni,3,2,False,B_BETTER,272,True,False,False,0.00020591699285432696,0.4,0.6620856821127259,True,True,True,False
4edddc566aeaa006461c,representation,representation_disagreement,1472,1550781988,16,5000,0.4,0.05,rbf,median,anytime,bonferroni,3,2,False,B_BETTER,256,True,False,False,0.0002037500380538404,0.4,0.6796858875495522,True,True,True,False
32890394aa69db6947b7,representation,representation_disagreement,1473,1693918645,16,5000,0.4,0.05,rbf,median,anytime,bonferroni,3,2,False,B_BETTER,272,True,False,False,0.00020454201148822904,0.4,0.6620856821127257,True,True,True,False
5c0bc22ca5072d7fef7d,representation,representation_disagreement,1474,1751290749,16,5000,0.4,0.05,rbf,median,anytime,bonferroni,3,2,False,B_BETTER,256,True,False,False,0.00020420801592990756,0.4,0.6796858875495522,True,True,True,False
02a93aa35026a7f83429,representation,representation_disagreement,1475,1265592166,16,5000,0.4,0.05,rbf,median,anytime,bonferroni,3,2,False,B_BETTER,256,True,False,False,0.00020395900355651975,0.4,0.6796858875495522,True,True,True,False
05b7b1d73aae0d544e2c,representation,representation_disagreement,1476,1266096415,16,5000,0.4,0.05,rbf,median,anytime,bonferroni,3,2,False,B_BETTER,208,True,False,False,0.00020237505668774247,0.4,0.7434004973451924,True,True,True,False
e87fe42050ab6aacf25b,representation,representation_disagreement,1477,3752733618,16,5000,0.4,0.05,rbf,median,anytime,bonferroni,3,2,False,B_BETTER,240,True,False,False,0.00020291598048061132,0.4,0.6989114228795754,True,True,True,False
6283973748d473bcedfc,representation,representation_disagreement,1478,789237488,16,5000,0.4,0.05,rbf,median,anytime,bonferroni,3,2,False,B_BETTER,224,True,False,False,0.0002014999627135694,0.4,0.7200353639175696,True,True,True,False
7906b214aedec3d86896,representation,representation_disagreement,1479,4166513616,16,5000,0.4,0.05,rbf,median,anytime,bonferroni,3,2,False,B_BETTER,256,True,False,False,0.0002038329839706421,0.4,0.6796858875495522,True,True,True,False
b4274220b2dd0c26674d,representation,representation_disagreement,1480,3052713308,16,5000,0.4,0.05,rbf,median,anytime,bonferroni,3,2,False,B_BETTER,272,True,False,False,0.00020612496882677078,0.4,0.6620856821127257,True,True,True,False
307f5592672141393637,representation,representation_disagreement,1481,1097157179,16,5000,0.4,0.05,rbf,median,anytime,bonferroni,3,2,False,B_BETTER,224,True,False,False,0.00020424998365342617,0.4,0.7200353639175696,True,True,True,False
dac981b9de40957f8255,representation,representation_disagreement,1482,748217007,16,5000,0.4,0.05,rbf,median,anytime,bonferroni,3,2,False,B_BETTER,224,True,False,False,0.0002027080045081675,0.4,0.7200353639175696,True,True,True,False
1da250d1c3acc5d37f6d,representation,representation_disagreement,1483,1427725301,16,5000,0.4,0.05,rbf,median,anytime,bonferroni,3,2,False,B_BETTER,272,True,False,False,0.00020516698714345694,0.4,0.6620856821127259,True,True,True,False
cee0e120639bb9b2555a,representation,representation_disagreement,1484,999359026,16,5000,0.4,0.05,rbf,median,anytime,bonferroni,3,2,False,B_BETTER,272,True,False,False,0.00020450004376471043,0.4,0.6620856821127258,True,True,True,False
9b2c85cf2de05d536408,representation,representation_disagreement,1485,211755455,16,5000,0.4,0.05,rbf,median,anytime,bonferroni,3,2,False,B_BETTER,272,True,False,False,0.00020629202481359243,0.4,0.6620856821127259,True,True,True,False
c5c8cd7e8651d1e990bb,representation,representation_disagreement,1486,4243429086,16,5000,0.4,0.05,rbf,median,anytime,bonferroni,3,2,False,B_BETTER,224,True,False,False,0.000202000024728477,0.4,0.7200353639175696,True,True,True,False
5aa31d3e34668574e5b7,representation,representation_disagreement,1487,186417614,16,5000,0.4,0.05,rbf,median,anytime,bonferroni,3,2,False,B_BETTER,240,True,False,False,0.00020645803306251764,0.4,0.6989114228795754,True,True,True,False
cb5dce4fcd856af0a015,representation,representation_disagreement,1488,2802112452,16,5000,0.4,0.05,rbf,median,anytime,bonferroni,3,2,False,B_BETTER,272,True,False,False,0.00020566699095070362,0.4,0.6620856821127259,True,True,True,False
fc887b5204333690cbd6,representation,representation_disagreement,1489,1898192814,16,5000,0.4,0.05,rbf,median,anytime,bonferroni,3,2,False,B_BETTER,240,True,False,False,0.00020337500609457493,0.4,0.6989114228795754,True,True,True,False
e430fb49b33ce96cb0f8,representation,representation_disagreement,1490,1258943527,16,5000,0.4,0.05,rbf,median,anytime,bonferroni,3,2,False,B_BETTER,240,True,False,False,0.00020349997794255614,0.4,0.6989114228795754,True,True,True,False
68172277cd7b23243d04,representation,representation_disagreement,1491,977152521,16,5000,0.4,0.05,rbf,median,anytime,bonferroni,3,2,False,B_BETTER,224,True,False,False,0.00020166701870039105,0.4,0.7200353639175696,True,True,True,False
190bf145b0edd9771845,representation,representation_disagreement,1492,833801311,16,5000,0.4,0.05,rbf,median,anytime,bonferroni,3,2,False,B_BETTER,224,True,False,False,0.0003474170225672424,0.4,0.7200353639175696,True,True,True,False
041eceb05a1ccbfd5230,representation,representation_disagreement,1493,1869726845,16,5000,0.4,0.05,rbf,median,anytime,bonferroni,3,2,False,B_BETTER,256,True,False,False,0.00025945802917703986,0.4,0.6796858875495522,True,True,True,False
10cc0ad1d11830789dd8,representation,representation_disagreement,1494,4071538462,16,5000,0.4,0.05,rbf,median,anytime,bonferroni,3,2,False,B_BETTER,224,True,False,False,0.00024520797887817025,0.4,0.7200353639175696,True,True,True,False
7ab50cebdfcaecd25629,representation,representation_disagreement,1495,1355329497,16,5000,0.4,0.05,rbf,median,anytime,bonferroni,3,2,False,B_BETTER,256,True,False,False,0.0002477500238455832,0.4,0.6796858875495522,True,True,True,False
bd7075753c07938226f9,representation,representation_disagreement,1496,1424704047,16,5000,0.4,0.05,rbf,median,anytime,bonferroni,3,2,False,B_BETTER,288,True,False,False,0.00024379201931878924,0.4,0.6458901399180805,True,True,True,False
f45f61db47a89e0d5428,representation,representation_disagreement,1497,2041387076,16,5000,0.4,0.05,rbf,median,anytime,bonferroni,3,2,False,B_BETTER,240,True,False,False,0.0002448339946568012,0.4,0.6989114228795754,True,True,True,False
ec99897a9455d87720cd,representation,representation_disagreement,1498,705891781,16,5000,0.4,0.05,rbf,median,anytime,bonferroni,3,2,False,B_BETTER,240,True,False,False,0.00023924995912238955,0.4,0.6989114228795754,True,True,True,False
26ce083538063206f0d0,representation,representation_disagreement,1499,204003844,16,5000,0.4,0.05,rbf,median,anytime,bonferroni,3,2,False,B_BETTER,272,True,False,False,0.0002448330051265657,0.4,0.6620856821127257,True,True,True,False
a840c91dcab1e63ce41f,representation,representation_disagreement,1500,616673306,16,5000,0.4,0.05,rbf,median,anytime,bonferroni,3,2,False,B_BETTER,288,True,False,False,0.00024145800853148103,0.4,0.6458901399180805,True,True,True,False
55df37e8fb8755250ce0,representation,representation_disagreement,1501,213597128,16,5000,0.4,0.05,rbf,median,anytime,bonferroni,3,2,False,B_BETTER,272,True,False,False,0.000240666966419667,0.4,0.6620856821127257,True,True,True,False
33da7fb146b56c1ff258,representation,representation_disagreement,1502,2514647119,16,5000,0.4,0.05,rbf,median,anytime,bonferroni,3,2,False,B_BETTER,224,True,False,False,0.00023804197553545237,0.4,0.7200353639175696,True,True,True,False
675afd456ccef458582b,representation,representation_disagreement,1503,3168981948,16,5000,0.4,0.05,rbf,median,anytime,bonferroni,3,2,False,B_BETTER,256,True,False,False,0.00026820803759619594,0.4,0.6796858875495522,True,True,True,False
d728af5253f27e67f63b,representation,representation_disagreement,1504,2352705884,16,5000,0.4,0.05,rbf,median,anytime,bonferroni,3,2,False,B_BETTER,272,True,False,False,0.00024120800662785769,0.4,0.6620856821127258,True,True,True,False
fda6b6e4cbe614978d38,representation,representation_disagreement,1505,2566382052,16,5000,0.4,0.05,rbf,median,anytime,bonferroni,3,2,False,B_BETTER,208,True,False,False,0.00024324998958036304,0.4,0.7434004973451922,True,True,True,False
4f3c6b8976bb7a4d1f22,representation,representation_disagreement,1506,3290299059,16,5000,0.4,0.05,rbf,median,anytime,bonferroni,3,2,False,B_BETTER,256,True,False,False,0.00024049996864050627,0.4,0.6796858875495522,True,True,True,False
f4338861d6c57c4670c7,representation,representation_disagreement,1507,4274856506,16,5000,0.4,0.05,rbf,median,anytime,bonferroni,3,2,False,B_BETTER,304,True,False,False,0.00024695805041119456,0.4,0.6309186896508341,True,True,True,False
2c3f5555c61a4e7c04cf,representation,representation_disagreement,1508,3217950060,16,5000,0.4,0.05,rbf,median,anytime,bonferroni,3,2,False,B_BETTER,256,True,False,False,0.0002465839497745037,0.4,0.6796858875495522,True,True,True,False
9bfc881a4aa45f9b756e,representation,representation_disagreement,1509,3934222988,16,5000,0.4,0.05,rbf,median,anytime,bonferroni,3,2,False,B_BETTER,224,True,False,False,0.0002530419733375311,0.4,0.7200353639175696,True,True,True,False
fb722c619228dac906b5,representation,representation_disagreement,1510,340461336,16,5000,0.4,0.05,rbf,median,anytime,bonferroni,3,2,False,B_BETTER,240,True,False,False,0.0002488750033080578,0.4,0.6989114228795754,True,True,True,False
58ae1b094d29c24bab21,representation,representation_disagreement,1511,3187266013,16,5000,0.4,0.05,rbf,median,anytime,bonferroni,3,2,False,B_BETTER,272,True,False,False,0.00025716598611325026,0.4,0.6620856821127258,True,True,True,False
cc6085ceb629588fe965,representation,representation_disagreement,1512,3508769747,16,5000,0.4,0.05,rbf,median,anytime,bonferroni,3,2,False,B_BETTER,224,True,False,False,0.00025987502885982394,0.4,0.7200353639175696,True,True,True,False
db47ce3010c6c3cc2823,representation,representation_disagreement,1513,3400678357,16,5000,0.4,0.05,rbf,median,anytime,bonferroni,3,2,False,B_BETTER,272,True,False,False,0.00024029100313782692,0.4,0.6620856821127258,True,True,True,False
d371cf75d48892098e50,representation,representation_disagreement,1514,3003971350,16,5000,0.4,0.05,rbf,median,anytime,bonferroni,3,2,False,B_BETTER,208,True,False,False,0.00023675005650147796,0.4,0.7434004973451923,True,True,True,False
1b9e4ca3af663ae31581,representation,representation_disagreement,1515,206162667,16,5000,0.4,0.05,rbf,median,anytime,bonferroni,3,2,False,B_BETTER,240,True,False,False,0.00024183397181332111,0.4,0.6989114228795754,True,True,True,False
51d501e30948d7b80ad7,representation,representation_disagreement,1516,309654004,16,5000,0.4,0.05,rbf,median,anytime,bonferroni,3,2,False,B_BETTER,304,True,False,False,0.00024141703033819795,0.4,0.6309186896508341,True,True,True,False
1c856cda36f170a9f862,representation,representation_disagreement,1517,210608161,16,5000,0.4,0.05,rbf,median,anytime,bonferroni,3,2,False,B_BETTER,240,True,False,False,0.00023679097648710012,0.4,0.6989114228795754,True,True,True,False
31400ead020099bc1992,representation,representation_disagreement,1518,3178526134,16,5000,0.4,0.05,rbf,median,anytime,bonferroni,3,2,False,B_BETTER,192,True,False,False,0.00023416697513312101,0.4,0.7694441991638783,True,True,True,False
b69c5d8d0a28d117caaf,representation,representation_disagreement,1519,3480354932,16,5000,0.4,0.05,rbf,median,anytime,bonferroni,3,2,False,B_BETTER,208,True,False,False,0.00024220801424235106,0.4,0.7434004973451923,True,True,True,False
b221c74ccc2ed981c824,representation,representation_disagreement,1520,2153691760,16,5000,0.4,0.05,rbf,median,anytime,bonferroni,3,2,False,B_BETTER,240,True,False,False,0.0002357920166105032,0.4,0.6989114228795754,True,True,True,False
0bfa087bd1736d126689,representation,representation_disagreement,1521,2047661779,16,5000,0.4,0.05,rbf,median,anytime,bonferroni,3,2,False,B_BETTER,288,True,False,False,0.000238874985370785,0.4,0.6458901399180805,True,True,True,False
8a5a741edac765df6bba,representation,representation_disagreement,1522,3404608609,16,5000,0.4,0.05,rbf,median,anytime,bonferroni,3,2,False,B_BETTER,240,True,False,False,0.00023725000210106373,0.4,0.6989114228795754,True,True,True,False
e024c8a0c916c8929de8,representation,representation_disagreement,1523,3528346037,16,5000,0.4,0.05,rbf,median,anytime,bonferroni,3,2,False,B_BETTER,256,True,False,False,0.0002405419945716858,0.4,0.6796858875495522,True,True,True,False
4e10c3dcd2a8187a9a00,representation,representation_disagreement,1524,1012758576,16,5000,0.4,0.05,rbf,median,anytime,bonferroni,3,2,False,B_BETTER,288,True,False,False,0.00023875001352280378,0.4,0.6458901399180805,True,True,True,False
b184babb0c2bbe0a8319,representation,representation_disagreement,1525,4120152996,16,5000,0.4,0.05,rbf,median,anytime,bonferroni,3,2,False,B_BETTER,288,True,False,False,0.00023829203564673662,0.4,0.6458901399180805,True,True,True,False
0da3feac7350926d8e78,representation,representation_disagreement,1526,1512898381,16,5000,0.4,0.05,rbf,median,anytime,bonferroni,3,2,False,B_BETTER,272,True,False,False,0.00023783301003277302,0.4,0.6620856821127257,True,True,True,False
9e946c160c0c766a8bc9,representation,representation_disagreement,1527,3338494110,16,5000,0.4,0.05,rbf,median,anytime,bonferroni,3,2,False,B_BETTER,272,True,False,False,0.00024162500631064177,0.4,0.6620856821127257,True,True,True,False
26463116e4c96f4e6421,representation,representation_disagreement,1528,2896262696,16,5000,0.4,0.05,rbf,median,anytime,bonferroni,3,2,False,B_BETTER,288,True,False,False,0.00021941697923466563,0.4,0.6458901399180805,True,True,True,False
4de4eea0a67659a7073b,representation,representation_disagreement,1529,2360107667,16,5000,0.4,0.05,rbf,median,anytime,bonferroni,3,2,False,B_BETTER,240,True,False,False,0.00018933397950604558,0.4,0.6989114228795754,True,True,True,False
94ddbbfdfb79847deeaf,representation,representation_disagreement,1530,4236183928,16,5000,0.4,0.05,rbf,median,anytime,bonferroni,3,2,False,B_BETTER,192,True,False,False,0.00017841701628640294,0.4,0.7694441991638782,True,True,True,False
7243a4c6085c4601de22,representation,representation_disagreement,1531,802125358,16,5000,0.4,0.05,rbf,median,anytime,bonferroni,3,2,False,B_BETTER,256,True,False,False,0.00018179096514359117,0.4,0.6796858875495522,True,True,True,False
5c24deec929371fbbe60,representation,representation_disagreement,1532,1345903994,16,5000,0.4,0.05,rbf,median,anytime,bonferroni,3,2,False,B_BETTER,240,True,False,False,0.00017791701247915626,0.4,0.6989114228795754,True,True,True,False
c2a18627f5ac76c56904,representation,representation_disagreement,1533,4117926661,16,5000,0.4,0.05,rbf,median,anytime,bonferroni,3,2,False,B_BETTER,256,True,False,False,0.00017775001469999552,0.4,0.6796858875495522,True,True,True,False
9ff401e085c16daade46,representation,representation_disagreement,1534,582453203,16,5000,0.4,0.05,rbf,median,anytime,bonferroni,3,2,False,B_BETTER,288,True,False,False,0.00017916702199727297,0.4,0.6458901399180805,True,True,True,False
02c9292ce0e401a4b9d0,representation,representation_disagreement,1535,2874263589,16,5000,0.4,0.05,rbf,median,anytime,bonferroni,3,2,False,B_BETTER,272,True,False,False,0.00018016697140410542,0.4,0.6620856821127257,True,True,True,False
e6f4025814cf2d9d4eb2,representation,representation_disagreement,1536,531271083,16,5000,0.4,0.05,rbf,median,anytime,bonferroni,3,2,False,B_BETTER,240,True,False,False,0.00017683400074020028,0.4,0.6989114228795754,True,True,True,False
4c8b2e5473d2fce70456,representation,representation_disagreement,1537,2307972206,16,5000,0.4,0.05,rbf,median,anytime,bonferroni,3,2,False,B_BETTER,224,True,False,False,0.00017637497512623668,0.4,0.7200353639175696,True,True,True,False
d0f3e03f47880106b433,representation,representation_disagreement,1538,4113863782,16,5000,0.4,0.05,rbf,median,anytime,bonferroni,3,2,False,B_BETTER,256,True,False,False,0.00017754198051989079,0.4,0.6796858875495522,True,True,True,False
9af2777ade45a4b90515,representation,representation_disagreement,1539,1022712582,16,5000,0.4,0.05,rbf,median,anytime,bonferroni,3,2,False,B_BETTER,288,True,False,False,0.00018108298536390066,0.4,0.6458901399180805,True,True,True,False
e88d960a780b1285f2d8,representation,representation_disagreement,1540,2437104226,16,5000,0.4,0.05,rbf,median,anytime,bonferroni,3,2,False,B_BETTER,240,True,False,False,0.0001763750333338976,0.4,0.6989114228795754,True,True,True,False
59637b1b46de4610f4da,representation,representation_disagreement,1541,840283270,16,5000,0.4,0.05,rbf,median,anytime,bonferroni,3,2,False,B_BETTER,304,True,False,False,0.00017912499606609344,0.4,0.6309186896508341,True,True,True,False
ec139cb0668516de3662,representation,representation_disagreement,1542,1856186668,16,5000,0.4,0.05,rbf,median,anytime,bonferroni,3,2,False,B_BETTER,208,True,False,False,0.00017445901175960898,0.4,0.7434004973451922,True,True,True,False
c6a9374f8d803a829516,representation,representation_disagreement,1543,4230668474,16,5000,0.4,0.05,rbf,median,anytime,bonferroni,3,2,False,B_BETTER,272,True,False,False,0.00018283299868926406,0.4,0.6620856821127257,True,True,True,False
175f66f4a94f5c632cd8,representation,representation_disagreement,1544,4232298491,16,5000,0.4,0.05,rbf,median,anytime,bonferroni,3,2,False,B_BETTER,240,True,False,False,0.0001770000089891255,0.4,0.6989114228795754,True,True,True,False
8b68c812b62e8aaa6c9a,representation,representation_disagreement,1545,1142898560,16,5000,0.4,0.05,rbf,median,anytime,bonferroni,3,2,False,B_BETTER,272,True,False,False,0.00017862499225884676,0.4,0.6620856821127257,True,True,True,False
e41e8fe0209b8842718a,representation,representation_disagreement,1546,1455532413,16,5000,0.4,0.05,rbf,median,anytime,bonferroni,3,2,False,B_BETTER,224,True,False,False,0.00017579097766429186,0.4,0.7200353639175696,True,True,True,False
df3f794167257e6c3b30,representation,representation_disagreement,1547,516526550,16,5000,0.4,0.05,rbf,median,anytime,bonferroni,3,2,False,B_BETTER,288,True,False,False,0.00036991701927036047,0.4,0.6458901399180805,True,True,True,False
8b5938a7893034ccac5d,representation,representation_disagreement,1548,1945661907,16,5000,0.4,0.05,rbf,median,anytime,bonferroni,3,2,False,B_BETTER,304,True,False,False,0.0002602080348879099,0.4,0.6309186896508341,True,True,True,False
1aa14f979381ae86fb43,representation,representation_disagreement,1549,3686053408,16,5000,0.4,0.05,rbf,median,anytime,bonferroni,3,2,False,B_BETTER,240,True,False,False,0.00026104203425347805,0.4,0.6989114228795754,True,True,True,False
016589b0b37923a44aa7,representation,representation_disagreement,1550,4159845994,16,5000,0.4,0.05,rbf,median,anytime,bonferroni,3,2,False,B_BETTER,224,True,False,False,0.0002442499971948564,0.4,0.7200353639175696,True,True,True,False
2ad3f0da981f4b0ebb05,representation,representation_disagreement,1551,3790603878,16,5000,0.4,0.05,rbf,median,anytime,bonferroni,3,2,False,B_BETTER,256,True,False,False,0.00024099997244775295,0.4,0.6796858875495522,True,True,True,False
95914935cb1082b23834,representation,representation_disagreement,1552,2015610882,16,5000,0.4,0.05,rbf,median,anytime,bonferroni,3,2,False,B_BETTER,256,True,False,False,0.00024095899425446987,0.4,0.6796858875495522,True,True,True,False
98533ab26a9c36fbc9cb,representation,representation_disagreement,1553,1147317878,16,5000,0.4,0.05,rbf,median,anytime,bonferroni,3,2,False,B_BETTER,208,True,False,False,0.00023808301193639636,0.4,0.7434004973451922,True,True,True,False
6af37be8325637c03285,representation,representation_disagreement,1554,2379848304,16,5000,0.4,0.05,rbf,median,anytime,bonferroni,3,2,False,B_BETTER,272,True,False,False,0.00024691701401025057,0.4,0.6620856821127257,True,True,True,False
a38eff1725f61828a23e,representation,representation_disagreement,1555,2226852435,16,5000,0.4,0.05,rbf,median,anytime,bonferroni,3,2,False,B_BETTER,272,True,False,False,0.00024112500250339508,0.4,0.6620856821127258,True,True,True,False
ffc06944829d85b03dee,representation,representation_disagreement,1556,226934409,16,5000,0.4,0.05,rbf,median,anytime,bonferroni,3,2,False,B_BETTER,288,True,False,False,0.00024266698164865375,0.4,0.6458901399180805,True,True,True,False
4682ae5556fa5aaa3c43,representation,representation_disagreement,1557,867735244,16,5000,0.4,0.05,rbf,median,anytime,bonferroni,3,2,False,B_BETTER,224,True,False,False,0.00023795798188075423,0.4,0.7200353639175696,True,True,True,False
82492faa0176b948969b,representation,representation_disagreement,1558,1378632806,16,5000,0.4,0.05,rbf,median,anytime,bonferroni,3,2,False,B_BETTER,208,True,False,False,0.0002369590220041573,0.4,0.7434004973451922,True,True,True,False
63406e47fed040c9c841,representation,representation_disagreement,1559,2421992089,16,5000,0.4,0.05,rbf,median,anytime,bonferroni,3,2,False,B_BETTER,256,True,False,False,0.0002389579894952476,0.4,0.6796858875495522,True,True,True,False
813c61e5767c3221b6f8,representation,representation_disagreement,1560,1807721427,16,5000,0.4,0.05,rbf,median,anytime,bonferroni,3,2,False,B_BETTER,288,True,False,False,0.00023987499298527837,0.4,0.6458901399180805,True,True,True,False
a1763cc9bb036e53cce1,representation,representation_disagreement,1561,3597692848,16,5000,0.4,0.05,rbf,median,anytime,bonferroni,3,2,False,B_BETTER,240,True,False,False,0.00023837503977119923,0.4,0.6989114228795754,True,True,True,False
45bb5bde3c41f386a157,representation,representation_disagreement,1562,1428599610,16,5000,0.4,0.05,rbf,median,anytime,bonferroni,3,2,False,B_BETTER,224,True,False,False,0.00023700000019744039,0.4,0.7200353639175696,True,True,True,False
d476ebc3d7721a579ef2,representation,representation_disagreement,1563,3454784350,16,5000,0.4,0.05,rbf,median,anytime,bonferroni,3,2,False,B_BETTER,256,True,False,False,0.000238874985370785,0.4,0.6796858875495522,True,True,True,False
b560b8033fce38692d3d,representation,representation_disagreement,1564,782709213,16,5000,0.4,0.05,rbf,median,anytime,bonferroni,3,2,False,B_BETTER,272,True,False,False,0.000240708002820611,0.4,0.6620856821127257,True,True,True,False
014765a4ca1dce1bc701,representation,representation_disagreement,1565,2936475488,16,5000,0.4,0.05,rbf,median,anytime,bonferroni,3,2,False,B_BETTER,272,True,False,False,0.00023974996292963624,0.4,0.6620856821127258,True,True,True,False
9f2fdf280ca702882957,representation,representation_disagreement,1566,3064083676,16,5000,0.4,0.05,rbf,median,anytime,bonferroni,3,2,False,B_BETTER,288,True,False,False,0.00023941602557897568,0.4,0.6458901399180805,True,True,True,False
d3601b50b1b243fe2b05,representation,representation_disagreement,1567,1198081718,16,5000,0.4,0.05,rbf,median,anytime,bonferroni,3,2,False,B_BETTER,256,True,False,False,0.00023779203183948994,0.4,0.6796858875495522,True,True,True,False
902d62876689a622d522,representation,representation_disagreement,1568,3219320948,16,5000,0.4,0.05,rbf,median,anytime,bonferroni,3,2,False,B_BETTER,192,True,False,False,0.00023416703334078193,0.4,0.7694441991638782,True,True,True,False
707a7eb4bdd17f41faa5,representation,representation_disagreement,1569,3203581701,16,5000,0.4,0.05,rbf,median,anytime,bonferroni,3,2,False,B_BETTER,288,True,False,False,0.00026720797177404165,0.4,0.6458901399180805,True,True,True,False
14a7e281f0fb1aea2457,representation,representation_disagreement,1570,1555373135,16,5000,0.4,0.05,rbf,median,anytime,bonferroni,3,2,False,B_BETTER,304,True,False,False,0.00021495798137038946,0.4,0.6309186896508341,True,True,True,False
c1da111072d05e493858,representation,representation_disagreement,1571,3128338414,16,5000,0.4,0.05,rbf,median,anytime,bonferroni,3,2,False,B_BETTER,256,True,False,False,0.0002074579824693501,0.4,0.6796858875495522,True,True,True,False
adba049c21120a2b0964,representation,representation_disagreement,1572,3495121274,16,5000,0.4,0.05,rbf,median,anytime,bonferroni,3,2,False,B_BETTER,272,True,False,False,0.0002055829972960055,0.4,0.6620856821127258,True,True,True,False
c5b886b4846112a61e1f,representation,representation_disagreement,1573,2402218405,16,5000,0.4,0.05,rbf,median,anytime,bonferroni,3,2,False,B_BETTER,208,True,False,False,0.0002027080045081675,0.4,0.7434004973451923,True,True,True,False
f367a3a54bd0b4c8a671,representation,representation_disagreement,1574,186217127,16,5000,0.4,0.05,rbf,median,anytime,bonferroni,3,2,False,B_BETTER,240,True,False,False,0.00020279199816286564,0.4,0.6989114228795754,True,True,True,False
8aa6c3ff16dbb36d5485,representation,representation_disagreement,1575,3685281051,16,5000,0.4,0.05,rbf,median,anytime,bonferroni,3,2,False,B_BETTER,240,True,False,False,0.000203833042178303,0.4,0.6989114228795754,True,True,True,False
01aba803e0456fd5728b,representation,representation_disagreement,1576,3568322876,16,5000,0.4,0.05,rbf,median,anytime,bonferroni,3,2,False,B_BETTER,224,True,False,False,0.00020225002663210034,0.4,0.7200353639175696,True,True,True,False
dfb71ccf4b52a91fdfac,representation,representation_disagreement,1577,2218944889,16,5000,0.4,0.05,rbf,median,anytime,bonferroni,3,2,False,B_BETTER,208,True,False,False,0.00020279199816286564,0.4,0.7434004973451923,True,True,True,False
4a8b23e791504ae5084a,representation,representation_disagreement,1578,2165447232,16,5000,0.4,0.05,rbf,median,anytime,bonferroni,3,2,False,B_BETTER,208,True,False,False,0.00020241696620360017,0.4,0.7434004973451922,True,True,True,False
cef44f5e83ae4749a7ea,representation,representation_disagreement,1579,166954459,16,5000,0.4,0.05,rbf,median,anytime,bonferroni,3,2,False,B_BETTER,256,True,False,False,0.00020720803877338767,0.4,0.6796858875495522,True,True,True,False
c7d021405bc9bb9efe6f,representation,representation_disagreement,1580,2512708165,16,5000,0.4,0.05,rbf,median,anytime,bonferroni,3,2,False,B_BETTER,304,True,False,False,0.00020833296002820134,0.4,0.6309186896508341,True,True,True,False
e5a08b03f2145c2f3d4e,representation,representation_disagreement,1581,1728728824,16,5000,0.4,0.05,rbf,median,anytime,bonferroni,3,2,False,B_BETTER,272,True,False,False,0.00020458298968151212,0.4,0.6620856821127259,True,True,True,False
aa744cffd6548219eddf,representation,representation_disagreement,1582,2857167126,16,5000,0.4,0.05,rbf,median,anytime,bonferroni,3,2,False,B_BETTER,240,True,False,False,0.00020358397159725428,0.4,0.6989114228795754,True,True,True,False
9661219138812180050f,representation,representation_disagreement,1583,3489618902,16,5000,0.4,0.05,rbf,median,anytime,bonferroni,3,2,False,B_BETTER,224,True,False,False,0.0002043750137090683,0.4,0.7200353639175696,True,True,True,False
d8604bc5184d5bf9c7de,representation,representation_disagreement,1584,4161023731,16,5000,0.4,0.05,rbf,median,anytime,bonferroni,3,2,False,B_BETTER,272,True,False,False,0.00020358298206701875,0.4,0.6620856821127259,True,True,True,False
9e3bc326a709a10792e3,representation,representation_disagreement,1585,358833268,16,5000,0.4,0.05,rbf,median,anytime,bonferroni,3,2,False,B_BETTER,224,True,False,False,0.00020275003043934703,0.4,0.7200353639175696,True,True,True,False
0484d6ebc6e33487e19a,representation,representation_disagreement,1586,384017826,16,5000,0.4,0.05,rbf,median,anytime,bonferroni,3,2,False,B_BETTER,240,True,False,False,0.00020345801021903753,0.4,0.6989114228795754,True,True,True,False
30ca4321228265d527d4,representation,representation_disagreement,1587,2235093575,16,5000,0.4,0.05,rbf,median,anytime,bonferroni,3,2,False,B_BETTER,240,True,False,False,0.0002033329801633954,0.4,0.6989114228795754,True,True,True,False
de34f82d2e2f60a06d54,representation,representation_disagreement,1588,2860773453,16,5000,0.4,0.05,rbf,median,anytime,bonferroni,3,2,False,B_BETTER,224,True,False,False,0.00020312500419095159,0.4,0.7200353639175696,True,True,True,False
13e6d6961a1538337fb1,representation,representation_disagreement,1589,2005876315,16,5000,0.4,0.05,rbf,median,anytime,bonferroni,3,2,False,B_BETTER,256,True,False,False,0.00020283402409404516,0.4,0.6796858875495522,True,True,True,False
1cf53576bdb8a9c78298,representation,representation_disagreement,1590,2443217587,16,5000,0.4,0.05,rbf,median,anytime,bonferroni,3,2,False,B_BETTER,240,True,False,False,0.00020270899403840303,0.4,0.6989114228795754,True,True,True,False
fe94d9423454e44b56c6,representation,representation_disagreement,1591,1885640181,16,5000,0.4,0.05,rbf,median,anytime,bonferroni,3,2,False,B_BETTER,256,True,False,False,0.00020283402409404516,0.4,0.6796858875495522,True,True,True,False
fb6176a9fee3866a655c,representation,representation_disagreement,1592,2254935251,16,5000,0.4,0.05,rbf,median,anytime,bonferroni,3,2,False,B_BETTER,240,True,False,False,0.0002027080045081675,0.4,0.6989114228795754,True,True,True,False
dd700cb8b3854d366ce6,representation,representation_disagreement,1593,356326573,16,5000,0.4,0.05,rbf,median,anytime,bonferroni,3,2,False,B_BETTER,224,True,False,False,0.00020329200197011232,0.4,0.7200353639175696,True,True,True,False
3a6ac30167b9b6040a3c,representation,representation_disagreement,1594,788185686,16,5000,0.4,0.05,rbf,median,anytime,bonferroni,3,2,False,B_BETTER,256,True,False,False,0.00020395801402628422,0.4,0.6796858875495522,True,True,True,False
d2180919ee0f1cc06fd2,representation,representation_disagreement,1595,1086515828,16,5000,0.4,0.05,rbf,median,anytime,bonferroni,3,2,False,B_BETTER,256,True,False,False,0.00020291697001084685,0.4,0.6796858875495522,True,True,True,False
e813da4fc7ba0ca91561,representation,representation_disagreement,1596,1286636347,16,5000,0.4,0.05,rbf,median,anytime,bonferroni,3,2,False,B_BETTER,240,True,False,False,0.00020241702441126108,0.4,0.6989114228795754,True,True,True,False
0c37b64275418d00f2fb,representation,representation_disagreement,1597,2141538555,16,5000,0.4,0.05,rbf,median,anytime,bonferroni,3,2,False,B_BETTER,208,True,False,False,0.00020070798927918077,0.4,0.7434004973451922,True,True,True,False
653d231ac11450669e67,representation,representation_disagreement,1598,618776455,16,5000,0.4,0.05,rbf,median,anytime,bonferroni,3,2,False,B_BETTER,272,True,False,False,0.00020395801402628422,0.4,0.6620856821127257,True,True,True,False
b8b282a0d37c6039448c,representation,representation_disagreement,1599,2059916965,16,5000,0.4,0.05,rbf,median,anytime,bonferroni,3,2,False,B_BETTER,240,True,False,False,0.00020337500609457493,0.4,0.6989114228795754,True,True,True,False
d2fca726a3f4646a930e,representation,representation_disagreement,1600,1152643074,16,5000,0.4,0.05,rbf,median,anytime,bonferroni,3,2,False,B_BETTER,256,True,False,False,0.00020349997794255614,0.4,0.6796858875495522,True,True,True,False
7ce4f1fb631ed783e1d4,representation,representation_disagreement,1601,2764225764,16,5000,0.4,0.05,rbf,median,anytime,bonferroni,3,2,False,B_BETTER,240,True,False,False,0.00020354101434350014,0.4,0.6989114228795754,True,True,True,False
12f02b319a56be96eaeb,representation,representation_disagreement,1602,3809460042,16,5000,0.4,0.05,rbf,median,anytime,bonferroni,3,2,False,B_BETTER,288,True,False,False,0.00020420795772224665,0.4,0.6458901399180805,True,True,True,False
d76c419d1570cc864ede,representation,representation_disagreement,1603,2357079795,16,5000,0.4,0.05,rbf,median,anytime,bonferroni,3,2,False,B_BETTER,256,True,False,False,0.00020425004186108708,0.4,0.6796858875495522,True,True,True,False
52e95c3e0a4174929884,representation,representation_disagreement,1604,3963915736,16,5000,0.4,0.05,rbf,median,anytime,bonferroni,3,2,False,B_BETTER,256,True,False,False,0.00020445900736376643,0.4,0.6796858875495522,True,True,True,False
1462da0e3feca3092101,representation,representation_disagreement,1605,278229011,16,5000,0.4,0.05,rbf,median,anytime,bonferroni,3,2,False,B_BETTER,256,True,False,False,0.00020425004186108708,0.4,0.6796858875495522,True,True,True,False
f833fe2e6595a0c2d7f8,representation,representation_disagreement,1606,1706292363,16,5000,0.4,0.05,rbf,median,anytime,bonferroni,3,2,False,B_BETTER,272,True,False,False,0.0002051249612122774,0.4,0.6620856821127258,True,True,True,False
9554e1a2d58de1f26bed,representation,representation_disagreement,1607,263950927,16,5000,0.4,0.05,rbf,median,anytime,bonferroni,3,2,False,B_BETTER,224,True,False,False,0.00019462499767541885,0.4,0.7200353639175696,True,True,True,False
d119278a5d807af1036d,representation,representation_disagreement,1608,440291525,16,5000,0.4,0.05,rbf,median,anytime,bonferroni,3,2,False,B_BETTER,224,True,False,False,0.0001758750295266509,0.4,0.7200353639175696,True,True,True,False
5bd75b8da271852d2a0c,representation,representation_disagreement,1609,225949540,16,5000,0.4,0.05,rbf,median,anytime,bonferroni,3,2,False,B_BETTER,224,True,False,False,0.00017516600200906396,0.4,0.7200353639175696,True,True,True,False
06c6bfbd3a16c68d6bbb,representation,representation_disagreement,1610,3691694514,16,5000,0.4,0.05,rbf,median,anytime,bonferroni,3,2,False,B_BETTER,272,True,False,False,0.00017562502762302756,0.4,0.6620856821127258,True,True,True,False
ab77c53fa85eab027aa1,representation,representation_disagreement,1611,3722916685,16,5000,0.4,0.05,rbf,median,anytime,bonferroni,3,2,False,B_BETTER,240,True,False,False,0.00017683295300230384,0.4,0.6989114228795754,True,True,True,False
c57fa9d8967c02fceb45,representation,representation_disagreement,1612,2525791137,16,5000,0.4,0.05,rbf,median,anytime,bonferroni,3,2,False,B_BETTER,224,True,False,False,0.00017491698963567615,0.4,0.7200353639175696,True,True,True,False
af08f2de533f7b8f15a2,representation,representation_disagreement,1613,1258673303,16,5000,0.4,0.05,rbf,median,anytime,bonferroni,3,2,False,B_BETTER,240,True,False,False,0.00017479195958003402,0.4,0.6989114228795754,True,True,True,False
e7b41db945eafdac5255,representation,representation_disagreement,1614,3612100287,16,5000,0.4,0.05,rbf,median,anytime,bonferroni,3,2,False,B_BETTER,240,True,False,False,0.0001745839836075902,0.4,0.6989114228795754,True,True,True,False
19d58d01d7b858ccf576,representation,representation_disagreement,1615,3106985666,16,5000,0.4,0.05,rbf,median,anytime,bonferroni,3,2,False,B_BETTER,272,True,False,False,0.00017587497131899,0.4,0.6620856821127258,True,True,True,False
5cb73ee55ecd4ed621ce,representation,representation_disagreement,1616,477321706,16,5000,0.4,0.05,rbf,median,anytime,bonferroni,3,2,False,B_BETTER,256,True,False,False,0.00017820799257606268,0.4,0.6796858875495522,True,True,True,False
0b93e50539070490c3c3,representation,representation_disagreement,1617,1045485056,16,5000,0.4,0.05,rbf,median,anytime,bonferroni,3,2,False,B_BETTER,288,True,False,False,0.0001765000051818788,0.4,0.6458901399180805,True,True,True,False
8dcfdbe3d3448957dd73,representation,representation_disagreement,1618,1477730056,16,5000,0.4,0.05,rbf,median,anytime,bonferroni,3,2,False,B_BETTER,304,True,False,False,0.0001769590307958424,0.4,0.6309186896508341,True,True,True,False
16dc0e0ef14271e17957,representation,representation_disagreement,1619,1003317657,16,5000,0.4,0.05,rbf,median,anytime,bonferroni,3,2,False,B_BETTER,240,True,False,False,0.00017583300359547138,0.4,0.6989114228795754,True,True,True,False
81c6cba333b61d9c63f8,representation,representation_disagreement,1620,3535232289,16,5000,0.4,0.05,rbf,median,anytime,bonferroni,3,2,False,B_BETTER,240,True,False,False,0.0001747080241329968,0.4,0.6989114228795754,True,True,True,False
7780e5226d2ece6be89f,representation,representation_disagreement,1621,3360493625,16,5000,0.4,0.05,rbf,median,anytime,bonferroni,3,2,False,B_BETTER,256,True,False,False,0.00017641595331951976,0.4,0.6796858875495522,True,True,True,False
3d94acb8bf3c2d523e6c,representation,representation_disagreement,1622,2080456936,16,5000,0.4,0.05,rbf,median,anytime,bonferroni,3,2,False,B_BETTER,256,True,False,False,0.00017541705165058374,0.4,0.6796858875495522,True,True,True,False
ec4732b425f76006e63b,representation,representation_disagreement,1623,2608356993,16,5000,0.4,0.05,rbf,median,anytime,bonferroni,3,2,False,B_BETTER,288,True,False,False,0.0001764580374583602,0.4,0.6458901399180805,True,True,True,False
300f1710c956b3eccf73,representation,representation_disagreement,1624,3012856125,16,5000,0.4,0.05,rbf,median,anytime,bonferroni,3,2,False,B_BETTER,256,True,False,False,0.00017625000327825546,0.4,0.6796858875495522,True,True,True,False
881bff722df8bb090d31,representation,representation_disagreement,1625,1184746141,16,5000,0.4,0.05,rbf,median,anytime,bonferroni,3,2,False,B_BETTER,272,True,False,False,0.00017629202920943499,0.4,0.6620856821127258,True,True,True,False
2c563f59735faea89878,representation,representation_disagreement,1626,2314507619,16,5000,0.4,0.05,rbf,median,anytime,bonferroni,3,2,False,B_BETTER,272,True,False,False,0.0001763750333338976,0.4,0.6620856821127258,True,True,True,False
968801b0dd2dc3df8270,representation,representation_disagreement,1627,3332884006,16,5000,0.4,0.05,rbf,median,anytime,bonferroni,3,2,False,B_BETTER,256,True,False,False,0.0001747910282574594,0.4,0.6796858875495522,True,True,True,False
1831d9253e6a3f9ba8a1,representation,representation_disagreement,1628,341381874,16,5000,0.4,0.05,rbf,median,anytime,bonferroni,3,2,False,B_BETTER,240,True,False,False,0.00017604103777557611,0.4,0.6989114228795754,True,True,True,False
2105fd3049ef50ceccbf,representation,representation_disagreement,1629,9470701,16,5000,0.4,0.05,rbf,median,anytime,bonferroni,3,2,False,B_BETTER,288,True,False,False,0.0001770830131135881,0.4,0.6458901399180805,True,True,True,False
c21bd9492d4d5ca31b0e,representation,representation_disagreement,1630,1997504610,16,5000,0.4,0.05,rbf,median,anytime,bonferroni,3,2,False,B_BETTER,224,True,False,False,0.00017329101683571935,0.4,0.7200353639175696,True,True,True,False
aee573ecc1d10cc767b7,representation,representation_disagreement,1631,1338715015,16,5000,0.4,0.05,rbf,median,anytime,bonferroni,3,2,False,B_BETTER,240,True,False,False,0.00024212501011788845,0.4,0.6989114228795754,True,True,True,False
b77fa0933d1d81061196,representation,representation_disagreement,1632,27184536,16,5000,0.4,0.05,rbf,median,anytime,bonferroni,3,2,False,B_BETTER,224,True,False,False,0.0003071249811910093,0.4,0.7200353639175696,True,True,True,False
bff9ee402c27dae4c632,representation,representation_disagreement,1633,2061882985,16,5000,0.4,0.05,rbf,median,anytime,bonferroni,3,2,False,B_BETTER,320,True,False,False,0.0002529170014895499,0.4,0.6170219115444304,True,True,True,False
18e45d186344bb259abd,representation,representation_disagreement,1634,1543987246,16,5000,0.4,0.05,rbf,median,anytime,bonferroni,3,2,False,B_BETTER,288,True,False,False,0.0002459579845890403,0.4,0.6458901399180805,True,True,True,False
d3420379b7d5203bd02c,representation,representation_disagreement,1635,78167347,16,5000,0.4,0.05,rbf,median,anytime,bonferroni,3,2,False,B_BETTER,304,True,False,False,0.00025037501472979784,0.4,0.6309186896508341,True,True,True,False
2c8abbc631a9879ec54c,representation,representation_disagreement,1636,788559413,16,5000,0.4,0.05,rbf,median,anytime,bonferroni,3,2,False,B_BETTER,256,True,False,False,0.000242499983869493,0.4,0.6796858875495522,True,True,True,False
2bbdae566a0073a8cfee,representation,representation_disagreement,1637,164401435,16,5000,0.4,0.05,rbf,median,anytime,bonferroni,3,2,False,B_BETTER,256,True,False,False,0.00024170801043510437,0.4,0.6796858875495522,True,True,True,False
a3a64d274f28ca91c04d,representation,representation_disagreement,1638,1783710439,16,5000,0.4,0.05,rbf,median,anytime,bonferroni,3,2,False,B_BETTER,272,True,False,False,0.0002417089999653399,0.4,0.6620856821127258,True,True,True,False
fc83b51b61d415f360ec,representation,representation_disagreement,1639,3109790154,16,5000,0.4,0.05,rbf,median,anytime,bonferroni,3,2,False,B_BETTER,208,True,False,False,0.00024579098680987954,0.4,0.7434004973451923,True,True,True,False
7c5d7391f575a6188372,representation,representation_disagreement,1640,3912290832,16,5000,0.4,0.05,rbf,median,anytime,bonferroni,3,2,False,B_BETTER,256,True,False,False,0.0002414159826003015,0.4,0.6796858875495522,True,True,True,False
a0d235dd7eff5493a578,representation,representation_disagreement,1641,252849616,16,5000,0.4,0.05,rbf,median,anytime,bonferroni,3,2,False,B_BETTER,272,True,False,False,0.00024024996673688293,0.4,0.6620856821127258,True,True,True,False
d0e87cc15f636f5416dc,representation,representation_disagreement,1642,579893028,16,5000,0.4,0.05,rbf,median,anytime,bonferroni,3,2,False,B_BETTER,224,True,False,False,0.000238874985370785,0.4,0.7200353639175696,True,True,True,False
50d63ed0d0b015d366ce,representation,representation_disagreement,1643,1464325162,16,5000,0.4,0.05,rbf,median,anytime,bonferroni,3,2,False,B_BETTER,272,True,False,False,0.0002471249899826944,0.4,0.6620856821127259,True,True,True,False
16c2b0fedb43176de2bb,representation,representation_disagreement,1644,803336242,16,5000,0.4,0.05,rbf,median,anytime,bonferroni,3,2,False,B_BETTER,272,True,False,False,0.00025833299150690436,0.4,0.6620856821127257,True,True,True,False
56e59d134f79b0963653,representation,representation_disagreement,1645,3687464330,16,5000,0.4,0.05,rbf,median,anytime,bonferroni,3,2,False,B_BETTER,288,True,False,False,0.00024320802185684443,0.4,0.6458901399180805,True,True,True,False
07804412e07efaa16956,representation,representation_disagreement,1646,1424734601,16,5000,0.4,0.05,rbf,median,anytime,bonferroni,3,2,False,B_BETTER,272,True,False,False,0.0002412500325590372,0.4,0.6620856821127257,True,True,True,False
268fe692f40340fa63ef,representation,representation_disagreement,1647,3548582893,16,5000,0.4,0.05,rbf,median,anytime,bonferroni,3,2,False,B_BETTER,272,True,False,False,0.0002486659795977175,0.4,0.6620856821127258,True,True,True,False
59449a558187d4a9ee08,representation,representation_disagreement,1648,829614922,16,5000,0.4,0.05,rbf,median,anytime,bonferroni,3,2,False,B_BETTER,272,True,False,False,0.00024120800662785769,0.4,0.6620856821127259,True,True,True,False
bbc20b4e951d49cb700e,representation,representation_disagreement,1649,1025667716,16,5000,0.4,0.05,rbf,median,anytime,bonferroni,3,2,False,B_BETTER,240,True,False,False,0.0002458749804645777,0.4,0.6989114228795754,True,True,True,False
e60ff83a45ec8c62f0f0,representation,representation_disagreement,1650,3556406716,16,5000,0.4,0.05,rbf,median,anytime,bonferroni,3,2,False,B_BETTER,256,True,False,False,0.0002610410447232425,0.4,0.6796858875495522,True,True,True,False
a9fc06c04654c3da1484,representation,representation_disagreement,1651,771257710,16,5000,0.4,0.05,rbf,median,anytime,bonferroni,3,2,False,B_BETTER,192,True,False,False,0.00025570904836058617,0.4,0.7694441991638782,True,True,True,False
71cde7c604959fa822eb,representation,representation_disagreement,1652,3624787488,16,5000,0.4,0.05,rbf,median,anytime,bonferroni,3,2,False,B_BETTER,192,True,False,False,0.00025270803598687053,0.4,0.7694441991638782,True,True,True,False
a395d2fa89df6b39b85c,representation,representation_disagreement,1653,1304949190,16,5000,0.4,0.05,rbf,median,anytime,bonferroni,3,2,False,B_BETTER,272,True,False,False,0.00024862500140443444,0.4,0.6620856821127258,True,True,True,False
a6fcc7dcc9172f2a8508,representation,representation_disagreement,1654,1624749438,16,5000,0.4,0.05,rbf,median,anytime,bonferroni,3,2,False,B_BETTER,224,True,False,False,0.00023570802295580506,0.4,0.7200353639175696,True,True,True,False
43a1ee84f27bece14e0a,representation,representation_disagreement,1655,3684820456,16,5000,0.4,0.05,rbf,median,anytime,bonferroni,3,2,False,B_BETTER,240,True,False,False,0.00024183298228308558,0.4,0.6989114228795754,True,True,True,False
eed7ec28c4215be28982,representation,representation_disagreement,1656,781698044,16,5000,0.4,0.05,rbf,median,anytime,bonferroni,3,2,False,B_BETTER,208,True,False,False,0.00023562501883134246,0.4,0.7434004973451923,True,True,True,False
6c4f67ca8d67385840db,representation,representation_disagreement,1657,2695951100,16,5000,0.4,0.05,rbf,median,anytime,bonferroni,3,2,False,B_BETTER,240,True,False,False,0.00024279201170429587,0.4,0.6989114228795754,True,True,True,False
e553197a4c13b9f7d96a,representation,representation_disagreement,1658,2613612462,16,5000,0.4,0.05,rbf,median,anytime,bonferroni,3,2,False,B_BETTER,224,True,False,False,0.0002369589637964964,0.4,0.7200353639175696,True,True,True,False
080886af54674319b648,representation,representation_disagreement,1659,279016217,16,5000,0.4,0.05,rbf,median,anytime,bonferroni,3,2,False,B_BETTER,272,True,False,False,0.0002425829879939556,0.4,0.6620856821127258,True,True,True,False
681e948c3deded03b492,representation,representation_disagreement,1660,3612009759,16,5000,0.4,0.05,rbf,median,anytime,bonferroni,3,2,False,B_BETTER,240,True,False,False,0.00023758300812914968,0.4,0.6989114228795754,True,True,True,False
3cc541f8588bcf70482f,representation,representation_disagreement,1661,3583459597,16,5000,0.4,0.05,rbf,median,anytime,bonferroni,3,2,False,B_BETTER,256,True,False,False,0.00023787497775629163,0.4,0.6796858875495522,True,True,True,False
a1ff32fa795b2b32ae70,representation,representation_disagreement,1662,3063292354,16,5000,0.4,0.05,rbf,median,anytime,bonferroni,3,2,False,B_BETTER,256,True,False,False,0.00023787497775629163,0.4,0.6796858875495522,True,True,True,False
592f24e7e94888ad467f,representation,representation_disagreement,1663,3351262512,16,5000,0.4,0.05,rbf,median,anytime,bonferroni,3,2,False,B_BETTER,224,True,False,False,0.00023958401288837194,0.4,0.7200353639175696,True,True,True,False
b189bc717efbeb7f0383,representation,representation_disagreement,1664,3029528345,16,5000,0.4,0.05,rbf,median,anytime,bonferroni,3,2,False,B_BETTER,240,True,False,False,0.00023787503596395254,0.4,0.6989114228795754,True,True,True,False
bb421f4bfa7c7997571c,representation,representation_disagreement,1665,475097777,16,5000,0.4,0.05,rbf,median,anytime,bonferroni,3,2,False,B_BETTER,240,True,False,False,0.00023700000019744039,0.4,0.6989114228795754,True,True,True,False
fa66a63643d0de29e09e,representation,representation_disagreement,1666,1351047930,16,5000,0.4,0.05,rbf,median,anytime,bonferroni,3,2,False,B_BETTER,272,True,False,False,0.00023866700939834118,0.4,0.6620856821127258,True,True,True,False
a414dd9704ed2e88eef4,representation,representation_disagreement,1667,91389717,16,5000,0.4,0.05,rbf,median,anytime,bonferroni,3,2,False,B_BETTER,272,True,False,False,0.0002745419624261558,0.4,0.6620856821127259,True,True,True,False
c178db1f264b5a9338e5,representation,representation_disagreement,1668,2659883995,16,5000,0.4,0.05,rbf,median,anytime,bonferroni,3,2,False,B_BETTER,256,True,False,False,0.00022379198344424367,0.4,0.6796858875495522,True,True,True,False
bd859cc317ebb055059c,representation,representation_disagreement,1669,3924044878,16,5000,0.4,0.05,rbf,median,anytime,bonferroni,3,2,False,B_BETTER,288,True,False,False,0.00021333398763090372,0.4,0.6458901399180805,True,True,True,False
0b6966f23ed68f81b71a,representation,representation_disagreement,1670,2493856243,16,5000,0.4,0.05,rbf,median,anytime,bonferroni,3,2,False,B_BETTER,304,True,False,False,0.00021120801102370024,0.4,0.6309186896508341,True,True,True,False
bc7c1f3e4cece094119e,representation,representation_disagreement,1671,2311830836,16,5000,0.4,0.05,rbf,median,anytime,bonferroni,3,2,False,B_BETTER,224,True,False,False,0.00020537496311590075,0.4,0.7200353639175696,True,True,True,False
385aac312054b12cca61,representation,representation_disagreement,1672,14966706,16,5000,0.4,0.05,rbf,median,anytime,bonferroni,3,2,False,B_BETTER,304,True,False,False,0.00021008297335356474,0.4,0.6309186896508341,True,True,True,False
36ba0f3fdf227d5350e5,representation,representation_disagreement,1673,3127345189,16,5000,0.4,0.05,rbf,median,anytime,bonferroni,3,2,False,B_BETTER,240,True,False,False,0.00020608300110325217,0.4,0.6989114228795754,True,True,True,False
833d7eb1c98bde5891f0,representation,representation_disagreement,1674,2949342879,16,5000,0.4,0.05,rbf,median,anytime,bonferroni,3,2,False,B_BETTER,208,True,False,False,0.0002045409637503326,0.4,0.7434004973451924,True,True,True,False
b69b0fe3fdf7c53ae832,representation,representation_disagreement,1675,2718913550,16,5000,0.4,0.05,rbf,median,anytime,bonferroni,3,2,False,B_BETTER,224,True,False,False,0.0002068330068141222,0.4,0.7200353639175696,True,True,True,False
8e68072a9fb022a3747c,representation,representation_disagreement,1676,3119579773,16,5000,0.4,0.05,rbf,median,anytime,bonferroni,3,2,False,B_BETTER,224,True,False,False,0.00020695803686976433,0.4,0.7200353639175696,True,True,True,False
db374722261d7615c9d1,representation,representation_disagreement,1677,4062205771,16,5000,0.4,0.05,rbf,median,anytime,bonferroni,3,2,False,B_BETTER,304,True,False,False,0.00020904099801555276,0.4,0.6309186896508341,True,True,True,False
a145c5fdc232b5c42b49,representation,representation_disagreement,1678,1892304619,16,5000,0.4,0.05,rbf,median,anytime,bonferroni,3,2,False,B_BETTER,240,True,False,False,0.00020508398301899433,0.4,0.6989114228795754,True,True,True,False
f11f0ba61aad3f418ff2,representation,representation_disagreement,1679,1998129636,16,5000,0.4,0.05,rbf,median,anytime,bonferroni,3,2,False,B_BETTER,240,True,False,False,0.00020712503464892507,0.4,0.6989114228795754,True,True,True,False
a0584e94e073307c97db,representation,representation_disagreement,1680,628489737,16,5000,0.4,0.05,rbf,median,anytime,bonferroni,3,2,False,B_BETTER,304,True,False,False,0.00020683399634435773,0.4,0.6309186896508341,True,True,True,False
55f2f4e33407d5e7a6e7,representation,representation_disagreement,1681,1689190086,16,5000,0.4,0.05,rbf,median,anytime,bonferroni,3,2,False,B_BETTER,240,True,False,False,0.00020754197612404823,0.4,0.6989114228795754,True,True,True,False
7115f86275f8766dec54,representation,representation_disagreement,1682,2355320085,16,5000,0.4,0.05,rbf,median,anytime,bonferroni,3,2,False,B_BETTER,256,True,False,False,0.00020791601855307817,0.4,0.6796858875495522,True,True,True,False
d695bf024e5bd3d0bb1e,representation,representation_disagreement,1683,3744343202,16,5000,0.4,0.05,rbf,median,anytime,bonferroni,3,2,False,B_BETTER,288,True,False,False,0.00020899996161460876,0.4,0.6458901399180805,True,True,True,False
20bb460b17f74c5798c0,representation,representation_disagreement,1684,1374661161,16,5000,0.4,0.05,rbf,median,anytime,bonferroni,3,2,False,B_BETTER,272,True,False,False,0.00020812498405575752,0.4,0.6620856821127257,True,True,True,False
e6db5a582ff2f365a15c,representation,representation_disagreement,1685,268005863,16,5000,0.4,0.05,rbf,median,anytime,bonferroni,3,2,False,B_BETTER,240,True,False,False,0.00020654202671721578,0.4,0.6989114228795754,True,True,True,False
41b5cf79423b2365205b,representation,representation_disagreement,1686,3867694114,16,5000,0.4,0.05,rbf,median,anytime,bonferroni,3,2,False,B_BETTER,256,True,False,False,0.0002050829934887588,0.4,0.6796858875495522,True,True,True,False
60ac51dd8903d41d56d9,representation,representation_disagreement,1687,1406196892,16,5000,0.4,0.05,rbf,median,anytime,bonferroni,3,2,False,B_BETTER,272,True,False,False,0.00020558398682624102,0.4,0.6620856821127258,True,True,True,False
4bd58173a82779a22f0d,representation,representation_disagreement,1688,671037674,16,5000,0.4,0.05,rbf,median,anytime,bonferroni,3,2,False,B_BETTER,240,True,False,False,0.0002042090054601431,0.4,0.6989114228795754,True,True,True,False
486f9f19a63f3050b624,representation,representation_disagreement,1689,886821244,16,5000,0.4,0.05,rbf,median,anytime,bonferroni,3,2,False,B_BETTER,272,True,False,False,0.00020720897009596229,0.4,0.6620856821127259,True,True,True,False
b746ceeee962861eb89d,representation,representation_disagreement,1690,3611416746,16,5000,0.4,0.05,rbf,median,anytime,bonferroni,3,2,False,B_BETTER,240,True,False,False,0.00020670803496614099,0.4,0.6989114228795754,True,True,True,False
4d96be4be8b75d9dda8b,representation,representation_disagreement,1691,1839436151,16,5000,0.4,0.05,rbf,median,anytime,bonferroni,3,2,False,B_BETTER,208,True,False,False,0.00020404101815074682,0.4,0.7434004973451923,True,True,True,False
94803a3b5bede87a36a8,representation,representation_disagreement,1692,3635016999,16,5000,0.4,0.05,rbf,median,anytime,bonferroni,3,2,False,B_BETTER,224,True,False,False,0.00020412501180544496,0.4,0.7200353639175696,True,True,True,False
896d409feaf029a85e78,representation,representation_disagreement,1693,3855226307,16,5000,0.4,0.05,rbf,median,anytime,bonferroni,3,2,False,B_BETTER,240,True,False,False,0.00020524999126791954,0.4,0.6989114228795754,True,True,True,False
60413a050aec1d2275ab,representation,representation_disagreement,1694,2266753312,16,5000,0.4,0.05,rbf,median,anytime,bonferroni,3,2,False,B_BETTER,320,True,False,False,0.0002078340039588511,0.4,0.6170219115444306,True,True,True,False
0c8ea58d2ddf362d6ae2,representation,representation_disagreement,1695,373611003,16,5000,0.4,0.05,rbf,median,anytime,bonferroni,3,2,False,B_BETTER,288,True,False,False,0.0002086660242639482,0.4,0.6458901399180805,True,True,True,False
701ca719531516cc19d9,representation,representation_disagreement,1696,1147249926,16,5000,0.4,0.05,rbf,median,anytime,bonferroni,3,2,False,B_BETTER,272,True,False,False,0.0002061669947579503,0.4,0.6620856821127259,True,True,True,False
0060d00b4128f4b9935d,representation,representation_disagreement,1697,817435255,16,5000,0.4,0.05,rbf,median,anytime,bonferroni,3,2,False,B_BETTER,272,True,False,False,0.00020645803306251764,0.4,0.6620856821127258,True,True,True,False
f5eef729f2de81d44d6e,representation,representation_disagreement,1698,546612438,16,5000,0.4,0.05,rbf,median,anytime,bonferroni,3,2,False,B_BETTER,256,True,False,False,0.00020608300110325217,0.4,0.6796858875495522,True,True,True,False
60fb0995ec244bf14570,representation,representation_disagreement,1699,612950884,16,5000,0.4,0.05,rbf,median,anytime,bonferroni,3,2,False,B_BETTER,288,True,False,False,0.00020812498405575752,0.4,0.6458901399180805,True,True,True,False
01122eeb74059a99a295,representation,representation_disagreement,1700,2627471901,16,5000,0.4,0.05,rbf,median,anytime,bonferroni,3,2,False,B_BETTER,208,True,False,False,0.00021279096836224198,0.4,0.7434004973451922,True,True,True,False
dabf2d4fa6a9676fe3c5,representation,representation_disagreement,1701,1608877589,16,5000,0.4,0.05,rbf,median,anytime,bonferroni,3,2,False,B_BETTER,304,True,False,False,0.00022308400366455317,0.4,0.6309186896508341,True,True,True,False
a64947cca167a1060e84,representation,representation_disagreement,1702,2105835746,16,5000,0.4,0.05,rbf,median,anytime,bonferroni,3,2,False,B_BETTER,240,True,False,False,0.00021837500389665365,0.4,0.6989114228795754,True,True,True,False
07efc2449d8845832b79,representation,representation_disagreement,1703,563598299,16,5000,0.4,0.05,rbf,median,anytime,bonferroni,3,2,False,B_BETTER,304,True,False,False,0.0002084170118905604,0.4,0.6309186896508341,True,True,True,False
a352a57d5e43a6c5bdd8,representation,representation_disagreement,1704,1993892704,16,5000,0.4,0.05,rbf,median,anytime,bonferroni,3,2,False,B_BETTER,304,True,False,False,0.00020825001411139965,0.4,0.6309186896508341,True,True,True,False
a2c16f1fd43e6e7d5929,representation,representation_disagreement,1705,2202974791,16,5000,0.4,0.05,rbf,median,anytime,bonferroni,3,2,False,B_BETTER,256,True,False,False,0.00020520802354440093,0.4,0.6796858875495522,True,True,True,False
6b78a3e2271779e3ea38,representation,representation_disagreement,1706,2625332242,16,5000,0.4,0.05,rbf,median,anytime,bonferroni,3,2,False,B_BETTER,256,True,False,False,0.00020641699666157365,0.4,0.6796858875495522,True,True,True,False
7c4963b01c9dadd09d73,representation,representation_disagreement,1707,364392539,16,5000,0.4,0.05,rbf,median,anytime,bonferroni,3,2,False,B_BETTER,256,True,False,False,0.00020545802544802427,0.4,0.6796858875495522,True,True,True,False
9128bf69de583af613ce,representation,representation_disagreement,1708,522321730,16,5000,0.4,0.05,rbf,median,anytime,bonferroni,3,2,False,B_BETTER,272,True,False,False,0.00020604196470230818,0.4,0.6620856821127257,True,True,True,False
e47385d2479c4f7d28db,representation,representation_disagreement,1709,928284573,16,5000,0.4,0.05,rbf,median,anytime,bonferroni,3,2,False,B_BETTER,272,True,False,False,0.00020670797675848007,0.4,0.6620856821127258,True,True,True,False
c71a8d4639ec7a9a7b0f,representation,representation_disagreement,1710,4065925776,16,5000,0.4,0.05,rbf,median,anytime,bonferroni,3,2,False,B_BETTER,288,True,False,False,0.00020712497644126415,0.4,0.6458901399180805,True,True,True,False
b11d698ed510f3b5a537,representation,representation_disagreement,1711,415100563,16,5000,0.4,0.05,rbf,median,anytime,bonferroni,3,2,False,B_BETTER,240,True,False,False,0.00020883401157334447,0.4,0.6989114228795754,True,True,True,False
2bbd99b1fb1c74e6f641,representation,representation_disagreement,1712,1971519648,16,5000,0.4,0.05,rbf,median,anytime,bonferroni,3,2,False,B_BETTER,256,True,False,False,0.00020458298968151212,0.4,0.6796858875495522,True,True,True,False
29e83da457cff4a3984e,representation,representation_disagreement,1713,689220604,16,5000,0.4,0.05,rbf,median,anytime,bonferroni,3,2,False,B_BETTER,272,True,False,False,0.00020650000078603625,0.4,0.6620856821127258,True,True,True,False
7d4aca9e200cbf7feffc,representation,representation_disagreement,1714,1766877196,16,5000,0.4,0.05,rbf,median,anytime,bonferroni,3,2,False,B_BETTER,192,True,False,False,0.00020362500799819827,0.4,0.7694441991638782,True,True,True,False
89cafa7ccf0d984a9132,representation,representation_disagreement,1715,2741665806,16,5000,0.4,0.05,rbf,median,anytime,bonferroni,3,2,False,B_BETTER,240,True,False,False,0.00020458298968151212,0.4,0.6989114228795754,True,True,True,False
f8c7eafba5e29c17935a,representation,representation_disagreement,1716,3577846019,16,5000,0.4,0.05,rbf,median,anytime,bonferroni,3,2,False,B_BETTER,288,True,False,False,0.0002079589758068323,0.4,0.6458901399180805,True,True,True,False
ee8f90bb59d3ca3221fd,representation,representation_disagreement,1717,3759299677,16,5000,0.4,0.05,rbf,median,anytime,bonferroni,3,2,False,B_BETTER,224,True,False,False,0.0002049580216407776,0.4,0.7200353639175696,True,True,True,False
e4859564f8156be761c2,representation,representation_disagreement,1718,3203416807,16,5000,0.4,0.05,rbf,median,anytime,bonferroni,3,2,False,B_BETTER,240,True,False,False,0.0002055420191027224,0.4,0.6989114228795754,True,True,True,False
c3e85a6738fb0e56464c,representation,representation_disagreement,1719,3997804405,16,5000,0.4,0.05,rbf,median,anytime,bonferroni,3,2,False,B_BETTER,272,True,False,False,0.00020545802544802427,0.4,0.6620856821127259,True,True,True,False
98a214a04a36b9b36f00,representation,representation_disagreement,1720,1775558586,16,5000,0.4,0.05,rbf,median,anytime,bonferroni,3,2,False,B_BETTER,240,True,False,False,0.0002044169814325869,0.4,0.6989114228795754,True,True,True,False
de2891b339a238e18058,representation,representation_disagreement,1721,1921348803,16,5000,0.4,0.05,rbf,median,anytime,bonferroni,3,2,False,B_BETTER,288,True,False,False,0.00020637502893805504,0.4,0.6458901399180805,True,True,True,False
9c468d65d9d31731dc30,representation,representation_disagreement,1722,2235330935,16,5000,0.4,0.05,rbf,median,anytime,bonferroni,3,2,False,B_BETTER,304,True,False,False,0.00020766700617969036,0.4,0.6309186896508341,True,True,True,False
01f0db14b4089b4a5613,representation,representation_disagreement,1723,2321591409,16,5000,0.4,0.05,rbf,median,anytime,bonferroni,3,2,False,B_BETTER,256,True,False,False,0.00020408397540450096,0.4,0.6796858875495522,True,True,True,False
7993d910239b32cc5574,representation,representation_disagreement,1724,241503021,16,5000,0.4,0.05,rbf,median,anytime,bonferroni,3,2,False,B_BETTER,256,True,False,False,0.00020474998746067286,0.4,0.6796858875495522,True,True,True,False
f67a48511df16b8a2f94,representation,representation_disagreement,1725,3045308926,16,5000,0.4,0.05,rbf,median,anytime,bonferroni,3,2,False,B_BETTER,224,True,False,False,0.0002032499760389328,0.4,0.7200353639175696,True,True,True,False
204aef8bb7ea666ef9e2,representation,representation_disagreement,1726,3186622868,16,5000,0.4,0.05,rbf,median,anytime,bonferroni,3,2,False,B_BETTER,288,True,False,False,0.00020558398682624102,0.4,0.6458901399180805,True,True,True,False
e997ddcd9a6035d87695,representation,representation_disagreement,1727,3781248289,16,5000,0.4,0.05,rbf,median,anytime,bonferroni,3,2,False,B_BETTER,240,True,False,False,0.00020391697762534022,0.4,0.6989114228795754,True,True,True,False
0ae998e382f0c322455f,representation,representation_disagreement,1728,71181711,16,5000,0.4,0.05,rbf,median,anytime,bonferroni,3,2,False,B_BETTER,208,True,False,False,0.000203792005777359,0.4,0.7434004973451924,True,True,True,False
c3268dc5413600eabd44,representation,representation_disagreement,1729,4002181344,16,5000,0.4,0.05,rbf,median,anytime,bonferroni,3,2,False,B_BETTER,272,True,False,False,0.00020529102766886353,0.4,0.6620856821127259,True,True,True,False
72a73557cc2f99cce95f,representation,representation_disagreement,1730,3118578786,16,5000,0.4,0.05,rbf,median,anytime,bonferroni,3,2,False,B_BETTER,256,True,False,False,0.00020495901117101312,0.4,0.6796858875495522,True,True,True,False
155d2d82a92e40bfe6dd,representation,representation_disagreement,1731,4051847528,16,5000,0.4,0.05,rbf,median,anytime,bonferroni,3,2,False,B_BETTER,240,True,False,False,0.0002044999855570495,0.4,0.6989114228795754,True,True,True,False
d6d0575146042d45dcd0,representation,representation_disagreement,1732,352916207,16,5000,0.4,0.05,rbf,median,anytime,bonferroni,3,2,False,B_BETTER,240,True,False,False,0.0002049999893642962,0.4,0.6989114228795754,True,True,True,False
b40ef711ac3400a2d92a,representation,representation_disagreement,1733,1651504095,16,5000,0.4,0.05,rbf,median,anytime,bonferroni,3,2,False,B_BETTER,256,True,False,False,0.00020541599951684475,0.4,0.6796858875495522,True,True,True,False
b252b042aa76f0bf6d55,representation,representation_disagreement,1734,374035544,16,5000,0.4,0.05,rbf,median,anytime,bonferroni,3,2,False,B_BETTER,256,True,False,False,0.00020462495740503073,0.4,0.6796858875495522,True,True,True,False
dab007028164ea09c0b5,representation,representation_disagreement,1735,495693262,16,5000,0.4,0.05,rbf,median,anytime,bonferroni,3,2,False,B_BETTER,240,True,False,False,0.0002050829934887588,0.4,0.6989114228795754,True,True,True,False
52f83093c95179c2a7bd,representation,representation_disagreement,1736,1272753647,16,5000,0.4,0.05,rbf,median,anytime,bonferroni,3,2,False,B_BETTER,256,True,False,False,0.00020445894915610552,0.4,0.6796858875495522,True,True,True,False
8d2ab5b71cd7321eafee,representation,representation_disagreement,1737,160162453,16,5000,0.4,0.05,rbf,median,anytime,bonferroni,3,2,False,B_BETTER,240,True,False,False,0.00020945799769833684,0.4,0.6989114228795754,True,True,True,False
9d07a7ca356f5421de3e,representation,representation_disagreement,1738,2033587152,16,5000,0.4,0.05,rbf,median,anytime,bonferroni,3,2,False,B_BETTER,208,True,False,False,0.0002032499760389328,0.4,0.7434004973451923,True,True,True,False
663c579b07d9feba3573,representation,representation_disagreement,1739,411857376,16,5000,0.4,0.05,rbf,median,anytime,bonferroni,3,2,False,B_BETTER,240,True,False,False,0.00020408403361216187,0.4,0.6989114228795754,True,True,True,False
f1ae801822baa4f62c2c,representation,representation_disagreement,1740,3875761053,16,5000,0.4,0.05,rbf,median,anytime,bonferroni,3,2,False,B_BETTER,240,True,False,False,0.00020491599570959806,0.4,0.6989114228795754,True,True,True,False
9a67f691019ca03d7482,representation,representation_disagreement,1741,1524225663,16,5000,0.4,0.05,rbf,median,anytime,bonferroni,3,2,False,B_BETTER,256,True,False,False,0.00020466698333621025,0.4,0.6796858875495522,True,True,True,False
d2505916fac921905e0f,representation,representation_disagreement,1742,2992606972,16,5000,0.4,0.05,rbf,median,anytime,bonferroni,3,2,False,B_BETTER,224,True,False,False,0.00020458397921174765,0.4,0.7200353639175696,True,True,True,False
666dbbd9596be2297b8c,representation,representation_disagreement,1743,3829540222,16,5000,0.4,0.05,rbf,median,anytime,bonferroni,3,2,False,B_BETTER,256,True,False,False,0.0002060839906334877,0.4,0.6796858875495522,True,True,True,False
3735712a1c957d2b588b,representation,representation_disagreement,1744,2404965924,16,5000,0.4,0.05,rbf,median,anytime,bonferroni,3,2,False,B_BETTER,256,True,False,False,0.00020458298968151212,0.4,0.6796858875495522,True,True,True,False
47c20dc6c0b5c07072e0,representation,representation_disagreement,1745,1115507156,16,5000,0.4,0.05,rbf,median,anytime,bonferroni,3,2,False,B_BETTER,272,True,False,False,0.00020524999126791954,0.4,0.6620856821127257,True,True,True,False
8e93a0fc6869dd818d33,representation,representation_disagreement,1746,3239753870,16,5000,0.4,0.05,rbf,median,anytime,bonferroni,3,2,False,B_BETTER,256,True,False,False,0.00020491599570959806,0.4,0.6796858875495522,True,True,True,False
f9e11d9df71884d7919d,representation,representation_disagreement,1747,3618168700,16,5000,0.4,0.05,rbf,median,anytime,bonferroni,3,2,False,B_BETTER,192,True,False,False,0.00020220800070092082,0.4,0.7694441991638783,True,True,True,False
f2f8c26b9a424f8a016d,representation,representation_disagreement,1748,1842884268,16,5000,0.4,0.05,rbf,median,anytime,bonferroni,3,2,False,B_BETTER,224,True,False,False,0.00020399998174980283,0.4,0.7200353639175696,True,True,True,False
b7d957937af27e5eca46,representation,representation_disagreement,1749,926567401,16,5000,0.4,0.05,rbf,median,anytime,bonferroni,3,2,False,B_BETTER,224,True,False,False,0.0002031669719144702,0.4,0.7200353639175696,True,True,True,False
580a9efd9f4928aab61e,representation,representation_disagreement,1750,2208141048,16,5000,0.4,0.05,rbf,median,anytime,bonferroni,3,2,False,B_BETTER,288,True,False,False,0.00020537502132356167,0.4,0.6458901399180805,True,True,True,False
f19f88598d5f8eb6dcbb,representation,representation_disagreement,1751,3886848950,16,5000,0.4,0.05,rbf,median,anytime,bonferroni,3,2,False,B_BETTER,240,True,False,False,0.00020466698333621025,0.4,0.6989114228795754,True,True,True,False
8c0ec53c3fb2b3effd9c,representation,representation_disagreement,1752,378064571,16,5000,0.4,0.05,rbf,median,anytime,bonferroni,3,2,False,B_BETTER,272,True,False,False,0.0002067919704131782,0.4,0.6620856821127257,True,True,True,False
930bad670b46469ae8ec,representation,representation_disagreement,1753,911711117,16,5000,0.4,0.05,rbf,median,anytime,bonferroni,3,2,False,B_BETTER,272,True,False,False,0.0002049169852398336,0.4,0.6620856821127258,True,True,True,False
dfeeef630d8ac872aa3c,representation,representation_disagreement,1754,1041589753,16,5000,0.4,0.05,rbf,median,anytime,bonferroni,3,2,False,B_BETTER,240,True,False,False,0.0002056249650195241,0.4,0.6989114228795754,True,True,True,False
b2fc19e9ce34cba8d13f,representation,representation_disagreement,1755,2603386294,16,5000,0.4,0.05,rbf,median,anytime,bonferroni,3,2,False,B_BETTER,272,True,False,False,0.000205625023227185,0.4,0.6620856821127257,True,True,True,False
c063771e3b9369d5c105,representation,representation_disagreement,1756,931995048,16,5000,0.4,0.05,rbf,median,anytime,bonferroni,3,2,False,B_BETTER,304,True,False,False,0.0002092079957947135,0.4,0.6309186896508341,True,True,True,False
c9ef7dd1e4133c98aded,representation,representation_disagreement,1757,2980855384,16,5000,0.4,0.05,rbf,median,anytime,bonferroni,3,2,False,B_BETTER,288,True,False,False,0.0002061250270344317,0.4,0.6458901399180805,True,True,True,False
d5a52b37298a3ee39440,representation,representation_disagreement,1758,1785310157,16,5000,0.4,0.05,rbf,median,anytime,bonferroni,3,2,False,B_BETTER,256,True,False,False,0.00020412501180544496,0.4,0.6796858875495522,True,True,True,False
057bb8a81648513684b5,representation,representation_disagreement,1759,2002168065,16,5000,0.4,0.05,rbf,median,anytime,bonferroni,3,2,False,B_BETTER,256,True,False,False,0.00020566699095070362,0.4,0.6796858875495522,True,True,True,False
cc129d3045b2838208b7,representation,representation_disagreement,1760,795481706,16,5000,0.4,0.05,rbf,median,anytime,bonferroni,3,2,False,B_BETTER,256,True,False,False,0.00020362500799819827,0.4,0.6796858875495522,True,True,True,False
02f9d26f4c4273b321ad,representation,representation_disagreement,1761,1332415099,16,5000,0.4,0.05,rbf,median,anytime,bonferroni,3,2,False,B_BETTER,272,True,False,False,0.0001759580336511135,0.4,0.6620856821127258,True,True,True,False
c903ab64175c9139304a,representation,representation_disagreement,1762,348080741,16,5000,0.4,0.05,rbf,median,anytime,bonferroni,3,2,False,B_BETTER,256,True,False,False,0.00017679197480902076,0.4,0.6796858875495522,True,True,True,False
210a97966c11d9674a1f,representation,representation_disagreement,1763,3260081627,16,5000,0.4,0.05,rbf,median,anytime,bonferroni,3,2,False,B_BETTER,272,True,False,False,0.0001764170010574162,0.4,0.6620856821127257,True,True,True,False
f55e7582c69395a63cc0,representation,representation_disagreement,1764,3872619169,16,5000,0.4,0.05,rbf,median,anytime,bonferroni,3,2,False,B_BETTER,240,True,False,False,0.00017495901556685567,0.4,0.6989114228795754,True,True,True,False
d874d560203dd3cd0c1e,representation,representation_disagreement,1765,2738659514,16,5000,0.4,0.05,rbf,median,anytime,bonferroni,3,2,False,B_BETTER,256,True,False,False,0.00017687497893348336,0.4,0.6796858875495522,True,True,True,False
9152beb67589c9b2f74f,representation,representation_disagreement,1766,394649890,16,5000,0.4,0.05,rbf,median,anytime,bonferroni,3,2,False,B_BETTER,256,True,False,False,0.00017683400074020028,0.4,0.6796858875495522,True,True,True,False
434cfa1fe192c0860298,representation,representation_disagreement,1767,1828220263,16,5000,0.4,0.05,rbf,median,anytime,bonferroni,3,2,False,B_BETTER,240,True,False,False,0.00017529097385704517,0.4,0.6989114228795754,True,True,True,False
5f88df4759127b0e9494,representation,representation_disagreement,1768,3552568658,16,5000,0.4,0.05,rbf,median,anytime,bonferroni,3,2,False,B_BETTER,240,True,False,False,0.00017629202920943499,0.4,0.6989114228795754,True,True,True,False
bdcfd815f83830e6dbfd,representation,representation_disagreement,1769,69249138,16,5000,0.4,0.05,rbf,median,anytime,bonferroni,3,2,False,B_BETTER,240,True,False,False,0.00017541699344292283,0.4,0.6989114228795754,True,True,True,False
81e96d39c69589cd3389,representation,representation_disagreement,1770,4184784161,16,5000,0.4,0.05,rbf,median,anytime,bonferroni,3,2,False,B_BETTER,288,True,False,False,0.00017820904031395912,0.4,0.6458901399180805,True,True,True,False
903c44b080481698195d,representation,representation_disagreement,1771,2737119370,16,5000,0.4,0.05,rbf,median,anytime,bonferroni,3,2,False,B_BETTER,336,True,False,False,0.0001800419995561242,0.4,0.60407492330224,True,True,True,False
6da08924100b5794b664,representation,representation_disagreement,1772,6158958,16,5000,0.4,0.05,rbf,median,anytime,bonferroni,3,2,False,B_BETTER,240,True,False,False,0.00017587497131899,0.4,0.6989114228795754,True,True,True,False
188cc500e92b99ab219d,representation,representation_disagreement,1773,1454620175,16,5000,0.4,0.05,rbf,median,anytime,bonferroni,3,2,False,B_BETTER,240,True,False,False,0.00017545896116644144,0.4,0.6989114228795754,True,True,True,False
db85629c07e3c2c7ec5e,representation,representation_disagreement,1774,3259993646,16,5000,0.4,0.05,rbf,median,anytime,bonferroni,3,2,False,B_BETTER,224,True,False,False,0.00017545802984386683,0.4,0.7200353639175696,True,True,True,False
32964a51ef759876aaa9,representation,representation_disagreement,1775,2339566994,16,5000,0.4,0.05,rbf,median,anytime,bonferroni,3,2,False,B_BETTER,256,True,False,False,0.00017558399122208357,0.4,0.6796858875495522,True,True,True,False
02f2c7be34f44669ca91,representation,representation_disagreement,1776,1543110947,16,5000,0.4,0.05,rbf,median,anytime,bonferroni,3,2,False,B_BETTER,272,True,False,False,0.00017658399883657694,0.4,0.6620856821127257,True,True,True,False
f17e7f0ae59f91d1a8ae,representation,representation_disagreement,1777,1155764656,16,5000,0.4,0.05,rbf,median,anytime,bonferroni,3,2,False,B_BETTER,208,True,False,False,0.00017495901556685567,0.4,0.7434004973451924,True,True,True,False
fcdb6acec696be028c2a,representation,representation_disagreement,1778,3108888596,16,5000,0.4,0.05,rbf,median,anytime,bonferroni,3,2,False,B_BETTER,224,True,False,False,0.00017545802984386683,0.4,0.7200353639175696,True,True,True,False
3a088f83b8d3b62f91eb,representation,representation_disagreement,1779,364157865,16,5000,0.4,0.05,rbf,median,anytime,bonferroni,3,2,False,B_BETTER,288,True,False,False,0.00017741596093401313,0.4,0.6458901399180805,True,True,True,False
bc4953793f718f682f8d,representation,representation_disagreement,1780,2626177778,16,5000,0.4,0.05,rbf,median,anytime,bonferroni,3,2,False,B_BETTER,304,True,False,False,0.0001788330264389515,0.4,0.6309186896508341,True,True,True,False
966787227c8dc4f9a6e3,representation,representation_disagreement,1781,2301118163,16,5000,0.4,0.05,rbf,median,anytime,bonferroni,3,2,False,B_BETTER,272,True,False,False,0.0001764170010574162,0.4,0.6620856821127258,True,True,True,False
467cd31ab02ceebb72ea,representation,representation_disagreement,1782,3709358665,16,5000,0.4,0.05,rbf,median,anytime,bonferroni,3,2,False,B_BETTER,256,True,False,False,0.00017683400074020028,0.4,0.6796858875495522,True,True,True,False
70874a389bb07b5882cd,representation,representation_disagreement,1783,1069538457,16,5000,0.4,0.05,rbf,median,anytime,bonferroni,3,2,False,B_BETTER,256,True,False,False,0.00017591699725016952,0.4,0.6796858875495522,True,True,True,False
64f863b14886cba0a5ea,representation,representation_disagreement,1784,1390970634,16,5000,0.4,0.05,rbf,median,anytime,bonferroni,3,2,False,B_BETTER,288,True,False,False,0.00017775001469999552,0.4,0.6458901399180805,True,True,True,False
10ef10da95a1efc00989,representation,representation_disagreement,1785,4263658304,16,5000,0.4,0.05,rbf,median,anytime,bonferroni,3,2,False,B_BETTER,272,True,False,False,0.00017629202920943499,0.4,0.6620856821127258,True,True,True,False
4b1b2114add18f9521e7,representation,representation_disagreement,1786,1542712019,16,5000,0.4,0.05,rbf,median,anytime,bonferroni,3,2,False,B_BETTER,256,True,False,False,0.00017570797353982925,0.4,0.6796858875495522,True,True,True,False
89aba1dfc904495180f5,representation,representation_disagreement,1787,2550900060,16,5000,0.4,0.05,rbf,median,anytime,bonferroni,3,2,False,B_BETTER,224,True,False,False,0.00017429195577278733,0.4,0.7200353639175696,True,True,True,False
a9054af60034fbb1ee81,representation,representation_disagreement,1788,3479928612,16,5000,0.4,0.05,rbf,median,anytime,bonferroni,3,2,False,B_BETTER,240,True,False,False,0.0001754160039126873,0.4,0.6989114228795754,True,True,True,False
827cf484aa7fb77dc485,representation,representation_disagreement,1789,2179981304,16,5000,0.4,0.05,rbf,median,anytime,bonferroni,3,2,False,B_BETTER,288,True,False,False,0.00017795799067243934,0.4,0.6458901399180805,True,True,True,False
b4e68e687a9df41f115a,representation,representation_disagreement,1790,1399210636,16,5000,0.4,0.05,rbf,median,anytime,bonferroni,3,2,False,B_BETTER,208,True,False,False,0.00017387501429766417,0.4,0.7434004973451922,True,True,True,False
89a519337fb1a51aa582,representation,representation_disagreement,1791,4207064097,16,5000,0.4,0.05,rbf,median,anytime,bonferroni,3,2,False,B_BETTER,224,True,False,False,0.00017504201969131827,0.4,0.7200353639175696,True,True,True,False
305a3d828c952eddae33,representation,representation_disagreement,1792,351909504,16,5000,0.4,0.05,rbf,median,anytime,bonferroni,3,2,False,B_BETTER,304,True,False,False,0.0001788749941624701,0.4,0.6309186896508341,True,True,True,False
3b37a94c1b3fe37a053f,representation,representation_disagreement,1793,3600894957,16,5000,0.4,0.05,rbf,median,anytime,bonferroni,3,2,False,B_BETTER,224,True,False,False,0.00017537502571940422,0.4,0.7200353639175696,True,True,True,False
ae1a10b50cd7eb34f2eb,representation,representation_disagreement,1794,17590714,16,5000,0.4,0.05,rbf,median,anytime,bonferroni,3,2,False,B_BETTER,240,True,False,False,0.00017616595141589642,0.4,0.6989114228795754,True,True,True,False
194543dd7f8175ee406f,representation,representation_disagreement,1795,2969762993,16,5000,0.4,0.05,rbf,median,anytime,bonferroni,3,2,False,B_BETTER,240,True,False,False,0.00017466704593971372,0.4,0.6989114228795754,True,True,True,False
5d5852bcb1a9c6efffb8,representation,representation_disagreement,1796,2498746317,16,5000,0.4,0.05,rbf,median,anytime,bonferroni,3,2,False,B_BETTER,288,True,False,False,0.00017850002041086555,0.4,0.6458901399180805,True,True,True,False
aa2514b06d388512f90b,representation,representation_disagreement,1797,2325016008,16,5000,0.4,0.05,rbf,median,anytime,bonferroni,3,2,False,B_BETTER,240,True,False,False,0.00017441698582842946,0.4,0.6989114228795754,True,True,True,False
1a10e98b6678b6150436,representation,representation_disagreement,1798,2111617082,16,5000,0.4,0.05,rbf,median,anytime,bonferroni,3,2,False,B_BETTER,208,True,False,False,0.0001741250162012875,0.4,0.7434004973451924,True,True,True,False
c4f3b47dd4f50a8ad7e6,representation,representation_disagreement,1799,3397573724,16,5000,0.4,0.05,rbf,median,anytime,bonferroni,3,2,False,B_BETTER,256,True,False,False,0.00017608300549909472,0.4,0.6796858875495522,True,True,True,False
7eec0c6f9b8bafdbcfbf,representation,representation_disagreement,1800,1529616188,16,5000,0.4,0.05,rbf,median,anytime,bonferroni,3,2,False,B_BETTER,240,True,False,False,0.00017562502762302756,0.4,0.6989114228795754,True,True,True,False
a2b1223c83e36afde917,representation,representation_disagreement,1801,420374435,16,5000,0.4,0.05,rbf,median,anytime,bonferroni,3,2,False,B_BETTER,304,True,False,False,0.00017770897829905152,0.4,0.6309186896508341,True,True,True,False
b0af77f31660d15a14d7,representation,representation_disagreement,1802,4294208616,16,5000,0.4,0.05,rbf,median,anytime,bonferroni,3,2,False,B_BETTER,224,True,False,False,0.0001747080241329968,0.4,0.7200353639175696,True,True,True,False
86e9b968a808e2592ef3,representation,representation_disagreement,1803,1222622358,16,5000,0.4,0.05,rbf,median,anytime,bonferroni,3,2,False,B_BETTER,304,True,False,False,0.00017858296632766724,0.4,0.6309186896508341,True,True,True,False
09ca3fda06aff518ac32,representation,representation_disagreement,1804,2012031421,16,5000,0.4,0.05,rbf,median,anytime,bonferroni,3,2,False,B_BETTER,288,True,False,False,0.00017820904031395912,0.4,0.6458901399180805,True,True,True,False
ce13ee86f850af626b76,representation,representation_disagreement,1805,1072190012,16,5000,0.4,0.05,rbf,median,anytime,bonferroni,3,2,False,B_BETTER,240,True,False,False,0.00017616595141589642,0.4,0.6989114228795754,True,True,True,False
89cb3ab493b576da4ad5,representation,representation_disagreement,1806,2200206673,16,5000,0.4,0.05,rbf,median,anytime,bonferroni,3,2,False,B_BETTER,256,True,False,False,0.0001764170010574162,0.4,0.6796858875495522,True,True,True,False
662868cec49d099e7297,representation,representation_disagreement,1807,2828280285,16,5000,0.4,0.05,rbf,median,anytime,bonferroni,3,2,False,B_BETTER,272,True,False,False,0.00017925002612173557,0.4,0.6620856821127259,True,True,True,False
e1e4d0d2bbf028588fd0,representation,representation_disagreement,1808,349290703,16,5000,0.4,0.05,rbf,median,anytime,bonferroni,3,2,False,B_BETTER,240,True,False,False,0.000175250053871423,0.4,0.6989114228795754,True,True,True,False
a2f4ae1b98f73bd3a6b6,representation,representation_disagreement,1809,3643468100,16,5000,0.4,0.05,rbf,median,anytime,bonferroni,3,2,False,B_BETTER,224,True,False,False,0.00017529097385704517,0.4,0.7200353639175696,True,True,True,False
acd4daa720c3fa138a8c,representation,representation_disagreement,1810,3099098827,16,5000,0.4,0.05,rbf,median,anytime,bonferroni,3,2,False,B_BETTER,272,True,False,False,0.0001764170010574162,0.4,0.6620856821127258,True,True,True,False
330fbcfe352a0c572d29,representation,representation_disagreement,1811,2442842860,16,5000,0.4,0.05,rbf,median,anytime,bonferroni,3,2,False,B_BETTER,208,True,False,False,0.0001745420158840716,0.4,0.7434004973451923,True,True,True,False
a30143a560cb4b73fd58,representation,representation_disagreement,1812,1039768521,16,5000,0.4,0.05,rbf,median,anytime,bonferroni,3,2,False,B_BETTER,240,True,False,False,0.0001782080507837236,0.4,0.6989114228795754,True,True,True,False
07f138a27cdd001c7b78,representation,representation_disagreement,1813,750605249,16,5000,0.4,0.05,rbf,median,anytime,bonferroni,3,2,False,B_BETTER,224,True,False,False,0.0001753329997882247,0.4,0.7200353639175696,True,True,True,False
0b9d0e463d92fc7f23c3,representation,representation_disagreement,1814,1987202320,16,5000,0.4,0.05,rbf,median,anytime,bonferroni,3,2,False,B_BETTER,224,True,False,False,0.00017566699534654617,0.4,0.7200353639175696,True,True,True,False
89619f370b1a4cb92eef,representation,representation_disagreement,1815,1725485301,16,5000,0.4,0.05,rbf,median,anytime,bonferroni,3,2,False,B_BETTER,224,True,False,False,0.00017499999376013875,0.4,0.7200353639175696,True,True,True,False
3bb5deca98796f5ec668,representation,representation_disagreement,1816,4282210438,16,5000,0.4,0.05,rbf,median,anytime,bonferroni,3,2,False,B_BETTER,336,True,False,False,0.00017962499987334013,0.4,0.60407492330224,True,True,True,False
7c16321572a2043cf9c0,representation,representation_disagreement,1817,3505193220,16,5000,0.4,0.05,rbf,median,anytime,bonferroni,3,2,False,B_BETTER,240,True,False,False,0.000175916007719934,0.4,0.6989114228795754,True,True,True,False
3a6f079e88c8ab69e17e,representation,representation_disagreement,1818,478238843,16,5000,0.4,0.05,rbf,median,anytime,bonferroni,3,2,False,B_BETTER,272,True,False,False,0.00017820799257606268,0.4,0.6620856821127258,True,True,True,False
69bfb3ee91960fb014ed,representation,representation_disagreement,1819,1807185952,16,5000,0.4,0.05,rbf,median,anytime,bonferroni,3,2,False,B_BETTER,256,True,False,False,0.00017687497893348336,0.4,0.6796858875495522,True,True,True,False
e2b23645c907e2ee7063,representation,representation_disagreement,1820,3541080685,16,5000,0.4,0.05,rbf,median,anytime,bonferroni,3,2,False,B_BETTER,272,True,False,False,0.0001770419767126441,0.4,0.6620856821127258,True,True,True,False
3c9d578c6942ff8e4101,representation,representation_disagreement,1821,1137480548,16,5000,0.4,0.05,rbf,median,anytime,bonferroni,3,2,False,B_BETTER,288,True,False,False,0.00017850002041086555,0.4,0.6458901399180805,True,True,True,False
a0e4b8110c3c27428622,representation,representation_disagreement,1822,1520380246,16,5000,0.4,0.05,rbf,median,anytime,bonferroni,3,2,False,B_BETTER,304,True,False,False,0.00018512498354539275,0.4,0.6309186896508341,True,True,True,False
0cbc48e174f1c93c7633,representation,representation_disagreement,1823,3707583297,16,5000,0.4,0.05,rbf,median,anytime,bonferroni,3,2,False,B_BETTER,272,True,False,False,0.00020658300491049886,0.4,0.6620856821127257,True,True,True,False
711295cac7a9daae36ec,representation,representation_disagreement,1824,1662008078,16,5000,0.4,0.05,rbf,median,anytime,bonferroni,3,2,False,B_BETTER,288,True,False,False,0.00020608300110325217,0.4,0.6458901399180805,True,True,True,False
af5c6797e1e970d70ef2,representation,representation_disagreement,1825,3905434634,16,5000,0.4,0.05,rbf,median,anytime,bonferroni,3,2,False,B_BETTER,224,True,False,False,0.0002042090054601431,0.4,0.7200353639175696,True,True,True,False
af0c3e46629c1669f574,representation,representation_disagreement,1826,435143417,16,5000,0.4,0.05,rbf,median,anytime,bonferroni,3,2,False,B_BETTER,224,True,False,False,0.00020325003424659371,0.4,0.7200353639175696,True,True,True,False
cc76bac7ef5b6c0203bc,representation,representation_disagreement,1827,2749847089,16,5000,0.4,0.05,rbf,median,anytime,bonferroni,3,2,False,B_BETTER,272,True,False,False,0.0002055000513792038,0.4,0.6620856821127259,True,True,True,False
52d8e65cd403af569fca,representation,representation_disagreement,1828,3248629039,16,5000,0.4,0.05,rbf,median,anytime,bonferroni,3,2,False,B_BETTER,224,True,False,False,0.00020341697381809354,0.4,0.7200353639175696,True,True,True,False
95361e840fed374a5690,representation,representation_disagreement,1829,504387283,16,5000,0.4,0.05,rbf,median,anytime,bonferroni,3,2,False,B_BETTER,288,True,False,False,0.00022029195679351687,0.4,0.6458901399180805,True,True,True,False
f80cbf510facd49c72a4,representation,representation_disagreement,1830,2212632444,16,5000,0.4,0.05,rbf,median,anytime,bonferroni,3,2,False,B_BETTER,224,True,False,False,0.0002174999681301415,0.4,0.7200353639175696,True,True,True,False
44521956f7594db20be6,representation,representation_disagreement,1831,2985117233,16,5000,0.4,0.05,rbf,median,anytime,bonferroni,3,2,False,B_BETTER,240,True,False,False,0.0002169160288758576,0.4,0.6989114228795754,True,True,True,False
32f26d5384740bbe4c8e,representation,representation_disagreement,1832,3962537759,16,5000,0.4,0.05,rbf,median,anytime,bonferroni,3,2,False,B_BETTER,336,True,False,False,0.00020770903211086988,0.4,0.60407492330224,True,True,True,False
6b4adc841450679f74e2,representation,representation_disagreement,1833,2907352234,16,5000,0.4,0.05,rbf,median,anytime,bonferroni,3,2,False,B_BETTER,272,True,False,False,0.00020516698714345694,0.4,0.6620856821127258,True,True,True,False
809740549764695dcb37,representation,representation_disagreement,1834,4272048693,16,5000,0.4,0.05,rbf,median,anytime,bonferroni,3,2,False,B_BETTER,288,True,False,False,0.00020612496882677078,0.4,0.6458901399180805,True,True,True,False
1ebc08a19219f77db4f1,representation,representation_disagreement,1835,1993221254,16,5000,0.4,0.05,rbf,median,anytime,bonferroni,3,2,False,B_BETTER,240,True,False,False,0.00020441599190235138,0.4,0.6989114228795754,True,True,True,False
b185aa059e550b3d54db,representation,representation_disagreement,1836,3731197656,16,5000,0.4,0.05,rbf,median,anytime,bonferroni,3,2,False,B_BETTER,256,True,False,False,0.00020470801973715425,0.4,0.6796858875495522,True,True,True,False
b405403af5ae4e1b092e,representation,representation_disagreement,1837,3965042288,16,5000,0.4,0.05,rbf,median,anytime,bonferroni,3,2,False,B_BETTER,256,True,False,False,0.00020429102005437016,0.4,0.6796858875495522,True,True,True,False
582557e66aae6c489390,representation,representation_disagreement,1838,2678135982,16,5000,0.4,0.05,rbf,median,anytime,bonferroni,3,2,False,B_BETTER,256,True,False,False,0.00020483299158513546,0.4,0.6796858875495522,True,True,True,False
1cb18839a1fd8dfc01f2,representation,representation_disagreement,1839,849166289,16,5000,0.4,0.05,rbf,median,anytime,bonferroni,3,2,False,B_BETTER,224,True,False,False,0.0002032080083154142,0.4,0.7200353639175696,True,True,True,False
1a93ef69766294d5e818,representation,representation_disagreement,1840,3917730782,16,5000,0.4,0.05,rbf,median,anytime,bonferroni,3,2,False,B_BETTER,288,True,False,False,0.0002068749745376408,0.4,0.6458901399180805,True,True,True,False
2af11bd1faddf6d3a34e,representation,representation_disagreement,1841,3825344581,16,5000,0.4,0.05,rbf,median,anytime,bonferroni,3,2,False,B_BETTER,304,True,False,False,0.00020637497073039412,0.4,0.6309186896508341,True,True,True,False
c17f9a0a819ac5dd2f10,representation,representation_disagreement,1842,1558154991,16,5000,0.4,0.05,rbf,median,anytime,bonferroni,3,2,False,B_BETTER,256,True,False,False,0.0002044999855570495,0.4,0.6796858875495522,True,True,True,False
72024539d49bfe1e0d2a,representation,representation_disagreement,1843,2363883054,16,5000,0.4,0.05,rbf,median,anytime,bonferroni,3,2,False,B_BETTER,288,True,False,False,0.00020370795391499996,0.4,0.6458901399180805,True,True,True,False
97e210648263a0f9d1f1,representation,representation_disagreement,1844,1421762287,16,5000,0.4,0.05,rbf,median,anytime,bonferroni,3,2,False,B_BETTER,224,True,False,False,0.0002032499760389328,0.4,0.7200353639175696,True,True,True,False
71c142060e2b7fc373c6,representation,representation_disagreement,1845,218978077,16,5000,0.4,0.05,rbf,median,anytime,bonferroni,3,2,False,B_BETTER,240,True,False,False,0.00020479201339185238,0.4,0.6989114228795754,True,True,True,False
788fb9fb8dcbab5b59bf,representation,representation_disagreement,1846,2625143841,16,5000,0.4,0.05,rbf,median,anytime,bonferroni,3,2,False,B_BETTER,288,True,False,False,0.0002067919704131782,0.4,0.6458901399180805,True,True,True,False
bd6e2c39e5540b318fc2,representation,representation_disagreement,1847,3691938603,16,5000,0.4,0.05,rbf,median,anytime,bonferroni,3,2,False,B_BETTER,176,True,False,False,0.0002009579911828041,0.4,0.7987351700636656,True,True,True,False
45b138ff42f3a6c5702d,representation,representation_disagreement,1848,1445737071,16,5000,0.4,0.05,rbf,median,anytime,bonferroni,3,2,False,B_BETTER,256,True,False,False,0.0002051249612122774,0.4,0.6796858875495522,True,True,True,False
2951a6f67f11f4eea718,representation,representation_disagreement,1849,791732798,16,5000,0.4,0.05,rbf,median,anytime,bonferroni,3,2,False,B_BETTER,224,True,False,False,0.00020337494788691401,0.4,0.7200353639175696,True,True,True,False
d180f4286db30a9864b4,representation,representation_disagreement,1850,3652278277,16,5000,0.4,0.05,rbf,median,anytime,bonferroni,3,2,False,B_BETTER,272,True,False,False,0.00020466698333621025,0.4,0.6620856821127258,True,True,True,False
214a0c0ba64636a17f90,representation,representation_disagreement,1851,60963019,16,5000,0.4,0.05,rbf,median,anytime,bonferroni,3,2,False,B_BETTER,240,True,False,False,0.00020408298587426543,0.4,0.6989114228795754,True,True,True,False
a89d6649e14d592619ea,representation,representation_disagreement,1852,1112355757,16,5000,0.4,0.05,rbf,median,anytime,bonferroni,3,2,False,B_BETTER,256,True,False,False,0.00020466698333621025,0.4,0.6796858875495522,True,True,True,False
465afd634454fe16d84a,representation,representation_disagreement,1853,1987323072,16,5000,0.4,0.05,rbf,median,anytime,bonferroni,3,2,False,B_BETTER,208,True,False,False,0.00020129099721089005,0.4,0.7434004973451922,True,True,True,False
ec15e2491fa8507c5faa,representation,representation_disagreement,1854,1150553872,16,5000,0.4,0.05,rbf,median,anytime,bonferroni,3,2,False,B_BETTER,208,True,False,False,0.00020566699095070362,0.4,0.7434004973451923,True,True,True,False
775b6454680cca80f6d8,representation,representation_disagreement,1855,2490259155,16,5000,0.4,0.05,rbf,median,anytime,bonferroni,3,2,False,B_BETTER,224,True,False,False,0.00020208401838317513,0.4,0.7200353639175696,True,True,True,False
92a76e1a6435085b1c5a,representation,representation_disagreement,1856,2660567914,16,5000,0.4,0.05,rbf,median,anytime,bonferroni,3,2,False,B_BETTER,224,True,False,False,0.00020312500419095159,0.4,0.7200353639175696,True,True,True,False
7461c7367e894e4212d1,representation,representation_disagreement,1857,2599625450,16,5000,0.4,0.05,rbf,median,anytime,bonferroni,3,2,False,B_BETTER,224,True,False,False,0.0002031670301221311,0.4,0.7200353639175696,True,True,True,False
6a277891ef1f4c711dd2,representation,representation_disagreement,1858,2315771962,16,5000,0.4,0.05,rbf,median,anytime,bonferroni,3,2,False,B_BETTER,240,True,False,False,0.00020345795201137662,0.4,0.6989114228795754,True,True,True,False
45e3f6da65f7aea58688,representation,representation_disagreement,1859,1260933197,16,5000,0.4,0.05,rbf,median,anytime,bonferroni,3,2,False,B_BETTER,304,True,False,False,0.00020795798627659678,0.4,0.6309186896508341,True,True,True,False
f6d058d6806ea11c4b6d,representation,representation_disagreement,1860,3579213599,16,5000,0.4,0.05,rbf,median,anytime,bonferroni,3,2,False,B_BETTER,272,True,False,False,0.00020566699095070362,0.4,0.6620856821127258,True,True,True,False
3f65cecea2fae922d8df,representation,representation_disagreement,1861,3160938821,16,5000,0.4,0.05,rbf,median,anytime,bonferroni,3,2,False,B_BETTER,304,True,False,False,0.00020662503084167838,0.4,0.6309186896508341,True,True,True,False
0d0fcb35c52df9044528,representation,representation_disagreement,1862,1474743465,16,5000,0.4,0.05,rbf,median,anytime,bonferroni,3,2,False,B_BETTER,272,True,False,False,0.0002062499988824129,0.4,0.6620856821127257,True,True,True,False
a5fbb17775d6fd786bb7,representation,representation_disagreement,1863,3542702387,16,5000,0.4,0.05,rbf,median,anytime,bonferroni,3,2,False,B_BETTER,192,True,False,False,0.00020245800260454416,0.4,0.7694441991638782,True,True,True,False
581e2b3ac42ede7b2117,representation,representation_disagreement,1864,262772663,16,5000,0.4,0.05,rbf,median,anytime,bonferroni,3,2,False,B_BETTER,256,True,False,False,0.00020554097136482596,0.4,0.6796858875495522,True,True,True,False
0d8d499ee19361a3d4b6,representation,representation_disagreement,1865,2106774153,16,5000,0.4,0.05,rbf,median,anytime,bonferroni,3,2,False,B_BETTER,240,True,False,False,0.00020670797675848007,0.4,0.6989114228795754,True,True,True,False
d74453b6fac056b13264,representation,representation_disagreement,1866,3184876731,16,5000,0.4,0.05,rbf,median,anytime,bonferroni,3,2,False,B_BETTER,224,True,False,False,0.00020408304408192635,0.4,0.7200353639175696,True,True,True,False
76cc6d072292164841b0,representation,representation_disagreement,1867,3175969631,16,5000,0.4,0.05,rbf,median,anytime,bonferroni,3,2,False,B_BETTER,288,True,False,False,0.00020666600903496146,0.4,0.6458901399180805,True,True,True,False
8886768ba1ff662e9e5e,representation,representation_disagreement,1868,1018007115,16,5000,0.4,0.05,rbf,median,anytime,bonferroni,3,2,False,B_BETTER,288,True,False,False,0.00020591600332409143,0.4,0.6458901399180805,True,True,True,False
b30062da25b1252fd031,representation,representation_disagreement,1869,2877788503,16,5000,0.4,0.05,rbf,median,anytime,bonferroni,3,2,False,B_BETTER,208,True,False,False,0.0002033329801633954,0.4,0.7434004973451923,True,True,True,False
59917e96e51f97ee5e14,representation,representation_disagreement,1870,2925201989,16,5000,0.4,0.05,rbf,median,anytime,bonferroni,3,2,False,B_BETTER,208,True,False,False,0.00020395801402628422,0.4,0.7434004973451924,True,True,True,False
689e882e17368b6e2142,representation,representation_disagreement,1871,3520255703,16,5000,0.4,0.05,rbf,median,anytime,bonferroni,3,2,False,B_BETTER,208,True,False,False,0.0002027080045081675,0.4,0.7434004973451923,True,True,True,False
95bc4562ccafa952b1dd,representation,representation_disagreement,1872,4228319871,16,5000,0.4,0.05,rbf,median,anytime,bonferroni,3,2,False,B_BETTER,272,True,False,False,0.00020700000459328294,0.4,0.6620856821127259,True,True,True,False
946d309ab79545b8b858,representation,representation_disagreement,1873,1878213105,16,5000,0.4,0.05,rbf,median,anytime,bonferroni,3,2,False,B_BETTER,224,True,False,False,0.00020445900736376643,0.4,0.7200353639175696,True,True,True,False
ba358825877afe1d821b,representation,representation_disagreement,1874,3128336589,16,5000,0.4,0.05,rbf,median,anytime,bonferroni,3,2,False,B_BETTER,256,True,False,False,0.00020549999317154288,0.4,0.6796858875495522,True,True,True,False
db20b0e095f6baba4a34,representation,representation_disagreement,1875,2762230876,16,5000,0.4,0.05,rbf,median,anytime,bonferroni,3,2,False,B_BETTER,272,True,False,False,0.0002045410219579935,0.4,0.6620856821127257,True,True,True,False
079daa6164f28595d3ff,representation,representation_disagreement,1876,3388352592,16,5000,0.4,0.05,rbf,median,anytime,bonferroni,3,2,False,B_BETTER,272,True,False,False,0.00017675000708550215,0.4,0.6620856821127258,True,True,True,False
f8b88dce3b2e5e833c69,representation,representation_disagreement,1877,3657107742,16,5000,0.4,0.05,rbf,median,anytime,bonferroni,3,2,False,B_BETTER,272,True,False,False,0.00017816695617511868,0.4,0.6620856821127259,True,True,True,False
099af18cf205d68b7fec,representation,representation_disagreement,1878,1105516069,16,5000,0.4,0.05,rbf,median,anytime,bonferroni,3,2,False,B_BETTER,256,True,False,False,0.00017720897449180484,0.4,0.6796858875495522,True,True,True,False
d6735f7c12ddb97a2bfc,representation,representation_disagreement,1879,2689649330,16,5000,0.4,0.05,rbf,median,anytime,bonferroni,3,2,False,B_BETTER,224,True,False,False,0.00017429102445021272,0.4,0.7200353639175696,True,True,True,False
a8f7d8cb8f45f5d5599e,representation,representation_disagreement,1880,2338629795,16,5000,0.4,0.05,rbf,median,anytime,bonferroni,3,2,False,B_BETTER,240,True,False,False,0.00017620797734707594,0.4,0.6989114228795754,True,True,True,False
08859c4656b1752204ec,representation,representation_disagreement,1881,30111861,16,5000,0.4,0.05,rbf,median,anytime,bonferroni,3,2,False,B_BETTER,224,True,False,False,0.00017591699725016952,0.4,0.7200353639175696,True,True,True,False
c08a941ac4327ffafd9b,representation,representation_disagreement,1882,4268141902,16,5000,0.4,0.05,rbf,median,anytime,bonferroni,3,2,False,B_BETTER,256,True,False,False,0.00017729098908603191,0.4,0.6796858875495522,True,True,True,False
ac251aaef56804859b0a,representation,representation_disagreement,1883,2379307798,16,5000,0.4,0.05,rbf,median,anytime,bonferroni,3,2,False,B_BETTER,224,True,False,False,0.00017558399122208357,0.4,0.7200353639175696,True,True,True,False
d0934a50d53570009957,representation,representation_disagreement,1884,2549470930,16,5000,0.4,0.05,rbf,median,anytime,bonferroni,3,2,False,B_BETTER,272,True,False,False,0.00017716694856062531,0.4,0.6620856821127258,True,True,True,False
48183bce959ffca228b3,representation,representation_disagreement,1885,3348429909,16,5000,0.4,0.05,rbf,median,anytime,bonferroni,3,2,False,B_BETTER,224,True,False,False,0.00017512502381578088,0.4,0.7200353639175696,True,True,True,False
f529f5842bad38669973,representation,representation_disagreement,1886,2449800317,16,5000,0.4,0.05,rbf,median,anytime,bonferroni,3,2,False,B_BETTER,288,True,False,False,0.000178125046659261,0.4,0.6458901399180805,True,True,True,False
cfc3a1ef85600179ddb7,representation,representation_disagreement,1887,2702975288,16,5000,0.4,0.05,rbf,median,anytime,bonferroni,3,2,False,B_BETTER,240,True,False,False,0.00017620902508497238,0.4,0.6989114228795754,True,True,True,False
55bd6416a21a66edf1b7,representation,representation_disagreement,1888,1341055235,16,5000,0.4,0.05,rbf,median,anytime,bonferroni,3,2,False,B_BETTER,240,True,False,False,0.00017612503143027425,0.4,0.6989114228795754,True,True,True,False
c3eef5a36219d7b06221,representation,representation_disagreement,1889,2234989127,16,5000,0.4,0.05,rbf,median,anytime,bonferroni,3,2,False,B_BETTER,240,True,False,False,0.0001758750295266509,0.4,0.6989114228795754,True,True,True,False
1df55122a93174799aa4,representation,representation_disagreement,1890,2558384273,16,5000,0.4,0.05,rbf,median,anytime,bonferroni,3,2,False,B_BETTER,256,True,False,False,0.00017620902508497238,0.4,0.6796858875495522,True,True,True,False
c8f6243954e85488054b,representation,representation_disagreement,1891,1422257103,16,5000,0.4,0.05,rbf,median,anytime,bonferroni,3,2,False,B_BETTER,256,True,False,False,0.0001765830093063414,0.4,0.6796858875495522,True,True,True,False
4d3c3d76bd66c64fdebd,representation,representation_disagreement,1892,3564999432,16,5000,0.4,0.05,rbf,median,anytime,bonferroni,3,2,False,B_BETTER,224,True,False,False,0.0001764589687809348,0.4,0.7200353639175696,True,True,True,False
2bd6b5f54761ca58ff84,representation,representation_disagreement,1893,2436100142,16,5000,0.4,0.05,rbf,median,anytime,bonferroni,3,2,False,B_BETTER,272,True,False,False,0.0001765830093063414,0.4,0.6620856821127257,True,True,True,False
b2fb00010101d6e44237,representation,representation_disagreement,1894,3166807604,16,5000,0.4,0.05,rbf,median,anytime,bonferroni,3,2,False,B_BETTER,288,True,False,False,0.00017716595903038979,0.4,0.6458901399180805,True,True,True,False
f1c6974ccec112b789a4,representation,representation_disagreement,1895,2736030177,16,5000,0.4,0.05,rbf,median,anytime,bonferroni,3,2,False,B_BETTER,256,True,False,False,0.0001770830131135881,0.4,0.6796858875495522,True,True,True,False
75bb77eb9e300de2e1d2,representation,representation_disagreement,1896,3672424160,16,5000,0.4,0.05,rbf,median,anytime,bonferroni,3,2,False,B_BETTER,224,True,False,False,0.00017670897068455815,0.4,0.7200353639175696,True,True,True,False
48ef1ec78b7f8b5a34c4,representation,representation_disagreement,1897,4079510459,16,5000,0.4,0.05,rbf,median,anytime,bonferroni,3,2,False,B_BETTER,256,True,False,False,0.00017537502571940422,0.4,0.6796858875495522,True,True,True,False
6318d8d4db3b1ce17be8,representation,representation_disagreement,1898,3429319807,16,5000,0.4,0.05,rbf,median,anytime,bonferroni,3,2,False,B_BETTER,224,True,False,False,0.0001758339931257069,0.4,0.7200353639175696,True,True,True,False
e5571d090c17156166c7,representation,representation_disagreement,1899,1482484778,16,5000,0.4,0.05,rbf,median,anytime,bonferroni,3,2,False,B_BETTER,240,True,False,False,0.00017558300169184804,0.4,0.6989114228795754,True,True,True,False
f06d5ddbafcd27f1d604,representation,representation_disagreement,1900,1921913748,16,5000,0.4,0.05,rbf,median,anytime,bonferroni,3,2,False,B_BETTER,272,True,False,False,0.00017791701247915626,0.4,0.6620856821127258,True,True,True,False
9f5f5074743537776f39,representation,representation_disagreement,1901,280466325,16,5000,0.4,0.05,rbf,median,anytime,bonferroni,3,2,False,B_BETTER,272,True,False,False,0.0001764999469742179,0.4,0.6620856821127258,True,True,True,False
c0c5e79e1a5b26aa3eef,representation,representation_disagreement,1902,3121220428,16,5000,0.4,0.05,rbf,median,anytime,bonferroni,3,2,False,B_BETTER,256,True,False,False,0.00017816596664488316,0.4,0.6796858875495522,True,True,True,False
964e6e211008669c2c9d,representation,representation_disagreement,1903,2539305272,16,5000,0.4,0.05,rbf,median,anytime,bonferroni,3,2,False,B_BETTER,256,True,False,False,0.0001765000051818788,0.4,0.6796858875495522,True,True,True,False
a64a2efd9cae5fa920ff,representation,representation_disagreement,1904,4024200376,16,5000,0.4,0.05,rbf,median,anytime,bonferroni,3,2,False,B_BETTER,240,True,False,False,0.00017554097576066852,0.4,0.6989114228795754,True,True,True,False
f6e71c66f19021f53dcb,representation,representation_disagreement,1905,1717274372,16,5000,0.4,0.05,rbf,median,anytime,bonferroni,3,2,False,B_BETTER,256,True,False,False,0.00017754099098965526,0.4,0.6796858875495522,True,True,True,False
cc3cdc91dc4f4c623c37,representation,representation_disagreement,1906,3751030460,16,5000,0.4,0.05,rbf,median,anytime,bonferroni,3,2,False,B_BETTER,256,True,False,False,0.00017658399883657694,0.4,0.6796858875495522,True,True,True,False
bf36929a4e1b0526a74a,representation,representation_disagreement,1907,3199185699,16,5000,0.4,0.05,rbf,median,anytime,bonferroni,3,2,False,B_BETTER,256,True,False,False,0.00017670803936198354,0.4,0.6796858875495522,True,True,True,False
f390b073dba790105223,representation,representation_disagreement,1908,98566851,16,5000,0.4,0.05,rbf,median,anytime,bonferroni,3,2,False,B_BETTER,256,True,False,False,0.00017600000137463212,0.4,0.6796858875495522,True,True,True,False
485385ec0a1bb9fab1a8,representation,representation_disagreement,1909,3608750603,16,5000,0.4,0.05,rbf,median,anytime,bonferroni,3,2,False,B_BETTER,304,True,False,False,0.0001787919900380075,0.4,0.6309186896508341,True,True,True,False
a0bc4890e8a92d8196e7,representation,representation_disagreement,1910,960861391,16,5000,0.4,0.05,rbf,median,anytime,bonferroni,3,2,False,B_BETTER,240,True,False,False,0.00017658399883657694,0.4,0.6989114228795754,True,True,True,False
b7b7b722614cdc6f3790,representation,representation_disagreement,1911,3377674,16,5000,0.4,0.05,rbf,median,anytime,bonferroni,3,2,False,B_BETTER,272,True,False,False,0.0001783330226317048,0.4,0.6620856821127258,True,True,True,False
6ca6aedb6d19174eb795,representation,representation_disagreement,1912,2751812948,16,5000,0.4,0.05,rbf,median,anytime,bonferroni,3,2,False,B_BETTER,288,True,False,False,0.00017758301692083478,0.4,0.6458901399180805,True,True,True,False
7c8cd89e973beab57979,representation,representation_disagreement,1913,2246402672,16,5000,0.4,0.05,rbf,median,anytime,bonferroni,3,2,False,B_BETTER,256,True,False,False,0.00017604202730581164,0.4,0.6796858875495522,True,True,True,False
7d168fd3ebd2f594673e,representation,representation_disagreement,1914,3935049029,16,5000,0.4,0.05,rbf,median,anytime,bonferroni,3,2,False,B_BETTER,256,True,False,False,0.00017625000327825546,0.4,0.6796858875495522,True,True,True,False
c99c48fd9298c3d66b28,representation,representation_disagreement,1915,921436965,16,5000,0.4,0.05,rbf,median,anytime,bonferroni,3,2,False,B_BETTER,240,True,False,False,0.0001757090212777257,0.4,0.6989114228795754,True,True,True,False
1af7719f4d0876c67365,representation,representation_disagreement,1916,3099105911,16,5000,0.4,0.05,rbf,median,anytime,bonferroni,3,2,False,B_BETTER,224,True,False,False,0.00035454099997878075,0.4,0.7200353639175696,True,True,True,False
13522148521961f1d045,representation,representation_disagreement,1917,4245565437,16,5000,0.4,0.05,rbf,median,anytime,bonferroni,3,2,False,B_BETTER,272,True,False,False,0.00030929100466892123,0.4,0.6620856821127259,True,True,True,False
e13e9af6ad6d30e14292,representation,representation_disagreement,1918,487035997,16,5000,0.4,0.05,rbf,median,anytime,bonferroni,3,2,False,B_BETTER,240,True,False,False,0.0002882090047933161,0.4,0.6989114228795754,True,True,True,False
c57d1e646cb589456164,representation,representation_disagreement,1919,3662585522,16,5000,0.4,0.05,rbf,median,anytime,bonferroni,3,2,False,B_BETTER,240,True,False,False,0.00027533300453796983,0.4,0.6989114228795754,True,True,True,False
1f647c2a203957d1c498,representation,representation_disagreement,1920,957069555,16,5000,0.4,0.05,rbf,median,anytime,bonferroni,3,2,False,B_BETTER,336,True,False,False,0.0002899579703807831,0.4,0.60407492330224,True,True,True,False
0fa66faa7674351d63ad,representation,representation_disagreement,1921,2261779378,16,5000,0.4,0.05,rbf,median,anytime,bonferroni,3,2,False,B_BETTER,288,True,False,False,0.000245416013058275,0.4,0.6458901399180805,True,True,True,False
8da3646e7b7efbd649ca,representation,representation_disagreement,1922,2900960799,16,5000,0.4,0.05,rbf,median,anytime,bonferroni,3,2,False,B_BETTER,272,True,False,False,0.0002476670197211206,0.4,0.6620856821127258,True,True,True,False
c03b72e62ee15447f963,representation,representation_disagreement,1923,1021217320,16,5000,0.4,0.05,rbf,median,anytime,bonferroni,3,2,False,B_BETTER,240,True,False,False,0.0002376670017838478,0.4,0.6989114228795754,True,True,True,False
67b9318de01cac635de0,representation,representation_disagreement,1924,2484876125,16,5000,0.4,0.05,rbf,median,anytime,bonferroni,3,2,False,B_BETTER,320,True,False,False,0.00024199998006224632,0.4,0.6170219115444305,True,True,True,False
504f17240e96840cbde2,representation,representation_disagreement,1925,2693850602,16,5000,0.4,0.05,rbf,median,anytime,bonferroni,3,2,False,B_BETTER,272,True,False,False,0.0002400000230409205,0.4,0.6620856821127259,True,True,True,False
24665604ff45dfb45aa3,representation,representation_disagreement,1926,570141094,16,5000,0.4,0.05,rbf,median,anytime,bonferroni,3,2,False,B_BETTER,240,True,False,False,0.00023895897902548313,0.4,0.6989114228795754,True,True,True,False
2e279a15af717c424789,representation,representation_disagreement,1927,3140582983,16,5000,0.4,0.05,rbf,median,anytime,bonferroni,3,2,False,B_BETTER,256,True,False,False,0.00018575001740828156,0.4,0.6796858875495522,True,True,True,False
6e132bbc14e515a6bd75,representation,representation_disagreement,1928,702704421,16,5000,0.4,0.05,rbf,median,anytime,bonferroni,3,2,False,B_BETTER,224,True,False,False,0.00017995800590142608,0.4,0.7200353639175696,True,True,True,False
cfdde26ef42e3ba0488a,representation,representation_disagreement,1929,647947493,16,5000,0.4,0.05,rbf,median,anytime,bonferroni,3,2,False,B_BETTER,224,True,False,False,0.00017837504856288433,0.4,0.7200353639175696,True,True,True,False
12650a4a913363998120,representation,representation_disagreement,1930,1917206641,16,5000,0.4,0.05,rbf,median,anytime,bonferroni,3,2,False,B_BETTER,224,True,False,False,0.00017866701819002628,0.4,0.7200353639175696,True,True,True,False
32174cd9a6d8e33be331,representation,representation_disagreement,1931,3185411209,16,5000,0.4,0.05,rbf,median,anytime,bonferroni,3,2,False,B_BETTER,288,True,False,False,0.00020220899023115635,0.4,0.6458901399180805,True,True,True,False
c63f1f83b16934c8d298,representation,representation_disagreement,1932,2189349481,16,5000,0.4,0.05,rbf,median,anytime,bonferroni,3,2,False,B_BETTER,240,True,False,False,0.00020391697762534022,0.4,0.6989114228795754,True,True,True,False
67712ef204814079e457,representation,representation_disagreement,1933,2334616220,16,5000,0.4,0.05,rbf,median,anytime,bonferroni,3,2,False,B_BETTER,272,True,False,False,0.00021487497724592686,0.4,0.6620856821127258,True,True,True,False
f1087f78ae1a3dd805cf,representation,representation_disagreement,1934,3142454773,16,5000,0.4,0.05,rbf,median,anytime,bonferroni,3,2,False,B_BETTER,272,True,False,False,0.00022029195679351687,0.4,0.6620856821127258,True,True,True,False
41de7b5f29088a254950,representation,representation_disagreement,1935,315861592,16,5000,0.4,0.05,rbf,median,anytime,bonferroni,3,2,False,B_BETTER,256,True,False,False,0.0002132920199073851,0.4,0.6796858875495522,True,True,True,False
07b8eaf6a9799d0799df,representation,representation_disagreement,1936,1751267400,16,5000,0.4,0.05,rbf,median,anytime,bonferroni,3,2,False,B_BETTER,256,True,False,False,0.00020437495550140738,0.4,0.6796858875495522,True,True,True,False
b4f4dc184dd4584ab578,representation,representation_disagreement,1937,1250424174,16,5000,0.4,0.05,rbf,median,anytime,bonferroni,3,2,False,B_BETTER,288,True,False,False,0.00020679202862083912,0.4,0.6458901399180805,True,True,True,False
5b7c6f4b6e086fbd4600,representation,representation_disagreement,1938,2862212083,16,5000,0.4,0.05,rbf,median,anytime,bonferroni,3,2,False,B_BETTER,272,True,False,False,0.00020416697952896357,0.4,0.6620856821127257,True,True,True,False
0dc8902115f91636c59c,representation,representation_disagreement,1939,2044653089,16,5000,0.4,0.05,rbf,median,anytime,bonferroni,3,2,False,B_BETTER,256,True,False,False,0.00020412501180544496,0.4,0.6796858875495522,True,True,True,False
9ff1d6dbd91ed4e65178,representation,representation_disagreement,1940,2124760118,16,5000,0.4,0.05,rbf,median,anytime,bonferroni,3,2,False,B_BETTER,256,True,False,False,0.00020349997794255614,0.4,0.6796858875495522,True,True,True,False
d2fb2e96585902e8bded,representation,representation_disagreement,1941,560965817,16,5000,0.4,0.05,rbf,median,anytime,bonferroni,3,2,False,B_BETTER,192,True,False,False,0.00020108296303078532,0.4,0.7694441991638783,True,True,True,False
f6227c77d652579479c1,representation,representation_disagreement,1942,2905760814,16,5000,0.4,0.05,rbf,median,anytime,bonferroni,3,2,False,B_BETTER,256,True,False,False,0.00020416604820638895,0.4,0.6796858875495522,True,True,True,False
0bd99d48598995eb661c,representation,representation_disagreement,1943,3760203229,16,5000,0.4,0.05,rbf,median,anytime,bonferroni,3,2,False,B_BETTER,288,True,False,False,0.0002061250270344317,0.4,0.6458901399180805,True,True,True,False
3a8be24ac5151733370e,representation,representation_disagreement,1944,2387670416,16,5000,0.4,0.05,rbf,median,anytime,bonferroni,3,2,False,B_BETTER,288,True,False,False,0.00020687503274530172,0.4,0.6458901399180805,True,True,True,False
cb90a06ab0227c1af2bc,representation,representation_disagreement,1945,3736205233,16,5000,0.4,0.05,rbf,median,anytime,bonferroni,3,2,False,B_BETTER,304,True,False,False,0.00020641699666157365,0.4,0.6309186896508341,True,True,True,False
6fe748bb59aaf516d038,representation,representation_disagreement,1946,1080535658,16,5000,0.4,0.05,rbf,median,anytime,bonferroni,3,2,False,B_BETTER,224,True,False,False,0.00020283303456380963,0.4,0.7200353639175696,True,True,True,False
60422e36ac07abff3261,representation,representation_disagreement,1947,3722341720,16,5000,0.4,0.05,rbf,median,anytime,bonferroni,3,2,False,B_BETTER,304,True,False,False,0.00020587496692314744,0.4,0.6309186896508341,True,True,True,False
15f23539393b46fe1252,representation,representation_disagreement,1948,608439713,16,5000,0.4,0.05,rbf,median,anytime,bonferroni,3,2,False,B_BETTER,208,True,False,False,0.0002019170206040144,0.4,0.7434004973451922,True,True,True,False
7cf31a0570f552d0adf0,representation,representation_disagreement,1949,2674176195,16,5000,0.4,0.05,rbf,median,anytime,bonferroni,3,2,False,B_BETTER,208,True,False,False,0.00020162505097687244,0.4,0.7434004973451922,True,True,True,False
8df01206ab01bee8f039,representation,representation_disagreement,1950,3578280325,16,5000,0.4,0.05,rbf,median,anytime,bonferroni,3,2,False,B_BETTER,240,True,False,False,0.00020312500419095159,0.4,0.6989114228795754,True,True,True,False
09f8ed62323ed9c64d39,representation,representation_disagreement,1951,2685946566,16,5000,0.4,0.05,rbf,median,anytime,bonferroni,3,2,False,B_BETTER,256,True,False,False,0.0002032499760389328,0.4,0.6796858875495522,True,True,True,False
b6296601a0f489a33a2f,representation,representation_disagreement,1952,733850478,16,5000,0.4,0.05,rbf,median,anytime,bonferroni,3,2,False,B_BETTER,240,True,False,False,0.00020312500419095159,0.4,0.6989114228795754,True,True,True,False
d8544ddbe2c777fdec77,representation,representation_disagreement,1953,757538057,16,5000,0.4,0.05,rbf,median,anytime,bonferroni,3,2,False,B_BETTER,224,True,False,False,0.0002015409991145134,0.4,0.7200353639175696,True,True,True,False
5b3e2f17c0cdee08bf4f,representation,representation_disagreement,1954,1900686407,16,5000,0.4,0.05,rbf,median,anytime,bonferroni,3,2,False,B_BETTER,272,True,False,False,0.00020487501751631498,0.4,0.6620856821127258,True,True,True,False
be8d29c5fdb3f961466a,representation,representation_disagreement,1955,2867875354,16,5000,0.4,0.05,rbf,median,anytime,bonferroni,3,2,False,B_BETTER,288,True,False,False,0.00020487495930865407,0.4,0.6458901399180805,True,True,True,False
3f9a6368c5e948f644b4,representation,representation_disagreement,1956,3796827705,16,5000,0.4,0.05,rbf,median,anytime,bonferroni,3,2,False,B_BETTER,256,True,False,False,0.00020295800641179085,0.4,0.6796858875495522,True,True,True,False
c790cf026025cf21d57a,representation,representation_disagreement,1957,3104013684,16,5000,0.4,0.05,rbf,median,anytime,bonferroni,3,2,False,B_BETTER,224,True,False,False,0.0002056660014204681,0.4,0.7200353639175696,True,True,True,False
941a5322bca945c89dcd,representation,representation_disagreement,1958,4247547654,16,5000,0.4,0.05,rbf,median,anytime,bonferroni,3,2,False,B_BETTER,272,True,False,False,0.00020595797104761004,0.4,0.6620856821127258,True,True,True,False
40a9b7ec92131cc552eb,representation,representation_disagreement,1959,1823065687,16,5000,0.4,0.05,rbf,median,anytime,bonferroni,3,2,False,B_BETTER,272,True,False,False,0.00020537496311590075,0.4,0.6620856821127259,True,True,True,False
5a27e4476ea0e22ab8b5,representation,representation_disagreement,1960,2909568747,16,5000,0.4,0.05,rbf,median,anytime,bonferroni,3,2,False,B_BETTER,256,True,False,False,0.00020637502893805504,0.4,0.6796858875495522,True,True,True,False
523e17f4a6509774f185,representation,representation_disagreement,1961,3271300532,16,5000,0.4,0.05,rbf,median,anytime,bonferroni,3,2,False,B_BETTER,288,True,False,False,0.00020641699666157365,0.4,0.6458901399180805,True,True,True,False
5ddf3b6756e8880eba40,representation,representation_disagreement,1962,604765079,16,5000,0.4,0.05,rbf,median,anytime,bonferroni,3,2,False,B_BETTER,240,True,False,False,0.00020433298777788877,0.4,0.6989114228795754,True,True,True,False
fb7fac2ffdcf71f7e30f,representation,representation_disagreement,1963,3270266659,16,5000,0.4,0.05,rbf,median,anytime,bonferroni,3,2,False,B_BETTER,256,True,False,False,0.00020370801212266088,0.4,0.6796858875495522,True,True,True,False
aad7e01641b70d1672c7,representation,representation_disagreement,1964,4263769139,16,5000,0.4,0.05,rbf,median,anytime,bonferroni,3,2,False,B_BETTER,272,True,False,False,0.0002050829934887588,0.4,0.6620856821127258,True,True,True,False
8a216c49784cdee20ef3,representation,representation_disagreement,1965,315741417,16,5000,0.4,0.05,rbf,median,anytime,bonferroni,3,2,False,B_BETTER,256,True,False,False,0.00020425004186108708,0.4,0.6796858875495522,True,True,True,False
fefb770a854776ea203c,representation,representation_disagreement,1966,122079356,16,5000,0.4,0.05,rbf,median,anytime,bonferroni,3,2,False,B_BETTER,256,True,False,False,0.0002026250003837049,0.4,0.6796858875495522,True,True,True,False
374a49695c445063ed62,representation,representation_disagreement,1967,412423215,16,5000,0.4,0.05,rbf,median,anytime,bonferroni,3,2,False,B_BETTER,256,True,False,False,0.00020291697001084685,0.4,0.6796858875495522,True,True,True,False
e09597f6d865d3aa3379,representation,representation_disagreement,1968,775774034,16,5000,0.4,0.05,rbf,median,anytime,bonferroni,3,2,False,B_BETTER,240,True,False,False,0.00020250002853572369,0.4,0.6989114228795754,True,True,True,False
c214b40b0ec14d6deb7e,representation,representation_disagreement,1969,779621158,16,5000,0.4,0.05,rbf,median,anytime,bonferroni,3,2,False,B_BETTER,288,True,False,False,0.00020566699095070362,0.4,0.6458901399180805,True,True,True,False
3da68b66948977dfaa2b,representation,representation_disagreement,1970,2963515792,16,5000,0.4,0.05,rbf,median,anytime,bonferroni,3,2,False,B_BETTER,272,True,False,False,0.00020474998746067286,0.4,0.6620856821127258,True,True,True,False
d5109d7a53ea827ffdf8,representation,representation_disagreement,1971,2086682017,16,5000,0.4,0.05,rbf,median,anytime,bonferroni,3,2,False,B_BETTER,240,True,False,False,0.0002025830326601863,0.4,0.6989114228795754,True,True,True,False
afc16c2d613a08e9c39c,representation,representation_disagreement,1972,4277155106,16,5000,0.4,0.05,rbf,median,anytime,bonferroni,3,2,False,B_BETTER,256,True,False,False,0.00020366697572171688,0.4,0.6796858875495522,True,True,True,False
f47b0831a40df47cb620,representation,representation_disagreement,1973,4209761623,16,5000,0.4,0.05,rbf,median,anytime,bonferroni,3,2,False,B_BETTER,224,True,False,False,0.0002026250003837049,0.4,0.7200353639175696,True,True,True,False
e62bdab0c6cbf6b32cbb,representation,representation_disagreement,1974,4268977578,16,5000,0.4,0.05,rbf,median,anytime,bonferroni,3,2,False,B_BETTER,240,True,False,False,0.00020312500419095159,0.4,0.6989114228795754,True,True,True,False
73010df8ccd7fc326965,representation,representation_disagreement,1975,3290280177,16,5000,0.4,0.05,rbf,median,anytime,bonferroni,3,2,False,B_BETTER,224,True,False,False,0.00020229199435561895,0.4,0.7200353639175696,True,True,True,False
017883cdeee60219b014,representation,representation_disagreement,1976,2767377373,16,5000,0.4,0.05,rbf,median,anytime,bonferroni,3,2,False,B_BETTER,176,True,False,False,0.00020066701108589768,0.4,0.7987351700636653,True,True,True,False
73143fd02225c138f827,representation,representation_disagreement,1977,3128917631,16,5000,0.4,0.05,rbf,median,anytime,bonferroni,3,2,False,B_BETTER,240,True,False,False,0.00020345801021903753,0.4,0.6989114228795754,True,True,True,False
4f04e4dbe55e6f784626,representation,representation_disagreement,1978,2580678448,16,5000,0.4,0.05,rbf,median,anytime,bonferroni,3,2,False,B_BETTER,240,True,False,False,0.00020341604249551892,0.4,0.6989114228795754,True,True,True,False
08dc8cb610253b7e782e,representation,representation_disagreement,1979,4076285450,16,5000,0.4,0.05,rbf,median,anytime,bonferroni,3,2,False,B_BETTER,240,True,False,False,0.0002038329839706421,0.4,0.6989114228795754,True,True,True,False
b2f69c7b2802fa0136b0,representation,representation_disagreement,1980,7308712,16,5000,0.4,0.05,rbf,median,anytime,bonferroni,3,2,False,B_BETTER,256,True,False,False,0.00020429096184670925,0.4,0.6796858875495522,True,True,True,False
ecda78c4e2725105b564,representation,representation_disagreement,1981,2597931187,16,5000,0.4,0.05,rbf,median,anytime,bonferroni,3,2,False,B_BETTER,240,True,False,False,0.00020283297635614872,0.4,0.6989114228795754,True,True,True,False
a63231d4b4c8bb4475fb,representation,representation_disagreement,1982,254492450,16,5000,0.4,0.05,rbf,median,anytime,bonferroni,3,2,False,B_BETTER,256,True,False,False,0.0002037500380538404,0.4,0.6796858875495522,True,True,True,False
dfaca6cd3fdf895edc21,representation,representation_disagreement,1983,2424617654,16,5000,0.4,0.05,rbf,median,anytime,bonferroni,3,2,False,B_BETTER,256,True,False,False,0.00020416697952896357,0.4,0.6796858875495522,True,True,True,False
b6483bcf13201a47387b,representation,representation_disagreement,1984,2947170403,16,5000,0.4,0.05,rbf,median,anytime,bonferroni,3,2,False,B_BETTER,224,True,False,False,0.0002033329801633954,0.4,0.7200353639175696,True,True,True,False
936056b1db26d4d3af25,representation,representation_disagreement,1985,3463727260,16,5000,0.4,0.05,rbf,median,anytime,bonferroni,3,2,False,B_BETTER,224,True,False,False,0.00020308297825977206,0.4,0.7200353639175696,True,True,True,False
2d329fddec7bbb0e9756,representation,representation_disagreement,1986,3015000950,16,5000,0.4,0.05,rbf,median,anytime,bonferroni,3,2,False,B_BETTER,256,True,False,False,0.00020358298206701875,0.4,0.6796858875495522,True,True,True,False
f075ffcb8096579738aa,representation,representation_disagreement,1987,85242200,16,5000,0.4,0.05,rbf,median,anytime,bonferroni,3,2,False,B_BETTER,272,True,False,False,0.0002062079729512334,0.4,0.6620856821127258,True,True,True,False
0b7903316e7fd92986ba,representation,representation_disagreement,1988,2481756877,16,5000,0.4,0.05,rbf,median,anytime,bonferroni,3,2,False,B_BETTER,240,True,False,False,0.00020237499848008156,0.4,0.6989114228795754,True,True,True,False
1b290624cb91a8a0bca8,representation,representation_disagreement,1989,2926263991,16,5000,0.4,0.05,rbf,median,anytime,bonferroni,3,2,False,B_BETTER,256,True,False,False,0.00020383397350087762,0.4,0.6796858875495522,True,True,True,False
c9ac26ce8484dd09bf73,representation,representation_disagreement,1990,1410945792,16,5000,0.4,0.05,rbf,median,anytime,bonferroni,3,2,False,B_BETTER,240,True,False,False,0.00020304200006648898,0.4,0.6989114228795754,True,True,True,False
f8bacfecd28758484043,representation,representation_disagreement,1991,2207672760,16,5000,0.4,0.05,rbf,median,anytime,bonferroni,3,2,False,B_BETTER,272,True,False,False,0.00020474998746067286,0.4,0.6620856821127258,True,True,True,False
3dbf60bc0031283ae0be,representation,representation_disagreement,1992,1354458295,16,5000,0.4,0.05,rbf,median,anytime,bonferroni,3,2,False,B_BETTER,240,True,False,False,0.0002032919437624514,0.4,0.6989114228795754,True,True,True,False
245f4b298d2d741320db,representation,representation_disagreement,1993,1130278437,16,5000,0.4,0.05,rbf,median,anytime,bonferroni,3,2,False,B_BETTER,208,True,False,False,0.0002008330193348229,0.4,0.7434004973451923,True,True,True,False
fd9c3166ff09e93bbded,representation,representation_disagreement,1994,1726526605,16,5000,0.4,0.05,rbf,median,anytime,bonferroni,3,2,False,B_BETTER,256,True,False,False,0.00020279199816286564,0.4,0.6796858875495522,True,True,True,False
e4935c8a7d7f0b6432ae,representation,representation_disagreement,1995,2702893298,16,5000,0.4,0.05,rbf,median,anytime,bonferroni,3,2,False,B_BETTER,192,True,False,False,0.0002003330155275762,0.4,0.7694441991638782,True,True,True,False
72bed4c090672c755a18,representation,representation_disagreement,1996,1909294153,16,5000,0.4,0.05,rbf,median,anytime,bonferroni,3,2,False,B_BETTER,240,True,False,False,0.00020337500609457493,0.4,0.6989114228795754,True,True,True,False
7fa319abf63c5da9b8ce,representation,representation_disagreement,1997,535448980,16,5000,0.4,0.05,rbf,median,anytime,bonferroni,3,2,False,B_BETTER,256,True,False,False,0.0002039159880951047,0.4,0.6796858875495522,True,True,True,False
25d264668222aacebf92,representation,representation_disagreement,1998,3685971525,16,5000,0.4,0.05,rbf,median,anytime,bonferroni,3,2,False,B_BETTER,224,True,False,False,0.00020341697381809354,0.4,0.7200353639175696,True,True,True,False
f72ea5965908c6e0e32e,representation,representation_disagreement,1999,2644161753,16,5000,0.4,0.05,rbf,median,anytime,bonferroni,3,2,False,B_BETTER,208,True,False,False,0.00020112498896196485,0.4,0.7434004973451923,True,True,True,False
bb1be8444b37b09fae59,representation,representation_disagreement,2000,3505926930,16,5000,0.4,0.05,rbf,median,anytime,bonferroni,3,2,False,B_BETTER,208,True,False,False,0.00020283297635614872,0.4,0.7434004973451924,True,True,True,False
7f1bce11bed2fa7b99f6,representation,representation_disagreement,2001,1964057661,16,5000,0.4,0.05,rbf,median,anytime,bonferroni,3,2,False,B_BETTER,192,True,False,False,0.00020120799308642745,0.4,0.7694441991638782,True,True,True,False
f7e8bceae59b0a4e0b87,representation,representation_disagreement,2002,2903002130,16,5000,0.4,0.05,rbf,median,anytime,bonferroni,3,2,False,B_BETTER,256,True,False,False,0.00020329200197011232,0.4,0.6796858875495522,True,True,True,False
174c718f996af824e508,representation,representation_disagreement,2003,403820486,16,5000,0.4,0.05,rbf,median,anytime,bonferroni,3,2,False,B_BETTER,240,True,False,False,0.00020412501180544496,0.4,0.6989114228795754,True,True,True,False
4d34e3f02dfecdf29c79,representation,representation_disagreement,2004,1108473651,16,5000,0.4,0.05,rbf,median,anytime,bonferroni,3,2,False,B_BETTER,256,True,False,False,0.0002042090054601431,0.4,0.6796858875495522,True,True,True,False
91513c68d4e907bca942,representation,representation_disagreement,2005,2501768872,16,5000,0.4,0.05,rbf,median,anytime,bonferroni,3,2,False,B_BETTER,192,True,False,False,0.0002007500152103603,0.4,0.7694441991638783,True,True,True,False
b5f219369eb698d25d16,representation,representation_disagreement,2006,42023083,16,5000,0.4,0.05,rbf,median,anytime,bonferroni,3,2,False,B_BETTER,224,True,False,False,0.00020408298587426543,0.4,0.7200353639175696,True,True,True,False
3d715641ec5302e42e4f,representation,representation_disagreement,2007,1196250096,16,5000,0.4,0.05,rbf,median,anytime,bonferroni,3,2,False,B_BETTER,288,True,False,False,0.00020533398492261767,0.4,0.6458901399180805,True,True,True,False
9cf857b663894f2d4c71,representation,representation_disagreement,2008,1531630203,16,5000,0.4,0.05,rbf,median,anytime,bonferroni,3,2,False,B_BETTER,240,True,False,False,0.0002020830288529396,0.4,0.6989114228795754,True,True,True,False
c68f8c73461184952eed,representation,representation_disagreement,2009,1400137820,16,5000,0.4,0.05,rbf,median,anytime,bonferroni,3,2,False,B_BETTER,240,True,False,False,0.00020345801021903753,0.4,0.6989114228795754,True,True,True,False
800bca8fc6423d441f3c,representation,representation_disagreement,2010,558316880,16,5000,0.4,0.05,rbf,median,anytime,bonferroni,3,2,False,B_BETTER,240,True,False,False,0.00020195799879729748,0.4,0.6989114228795754,True,True,True,False
8ee0f17529e6d37cebbc,representation,representation_disagreement,2011,2940087616,16,5000,0.4,0.05,rbf,median,anytime,bonferroni,3,2,False,B_BETTER,288,True,False,False,0.00020574999507516623,0.4,0.6458901399180805,True,True,True,False
032e7253157357cbc1f9,representation,representation_disagreement,2012,3338590338,16,5000,0.4,0.05,rbf,median,anytime,bonferroni,3,2,False,B_BETTER,272,True,False,False,0.00020475004566833377,0.4,0.6620856821127258,True,True,True,False
f7dfb5d13225290d350f,representation,representation_disagreement,2013,1748233450,16,5000,0.4,0.05,rbf,median,anytime,bonferroni,3,2,False,B_BETTER,256,True,False,False,0.00020433298777788877,0.4,0.6796858875495522,True,True,True,False
270629cad4f5e41fece6,representation,representation_disagreement,2014,3793455970,16,5000,0.4,0.05,rbf,median,anytime,bonferroni,3,2,False,B_BETTER,256,True,False,False,0.00020433298777788877,0.4,0.6796858875495522,True,True,True,False
604558d3e342bcb46c82,representation,representation_disagreement,2015,2182616762,16,5000,0.4,0.05,rbf,median,anytime,bonferroni,3,2,False,B_BETTER,240,True,False,False,0.00020249997032806277,0.4,0.6989114228795754,True,True,True,False
b844c938b79d615da018,representation,representation_disagreement,2016,1826770791,16,5000,0.4,0.05,rbf,median,anytime,bonferroni,3,2,False,B_BETTER,208,True,False,False,0.00027816701913252473,0.4,0.7434004973451922,True,True,True,False
b028ffb6c22634f5dc2a,representation,representation_disagreement,2017,3272098061,16,5000,0.4,0.05,rbf,median,anytime,bonferroni,3,2,False,B_BETTER,240,True,False,False,0.0002680409816093743,0.4,0.6989114228795754,True,True,True,False
c0510dc229137758a3dd,representation,representation_disagreement,2018,1117877803,16,5000,0.4,0.05,rbf,median,anytime,bonferroni,3,2,False,B_BETTER,256,True,False,False,0.00024358404334634542,0.4,0.6796858875495522,True,True,True,False
c99b8bfd10c941a1106e,representation,representation_disagreement,2019,3051602144,16,5000,0.4,0.05,rbf,median,anytime,bonferroni,3,2,False,B_BETTER,208,True,False,False,0.00023912498727440834,0.4,0.7434004973451922,True,True,True,False
57acd0a524243d05fe6d,representation,representation_disagreement,2020,1915981592,16,5000,0.4,0.05,rbf,median,anytime,bonferroni,3,2,False,B_BETTER,240,True,False,False,0.0002399170189164579,0.4,0.6989114228795754,True,True,True,False
2223fc33324f62c1d057,representation,representation_disagreement,2021,4049205447,16,5000,0.4,0.05,rbf,median,anytime,bonferroni,3,2,False,B_BETTER,240,True,False,False,0.000256249972153455,0.4,0.6989114228795754,True,True,True,False
76e6b79a1522a0d517b0,representation,representation_disagreement,2022,1941676000,16,5000,0.4,0.05,rbf,median,anytime,bonferroni,3,2,False,B_BETTER,288,True,False,False,0.000247207994107157,0.4,0.6458901399180805,True,True,True,False
54a7867951975d61613d,representation,representation_disagreement,2023,1147210969,16,5000,0.4,0.05,rbf,median,anytime,bonferroni,3,2,False,B_BETTER,304,True,False,False,0.00024295796174556017,0.4,0.6309186896508341,True,True,True,False
3f542a7a00e4b8a398d0,representation,representation_disagreement,2024,2178375696,16,5000,0.4,0.05,rbf,median,anytime,bonferroni,3,2,False,B_BETTER,256,True,False,False,0.00024137500440701842,0.4,0.6796858875495522,True,True,True,False
57da6d88e87363960a7d,representation,representation_disagreement,2025,2923605049,16,5000,0.4,0.05,rbf,median,anytime,bonferroni,3,2,False,B_BETTER,272,True,False,False,0.00024100003065541387,0.4,0.6620856821127258,True,True,True,False
651749b82c8188bffa34,representation,representation_disagreement,2026,1339296012,16,5000,0.4,0.05,rbf,median,anytime,bonferroni,3,2,False,B_BETTER,256,True,False,False,0.00025766697945073247,0.4,0.6796858875495522,True,True,True,False
1fe9a9ec94b8eb8d4080,representation,representation_disagreement,2027,1330149957,16,5000,0.4,0.05,rbf,median,anytime,bonferroni,3,2,False,B_BETTER,288,True,False,False,0.0002536250394769013,0.4,0.6458901399180805,True,True,True,False
5f480af85803253fdb34,representation,representation_disagreement,2028,3094644388,16,5000,0.4,0.05,rbf,median,anytime,bonferroni,3,2,False,B_BETTER,288,True,False,False,0.00025883299531415105,0.4,0.6458901399180805,True,True,True,False
8b61bc38137184295f8f,representation,representation_disagreement,2029,1427284934,16,5000,0.4,0.05,rbf,median,anytime,bonferroni,3,2,False,B_BETTER,272,True,False,False,0.0002637919969856739,0.4,0.6620856821127258,True,True,True,False
f32a9ffc7758410e0518,representation,representation_disagreement,2030,1615336658,16,5000,0.4,0.05,rbf,median,anytime,bonferroni,3,2,False,B_BETTER,288,True,False,False,0.0002401660312898457,0.4,0.6458901399180805,True,True,True,False
86773072e917bdd56e9c,representation,representation_disagreement,2031,2805996831,16,5000,0.4,0.05,rbf,median,anytime,bonferroni,3,2,False,B_BETTER,256,True,False,False,0.00023791601415723562,0.4,0.6796858875495522,True,True,True,False
8f89e24f2c0d1257ed4f,representation,representation_disagreement,2032,2834546534,16,5000,0.4,0.05,rbf,median,anytime,bonferroni,3,2,False,B_BETTER,240,True,False,False,0.00023875001352280378,0.4,0.6989114228795754,True,True,True,False
e3f31806ac548ae0f001,representation,representation_disagreement,2033,137852350,16,5000,0.4,0.05,rbf,median,anytime,bonferroni,3,2,False,B_BETTER,256,True,False,False,0.00023695797426626086,0.4,0.6796858875495522,True,True,True,False
7b88d5a24bf5b5e94dd0,representation,representation_disagreement,2034,1864893724,16,5000,0.4,0.05,rbf,median,anytime,bonferroni,3,2,False,B_BETTER,224,True,False,False,0.00023624999448657036,0.4,0.7200353639175696,True,True,True,False
8816e918509db64a9b34,representation,representation_disagreement,2035,2651486653,16,5000,0.4,0.05,rbf,median,anytime,bonferroni,3,2,False,B_BETTER,256,True,False,False,0.00023979204706847668,0.4,0.6796858875495522,True,True,True,False
a72c1d1c299f9fdd7634,representation,representation_disagreement,2036,2601260057,16,5000,0.4,0.05,rbf,median,anytime,bonferroni,3,2,False,B_BETTER,240,True,False,False,0.00023829203564673662,0.4,0.6989114228795754,True,True,True,False
3472d235739d1bb41401,representation,representation_disagreement,2037,573600648,16,5000,0.4,0.05,rbf,median,anytime,bonferroni,3,2,False,B_BETTER,288,True,False,False,0.00023954198695719242,0.4,0.6458901399180805,True,True,True,False
be1d0e878f4fb525b260,representation,representation_disagreement,2038,852391562,16,5000,0.4,0.05,rbf,median,anytime,bonferroni,3,2,False,B_BETTER,304,True,False,False,0.00024087500059977174,0.4,0.6309186896508341,True,True,True,False
861bb38d2e5ac371a2e0,representation,representation_disagreement,2039,1828164942,16,5000,0.4,0.05,rbf,median,anytime,bonferroni,3,2,False,B_BETTER,240,True,False,False,0.00023633299861103296,0.4,0.6989114228795754,True,True,True,False
479febff4c6ffe235a5e,representation,representation_disagreement,2040,1489431451,16,5000,0.4,0.05,rbf,median,anytime,bonferroni,3,2,False,B_BETTER,288,True,False,False,0.0002401249948889017,0.4,0.6458901399180805,True,True,True,False
f1d406f38a676951cc64,representation,representation_disagreement,2041,1325137493,16,5000,0.4,0.05,rbf,median,anytime,bonferroni,3,2,False,B_BETTER,240,True,False,False,0.00023658399004489183,0.4,0.6989114228795754,True,True,True,False
fc23f2cc516543725854,representation,representation_disagreement,2042,1519071847,16,5000,0.4,0.05,rbf,median,anytime,bonferroni,3,2,False,B_BETTER,224,True,False,False,0.00023662496823817492,0.4,0.7200353639175696,True,True,True,False
6371b4c686c27b1d86d5,representation,representation_disagreement,2043,100756033,16,5000,0.4,0.05,rbf,median,anytime,bonferroni,3,2,False,B_BETTER,240,True,False,False,0.0002360409707762301,0.4,0.6989114228795754,True,True,True,False
62ae66148ce960bed351,representation,representation_disagreement,2044,11979966,16,5000,0.4,0.05,rbf,median,anytime,bonferroni,3,2,False,B_BETTER,224,True,False,False,0.0002352920128032565,0.4,0.7200353639175696,True,True,True,False
7f396665b7c13cd60b9a,representation,representation_disagreement,2045,857046554,16,5000,0.4,0.05,rbf,median,anytime,bonferroni,3,2,False,B_BETTER,256,True,False,False,0.00023816601606085896,0.4,0.6796858875495522,True,True,True,False
207b4bdf11103f69f656,representation,representation_disagreement,2046,3270663429,16,5000,0.4,0.05,rbf,median,anytime,bonferroni,3,2,False,B_BETTER,304,True,False,False,0.00024095800472423434,0.4,0.6309186896508341,True,True,True,False
14cccc3f8b5e2b49119c,representation,representation_disagreement,2047,3621063313,16,5000,0.4,0.05,rbf,median,anytime,bonferroni,3,2,False,B_BETTER,256,True,False,False,0.00023695797426626086,0.4,0.6796858875495522,True,True,True,False
af8992bbdd0e6aaaa935,representation,representation_disagreement,2048,4164067854,16,5000,0.4,0.05,rbf,median,anytime,bonferroni,3,2,False,B_BETTER,224,True,False,False,0.00023591704666614532,0.4,0.7200353639175696,True,True,True,False
c483588ead95c079a966,representation,representation_disagreement,2049,3871523573,16,5000,0.4,0.05,rbf,median,anytime,bonferroni,3,2,False,B_BETTER,272,True,False,False,0.00023791601415723562,0.4,0.6620856821127258,True,True,True,False
62f8f5bed1de2b77ef57,representation,representation_disagreement,2050,1991654075,16,5000,0.4,0.05,rbf,median,anytime,bonferroni,3,2,False,B_BETTER,288,True,False,False,0.00023850001161918044,0.4,0.6458901399180805,True,True,True,False
76d19e90a3609880a1ba,representation,representation_disagreement,2051,2376965130,16,5000,0.4,0.05,rbf,median,anytime,bonferroni,3,2,False,B_BETTER,272,True,False,False,0.00023875001352280378,0.4,0.6620856821127257,True,True,True,False
62b60a1469da136a7a43,representation,representation_disagreement,2052,2097726727,16,5000,0.4,0.05,rbf,median,anytime,bonferroni,3,2,False,B_BETTER,240,True,False,False,0.00023695803247392178,0.4,0.6989114228795754,True,True,True,False
968dbc9acffe816cc0f7,representation,representation_disagreement,2053,3629898238,16,5000,0.4,0.05,rbf,median,anytime,bonferroni,3,2,False,B_BETTER,304,True,False,False,0.00023999996483325958,0.4,0.6309186896508341,True,True,True,False
74a1c65c0731881f120f,representation,representation_disagreement,2054,530499310,16,5000,0.4,0.05,rbf,median,anytime,bonferroni,3,2,False,B_BETTER,224,True,False,False,0.00022662500850856304,0.4,0.7200353639175696,True,True,True,False
7f266e3bef7a77c2abf1,representation,representation_disagreement,2055,1238335621,16,5000,0.4,0.05,rbf,median,anytime,bonferroni,3,2,False,B_BETTER,224,True,False,False,0.00018679199274629354,0.4,0.7200353639175696,True,True,True,False
e2d79e6b5eb3179bcc4d,representation,representation_disagreement,2056,1596126082,16,5000,0.4,0.05,rbf,median,anytime,bonferroni,3,2,False,B_BETTER,192,True,False,False,0.00018062494928017259,0.4,0.7694441991638782,True,True,True,False
256e64c6044d07aafa5e,representation,representation_disagreement,2057,2418209661,16,5000,0.4,0.05,rbf,median,anytime,bonferroni,3,2,False,B_BETTER,256,True,False,False,0.00018504098989069462,0.4,0.6796858875495522,True,True,True,False
a7e3c7e01a3d19faf47c,representation,representation_disagreement,2058,1097113708,16,5000,0.4,0.05,rbf,median,anytime,bonferroni,3,2,False,B_BETTER,272,True,False,False,0.00018045795150101185,0.4,0.6620856821127258,True,True,True,False
36caf6a65c861d4c9fa1,representation,representation_disagreement,2059,88293757,16,5000,0.4,0.05,rbf,median,anytime,bonferroni,3,2,False,B_BETTER,240,True,False,False,0.00017841695807874203,0.4,0.6989114228795754,True,True,True,False
128f199a674d29fcd15a,representation,representation_disagreement,2060,520460922,16,5000,0.4,0.05,rbf,median,anytime,bonferroni,3,2,False,B_BETTER,240,True,False,False,0.00017716700676828623,0.4,0.6989114228795754,True,True,True,False
9b9fc1257b0201aa69f1,representation,representation_disagreement,2061,2938196007,16,5000,0.4,0.05,rbf,median,anytime,bonferroni,3,2,False,B_BETTER,304,True,False,False,0.00018266600091010332,0.4,0.6309186896508341,True,True,True,False
949154f2f39ad0a20780,representation,representation_disagreement,2062,3838094491,16,5000,0.4,0.05,rbf,median,anytime,bonferroni,3,2,False,B_BETTER,320,True,False,False,0.00018058402929455042,0.4,0.6170219115444306,True,True,True,False
5ece150e5850104de71b,representation,representation_disagreement,2063,2078792524,16,5000,0.4,0.05,rbf,median,anytime,bonferroni,3,2,False,B_BETTER,272,True,False,False,0.0001778329606167972,0.4,0.6620856821127259,True,True,True,False
22388fe8c2fe98141a49,representation,representation_disagreement,2064,579296866,16,5000,0.4,0.05,rbf,median,anytime,bonferroni,3,2,False,B_BETTER,224,True,False,False,0.0001765830093063414,0.4,0.7200353639175696,True,True,True,False
ed6ee387523123a2b171,representation,representation_disagreement,2065,4230428833,16,5000,0.4,0.05,rbf,median,anytime,bonferroni,3,2,False,B_BETTER,256,True,False,False,0.00018029101192951202,0.4,0.6796858875495522,True,True,True,False
d7acb3d6bb11fd25a02f,representation,representation_disagreement,2066,2496030335,16,5000,0.4,0.05,rbf,median,anytime,bonferroni,3,2,False,B_BETTER,240,True,False,False,0.00017512496560811996,0.4,0.6989114228795754,True,True,True,False
70c5c98cef85c465d26c,representation,representation_disagreement,2067,756969926,16,5000,0.4,0.05,rbf,median,anytime,bonferroni,3,2,False,B_BETTER,272,True,False,False,0.0001770000089891255,0.4,0.6620856821127258,True,True,True,False
b3c8140fbf0381db0111,representation,representation_disagreement,2068,2321048366,16,5000,0.4,0.05,rbf,median,anytime,bonferroni,3,2,False,B_BETTER,256,True,False,False,0.00017704098718240857,0.4,0.6796858875495522,True,True,True,False
badbeededaa4214ae5c4,representation,representation_disagreement,2069,2973296573,16,5000,0.4,0.05,rbf,median,anytime,bonferroni,3,2,False,B_BETTER,304,True,False,False,0.0001817920128814876,0.4,0.6309186896508341,True,True,True,False
0e25bbdc4f58b0f54966,representation,representation_disagreement,2070,1496876352,16,5000,0.4,0.05,rbf,median,anytime,bonferroni,3,2,False,B_BETTER,272,True,False,False,0.00017691595712676644,0.4,0.6620856821127257,True,True,True,False
796ef1c4122d45dfd28c,representation,representation_disagreement,2071,275833803,16,5000,0.4,0.05,rbf,median,anytime,bonferroni,3,2,False,B_BETTER,224,True,False,False,0.00017508398741483688,0.4,0.7200353639175696,True,True,True,False
54e40230406e78775976,representation,representation_disagreement,2072,4227806994,16,5000,0.4,0.05,rbf,median,anytime,bonferroni,3,2,False,B_BETTER,256,True,False,False,0.00017562496941536665,0.4,0.6796858875495522,True,True,True,False
cfcf6698489a6480ca6b,representation,representation_disagreement,2073,2867711197,16,5000,0.4,0.05,rbf,median,anytime,bonferroni,3,2,False,B_BETTER,256,True,False,False,0.00017912499606609344,0.4,0.6796858875495522,True,True,True,False
c8246d6eec1418f73892,representation,representation_disagreement,2074,2896242511,16,5000,0.4,0.05,rbf,median,anytime,bonferroni,3,2,False,B_BETTER,256,True,False,False,0.000177707988768816,0.4,0.6796858875495522,True,True,True,False
c1f4b644e58f85cb9f16,representation,representation_disagreement,2075,3615517470,16,5000,0.4,0.05,rbf,median,anytime,bonferroni,3,2,False,B_BETTER,288,True,False,False,0.00017800001660361886,0.4,0.6458901399180805,True,True,True,False
d292789a1288cc08d084,representation,representation_disagreement,2076,3672925158,16,5000,0.4,0.05,rbf,median,anytime,bonferroni,3,2,False,B_BETTER,256,True,False,False,0.00017675000708550215,0.4,0.6796858875495522,True,True,True,False
59254e82734cd8ee193d,representation,representation_disagreement,2077,1771279590,16,5000,0.4,0.05,rbf,median,anytime,bonferroni,3,2,False,B_BETTER,224,True,False,False,0.00017845799447968602,0.4,0.7200353639175696,True,True,True,False
582c7aa38501c1499022,representation,representation_disagreement,2078,1315123087,16,5000,0.4,0.05,rbf,median,anytime,bonferroni,3,2,False,B_BETTER,240,True,False,False,0.00017558399122208357,0.4,0.6989114228795754,True,True,True,False
47085e7bb712af100107,representation,representation_disagreement,2079,1871206172,16,5000,0.4,0.05,rbf,median,anytime,bonferroni,3,2,False,B_BETTER,224,True,False,False,0.00017504097195342183,0.4,0.7200353639175696,True,True,True,False
cf5944d82c96de7a7404,representation,representation_disagreement,2080,4003566791,16,5000,0.4,0.05,rbf,median,anytime,bonferroni,3,2,False,B_BETTER,304,True,False,False,0.00017787498654797673,0.4,0.6309186896508341,True,True,True,False
30fa68671262e353d55c,representation,representation_disagreement,2081,3543501197,16,5000,0.4,0.05,rbf,median,anytime,bonferroni,3,2,False,B_BETTER,256,True,False,False,0.00017924996791407466,0.4,0.6796858875495522,True,True,True,False
61b04e07b5cec4a4aad9,representation,representation_disagreement,2082,2365622390,16,5000,0.4,0.05,rbf,median,anytime,bonferroni,3,2,False,B_BETTER,288,True,False,False,0.00017587497131899,0.4,0.6458901399180805,True,True,True,False
1bf2c0d9c93078c65dd3,representation,representation_disagreement,2083,841856900,16,5000,0.4,0.05,rbf,median,anytime,bonferroni,3,2,False,B_BETTER,256,True,False,False,0.00017750001279637218,0.4,0.6796858875495522,True,True,True,False
da153834140cd15ab90b,representation,representation_disagreement,2084,1180581801,16,5000,0.4,0.05,rbf,median,anytime,bonferroni,3,2,False,B_BETTER,240,True,False,False,0.00017508398741483688,0.4,0.6989114228795754,True,True,True,False
c22a31ff012fe9e589cc,representation,representation_disagreement,2085,1567389632,16,5000,0.4,0.05,rbf,median,anytime,bonferroni,3,2,False,B_BETTER,256,True,False,False,0.0001794580020941794,0.4,0.6796858875495522,True,True,True,False
38b0564241540e5a9d08,representation,representation_disagreement,2086,4129607436,16,5000,0.4,0.05,rbf,median,anytime,bonferroni,3,2,False,B_BETTER,208,True,False,False,0.0001741250162012875,0.4,0.7434004973451923,True,True,True,False
2251553d8b85297d1ccc,representation,representation_disagreement,2087,2266774943,16,5000,0.4,0.05,rbf,median,anytime,bonferroni,3,2,False,B_BETTER,272,True,False,False,0.00017708400264382362,0.4,0.6620856821127258,True,True,True,False
293ee472bc0b3d7ad1b2,representation,representation_disagreement,2088,2628472936,16,5000,0.4,0.05,rbf,median,anytime,bonferroni,3,2,False,B_BETTER,272,True,False,False,0.0001775840064510703,0.4,0.6620856821127257,True,True,True,False
df55d73d73b2d3a92e9f,representation,representation_disagreement,2089,3000478779,16,5000,0.4,0.05,rbf,median,anytime,bonferroni,3,2,False,B_BETTER,208,True,False,False,0.00017854198813438416,0.4,0.7434004973451924,True,True,True,False
5d0aefb23a2ec8e7a960,representation,representation_disagreement,2090,945194781,16,5000,0.4,0.05,rbf,median,anytime,bonferroni,3,2,False,B_BETTER,256,True,False,False,0.0001765830093063414,0.4,0.6796858875495522,True,True,True,False
8a3a24cafe584e07d22c,representation,representation_disagreement,2091,1517765375,16,5000,0.4,0.05,rbf,median,anytime,bonferroni,3,2,False,B_BETTER,288,True,False,False,0.00017691700486466289,0.4,0.6458901399180805,True,True,True,False
875e99ae44bb2c058f6f,representation,representation_disagreement,2092,3113201035,16,5000,0.4,0.05,rbf,median,anytime,bonferroni,3,2,False,B_BETTER,240,True,False,False,0.00017620797734707594,0.4,0.6989114228795754,True,True,True,False
5de874d868f306513d1e,representation,representation_disagreement,2093,1089152949,16,5000,0.4,0.05,rbf,median,anytime,bonferroni,3,2,False,B_BETTER,256,True,False,False,0.00017991696950048208,0.4,0.6796858875495522,True,True,True,False
e5234ac158d3f2936779,representation,representation_disagreement,2094,2627171267,16,5000,0.4,0.05,rbf,median,anytime,bonferroni,3,2,False,B_BETTER,288,True,False,False,0.00017854198813438416,0.4,0.6458901399180805,True,True,True,False
9189e741d5eba953832c,representation,representation_disagreement,2095,4269048131,16,5000,0.4,0.05,rbf,median,anytime,bonferroni,3,2,False,B_BETTER,224,True,False,False,0.00017629197100177407,0.4,0.7200353639175696,True,True,True,False
8309ac71e932e89c9602,representation,representation_disagreement,2096,36296082,16,5000,0.4,0.05,rbf,median,anytime,bonferroni,3,2,False,B_BETTER,256,True,False,False,0.000191833998542279,0.4,0.6796858875495522,True,True,True,False
12dafdbd0759a82733a3,representation,representation_disagreement,2097,2165324734,16,5000,0.4,0.05,rbf,median,anytime,bonferroni,3,2,False,B_BETTER,256,True,False,False,0.00020837504416704178,0.4,0.6796858875495522,True,True,True,False
94c970f70aac3f3b7eed,representation,representation_disagreement,2098,3860593559,16,5000,0.4,0.05,rbf,median,anytime,bonferroni,3,2,False,B_BETTER,288,True,False,False,0.00020645896438509226,0.4,0.6458901399180805,True,True,True,False
1d39e994f7555a4ac9bf,representation,representation_disagreement,2099,3090554232,16,5000,0.4,0.05,rbf,median,anytime,bonferroni,3,2,False,B_BETTER,256,True,False,False,0.00020345801021903753,0.4,0.6796858875495522,True,True,True,False
d40b6ee88ea4964f887c,representation,representation_disagreement,2100,2430636866,16,5000,0.4,0.05,rbf,median,anytime,bonferroni,3,2,False,B_BETTER,240,True,False,False,0.00020416697952896357,0.4,0.6989114228795754,True,True,True,False
ac20fc4d0d5991bc6987,representation,representation_disagreement,2101,3539525716,16,5000,0.4,0.05,rbf,median,anytime,bonferroni,3,2,False,B_BETTER,240,True,False,False,0.00020695803686976433,0.4,0.6989114228795754,True,True,True,False
1aed6a79c048bfef1e4e,representation,representation_disagreement,2102,3470384206,16,5000,0.4,0.05,rbf,median,anytime,bonferroni,3,2,False,B_BETTER,288,True,False,False,0.00020549999317154288,0.4,0.6458901399180805,True,True,True,False
cc6f5550fb9fb8c9bc3a,representation,representation_disagreement,2103,3621414824,16,5000,0.4,0.05,rbf,median,anytime,bonferroni,3,2,False,B_BETTER,208,True,False,False,0.00020524999126791954,0.4,0.7434004973451922,True,True,True,False
b53023613592a84fd813,representation,representation_disagreement,2104,3250442695,16,5000,0.4,0.05,rbf,median,anytime,bonferroni,3,2,False,B_BETTER,176,True,False,False,0.00020150002092123032,0.4,0.7987351700636655,True,True,True,False
b1531ecc51463cba035b,representation,representation_disagreement,2105,1199498462,16,5000,0.4,0.05,rbf,median,anytime,bonferroni,3,2,False,B_BETTER,304,True,False,False,0.0002108750049956143,0.4,0.6309186896508341,True,True,True,False
66f2ec248b6028070301,representation,representation_disagreement,2106,7994861,16,5000,0.4,0.05,rbf,median,anytime,bonferroni,3,2,False,B_BETTER,256,True,False,False,0.00020533299539238214,0.4,0.6796858875495522,True,True,True,False
04d0742c5a1d304ab019,representation,representation_disagreement,2107,2186337698,16,5000,0.4,0.05,rbf,median,anytime,bonferroni,3,2,False,B_BETTER,240,True,False,False,0.00020399998174980283,0.4,0.6989114228795754,True,True,True,False
d93f71ab06b8e346d647,representation,representation_disagreement,2108,425859084,16,5000,0.4,0.05,rbf,median,anytime,bonferroni,3,2,False,B_BETTER,288,True,False,False,0.0002049999893642962,0.4,0.6458901399180805,True,True,True,False
5ac37ea3e5c3401b9fff,representation,representation_disagreement,2109,1325335742,16,5000,0.4,0.05,rbf,median,anytime,bonferroni,3,2,False,B_BETTER,256,True,False,False,0.00020891602616757154,0.4,0.6796858875495522,True,True,True,False
eade5d7f5e3f28771b0e,representation,representation_disagreement,2110,4137107683,16,5000,0.4,0.05,rbf,median,anytime,bonferroni,3,2,False,B_BETTER,224,True,False,False,0.00020283297635614872,0.4,0.7200353639175696,True,True,True,False
d42690e8f6d8243b11d1,representation,representation_disagreement,2111,4033919601,16,5000,0.4,0.05,rbf,median,anytime,bonferroni,3,2,False,B_BETTER,224,True,False,False,0.00020349997794255614,0.4,0.7200353639175696,True,True,True,False
52afcfbc173b6feb16de,representation,representation_disagreement,2112,282957289,16,5000,0.4,0.05,rbf,median,anytime,bonferroni,3,2,False,B_BETTER,272,True,False,False,0.00020524999126791954,0.4,0.6620856821127258,True,True,True,False
7055d6b98020312e8efd,representation,representation_disagreement,2113,3897276828,16,5000,0.4,0.05,rbf,median,anytime,bonferroni,3,2,False,B_BETTER,256,True,False,False,0.0002078750403597951,0.4,0.6796858875495522,True,True,True,False
12e34a7df1d45aa0d937,representation,representation_disagreement,2114,1967661430,16,5000,0.4,0.05,rbf,median,anytime,bonferroni,3,2,False,B_BETTER,256,True,False,False,0.00020408298587426543,0.4,0.6796858875495522,True,True,True,False
b497b48661204c4c3acd,representation,representation_disagreement,2115,1136859921,16,5000,0.4,0.05,rbf,median,anytime,bonferroni,3,2,False,B_BETTER,272,True,False,False,0.0002055420191027224,0.4,0.6620856821127258,True,True,True,False
01a06e466f03e71c96b3,representation,representation_disagreement,2116,1972528571,16,5000,0.4,0.05,rbf,median,anytime,bonferroni,3,2,False,B_BETTER,288,True,False,False,0.00020458397921174765,0.4,0.6458901399180805,True,True,True,False
f4ac79272553be356865,representation,representation_disagreement,2117,4104259473,16,5000,0.4,0.05,rbf,median,anytime,bonferroni,3,2,False,B_BETTER,272,True,False,False,0.00020891602616757154,0.4,0.6620856821127258,True,True,True,False
3137a2897f50645d65b1,representation,representation_disagreement,2118,160203977,16,5000,0.4,0.05,rbf,median,anytime,bonferroni,3,2,False,B_BETTER,240,True,False,False,0.00020366697572171688,0.4,0.6989114228795754,True,True,True,False
818d41a240b805e1f2ca,representation,representation_disagreement,2119,3439285022,16,5000,0.4,0.05,rbf,median,anytime,bonferroni,3,2,False,B_BETTER,240,True,False,False,0.00020275003043934703,0.4,0.6989114228795754,True,True,True,False
6ab10a401651c7af364a,representation,representation_disagreement,2120,1560956901,16,5000,0.4,0.05,rbf,median,anytime,bonferroni,3,2,False,B_BETTER,288,True,False,False,0.00020537502132356167,0.4,0.6458901399180805,True,True,True,False
44d943d4ef77a5a7810b,representation,representation_disagreement,2121,1873216002,16,5000,0.4,0.05,rbf,median,anytime,bonferroni,3,2,False,B_BETTER,224,True,False,False,0.0002067910390906036,0.4,0.7200353639175696,True,True,True,False
79648fab06441f591536,representation,representation_disagreement,2122,4069219203,16,5000,0.4,0.05,rbf,median,anytime,bonferroni,3,2,False,B_BETTER,224,True,False,False,0.00020254100672900677,0.4,0.7200353639175696,True,True,True,False
52597b834cb469625a85,representation,representation_disagreement,2123,1558343681,16,5000,0.4,0.05,rbf,median,anytime,bonferroni,3,2,False,B_BETTER,240,True,False,False,0.00020370801212266088,0.4,0.6989114228795754,True,True,True,False
987498a7d0e445cfc987,representation,representation_disagreement,2124,2141411827,16,5000,0.4,0.05,rbf,median,anytime,bonferroni,3,2,False,B_BETTER,208,True,False,False,0.00020237499848008156,0.4,0.7434004973451922,True,True,True,False
81c67a630e4b626ca557,representation,representation_disagreement,2125,3136232785,16,5000,0.4,0.05,rbf,median,anytime,bonferroni,3,2,False,B_BETTER,256,True,False,False,0.00020750000840052962,0.4,0.6796858875495522,True,True,True,False
cedf6d13d85baac660aa,representation,representation_disagreement,2126,1518336067,16,5000,0.4,0.05,rbf,median,anytime,bonferroni,3,2,False,B_BETTER,208,True,False,False,0.00020166701870039105,0.4,0.7434004973451924,True,True,True,False
b658fe920484ab939941,representation,representation_disagreement,2127,652020703,16,5000,0.4,0.05,rbf,median,anytime,bonferroni,3,2,False,B_BETTER,256,True,False,False,0.0002049589529633522,0.4,0.6796858875495522,True,True,True,False
312735a3de5c76cd7ed4,representation,representation_disagreement,2128,230128769,16,5000,0.4,0.05,rbf,median,anytime,bonferroni,3,2,False,B_BETTER,240,True,False,False,0.0002050829934887588,0.4,0.6989114228795754,True,True,True,False
7b1d2432bacb5f6151ef,representation,representation_disagreement,2129,2366205996,16,5000,0.4,0.05,rbf,median,anytime,bonferroni,3,2,False,B_BETTER,208,True,False,False,0.00020616600522771478,0.4,0.7434004973451923,True,True,True,False
32f87d53a06bae52f819,representation,representation_disagreement,2130,694578853,16,5000,0.4,0.05,rbf,median,anytime,bonferroni,3,2,False,B_BETTER,288,True,False,False,0.00020654202671721578,0.4,0.6458901399180805,True,True,True,False
456774044e76150bb9bf,representation,representation_disagreement,2131,1814506642,16,5000,0.4,0.05,rbf,median,anytime,bonferroni,3,2,False,B_BETTER,272,True,False,False,0.0002044169814325869,0.4,0.6620856821127259,True,True,True,False
d402709df5b76acc3241,representation,representation_disagreement,2132,2472346084,16,5000,0.4,0.05,rbf,median,anytime,bonferroni,3,2,False,B_BETTER,288,True,False,False,0.00020650000078603625,0.4,0.6458901399180805,True,True,True,False
6586e9e1cfee1d50ef1c,representation,representation_disagreement,2133,4245783616,16,5000,0.4,0.05,rbf,median,anytime,bonferroni,3,2,False,B_BETTER,256,True,False,False,0.00020695797866210341,0.4,0.6796858875495522,True,True,True,False
ccf1d9c81e95755349fb,representation,representation_disagreement,2134,1095816035,16,5000,0.4,0.05,rbf,median,anytime,bonferroni,3,2,False,B_BETTER,224,True,False,False,0.00020249997032806277,0.4,0.7200353639175696,True,True,True,False
afedd0aaf4983784acba,representation,representation_disagreement,2135,2063961647,16,5000,0.4,0.05,rbf,median,anytime,bonferroni,3,2,False,B_BETTER,256,True,False,False,0.0002044169814325869,0.4,0.6796858875495522,True,True,True,False
a98b31c060359686df4c,representation,representation_disagreement,2136,3123799799,16,5000,0.4,0.05,rbf,median,anytime,bonferroni,3,2,False,B_BETTER,272,True,False,False,0.00020529102766886353,0.4,0.6620856821127259,True,True,True,False
6898baa26c5f55ea3d59,representation,representation_disagreement,2137,2332225386,16,5000,0.4,0.05,rbf,median,anytime,bonferroni,3,2,False,B_BETTER,256,True,False,False,0.00020837504416704178,0.4,0.6796858875495522,True,True,True,False
f8f03b155c6a33b2956a,representation,representation_disagreement,2138,176878743,16,5000,0.4,0.05,rbf,median,anytime,bonferroni,3,2,False,B_BETTER,256,True,False,False,0.00020458397921174765,0.4,0.6796858875495522,True,True,True,False
fc93d1856631ac33c6e1,representation,representation_disagreement,2139,3629919932,16,5000,0.4,0.05,rbf,median,anytime,bonferroni,3,2,False,B_BETTER,224,True,False,False,0.0002030840259976685,0.4,0.7200353639175696,True,True,True,False
0388664ef83c9582a018,representation,representation_disagreement,2140,1821336173,16,5000,0.4,0.05,rbf,median,anytime,bonferroni,3,2,False,B_BETTER,304,True,False,False,0.00020654196850955486,0.4,0.6309186896508341,True,True,True,False
d2a54b606bed30c739da,representation,representation_disagreement,2141,642061256,16,5000,0.4,0.05,rbf,median,anytime,bonferroni,3,2,False,B_BETTER,256,True,False,False,0.00020754197612404823,0.4,0.6796858875495522,True,True,True,False
5fba1c567f6df40e40ee,representation,representation_disagreement,2142,2493932789,16,5000,0.4,0.05,rbf,median,anytime,bonferroni,3,2,False,B_BETTER,240,True,False,False,0.00020391703583300114,0.4,0.6989114228795754,True,True,True,False
490b1f8ebf31efda7c9f,representation,representation_disagreement,2143,2059764002,16,5000,0.4,0.05,rbf,median,anytime,bonferroni,3,2,False,B_BETTER,288,True,False,False,0.00020529102766886353,0.4,0.6458901399180805,True,True,True,False
fbb7336ec61e161681fd,representation,representation_disagreement,2144,4098837837,16,5000,0.4,0.05,rbf,median,anytime,bonferroni,3,2,False,B_BETTER,256,True,False,False,0.00020524999126791954,0.4,0.6796858875495522,True,True,True,False
197ffb084a530bdf9a46,representation,representation_disagreement,2145,2426824808,16,5000,0.4,0.05,rbf,median,anytime,bonferroni,3,2,False,B_BETTER,320,True,False,False,0.00020950002362951636,0.4,0.6170219115444305,True,True,True,False
cbe7b183fffe3b8dbe40,representation,representation_disagreement,2146,1225653551,16,5000,0.4,0.05,rbf,median,anytime,bonferroni,3,2,False,B_BETTER,256,True,False,False,0.0002044580178335309,0.4,0.6796858875495522,True,True,True,False
fe7f7804cfebc8cb369f,representation,representation_disagreement,2147,1990651811,16,5000,0.4,0.05,rbf,median,anytime,bonferroni,3,2,False,B_BETTER,256,True,False,False,0.00020679202862083912,0.4,0.6796858875495522,True,True,True,False
500fee6aac07f1dba24f,representation,representation_disagreement,2148,9192568,16,5000,0.4,0.05,rbf,median,anytime,bonferroni,3,2,False,B_BETTER,272,True,False,False,0.0001985830022022128,0.4,0.6620856821127258,True,True,True,False
f3f3162a1607512763f1,representation,representation_disagreement,2149,2872682792,16,5000,0.4,0.05,rbf,median,anytime,bonferroni,3,2,False,B_BETTER,272,True,False,False,0.00017929199384525418,0.4,0.6620856821127258,True,True,True,False
824164ec63aa3173a0ee,representation,representation_disagreement,2150,1914137487,16,5000,0.4,0.05,rbf,median,anytime,bonferroni,3,2,False,B_BETTER,224,True,False,False,0.000174832995980978,0.4,0.7200353639175696,True,True,True,False
b617c709a6f3ad0f7382,representation,representation_disagreement,2151,175527937,16,5000,0.4,0.05,rbf,median,anytime,bonferroni,3,2,False,B_BETTER,208,True,False,False,0.0001741250162012875,0.4,0.7434004973451924,True,True,True,False
30340b6e0543063b5e47,representation,representation_disagreement,2152,2601782770,16,5000,0.4,0.05,rbf,median,anytime,bonferroni,3,2,False,B_BETTER,304,True,False,False,0.00017666601343080401,0.4,0.6309186896508341,True,True,True,False
84a580abccbe9d51dad2,representation,representation_disagreement,2153,3438896625,16,5000,0.4,0.05,rbf,median,anytime,bonferroni,3,2,False,B_BETTER,272,True,False,False,0.00018149998504668474,0.4,0.6620856821127257,True,True,True,False
0fadbcf1a8efafe04f32,representation,representation_disagreement,2154,1295659194,16,5000,0.4,0.05,rbf,median,anytime,bonferroni,3,2,False,B_BETTER,240,True,False,False,0.00017545901937410235,0.4,0.6989114228795754,True,True,True,False
567f59392fc73b750bcf,representation,representation_disagreement,2155,2584285121,16,5000,0.4,0.05,rbf,median,anytime,bonferroni,3,2,False,B_BETTER,256,True,False,False,0.00017591699725016952,0.4,0.6796858875495522,True,True,True,False
1da71df7f3964f772307,representation,representation_disagreement,2156,1630033416,16,5000,0.4,0.05,rbf,median,anytime,bonferroni,3,2,False,B_BETTER,272,True,False,False,0.00017691700486466289,0.4,0.6620856821127257,True,True,True,False
6bc7ed336797a976ad54,representation,representation_disagreement,2157,865617068,16,5000,0.4,0.05,rbf,median,anytime,bonferroni,3,2,False,B_BETTER,256,True,False,False,0.00017862505046650767,0.4,0.6796858875495522,True,True,True,False
e70ee9c33f8aace66940,representation,representation_disagreement,2158,3134049343,16,5000,0.4,0.05,rbf,median,anytime,bonferroni,3,2,False,B_BETTER,256,True,False,False,0.00017662503523752093,0.4,0.6796858875495522,True,True,True,False
0721d728932d590a068b,representation,representation_disagreement,2159,2431054404,16,5000,0.4,0.05,rbf,median,anytime,bonferroni,3,2,False,B_BETTER,256,True,False,False,0.00017666700296103954,0.4,0.6796858875495522,True,True,True,False
e7b9921c18f4343e1a7c,representation,representation_disagreement,2160,422474673,16,5000,0.4,0.05,rbf,median,anytime,bonferroni,3,2,False,B_BETTER,272,True,False,False,0.00017741700867190957,0.4,0.6620856821127258,True,True,True,False
033d8c7bcebf47ae57c9,representation,representation_disagreement,2161,327167330,16,5000,0.4,0.05,rbf,median,anytime,bonferroni,3,2,False,B_BETTER,256,True,False,False,0.00017974997172132134,0.4,0.6796858875495522,True,True,True,False
dc9db13d8d8438091041,representation,representation_disagreement,2162,436771324,16,5000,0.4,0.05,rbf,median,anytime,bonferroni,3,2,False,B_BETTER,240,True,False,False,0.0001759579754434526,0.4,0.6989114228795754,True,True,True,False
acfec35adcd7edfe7650,representation,representation_disagreement,2163,2001264787,16,5000,0.4,0.05,rbf,median,anytime,bonferroni,3,2,False,B_BETTER,272,True,False,False,0.00017754198051989079,0.4,0.6620856821127257,True,True,True,False
cacc23e065801cf3540d,representation,representation_disagreement,2164,773690681,16,5000,0.4,0.05,rbf,median,anytime,bonferroni,3,2,False,B_BETTER,240,True,False,False,0.00017595896497368813,0.4,0.6989114228795754,True,True,True,False
b923cab9036d9ca824c4,representation,representation_disagreement,2165,3586452925,16,5000,0.4,0.05,rbf,median,anytime,bonferroni,3,2,False,B_BETTER,208,True,False,False,0.00017725001089274883,0.4,0.7434004973451922,True,True,True,False
49cefc6c4119a39edc12,representation,representation_disagreement,2166,1748498267,16,5000,0.4,0.05,rbf,median,anytime,bonferroni,3,2,False,B_BETTER,208,True,False,False,0.00017433299217373133,0.4,0.7434004973451923,True,True,True,False
a61fbf8a1036bfc079a4,representation,representation_disagreement,2167,4110313719,16,5000,0.4,0.05,rbf,median,anytime,bonferroni,3,2,False,B_BETTER,272,True,False,False,0.00017612497322261333,0.4,0.6620856821127258,True,True,True,False
299d96c2058feb605335,representation,representation_disagreement,2168,3200466879,16,5000,0.4,0.05,rbf,median,anytime,bonferroni,3,2,False,B_BETTER,224,True,False,False,0.00017537502571940422,0.4,0.7200353639175696,True,True,True,False
aaf4a86e188ecf96dff7,representation,representation_disagreement,2169,1711129840,16,5000,0.4,0.05,rbf,median,anytime,bonferroni,3,2,False,B_BETTER,272,True,False,False,0.00018049997743219137,0.4,0.6620856821127259,True,True,True,False
e88b67badbf69b1d8642,representation,representation_disagreement,2170,1365848320,16,5000,0.4,0.05,rbf,median,anytime,bonferroni,3,2,False,B_BETTER,208,True,False,False,0.0001729169744066894,0.4,0.7434004973451923,True,True,True,False
7d0449480aed0c52e634,representation,representation_disagreement,2171,1952694612,16,5000,0.4,0.05,rbf,median,anytime,bonferroni,3,2,False,B_BETTER,224,True,False,False,0.000186417018994689,0.4,0.7200353639175696,True,True,True,False
6cc16a5ea942dd5a2bbb,representation,representation_disagreement,2172,1443436651,16,5000,0.4,0.05,rbf,median,anytime,bonferroni,3,2,False,B_BETTER,240,True,False,False,0.00018787500448524952,0.4,0.6989114228795754,True,True,True,False
38509b6daf12584933e6,representation,representation_disagreement,2173,2201079536,16,5000,0.4,0.05,rbf,median,anytime,bonferroni,3,2,False,B_BETTER,208,True,False,False,0.00017837499035522342,0.4,0.7434004973451924,True,True,True,False
ed4209290d2b5c4d83e5,representation,representation_disagreement,2174,135189268,16,5000,0.4,0.05,rbf,median,anytime,bonferroni,3,2,False,B_BETTER,240,True,False,False,0.00017554202349856496,0.4,0.6989114228795754,True,True,True,False
05bdc1a6ccd38af54ff6,representation,representation_disagreement,2175,1913004918,16,5000,0.4,0.05,rbf,median,anytime,bonferroni,3,2,False,B_BETTER,272,True,False,False,0.00017583300359547138,0.4,0.6620856821127259,True,True,True,False
57d640e14402fa2e0849,representation,representation_disagreement,2176,2039713161,16,5000,0.4,0.05,rbf,median,anytime,bonferroni,3,2,False,B_BETTER,256,True,False,False,0.00017629103967919946,0.4,0.6796858875495522,True,True,True,False
66d3229d9aaf9658a975,representation,representation_disagreement,2177,1617047836,16,5000,0.4,0.05,rbf,median,anytime,bonferroni,3,2,False,B_BETTER,288,True,False,False,0.00018270901637151837,0.4,0.6458901399180805,True,True,True,False
380cca31372024dbbed7,representation,representation_disagreement,2178,2951730655,16,5000,0.4,0.05,rbf,median,anytime,bonferroni,3,2,False,B_BETTER,208,True,False,False,0.00017491600010544062,0.4,0.7434004973451922,True,True,True,False
38fe4f06fc80dc6b8a37,representation,representation_disagreement,2179,492150543,16,5000,0.4,0.05,rbf,median,anytime,bonferroni,3,2,False,B_BETTER,288,True,False,False,0.0001776249846443534,0.4,0.6458901399180805,True,True,True,False
b4a975b046e7c4c5dc21,representation,representation_disagreement,2180,4245701359,16,5000,0.4,0.05,rbf,median,anytime,bonferroni,3,2,False,B_BETTER,256,True,False,False,0.0001758339931257069,0.4,0.6796858875495522,True,True,True,False
eb72db05c25a4f41a3bb,representation,representation_disagreement,2181,1830523534,16,5000,0.4,0.05,rbf,median,anytime,bonferroni,3,2,False,B_BETTER,240,True,False,False,0.00017741700867190957,0.4,0.6989114228795754,True,True,True,False
d52cecc50f8605e5d001,representation,representation_disagreement,2182,2854298904,16,5000,0.4,0.05,rbf,median,anytime,bonferroni,3,2,False,B_BETTER,240,True,False,False,0.00017516600200906396,0.4,0.6989114228795754,True,True,True,False
9904fcef81f645b3716c,representation,representation_disagreement,2183,3724004887,16,5000,0.4,0.05,rbf,median,anytime,bonferroni,3,2,False,B_BETTER,224,True,False,False,0.00017312500858679414,0.4,0.7200353639175696,True,True,True,False
a28277a052a35a38bb61,representation,representation_disagreement,2184,1178081850,16,5000,0.4,0.05,rbf,median,anytime,bonferroni,3,2,False,B_BETTER,272,True,False,False,0.00017679197480902076,0.4,0.6620856821127257,True,True,True,False
2a24b07a49152bd68881,representation,representation_disagreement,2185,2476047087,16,5000,0.4,0.05,rbf,median,anytime,bonferroni,3,2,False,B_BETTER,224,True,False,False,0.00017724995268508792,0.4,0.7200353639175696,True,True,True,False
7e9516f155e98cd1e8a6,representation,representation_disagreement,2186,3571989033,16,5000,0.4,0.05,rbf,median,anytime,bonferroni,3,2,False,B_BETTER,240,True,False,False,0.0001752499956637621,0.4,0.6989114228795754,True,True,True,False
7b7a078e86d95c59e6b1,representation,representation_disagreement,2187,12727217,16,5000,0.4,0.05,rbf,median,anytime,bonferroni,3,2,False,B_BETTER,256,True,False,False,0.00017600000137463212,0.4,0.6796858875495522,True,True,True,False
3d8c39f5278ce53e3f9c,representation,representation_disagreement,2188,3593504638,16,5000,0.4,0.05,rbf,median,anytime,bonferroni,3,2,False,B_BETTER,320,True,False,False,0.0001794580020941794,0.4,0.6170219115444305,True,True,True,False
842e0cd81263b098a63d,representation,representation_disagreement,2189,4195885776,16,5000,0.4,0.05,rbf,median,anytime,bonferroni,3,2,False,B_BETTER,256,True,False,False,0.0001787500223144889,0.4,0.6796858875495522,True,True,True,False
b2a5af8f83548776b49f,representation,representation_disagreement,2190,3791688115,16,5000,0.4,0.05,rbf,median,anytime,bonferroni,3,2,False,B_BETTER,256,True,False,False,0.00017679197480902076,0.4,0.6796858875495522,True,True,True,False
1f71cb22d4aa1581719e,representation,representation_disagreement,2191,975283518,16,5000,0.4,0.05,rbf,median,anytime,bonferroni,3,2,False,B_BETTER,240,True,False,False,0.00017662503523752093,0.4,0.6989114228795754,True,True,True,False
0bcafef1732ccbc84b93,representation,representation_disagreement,2192,2222654942,16,5000,0.4,0.05,rbf,median,anytime,bonferroni,3,2,False,B_BETTER,288,True,False,False,0.0001776249846443534,0.4,0.6458901399180805,True,True,True,False
1f5e2d6e6d590077f109,representation,representation_disagreement,2193,2740061381,16,5000,0.4,0.05,rbf,median,anytime,bonferroni,3,2,False,B_BETTER,288,True,False,False,0.00017979205586016178,0.4,0.6458901399180805,True,True,True,False
02046759eca49054365e,representation,representation_disagreement,2194,536853900,16,5000,0.4,0.05,rbf,median,anytime,bonferroni,3,2,False,B_BETTER,256,True,False,False,0.00017625000327825546,0.4,0.6796858875495522,True,True,True,False
35e9b9d1aeaf7aa54768,representation,representation_disagreement,2195,925207166,16,5000,0.4,0.05,rbf,median,anytime,bonferroni,3,2,False,B_BETTER,288,True,False,False,0.00017720903269946575,0.4,0.6458901399180805,True,True,True,False
3cbf11f598dd27aaaa5c,representation,representation_disagreement,2196,3727707482,16,5000,0.4,0.05,rbf,median,anytime,bonferroni,3,2,False,B_BETTER,256,True,False,False,0.00017549999756738544,0.4,0.6796858875495522,True,True,True,False
dc81f1839b5e2553704d,representation,representation_disagreement,2197,1675945898,16,5000,0.4,0.05,rbf,median,anytime,bonferroni,3,2,False,B_BETTER,224,True,False,False,0.00017658399883657694,0.4,0.7200353639175696,True,True,True,False
06fd310608e4bc60d1ed,representation,representation_disagreement,2198,1797615164,16,5000,0.4,0.05,rbf,median,anytime,bonferroni,3,2,False,B_BETTER,256,True,False,False,0.00017587497131899,0.4,0.6796858875495522,True,True,True,False
ae3442814e511efdc7ab,representation,representation_disagreement,2199,2462445845,16,5000,0.4,0.05,rbf,median,anytime,bonferroni,3,2,False,B_BETTER,272,True,False,False,0.00017695798305794597,0.4,0.6620856821127259,True,True,True,False
21dcc624fc683386f9f7,representation,representation_disagreement,2200,3639096058,16,5000,0.4,0.05,rbf,median,anytime,bonferroni,3,2,False,B_BETTER,256,True,False,False,0.0001763750333338976,0.4,0.6796858875495522,True,True,True,False
9f006872e5074de25201,representation,representation_disagreement,2201,2420055354,16,5000,0.4,0.05,rbf,median,anytime,bonferroni,3,2,False,B_BETTER,288,True,False,False,0.00018112501129508018,0.4,0.6458901399180805,True,True,True,False
f26f1a067ce39c217774,representation,representation_disagreement,2202,3127473147,16,5000,0.4,0.05,rbf,median,anytime,bonferroni,3,2,False,B_BETTER,304,True,False,False,0.00017829099670052528,0.4,0.6309186896508341,True,True,True,False
8ea3eb75b7e161c68c18,representation,representation_disagreement,2203,4252488451,16,5000,0.4,0.05,rbf,median,anytime,bonferroni,3,2,False,B_BETTER,240,True,False,False,0.00017491704784333706,0.4,0.6989114228795754,True,True,True,False
ff6cae63792da236234b,representation,representation_disagreement,2204,507503734,16,5000,0.4,0.05,rbf,median,anytime,bonferroni,3,2,False,B_BETTER,208,True,False,False,0.00017499999376013875,0.4,0.7434004973451922,True,True,True,False
bc55cb156b459520fa23,representation,representation_disagreement,2205,4262573737,16,5000,0.4,0.05,rbf,median,anytime,bonferroni,3,2,False,B_BETTER,272,True,False,False,0.00017979100812226534,0.4,0.6620856821127257,True,True,True,False
233d5c7efcd538177e66,representation,representation_disagreement,2206,3122914182,16,5000,0.4,0.05,rbf,median,anytime,bonferroni,3,2,False,B_BETTER,240,True,False,False,0.00017470796592533588,0.4,0.6989114228795754,True,True,True,False
422c3da3d2185ff358ee,representation,representation_disagreement,2207,3406036309,16,5000,0.4,0.05,rbf,median,anytime,bonferroni,3,2,False,B_BETTER,272,True,False,False,0.00017604196909815073,0.4,0.6620856821127259,True,True,True,False
7964dc7d4085c24586df,representation,representation_disagreement,2208,3405390659,16,5000,0.4,0.05,rbf,median,anytime,bonferroni,3,2,False,B_BETTER,224,True,False,False,0.0001747499918565154,0.4,0.7200353639175696,True,True,True,False
a561a6dc7cf2fcd022d6,representation,representation_disagreement,2209,1953186318,16,5000,0.4,0.05,rbf,median,anytime,bonferroni,3,2,False,B_BETTER,192,True,False,False,0.00020270899403840303,0.4,0.7694441991638782,True,True,True,False
911e83228246e1217635,representation,representation_disagreement,2210,140204250,16,5000,0.4,0.05,rbf,median,anytime,bonferroni,3,2,False,B_BETTER,320,True,False,False,0.0002078340039588511,0.4,0.6170219115444304,True,True,True,False
e22b7f2a59d826780537,representation,representation_disagreement,2211,2165992940,16,5000,0.4,0.05,rbf,median,anytime,bonferroni,3,2,False,B_BETTER,320,True,False,False,0.00020641699666157365,0.4,0.6170219115444304,True,True,True,False
6dd3697a86e5bb45eab9,representation,representation_disagreement,2212,476231571,16,5000,0.4,0.05,rbf,median,anytime,bonferroni,3,2,False,B_BETTER,240,True,False,False,0.00020241696620360017,0.4,0.6989114228795754,True,True,True,False
b6cda158e305b10cea84,representation,representation_disagreement,2213,1306413428,16,5000,0.4,0.05,rbf,median,anytime,bonferroni,3,2,False,B_BETTER,272,True,False,False,0.0002084170118905604,0.4,0.6620856821127258,True,True,True,False
aab9de708e6293406617,representation,representation_disagreement,2214,1548890932,16,5000,0.4,0.05,rbf,median,anytime,bonferroni,3,2,False,B_BETTER,224,True,False,False,0.00020254100672900677,0.4,0.7200353639175696,True,True,True,False
9e776fe1d78da5c2f2df,representation,representation_disagreement,2215,3366682715,16,5000,0.4,0.05,rbf,median,anytime,bonferroni,3,2,False,B_BETTER,256,True,False,False,0.0002039579558186233,0.4,0.6796858875495522,True,True,True,False
d76bcf6f1878cccc8335,representation,representation_disagreement,2216,3939221829,16,5000,0.4,0.05,rbf,median,anytime,bonferroni,3,2,False,B_BETTER,304,True,False,False,0.0002062499988824129,0.4,0.6309186896508341,True,True,True,False
c2a602459914c89f513d,representation,representation_disagreement,2217,117339230,16,5000,0.4,0.05,rbf,median,anytime,bonferroni,3,2,False,B_BETTER,192,True,False,False,0.00020529201719909906,0.4,0.7694441991638783,True,True,True,False
3d2de93c6db73a0ac12c,representation,representation_disagreement,2218,135604252,16,5000,0.4,0.05,rbf,median,anytime,bonferroni,3,2,False,B_BETTER,240,True,False,False,0.00020458298968151212,0.4,0.6989114228795754,True,True,True,False
7a57f11be6f49aa5e37e,representation,representation_disagreement,2219,3496489159,16,5000,0.4,0.05,rbf,median,anytime,bonferroni,3,2,False,B_BETTER,256,True,False,False,0.00020616600522771478,0.4,0.6796858875495522,True,True,True,False
3eae07897ade3e87e1f0,representation,representation_disagreement,2220,543309566,16,5000,0.4,0.05,rbf,median,anytime,bonferroni,3,2,False,B_BETTER,240,True,False,False,0.0002045410219579935,0.4,0.6989114228795754,True,True,True,False
a5026473964824ab1432,representation,representation_disagreement,2221,3172133437,16,5000,0.4,0.05,rbf,median,anytime,bonferroni,3,2,False,B_BETTER,288,True,False,False,0.0002086659660562873,0.4,0.6458901399180805,True,True,True,False
01d5926f0a3a620131d0,representation,representation_disagreement,2222,2465164834,16,5000,0.4,0.05,rbf,median,anytime,bonferroni,3,2,False,B_BETTER,256,True,False,False,0.0002037090016528964,0.4,0.6796858875495522,True,True,True,False
2b207279dbee7b5ca78e,representation,representation_disagreement,2223,4109581722,16,5000,0.4,0.05,rbf,median,anytime,bonferroni,3,2,False,B_BETTER,208,True,False,False,0.00020350003615021706,0.4,0.7434004973451923,True,True,True,False
02ef8aa8daf2a3104a22,representation,representation_disagreement,2224,161734928,16,5000,0.4,0.05,rbf,median,anytime,bonferroni,3,2,False,B_BETTER,240,True,False,False,0.00020362500799819827,0.4,0.6989114228795754,True,True,True,False
4ba1f00cbe2236696b46,representation,representation_disagreement,2225,1013800087,16,5000,0.4,0.05,rbf,median,anytime,bonferroni,3,2,False,B_BETTER,272,True,False,False,0.00020762498024851084,0.4,0.6620856821127258,True,True,True,False
73114159f96d62188320,representation,representation_disagreement,2226,1263631509,16,5000,0.4,0.05,rbf,median,anytime,bonferroni,3,2,False,B_BETTER,240,True,False,False,0.00020287500228732824,0.4,0.6989114228795754,True,True,True,False
88b95281dc4935015789,representation,representation_disagreement,2227,920092771,16,5000,0.4,0.05,rbf,median,anytime,bonferroni,3,2,False,B_BETTER,256,True,False,False,0.00020233396207913756,0.4,0.6796858875495522,True,True,True,False
f1e931a10166c31ac1a6,representation,representation_disagreement,2228,2423278317,16,5000,0.4,0.05,rbf,median,anytime,bonferroni,3,2,False,B_BETTER,240,True,False,False,0.00020283297635614872,0.4,0.6989114228795754,True,True,True,False
e8ade8f52b4abe34d4f0,representation,representation_disagreement,2229,2998330105,16,5000,0.4,0.05,rbf,median,anytime,bonferroni,3,2,False,B_BETTER,256,True,False,False,0.00020704197231680155,0.4,0.6796858875495522,True,True,True,False
4a6dfdfd80c3a88241b1,representation,representation_disagreement,2230,718302693,16,5000,0.4,0.05,rbf,median,anytime,bonferroni,3,2,False,B_BETTER,272,True,False,False,0.00020445900736376643,0.4,0.6620856821127257,True,True,True,False
d02a292154b8b06b7dfd,representation,representation_disagreement,2231,2323130373,16,5000,0.4,0.05,rbf,median,anytime,bonferroni,3,2,False,B_BETTER,272,True,False,False,0.0002044999855570495,0.4,0.6620856821127258,True,True,True,False
a9f7914d8b69b2175521,representation,representation_disagreement,2232,2839485002,16,5000,0.4,0.05,rbf,median,anytime,bonferroni,3,2,False,B_BETTER,224,True,False,False,0.00020433298777788877,0.4,0.7200353639175696,True,True,True,False
8405e35b25a80625ad67,representation,representation_disagreement,2233,3952507693,16,5000,0.4,0.05,rbf,median,anytime,bonferroni,3,2,False,B_BETTER,288,True,False,False,0.00021008297335356474,0.4,0.6458901399180805,True,True,True,False
899e74298422aaf321ec,representation,representation_disagreement,2234,3225674887,16,5000,0.4,0.05,rbf,median,anytime,bonferroni,3,2,False,B_BETTER,224,True,False,False,0.00020291697001084685,0.4,0.7200353639175696,True,True,True,False
36fca0cf039ec340ce56,representation,representation_disagreement,2235,1254063272,16,5000,0.4,0.05,rbf,median,anytime,bonferroni,3,2,False,B_BETTER,240,True,False,False,0.00020358298206701875,0.4,0.6989114228795754,True,True,True,False
69aedd4fe7131e81bb7e,representation,representation_disagreement,2236,2629946548,16,5000,0.4,0.05,rbf,median,anytime,bonferroni,3,2,False,B_BETTER,224,True,False,False,0.00020337500609457493,0.4,0.7200353639175696,True,True,True,False
5682c31574d78dfab4fc,representation,representation_disagreement,2237,2042713656,16,5000,0.4,0.05,rbf,median,anytime,bonferroni,3,2,False,B_BETTER,272,True,False,False,0.00020783295622095466,0.4,0.6620856821127257,True,True,True,False
e20f284faa377af6bae7,representation,representation_disagreement,2238,4052427660,16,5000,0.4,0.05,rbf,median,anytime,bonferroni,3,2,False,B_BETTER,192,True,False,False,0.000201958988327533,0.4,0.7694441991638782,True,True,True,False
83332d68798567a072cb,representation,representation_disagreement,2239,3711136962,16,5000,0.4,0.05,rbf,median,anytime,bonferroni,3,2,False,B_BETTER,256,True,False,False,0.0002055419608950615,0.4,0.6796858875495522,True,True,True,False
e4000debf91f4d1f5c9d,representation,representation_disagreement,2240,33155064,16,5000,0.4,0.05,rbf,median,anytime,bonferroni,3,2,False,B_BETTER,240,True,False,False,0.0002056249650195241,0.4,0.6989114228795754,True,True,True,False
d08fecb61fdf7ffdfe89,representation,representation_disagreement,2241,1342003894,16,5000,0.4,0.05,rbf,median,anytime,bonferroni,3,2,False,B_BETTER,224,True,False,False,0.000205625023227185,0.4,0.7200353639175696,True,True,True,False
c710789374d4c254a2b7,representation,representation_disagreement,2242,2229910331,16,5000,0.4,0.05,rbf,median,anytime,bonferroni,3,2,False,B_BETTER,272,True,False,False,0.00020504201529547572,0.4,0.6620856821127258,True,True,True,False
7911838d12992c1fed54,representation,representation_disagreement,2243,3594209045,16,5000,0.4,0.05,rbf,median,anytime,bonferroni,3,2,False,B_BETTER,320,True,False,False,0.00020933395717293024,0.4,0.6170219115444305,True,True,True,False
c219fd1881340e24ccd4,representation,representation_disagreement,2244,700673528,16,5000,0.4,0.05,rbf,median,anytime,bonferroni,3,2,False,B_BETTER,224,True,False,False,0.00020283303456380963,0.4,0.7200353639175696,True,True,True,False
584f2befbbd76c5e3e1f,representation,representation_disagreement,2245,1752462267,16,5000,0.4,0.05,rbf,median,anytime,bonferroni,3,2,False,B_BETTER,256,True,False,False,0.00020750000840052962,0.4,0.6796858875495522,True,True,True,False
4f10189cbab288179e9a,representation,representation_disagreement,2246,4169407385,16,5000,0.4,0.05,rbf,median,anytime,bonferroni,3,2,False,B_BETTER,192,True,False,False,0.00020112498896196485,0.4,0.7694441991638783,True,True,True,False
bbfbd3863be33da76e7d,representation,representation_disagreement,2247,1242226007,16,5000,0.4,0.05,rbf,median,anytime,bonferroni,3,2,False,B_BETTER,272,True,False,False,0.0002049999893642962,0.4,0.6620856821127258,True,True,True,False
fabfc49dd6785740c80a,representation,representation_disagreement,2248,3828428734,16,5000,0.4,0.05,rbf,median,anytime,bonferroni,3,2,False,B_BETTER,304,True,False,False,0.00020900001982226968,0.4,0.6309186896508341,True,True,True,False
c54784af59366f50c54a,representation,representation_disagreement,2249,3254445533,16,5000,0.4,0.05,rbf,median,anytime,bonferroni,3,2,False,B_BETTER,192,True,False,False,0.0002045410219579935,0.4,0.7694441991638782,True,True,True,False
53f2ab066ace88eae686,representation,representation_disagreement,2250,2054314700,16,5000,0.4,0.05,rbf,median,anytime,bonferroni,3,2,False,B_BETTER,224,True,False,False,0.00020370801212266088,0.4,0.7200353639175696,True,True,True,False
12e7cadd681d3d97ee73,representation,representation_disagreement,2251,2688025760,16,5000,0.4,0.05,rbf,median,anytime,bonferroni,3,2,False,B_BETTER,256,True,False,False,0.00020537496311590075,0.4,0.6796858875495522,True,True,True,False
e626be420deb1a8a20fa,representation,representation_disagreement,2252,4133759240,16,5000,0.4,0.05,rbf,median,anytime,bonferroni,3,2,False,B_BETTER,224,True,False,False,0.0002018340164795518,0.4,0.7200353639175696,True,True,True,False
423ffb8ccf6389a418ed,representation,representation_disagreement,2253,688482528,16,5000,0.4,0.05,rbf,median,anytime,bonferroni,3,2,False,B_BETTER,240,True,False,False,0.00020712497644126415,0.4,0.6989114228795754,True,True,True,False
a3b964166743e6bf0a4f,representation,representation_disagreement,2254,770051334,16,5000,0.4,0.05,rbf,median,anytime,bonferroni,3,2,False,B_BETTER,256,True,False,False,0.0003103329800069332,0.4,0.6796858875495522,True,True,True,False
bc5a618193ab1d67a1bc,representation,representation_disagreement,2255,1164344769,16,5000,0.4,0.05,rbf,median,anytime,bonferroni,3,2,False,B_BETTER,288,True,False,False,0.0003066249773837626,0.4,0.6458901399180805,True,True,True,False
6b69910cfc0acab01a54,representation,representation_disagreement,2256,308922647,16,5000,0.4,0.05,rbf,median,anytime,bonferroni,3,2,False,B_BETTER,192,True,False,False,0.0002554579987190664,0.4,0.7694441991638783,True,True,True,False
63bb66a6221a20506e20,representation,representation_disagreement,2257,1653212119,16,5000,0.4,0.05,rbf,median,anytime,bonferroni,3,2,False,B_BETTER,224,True,False,False,0.00025916704908013344,0.4,0.7200353639175696,True,True,True,False
ad65b0c2d81c88d8538c,representation,representation_disagreement,2258,3072069259,16,5000,0.4,0.05,rbf,median,anytime,bonferroni,3,2,False,B_BETTER,320,True,False,False,0.00032466702396050096,0.4,0.6170219115444306,True,True,True,False
14b80ce7f6bc52a39058,representation,representation_disagreement,2259,3756584999,16,5000,0.4,0.05,rbf,median,anytime,bonferroni,3,2,False,B_BETTER,224,True,False,False,0.0002562080044299364,0.4,0.7200353639175696,True,True,True,False
30e04dd529b1919de39f,representation,representation_disagreement,2260,170765028,16,5000,0.4,0.05,rbf,median,anytime,bonferroni,3,2,False,B_BETTER,288,True,False,False,0.00024937500711530447,0.4,0.6458901399180805,True,True,True,False
36dd2db9d0af0cb29771,representation,representation_disagreement,2261,1584364715,16,5000,0.4,0.05,rbf,median,anytime,bonferroni,3,2,False,B_BETTER,320,True,False,False,0.00024995801504701376,0.4,0.6170219115444305,True,True,True,False
fde9e0d4c713fce87198,representation,representation_disagreement,2262,364909438,16,5000,0.4,0.05,rbf,median,anytime,bonferroni,3,2,False,B_BETTER,272,True,False,False,0.00024345802376046777,0.4,0.6620856821127258,True,True,True,False
e817038efd3ed84e2ab0,representation,representation_disagreement,2263,2814860128,16,5000,0.4,0.05,rbf,median,anytime,bonferroni,3,2,False,B_BETTER,224,True,False,False,0.00023933302145451307,0.4,0.7200353639175696,True,True,True,False
2b00766dd24d2ef19a06,representation,representation_disagreement,2264,106996406,16,5000,0.4,0.05,rbf,median,anytime,bonferroni,3,2,False,B_BETTER,256,True,False,False,0.00024041597498580813,0.4,0.6796858875495522,True,True,True,False
7852c24e05f7cf533510,representation,representation_disagreement,2265,1074466834,16,5000,0.4,0.05,rbf,median,anytime,bonferroni,3,2,False,B_BETTER,256,True,False,False,0.00024562503676861525,0.4,0.6796858875495522,True,True,True,False
d9af940bb6e1b6c6b2f7,representation,representation_disagreement,2266,2631100595,16,5000,0.4,0.05,rbf,median,anytime,bonferroni,3,2,False,B_BETTER,304,True,False,False,0.00024208298418670893,0.4,0.6309186896508341,True,True,True,False
20c4e517994bf012ddc1,representation,representation_disagreement,2267,2568754282,16,5000,0.4,0.05,rbf,median,anytime,bonferroni,3,2,False,B_BETTER,224,True,False,False,0.00023791601415723562,0.4,0.7200353639175696,True,True,True,False
9075e1be616fbc99c1c6,representation,representation_disagreement,2268,554410267,16,5000,0.4,0.05,rbf,median,anytime,bonferroni,3,2,False,B_BETTER,272,True,False,False,0.00023929099552333355,0.4,0.6620856821127258,True,True,True,False
c6608cdfd75df6e9ee75,representation,representation_disagreement,2269,799464604,16,5000,0.4,0.05,rbf,median,anytime,bonferroni,3,2,False,B_BETTER,256,True,False,False,0.00023883295943960547,0.4,0.6796858875495522,True,True,True,False
f9f3a3990f3b9f04aae0,representation,representation_disagreement,2270,1336499573,16,5000,0.4,0.05,rbf,median,anytime,bonferroni,3,2,False,B_BETTER,288,True,False,False,0.00024400005349889398,0.4,0.6458901399180805,True,True,True,False
59e186f5634b276ace59,representation,representation_disagreement,2271,1728463292,16,5000,0.4,0.05,rbf,median,anytime,bonferroni,3,2,False,B_BETTER,224,True,False,False,0.000237083004321903,0.4,0.7200353639175696,True,True,True,False
19456530a5c7e8f329a0,representation,representation_disagreement,2272,2209419254,16,5000,0.4,0.05,rbf,median,anytime,bonferroni,3,2,False,B_BETTER,256,True,False,False,0.00023783301003277302,0.4,0.6796858875495522,True,True,True,False
3ba73b9768d3ebe22973,representation,representation_disagreement,2273,1837984229,16,5000,0.4,0.05,rbf,median,anytime,bonferroni,3,2,False,B_BETTER,240,True,False,False,0.00023716699797660112,0.4,0.6989114228795754,True,True,True,False
f3834f1dc821b031a987,representation,representation_disagreement,2274,2321824413,16,5000,0.4,0.05,rbf,median,anytime,bonferroni,3,2,False,B_BETTER,240,True,False,False,0.00024500000290572643,0.4,0.6989114228795754,True,True,True,False
167050f8e92b9b5df467,representation,representation_disagreement,2275,2918015627,16,5000,0.4,0.05,rbf,median,anytime,bonferroni,3,2,False,B_BETTER,208,True,False,False,0.00023574999067932367,0.4,0.7434004973451922,True,True,True,False
9ce16ff4fe559b186478,representation,representation_disagreement,2276,4271098294,16,5000,0.4,0.05,rbf,median,anytime,bonferroni,3,2,False,B_BETTER,208,True,False,False,0.00023599999258294702,0.4,0.7434004973451923,True,True,True,False
f7fb405062cfc817a405,representation,representation_disagreement,2277,521003945,16,5000,0.4,0.05,rbf,median,anytime,bonferroni,3,2,False,B_BETTER,224,True,False,False,0.0002370420261286199,0.4,0.7200353639175696,True,True,True,False
a708f3baa1a393e4946f,representation,representation_disagreement,2278,3051912622,16,5000,0.4,0.05,rbf,median,anytime,bonferroni,3,2,False,B_BETTER,208,True,False,False,0.00023558299290016294,0.4,0.7434004973451923,True,True,True,False
9a175580e286ba742abe,representation,representation_disagreement,2279,4291238706,16,5000,0.4,0.05,rbf,median,anytime,bonferroni,3,2,False,B_BETTER,288,True,False,False,0.00024316704366356134,0.4,0.6458901399180805,True,True,True,False
492b5861c27e3aad1b7c,representation,representation_disagreement,2280,3944610172,16,5000,0.4,0.05,rbf,median,anytime,bonferroni,3,2,False,B_BETTER,224,True,False,False,0.00023641600273549557,0.4,0.7200353639175696,True,True,True,False
45f0a641df2d763e480d,representation,representation_disagreement,2281,956431857,16,5000,0.4,0.05,rbf,median,anytime,bonferroni,3,2,False,B_BETTER,240,True,False,False,0.00023741699988022447,0.4,0.6989114228795754,True,True,True,False
3a06fb772a443e961bd7,representation,representation_disagreement,2282,459758158,16,5000,0.4,0.05,rbf,median,anytime,bonferroni,3,2,False,B_BETTER,272,True,False,False,0.00023900001542642713,0.4,0.6620856821127259,True,True,True,False
4ae2393ce6797d42c8be,representation,representation_disagreement,2283,4271161698,16,5000,0.4,0.05,rbf,median,anytime,bonferroni,3,2,False,B_BETTER,240,True,False,False,0.00024258304620161653,0.4,0.6989114228795754,True,True,True,False
41ac20b1db2834653c7e,representation,representation_disagreement,2284,3433894824,16,5000,0.4,0.05,rbf,median,anytime,bonferroni,3,2,False,B_BETTER,256,True,False,False,0.00025604100665077567,0.4,0.6796858875495522,True,True,True,False
d82f93749e416c452d55,representation,representation_disagreement,2285,1320818991,16,5000,0.4,0.05,rbf,median,anytime,bonferroni,3,2,False,B_BETTER,288,True,False,False,0.0002728750114329159,0.4,0.6458901399180805,True,True,True,False
899d0ca2348535831d8c,representation,representation_disagreement,2286,259872989,16,5000,0.4,0.05,rbf,median,anytime,bonferroni,3,2,False,B_BETTER,240,True,False,False,0.00026079098461195827,0.4,0.6989114228795754,True,True,True,False
f556157be9b2cd568f65,representation,representation_disagreement,2287,1999369742,16,5000,0.4,0.05,rbf,median,anytime,bonferroni,3,2,False,B_BETTER,272,True,False,False,0.00025504198856651783,0.4,0.6620856821127257,True,True,True,False
789c2d8ee9c940178469,representation,representation_disagreement,2288,1447064000,16,5000,0.4,0.05,rbf,median,anytime,bonferroni,3,2,False,B_BETTER,272,True,False,False,0.00025270902551710606,0.4,0.6620856821127258,True,True,True,False
ad1f96051c93d13a1e03,representation,representation_disagreement,2289,4095983943,16,5000,0.4,0.05,rbf,median,anytime,bonferroni,3,2,False,B_BETTER,224,True,False,False,0.0002418750082142651,0.4,0.7200353639175696,True,True,True,False
8fe2ea309bd3c8ee7b9e,representation,representation_disagreement,2290,2237603182,16,5000,0.4,0.05,rbf,median,anytime,bonferroni,3,2,False,B_BETTER,240,True,False,False,0.0002859160304069519,0.4,0.6989114228795754,True,True,True,False
aee6aa4de48862a30b43,representation,representation_disagreement,2291,1892655964,16,5000,0.4,0.05,rbf,median,anytime,bonferroni,3,2,False,B_BETTER,304,True,False,False,0.00022437499137595296,0.4,0.6309186896508341,True,True,True,False
a1fa8f5abffc9cb4b6ad,representation,representation_disagreement,2292,1305741399,16,5000,0.4,0.05,rbf,median,anytime,bonferroni,3,2,False,B_BETTER,272,True,False,False,0.00021312502212822437,0.4,0.6620856821127257,True,True,True,False
8fede22c53705695e3de,representation,representation_disagreement,2293,872839566,16,5000,0.4,0.05,rbf,median,anytime,bonferroni,3,2,False,B_BETTER,224,True,False,False,0.00020875001791864634,0.4,0.7200353639175696,True,True,True,False
e2aff4a9835d287fe54c,representation,representation_disagreement,2294,664529123,16,5000,0.4,0.05,rbf,median,anytime,bonferroni,3,2,False,B_BETTER,288,True,False,False,0.00021033297525718808,0.4,0.6458901399180805,True,True,True,False
90d13a11b7aeec194bf3,representation,representation_disagreement,2295,293358763,16,5000,0.4,0.05,rbf,median,anytime,bonferroni,3,2,False,B_BETTER,304,True,False,False,0.00020929198944941163,0.4,0.6309186896508341,True,True,True,False
ce8e882d4275dc488ce8,representation,representation_disagreement,2296,2243447183,16,5000,0.4,0.05,rbf,median,anytime,bonferroni,3,2,False,B_BETTER,256,True,False,False,0.00020691700046882033,0.4,0.6796858875495522,True,True,True,False
d85461bb0378655bfca1,representation,representation_disagreement,2297,3562116571,16,5000,0.4,0.05,rbf,median,anytime,bonferroni,3,2,False,B_BETTER,272,True,False,False,0.00020795798627659678,0.4,0.6620856821127258,True,True,True,False
c217275c8573c990065e,representation,representation_disagreement,2298,3832592273,16,5000,0.4,0.05,rbf,median,anytime,bonferroni,3,2,False,B_BETTER,320,True,False,False,0.00020966597367078066,0.4,0.6170219115444305,True,True,True,False
d302a654136ad5d4c4b1,representation,representation_disagreement,2299,64174302,16,5000,0.4,0.05,rbf,median,anytime,bonferroni,3,2,False,B_BETTER,288,True,False,False,0.000207458040677011,0.4,0.6458901399180805,True,True,True,False
6d5c5cb17e64dac16735,representation,representation_disagreement,2300,2694338891,16,5000,0.4,0.05,rbf,median,anytime,bonferroni,3,2,False,B_BETTER,272,True,False,False,0.00020679202862083912,0.4,0.6620856821127258,True,True,True,False
f493ce237f6973a0bf0d,representation,representation_disagreement,2301,354451562,16,5000,0.4,0.05,rbf,median,anytime,bonferroni,3,2,False,B_BETTER,224,True,False,False,0.00020400003995746374,0.4,0.7200353639175696,True,True,True,False
8d9170f7d8f940c34df5,representation,representation_disagreement,2302,724380945,16,5000,0.4,0.05,rbf,median,anytime,bonferroni,3,2,False,B_BETTER,240,True,False,False,0.00020583299919962883,0.4,0.6989114228795754,True,True,True,False
6d9950c025f9f6c4c542,representation,representation_disagreement,2303,121252160,16,5000,0.4,0.05,rbf,median,anytime,bonferroni,3,2,False,B_BETTER,240,True,False,False,0.00020608300110325217,0.4,0.6989114228795754,True,True,True,False
74af1842930c8af9b635,representation,representation_disagreement,2304,1116831588,16,5000,0.4,0.05,rbf,median,anytime,bonferroni,3,2,False,B_BETTER,272,True,False,False,0.00020750000840052962,0.4,0.6620856821127258,True,True,True,False
0800402ad0b94a295b7e,representation,representation_disagreement,2305,2734181440,16,5000,0.4,0.05,rbf,median,anytime,bonferroni,3,2,False,B_BETTER,272,True,False,False,0.00020279199816286564,0.4,0.6620856821127258,True,True,True,False
1168e2d4146b82ed9a5d,representation,representation_disagreement,2306,1183619028,16,5000,0.4,0.05,rbf,median,anytime,bonferroni,3,2,False,B_BETTER,240,True,False,False,0.00017754198051989079,0.4,0.6989114228795754,True,True,True,False
117b2e6169badf2bb458,representation,representation_disagreement,2307,3681528161,16,5000,0.4,0.05,rbf,median,anytime,bonferroni,3,2,False,B_BETTER,256,True,False,False,0.00017712503904476762,0.4,0.6796858875495522,True,True,True,False
299023103a2793378c83,representation,representation_disagreement,2308,1831772263,16,5000,0.4,0.05,rbf,median,anytime,bonferroni,3,2,False,B_BETTER,288,True,False,False,0.000179917027708143,0.4,0.6458901399180805,True,True,True,False
55bb4a952d7e1d7246c1,representation,representation_disagreement,2309,1106571996,16,5000,0.4,0.05,rbf,median,anytime,bonferroni,3,2,False,B_BETTER,224,True,False,False,0.0001770830131135881,0.4,0.7200353639175696,True,True,True,False
a659a13953d492c31b92,representation,representation_disagreement,2310,3972874206,16,5000,0.4,0.05,rbf,median,anytime,bonferroni,3,2,False,B_BETTER,208,True,False,False,0.0001769589725881815,0.4,0.7434004973451923,True,True,True,False
63f1f38bdf1026aa1b0e,representation,representation_disagreement,2311,3083690522,16,5000,0.4,0.05,rbf,median,anytime,bonferroni,3,2,False,B_BETTER,272,True,False,False,0.00017887505237013102,0.4,0.6620856821127259,True,True,True,False
049a2fb4a20aebb614ec,representation,representation_disagreement,2312,338333524,16,5000,0.4,0.05,rbf,median,anytime,bonferroni,3,2,False,B_BETTER,256,True,False,False,0.0001781670143827796,0.4,0.6796858875495522,True,True,True,False
4773203e37e7c9acded3,representation,representation_disagreement,2313,498695272,16,5000,0.4,0.05,rbf,median,anytime,bonferroni,3,2,False,B_BETTER,256,True,False,False,0.00017745897639542818,0.4,0.6796858875495522,True,True,True,False
7f0a1b5baa34b24d3aac,representation,representation_disagreement,2314,2206296354,16,5000,0.4,0.05,rbf,median,anytime,bonferroni,3,2,False,B_BETTER,240,True,False,False,0.00017745897639542818,0.4,0.6989114228795754,True,True,True,False
01120a49ee29d26cfbd3,representation,representation_disagreement,2315,1468629197,16,5000,0.4,0.05,rbf,median,anytime,bonferroni,3,2,False,B_BETTER,240,True,False,False,0.00017712503904476762,0.4,0.6989114228795754,True,True,True,False
0ba8527ed85a4dbf05e2,representation,representation_disagreement,2316,1156361953,16,5000,0.4,0.05,rbf,median,anytime,bonferroni,3,2,False,B_BETTER,240,True,False,False,0.00017662503523752093,0.4,0.6989114228795754,True,True,True,False
f538baf43120c437923f,representation,representation_disagreement,2317,4190881889,16,5000,0.4,0.05,rbf,median,anytime,bonferroni,3,2,False,B_BETTER,256,True,False,False,0.0001781670143827796,0.4,0.6796858875495522,True,True,True,False
0f2aaea56a6ab6905212,representation,representation_disagreement,2318,2064633393,16,5000,0.4,0.05,rbf,median,anytime,bonferroni,3,2,False,B_BETTER,224,True,False,False,0.0001754160039126873,0.4,0.7200353639175696,True,True,True,False
b2c503964d8b3649b1ff,representation,representation_disagreement,2319,1944961713,16,5000,0.4,0.05,rbf,median,anytime,bonferroni,3,2,False,B_BETTER,224,True,False,False,0.00017729098908603191,0.4,0.7200353639175696,True,True,True,False
e37351577ef51e884280,representation,representation_disagreement,2320,2488657440,16,5000,0.4,0.05,rbf,median,anytime,bonferroni,3,2,False,B_BETTER,272,True,False,False,0.00017770897829905152,0.4,0.6620856821127257,True,True,True,False
845ca7f37dbf6e7dad49,representation,representation_disagreement,2321,1999850262,16,5000,0.4,0.05,rbf,median,anytime,bonferroni,3,2,False,B_BETTER,224,True,False,False,0.00017679104348644614,0.4,0.7200353639175696,True,True,True,False
1bf25341f95b7738ffc1,representation,representation_disagreement,2322,1339794620,16,5000,0.4,0.05,rbf,median,anytime,bonferroni,3,2,False,B_BETTER,288,True,False,False,0.00017912499606609344,0.4,0.6458901399180805,True,True,True,False
65f8d471805ed1ef12ef,representation,representation_disagreement,2323,3154929962,16,5000,0.4,0.05,rbf,median,anytime,bonferroni,3,2,False,B_BETTER,240,True,False,False,0.00017695798305794597,0.4,0.6989114228795754,True,True,True,False
4f19784239da41ef228e,representation,representation_disagreement,2324,3007871065,16,5000,0.4,0.05,rbf,median,anytime,bonferroni,3,2,False,B_BETTER,256,True,False,False,0.00017733301501721144,0.4,0.6796858875495522,True,True,True,False
fff21610a2a9dae38bfd,representation,representation_disagreement,2325,4051454472,16,5000,0.4,0.05,rbf,median,anytime,bonferroni,3,2,False,B_BETTER,208,True,False,False,0.00017620803555473685,0.4,0.7434004973451923,True,True,True,False
b1d00cb61282a6640c17,representation,representation_disagreement,2326,2662588585,16,5000,0.4,0.05,rbf,median,anytime,bonferroni,3,2,False,B_BETTER,256,True,False,False,0.00017791701247915626,0.4,0.6796858875495522,True,True,True,False
5c5aab55707d1a92e4e9,representation,representation_disagreement,2327,2334045686,16,5000,0.4,0.05,rbf,median,anytime,bonferroni,3,2,False,B_BETTER,256,True,False,False,0.00017883296823129058,0.4,0.6796858875495522,True,True,True,False
a1cecfb705c309f6e2e6,representation,representation_disagreement,2328,611179339,16,5000,0.4,0.05,rbf,median,anytime,bonferroni,3,2,False,B_BETTER,208,True,False,False,0.0001752499956637621,0.4,0.7434004973451923,True,True,True,False
33d75e6625b687bb933f,representation,representation_disagreement,2329,70841017,16,5000,0.4,0.05,rbf,median,anytime,bonferroni,3,2,False,B_BETTER,304,True,False,False,0.0001800830359570682,0.4,0.6309186896508341,True,True,True,False
7421acc2d2c08df239d6,representation,representation_disagreement,2330,2966130651,16,5000,0.4,0.05,rbf,median,anytime,bonferroni,3,2,False,B_BETTER,224,True,False,False,0.00017645797925069928,0.4,0.7200353639175696,True,True,True,False
6260cad666e556513ce8,representation,representation_disagreement,2331,2989036513,16,5000,0.4,0.05,rbf,median,anytime,bonferroni,3,2,False,B_BETTER,272,True,False,False,0.0001776670105755329,0.4,0.6620856821127257,True,True,True,False
f8184369e7fc129e0243,representation,representation_disagreement,2332,3147427933,16,5000,0.4,0.05,rbf,median,anytime,bonferroni,3,2,False,B_BETTER,256,True,False,False,0.00017745897639542818,0.4,0.6796858875495522,True,True,True,False
12d11bf3351baf2a0287,representation,representation_disagreement,2333,1025040571,16,5000,0.4,0.05,rbf,median,anytime,bonferroni,3,2,False,B_BETTER,224,True,False,False,0.0001765830093063414,0.4,0.7200353639175696,True,True,True,False
c98256fb2c46c2782836,representation,representation_disagreement,2334,4206965392,16,5000,0.4,0.05,rbf,median,anytime,bonferroni,3,2,False,B_BETTER,256,True,False,False,0.00017729197861626744,0.4,0.6796858875495522,True,True,True,False
99922d42db3f533a3cdf,representation,representation_disagreement,2335,3021691509,16,5000,0.4,0.05,rbf,median,anytime,bonferroni,3,2,False,B_BETTER,256,True,False,False,0.00017641601152718067,0.4,0.6796858875495522,True,True,True,False
bf979ba46a35361f3589,representation,representation_disagreement,2336,4036516174,16,5000,0.4,0.05,rbf,median,anytime,bonferroni,3,2,False,B_BETTER,288,True,False,False,0.00017987500177696347,0.4,0.6458901399180805,True,True,True,False
389548aa7c16f08f9534,representation,representation_disagreement,2337,2821734974,16,5000,0.4,0.05,rbf,median,anytime,bonferroni,3,2,False,B_BETTER,240,True,False,False,0.00017662497702986002,0.4,0.6989114228795754,True,True,True,False
d7626b5ccc44daa1c099,representation,representation_disagreement,2338,1991400217,16,5000,0.4,0.05,rbf,median,anytime,bonferroni,3,2,False,B_BETTER,256,True,False,False,0.00017795799067243934,0.4,0.6796858875495522,True,True,True,False
62003d3a8519b84e7413,representation,representation_disagreement,2339,3279894102,16,5000,0.4,0.05,rbf,median,anytime,bonferroni,3,2,False,B_BETTER,224,True,False,False,0.00017775001469999552,0.4,0.7200353639175696,True,True,True,False
4f63a5816caec186a839,representation,representation_disagreement,2340,419890064,16,5000,0.4,0.05,rbf,median,anytime,bonferroni,3,2,False,B_BETTER,288,True,False,False,0.0001917920308187604,0.4,0.6458901399180805,True,True,True,False
84fa72c6f83d47f2c72b,representation,representation_disagreement,2341,668792710,16,5000,0.4,0.05,rbf,median,anytime,bonferroni,3,2,False,B_BETTER,256,True,False,False,0.00019049999536946416,0.4,0.6796858875495522,True,True,True,False
ce31616e50ba7a330fa1,representation,representation_disagreement,2342,1516304947,16,5000,0.4,0.05,rbf,median,anytime,bonferroni,3,2,False,B_BETTER,256,True,False,False,0.00017750001279637218,0.4,0.6796858875495522,True,True,True,False
5f9e0ff5e059b99fa48f,representation,representation_disagreement,2343,795233892,16,5000,0.4,0.05,rbf,median,anytime,bonferroni,3,2,False,B_BETTER,240,True,False,False,0.0001763750333338976,0.4,0.6989114228795754,True,True,True,False
b4deae3b13d00d033e84,representation,representation_disagreement,2344,57001161,16,5000,0.4,0.05,rbf,median,anytime,bonferroni,3,2,False,B_BETTER,256,True,False,False,0.00017995800590142608,0.4,0.6796858875495522,True,True,True,False
5c0601e7f8c03bb18ade,representation,representation_disagreement,2345,3090777866,16,5000,0.4,0.05,rbf,median,anytime,bonferroni,3,2,False,B_BETTER,304,True,False,False,0.00018033297965303063,0.4,0.6309186896508341,True,True,True,False
e86fbc75eabd9ed9ee50,representation,representation_disagreement,2346,1209504160,16,5000,0.4,0.05,rbf,median,anytime,bonferroni,3,2,False,B_BETTER,272,True,False,False,0.0001770830131135881,0.4,0.6620856821127258,True,True,True,False
3def3bf7a8f9824d2f38,representation,representation_disagreement,2347,1427123401,16,5000,0.4,0.05,rbf,median,anytime,bonferroni,3,2,False,B_BETTER,320,True,False,False,0.0001782499602995813,0.4,0.6170219115444304,True,True,True,False
a2448fab070f48f03939,representation,representation_disagreement,2348,2794394378,16,5000,0.4,0.05,rbf,median,anytime,bonferroni,3,2,False,B_BETTER,272,True,False,False,0.0001777910511009395,0.4,0.6620856821127258,True,True,True,False
58f34ee1de0acb1035ba,representation,representation_disagreement,2349,4166292262,16,5000,0.4,0.05,rbf,median,anytime,bonferroni,3,2,False,B_BETTER,256,True,False,False,0.00017679203301668167,0.4,0.6796858875495522,True,True,True,False
c9bb42b2a3eb1d376d9d,representation,representation_disagreement,2350,3633239947,16,5000,0.4,0.05,rbf,median,anytime,bonferroni,3,2,False,B_BETTER,288,True,False,False,0.00018204195657745004,0.4,0.6458901399180805,True,True,True,False
2bf6c47a69255345a1f2,representation,representation_disagreement,2351,2231718605,16,5000,0.4,0.05,rbf,median,anytime,bonferroni,3,2,False,B_BETTER,288,True,False,False,0.0001800000318326056,0.4,0.6458901399180805,True,True,True,False
383714b6e3b7771eba6a,representation,representation_disagreement,2352,128420714,16,5000,0.4,0.05,rbf,median,anytime,bonferroni,3,2,False,B_BETTER,224,True,False,False,0.00017733394633978605,0.4,0.7200353639175696,True,True,True,False
f57a0e9016a9aaaa90cf,representation,representation_disagreement,2353,1368494842,16,5000,0.4,0.05,rbf,median,anytime,bonferroni,3,2,False,B_BETTER,208,True,False,False,0.00017558300169184804,0.4,0.7434004973451923,True,True,True,False
5f1d487b6fc73f9aaa9f,representation,representation_disagreement,2354,3960904456,16,5000,0.4,0.05,rbf,median,anytime,bonferroni,3,2,False,B_BETTER,240,True,False,False,0.0001777499564923346,0.4,0.6989114228795754,True,True,True,False
0b4c88e8470c40155a88,representation,representation_disagreement,2355,295295636,16,5000,0.4,0.05,rbf,median,anytime,bonferroni,3,2,False,B_BETTER,304,True,False,False,0.00017900002421811223,0.4,0.6309186896508341,True,True,True,False
b116191c155c547a6c77,representation,representation_disagreement,2356,1334804811,16,5000,0.4,0.05,rbf,median,anytime,bonferroni,3,2,False,B_BETTER,288,True,False,False,0.00017837504856288433,0.4,0.6458901399180805,True,True,True,False
18907432ab71f075c0a7,representation,representation_disagreement,2357,1022043482,16,5000,0.4,0.05,rbf,median,anytime,bonferroni,3,2,False,B_BETTER,240,True,False,False,0.00017754099098965526,0.4,0.6989114228795754,True,True,True,False
3efd92f55326dcd269ae,representation,representation_disagreement,2358,2186225674,16,5000,0.4,0.05,rbf,median,anytime,bonferroni,3,2,False,B_BETTER,240,True,False,False,0.0001771660172380507,0.4,0.6989114228795754,True,True,True,False
681557fa969b06be1468,representation,representation_disagreement,2359,1321921298,16,5000,0.4,0.05,rbf,median,anytime,bonferroni,3,2,False,B_BETTER,224,True,False,False,0.00017574999947100878,0.4,0.7200353639175696,True,True,True,False
ee82181be4da0d26858e,representation,representation_disagreement,2360,1886063632,16,5000,0.4,0.05,rbf,median,anytime,bonferroni,3,2,False,B_BETTER,272,True,False,False,0.00017758301692083478,0.4,0.6620856821127259,True,True,True,False
70ad87d842590e176342,representation,representation_disagreement,2361,548794716,16,5000,0.4,0.05,rbf,median,anytime,bonferroni,3,2,False,B_BETTER,272,True,False,False,0.0001775420387275517,0.4,0.6620856821127258,True,True,True,False
791c499dc5a5e96cc771,representation,representation_disagreement,2362,1032129660,16,5000,0.4,0.05,rbf,median,anytime,bonferroni,3,2,False,B_BETTER,256,True,False,False,0.00017812498845160007,0.4,0.6796858875495522,True,True,True,False
b164c4cdea10fb40d2ed,representation,representation_disagreement,2363,3222790207,16,5000,0.4,0.05,rbf,median,anytime,bonferroni,3,2,False,B_BETTER,320,True,False,False,0.00018008402548730373,0.4,0.6170219115444306,True,True,True,False
4f6e9819d3dd889fd7c5,representation,representation_disagreement,2364,1502696701,16,5000,0.4,0.05,rbf,median,anytime,bonferroni,3,2,False,B_BETTER,304,True,False,False,0.00017829204443842173,0.4,0.6309186896508341,True,True,True,False
786448ebb7f2740ae927,representation,representation_disagreement,2365,3107418942,16,5000,0.4,0.05,rbf,median,anytime,bonferroni,3,2,False,B_BETTER,240,True,False,False,0.00017591699725016952,0.4,0.6989114228795754,True,True,True,False
3e8220b86df83b8ceb9d,representation,representation_disagreement,2366,2056945667,16,5000,0.4,0.05,rbf,median,anytime,bonferroni,3,2,False,B_BETTER,240,True,False,False,0.00020225002663210034,0.4,0.6989114228795754,True,True,True,False
8298c7dd7a1a174072f7,representation,representation_disagreement,2367,4020031548,16,5000,0.4,0.05,rbf,median,anytime,bonferroni,3,2,False,B_BETTER,256,True,False,False,0.000203792005777359,0.4,0.6796858875495522,True,True,True,False
2b00449bac641718a2ca,representation,representation_disagreement,2368,337263811,16,5000,0.4,0.05,rbf,median,anytime,bonferroni,3,2,False,B_BETTER,240,True,False,False,0.00020354101434350014,0.4,0.6989114228795754,True,True,True,False
d7b095846814aaf5998f,representation,representation_disagreement,2369,2864579163,16,5000,0.4,0.05,rbf,median,anytime,bonferroni,3,2,False,B_BETTER,256,True,False,False,0.00020487501751631498,0.4,0.6796858875495522,True,True,True,False
3a31d1e745d708ea7c23,representation,representation_disagreement,2370,4256191816,16,5000,0.4,0.05,rbf,median,anytime,bonferroni,3,2,False,B_BETTER,240,True,False,False,0.00020524999126791954,0.4,0.6989114228795754,True,True,True,False
24942af98a07de3f9aee,representation,representation_disagreement,2371,3482669551,16,5000,0.4,0.05,rbf,median,anytime,bonferroni,3,2,False,B_BETTER,240,True,False,False,0.00020441599190235138,0.4,0.6989114228795754,True,True,True,False
f5ece4dec318dc8cf76e,representation,representation_disagreement,2372,2007398980,16,5000,0.4,0.05,rbf,median,anytime,bonferroni,3,2,False,B_BETTER,256,True,False,False,0.00020595802925527096,0.4,0.6796858875495522,True,True,True,False
870076ba6e7bdc035bb2,representation,representation_disagreement,2373,2243407863,16,5000,0.4,0.05,rbf,median,anytime,bonferroni,3,2,False,B_BETTER,224,True,False,False,0.00020258402219042182,0.4,0.7200353639175696,True,True,True,False
a4cd53cf055ba6d3ab89,representation,representation_disagreement,2374,3232187807,16,5000,0.4,0.05,rbf,median,anytime,bonferroni,3,2,False,B_BETTER,240,True,False,False,0.00020470796152949333,0.4,0.6989114228795754,True,True,True,False
62bc3b770af7ff1f92ec,representation,representation_disagreement,2375,3058110841,16,5000,0.4,0.05,rbf,median,anytime,bonferroni,3,2,False,B_BETTER,256,True,False,False,0.00020537496311590075,0.4,0.6796858875495522,True,True,True,False
fbcc603a7a6f5033a52e,representation,representation_disagreement,2376,599565750,16,5000,0.4,0.05,rbf,median,anytime,bonferroni,3,2,False,B_BETTER,224,True,False,False,0.00020399998174980283,0.4,0.7200353639175696,True,True,True,False
f0d348aeebf049826932,representation,representation_disagreement,2377,2685713784,16,5000,0.4,0.05,rbf,median,anytime,bonferroni,3,2,False,B_BETTER,256,True,False,False,0.00020404200768098235,0.4,0.6796858875495522,True,True,True,False
40f1490393f68912ebcf,representation,representation_disagreement,2378,671747818,16,5000,0.4,0.05,rbf,median,anytime,bonferroni,3,2,False,B_BETTER,272,True,False,False,0.00020637502893805504,0.4,0.6620856821127259,True,True,True,False
9b7e207ceef94a764446,representation,representation_disagreement,2379,1945871609,16,5000,0.4,0.05,rbf,median,anytime,bonferroni,3,2,False,B_BETTER,256,True,False,False,0.0002049999893642962,0.4,0.6796858875495522,True,True,True,False
e29a9890164b0cc4f966,representation,representation_disagreement,2380,3627948421,16,5000,0.4,0.05,rbf,median,anytime,bonferroni,3,2,False,B_BETTER,256,True,False,False,0.00020599999697878957,0.4,0.6796858875495522,True,True,True,False
aa13b04933fa4eb1f5b0,representation,representation_disagreement,2381,3660327250,16,5000,0.4,0.05,rbf,median,anytime,bonferroni,3,2,False,B_BETTER,224,True,False,False,0.0002044999855570495,0.4,0.7200353639175696,True,True,True,False
d8fbeae7938fccc7b2a1,representation,representation_disagreement,2382,4025789074,16,5000,0.4,0.05,rbf,median,anytime,bonferroni,3,2,False,B_BETTER,224,True,False,False,0.00020429096184670925,0.4,0.7200353639175696,True,True,True,False
b0565927ea8e5e2fc729,representation,representation_disagreement,2383,368245045,16,5000,0.4,0.05,rbf,median,anytime,bonferroni,3,2,False,B_BETTER,288,True,False,False,0.00020804197993129492,0.4,0.6458901399180805,True,True,True,False
19851915b39f3211bac3,representation,representation_disagreement,2384,2593051778,16,5000,0.4,0.05,rbf,median,anytime,bonferroni,3,2,False,B_BETTER,320,True,False,False,0.00020883302204310894,0.4,0.6170219115444306,True,True,True,False
93dea1a592ac786653e1,representation,representation_disagreement,2385,680924686,16,5000,0.4,0.05,rbf,median,anytime,bonferroni,3,2,False,B_BETTER,176,True,False,False,0.0002007920411415398,0.4,0.7987351700636653,True,True,True,False
86bc94896e96140dcf12,representation,representation_disagreement,2386,2313575423,16,5000,0.4,0.05,rbf,median,anytime,bonferroni,3,2,False,B_BETTER,224,True,False,False,0.00020366598619148135,0.4,0.7200353639175696,True,True,True,False
31934ed4f6e6b00acee9,representation,representation_disagreement,2387,1426455449,16,5000,0.4,0.05,rbf,median,anytime,bonferroni,3,2,False,B_BETTER,224,True,False,False,0.00020679098088294268,0.4,0.7200353639175696,True,True,True,False
58f94e288ea1bbe476d1,representation,representation_disagreement,2388,2338240339,16,5000,0.4,0.05,rbf,median,anytime,bonferroni,3,2,False,B_BETTER,224,True,False,False,0.00020270899403840303,0.4,0.7200353639175696,True,True,True,False
e868807fec157f6a06a5,representation,representation_disagreement,2389,2378865736,16,5000,0.4,0.05,rbf,median,anytime,bonferroni,3,2,False,B_BETTER,240,True,False,False,0.0002050419570878148,0.4,0.6989114228795754,True,True,True,False
2d2c7333397eaa86d14b,representation,representation_disagreement,2390,1019546160,16,5000,0.4,0.05,rbf,median,anytime,bonferroni,3,2,False,B_BETTER,224,True,False,False,0.0002044169814325869,0.4,0.7200353639175696,True,True,True,False
636ea44773c67a655067,representation,representation_disagreement,2391,189060278,16,5000,0.4,0.05,rbf,median,anytime,bonferroni,3,2,False,B_BETTER,288,True,False,False,0.0002074579824693501,0.4,0.6458901399180805,True,True,True,False
c327edf2604e28cabc36,representation,representation_disagreement,2392,2093462710,16,5000,0.4,0.05,rbf,median,anytime,bonferroni,3,2,False,B_BETTER,272,True,False,False,0.00020545802544802427,0.4,0.6620856821127258,True,True,True,False
ed6306b5a98c2eb14026,representation,representation_disagreement,2393,3189193277,16,5000,0.4,0.05,rbf,median,anytime,bonferroni,3,2,False,B_BETTER,256,True,False,False,0.00020454201148822904,0.4,0.6796858875495522,True,True,True,False
649592fe8065c7fca653,representation,representation_disagreement,2394,3281005586,16,5000,0.4,0.05,rbf,median,anytime,bonferroni,3,2,False,B_BETTER,240,True,False,False,0.00020424998365342617,0.4,0.6989114228795754,True,True,True,False
a85e6c99e0fa5d3e3f2f,representation,representation_disagreement,2395,2976759662,16,5000,0.4,0.05,rbf,median,anytime,bonferroni,3,2,False,B_BETTER,224,True,False,False,0.00020424998365342617,0.4,0.7200353639175696,True,True,True,False
fed119696e9275dd8203,representation,representation_disagreement,2396,398330195,16,5000,0.4,0.05,rbf,median,anytime,bonferroni,3,2,False,B_BETTER,320,True,False,False,0.00020766601664945483,0.4,0.6170219115444305,True,True,True,False
ae58b5399565ad64d72a,representation,representation_disagreement,2397,43731877,16,5000,0.4,0.05,rbf,median,anytime,bonferroni,3,2,False,B_BETTER,272,True,False,False,0.00020462495740503073,0.4,0.6620856821127258,True,True,True,False
d4a9257442cd3f95f630,representation,representation_disagreement,2398,1688828224,16,5000,0.4,0.05,rbf,median,anytime,bonferroni,3,2,False,B_BETTER,240,True,False,False,0.00020441599190235138,0.4,0.6989114228795754,True,True,True,False
3afc91c521f48dc73b33,representation,representation_disagreement,2399,3258771100,16,5000,0.4,0.05,rbf,median,anytime,bonferroni,3,2,False,B_BETTER,224,True,False,False,0.00020362500799819827,0.4,0.7200353639175696,True,True,True,False
e3712af0e420a9910616,representation,representation_disagreement,2400,1764441654,16,5000,0.4,0.05,rbf,median,anytime,bonferroni,3,2,False,B_BETTER,256,True,False,False,0.00020520802354440093,0.4,0.6796858875495522,True,True,True,False
e25b3f2938f9bcec9aab,representation,representation_disagreement,2401,1425475714,16,5000,0.4,0.05,rbf,median,anytime,bonferroni,3,2,False,B_BETTER,304,True,False,False,0.00020837498595938087,0.4,0.6309186896508341,True,True,True,False
2ec2205fbf6f5574f037,representation,representation_disagreement,2402,765918545,16,5000,0.4,0.05,rbf,median,anytime,bonferroni,3,2,False,B_BETTER,240,True,False,False,0.00020466698333621025,0.4,0.6989114228795754,True,True,True,False
ec911fa0854ebe6d7552,representation,representation_disagreement,2403,2589987576,16,5000,0.4,0.05,rbf,median,anytime,bonferroni,3,2,False,B_BETTER,288,True,False,False,0.00020641699666157365,0.4,0.6458901399180805,True,True,True,False
64842b346274ab50e281,representation,representation_disagreement,2404,4101818380,16,5000,0.4,0.05,rbf,median,anytime,bonferroni,3,2,False,B_BETTER,240,True,False,False,0.0002049580216407776,0.4,0.6989114228795754,True,True,True,False
ada54ff3494ed2d62eff,representation,representation_disagreement,2405,2751919066,16,5000,0.4,0.05,rbf,median,anytime,bonferroni,3,2,False,B_BETTER,256,True,False,False,0.00020587496692314744,0.4,0.6796858875495522,True,True,True,False
0abb4b7b85f7eb946b1e,representation,representation_disagreement,2406,433424729,16,5000,0.4,0.05,rbf,median,anytime,bonferroni,3,2,False,B_BETTER,256,True,False,False,0.00020470895105972886,0.4,0.6796858875495522,True,True,True,False
c95ede89e9a33405cab6,representation,representation_disagreement,2407,1608107074,16,5000,0.4,0.05,rbf,median,anytime,bonferroni,3,2,False,B_BETTER,240,True,False,False,0.00020479102386161685,0.4,0.6989114228795754,True,True,True,False
dd3f961bd4c48e375f3f,representation,representation_disagreement,2408,3740412004,16,5000,0.4,0.05,rbf,median,anytime,bonferroni,3,2,False,B_BETTER,288,True,False,False,0.00020620896248146892,0.4,0.6458901399180805,True,True,True,False
ada13a1a9dedcba3a538,representation,representation_disagreement,2409,2852460957,16,5000,0.4,0.05,rbf,median,anytime,bonferroni,3,2,False,B_BETTER,240,True,False,False,0.00020391703583300114,0.4,0.6989114228795754,True,True,True,False
0a62e2437f49a5d2c104,representation,representation_disagreement,2410,1261292387,16,5000,0.4,0.05,rbf,median,anytime,bonferroni,3,2,False,B_BETTER,240,True,False,False,0.0002049169852398336,0.4,0.6989114228795754,True,True,True,False
a6e9ff08c0b8d96e3fa5,representation,representation_disagreement,2411,2372480549,16,5000,0.4,0.05,rbf,median,anytime,bonferroni,3,2,False,B_BETTER,224,True,False,False,0.0002042090054601431,0.4,0.7200353639175696,True,True,True,False
12884f48d912d13a107f,representation,representation_disagreement,2412,2136460022,16,5000,0.4,0.05,rbf,median,anytime,bonferroni,3,2,False,B_BETTER,288,True,False,False,0.00020629202481359243,0.4,0.6458901399180805,True,True,True,False
01c7936ef09b120352fe,representation,representation_disagreement,2413,2546691825,16,5000,0.4,0.05,rbf,median,anytime,bonferroni,3,2,False,B_BETTER,272,True,False,False,0.00020587502513080835,0.4,0.6620856821127258,True,True,True,False
b82eef91eefa051d4428,representation,representation_disagreement,2414,2615788327,16,5000,0.4,0.05,rbf,median,anytime,bonferroni,3,2,False,B_BETTER,272,True,False,False,0.0002050000475719571,0.4,0.6620856821127258,True,True,True,False
4061b90e690719a6a380,representation,representation_disagreement,2415,4165127713,16,5000,0.4,0.05,rbf,median,anytime,bonferroni,3,2,False,B_BETTER,272,True,False,False,0.00020524999126791954,0.4,0.6620856821127259,True,True,True,False
6fe454ed4d43bace9b14,representation,representation_disagreement,2416,2526847367,16,5000,0.4,0.05,rbf,median,anytime,bonferroni,3,2,False,B_BETTER,288,True,False,False,0.0002062079729512334,0.4,0.6458901399180805,True,True,True,False
1442474baef5245e0b8f,representation,representation_disagreement,2417,2118482740,16,5000,0.4,0.05,rbf,median,anytime,bonferroni,3,2,False,B_BETTER,208,True,False,False,0.00020458298968151212,0.4,0.7434004973451923,True,True,True,False
f0ee3d74f2b284642e23,representation,representation_disagreement,2418,2006500223,16,5000,0.4,0.05,rbf,median,anytime,bonferroni,3,2,False,B_BETTER,272,True,False,False,0.00020591699285432696,0.4,0.6620856821127258,True,True,True,False
11dd5e70194dcb167c36,representation,representation_disagreement,2419,80446423,16,5000,0.4,0.05,rbf,median,anytime,bonferroni,3,2,False,B_BETTER,256,True,False,False,0.0001795829739421606,0.4,0.6796858875495522,True,True,True,False
12405e179d6f8d6a1a38,representation,representation_disagreement,2420,448544698,16,5000,0.4,0.05,rbf,median,anytime,bonferroni,3,2,False,B_BETTER,192,True,False,False,0.00017566699534654617,0.4,0.7694441991638782,True,True,True,False
8068d8b5a7737264cff4,representation,representation_disagreement,2421,3772780495,16,5000,0.4,0.05,rbf,median,anytime,bonferroni,3,2,False,B_BETTER,288,True,False,False,0.00017816602485254407,0.4,0.6458901399180805,True,True,True,False
bd59feafe444a735ade0,representation,representation_disagreement,2422,3442202448,16,5000,0.4,0.05,rbf,median,anytime,bonferroni,3,2,False,B_BETTER,272,True,False,False,0.00017733301501721144,0.4,0.6620856821127258,True,True,True,False
1be91f01b9c13bed426f,representation,representation_disagreement,2423,423152104,16,5000,0.4,0.05,rbf,median,anytime,bonferroni,3,2,False,B_BETTER,240,True,False,False,0.0001776670105755329,0.4,0.6989114228795754,True,True,True,False
c4df781e39bbc034b4a5,representation,representation_disagreement,2424,2129689796,16,5000,0.4,0.05,rbf,median,anytime,bonferroni,3,2,False,B_BETTER,256,True,False,False,0.0001770830131135881,0.4,0.6796858875495522,True,True,True,False
af77f08301a4636c0258,representation,representation_disagreement,2425,2074347686,16,5000,0.4,0.05,rbf,median,anytime,bonferroni,3,2,False,B_BETTER,256,True,False,False,0.00017708400264382362,0.4,0.6796858875495522,True,True,True,False
2ee9c3407ebcfa9cdc4f,representation,representation_disagreement,2426,2782874337,16,5000,0.4,0.05,rbf,median,anytime,bonferroni,3,2,False,B_BETTER,256,True,False,False,0.00017737498274073005,0.4,0.6796858875495522,True,True,True,False
1adebe3738bb6cfe27ed,representation,representation_disagreement,2427,1624973990,16,5000,0.4,0.05,rbf,median,anytime,bonferroni,3,2,False,B_BETTER,208,True,False,False,0.0001793339615687728,0.4,0.7434004973451923,True,True,True,False
ca014047be0fe0125c01,representation,representation_disagreement,2428,3835898884,16,5000,0.4,0.05,rbf,median,anytime,bonferroni,3,2,False,B_BETTER,288,True,False,False,0.00017837499035522342,0.4,0.6458901399180805,True,True,True,False
656de69ac55e0b16bde1,representation,representation_disagreement,2429,2656009420,16,5000,0.4,0.05,rbf,median,anytime,bonferroni,3,2,False,B_BETTER,256,True,False,False,0.00017704098718240857,0.4,0.6796858875495522,True,True,True,False
8a77190173029de604cc,representation,representation_disagreement,2430,161684252,16,5000,0.4,0.05,rbf,median,anytime,bonferroni,3,2,False,B_BETTER,256,True,False,False,0.00017629098147153854,0.4,0.6796858875495522,True,True,True,False
30fe1407855d36fd1cf4,representation,representation_disagreement,2431,3443559878,16,5000,0.4,0.05,rbf,median,anytime,bonferroni,3,2,False,B_BETTER,288,True,False,False,0.00017920800019055605,0.4,0.6458901399180805,True,True,True,False
0964e0f8f46b3d6d8957,representation,representation_disagreement,2432,997628478,16,5000,0.4,0.05,rbf,median,anytime,bonferroni,3,2,False,B_BETTER,336,True,False,False,0.00018024997552856803,0.4,0.60407492330224,True,True,True,False
dd901eba4a14cd7965d8,representation,representation_disagreement,2433,319919411,16,5000,0.4,0.05,rbf,median,anytime,bonferroni,3,2,False,B_BETTER,256,True,False,False,0.00017704098718240857,0.4,0.6796858875495522,True,True,True,False
09a1dd9b521787280003,representation,representation_disagreement,2434,507268476,16,5000,0.4,0.05,rbf,median,anytime,bonferroni,3,2,False,B_BETTER,256,True,False,False,0.00017637497512623668,0.4,0.6796858875495522,True,True,True,False
07543ca1993f6ff3f5b6,representation,representation_disagreement,2435,3715903672,16,5000,0.4,0.05,rbf,median,anytime,bonferroni,3,2,False,B_BETTER,336,True,False,False,0.0001794580020941794,0.4,0.60407492330224,True,True,True,False
5ef450829c6952d93e19,representation,representation_disagreement,2436,1069839786,16,5000,0.4,0.05,rbf,median,anytime,bonferroni,3,2,False,B_BETTER,224,True,False,False,0.000175916007719934,0.4,0.7200353639175696,True,True,True,False
6ecc3044e3c860581f94,representation,representation_disagreement,2437,263488832,16,5000,0.4,0.05,rbf,median,anytime,bonferroni,3,2,False,B_BETTER,256,True,False,False,0.00017608399502933025,0.4,0.6796858875495522,True,True,True,False
07a0aaf8c25bf4224ba9,representation,representation_disagreement,2438,703604388,16,5000,0.4,0.05,rbf,median,anytime,bonferroni,3,2,False,B_BETTER,224,True,False,False,0.00017558300169184804,0.4,0.7200353639175696,True,True,True,False
d29fe2b2dd1e59aff96e,representation,representation_disagreement,2439,814369515,16,5000,0.4,0.05,rbf,median,anytime,bonferroni,3,2,False,B_BETTER,256,True,False,False,0.00017725001089274883,0.4,0.6796858875495522,True,True,True,False
e0fc15709688bb81173d,representation,representation_disagreement,2440,3451901585,16,5000,0.4,0.05,rbf,median,anytime,bonferroni,3,2,False,B_BETTER,224,True,False,False,0.0001782499602995813,0.4,0.7200353639175696,True,True,True,False
a775b6c33c7c973f76b9,representation,representation_disagreement,2441,1897731692,16,5000,0.4,0.05,rbf,median,anytime,bonferroni,3,2,False,B_BETTER,304,True,False,False,0.00018020905554294586,0.4,0.6309186896508341,True,True,True,False
f705bca78289079fbc07,representation,representation_disagreement,2442,2623059754,16,5000,0.4,0.05,rbf,median,anytime,bonferroni,3,2,False,B_BETTER,304,True,False,False,0.00017966702580451965,0.4,0.6309186896508341,True,True,True,False
f1fd6bd6bc30b555a088,representation,representation_disagreement,2443,1252065588,16,5000,0.4,0.05,rbf,median,anytime,bonferroni,3,2,False,B_BETTER,224,True,False,False,0.00017704098718240857,0.4,0.7200353639175696,True,True,True,False
3f424af3e1525f3cd9ae,representation,representation_disagreement,2444,3454057786,16,5000,0.4,0.05,rbf,median,anytime,bonferroni,3,2,False,B_BETTER,256,True,False,False,0.000177666952367872,0.4,0.6796858875495522,True,True,True,False
cddb7839490650a61d8b,representation,representation_disagreement,2445,3373459187,16,5000,0.4,0.05,rbf,median,anytime,bonferroni,3,2,False,B_BETTER,256,True,False,False,0.00017741700867190957,0.4,0.6796858875495522,True,True,True,False
114f2c10e97f410e6cc6,representation,representation_disagreement,2446,3094410143,16,5000,0.4,0.05,rbf,median,anytime,bonferroni,3,2,False,B_BETTER,256,True,False,False,0.0001776249846443534,0.4,0.6796858875495522,True,True,True,False
18e5a0d9efeb956015fe,representation,representation_disagreement,2447,415383640,16,5000,0.4,0.05,rbf,median,anytime,bonferroni,3,2,False,B_BETTER,288,True,False,False,0.0001790409442037344,0.4,0.6458901399180805,True,True,True,False
b4f2ca6693356f724e86,representation,representation_disagreement,2448,452372869,16,5000,0.4,0.05,rbf,median,anytime,bonferroni,3,2,False,B_BETTER,256,True,False,False,0.0001782919862307608,0.4,0.6796858875495522,True,True,True,False
0393b44716fa77d3b2c5,representation,representation_disagreement,2449,4290031140,16,5000,0.4,0.05,rbf,median,anytime,bonferroni,3,2,False,B_BETTER,208,True,False,False,0.00017604202730581164,0.4,0.7434004973451922,True,True,True,False
b8946f06f30378aaea47,representation,representation_disagreement,2450,4218027891,16,5000,0.4,0.05,rbf,median,anytime,bonferroni,3,2,False,B_BETTER,224,True,False,False,0.00017629197100177407,0.4,0.7200353639175696,True,True,True,False
eb99726cbef884f89a3a,representation,representation_disagreement,2451,11768021,16,5000,0.4,0.05,rbf,median,anytime,bonferroni,3,2,False,B_BETTER,240,True,False,False,0.0001765830093063414,0.4,0.6989114228795754,True,True,True,False
ba6cb488cf35e9d91eb0,representation,representation_disagreement,2452,2229909386,16,5000,0.4,0.05,rbf,median,anytime,bonferroni,3,2,False,B_BETTER,256,True,False,False,0.00017729203682392836,0.4,0.6796858875495522,True,True,True,False
20c1c5b7c0ee19a065c2,representation,representation_disagreement,2453,1928807455,16,5000,0.4,0.05,rbf,median,anytime,bonferroni,3,2,False,B_BETTER,240,True,False,False,0.00017725001089274883,0.4,0.6989114228795754,True,True,True,False
ff845e55a3c4db5d61ae,representation,representation_disagreement,2454,3062604819,16,5000,0.4,0.05,rbf,median,anytime,bonferroni,3,2,False,B_BETTER,320,True,False,False,0.00017900002421811223,0.4,0.6170219115444306,True,True,True,False
5c43fccb88ad0650690c,representation,representation_disagreement,2455,1061285118,16,5000,0.4,0.05,rbf,median,anytime,bonferroni,3,2,False,B_BETTER,288,True,False,False,0.00017954199574887753,0.4,0.6458901399180805,True,True,True,False
3bd9f5a637d4c80ddb3f,representation,representation_disagreement,2456,1511431323,16,5000,0.4,0.05,rbf,median,anytime,bonferroni,3,2,False,B_BETTER,288,True,False,False,0.00017987500177696347,0.4,0.6458901399180805,True,True,True,False
ec623c72c2fa856e0168,representation,representation_disagreement,2457,1022148982,16,5000,0.4,0.05,rbf,median,anytime,bonferroni,3,2,False,B_BETTER,272,True,False,False,0.000178084010258317,0.4,0.6620856821127258,True,True,True,False
e0f6e48ee9f2cceb87d8,representation,representation_disagreement,2458,1559442775,16,5000,0.4,0.05,rbf,median,anytime,bonferroni,3,2,False,B_BETTER,208,True,False,False,0.00017529097385704517,0.4,0.7434004973451923,True,True,True,False
3da3c61dc0bd16a91e52,representation,representation_disagreement,2459,2771745423,16,5000,0.4,0.05,rbf,median,anytime,bonferroni,3,2,False,B_BETTER,240,True,False,False,0.00017775001469999552,0.4,0.6989114228795754,True,True,True,False
c61f5534d8c548127ed7,representation,representation_disagreement,2460,2165766290,16,5000,0.4,0.05,rbf,median,anytime,bonferroni,3,2,False,B_BETTER,224,True,False,False,0.00017704098718240857,0.4,0.7200353639175696,True,True,True,False
7b6b683b3e94d87209a9,representation,representation_disagreement,2461,4174740873,16,5000,0.4,0.05,rbf,median,anytime,bonferroni,3,2,False,B_BETTER,256,True,False,False,0.00017812498845160007,0.4,0.6796858875495522,True,True,True,False
ad7d4c3c3f1eb49e11e9,representation,representation_disagreement,2462,1876439912,16,5000,0.4,0.05,rbf,median,anytime,bonferroni,3,2,False,B_BETTER,288,True,False,False,0.0001787500223144889,0.4,0.6458901399180805,True,True,True,False
009665c0c2b2be71a51d,representation,representation_disagreement,2463,964493354,16,5000,0.4,0.05,rbf,median,anytime,bonferroni,3,2,False,B_BETTER,240,True,False,False,0.00017841695807874203,0.4,0.6989114228795754,True,True,True,False
b0424099ef8ff5baafbc,representation,representation_disagreement,2464,1546734740,16,5000,0.4,0.05,rbf,median,anytime,bonferroni,3,2,False,B_BETTER,320,True,False,False,0.00018045800970867276,0.4,0.6170219115444305,True,True,True,False
535a06e5f15f3409fee6,representation,representation_disagreement,2465,3659699758,16,5000,0.4,0.05,rbf,median,anytime,bonferroni,3,2,False,B_BETTER,240,True,False,False,0.00017633300740271807,0.4,0.6989114228795754,True,True,True,False
d1461821d7d3c88cd683,representation,representation_disagreement,2466,1188344144,16,5000,0.4,0.05,rbf,median,anytime,bonferroni,3,2,False,B_BETTER,272,True,False,False,0.000177707988768816,0.4,0.6620856821127258,True,True,True,False
cd476a08b79aeba1055e,representation,representation_disagreement,2467,1506038962,16,5000,0.4,0.05,rbf,median,anytime,bonferroni,3,2,False,B_BETTER,208,True,False,False,0.0001759579754434526,0.4,0.7434004973451924,True,True,True,False
5660bdb3636cf30a05cf,representation,representation_disagreement,2468,1659738891,16,5000,0.4,0.05,rbf,median,anytime,bonferroni,3,2,False,B_BETTER,256,True,False,False,0.00017862499225884676,0.4,0.6796858875495522,True,True,True,False
712a4d10607439cf8043,representation,representation_disagreement,2469,4015275897,16,5000,0.4,0.05,rbf,median,anytime,bonferroni,3,2,False,B_BETTER,256,True,False,False,0.00017750001279637218,0.4,0.6796858875495522,True,True,True,False
233d929337340ee8d124,representation,representation_disagreement,2470,3389841846,16,5000,0.4,0.05,rbf,median,anytime,bonferroni,3,2,False,B_BETTER,320,True,False,False,0.00018112501129508018,0.4,0.6170219115444306,True,True,True,False
329e6578132f89b89f57,representation,representation_disagreement,2471,2315490135,16,5000,0.4,0.05,rbf,median,anytime,bonferroni,3,2,False,B_BETTER,256,True,False,False,0.0001787500223144889,0.4,0.6796858875495522,True,True,True,False
24b275b87d9812166b1a,representation,representation_disagreement,2472,3127823070,16,5000,0.4,0.05,rbf,median,anytime,bonferroni,3,2,False,B_BETTER,240,True,False,False,0.00017741700867190957,0.4,0.6989114228795754,True,True,True,False
371bd4dce14f7d44afe4,representation,representation_disagreement,2473,3590176617,16,5000,0.4,0.05,rbf,median,anytime,bonferroni,3,2,False,B_BETTER,272,True,False,False,0.00017849996220320463,0.4,0.6620856821127258,True,True,True,False
f31a3a261631a7c6306b,representation,representation_disagreement,2474,2585683981,16,5000,0.4,0.05,rbf,median,anytime,bonferroni,3,2,False,B_BETTER,288,True,False,False,0.0001793749979697168,0.4,0.6458901399180805,True,True,True,False
5d73f9760f5b517e269f,representation,representation_disagreement,2475,1806460505,16,5000,0.4,0.05,rbf,median,anytime,bonferroni,3,2,False,B_BETTER,256,True,False,False,0.0001775840064510703,0.4,0.6796858875495522,True,True,True,False
efc4e38129d16f4c9b03,representation,representation_disagreement,2476,2196442456,16,5000,0.4,0.05,rbf,median,anytime,bonferroni,3,2,False,B_BETTER,304,True,False,False,0.00018045800970867276,0.4,0.6309186896508341,True,True,True,False
281ed1d20fe30873467e,representation,representation_disagreement,2477,651417290,16,5000,0.4,0.05,rbf,median,anytime,bonferroni,3,2,False,B_BETTER,288,True,False,False,0.00017849996220320463,0.4,0.6458901399180805,True,True,True,False
e528a6218823f8682fb5,representation,representation_disagreement,2478,3327989552,16,5000,0.4,0.05,rbf,median,anytime,bonferroni,3,2,False,B_BETTER,256,True,False,False,0.00017795799067243934,0.4,0.6796858875495522,True,True,True,False
4f062e4efea91965f9e7,representation,representation_disagreement,2479,1531498623,16,5000,0.4,0.05,rbf,median,anytime,bonferroni,3,2,False,B_BETTER,256,True,False,False,0.00017741700867190957,0.4,0.6796858875495522,True,True,True,False
c057aed7dcad4ccbe680,representation,representation_disagreement,2480,1386959048,16,5000,0.4,0.05,rbf,median,anytime,bonferroni,3,2,False,B_BETTER,272,True,False,False,0.00017870799638330936,0.4,0.6620856821127258,True,True,True,False
f0acb954fe5c9adfbb08,representation,representation_disagreement,2481,611695321,16,5000,0.4,0.05,rbf,median,anytime,bonferroni,3,2,False,B_BETTER,208,True,False,False,0.0001764580374583602,0.4,0.7434004973451924,True,True,True,False
f1def930681b742ef029,representation,representation_disagreement,2482,1306335773,16,5000,0.4,0.05,rbf,median,anytime,bonferroni,3,2,False,B_BETTER,256,True,False,False,0.0001770419767126441,0.4,0.6796858875495522,True,True,True,False
8e3d3cc555194623ff56,representation,representation_disagreement,2483,619235950,16,5000,0.4,0.05,rbf,median,anytime,bonferroni,3,2,False,B_BETTER,256,True,False,False,0.0001783329644240439,0.4,0.6796858875495522,True,True,True,False
5d50a2b47094641724a3,representation,representation_disagreement,2484,1823178749,16,5000,0.4,0.05,rbf,median,anytime,bonferroni,3,2,False,B_BETTER,240,True,False,False,0.00017720897449180484,0.4,0.6989114228795754,True,True,True,False
756da76a75642b8bb99e,representation,representation_disagreement,2485,790773530,16,5000,0.4,0.05,rbf,median,anytime,bonferroni,3,2,False,B_BETTER,256,True,False,False,0.00017920800019055605,0.4,0.6796858875495522,True,True,True,False
3bcd39152ea96c0a7423,representation,representation_disagreement,2486,3482587050,16,5000,0.4,0.05,rbf,median,anytime,bonferroni,3,2,False,B_BETTER,240,True,False,False,0.00017862499225884676,0.4,0.6989114228795754,True,True,True,False
5c4c45a1187d960dd487,representation,representation_disagreement,2487,3277290667,16,5000,0.4,0.05,rbf,median,anytime,bonferroni,3,2,False,B_BETTER,272,True,False,False,0.0001787500223144889,0.4,0.6620856821127258,True,True,True,False
5381df36f4fc60ac956e,representation,representation_disagreement,2488,1362524520,16,5000,0.4,0.05,rbf,median,anytime,bonferroni,3,2,False,B_BETTER,224,True,False,False,0.00017675000708550215,0.4,0.7200353639175696,True,True,True,False
ab78f447f51293b2e274,representation,representation_disagreement,2489,3321256214,16,5000,0.4,0.05,rbf,median,anytime,bonferroni,3,2,False,B_BETTER,272,True,False,False,0.0001789579982869327,0.4,0.6620856821127257,True,True,True,False
1930ee9262f890b4b1ef,representation,representation_disagreement,2490,2987926919,16,5000,0.4,0.05,rbf,median,anytime,bonferroni,3,2,False,B_BETTER,304,True,False,False,0.00020524999126791954,0.4,0.6309186896508341,True,True,True,False
b0b0853ad97e851943ea,representation,representation_disagreement,2491,2351111784,16,5000,0.4,0.05,rbf,median,anytime,bonferroni,3,2,False,B_BETTER,240,True,False,False,0.00020591699285432696,0.4,0.6989114228795754,True,True,True,False
3f184050de64707fe608,representation,representation_disagreement,2492,3882868118,16,5000,0.4,0.05,rbf,median,anytime,bonferroni,3,2,False,B_BETTER,288,True,False,False,0.0002087079919874668,0.4,0.6458901399180805,True,True,True,False
f06d54880b24d073b702,representation,representation_disagreement,2493,1593217811,16,5000,0.4,0.05,rbf,median,anytime,bonferroni,3,2,False,B_BETTER,272,True,False,False,0.0002068749745376408,0.4,0.6620856821127258,True,True,True,False
8dcc84f7d85e719c01ee,representation,representation_disagreement,2494,3684341560,16,5000,0.4,0.05,rbf,median,anytime,bonferroni,3,2,False,B_BETTER,304,True,False,False,0.0002097499673254788,0.4,0.6309186896508341,True,True,True,False
954e3ec8389aa0dcd1eb,representation,representation_disagreement,2495,4275247326,16,5000,0.4,0.05,rbf,median,anytime,bonferroni,3,2,False,B_BETTER,272,True,False,False,0.00020808400586247444,0.4,0.6620856821127258,True,True,True,False
ccba375fa63c128e3de6,representation,representation_disagreement,2496,1013156075,16,5000,0.4,0.05,rbf,median,anytime,bonferroni,3,2,False,B_BETTER,240,True,False,False,0.00020758400205522776,0.4,0.6989114228795754,True,True,True,False
6fb0019967410a8410ff,representation,representation_disagreement,2497,2180863108,16,5000,0.4,0.05,rbf,median,anytime,bonferroni,3,2,False,B_BETTER,240,True,False,False,0.0002068330068141222,0.4,0.6989114228795754,True,True,True,False
264ace61c2a45eac28b5,representation,representation_disagreement,2498,3426262650,16,5000,0.4,0.05,rbf,median,anytime,bonferroni,3,2,False,B_BETTER,272,True,False,False,0.00020845799008384347,0.4,0.6620856821127259,True,True,True,False
d98ee694b72d8de41172,representation,representation_disagreement,2499,761313446,16,5000,0.4,0.05,rbf,median,anytime,bonferroni,3,2,False,B_BETTER,288,True,False,False,0.0002085419837385416,0.4,0.6458901399180805,True,True,True,False
0d5acf8a68c22c54a82c,representation,representation_disagreement,2500,1862202770,16,5000,0.4,0.05,rbf,median,anytime,bonferroni,3,2,False,B_BETTER,240,True,False,False,0.00020716700237244368,0.4,0.6989114228795754,True,True,True,False
5fbaf0db3e1c71b4863f,representation,representation_disagreement,2501,2367660826,16,5000,0.4,0.05,rbf,median,anytime,bonferroni,3,2,False,B_BETTER,256,True,False,False,0.00020529096946120262,0.4,0.6796858875495522,True,True,True,False
a9ca7e14dbb415eb5ceb,representation,representation_disagreement,2502,2961984829,16,5000,0.4,0.05,rbf,median,anytime,bonferroni,3,2,False,B_BETTER,272,True,False,False,0.00020708399824798107,0.4,0.6620856821127258,True,True,True,False
f4ca90c5f1f892fc1a6e,representation,representation_disagreement,2503,3624508750,16,5000,0.4,0.05,rbf,median,anytime,bonferroni,3,2,False,B_BETTER,224,True,False,False,0.0002056660014204681,0.4,0.7200353639175696,True,True,True,False
f0010905e3d75c80bf6c,representation,representation_disagreement,2504,1189375932,16,5000,0.4,0.05,rbf,median,anytime,bonferroni,3,2,False,B_BETTER,208,True,False,False,0.00020345801021903753,0.4,0.7434004973451923,True,True,True,False
be955de65269002194a9,representation,representation_disagreement,2505,672851396,16,5000,0.4,0.05,rbf,median,anytime,bonferroni,3,2,False,B_BETTER,224,True,False,False,0.00020433298777788877,0.4,0.7200353639175696,True,True,True,False
45f5220a93d2803ba39c,representation,representation_disagreement,2506,264638366,16,5000,0.4,0.05,rbf,median,anytime,bonferroni,3,2,False,B_BETTER,288,True,False,False,0.00020758301252499223,0.4,0.6458901399180805,True,True,True,False
205f1fd87caa1bc94c8a,representation,representation_disagreement,2507,2344075635,16,5000,0.4,0.05,rbf,median,anytime,bonferroni,3,2,False,B_BETTER,256,True,False,False,0.00020579202100634575,0.4,0.6796858875495522,True,True,True,False
369f861e7e5248f1699f,representation,representation_disagreement,2508,1038250267,16,5000,0.4,0.05,rbf,median,anytime,bonferroni,3,2,False,B_BETTER,368,True,False,False,0.0002132499939762056,0.4,0.5806248327808697,True,True,True,False
c61367ed36f2dce766da,representation,representation_disagreement,2509,3745020500,16,5000,0.4,0.05,rbf,median,anytime,bonferroni,3,2,False,B_BETTER,224,True,False,False,0.00021233299048617482,0.4,0.7200353639175696,True,True,True,False
d68d4b04b4edce94bad0,representation,representation_disagreement,2510,688729925,16,5000,0.4,0.05,rbf,median,anytime,bonferroni,3,2,False,B_BETTER,288,True,False,False,0.00034837500425055623,0.4,0.6458901399180805,True,True,True,False
f87a04145879e4b9c378,representation,representation_disagreement,2511,69838744,16,5000,0.4,0.05,rbf,median,anytime,bonferroni,3,2,False,B_BETTER,240,True,False,False,0.00027904199669137597,0.4,0.6989114228795754,True,True,True,False
c94458480073ff7b9c05,representation,representation_disagreement,2512,3152390321,16,5000,0.4,0.05,rbf,median,anytime,bonferroni,3,2,False,B_BETTER,272,True,False,False,0.00024850002955645323,0.4,0.6620856821127259,True,True,True,False
a80bbaaf0f2ca80b2214,representation,representation_disagreement,2513,285538881,16,5000,0.4,0.05,rbf,median,anytime,bonferroni,3,2,False,B_BETTER,208,True,False,False,0.00023925001733005047,0.4,0.7434004973451922,True,True,True,False
c7db3294ac3b2525a142,representation,representation_disagreement,2514,994342444,16,5000,0.4,0.05,rbf,median,anytime,bonferroni,3,2,False,B_BETTER,272,True,False,False,0.00024204200599342585,0.4,0.6620856821127258,True,True,True,False
8c131b359c1cb20afc09,representation,representation_disagreement,2515,2675657685,16,5000,0.4,0.05,rbf,median,anytime,bonferroni,3,2,False,B_BETTER,240,True,False,False,0.00023912498727440834,0.4,0.6989114228795754,True,True,True,False
332e1cb85e19d98fa175,representation,representation_disagreement,2516,700857919,16,5000,0.4,0.05,rbf,median,anytime,bonferroni,3,2,False,B_BETTER,256,True,False,False,0.00023937498917803168,0.4,0.6796858875495522,True,True,True,False
e5c6a5ee2570524535da,representation,representation_disagreement,2517,2698588346,16,5000,0.4,0.05,rbf,median,anytime,bonferroni,3,2,False,B_BETTER,304,True,False,False,0.0002420409582555294,0.4,0.6309186896508341,True,True,True,False
c5d5d4429112fcb8b7d6,representation,representation_disagreement,2518,2403400151,16,5000,0.4,0.05,rbf,median,anytime,bonferroni,3,2,False,B_BETTER,256,True,False,False,0.00024620897602289915,0.4,0.6796858875495522,True,True,True,False
5e4f39906f3dbce87aee,representation,representation_disagreement,2519,2946459058,16,5000,0.4,0.05,rbf,median,anytime,bonferroni,3,2,False,B_BETTER,240,True,False,False,0.0002477079979144037,0.4,0.6989114228795754,True,True,True,False
310daa294bc00bdc977b,representation,representation_disagreement,2520,3451799401,16,5000,0.4,0.05,rbf,median,anytime,bonferroni,3,2,False,B_BETTER,272,True,False,False,0.0003006669576279819,0.4,0.6620856821127258,True,True,True,False
0a02bfcfe20ca26b6615,representation,representation_disagreement,2521,4049767489,16,5000,0.4,0.05,rbf,median,anytime,bonferroni,3,2,False,B_BETTER,304,True,False,False,0.00022312498185783625,0.4,0.6309186896508341,True,True,True,False
6e853b1f96777a4f72c5,representation,representation_disagreement,2522,940094814,16,5000,0.4,0.05,rbf,median,anytime,bonferroni,3,2,False,B_BETTER,224,True,False,False,0.0002103749429807067,0.4,0.7200353639175696,True,True,True,False
d8fc85e4b0ffdf9af318,representation,representation_disagreement,2523,3906794654,16,5000,0.4,0.05,rbf,median,anytime,bonferroni,3,2,False,B_BETTER,256,True,False,False,0.00020829099230468273,0.4,0.6796858875495522,True,True,True,False
35333702d2b102631bc5,representation,representation_disagreement,2524,1675233113,16,5000,0.4,0.05,rbf,median,anytime,bonferroni,3,2,False,B_BETTER,256,True,False,False,0.0002074579824693501,0.4,0.6796858875495522,True,True,True,False
a7156830583fecb7ec32,representation,representation_disagreement,2525,3889732726,16,5000,0.4,0.05,rbf,median,anytime,bonferroni,3,2,False,B_BETTER,256,True,False,False,0.00020750000840052962,0.4,0.6796858875495522,True,True,True,False
23b0ff573eaa357ba359,representation,representation_disagreement,2526,2515295278,16,5000,0.4,0.05,rbf,median,anytime,bonferroni,3,2,False,B_BETTER,208,True,False,False,0.0002045409637503326,0.4,0.7434004973451923,True,True,True,False
bfdb8ab8acea01527349,representation,representation_disagreement,2527,3380670621,16,5000,0.4,0.05,rbf,median,anytime,bonferroni,3,2,False,B_BETTER,240,True,False,False,0.00020583398872986436,0.4,0.6989114228795754,True,True,True,False
1b4bf7fcea7b19484cbe,representation,representation_disagreement,2528,1785579392,16,5000,0.4,0.05,rbf,median,anytime,bonferroni,3,2,False,B_BETTER,240,True,False,False,0.00020599999697878957,0.4,0.6989114228795754,True,True,True,False
2016f1ae92d121101352,representation,representation_disagreement,2529,686181556,16,5000,0.4,0.05,rbf,median,anytime,bonferroni,3,2,False,B_BETTER,256,True,False,False,0.00020641699666157365,0.4,0.6796858875495522,True,True,True,False
c28e3c1fb38300f27da4,representation,representation_disagreement,2530,3874908181,16,5000,0.4,0.05,rbf,median,anytime,bonferroni,3,2,False,B_BETTER,240,True,False,False,0.0002054590149782598,0.4,0.6989114228795754,True,True,True,False
582db82fbade198365c5,representation,representation_disagreement,2531,3469333151,16,5000,0.4,0.05,rbf,median,anytime,bonferroni,3,2,False,B_BETTER,256,True,False,False,0.00020599999697878957,0.4,0.6796858875495522,True,True,True,False
a59e0d4a4c5ce14b94c5,representation,representation_disagreement,2532,3134023882,16,5000,0.4,0.05,rbf,median,anytime,bonferroni,3,2,False,B_BETTER,224,True,False,False,0.00020408304408192635,0.4,0.7200353639175696,True,True,True,False
1f64220f68d6425bdc0b,representation,representation_disagreement,2533,3240757502,16,5000,0.4,0.05,rbf,median,anytime,bonferroni,3,2,False,B_BETTER,256,True,False,False,0.0002056660014204681,0.4,0.6796858875495522,True,True,True,False
3cff9146a7cfce75ba4b,representation,representation_disagreement,2534,3137425846,16,5000,0.4,0.05,rbf,median,anytime,bonferroni,3,2,False,B_BETTER,304,True,False,False,0.00020916701760143042,0.4,0.6309186896508341,True,True,True,False
91f01dba3a631fd8e745,representation,representation_disagreement,2535,3684381891,16,5000,0.4,0.05,rbf,median,anytime,bonferroni,3,2,False,B_BETTER,256,True,False,False,0.00020516698714345694,0.4,0.6796858875495522,True,True,True,False
8fca6b310e116f0bb7aa,representation,representation_disagreement,2536,3521885742,16,5000,0.4,0.05,rbf,median,anytime,bonferroni,3,2,False,B_BETTER,304,True,False,False,0.00020837498595938087,0.4,0.6309186896508341,True,True,True,False
4fa6ccb3c0332108291d,representation,representation_disagreement,2537,3082591717,16,5000,0.4,0.05,rbf,median,anytime,bonferroni,3,2,False,B_BETTER,240,True,False,False,0.00020591600332409143,0.4,0.6989114228795754,True,True,True,False
9194d5c4a103503cdff5,representation,representation_disagreement,2538,2581409009,16,5000,0.4,0.05,rbf,median,anytime,bonferroni,3,2,False,B_BETTER,256,True,False,False,0.00020404200768098235,0.4,0.6796858875495522,True,True,True,False
0a672a95228178501919,representation,representation_disagreement,2539,2680582015,16,5000,0.4,0.05,rbf,median,anytime,bonferroni,3,2,False,B_BETTER,288,True,False,False,0.0001997080398723483,0.4,0.6458901399180805,True,True,True,False
6db2b8082a0e18801721,representation,representation_disagreement,2540,4251538709,16,5000,0.4,0.05,rbf,median,anytime,bonferroni,3,2,False,B_BETTER,288,True,False,False,0.00017966696759685874,0.4,0.6458901399180805,True,True,True,False
eb3566dff9145bc8070d,representation,representation_disagreement,2541,2158983528,16,5000,0.4,0.05,rbf,median,anytime,bonferroni,3,2,False,B_BETTER,256,True,False,False,0.0001895419554784894,0.4,0.6796858875495522,True,True,True,False
ed9ddf858b2a82fc0c1a,representation,representation_disagreement,2542,1220375435,16,5000,0.4,0.05,rbf,median,anytime,bonferroni,3,2,False,B_BETTER,256,True,False,False,0.0001890410203486681,0.4,0.6796858875495522,True,True,True,False
1fe9407fde582d716c3d,representation,representation_disagreement,2543,2670399302,16,5000,0.4,0.05,rbf,median,anytime,bonferroni,3,2,False,B_BETTER,288,True,False,False,0.00017716700676828623,0.4,0.6458901399180805,True,True,True,False
5982930bc012f15ca13c,representation,representation_disagreement,2544,1990393108,16,5000,0.4,0.05,rbf,median,anytime,bonferroni,3,2,False,B_BETTER,272,True,False,False,0.00017791701247915626,0.4,0.6620856821127258,True,True,True,False
de2629cc76a85c0b16cf,representation,representation_disagreement,2545,1100899402,16,5000,0.4,0.05,rbf,median,anytime,bonferroni,3,2,False,B_BETTER,224,True,False,False,0.0001763339969329536,0.4,0.7200353639175696,True,True,True,False
031064de695570b85f53,representation,representation_disagreement,2546,3690539431,16,5000,0.4,0.05,rbf,median,anytime,bonferroni,3,2,False,B_BETTER,256,True,False,False,0.00017625000327825546,0.4,0.6796858875495522,True,True,True,False
714d6cf80b0a4c9cc1cd,representation,representation_disagreement,2547,3353399820,16,5000,0.4,0.05,rbf,median,anytime,bonferroni,3,2,False,B_BETTER,256,True,False,False,0.00017574999947100878,0.4,0.6796858875495522,True,True,True,False
54c9af7a0f6b3f6d90e8,representation,representation_disagreement,2548,1902790367,16,5000,0.4,0.05,rbf,median,anytime,bonferroni,3,2,False,B_BETTER,240,True,False,False,0.00017479195958003402,0.4,0.6989114228795754,True,True,True,False
3843ad57988383d35c94,representation,representation_disagreement,2549,1127840967,16,5000,0.4,0.05,rbf,median,anytime,bonferroni,3,2,False,B_BETTER,288,True,False,False,0.0001776249846443534,0.4,0.6458901399180805,True,True,True,False
8e329eb9cac6824d49ae,representation,representation_disagreement,2550,4164523505,16,5000,0.4,0.05,rbf,median,anytime,bonferroni,3,2,False,B_BETTER,272,True,False,False,0.00017737498274073005,0.4,0.6620856821127257,True,True,True,False
439ee40893cbefe953ba,representation,representation_disagreement,2551,369302445,16,5000,0.4,0.05,rbf,median,anytime,bonferroni,3,2,False,B_BETTER,320,True,False,False,0.00017929199384525418,0.4,0.6170219115444306,True,True,True,False
97e7e7021f98e782607a,representation,representation_disagreement,2552,4140229969,16,5000,0.4,0.05,rbf,median,anytime,bonferroni,3,2,False,B_BETTER,288,True,False,False,0.0001782919862307608,0.4,0.6458901399180805,True,True,True,False
19ace091d1678bff77fc,representation,representation_disagreement,2553,1673870025,16,5000,0.4,0.05,rbf,median,anytime,bonferroni,3,2,False,B_BETTER,224,True,False,False,0.00017645797925069928,0.4,0.7200353639175696,True,True,True,False
acff7fb399a142fe9e07,representation,representation_disagreement,2554,2883323324,16,5000,0.4,0.05,rbf,median,anytime,bonferroni,3,2,False,B_BETTER,256,True,False,False,0.00017562496941536665,0.4,0.6796858875495522,True,True,True,False
3d31be5d7ae49de6a0bf,representation,representation_disagreement,2555,3334501410,16,5000,0.4,0.05,rbf,median,anytime,bonferroni,3,2,False,B_BETTER,240,True,False,False,0.00017583294538781047,0.4,0.6989114228795754,True,True,True,False
bb5f5d32a8693408c4b2,representation,representation_disagreement,2556,4270296421,16,5000,0.4,0.05,rbf,median,anytime,bonferroni,3,2,False,B_BETTER,288,True,False,False,0.00017670798115432262,0.4,0.6458901399180805,True,True,True,False
8dd363a544443256f2a7,representation,representation_disagreement,2557,2923128530,16,5000,0.4,0.05,rbf,median,anytime,bonferroni,3,2,False,B_BETTER,240,True,False,False,0.00017520796973258257,0.4,0.6989114228795754,True,True,True,False
c47e28d5aa80aca1de77,representation,representation_disagreement,2558,3549441583,16,5000,0.4,0.05,rbf,median,anytime,bonferroni,3,2,False,B_BETTER,240,True,False,False,0.00017508299788460135,0.4,0.6989114228795754,True,True,True,False
43e68d0f81bd65a7c08b,representation,representation_disagreement,2559,4137445689,16,5000,0.4,0.05,rbf,median,anytime,bonferroni,3,2,False,B_BETTER,336,True,False,False,0.00017941597616299987,0.4,0.60407492330224,True,True,True,False
2602c05e5b5ebe768d41,representation,representation_disagreement,2560,1047264543,16,5000,0.4,0.05,rbf,median,anytime,bonferroni,3,2,False,B_BETTER,288,True,False,False,0.0001782919862307608,0.4,0.6458901399180805,True,True,True,False
8a200e1ccabd37b27f72,representation,representation_disagreement,2561,2544529295,16,5000,0.4,0.05,rbf,median,anytime,bonferroni,3,2,False,B_BETTER,208,True,False,False,0.00017491698963567615,0.4,0.7434004973451924,True,True,True,False
c6cfdfbc7765b51d2188,representation,representation_disagreement,2562,2233884864,16,5000,0.4,0.05,rbf,median,anytime,bonferroni,3,2,False,B_BETTER,240,True,False,False,0.0001745839836075902,0.4,0.6989114228795754,True,True,True,False
1dba98fefbe2b1f6c172,representation,representation_disagreement,2563,3719674243,16,5000,0.4,0.05,rbf,median,anytime,bonferroni,3,2,False,B_BETTER,320,True,False,False,0.00017837499035522342,0.4,0.6170219115444306,True,True,True,False
f897beb8776290509a95,representation,representation_disagreement,2564,2092480329,16,5000,0.4,0.05,rbf,median,anytime,bonferroni,3,2,False,B_BETTER,240,True,False,False,0.00017562502762302756,0.4,0.6989114228795754,True,True,True,False
3b7716115ddc666b6640,representation,representation_disagreement,2565,1605213007,16,5000,0.4,0.05,rbf,median,anytime,bonferroni,3,2,False,B_BETTER,272,True,False,False,0.00017754198051989079,0.4,0.6620856821127258,True,True,True,False
6f7395f650db83501a06,representation,representation_disagreement,2566,1370679807,16,5000,0.4,0.05,rbf,median,anytime,bonferroni,3,2,False,B_BETTER,208,True,False,False,0.00017387501429766417,0.4,0.7434004973451922,True,True,True,False
488d97ecacadb51e9d6d,representation,representation_disagreement,2567,2569104265,16,5000,0.4,0.05,rbf,median,anytime,bonferroni,3,2,False,B_BETTER,256,True,False,False,0.00017637497512623668,0.4,0.6796858875495522,True,True,True,False
7eebc2916a5574c743ea,representation,representation_disagreement,2568,1957853322,16,5000,0.4,0.05,rbf,median,anytime,bonferroni,3,2,False,B_BETTER,256,True,False,False,0.00017620797734707594,0.4,0.6796858875495522,True,True,True,False
2723558e8adb29eebebd,representation,representation_disagreement,2569,3711418118,16,5000,0.4,0.05,rbf,median,anytime,bonferroni,3,2,False,B_BETTER,256,True,False,False,0.00017666700296103954,0.4,0.6796858875495522,True,True,True,False
866395b511850b0f4e7e,representation,representation_disagreement,2570,967662731,16,5000,0.4,0.05,rbf,median,anytime,bonferroni,3,2,False,B_BETTER,256,True,False,False,0.00017566600581631064,0.4,0.6796858875495522,True,True,True,False
c9125feb1ed388f46583,representation,representation_disagreement,2571,3163869106,16,5000,0.4,0.05,rbf,median,anytime,bonferroni,3,2,False,B_BETTER,240,True,False,False,0.00017558300169184804,0.4,0.6989114228795754,True,True,True,False
0e971b625028a5284f41,representation,representation_disagreement,2572,3341663875,16,5000,0.4,0.05,rbf,median,anytime,bonferroni,3,2,False,B_BETTER,288,True,False,False,0.00017795799067243934,0.4,0.6458901399180805,True,True,True,False
51c2143a672815c1b012,representation,representation_disagreement,2573,1815329230,16,5000,0.4,0.05,rbf,median,anytime,bonferroni,3,2,False,B_BETTER,240,True,False,False,0.00017629103967919946,0.4,0.6989114228795754,True,True,True,False
809be4d031fdcfa2b051,representation,representation_disagreement,2574,1267526137,16,5000,0.4,0.05,rbf,median,anytime,bonferroni,3,2,False,B_BETTER,224,True,False,False,0.00017458299407735467,0.4,0.7200353639175696,True,True,True,False
a2f9028d10f137fa63d5,representation,representation_disagreement,2575,3166499733,16,5000,0.4,0.05,rbf,median,anytime,bonferroni,3,2,False,B_BETTER,272,True,False,False,0.00017662503523752093,0.4,0.6620856821127258,True,True,True,False
bb0c4d0ef8bf200d1670,representation,representation_disagreement,2576,235018023,16,5000,0.4,0.05,rbf,median,anytime,bonferroni,3,2,False,B_BETTER,256,True,False,False,0.0001759580336511135,0.4,0.6796858875495522,True,True,True,False
665c2eb6cb0d63d9ce48,representation,representation_disagreement,2577,2284362654,16,5000,0.4,0.05,rbf,median,anytime,bonferroni,3,2,False,B_BETTER,256,True,False,False,0.0001771660172380507,0.4,0.6796858875495522,True,True,True,False
c1ab23f45bfd12f229fb,representation,representation_disagreement,2578,2647607618,16,5000,0.4,0.05,rbf,median,anytime,bonferroni,3,2,False,B_BETTER,240,True,False,False,0.00017612497322261333,0.4,0.6989114228795754,True,True,True,False
036da21c842c5525b1eb,representation,representation_disagreement,2579,1044387942,16,5000,0.4,0.05,rbf,median,anytime,bonferroni,3,2,False,B_BETTER,336,True,False,False,0.0001788330264389515,0.4,0.60407492330224,True,True,True,False
ec713ed336d65f3c373f,representation,representation_disagreement,2580,1534144038,16,5000,0.4,0.05,rbf,median,anytime,bonferroni,3,2,False,B_BETTER,256,True,False,False,0.00017670902889221907,0.4,0.6796858875495522,True,True,True,False
ff7a67c12431502a00c8,representation,representation_disagreement,2581,2310766595,16,5000,0.4,0.05,rbf,median,anytime,bonferroni,3,2,False,B_BETTER,256,True,False,False,0.00017574999947100878,0.4,0.6796858875495522,True,True,True,False
a10c65e8959937ec4644,representation,representation_disagreement,2582,3510959247,16,5000,0.4,0.05,rbf,median,anytime,bonferroni,3,2,False,B_BETTER,240,True,False,False,0.00017533398931846023,0.4,0.6989114228795754,True,True,True,False
86bdd0a756b8ad9845b9,representation,representation_disagreement,2583,3986823564,16,5000,0.4,0.05,rbf,median,anytime,bonferroni,3,2,False,B_BETTER,256,True,False,False,0.000175916007719934,0.4,0.6796858875495522,True,True,True,False
aafb8bceed8f70d70fb7,representation,representation_disagreement,2584,1879320402,16,5000,0.4,0.05,rbf,median,anytime,bonferroni,3,2,False,B_BETTER,256,True,False,False,0.00017562502762302756,0.4,0.6796858875495522,True,True,True,False
9a9b788190df9992f562,representation,representation_disagreement,2585,4012373164,16,5000,0.4,0.05,rbf,median,anytime,bonferroni,3,2,False,B_BETTER,224,True,False,False,0.00017441704403609037,0.4,0.7200353639175696,True,True,True,False
ec7a4bacc4f27e8e6745,representation,representation_disagreement,2586,2480540189,16,5000,0.4,0.05,rbf,median,anytime,bonferroni,3,2,False,B_BETTER,256,True,False,False,0.00017591705545783043,0.4,0.6796858875495522,True,True,True,False
b9d434cf685350a1294d,representation,representation_disagreement,2587,2071738486,16,5000,0.4,0.05,rbf,median,anytime,bonferroni,3,2,False,B_BETTER,288,True,False,False,0.00017675000708550215,0.4,0.6458901399180805,True,True,True,False
33d7accefa0ac9435a24,representation,representation_disagreement,2588,2861899616,16,5000,0.4,0.05,rbf,median,anytime,bonferroni,3,2,False,B_BETTER,240,True,False,False,0.00017529097385704517,0.4,0.6989114228795754,True,True,True,False
3c6e22865c43aacd7293,representation,representation_disagreement,2589,828384610,16,5000,0.4,0.05,rbf,median,anytime,bonferroni,3,2,False,B_BETTER,224,True,False,False,0.0001742909662425518,0.4,0.7200353639175696,True,True,True,False
9a0b0e814fbe3c87e993,representation,representation_disagreement,2590,1697352261,16,5000,0.4,0.05,rbf,median,anytime,bonferroni,3,2,False,B_BETTER,288,True,False,False,0.0001765829510986805,0.4,0.6458901399180805,True,True,True,False
0dd4568facd0ac9f23db,representation,representation_disagreement,2591,1560466201,16,5000,0.4,0.05,rbf,median,anytime,bonferroni,3,2,False,B_BETTER,224,True,False,False,0.0001745420158840716,0.4,0.7200353639175696,True,True,True,False
6d04f7fc97c6bc5bc9b9,representation,representation_disagreement,2592,2650750509,16,5000,0.4,0.05,rbf,median,anytime,bonferroni,3,2,False,B_BETTER,240,True,False,False,0.00017437495989724994,0.4,0.6989114228795754,True,True,True,False
37c222ba7a8c18799ab9,representation,representation_disagreement,2593,2050640362,16,5000,0.4,0.05,rbf,median,anytime,bonferroni,3,2,False,B_BETTER,352,True,False,False,0.00017812498845160007,0.4,0.5919724096504786,True,True,True,False
92a87814610690697a33,representation,representation_disagreement,2594,1879809977,16,5000,0.4,0.05,rbf,median,anytime,bonferroni,3,2,False,B_BETTER,240,True,False,False,0.00017504196148365736,0.4,0.6989114228795754,True,True,True,False
0cbb71e986633b1504f2,representation,representation_disagreement,2595,127526900,16,5000,0.4,0.05,rbf,median,anytime,bonferroni,3,2,False,B_BETTER,224,True,False,False,0.0001742080203257501,0.4,0.7200353639175696,True,True,True,False
b07e323f248f3c5ea7f6,representation,representation_disagreement,2596,3294644006,16,5000,0.4,0.05,rbf,median,anytime,bonferroni,3,2,False,B_BETTER,240,True,False,False,0.00017479201778769493,0.4,0.6989114228795754,True,True,True,False
a1c15dddb94ba71021b2,representation,representation_disagreement,2597,1065501846,16,5000,0.4,0.05,rbf,median,anytime,bonferroni,3,2,False,B_BETTER,240,True,False,False,0.00017358403420075774,0.4,0.6989114228795754,True,True,True,False
146f3974ad621fd54fe6,representation,representation_disagreement,2598,279448199,16,5000,0.4,0.05,rbf,median,anytime,bonferroni,3,2,False,B_BETTER,256,True,False,False,0.00017549999756738544,0.4,0.6796858875495522,True,True,True,False
6bcc6ad8f3ac60ec21b4,representation,representation_disagreement,2599,3948056815,16,5000,0.4,0.05,rbf,median,anytime,bonferroni,3,2,False,B_BETTER,240,True,False,False,0.00017541705165058374,0.4,0.6989114228795754,True,True,True,False
93f7dcff22941f7cd12c,representation,representation_disagreement,2600,1003610271,16,5000,0.4,0.05,rbf,median,anytime,bonferroni,3,2,False,B_BETTER,192,True,False,False,0.00017416704213246703,0.4,0.7694441991638782,True,True,True,False
10b79558912599d0456f,representation,representation_disagreement,2601,2610159458,16,5000,0.4,0.05,rbf,median,anytime,bonferroni,3,2,False,B_BETTER,256,True,False,False,0.00019691698253154755,0.4,0.6796858875495522,True,True,True,False
cc7e06a07736db7d33a6,representation,representation_disagreement,2602,2087095581,16,5000,0.4,0.05,rbf,median,anytime,bonferroni,3,2,False,B_BETTER,256,True,False,False,0.00020354194566607475,0.4,0.6796858875495522,True,True,True,False
c7dadec546a1837340c7,representation,representation_disagreement,2603,2362929215,16,5000,0.4,0.05,rbf,median,anytime,bonferroni,3,2,False,B_BETTER,256,True,False,False,0.0002038750099018216,0.4,0.6796858875495522,True,True,True,False
3a39cc90854d0569262f,representation,representation_disagreement,2604,746477,16,5000,0.4,0.05,rbf,median,anytime,bonferroni,3,2,False,B_BETTER,256,True,False,False,0.00020408298587426543,0.4,0.6796858875495522,True,True,True,False
8592ed4720dd26ed5030,representation,representation_disagreement,2605,1067686510,16,5000,0.4,0.05,rbf,median,anytime,bonferroni,3,2,False,B_BETTER,320,True,False,False,0.00020866701379418373,0.4,0.6170219115444306,True,True,True,False
cce2e84869e77f5a30b6,representation,representation_disagreement,2606,3719633507,16,5000,0.4,0.05,rbf,median,anytime,bonferroni,3,2,False,B_BETTER,240,True,False,False,0.00020333402790129185,0.4,0.6989114228795754,True,True,True,False
279fff7b8e64f513f831,representation,representation_disagreement,2607,1210243314,16,5000,0.4,0.05,rbf,median,anytime,bonferroni,3,2,False,B_BETTER,208,True,False,False,0.00020187499467283487,0.4,0.7434004973451923,True,True,True,False
cdee68c2c1fb8ae252f1,representation,representation_disagreement,2608,4132039647,16,5000,0.4,0.05,rbf,median,anytime,bonferroni,3,2,False,B_BETTER,240,True,False,False,0.00020270899403840303,0.4,0.6989114228795754,True,True,True,False
2bb4955bb7e58ee98464,representation,representation_disagreement,2609,2467563238,16,5000,0.4,0.05,rbf,median,anytime,bonferroni,3,2,False,B_BETTER,208,True,False,False,0.0002008749870583415,0.4,0.7434004973451924,True,True,True,False
4f542106659bc44792be,representation,representation_disagreement,2610,4156530453,16,5000,0.4,0.05,rbf,median,anytime,bonferroni,3,2,False,B_BETTER,256,True,False,False,0.0002043750137090683,0.4,0.6796858875495522,True,True,True,False
2cb2e8454f1d18d90dde,representation,representation_disagreement,2611,450350910,16,5000,0.4,0.05,rbf,median,anytime,bonferroni,3,2,False,B_BETTER,208,True,False,False,0.0002007919829338789,0.4,0.7434004973451923,True,True,True,False
c94299fd198214da10de,representation,representation_disagreement,2612,1863824852,16,5000,0.4,0.05,rbf,median,anytime,bonferroni,3,2,False,B_BETTER,256,True,False,False,0.0002027909504249692,0.4,0.6796858875495522,True,True,True,False
35a92b03ede3ab3e461e,representation,representation_disagreement,2613,3935560603,16,5000,0.4,0.05,rbf,median,anytime,bonferroni,3,2,False,B_BETTER,240,True,False,False,0.00020366598619148135,0.4,0.6989114228795754,True,True,True,False
ab017e81ea7620c1f35a,representation,representation_disagreement,2614,754718443,16,5000,0.4,0.05,rbf,median,anytime,bonferroni,3,2,False,B_BETTER,288,True,False,False,0.00020537502132356167,0.4,0.6458901399180805,True,True,True,False
2e29751f73e92b47405c,representation,representation_disagreement,2615,1488682965,16,5000,0.4,0.05,rbf,median,anytime,bonferroni,3,2,False,B_BETTER,288,True,False,False,0.00020433403551578522,0.4,0.6458901399180805,True,True,True,False
6f6909bfd13be17ac2c7,representation,representation_disagreement,2616,2293634231,16,5000,0.4,0.05,rbf,median,anytime,bonferroni,3,2,False,B_BETTER,240,True,False,False,0.00020308297825977206,0.4,0.6989114228795754,True,True,True,False
e08707734cc596c96491,representation,representation_disagreement,2617,3485006745,16,5000,0.4,0.05,rbf,median,anytime,bonferroni,3,2,False,B_BETTER,272,True,False,False,0.00020404200768098235,0.4,0.6620856821127258,True,True,True,False
2fad7b66c8511fd6546d,representation,representation_disagreement,2618,1621998136,16,5000,0.4,0.05,rbf,median,anytime,bonferroni,3,2,False,B_BETTER,256,True,False,False,0.00031891599064692855,0.4,0.6796858875495522,True,True,True,False
7b2d1fa2d13f99f4db53,representation,representation_disagreement,2619,4136115714,16,5000,0.4,0.05,rbf,median,anytime,bonferroni,3,2,False,B_BETTER,256,True,False,False,0.0002660839818418026,0.4,0.6796858875495522,True,True,True,False
034b7fd95ea52a8f7327,representation,representation_disagreement,2620,335120869,16,5000,0.4,0.05,rbf,median,anytime,bonferroni,3,2,False,B_BETTER,192,True,False,False,0.0002417920040898025,0.4,0.7694441991638782,True,True,True,False
52078e98e0d6f1ce8240,representation,representation_disagreement,2621,1503926183,16,5000,0.4,0.05,rbf,median,anytime,bonferroni,3,2,False,B_BETTER,240,True,False,False,0.00024087500059977174,0.4,0.6989114228795754,True,True,True,False
238939cb869bee8a89aa,representation,representation_disagreement,2622,1776477383,16,5000,0.4,0.05,rbf,median,anytime,bonferroni,3,2,False,B_BETTER,256,True,False,False,0.00023929204326123,0.4,0.6796858875495522,True,True,True,False
64f772b226dcada49a3a,representation,representation_disagreement,2623,2872332147,16,5000,0.4,0.05,rbf,median,anytime,bonferroni,3,2,False,B_BETTER,256,True,False,False,0.00023987505119293928,0.4,0.6796858875495522,True,True,True,False
6a6224c0663a6463291a,representation,representation_disagreement,2624,1402586934,16,5000,0.4,0.05,rbf,median,anytime,bonferroni,3,2,False,B_BETTER,288,True,False,False,0.00024224998196586967,0.4,0.6458901399180805,True,True,True,False
b06b6762057c61266b7e,representation,representation_disagreement,2625,3276851220,16,5000,0.4,0.05,rbf,median,anytime,bonferroni,3,2,False,B_BETTER,272,True,False,False,0.00024016702082008123,0.4,0.6620856821127258,True,True,True,False
950e6308533dc8606e8a,representation,representation_disagreement,2626,3196783087,16,5000,0.4,0.05,rbf,median,anytime,bonferroni,3,2,False,B_BETTER,256,True,False,False,0.00023858295753598213,0.4,0.6796858875495522,True,True,True,False
2daea009ecd6275958d1,representation,representation_disagreement,2627,3807215004,16,5000,0.4,0.05,rbf,median,anytime,bonferroni,3,2,False,B_BETTER,288,True,False,False,0.00024033401859924197,0.4,0.6458901399180805,True,True,True,False
944bb74c607d2ac7c996,representation,representation_disagreement,2628,204451454,16,5000,0.4,0.05,rbf,median,anytime,bonferroni,3,2,False,B_BETTER,224,True,False,False,0.00023700000019744039,0.4,0.7200353639175696,True,True,True,False
a3865e597203a2cad72a,representation,representation_disagreement,2629,773708680,16,5000,0.4,0.05,rbf,median,anytime,bonferroni,3,2,False,B_BETTER,208,True,False,False,0.00023570796474814415,0.4,0.7434004973451923,True,True,True,False
8b1071796fe4bca7b0b4,representation,representation_disagreement,2630,1049094492,16,5000,0.4,0.05,rbf,median,anytime,bonferroni,3,2,False,B_BETTER,288,True,False,False,0.00024083396419882774,0.4,0.6458901399180805,True,True,True,False
607ef8c82e2ee44a1e0c,representation,representation_disagreement,2631,3580213473,16,5000,0.4,0.05,rbf,median,anytime,bonferroni,3,2,False,B_BETTER,304,True,False,False,0.0002603330067358911,0.4,0.6309186896508341,True,True,True,False
3f55d567e0f71494bbf4,representation,representation_disagreement,2632,446592495,16,5000,0.4,0.05,rbf,median,anytime,bonferroni,3,2,False,B_BETTER,192,True,False,False,0.00024049996864050627,0.4,0.7694441991638782,True,True,True,False
eab610e85728529a4606,representation,representation_disagreement,2633,1229716548,16,5000,0.4,0.05,rbf,median,anytime,bonferroni,3,2,False,B_BETTER,256,True,False,False,0.00024470902280882,0.4,0.6796858875495522,True,True,True,False
ab594c3f472ffeb93b7a,representation,representation_disagreement,2634,3978108679,16,5000,0.4,0.05,rbf,median,anytime,bonferroni,3,2,False,B_BETTER,304,True,False,False,0.0002418750082142651,0.4,0.6309186896508341,True,True,True,False
ebfc0b6508f35a131e2f,representation,representation_disagreement,2635,1539925806,16,5000,0.4,0.05,rbf,median,anytime,bonferroni,3,2,False,B_BETTER,256,True,False,False,0.00023979198886081576,0.4,0.6796858875495522,True,True,True,False
0b19f76f212ce5e82101,representation,representation_disagreement,2636,1196217035,16,5000,0.4,0.05,rbf,median,anytime,bonferroni,3,2,False,B_BETTER,304,True,False,False,0.0002452090266160667,0.4,0.6309186896508341,True,True,True,False
c6b97f51c5557f8497db,representation,representation_disagreement,2637,3520059523,16,5000,0.4,0.05,rbf,median,anytime,bonferroni,3,2,False,B_BETTER,256,True,False,False,0.00025179103249683976,0.4,0.6796858875495522,True,True,True,False
92430723cb2dabcb39fe,representation,representation_disagreement,2638,2193339166,16,5000,0.4,0.05,rbf,median,anytime,bonferroni,3,2,False,B_BETTER,240,True,False,False,0.000250082986894995,0.4,0.6989114228795754,True,True,True,False
7ded9ce8f939cef40b36,representation,representation_disagreement,2639,2207744761,16,5000,0.4,0.05,rbf,median,anytime,bonferroni,3,2,False,B_BETTER,256,True,False,False,0.00024750002194195986,0.4,0.6796858875495522,True,True,True,False
2505a21b87b4ca4b2a0b,representation,representation_disagreement,2640,1328677761,16,5000,0.4,0.05,rbf,median,anytime,bonferroni,3,2,False,B_BETTER,240,True,False,False,0.00025883299531415105,0.4,0.6989114228795754,True,True,True,False
18b0b323a0571a6d9d40,representation,representation_disagreement,2641,1790829774,16,5000,0.4,0.05,rbf,median,anytime,bonferroni,3,2,False,B_BETTER,288,True,False,False,0.00023929099552333355,0.4,0.6458901399180805,True,True,True,False
823616418c97c7f2198d,representation,representation_disagreement,2642,3022710518,16,5000,0.4,0.05,rbf,median,anytime,bonferroni,3,2,False,B_BETTER,240,True,False,False,0.00023754197172820568,0.4,0.6989114228795754,True,True,True,False
0f5806dac23c90abbe2f,representation,representation_disagreement,2643,403092148,16,5000,0.4,0.05,rbf,median,anytime,bonferroni,3,2,False,B_BETTER,240,True,False,False,0.00023666699416935444,0.4,0.6989114228795754,True,True,True,False
c8e1ec039f6619b574e9,representation,representation_disagreement,2644,1094349755,16,5000,0.4,0.05,rbf,median,anytime,bonferroni,3,2,False,B_BETTER,272,True,False,False,0.00023779197363182902,0.4,0.6620856821127258,True,True,True,False
3198e4a09319a09069df,representation,representation_disagreement,2645,3491992458,16,5000,0.4,0.05,rbf,median,anytime,bonferroni,3,2,False,B_BETTER,256,True,False,False,0.00023925001733005047,0.4,0.6796858875495522,True,True,True,False
62cc0f5fd15a24b45b27,representation,representation_disagreement,2646,931526515,16,5000,0.4,0.05,rbf,median,anytime,bonferroni,3,2,False,B_BETTER,272,True,False,False,0.00023829203564673662,0.4,0.6620856821127258,True,True,True,False
fe71720ef1ec5fed09c4,representation,representation_disagreement,2647,539549793,16,5000,0.4,0.05,rbf,median,anytime,bonferroni,3,2,False,B_BETTER,192,True,False,False,0.0002364580286666751,0.4,0.7694441991638783,True,True,True,False
402ae42a1db24e329d35,representation,representation_disagreement,2648,230882257,16,5000,0.4,0.05,rbf,median,anytime,bonferroni,3,2,False,B_BETTER,208,True,False,False,0.00023633299861103296,0.4,0.7434004973451924,True,True,True,False
ebef08d9d766704bba8b,representation,representation_disagreement,2649,534450898,16,5000,0.4,0.05,rbf,median,anytime,bonferroni,3,2,False,B_BETTER,256,True,False,False,0.00023783399956300855,0.4,0.6796858875495522,True,True,True,False
0038d93ac254b24ba883,representation,representation_disagreement,2650,1610233558,16,5000,0.4,0.05,rbf,median,anytime,bonferroni,3,2,False,B_BETTER,256,True,False,False,0.00023674999829381704,0.4,0.6796858875495522,True,True,True,False
9d9bcef50b3bc7335f05,representation,representation_disagreement,2651,2489959695,16,5000,0.4,0.05,rbf,median,anytime,bonferroni,3,2,False,B_BETTER,304,True,False,False,0.00024429202312603593,0.4,0.6309186896508341,True,True,True,False
ab254d68028d34046a22,representation,representation_disagreement,2652,1848717568,16,5000,0.4,0.05,rbf,median,anytime,bonferroni,3,2,False,B_BETTER,288,True,False,False,0.00023929099552333355,0.4,0.6458901399180805,True,True,True,False
1ac6e99f9882c4a4e163,representation,representation_disagreement,2653,1809589063,16,5000,0.4,0.05,rbf,median,anytime,bonferroni,3,2,False,B_BETTER,304,True,False,False,0.0002395000192336738,0.4,0.6309186896508341,True,True,True,False
d33cbb461036e69c4c56,representation,representation_disagreement,2654,3653290915,16,5000,0.4,0.05,rbf,median,anytime,bonferroni,3,2,False,B_BETTER,208,True,False,False,0.0002353329909965396,0.4,0.7434004973451923,True,True,True,False
6f2fd00c24f651a6c8bc,representation,representation_disagreement,2655,4226676492,16,5000,0.4,0.05,rbf,median,anytime,bonferroni,3,2,False,B_BETTER,256,True,False,False,0.00027204101206734776,0.4,0.6796858875495522,True,True,True,False
dee6829a58857fb17287,representation,representation_disagreement,2656,3643487985,16,5000,0.4,0.05,rbf,median,anytime,bonferroni,3,2,False,B_BETTER,240,True,False,False,0.00021837500389665365,0.4,0.6989114228795754,True,True,True,False
5310b63a0ab2d17c1c61,representation,representation_disagreement,2657,44905201,16,5000,0.4,0.05,rbf,median,anytime,bonferroni,3,2,False,B_BETTER,272,True,False,False,0.00021179200848564506,0.4,0.6620856821127257,True,True,True,False
90e309f467d620e59eaf,representation,representation_disagreement,2658,2728409925,16,5000,0.4,0.05,rbf,median,anytime,bonferroni,3,2,False,B_BETTER,304,True,False,False,0.00021258299238979816,0.4,0.6309186896508341,True,True,True,False
5a78cc3fdaf75a1b8f26,representation,representation_disagreement,2659,404350269,16,5000,0.4,0.05,rbf,median,anytime,bonferroni,3,2,False,B_BETTER,288,True,False,False,0.00020875001791864634,0.4,0.6458901399180805,True,True,True,False
de94f55c4f1dd54a2df2,representation,representation_disagreement,2660,3858593821,16,5000,0.4,0.05,rbf,median,anytime,bonferroni,3,2,False,B_BETTER,304,True,False,False,0.00020704203052446246,0.4,0.6309186896508341,True,True,True,False
f61773c38a12228aebad,representation,representation_disagreement,2661,2328009143,16,5000,0.4,0.05,rbf,median,anytime,bonferroni,3,2,False,B_BETTER,240,True,False,False,0.0002044580178335309,0.4,0.6989114228795754,True,True,True,False
f4d1d1c01fffe0db92a7,representation,representation_disagreement,2662,2742090522,16,5000,0.4,0.05,rbf,median,anytime,bonferroni,3,2,False,B_BETTER,208,True,False,False,0.00020712497644126415,0.4,0.7434004973451922,True,True,True,False
6474f453fd1251358c82,representation,representation_disagreement,2663,191522706,16,5000,0.4,0.05,rbf,median,anytime,bonferroni,3,2,False,B_BETTER,208,True,False,False,0.00020274997223168612,0.4,0.7434004973451923,True,True,True,False
33428bc6ef0c555abe32,representation,representation_disagreement,2664,4128100687,16,5000,0.4,0.05,rbf,median,anytime,bonferroni,3,2,False,B_BETTER,288,True,False,False,0.00020612496882677078,0.4,0.6458901399180805,True,True,True,False
89cffb7779ea9804bb49,representation,representation_disagreement,2665,2935934920,16,5000,0.4,0.05,rbf,median,anytime,bonferroni,3,2,False,B_BETTER,224,True,False,False,0.0002027080045081675,0.4,0.7200353639175696,True,True,True,False
6c522a0a4036d3846c74,representation,representation_disagreement,2666,35281173,16,5000,0.4,0.05,rbf,median,anytime,bonferroni,3,2,False,B_BETTER,208,True,False,False,0.0002062499988824129,0.4,0.7434004973451923,True,True,True,False
353e7b38768a1532576b,representation,representation_disagreement,2667,1915548094,16,5000,0.4,0.05,rbf,median,anytime,bonferroni,3,2,False,B_BETTER,256,True,False,False,0.00020558398682624102,0.4,0.6796858875495522,True,True,True,False
5524f873601cce4abe1a,representation,representation_disagreement,2668,2262390880,16,5000,0.4,0.05,rbf,median,anytime,bonferroni,3,2,False,B_BETTER,224,True,False,False,0.00020150002092123032,0.4,0.7200353639175696,True,True,True,False
5023ae69798b58d26f3e,representation,representation_disagreement,2669,4194795952,16,5000,0.4,0.05,rbf,median,anytime,bonferroni,3,2,False,B_BETTER,256,True,False,False,0.00020474998746067286,0.4,0.6796858875495522,True,True,True,False
1f790d3815baa1e631d7,representation,representation_disagreement,2670,605145915,16,5000,0.4,0.05,rbf,median,anytime,bonferroni,3,2,False,B_BETTER,272,True,False,False,0.0002163749886676669,0.4,0.6620856821127257,True,True,True,False
104ce5d67d555fcaa63d,representation,representation_disagreement,2671,3963375258,16,5000,0.4,0.05,rbf,median,anytime,bonferroni,3,2,False,B_BETTER,192,True,False,False,0.00021583301713690162,0.4,0.7694441991638782,True,True,True,False
dde0b744fa18789bdd73,representation,representation_disagreement,2672,3552767066,16,5000,0.4,0.05,rbf,median,anytime,bonferroni,3,2,False,B_BETTER,288,True,False,False,0.00022137502674013376,0.4,0.6458901399180805,True,True,True,False
7cb013ec4b14a8d4e91a,representation,representation_disagreement,2673,817580440,16,5000,0.4,0.05,rbf,median,anytime,bonferroni,3,2,False,B_BETTER,240,True,False,False,0.00020454201148822904,0.4,0.6989114228795754,True,True,True,False
6d52ecb551f0b324389f,representation,representation_disagreement,2674,4018555947,16,5000,0.4,0.05,rbf,median,anytime,bonferroni,3,2,False,B_BETTER,272,True,False,False,0.00020833400776609778,0.4,0.6620856821127259,True,True,True,False
b8d73c044bf770714c62,representation,representation_disagreement,2675,3004798041,16,5000,0.4,0.05,rbf,median,anytime,bonferroni,3,2,False,B_BETTER,272,True,False,False,0.00020616600522771478,0.4,0.6620856821127258,True,True,True,False
848bd72ce4af94940024,representation,representation_disagreement,2676,160307491,16,5000,0.4,0.05,rbf,median,anytime,bonferroni,3,2,False,B_BETTER,192,True,False,False,0.000202000024728477,0.4,0.7694441991638782,True,True,True,False
ded73e36c7a8b141067b,representation,representation_disagreement,2677,975762031,16,5000,0.4,0.05,rbf,median,anytime,bonferroni,3,2,False,B_BETTER,240,True,False,False,0.0002038750099018216,0.4,0.6989114228795754,True,True,True,False
5884c251fada58ed8147,representation,representation_disagreement,2678,3232655455,16,5000,0.4,0.05,rbf,median,anytime,bonferroni,3,2,False,B_BETTER,272,True,False,False,0.00020845799008384347,0.4,0.6620856821127258,True,True,True,False
4468d85d05a9a55d340c,representation,representation_disagreement,2679,922666659,16,5000,0.4,0.05,rbf,median,anytime,bonferroni,3,2,False,B_BETTER,224,True,False,False,0.00020304200006648898,0.4,0.7200353639175696,True,True,True,False
b5e94e379fb5e639b323,representation,representation_disagreement,2680,2312986928,16,5000,0.4,0.05,rbf,median,anytime,bonferroni,3,2,False,B_BETTER,288,True,False,False,0.00020566699095070362,0.4,0.6458901399180805,True,True,True,False
88df1c37ffdaabcb10fd,representation,representation_disagreement,2681,1719719202,16,5000,0.4,0.05,rbf,median,anytime,bonferroni,3,2,False,B_BETTER,208,True,False,False,0.00020275003043934703,0.4,0.7434004973451924,True,True,True,False
18bf0d47d818e7366640,representation,representation_disagreement,2682,3799411662,16,5000,0.4,0.05,rbf,median,anytime,bonferroni,3,2,False,B_BETTER,288,True,False,False,0.0002092909999191761,0.4,0.6458901399180805,True,True,True,False
4373b4503b2627fc6c19,representation,representation_disagreement,2683,1739332765,16,5000,0.4,0.05,rbf,median,anytime,bonferroni,3,2,False,B_BETTER,272,True,False,False,0.00020591699285432696,0.4,0.6620856821127258,True,True,True,False
c448534ebc642d46d08c,representation,representation_disagreement,2684,1263746167,16,5000,0.4,0.05,rbf,median,anytime,bonferroni,3,2,False,B_BETTER,272,True,False,False,0.00020520901307463646,0.4,0.6620856821127257,True,True,True,False
cc37eb61b0ab8a14b7c7,representation,representation_disagreement,2685,2090978621,16,5000,0.4,0.05,rbf,median,anytime,bonferroni,3,2,False,B_BETTER,256,True,False,False,0.00020529195899143815,0.4,0.6796858875495522,True,True,True,False
1c072ca8c3f2530eb942,representation,representation_disagreement,2686,397166546,16,5000,0.4,0.05,rbf,median,anytime,bonferroni,3,2,False,B_BETTER,304,True,False,False,0.00021029100753366947,0.4,0.6309186896508341,True,True,True,False
14b5545845ea79126baa,representation,representation_disagreement,2687,2339057032,16,5000,0.4,0.05,rbf,median,anytime,bonferroni,3,2,False,B_BETTER,192,True,False,False,0.00020237499848008156,0.4,0.7694441991638782,True,True,True,False
756fe74b1a65c4b01d7b,representation,representation_disagreement,2688,4218882070,16,5000,0.4,0.05,rbf,median,anytime,bonferroni,3,2,False,B_BETTER,256,True,False,False,0.00020549999317154288,0.4,0.6796858875495522,True,True,True,False
596d26e025b45cd8b1e2,representation,representation_disagreement,2689,539554363,16,5000,0.4,0.05,rbf,median,anytime,bonferroni,3,2,False,B_BETTER,224,True,False,False,0.00020233303075656295,0.4,0.7200353639175696,True,True,True,False
99d2ebcc7c4f1ab55755,representation,representation_disagreement,2690,2782040698,16,5000,0.4,0.05,rbf,median,anytime,bonferroni,3,2,False,B_BETTER,208,True,False,False,0.00020679098088294268,0.4,0.7434004973451923,True,True,True,False
8be602563acd6174ff15,representation,representation_disagreement,2691,2654025177,16,5000,0.4,0.05,rbf,median,anytime,bonferroni,3,2,False,B_BETTER,256,True,False,False,0.00020587496692314744,0.4,0.6796858875495522,True,True,True,False
10301dbc040af929808d,representation,representation_disagreement,2692,4016442442,16,5000,0.4,0.05,rbf,median,anytime,bonferroni,3,2,False,B_BETTER,256,True,False,False,0.00020591699285432696,0.4,0.6796858875495522,True,True,True,False
61207719088f5e9f50b1,representation,representation_disagreement,2693,3844753026,16,5000,0.4,0.05,rbf,median,anytime,bonferroni,3,2,False,B_BETTER,256,True,False,False,0.00020399998174980283,0.4,0.6796858875495522,True,True,True,False
17fe46a27ef02dfd07b9,representation,representation_disagreement,2694,2091947602,16,5000,0.4,0.05,rbf,median,anytime,bonferroni,3,2,False,B_BETTER,272,True,False,False,0.00020783301442861557,0.4,0.6620856821127259,True,True,True,False
e977d7cad56414310327,representation,representation_disagreement,2695,1378815767,16,5000,0.4,0.05,rbf,median,anytime,bonferroni,3,2,False,B_BETTER,256,True,False,False,0.00020579202100634575,0.4,0.6796858875495522,True,True,True,False
2d3e8f1d28b1f37f3478,representation,representation_disagreement,2696,3713638154,16,5000,0.4,0.05,rbf,median,anytime,bonferroni,3,2,False,B_BETTER,272,True,False,False,0.00020645902259275317,0.4,0.6620856821127257,True,True,True,False
e0e0d01859727dcbf38d,representation,representation_disagreement,2697,132110667,16,5000,0.4,0.05,rbf,median,anytime,bonferroni,3,2,False,B_BETTER,256,True,False,False,0.00020516698714345694,0.4,0.6796858875495522,True,True,True,False
5d0b2e442c99a005d814,representation,representation_disagreement,2698,455914339,16,5000,0.4,0.05,rbf,median,anytime,bonferroni,3,2,False,B_BETTER,208,True,False,False,0.00020574999507516623,0.4,0.7434004973451923,True,True,True,False
7fae718cd8397e5a3c3e,representation,representation_disagreement,2699,3276139249,16,5000,0.4,0.05,rbf,median,anytime,bonferroni,3,2,False,B_BETTER,224,True,False,False,0.00018045800970867276,0.4,0.7200353639175696,True,True,True,False
47e29b9fe5ed52746f9a,representation,representation_disagreement,2700,407689402,16,5000,0.4,0.05,rbf,median,anytime,bonferroni,3,2,False,B_BETTER,240,True,False,False,0.00017600000137463212,0.4,0.6989114228795754,True,True,True,False
0b532ae2abe5602a13c7,representation,representation_disagreement,2701,2608156224,16,5000,0.4,0.05,rbf,median,anytime,bonferroni,3,2,False,B_BETTER,288,True,False,False,0.00017812498845160007,0.4,0.6458901399180805,True,True,True,False
f1797ad94bae944f0749,representation,representation_disagreement,2702,2670705527,16,5000,0.4,0.05,rbf,median,anytime,bonferroni,3,2,False,B_BETTER,240,True,False,False,0.0001799589954316616,0.4,0.6989114228795754,True,True,True,False
529415b17db7f0a531f9,representation,representation_disagreement,2703,1326102848,16,5000,0.4,0.05,rbf,median,anytime,bonferroni,3,2,False,B_BETTER,256,True,False,False,0.00017670798115432262,0.4,0.6796858875495522,True,True,True,False
d60e7a3445cb20415935,representation,representation_disagreement,2704,2793959478,16,5000,0.4,0.05,rbf,median,anytime,bonferroni,3,2,False,B_BETTER,240,True,False,False,0.0002803750103339553,0.4,0.6989114228795754,True,True,True,False
b5591b1c0f12f31b0dc1,representation,representation_disagreement,2705,3697171488,16,5000,0.4,0.05,rbf,median,anytime,bonferroni,3,2,False,B_BETTER,288,True,False,False,0.0002868750016205013,0.4,0.6458901399180805,True,True,True,False
6cd81bad90a83f5c3a14,representation,representation_disagreement,2706,4163710007,16,5000,0.4,0.05,rbf,median,anytime,bonferroni,3,2,False,B_BETTER,224,True,False,False,0.00026633404195308685,0.4,0.7200353639175696,True,True,True,False
62466dece8596d905c2b,representation,representation_disagreement,2707,3064998218,16,5000,0.4,0.05,rbf,median,anytime,bonferroni,3,2,False,B_BETTER,240,True,False,False,0.00026775000151246786,0.4,0.6989114228795754,True,True,True,False
391a1c2ba2ec14b0155c,representation,representation_disagreement,2708,2337654739,16,5000,0.4,0.05,rbf,median,anytime,bonferroni,3,2,False,B_BETTER,240,True,False,False,0.00025691697373986244,0.4,0.6989114228795754,True,True,True,False
f506d71f4925c3ddf025,representation,representation_disagreement,2709,2666781749,16,5000,0.4,0.05,rbf,median,anytime,bonferroni,3,2,False,B_BETTER,208,True,False,False,0.00026333401910960674,0.4,0.7434004973451923,True,True,True,False
a9b52c0ca542b81e9759,representation,representation_disagreement,2710,1576930977,16,5000,0.4,0.05,rbf,median,anytime,bonferroni,3,2,False,B_BETTER,240,True,False,False,0.00023833400337025523,0.4,0.6989114228795754,True,True,True,False
b5fa7ed7885543a78d16,representation,representation_disagreement,2711,4093334827,16,5000,0.4,0.05,rbf,median,anytime,bonferroni,3,2,False,B_BETTER,256,True,False,False,0.0002389579894952476,0.4,0.6796858875495522,True,True,True,False
1c4df8d2d2e56638f00c,representation,representation_disagreement,2712,55603079,16,5000,0.4,0.05,rbf,median,anytime,bonferroni,3,2,False,B_BETTER,256,True,False,False,0.00023962499108165503,0.4,0.6796858875495522,True,True,True,False
192dc572b18ec5b30a6c,representation,representation_disagreement,2713,2430595040,16,5000,0.4,0.05,rbf,median,anytime,bonferroni,3,2,False,B_BETTER,272,True,False,False,0.00023850001161918044,0.4,0.6620856821127258,True,True,True,False
d4f7f71f770c72d8f526,representation,representation_disagreement,2714,339402241,16,5000,0.4,0.05,rbf,median,anytime,bonferroni,3,2,False,B_BETTER,256,True,False,False,0.00023812503786757588,0.4,0.6796858875495522,True,True,True,False
b34a924ec839dd3b6003,representation,representation_disagreement,2715,3995133718,16,5000,0.4,0.05,rbf,median,anytime,bonferroni,3,2,False,B_BETTER,288,True,False,False,0.0002400419907644391,0.4,0.6458901399180805,True,True,True,False
9218a8b98acf94afea1b,representation,representation_disagreement,2716,3572326628,16,5000,0.4,0.05,rbf,median,anytime,bonferroni,3,2,False,B_BETTER,256,True,False,False,0.00023795902961865067,0.4,0.6796858875495522,True,True,True,False
e2ce3821506294fe5f7c,representation,representation_disagreement,2717,3017335563,16,5000,0.4,0.05,rbf,median,anytime,bonferroni,3,2,False,B_BETTER,240,True,False,False,0.00023583404254168272,0.4,0.6989114228795754,True,True,True,False
64e8b28c43789e65d111,representation,representation_disagreement,2718,3673675140,16,5000,0.4,0.05,rbf,median,anytime,bonferroni,3,2,False,B_BETTER,272,True,False,False,0.00023979099933058023,0.4,0.6620856821127257,True,True,True,False
37c980b5e2744662ac07,representation,representation_disagreement,2719,3785698234,16,5000,0.4,0.05,rbf,median,anytime,bonferroni,3,2,False,B_BETTER,256,True,False,False,0.00023787497775629163,0.4,0.6796858875495522,True,True,True,False
0e52b36ef4e503b3ae5f,representation,representation_disagreement,2720,124728157,16,5000,0.4,0.05,rbf,median,anytime,bonferroni,3,2,False,B_BETTER,224,True,False,False,0.00023858400527387857,0.4,0.7200353639175696,True,True,True,False
e38b27bfee7af129de93,representation,representation_disagreement,2721,2695239816,16,5000,0.4,0.05,rbf,median,anytime,bonferroni,3,2,False,B_BETTER,256,True,False,False,0.00024029199266806245,0.4,0.6796858875495522,True,True,True,False
395615eeeefe6c3fe2fe,representation,representation_disagreement,2722,1066914252,16,5000,0.4,0.05,rbf,median,anytime,bonferroni,3,2,False,B_BETTER,240,True,False,False,0.00023783301003277302,0.4,0.6989114228795754,True,True,True,False
aeaa970d903bf0291d36,representation,representation_disagreement,2723,2071591074,16,5000,0.4,0.05,rbf,median,anytime,bonferroni,3,2,False,B_BETTER,224,True,False,False,0.00023687502834945917,0.4,0.7200353639175696,True,True,True,False
8c450d040b94b1079b35,representation,representation_disagreement,2724,2557787155,16,5000,0.4,0.05,rbf,median,anytime,bonferroni,3,2,False,B_BETTER,256,True,False,False,0.0002375839976593852,0.4,0.6796858875495522,True,True,True,False
3da6c52481ecfd6e0a38,representation,representation_disagreement,2725,4201452323,16,5000,0.4,0.05,rbf,median,anytime,bonferroni,3,2,False,B_BETTER,240,True,False,False,0.000237083004321903,0.4,0.6989114228795754,True,True,True,False
c9564b43df0d524e3536,representation,representation_disagreement,2726,2148543265,16,5000,0.4,0.05,rbf,median,anytime,bonferroni,3,2,False,B_BETTER,256,True,False,False,0.00023766601225361228,0.4,0.6796858875495522,True,True,True,False
1c26fc3d02b77d64f812,representation,representation_disagreement,2727,2123181307,16,5000,0.4,0.05,rbf,median,anytime,bonferroni,3,2,False,B_BETTER,256,True,False,False,0.00023966602748259902,0.4,0.6796858875495522,True,True,True,False
c8680ff0aefff19be329,representation,representation_disagreement,2728,2092897352,16,5000,0.4,0.05,rbf,median,anytime,bonferroni,3,2,False,B_BETTER,272,True,False,False,0.00023954204516485333,0.4,0.6620856821127257,True,True,True,False
5df08424e13abef3fab3,representation,representation_disagreement,2729,1173462252,16,5000,0.4,0.05,rbf,median,anytime,bonferroni,3,2,False,B_BETTER,224,True,False,False,0.00023670902010053396,0.4,0.7200353639175696,True,True,True,False
933fad0a9552ab24b1c4,representation,representation_disagreement,2730,2791101829,16,5000,0.4,0.05,rbf,median,anytime,bonferroni,3,2,False,B_BETTER,272,True,False,False,0.0002422920078970492,0.4,0.6620856821127258,True,True,True,False
b21605a2d7b594f5cbc3,representation,representation_disagreement,2731,3035484621,16,5000,0.4,0.05,rbf,median,anytime,bonferroni,3,2,False,B_BETTER,224,True,False,False,0.0002365419641137123,0.4,0.7200353639175696,True,True,True,False
75ecf8f85bc9bb6e5ea5,representation,representation_disagreement,2732,3375795886,16,5000,0.4,0.05,rbf,median,anytime,bonferroni,3,2,False,B_BETTER,256,True,False,False,0.00023683300241827965,0.4,0.6796858875495522,True,True,True,False
dd1162d1690073188489,representation,representation_disagreement,2733,156073599,16,5000,0.4,0.05,rbf,median,anytime,bonferroni,3,2,False,B_BETTER,224,True,False,False,0.00023624999448657036,0.4,0.7200353639175696,True,True,True,False
9d5effcba7fea0670e32,representation,representation_disagreement,2734,2350468344,16,5000,0.4,0.05,rbf,median,anytime,bonferroni,3,2,False,B_BETTER,224,True,False,False,0.00023712503025308251,0.4,0.7200353639175696,True,True,True,False
8697993dd6db4c737702,representation,representation_disagreement,2735,2405392601,16,5000,0.4,0.05,rbf,median,anytime,bonferroni,3,2,False,B_BETTER,256,True,False,False,0.0002475420478731394,0.4,0.6796858875495522,True,True,True,False
bb0b50b4f7d69e3a0190,representation,representation_disagreement,2736,3221153735,16,5000,0.4,0.05,rbf,median,anytime,bonferroni,3,2,False,B_BETTER,208,True,False,False,0.00025095802266150713,0.4,0.7434004973451922,True,True,True,False
9aa6d037b3a2d8ed6f6d,representation,representation_disagreement,2737,1675825402,16,5000,0.4,0.05,rbf,median,anytime,bonferroni,3,2,False,B_BETTER,208,True,False,False,0.0003719170344993472,0.4,0.7434004973451922,True,True,True,False
e945dba4f9c59008f97b,representation,representation_disagreement,2738,2912189982,16,5000,0.4,0.05,rbf,median,anytime,bonferroni,3,2,False,B_BETTER,240,True,False,False,0.00030079198768362403,0.4,0.6989114228795754,True,True,True,False
4460d6ef4dc10964c8b8,representation,representation_disagreement,2739,1606918818,16,5000,0.4,0.05,rbf,median,anytime,bonferroni,3,2,False,B_BETTER,256,True,False,False,0.0002863340196199715,0.4,0.6796858875495522,True,True,True,False
ffb577ec658dfdc724c6,representation,representation_disagreement,2740,2786151692,16,5000,0.4,0.05,rbf,median,anytime,bonferroni,3,2,False,B_BETTER,288,True,False,False,0.00027062499430030584,0.4,0.6458901399180805,True,True,True,False
ebdf7f46311be17467fe,representation,representation_disagreement,2741,4014044523,16,5000,0.4,0.05,rbf,median,anytime,bonferroni,3,2,False,B_BETTER,256,True,False,False,0.00019108300330117345,0.4,0.6796858875495522,True,True,True,False
5c65a002083c8edee25b,representation,representation_disagreement,2742,922843630,16,5000,0.4,0.05,rbf,median,anytime,bonferroni,3,2,False,B_BETTER,240,True,False,False,0.00018149998504668474,0.4,0.6989114228795754,True,True,True,False
178ae03ee1177c70a5a7,representation,representation_disagreement,2743,3335089539,16,5000,0.4,0.05,rbf,median,anytime,bonferroni,3,2,False,B_BETTER,240,True,False,False,0.00018024997552856803,0.4,0.6989114228795754,True,True,True,False
68e79f3cd6048f6e9ac6,representation,representation_disagreement,2744,1410341687,16,5000,0.4,0.05,rbf,median,anytime,bonferroni,3,2,False,B_BETTER,224,True,False,False,0.0002031670301221311,0.4,0.7200353639175696,True,True,True,False
3db1fe3c7346088b0c2a,representation,representation_disagreement,2745,1390570899,16,5000,0.4,0.05,rbf,median,anytime,bonferroni,3,2,False,B_BETTER,272,True,False,False,0.00020691700046882033,0.4,0.6620856821127257,True,True,True,False
d94b3dafafbb5ea047c9,representation,representation_disagreement,2746,3671329136,16,5000,0.4,0.05,rbf,median,anytime,bonferroni,3,2,False,B_BETTER,320,True,False,False,0.00020879198564216495,0.4,0.6170219115444305,True,True,True,False
6818d7d41246abcc7838,representation,representation_disagreement,2747,3731808357,16,5000,0.4,0.05,rbf,median,anytime,bonferroni,3,2,False,B_BETTER,320,True,False,False,0.000209915975574404,0.4,0.6170219115444305,True,True,True,False
69a54e6e394b8fc8c4a2,representation,representation_disagreement,2748,339510546,16,5000,0.4,0.05,rbf,median,anytime,bonferroni,3,2,False,B_BETTER,240,True,False,False,0.00020599999697878957,0.4,0.6989114228795754,True,True,True,False
6596a30cd32337ef76aa,representation,representation_disagreement,2749,3257084775,16,5000,0.4,0.05,rbf,median,anytime,bonferroni,3,2,False,B_BETTER,288,True,False,False,0.00020750000840052962,0.4,0.6458901399180805,True,True,True,False
2595cfd3465d8d61ed93,representation,representation_disagreement,2750,2692252992,16,5000,0.4,0.05,rbf,median,anytime,bonferroni,3,2,False,B_BETTER,256,True,False,False,0.00020670803496614099,0.4,0.6796858875495522,True,True,True,False
82cec26deb724f00505d,representation,representation_disagreement,2751,3311179483,16,5000,0.4,0.05,rbf,median,anytime,bonferroni,3,2,False,B_BETTER,272,True,False,False,0.00020695902639999986,0.4,0.6620856821127258,True,True,True,False
9747606196dbafd720f4,representation,representation_disagreement,2752,1633796387,16,5000,0.4,0.05,rbf,median,anytime,bonferroni,3,2,False,B_BETTER,304,True,False,False,0.00020658300491049886,0.4,0.6309186896508341,True,True,True,False
d6220846edb61a039bef,representation,representation_disagreement,2753,1557638567,16,5000,0.4,0.05,rbf,median,anytime,bonferroni,3,2,False,B_BETTER,240,True,False,False,0.00020516704535111785,0.4,0.6989114228795754,True,True,True,False
baaf49a0f0a35ae47c69,representation,representation_disagreement,2754,1078397815,16,5000,0.4,0.05,rbf,median,anytime,bonferroni,3,2,False,B_BETTER,256,True,False,False,0.00020541599951684475,0.4,0.6796858875495522,True,True,True,False
2068108d6378a291a998,representation,representation_disagreement,2755,3516173790,16,5000,0.4,0.05,rbf,median,anytime,bonferroni,3,2,False,B_BETTER,256,True,False,False,0.00020604097517207265,0.4,0.6796858875495522,True,True,True,False
b228f4e3b02c0082cf27,representation,representation_disagreement,2756,2495175901,16,5000,0.4,0.05,rbf,median,anytime,bonferroni,3,2,False,B_BETTER,208,True,False,False,0.00020329200197011232,0.4,0.7434004973451923,True,True,True,False
523f48de442fbc0b1cca,representation,representation_disagreement,2757,1873791989,16,5000,0.4,0.05,rbf,median,anytime,bonferroni,3,2,False,B_BETTER,272,True,False,False,0.00020637502893805504,0.4,0.6620856821127259,True,True,True,False
4919bae814237499c186,representation,representation_disagreement,2758,3619456676,16,5000,0.4,0.05,rbf,median,anytime,bonferroni,3,2,False,B_BETTER,240,True,False,False,0.00020495796343311667,0.4,0.6989114228795754,True,True,True,False
e276a23c54fa0eef893b,representation,representation_disagreement,2759,4008298999,16,5000,0.4,0.05,rbf,median,anytime,bonferroni,3,2,False,B_BETTER,304,True,False,False,0.00020700000459328294,0.4,0.6309186896508341,True,True,True,False
32a52010fe191a2d228c,representation,representation_disagreement,2760,2031981602,16,5000,0.4,0.05,rbf,median,anytime,bonferroni,3,2,False,B_BETTER,272,True,False,False,0.00020549999317154288,0.4,0.6620856821127259,True,True,True,False
643b5d4e7b0a53c58aeb,representation,representation_disagreement,2761,2480547273,16,5000,0.4,0.05,rbf,median,anytime,bonferroni,3,2,False,B_BETTER,272,True,False,False,0.0002062499988824129,0.4,0.6620856821127258,True,True,True,False
b024eb41cc5ae1f11a0f,representation,representation_disagreement,2762,3957966194,16,5000,0.4,0.05,rbf,median,anytime,bonferroni,3,2,False,B_BETTER,208,True,False,False,0.00020295800641179085,0.4,0.7434004973451922,True,True,True,False
c32b012c1c025529fd43,representation,representation_disagreement,2763,1837150220,16,5000,0.4,0.05,rbf,median,anytime,bonferroni,3,2,False,B_BETTER,256,True,False,False,0.00020650000078603625,0.4,0.6796858875495522,True,True,True,False
140072b65aeedd8f4b97,representation,representation_disagreement,2764,1022472554,16,5000,0.4,0.05,rbf,median,anytime,bonferroni,3,2,False,B_BETTER,224,True,False,False,0.00020358298206701875,0.4,0.7200353639175696,True,True,True,False
820e73ce1e3d157bd8fc,representation,representation_disagreement,2765,2872089816,16,5000,0.4,0.05,rbf,median,anytime,bonferroni,3,2,False,B_BETTER,272,True,False,False,0.00020641699666157365,0.4,0.6620856821127258,True,True,True,False
2c9c8a32d9add4d6708f,representation,representation_disagreement,2766,816076239,16,5000,0.4,0.05,rbf,median,anytime,bonferroni,3,2,False,B_BETTER,256,True,False,False,0.00020595802925527096,0.4,0.6796858875495522,True,True,True,False
48fe681036c5a4c733a5,representation,representation_disagreement,2767,1724733801,16,5000,0.4,0.05,rbf,median,anytime,bonferroni,3,2,False,B_BETTER,256,True,False,False,0.0002056249650195241,0.4,0.6796858875495522,True,True,True,False
18120b0765a56ae936d7,representation,representation_disagreement,2768,273783939,16,5000,0.4,0.05,rbf,median,anytime,bonferroni,3,2,False,B_BETTER,208,True,False,False,0.00020287500228732824,0.4,0.7434004973451923,True,True,True,False
41dcd00cefe5eea40425,representation,representation_disagreement,2769,3470931877,16,5000,0.4,0.05,rbf,median,anytime,bonferroni,3,2,False,B_BETTER,240,True,False,False,0.00020545802544802427,0.4,0.6989114228795754,True,True,True,False
c62fa16d679c04e977b1,representation,representation_disagreement,2770,2310131687,16,5000,0.4,0.05,rbf,median,anytime,bonferroni,3,2,False,B_BETTER,256,True,False,False,0.00020533299539238214,0.4,0.6796858875495522,True,True,True,False
35209552b3057dcf4e12,representation,representation_disagreement,2771,1771657269,16,5000,0.4,0.05,rbf,median,anytime,bonferroni,3,2,False,B_BETTER,320,True,False,False,0.00020762498024851084,0.4,0.6170219115444306,True,True,True,False
0144dbb84fae7ffcc464,representation,representation_disagreement,2772,1296852527,16,5000,0.4,0.05,rbf,median,anytime,bonferroni,3,2,False,B_BETTER,240,True,False,False,0.00020504201529547572,0.4,0.6989114228795754,True,True,True,False
66228a07e9faa3484c86,representation,representation_disagreement,2773,811885152,16,5000,0.4,0.05,rbf,median,anytime,bonferroni,3,2,False,B_BETTER,288,True,False,False,0.00020745897199958563,0.4,0.6458901399180805,True,True,True,False
797c6c4b095735f99855,representation,representation_disagreement,2774,1789334948,16,5000,0.4,0.05,rbf,median,anytime,bonferroni,3,2,False,B_BETTER,224,True,False,False,0.00020454201148822904,0.4,0.7200353639175696,True,True,True,False
82f7f21d08ce6b41dea1,representation,representation_disagreement,2775,3339961049,16,5000,0.4,0.05,rbf,median,anytime,bonferroni,3,2,False,B_BETTER,240,True,False,False,0.00020474998746067286,0.4,0.6989114228795754,True,True,True,False
99e899ce45be4923a53c,representation,representation_disagreement,2776,3509177263,16,5000,0.4,0.05,rbf,median,anytime,bonferroni,3,2,False,B_BETTER,256,True,False,False,0.0002062499988824129,0.4,0.6796858875495522,True,True,True,False
2d35fbbf353c1e4effcb,representation,representation_disagreement,2777,3798308924,16,5000,0.4,0.05,rbf,median,anytime,bonferroni,3,2,False,B_BETTER,208,True,False,False,0.00020212499657645822,0.4,0.7434004973451923,True,True,True,False
0081a7b11c5e3fd32518,representation,representation_disagreement,2778,2315345638,16,5000,0.4,0.05,rbf,median,anytime,bonferroni,3,2,False,B_BETTER,272,True,False,False,0.00020625005709007382,0.4,0.6620856821127257,True,True,True,False
06229480ca69bdfb661f,representation,representation_disagreement,2779,3538379439,16,5000,0.4,0.05,rbf,median,anytime,bonferroni,3,2,False,B_BETTER,224,True,False,False,0.00020524999126791954,0.4,0.7200353639175696,True,True,True,False
ff571fed561a71b0db1f,representation,representation_disagreement,2780,3560224633,16,5000,0.4,0.05,rbf,median,anytime,bonferroni,3,2,False,B_BETTER,320,True,False,False,0.00020816700998693705,0.4,0.6170219115444306,True,True,True,False
05888a826b6052a46eaf,representation,representation_disagreement,2781,1559549327,16,5000,0.4,0.05,rbf,median,anytime,bonferroni,3,2,False,B_BETTER,256,True,False,False,0.0002057079691439867,0.4,0.6796858875495522,True,True,True,False
9157db410f722bd36499,representation,representation_disagreement,2782,1371039429,16,5000,0.4,0.05,rbf,median,anytime,bonferroni,3,2,False,B_BETTER,192,True,False,False,0.0002026250003837049,0.4,0.7694441991638782,True,True,True,False
9811fe399ef1792bb549,representation,representation_disagreement,2783,2534719649,16,5000,0.4,0.05,rbf,median,anytime,bonferroni,3,2,False,B_BETTER,240,True,False,False,0.00020462501561269164,0.4,0.6989114228795754,True,True,True,False
a9931f3e2b3d6b00e4bd,representation,representation_disagreement,2784,2443623936,16,5000,0.4,0.05,rbf,median,anytime,bonferroni,3,2,False,B_BETTER,256,True,False,False,0.00020583398872986436,0.4,0.6796858875495522,True,True,True,False
32f2cf544bf52e4c5cb6,representation,representation_disagreement,2785,1448148395,16,5000,0.4,0.05,rbf,median,anytime,bonferroni,3,2,False,B_BETTER,256,True,False,False,0.00020820897771045566,0.4,0.6796858875495522,True,True,True,False
113445012f41890eb8db,representation,representation_disagreement,2786,649846072,16,5000,0.4,0.05,rbf,median,anytime,bonferroni,3,2,False,B_BETTER,272,True,False,False,0.00020666600903496146,0.4,0.6620856821127258,True,True,True,False
127e127370ae07ff4d6a,representation,representation_disagreement,2787,1776800325,16,5000,0.4,0.05,rbf,median,anytime,bonferroni,3,2,False,B_BETTER,272,True,False,False,0.0002061669947579503,0.4,0.6620856821127257,True,True,True,False
adb445256d2c4f569612,representation,representation_disagreement,2788,792314771,16,5000,0.4,0.05,rbf,median,anytime,bonferroni,3,2,False,B_BETTER,240,True,False,False,0.00020470900926738977,0.4,0.6989114228795754,True,True,True,False
a7f4e9842eeef287fe46,representation,representation_disagreement,2789,1237435992,16,5000,0.4,0.05,rbf,median,anytime,bonferroni,3,2,False,B_BETTER,256,True,False,False,0.00020650000078603625,0.4,0.6796858875495522,True,True,True,False
8249c438bd96d048d35c,representation,representation_disagreement,2790,269999538,16,5000,0.4,0.05,rbf,median,anytime,bonferroni,3,2,False,B_BETTER,256,True,False,False,0.00020541698904708028,0.4,0.6796858875495522,True,True,True,False
e60191c0fc7f48bef2fa,representation,representation_disagreement,2791,2311061146,16,5000,0.4,0.05,rbf,median,anytime,bonferroni,3,2,False,B_BETTER,272,True,False,False,0.00020620902068912983,0.4,0.6620856821127259,True,True,True,False
b1f119d21f086ae463fb,representation,representation_disagreement,2792,3558124776,16,5000,0.4,0.05,rbf,median,anytime,bonferroni,3,2,False,B_BETTER,256,True,False,False,0.0002056249650195241,0.4,0.6796858875495522,True,True,True,False
12bce6e832301eb01216,representation,representation_disagreement,2793,1796333771,16,5000,0.4,0.05,rbf,median,anytime,bonferroni,3,2,False,B_BETTER,240,True,False,False,0.00020483299158513546,0.4,0.6989114228795754,True,True,True,False
3117111b9babdfd6c788,representation,representation_disagreement,2794,3522817060,16,5000,0.4,0.05,rbf,median,anytime,bonferroni,3,2,False,B_BETTER,288,True,False,False,0.00020750000840052962,0.4,0.6458901399180805,True,True,True,False
c9575fe96ea62d1e8a48,representation,representation_disagreement,2795,3343378191,16,5000,0.4,0.05,rbf,median,anytime,bonferroni,3,2,False,B_BETTER,256,True,False,False,0.000206290977075696,0.4,0.6796858875495522,True,True,True,False
abf91fa7fc683356bf7d,representation,representation_disagreement,2796,1088406558,16,5000,0.4,0.05,rbf,median,anytime,bonferroni,3,2,False,B_BETTER,256,True,False,False,0.0002049170434474945,0.4,0.6796858875495522,True,True,True,False
cf564ce0f940af1bd725,representation,representation_disagreement,2797,3883059116,16,5000,0.4,0.05,rbf,median,anytime,bonferroni,3,2,False,B_BETTER,288,True,False,False,0.00020637502893805504,0.4,0.6458901399180805,True,True,True,False
c201dfd92aa91e864af4,representation,representation_disagreement,2798,1357568780,16,5000,0.4,0.05,rbf,median,anytime,bonferroni,3,2,False,B_BETTER,256,True,False,False,0.00020533299539238214,0.4,0.6796858875495522,True,True,True,False
e33bae83d87d17f06a82,representation,representation_disagreement,2799,1400611450,16,5000,0.4,0.05,rbf,median,anytime,bonferroni,3,2,False,B_BETTER,240,True,False,False,0.00020529201719909906,0.4,0.6989114228795754,True,True,True,False
af9031cc115a282cd70e,representation,representation_disagreement,2800,2574407477,16,5000,0.4,0.05,rbf,median,anytime,bonferroni,3,2,False,B_BETTER,224,True,False,False,0.00020487495930865407,0.4,0.7200353639175696,True,True,True,False
8864d663a6158fe5eb8b,representation,representation_disagreement,2801,1726106770,16,5000,0.4,0.05,rbf,median,anytime,bonferroni,3,2,False,B_BETTER,240,True,False,False,0.00020474998746067286,0.4,0.6989114228795754,True,True,True,False
27ff5fbc51c471568cdf,representation,representation_disagreement,2802,3413175383,16,5000,0.4,0.05,rbf,median,anytime,bonferroni,3,2,False,B_BETTER,224,True,False,False,0.00020341703202575445,0.4,0.7200353639175696,True,True,True,False
b2b85e56916134109045,representation,representation_disagreement,2803,2357613819,16,5000,0.4,0.05,rbf,median,anytime,bonferroni,3,2,False,B_BETTER,256,True,False,False,0.00020391703583300114,0.4,0.6796858875495522,True,True,True,False
96bea5f573edfa15ecba,representation,representation_disagreement,2804,3574675715,16,5000,0.4,0.05,rbf,median,anytime,bonferroni,3,2,False,B_BETTER,224,True,False,False,0.0002044160501100123,0.4,0.7200353639175696,True,True,True,False
f733cfa12444e02a9549,representation,representation_disagreement,2805,3558373019,16,5000,0.4,0.05,rbf,median,anytime,bonferroni,3,2,False,B_BETTER,224,True,False,False,0.00020512501941993833,0.4,0.7200353639175696,True,True,True,False
1297bd4ba5b897217ed5,representation,representation_disagreement,2806,610202209,16,5000,0.4,0.05,rbf,median,anytime,bonferroni,3,2,False,B_BETTER,240,True,False,False,0.00020595802925527096,0.4,0.6989114228795754,True,True,True,False
644e1fb8c8f07f99a984,representation,representation_disagreement,2807,3932487446,16,5000,0.4,0.05,rbf,median,anytime,bonferroni,3,2,False,B_BETTER,288,True,False,False,0.00020695902639999986,0.4,0.6458901399180805,True,True,True,False
88bd34552e8e6fbebd81,representation,representation_disagreement,2808,1658777870,16,5000,0.4,0.05,rbf,median,anytime,bonferroni,3,2,False,B_BETTER,224,True,False,False,0.00020445894915610552,0.4,0.7200353639175696,True,True,True,False
5e782a0e0e4471c2c99e,representation,representation_disagreement,2809,1223841359,16,5000,0.4,0.05,rbf,median,anytime,bonferroni,3,2,False,B_BETTER,304,True,False,False,0.0002072090283036232,0.4,0.6309186896508341,True,True,True,False
02ed116427e1dd67cef8,representation,representation_disagreement,2810,2530430038,16,5000,0.4,0.05,rbf,median,anytime,bonferroni,3,2,False,B_BETTER,224,True,False,False,0.00020408397540450096,0.4,0.7200353639175696,True,True,True,False
d18eb3b77d1eb52ce411,representation,representation_disagreement,2811,3878881970,16,5000,0.4,0.05,rbf,median,anytime,bonferroni,3,2,False,B_BETTER,224,True,False,False,0.00020350003615021706,0.4,0.7200353639175696,True,True,True,False
640a1d9f9319ab2e739c,representation,representation_disagreement,2812,1459000072,16,5000,0.4,0.05,rbf,median,anytime,bonferroni,3,2,False,B_BETTER,240,True,False,False,0.00020516704535111785,0.4,0.6989114228795754,True,True,True,False
3d164d92eafa97a570be,representation,representation_disagreement,2813,743784731,16,5000,0.4,0.05,rbf,median,anytime,bonferroni,3,2,False,B_BETTER,272,True,False,False,0.00020716700237244368,0.4,0.6620856821127258,True,True,True,False
6e448ef479f72f72755f,representation,representation_disagreement,2814,1458836317,16,5000,0.4,0.05,rbf,median,anytime,bonferroni,3,2,False,B_BETTER,272,True,False,False,0.00020554102957248688,0.4,0.6620856821127258,True,True,True,False
761afe255e7700f7752c,representation,representation_disagreement,2815,3158161986,16,5000,0.4,0.05,rbf,median,anytime,bonferroni,3,2,False,B_BETTER,256,True,False,False,0.00020591699285432696,0.4,0.6796858875495522,True,True,True,False
3db2b9d65e3c80ec5bbb,representation,representation_disagreement,2816,1785503376,16,5000,0.4,0.05,rbf,median,anytime,bonferroni,3,2,False,B_BETTER,272,True,False,False,0.00020566699095070362,0.4,0.6620856821127258,True,True,True,False
09f902a13a069fd944fa,representation,representation_disagreement,2817,2126414545,16,5000,0.4,0.05,rbf,median,anytime,bonferroni,3,2,False,B_BETTER,256,True,False,False,0.0002054170472547412,0.4,0.6796858875495522,True,True,True,False
96c76182efe604b3a501,representation,representation_disagreement,2818,708771833,16,5000,0.4,0.05,rbf,median,anytime,bonferroni,3,2,False,B_BETTER,272,True,False,False,0.00020574999507516623,0.4,0.6620856821127258,True,True,True,False
53c660eed9895b2e23f2,representation,representation_disagreement,2819,1538136384,16,5000,0.4,0.05,rbf,median,anytime,bonferroni,3,2,False,B_BETTER,256,True,False,False,0.00020329200197011232,0.4,0.6796858875495522,True,True,True,False
4913fdbaff776cf20895,representation,representation_disagreement,2820,1771375106,16,5000,0.4,0.05,rbf,median,anytime,bonferroni,3,2,False,B_BETTER,336,True,False,False,0.00020837498595938087,0.4,0.60407492330224,True,True,True,False
5f2cc3e393264ee81a03,representation,representation_disagreement,2821,4012879498,16,5000,0.4,0.05,rbf,median,anytime,bonferroni,3,2,False,B_BETTER,288,True,False,False,0.00020533299539238214,0.4,0.6458901399180805,True,True,True,False
83b0fc792c65c19111ae,representation,representation_disagreement,2822,3658444129,16,5000,0.4,0.05,rbf,median,anytime,bonferroni,3,2,False,B_BETTER,272,True,False,False,0.0002050829934887588,0.4,0.6620856821127258,True,True,True,False
43efb694e274ea92a3a1,representation,representation_disagreement,2823,662391668,16,5000,0.4,0.05,rbf,median,anytime,bonferroni,3,2,False,B_BETTER,208,True,False,False,0.00020429096184670925,0.4,0.7434004973451922,True,True,True,False
0e2cdf12666000035fa3,representation,representation_disagreement,2824,810542616,16,5000,0.4,0.05,rbf,median,anytime,bonferroni,3,2,False,B_BETTER,256,True,False,False,0.00020412501180544496,0.4,0.6796858875495522,True,True,True,False
c71347eb6b1342780db9,representation,representation_disagreement,2825,3603021824,16,5000,0.4,0.05,rbf,median,anytime,bonferroni,3,2,False,B_BETTER,208,True,False,False,0.00020483299158513546,0.4,0.7434004973451922,True,True,True,False
8957f968f4821b85016e,representation,representation_disagreement,2826,793816857,16,5000,0.4,0.05,rbf,median,anytime,bonferroni,3,2,False,B_BETTER,224,True,False,False,0.00020362500799819827,0.4,0.7200353639175696,True,True,True,False
a20142655b4d3ca83a73,representation,representation_disagreement,2827,161733925,16,5000,0.4,0.05,rbf,median,anytime,bonferroni,3,2,False,B_BETTER,256,True,False,False,0.00020495796343311667,0.4,0.6796858875495522,True,True,True,False
85a4dce4c0a641d7f3db,representation,representation_disagreement,2828,4098155830,16,5000,0.4,0.05,rbf,median,anytime,bonferroni,3,2,False,B_BETTER,240,True,False,False,0.00020362500799819827,0.4,0.6989114228795754,True,True,True,False
59675d3a9598da6e85e6,representation,representation_disagreement,2829,114949977,16,5000,0.4,0.05,rbf,median,anytime,bonferroni,3,2,False,B_BETTER,224,True,False,False,0.000203792005777359,0.4,0.7200353639175696,True,True,True,False
e49ea16d5bcc7577aebc,representation,representation_disagreement,2830,3831730843,16,5000,0.4,0.05,rbf,median,anytime,bonferroni,3,2,False,B_BETTER,224,True,False,False,0.00020762498024851084,0.4,0.7200353639175696,True,True,True,False
7e649e3e908728e17574,representation,representation_disagreement,2831,1255968308,16,5000,0.4,0.05,rbf,median,anytime,bonferroni,3,2,False,B_BETTER,256,True,False,False,0.00020583299919962883,0.4,0.6796858875495522,True,True,True,False
21815eb0a43aed03af70,representation,representation_disagreement,2832,719817419,16,5000,0.4,0.05,rbf,median,anytime,bonferroni,3,2,False,B_BETTER,256,True,False,False,0.00020629196660593152,0.4,0.6796858875495522,True,True,True,False
3b9a3d662199e8d60688,representation,representation_disagreement,2833,1567384540,16,5000,0.4,0.05,rbf,median,anytime,bonferroni,3,2,False,B_BETTER,240,True,False,False,0.00020458397921174765,0.4,0.6989114228795754,True,True,True,False
5b5763643b8410db4155,representation,representation_disagreement,2834,2919396690,16,5000,0.4,0.05,rbf,median,anytime,bonferroni,3,2,False,B_BETTER,304,True,False,False,0.00020695797866210341,0.4,0.6309186896508341,True,True,True,False
f7ab53a2dfc7ad9f17d5,representation,representation_disagreement,2835,1112107887,16,5000,0.4,0.05,rbf,median,anytime,bonferroni,3,2,False,B_BETTER,240,True,False,False,0.00020470900926738977,0.4,0.6989114228795754,True,True,True,False
50225e9e71f59d0c6636,representation,representation_disagreement,2836,953799607,16,5000,0.4,0.05,rbf,median,anytime,bonferroni,3,2,False,B_BETTER,256,True,False,False,0.00020529201719909906,0.4,0.6796858875495522,True,True,True,False
0fa8a9b81873b0469826,representation,representation_disagreement,2837,3225332656,16,5000,0.4,0.05,rbf,median,anytime,bonferroni,3,2,False,B_BETTER,272,True,False,False,0.00020566699095070362,0.4,0.6620856821127257,True,True,True,False
dce818186b5d681c835c,representation,representation_disagreement,2838,1753239221,16,5000,0.4,0.05,rbf,median,anytime,bonferroni,3,2,False,B_BETTER,304,True,False,False,0.00020899996161460876,0.4,0.6309186896508341,True,True,True,False
72db8fb63dbbd6b1cd9d,representation,representation_disagreement,2839,2326044376,16,5000,0.4,0.05,rbf,median,anytime,bonferroni,3,2,False,B_BETTER,224,True,False,False,0.00020395801402628422,0.4,0.7200353639175696,True,True,True,False
6a6d2dc0d6af853c8bc4,representation,representation_disagreement,2840,710922042,16,5000,0.4,0.05,rbf,median,anytime,bonferroni,3,2,False,B_BETTER,304,True,False,False,0.00020733295241370797,0.4,0.6309186896508341,True,True,True,False
e2e99df1f5c019d74542,representation,representation_disagreement,2841,3634324178,16,5000,0.4,0.05,rbf,median,anytime,bonferroni,3,2,False,B_BETTER,288,True,False,False,0.0002068749745376408,0.4,0.6458901399180805,True,True,True,False
d359b2d2e6a6c943ad58,representation,representation_disagreement,2842,3462444328,16,5000,0.4,0.05,rbf,median,anytime,bonferroni,3,2,False,B_BETTER,256,True,False,False,0.00020487501751631498,0.4,0.6796858875495522,True,True,True,False
7f067cfead7498b01896,representation,representation_disagreement,2843,2892750111,16,5000,0.4,0.05,rbf,median,anytime,bonferroni,3,2,False,B_BETTER,224,True,False,False,0.00020245800260454416,0.4,0.7200353639175696,True,True,True,False
bf5f3c90f88b56e8a78f,representation,representation_disagreement,2844,3058532803,16,5000,0.4,0.05,rbf,median,anytime,bonferroni,3,2,False,B_BETTER,288,True,False,False,0.00020712503464892507,0.4,0.6458901399180805,True,True,True,False
1bdde5f781cdf87f428f,representation,representation_disagreement,2845,396400373,16,5000,0.4,0.05,rbf,median,anytime,bonferroni,3,2,False,B_BETTER,224,True,False,False,0.0002026660367846489,0.4,0.7200353639175696,True,True,True,False
27df55232f1713503295,representation,representation_disagreement,2846,562761062,16,5000,0.4,0.05,rbf,median,anytime,bonferroni,3,2,False,B_BETTER,288,True,False,False,0.0002067500026896596,0.4,0.6458901399180805,True,True,True,False
d0ac48ed6450f2231cdd,representation,representation_disagreement,2847,265461369,16,5000,0.4,0.05,rbf,median,anytime,bonferroni,3,2,False,B_BETTER,240,True,False,False,0.0002061250270344317,0.4,0.6989114228795754,True,True,True,False
632491008fc25305ca94,representation,representation_disagreement,2848,2707153561,16,5000,0.4,0.05,rbf,median,anytime,bonferroni,3,2,False,B_BETTER,272,True,False,False,0.00021908397320657969,0.4,0.6620856821127259,True,True,True,False
da9af90deb354ffd662d,representation,representation_disagreement,2849,4097947707,16,5000,0.4,0.05,rbf,median,anytime,bonferroni,3,2,False,B_BETTER,240,True,False,False,0.0002097089891321957,0.4,0.6989114228795754,True,True,True,False
6273db2f380036fe973c,representation,representation_disagreement,2850,581520365,16,5000,0.4,0.05,rbf,median,anytime,bonferroni,3,2,False,B_BETTER,272,True,False,False,0.00018762500258162618,0.4,0.6620856821127258,True,True,True,False
89f8382b9cae11f6bd6d,representation,representation_disagreement,2851,1056510313,16,5000,0.4,0.05,rbf,median,anytime,bonferroni,3,2,False,B_BETTER,240,True,False,False,0.00017795804888010025,0.4,0.6989114228795754,True,True,True,False
06130a3e172839b689b1,representation,representation_disagreement,2852,3113014850,16,5000,0.4,0.05,rbf,median,anytime,bonferroni,3,2,False,B_BETTER,240,True,False,False,0.00017829204443842173,0.4,0.6989114228795754,True,True,True,False
91ea0a699c50243a0af2,representation,representation_disagreement,2853,1280072876,16,5000,0.4,0.05,rbf,median,anytime,bonferroni,3,2,False,B_BETTER,192,True,False,False,0.00017566600581631064,0.4,0.7694441991638782,True,True,True,False
fd13428e6274a982694a,representation,representation_disagreement,2854,629091299,16,5000,0.4,0.05,rbf,median,anytime,bonferroni,3,2,False,B_BETTER,288,True,False,False,0.00018212501890957355,0.4,0.6458901399180805,True,True,True,False
0b589994b31ddfb1129f,representation,representation_disagreement,2855,2375315324,16,5000,0.4,0.05,rbf,median,anytime,bonferroni,3,2,False,B_BETTER,240,True,False,False,0.00017741700867190957,0.4,0.6989114228795754,True,True,True,False
dc85c72515c58aeab67a,representation,representation_disagreement,2856,1056165088,16,5000,0.4,0.05,rbf,median,anytime,bonferroni,3,2,False,B_BETTER,224,True,False,False,0.00017625000327825546,0.4,0.7200353639175696,True,True,True,False
f25b51f8b87c893ded58,representation,representation_disagreement,2857,187822991,16,5000,0.4,0.05,rbf,median,anytime,bonferroni,3,2,False,B_BETTER,272,True,False,False,0.00017804198432713747,0.4,0.6620856821127258,True,True,True,False
ca082347bb671e784132,representation,representation_disagreement,2858,929370243,16,5000,0.4,0.05,rbf,median,anytime,bonferroni,3,2,False,B_BETTER,272,True,False,False,0.0001787920482456684,0.4,0.6620856821127258,True,True,True,False
4c7f567f848a1426f531,representation,representation_disagreement,2859,2183975298,16,5000,0.4,0.05,rbf,median,anytime,bonferroni,3,2,False,B_BETTER,288,True,False,False,0.000177707988768816,0.4,0.6458901399180805,True,True,True,False
91fe2401576eae6911c3,representation,representation_disagreement,2860,2902091140,16,5000,0.4,0.05,rbf,median,anytime,bonferroni,3,2,False,B_BETTER,272,True,False,False,0.00017754198051989079,0.4,0.6620856821127257,True,True,True,False
954d9a8b2ff80e56348e,representation,representation_disagreement,2861,830552255,16,5000,0.4,0.05,rbf,median,anytime,bonferroni,3,2,False,B_BETTER,272,True,False,False,0.00017800001660361886,0.4,0.6620856821127258,True,True,True,False
2402c9c14db914f34708,representation,representation_disagreement,2862,1000220284,16,5000,0.4,0.05,rbf,median,anytime,bonferroni,3,2,False,B_BETTER,272,True,False,False,0.00017833401216194034,0.4,0.6620856821127258,True,True,True,False
01e292af34b93a389cb7,representation,representation_disagreement,2863,2201244084,16,5000,0.4,0.05,rbf,median,anytime,bonferroni,3,2,False,B_BETTER,256,True,False,False,0.00017716694856062531,0.4,0.6796858875495522,True,True,True,False
d17b72ca4666c94c6975,representation,representation_disagreement,2864,2254124026,16,5000,0.4,0.05,rbf,median,anytime,bonferroni,3,2,False,B_BETTER,224,True,False,False,0.00017574999947100878,0.4,0.7200353639175696,True,True,True,False
ca87795644e503e19e08,representation,representation_disagreement,2865,355754421,16,5000,0.4,0.05,rbf,median,anytime,bonferroni,3,2,False,B_BETTER,240,True,False,False,0.00017741700867190957,0.4,0.6989114228795754,True,True,True,False
9a6a5ae8948dbbf2523c,representation,representation_disagreement,2866,2756056999,16,5000,0.4,0.05,rbf,median,anytime,bonferroni,3,2,False,B_BETTER,192,True,False,False,0.0001751669915392995,0.4,0.7694441991638783,True,True,True,False
e09d2cd719f25e1c79a3,representation,representation_disagreement,2867,386374702,16,5000,0.4,0.05,rbf,median,anytime,bonferroni,3,2,False,B_BETTER,288,True,False,False,0.00017862499225884676,0.4,0.6458901399180805,True,True,True,False
ea1ceccce1d898a38fd1,representation,representation_disagreement,2868,681560029,16,5000,0.4,0.05,rbf,median,anytime,bonferroni,3,2,False,B_BETTER,256,True,False,False,0.00017862499225884676,0.4,0.6796858875495522,True,True,True,False
6b042519539f407d7ddf,representation,representation_disagreement,2869,3996389870,16,5000,0.4,0.05,rbf,median,anytime,bonferroni,3,2,False,B_BETTER,208,True,False,False,0.0001751669915392995,0.4,0.7434004973451923,True,True,True,False
63573c9afeb590466e73,representation,representation_disagreement,2870,3718555699,16,5000,0.4,0.05,rbf,median,anytime,bonferroni,3,2,False,B_BETTER,240,True,False,False,0.00017679197480902076,0.4,0.6989114228795754,True,True,True,False
60be2bcd5d32c19cf45c,representation,representation_disagreement,2871,2902477040,16,5000,0.4,0.05,rbf,median,anytime,bonferroni,3,2,False,B_BETTER,240,True,False,False,0.0001764170010574162,0.4,0.6989114228795754,True,True,True,False
032b2f5f6781ef448c6c,representation,representation_disagreement,2872,652420702,16,5000,0.4,0.05,rbf,median,anytime,bonferroni,3,2,False,B_BETTER,256,True,False,False,0.00017675000708550215,0.4,0.6796858875495522,True,True,True,False
ee3e67ad56ce602281c4,representation,representation_disagreement,2873,1957125764,16,5000,0.4,0.05,rbf,median,anytime,bonferroni,3,2,False,B_BETTER,272,True,False,False,0.00017766602104529738,0.4,0.6620856821127257,True,True,True,False
27cfd59e83730154afa7,representation,representation_disagreement,2874,3499434079,16,5000,0.4,0.05,rbf,median,anytime,bonferroni,3,2,False,B_BETTER,256,True,False,False,0.00017795799067243934,0.4,0.6796858875495522,True,True,True,False
7757948e0360cb7967ef,representation,representation_disagreement,2875,3235402199,16,5000,0.4,0.05,rbf,median,anytime,bonferroni,3,2,False,B_BETTER,320,True,False,False,0.00018208404071629047,0.4,0.6170219115444305,True,True,True,False
e7c4acda21fb70cd250a,representation,representation_disagreement,2876,3481259059,16,5000,0.4,0.05,rbf,median,anytime,bonferroni,3,2,False,B_BETTER,256,True,False,False,0.00017679098527878523,0.4,0.6796858875495522,True,True,True,False
27216fab66bbf4ee980d,representation,representation_disagreement,2877,1572679889,16,5000,0.4,0.05,rbf,median,anytime,bonferroni,3,2,False,B_BETTER,272,True,False,False,0.00017733301501721144,0.4,0.6620856821127259,True,True,True,False
b061061487d9b0f569fc,representation,representation_disagreement,2878,2230020347,16,5000,0.4,0.05,rbf,median,anytime,bonferroni,3,2,False,B_BETTER,208,True,False,False,0.00017858296632766724,0.4,0.7434004973451923,True,True,True,False
5a531bf50b099bdb550d,representation,representation_disagreement,2879,3464013163,16,5000,0.4,0.05,rbf,median,anytime,bonferroni,3,2,False,B_BETTER,240,True,False,False,0.00017625000327825546,0.4,0.6989114228795754,True,True,True,False
1e1b4aa73a5bcfe552df,representation,representation_disagreement,2880,3620266196,16,5000,0.4,0.05,rbf,median,anytime,bonferroni,3,2,False,B_BETTER,256,True,False,False,0.00017729098908603191,0.4,0.6796858875495522,True,True,True,False
dda9f5bd4562a456eae2,representation,representation_disagreement,2881,3711111362,16,5000,0.4,0.05,rbf,median,anytime,bonferroni,3,2,False,B_BETTER,240,True,False,False,0.00017683301120996475,0.4,0.6989114228795754,True,True,True,False
08fc72dccc6073d4256c,representation,representation_disagreement,2882,443172882,16,5000,0.4,0.05,rbf,median,anytime,bonferroni,3,2,False,B_BETTER,240,True,False,False,0.0001770830131135881,0.4,0.6989114228795754,True,True,True,False
7ac880fb4c39f51200cc,representation,representation_disagreement,2883,2484037465,16,5000,0.4,0.05,rbf,median,anytime,bonferroni,3,2,False,B_BETTER,272,True,False,False,0.00017779198242351413,0.4,0.6620856821127257,True,True,True,False
af409e7ecff509e7390c,representation,representation_disagreement,2884,372508928,16,5000,0.4,0.05,rbf,median,anytime,bonferroni,3,2,False,B_BETTER,240,True,False,False,0.00017654203111305833,0.4,0.6989114228795754,True,True,True,False
250c9d71a1ec3baa0454,representation,representation_disagreement,2885,2576990729,16,5000,0.4,0.05,rbf,median,anytime,bonferroni,3,2,False,B_BETTER,224,True,False,False,0.00017491698963567615,0.4,0.7200353639175696,True,True,True,False
5b82b8126f7b0be8991b,representation,representation_disagreement,2886,570737130,16,5000,0.4,0.05,rbf,median,anytime,bonferroni,3,2,False,B_BETTER,240,True,False,False,0.0001772079849615693,0.4,0.6989114228795754,True,True,True,False
7d26dc7a806bc130a825,representation,representation_disagreement,2887,1490849577,16,5000,0.4,0.05,rbf,median,anytime,bonferroni,3,2,False,B_BETTER,272,True,False,False,0.00017879100050777197,0.4,0.6620856821127259,True,True,True,False
461c7ee54f8917f9ad35,representation,representation_disagreement,2888,3412175289,16,5000,0.4,0.05,rbf,median,anytime,bonferroni,3,2,False,B_BETTER,256,True,False,False,0.00017804198432713747,0.4,0.6796858875495522,True,True,True,False
273098236552baa55688,representation,representation_disagreement,2889,2720668384,16,5000,0.4,0.05,rbf,median,anytime,bonferroni,3,2,False,B_BETTER,288,True,False,False,0.00017845799447968602,0.4,0.6458901399180805,True,True,True,False
2de8d583d361adbca788,representation,representation_disagreement,2890,3342162633,16,5000,0.4,0.05,rbf,median,anytime,bonferroni,3,2,False,B_BETTER,272,True,False,False,0.00017804198432713747,0.4,0.6620856821127258,True,True,True,False
242c9f4e7a21784ae4e1,representation,representation_disagreement,2891,3288492575,16,5000,0.4,0.05,rbf,median,anytime,bonferroni,3,2,False,B_BETTER,272,True,False,False,0.00017729197861626744,0.4,0.6620856821127257,True,True,True,False
dbed05ec4972d6f0139b,representation,representation_disagreement,2892,4152098023,16,5000,0.4,0.05,rbf,median,anytime,bonferroni,3,2,False,B_BETTER,256,True,False,False,0.0001770419767126441,0.4,0.6796858875495522,True,True,True,False
3c4fd66254d56bdd6610,representation,representation_disagreement,2893,2168858240,16,5000,0.4,0.05,rbf,median,anytime,bonferroni,3,2,False,B_BETTER,224,True,False,False,0.00017675000708550215,0.4,0.7200353639175696,True,True,True,False
b82f87a75d84a3969081,representation,representation_disagreement,2894,3893933242,16,5000,0.4,0.05,rbf,median,anytime,bonferroni,3,2,False,B_BETTER,256,True,False,False,0.0001777909928932786,0.4,0.6796858875495522,True,True,True,False
ebf5e69c106723494619,representation,representation_disagreement,2895,227683299,16,5000,0.4,0.05,rbf,median,anytime,bonferroni,3,2,False,B_BETTER,272,True,False,False,0.00017670798115432262,0.4,0.6620856821127258,True,True,True,False
7b6ec615a2d9d2ba61fa,representation,representation_disagreement,2896,1666133815,16,5000,0.4,0.05,rbf,median,anytime,bonferroni,3,2,False,B_BETTER,256,True,False,False,0.00017962499987334013,0.4,0.6796858875495522,True,True,True,False
bf6cb6873421b4823677,representation,representation_disagreement,2897,862520647,16,5000,0.4,0.05,rbf,median,anytime,bonferroni,3,2,False,B_BETTER,256,True,False,False,0.00017629202920943499,0.4,0.6796858875495522,True,True,True,False
d4824a457235f840fcb8,representation,representation_disagreement,2898,3567321662,16,5000,0.4,0.05,rbf,median,anytime,bonferroni,3,2,False,B_BETTER,240,True,False,False,0.0001764580374583602,0.4,0.6989114228795754,True,True,True,False
d72d4fe0056fd55c73cc,representation,representation_disagreement,2899,2105599404,16,5000,0.4,0.05,rbf,median,anytime,bonferroni,3,2,False,B_BETTER,256,True,False,False,0.00017916702199727297,0.4,0.6796858875495522,True,True,True,False
a6c44f3a2f059832d8b0,representation,representation_disagreement,2900,2611690209,16,5000,0.4,0.05,rbf,median,anytime,bonferroni,3,2,False,B_BETTER,240,True,False,False,0.00017695798305794597,0.4,0.6989114228795754,True,True,True,False
0f02090e4671e7a3f15d,representation,representation_disagreement,2901,1288034230,16,5000,0.4,0.05,rbf,median,anytime,bonferroni,3,2,False,B_BETTER,304,True,False,False,0.00017920800019055605,0.4,0.6309186896508341,True,True,True,False
fd1e3d8c669a65df1855,representation,representation_disagreement,2902,2996643420,16,5000,0.4,0.05,rbf,median,anytime,bonferroni,3,2,False,B_BETTER,208,True,False,False,0.0001751670497469604,0.4,0.7434004973451923,True,True,True,False
52b494928b0dcb4df11e,representation,representation_disagreement,2903,1760056056,16,5000,0.4,0.05,rbf,median,anytime,bonferroni,3,2,False,B_BETTER,288,True,False,False,0.0001789579982869327,0.4,0.6458901399180805,True,True,True,False
3089bb31b6bb9009969f,representation,representation_disagreement,2904,778834342,16,5000,0.4,0.05,rbf,median,anytime,bonferroni,3,2,False,B_BETTER,208,True,False,False,0.0001735829864628613,0.4,0.7434004973451923,True,True,True,False
6982b7963c1f72a1aeec,representation,representation_disagreement,2905,3248835930,16,5000,0.4,0.05,rbf,median,anytime,bonferroni,3,2,False,B_BETTER,208,True,False,False,0.0001746669877320528,0.4,0.7434004973451923,True,True,True,False
3d018310cc6e42043276,representation,representation_disagreement,2906,3894435246,16,5000,0.4,0.05,rbf,median,anytime,bonferroni,3,2,False,B_BETTER,256,True,False,False,0.0001771249808371067,0.4,0.6796858875495522,True,True,True,False
ba67009025b1a8c05d4b,representation,representation_disagreement,2907,746103139,16,5000,0.4,0.05,rbf,median,anytime,bonferroni,3,2,False,B_BETTER,256,True,False,False,0.00017675000708550215,0.4,0.6796858875495522,True,True,True,False
a0a7e3a9a6ab3a99ef45,representation,representation_disagreement,2908,410598216,16,5000,0.4,0.05,rbf,median,anytime,bonferroni,3,2,False,B_BETTER,240,True,False,False,0.00017616699915379286,0.4,0.6989114228795754,True,True,True,False
28397084c5afbc9ce668,representation,representation_disagreement,2909,907150830,16,5000,0.4,0.05,rbf,median,anytime,bonferroni,3,2,False,B_BETTER,272,True,False,False,0.0001765000051818788,0.4,0.6620856821127259,True,True,True,False
f4354e7bc6f9fbe6c8c1,representation,representation_disagreement,2910,4214170301,16,5000,0.4,0.05,rbf,median,anytime,bonferroni,3,2,False,B_BETTER,272,True,False,False,0.00017679197480902076,0.4,0.6620856821127258,True,True,True,False
863db8ecbaa395a454e7,representation,representation_disagreement,2911,1144571395,16,5000,0.4,0.05,rbf,median,anytime,bonferroni,3,2,False,B_BETTER,272,True,False,False,0.00017662503523752093,0.4,0.6620856821127258,True,True,True,False
0b92e4e8d9b178063f2a,representation,representation_disagreement,2912,4044484103,16,5000,0.4,0.05,rbf,median,anytime,bonferroni,3,2,False,B_BETTER,256,True,False,False,0.0001758750295266509,0.4,0.6796858875495522,True,True,True,False
8bcaf302a832d5b7904e,representation,representation_disagreement,2913,1537506014,16,5000,0.4,0.05,rbf,median,anytime,bonferroni,3,2,False,B_BETTER,288,True,False,False,0.00017804204253479838,0.4,0.6458901399180805,True,True,True,False
46ef1cd2a09f9d46a7b9,representation,representation_disagreement,2914,2643094603,16,5000,0.4,0.05,rbf,median,anytime,bonferroni,3,2,False,B_BETTER,224,True,False,False,0.00017549999756738544,0.4,0.7200353639175696,True,True,True,False
a1a53b3b0b444f9f3654,representation,representation_disagreement,2915,2383710224,16,5000,0.4,0.05,rbf,median,anytime,bonferroni,3,2,False,B_BETTER,240,True,False,False,0.0001751669915392995,0.4,0.6989114228795754,True,True,True,False
be385441aa3d21aea620,representation,representation_disagreement,2916,145815128,16,5000,0.4,0.05,rbf,median,anytime,bonferroni,3,2,False,B_BETTER,240,True,False,False,0.00017529097385704517,0.4,0.6989114228795754,True,True,True,False
b0c6b556ca085dbb44ad,representation,representation_disagreement,2917,3988496622,16,5000,0.4,0.05,rbf,median,anytime,bonferroni,3,2,False,B_BETTER,256,True,False,False,0.00017625000327825546,0.4,0.6796858875495522,True,True,True,False
d257a0889a9eeaef09a4,representation,representation_disagreement,2918,1908140561,16,5000,0.4,0.05,rbf,median,anytime,bonferroni,3,2,False,B_BETTER,320,True,False,False,0.00018329196609556675,0.4,0.6170219115444306,True,True,True,False
3e156bed607413433762,representation,representation_disagreement,2919,3051271975,16,5000,0.4,0.05,rbf,median,anytime,bonferroni,3,2,False,B_BETTER,224,True,False,False,0.00017604103777557611,0.4,0.7200353639175696,True,True,True,False
6cb08ea31f58d9d0f32f,representation,representation_disagreement,2920,4168336815,16,5000,0.4,0.05,rbf,median,anytime,bonferroni,3,2,False,B_BETTER,272,True,False,False,0.00017737498274073005,0.4,0.6620856821127258,True,True,True,False
cdde85e47ca189d5aea0,representation,representation_disagreement,2921,666288528,16,5000,0.4,0.05,rbf,median,anytime,bonferroni,3,2,False,B_BETTER,256,True,False,False,0.00019695900846272707,0.4,0.6796858875495522,True,True,True,False
e7d9563c5dd7038ae8bb,representation,representation_disagreement,2922,1502978400,16,5000,0.4,0.05,rbf,median,anytime,bonferroni,3,2,False,B_BETTER,240,True,False,False,0.00020420795772224665,0.4,0.6989114228795754,True,True,True,False
50f9fd67673c11f02f82,representation,representation_disagreement,2923,992590824,16,5000,0.4,0.05,rbf,median,anytime,bonferroni,3,2,False,B_BETTER,288,True,False,False,0.00020591699285432696,0.4,0.6458901399180805,True,True,True,False
a2a541da86f42a1d9405,representation,representation_disagreement,2924,3684098940,16,5000,0.4,0.05,rbf,median,anytime,bonferroni,3,2,False,B_BETTER,240,True,False,False,0.00020458298968151212,0.4,0.6989114228795754,True,True,True,False
c5bd396cda0b67aceaee,representation,representation_disagreement,2925,1597772536,16,5000,0.4,0.05,rbf,median,anytime,bonferroni,3,2,False,B_BETTER,224,True,False,False,0.0002043750137090683,0.4,0.7200353639175696,True,True,True,False
488ce9456e8b630452e4,representation,representation_disagreement,2926,32011429,16,5000,0.4,0.05,rbf,median,anytime,bonferroni,3,2,False,B_BETTER,288,True,False,False,0.00020695803686976433,0.4,0.6458901399180805,True,True,True,False
7f14f139da65fcf6e823,representation,representation_disagreement,2927,1541945137,16,5000,0.4,0.05,rbf,median,anytime,bonferroni,3,2,False,B_BETTER,272,True,False,False,0.00020520901307463646,0.4,0.6620856821127258,True,True,True,False
576c613c566337d1403f,representation,representation_disagreement,2928,3365021893,16,5000,0.4,0.05,rbf,median,anytime,bonferroni,3,2,False,B_BETTER,304,True,False,False,0.00020666600903496146,0.4,0.6309186896508341,True,True,True,False
d54130d4f5f17f252a89,representation,representation_disagreement,2929,3492963565,16,5000,0.4,0.05,rbf,median,anytime,bonferroni,3,2,False,B_BETTER,240,True,False,False,0.00020654202671721578,0.4,0.6989114228795754,True,True,True,False
65c42f509cd18c493b2c,representation,representation_disagreement,2930,856656644,16,5000,0.4,0.05,rbf,median,anytime,bonferroni,3,2,False,B_BETTER,256,True,False,False,0.0002055829972960055,0.4,0.6796858875495522,True,True,True,False
a4117b14f5574511c63b,representation,representation_disagreement,2931,3311944358,16,5000,0.4,0.05,rbf,median,anytime,bonferroni,3,2,False,B_BETTER,224,True,False,False,0.00020329200197011232,0.4,0.7200353639175696,True,True,True,False
b6a18edd3833e03c799e,representation,representation_disagreement,2932,3796851934,16,5000,0.4,0.05,rbf,median,anytime,bonferroni,3,2,False,B_BETTER,256,True,False,False,0.00020520901307463646,0.4,0.6796858875495522,True,True,True,False
33bf72ec0c8b50a555bb,representation,representation_disagreement,2933,1867869841,16,5000,0.4,0.05,rbf,median,anytime,bonferroni,3,2,False,B_BETTER,224,True,False,False,0.00020395801402628422,0.4,0.7200353639175696,True,True,True,False
e4c069b8569e7b5709eb,representation,representation_disagreement,2934,4086478676,16,5000,0.4,0.05,rbf,median,anytime,bonferroni,3,2,False,B_BETTER,224,True,False,False,0.00020358298206701875,0.4,0.7200353639175696,True,True,True,False
05971ee79aecbbca7ad1,representation,representation_disagreement,2935,2386495406,16,5000,0.4,0.05,rbf,median,anytime,bonferroni,3,2,False,B_BETTER,320,True,False,False,0.00020754197612404823,0.4,0.6170219115444306,True,True,True,False
9d72dc9a7a65ede270dd,representation,representation_disagreement,2936,1873196346,16,5000,0.4,0.05,rbf,median,anytime,bonferroni,3,2,False,B_BETTER,240,True,False,False,0.00020433298777788877,0.4,0.6989114228795754,True,True,True,False
82d0b11e8583abe28759,representation,representation_disagreement,2937,726650653,16,5000,0.4,0.05,rbf,median,anytime,bonferroni,3,2,False,B_BETTER,272,True,False,False,0.00020608300110325217,0.4,0.6620856821127258,True,True,True,False
6804865356ea05815881,representation,representation_disagreement,2938,2522266571,16,5000,0.4,0.05,rbf,median,anytime,bonferroni,3,2,False,B_BETTER,336,True,False,False,0.0002080409904010594,0.4,0.60407492330224,True,True,True,False
38fbe0c8ab78cbe9b07b,representation,representation_disagreement,2939,155263948,16,5000,0.4,0.05,rbf,median,anytime,bonferroni,3,2,False,B_BETTER,240,True,False,False,0.00020766601664945483,0.4,0.6989114228795754,True,True,True,False
6d893b7a4b9f8a8e8f53,representation,representation_disagreement,2940,748791515,16,5000,0.4,0.05,rbf,median,anytime,bonferroni,3,2,False,B_BETTER,240,True,False,False,0.00020470801973715425,0.4,0.6989114228795754,True,True,True,False
470cc399df385977d4bd,representation,representation_disagreement,2941,1967217794,16,5000,0.4,0.05,rbf,median,anytime,bonferroni,3,2,False,B_BETTER,320,True,False,False,0.00020733301062136889,0.4,0.6170219115444306,True,True,True,False
749922ccb137b0c51b90,representation,representation_disagreement,2942,2667426537,16,5000,0.4,0.05,rbf,median,anytime,bonferroni,3,2,False,B_BETTER,208,True,False,False,0.0002032910124398768,0.4,0.7434004973451923,True,True,True,False
9214e589aa41aa45fba6,representation,representation_disagreement,2943,2052237819,16,5000,0.4,0.05,rbf,median,anytime,bonferroni,3,2,False,B_BETTER,272,True,False,False,0.0002062080311588943,0.4,0.6620856821127258,True,True,True,False
92d8a933e65eb13d2052,representation,representation_disagreement,2944,4158103300,16,5000,0.4,0.05,rbf,median,anytime,bonferroni,3,2,False,B_BETTER,256,True,False,False,0.00020470900926738977,0.4,0.6796858875495522,True,True,True,False
956e65a049dd7c5acbb2,representation,representation_disagreement,2945,4274159365,16,5000,0.4,0.05,rbf,median,anytime,bonferroni,3,2,False,B_BETTER,304,True,False,False,0.0002061669947579503,0.4,0.6309186896508341,True,True,True,False
210ee0a9e1014c7d4f28,representation,representation_disagreement,2946,1397185875,16,5000,0.4,0.05,rbf,median,anytime,bonferroni,3,2,False,B_BETTER,240,True,False,False,0.00036104198079556227,0.4,0.6989114228795754,True,True,True,False
d49ef58578fbe4a72edb,representation,representation_disagreement,2947,424600288,16,5000,0.4,0.05,rbf,median,anytime,bonferroni,3,2,False,B_BETTER,256,True,False,False,0.0002630419912748039,0.4,0.6796858875495522,True,True,True,False
3ed635d49bf035d148dc,representation,representation_disagreement,2948,2067589132,16,5000,0.4,0.05,rbf,median,anytime,bonferroni,3,2,False,B_BETTER,240,True,False,False,0.0002446250291541219,0.4,0.6989114228795754,True,True,True,False
4a2c4d70404aa4ac90c1,representation,representation_disagreement,2949,3116196413,16,5000,0.4,0.05,rbf,median,anytime,bonferroni,3,2,False,B_BETTER,256,True,False,False,0.00024024996673688293,0.4,0.6796858875495522,True,True,True,False
2b616d72aca72f3d1cbc,representation,representation_disagreement,2950,612610672,16,5000,0.4,0.05,rbf,median,anytime,bonferroni,3,2,False,B_BETTER,240,True,False,False,0.00023829098790884018,0.4,0.6989114228795754,True,True,True,False
19e25cdab7f0b8715392,representation,representation_disagreement,2951,3851396189,16,5000,0.4,0.05,rbf,median,anytime,bonferroni,3,2,False,B_BETTER,272,True,False,False,0.00023987499298527837,0.4,0.6620856821127257,True,True,True,False
21bbd19ccdce9a5b0a75,representation,representation_disagreement,2952,347328681,16,5000,0.4,0.05,rbf,median,anytime,bonferroni,3,2,False,B_BETTER,272,True,False,False,0.00023995799710974097,0.4,0.6620856821127258,True,True,True,False
37e52eb7354965c8b703,representation,representation_disagreement,2953,3823065104,16,5000,0.4,0.05,rbf,median,anytime,bonferroni,3,2,False,B_BETTER,256,True,False,False,0.00023791700368747115,0.4,0.6796858875495522,True,True,True,False
19a859892eaab5a50523,representation,representation_disagreement,2954,3593340527,16,5000,0.4,0.05,rbf,median,anytime,bonferroni,3,2,False,B_BETTER,240,True,False,False,0.00023741699988022447,0.4,0.6989114228795754,True,True,True,False
758d644c5e333d326603,representation,representation_disagreement,2955,2044113826,16,5000,0.4,0.05,rbf,median,anytime,bonferroni,3,2,False,B_BETTER,240,True,False,False,0.0002369590220041573,0.4,0.6989114228795754,True,True,True,False
340eeb91f8f345d7b166,representation,representation_disagreement,2956,2571453671,16,5000,0.4,0.05,rbf,median,anytime,bonferroni,3,2,False,B_BETTER,272,True,False,False,0.00023841700749471784,0.4,0.6620856821127257,True,True,True,False
8159106dbc5a3476c777,representation,representation_disagreement,2957,333618373,16,5000,0.4,0.05,rbf,median,anytime,bonferroni,3,2,False,B_BETTER,272,True,False,False,0.00029566598823294044,0.4,0.6620856821127258,True,True,True,False
9ea735a4d1924edea2c5,representation,representation_disagreement,2958,3195105701,16,5000,0.4,0.05,rbf,median,anytime,bonferroni,3,2,False,B_BETTER,288,True,False,False,0.00022383301984518766,0.4,0.6458901399180805,True,True,True,False
f28e88b64d7693e56bd5,representation,representation_disagreement,2959,4257415158,16,5000,0.4,0.05,rbf,median,anytime,bonferroni,3,2,False,B_BETTER,256,True,False,False,0.00021162501070648432,0.4,0.6796858875495522,True,True,True,False
66a0e8587a756f74fbcc,representation,representation_disagreement,2960,3930996603,16,5000,0.4,0.05,rbf,median,anytime,bonferroni,3,2,False,B_BETTER,272,True,False,False,0.00020954199135303497,0.4,0.6620856821127258,True,True,True,False
60d289a14e3808e2247c,representation,representation_disagreement,2961,333649848,16,5000,0.4,0.05,rbf,median,anytime,bonferroni,3,2,False,B_BETTER,288,True,False,False,0.00021050003124400973,0.4,0.6458901399180805,True,True,True,False
d417d96ecf5e72dbfb0c,representation,representation_disagreement,2962,3950552488,16,5000,0.4,0.05,rbf,median,anytime,bonferroni,3,2,False,B_BETTER,240,True,False,False,0.00020616600522771478,0.4,0.6989114228795754,True,True,True,False
37724450aa6be5494ddd,representation,representation_disagreement,2963,1607714311,16,5000,0.4,0.05,rbf,median,anytime,bonferroni,3,2,False,B_BETTER,224,True,False,False,0.00020437495550140738,0.4,0.7200353639175696,True,True,True,False
129d93678529ab4e9512,representation,representation_disagreement,2964,3242902488,16,5000,0.4,0.05,rbf,median,anytime,bonferroni,3,2,False,B_BETTER,224,True,False,False,0.0002049169852398336,0.4,0.7200353639175696,True,True,True,False
565000318e14af45b121,representation,representation_disagreement,2965,1783151096,16,5000,0.4,0.05,rbf,median,anytime,bonferroni,3,2,False,B_BETTER,240,True,False,False,0.0002049580216407776,0.4,0.6989114228795754,True,True,True,False
c25981e8137e5ab24678,representation,representation_disagreement,2966,3465306107,16,5000,0.4,0.05,rbf,median,anytime,bonferroni,3,2,False,B_BETTER,240,True,False,False,0.00020608300110325217,0.4,0.6989114228795754,True,True,True,False
85d8fe10e5242ad4bb13,representation,representation_disagreement,2967,3284719386,16,5000,0.4,0.05,rbf,median,anytime,bonferroni,3,2,False,B_BETTER,224,True,False,False,0.00020358304027467966,0.4,0.7200353639175696,True,True,True,False
b0af1d88278b28a144e2,representation,representation_disagreement,2968,3437349389,16,5000,0.4,0.05,rbf,median,anytime,bonferroni,3,2,False,B_BETTER,224,True,False,False,0.0002032499760389328,0.4,0.7200353639175696,True,True,True,False
5f3255e6220537036af5,representation,representation_disagreement,2969,1103717878,16,5000,0.4,0.05,rbf,median,anytime,bonferroni,3,2,False,B_BETTER,272,True,False,False,0.00020574999507516623,0.4,0.6620856821127258,True,True,True,False
a11140d90cdf76d06be5,representation,representation_disagreement,2970,252924146,16,5000,0.4,0.05,rbf,median,anytime,bonferroni,3,2,False,B_BETTER,288,True,False,False,0.0002056660014204681,0.4,0.6458901399180805,True,True,True,False
39e888195739f1105384,representation,representation_disagreement,2971,3907005396,16,5000,0.4,0.05,rbf,median,anytime,bonferroni,3,2,False,B_BETTER,240,True,False,False,0.0002039160463027656,0.4,0.6989114228795754,True,True,True,False
b5b6944f137b995b6f24,representation,representation_disagreement,2972,1163223627,16,5000,0.4,0.05,rbf,median,anytime,bonferroni,3,2,False,B_BETTER,224,True,False,False,0.00020308303646743298,0.4,0.7200353639175696,True,True,True,False
1d97c44707fd3a4ea788,representation,representation_disagreement,2973,4111031946,16,5000,0.4,0.05,rbf,median,anytime,bonferroni,3,2,False,B_BETTER,320,True,False,False,0.00020700000459328294,0.4,0.6170219115444305,True,True,True,False
457f2298e31533f0d1bd,representation,representation_disagreement,2974,2627070533,16,5000,0.4,0.05,rbf,median,anytime,bonferroni,3,2,False,B_BETTER,320,True,False,False,0.00020637502893805504,0.4,0.6170219115444306,True,True,True,False
5a64d549671422137b1e,representation,representation_disagreement,2975,3614572317,16,5000,0.4,0.05,rbf,median,anytime,bonferroni,3,2,False,B_BETTER,224,True,False,False,0.0002049169852398336,0.4,0.7200353639175696,True,True,True,False
60b4bca44db8f5e91e0f,representation,representation_disagreement,2976,1631628243,16,5000,0.4,0.05,rbf,median,anytime,bonferroni,3,2,False,B_BETTER,272,True,False,False,0.00020558404503390193,0.4,0.6620856821127258,True,True,True,False
e688dd412724fba44674,representation,representation_disagreement,2977,2878674074,16,5000,0.4,0.05,rbf,median,anytime,bonferroni,3,2,False,B_BETTER,240,True,False,False,0.00020374997984617949,0.4,0.6989114228795754,True,True,True,False
6a5b8f89b6625ccd3a20,representation,representation_disagreement,2978,2613161099,16,5000,0.4,0.05,rbf,median,anytime,bonferroni,3,2,False,B_BETTER,240,True,False,False,0.00020349997794255614,0.4,0.6989114228795754,True,True,True,False
879fa42465317c8ff584,representation,representation_disagreement,2979,3767393894,16,5000,0.4,0.05,rbf,median,anytime,bonferroni,3,2,False,B_BETTER,272,True,False,False,0.00020466599380597472,0.4,0.6620856821127259,True,True,True,False
707c016019fe075794ba,representation,representation_disagreement,2980,847473091,16,5000,0.4,0.05,rbf,median,anytime,bonferroni,3,2,False,B_BETTER,256,True,False,False,0.00020445900736376643,0.4,0.6796858875495522,True,True,True,False
806cf0d8bdda99c52bdb,representation,representation_disagreement,2981,1948288247,16,5000,0.4,0.05,rbf,median,anytime,bonferroni,3,2,False,B_BETTER,240,True,False,False,0.00020408298587426543,0.4,0.6989114228795754,True,True,True,False
13daf0910d0687881c92,representation,representation_disagreement,2982,1540535389,16,5000,0.4,0.05,rbf,median,anytime,bonferroni,3,2,False,B_BETTER,256,True,False,False,0.0002049580216407776,0.4,0.6796858875495522,True,True,True,False
d9ce1b8208cbefd244da,representation,representation_disagreement,2983,497607996,16,5000,0.4,0.05,rbf,median,anytime,bonferroni,3,2,False,B_BETTER,256,True,False,False,0.00020483299158513546,0.4,0.6796858875495522,True,True,True,False
318735b7725ec5b4d847,representation,representation_disagreement,2984,4085820339,16,5000,0.4,0.05,rbf,median,anytime,bonferroni,3,2,False,B_BETTER,288,True,False,False,0.00020599999697878957,0.4,0.6458901399180805,True,True,True,False
def5a487e20be5a3a457,representation,representation_disagreement,2985,1038798763,16,5000,0.4,0.05,rbf,median,anytime,bonferroni,3,2,False,B_BETTER,240,True,False,False,0.00020337494788691401,0.4,0.6989114228795754,True,True,True,False
2fc0ad2229d2e4d31bc2,representation,representation_disagreement,2986,3935424261,16,5000,0.4,0.05,rbf,median,anytime,bonferroni,3,2,False,B_BETTER,304,True,False,False,0.00020545802544802427,0.4,0.6309186896508341,True,True,True,False
6a0a19842d94590e1a0d,representation,representation_disagreement,2987,1634751270,16,5000,0.4,0.05,rbf,median,anytime,bonferroni,3,2,False,B_BETTER,192,True,False,False,0.00020316604059189558,0.4,0.7694441991638782,True,True,True,False
a7cfe42f97a6f2884132,representation,representation_disagreement,2988,525345914,16,5000,0.4,0.05,rbf,median,anytime,bonferroni,3,2,False,B_BETTER,272,True,False,False,0.00020416604820638895,0.4,0.6620856821127258,True,True,True,False
f9bd557604e6a12c5b60,representation,representation_disagreement,2989,3001368557,16,5000,0.4,0.05,rbf,median,anytime,bonferroni,3,2,False,B_BETTER,224,True,False,False,0.00020241696620360017,0.4,0.7200353639175696,True,True,True,False
3f390c5cf4edaac1acca,representation,representation_disagreement,2990,2466155412,16,5000,0.4,0.05,rbf,median,anytime,bonferroni,3,2,False,B_BETTER,240,True,False,False,0.00020166696049273014,0.4,0.6989114228795754,True,True,True,False
ed4a2f4c311dd2abcac9,representation,representation_disagreement,2991,3512933037,16,5000,0.4,0.05,rbf,median,anytime,bonferroni,3,2,False,B_BETTER,256,True,False,False,0.00020374997984617949,0.4,0.6796858875495522,True,True,True,False
57cf94cfed0d50b75e62,representation,representation_disagreement,2992,221952534,16,5000,0.4,0.05,rbf,median,anytime,bonferroni,3,2,False,B_BETTER,256,True,False,False,0.00020420801592990756,0.4,0.6796858875495522,True,True,True,False
f326475105ed59c1dd17,representation,representation_disagreement,2993,3209559606,16,5000,0.4,0.05,rbf,median,anytime,bonferroni,3,2,False,B_BETTER,304,True,False,False,0.00020666600903496146,0.4,0.6309186896508341,True,True,True,False
37e0601843c3d0b60edf,representation,representation_disagreement,2994,4138926800,16,5000,0.4,0.05,rbf,median,anytime,bonferroni,3,2,False,B_BETTER,272,True,False,False,0.00020295800641179085,0.4,0.6620856821127259,True,True,True,False
56b71c8bd5e12e5d213a,representation,representation_disagreement,2995,1475925031,16,5000,0.4,0.05,rbf,median,anytime,bonferroni,3,2,False,B_BETTER,224,True,False,False,0.00020299997413530946,0.4,0.7200353639175696,True,True,True,False
31294412b802e6bea30b,representation,representation_disagreement,2996,497780623,16,5000,0.4,0.05,rbf,median,anytime,bonferroni,3,2,False,B_BETTER,224,True,False,False,0.0002026660367846489,0.4,0.7200353639175696,True,True,True,False
1252b1145c3b19f84250,representation,representation_disagreement,2997,2337345156,16,5000,0.4,0.05,rbf,median,anytime,bonferroni,3,2,False,B_BETTER,256,True,False,False,0.0002037089434452355,0.4,0.6796858875495522,True,True,True,False
d262f5bfb6af905f636e,representation,representation_disagreement,2998,259602894,16,5000,0.4,0.05,rbf,median,anytime,bonferroni,3,2,False,B_BETTER,272,True,False,False,0.0002051659976132214,0.4,0.6620856821127259,True,True,True,False
19ea0090b2354851ed12,representation,representation_disagreement,2999,1967934239,16,5000,0.4,0.05,rbf,median,anytime,bonferroni,3,2,False,B_BETTER,288,True,False,False,0.0002061250270344317,0.4,0.6458901399180805,True,True,True,False
d75dbfd0bfcdc5239cf7,representation,representation_disagreement,3000,1728439373,16,5000,0.4,0.05,rbf,median,anytime,bonferroni,3,2,False,B_BETTER,224,True,False,False,0.00020291702821850777,0.4,0.7200353639175696,True,True,True,False
6df623f68a8a4acdbdd9,representation,representation_disagreement,3001,1505352981,16,5000,0.4,0.05,rbf,median,anytime,bonferroni,3,2,False,B_BETTER,256,True,False,False,0.00020420795772224665,0.4,0.6796858875495522,True,True,True,False
e88f09e9d91380d21133,representation,representation_disagreement,3002,2678253098,16,5000,0.4,0.05,rbf,median,anytime,bonferroni,3,2,False,B_BETTER,240,True,False,False,0.00020291598048061132,0.4,0.6989114228795754,True,True,True,False
0d2bd43451b6637dc420,representation,representation_disagreement,3003,4069532877,16,5000,0.4,0.05,rbf,median,anytime,bonferroni,3,2,False,B_BETTER,320,True,False,False,0.00020766700617969036,0.4,0.6170219115444305,True,True,True,False
b5184de29297ad282aea,representation,representation_disagreement,3004,2581855506,16,5000,0.4,0.05,rbf,median,anytime,bonferroni,3,2,False,B_BETTER,272,True,False,False,0.00020487495930865407,0.4,0.6620856821127258,True,True,True,False
be5cb9a2b4fb89c11a1a,representation,representation_disagreement,3005,511095776,16,5000,0.4,0.05,rbf,median,anytime,bonferroni,3,2,False,B_BETTER,400,True,False,False,0.0002098329714499414,0.4,0.5598983019893611,True,True,True,False
c42c1a16119f16b65974,representation,representation_disagreement,3006,706162663,16,5000,0.4,0.05,rbf,median,anytime,bonferroni,3,2,False,B_BETTER,256,True,False,False,0.00020299997413530946,0.4,0.6796858875495522,True,True,True,False
2dfcdad49b85c9eb46aa,representation,representation_disagreement,3007,2628768115,16,5000,0.4,0.05,rbf,median,anytime,bonferroni,3,2,False,B_BETTER,240,True,False,False,0.00020237499848008156,0.4,0.6989114228795754,True,True,True,False
7bfcec478766951d63ab,representation,representation_disagreement,3008,1458205621,16,5000,0.4,0.05,rbf,median,anytime,bonferroni,3,2,False,B_BETTER,256,True,False,False,0.00020283402409404516,0.4,0.6796858875495522,True,True,True,False
3f39d50557aaa1b1f997,representation,representation_disagreement,3009,1413680952,16,5000,0.4,0.05,rbf,median,anytime,bonferroni,3,2,False,B_BETTER,288,True,False,False,0.00020433298777788877,0.4,0.6458901399180805,True,True,True,False
d5dd4fafcd8ed0913a1d,representation,representation_disagreement,3010,2988542945,16,5000,0.4,0.05,rbf,median,anytime,bonferroni,3,2,False,B_BETTER,272,True,False,False,0.00020541698904708028,0.4,0.6620856821127258,True,True,True,False
d2b4fd5c143d1fd0d716,representation,representation_disagreement,3011,1632338258,16,5000,0.4,0.05,rbf,median,anytime,bonferroni,3,2,False,B_BETTER,240,True,False,False,0.00020358397159725428,0.4,0.6989114228795754,True,True,True,False
55c59e09f681fd9b3283,representation,representation_disagreement,3012,290496728,16,5000,0.4,0.05,rbf,median,anytime,bonferroni,3,2,False,B_BETTER,288,True,False,False,0.00020712503464892507,0.4,0.6458901399180805,True,True,True,False
73558a78220d29f39436,representation,representation_disagreement,3013,1544116562,16,5000,0.4,0.05,rbf,median,anytime,bonferroni,3,2,False,B_BETTER,192,True,False,False,0.00020287500228732824,0.4,0.7694441991638783,True,True,True,False
bd35c5082a5e7bb1902e,representation,representation_disagreement,3014,2251495197,16,5000,0.4,0.05,rbf,median,anytime,bonferroni,3,2,False,B_BETTER,256,True,False,False,0.0002050000475719571,0.4,0.6796858875495522,True,True,True,False
d947b21f48deefbdf219,representation,representation_disagreement,3015,4121707146,16,5000,0.4,0.05,rbf,median,anytime,bonferroni,3,2,False,B_BETTER,224,True,False,False,0.00020175002282485366,0.4,0.7200353639175696,True,True,True,False
360d581c9fc792f4d127,representation,representation_disagreement,3016,511343675,16,5000,0.4,0.05,rbf,median,anytime,bonferroni,3,2,False,B_BETTER,272,True,False,False,0.00020475004566833377,0.4,0.6620856821127259,True,True,True,False
e09050da3030e0fe55d2,representation,representation_disagreement,3017,3196089076,16,5000,0.4,0.05,rbf,median,anytime,bonferroni,3,2,False,B_BETTER,288,True,False,False,0.0002055829972960055,0.4,0.6458901399180805,True,True,True,False
b88da56559a9af41edd7,representation,representation_disagreement,3018,2749626112,16,5000,0.4,0.05,rbf,median,anytime,bonferroni,3,2,False,B_BETTER,256,True,False,False,0.0002040409599430859,0.4,0.6796858875495522,True,True,True,False
c29b50462b137dc10055,representation,representation_disagreement,3019,373806259,16,5000,0.4,0.05,rbf,median,anytime,bonferroni,3,2,False,B_BETTER,256,True,False,False,0.00020574999507516623,0.4,0.6796858875495522,True,True,True,False
e53c3e49939368f02c51,representation,representation_disagreement,3020,141064492,16,5000,0.4,0.05,rbf,median,anytime,bonferroni,3,2,False,B_BETTER,256,True,False,False,0.00020583299919962883,0.4,0.6796858875495522,True,True,True,False
befbfa1a2969a140a0e7,representation,representation_disagreement,3021,3677449220,16,5000,0.4,0.05,rbf,median,anytime,bonferroni,3,2,False,B_BETTER,272,True,False,False,0.0002050829934887588,0.4,0.6620856821127258,True,True,True,False
1d3e68799b21060a0adf,representation,representation_disagreement,3022,2686226586,16,5000,0.4,0.05,rbf,median,anytime,bonferroni,3,2,False,B_BETTER,304,True,False,False,0.00020525004947558045,0.4,0.6309186896508341,True,True,True,False
bfc96ac556b366b1af33,representation,representation_disagreement,3023,1251321117,16,5000,0.4,0.05,rbf,median,anytime,bonferroni,3,2,False,B_BETTER,208,True,False,False,0.00020187499467283487,0.4,0.7434004973451924,True,True,True,False
79d4f23c47d4a6eee06a,representation,representation_disagreement,3024,1692872891,16,5000,0.4,0.05,rbf,median,anytime,bonferroni,3,2,False,B_BETTER,240,True,False,False,0.00019408296793699265,0.4,0.6989114228795754,True,True,True,False
72a59ec1d500491b3cb5,representation,representation_disagreement,3025,1279907656,16,5000,0.4,0.05,rbf,median,anytime,bonferroni,3,2,False,B_BETTER,224,True,False,False,0.00017475005006417632,0.4,0.7200353639175696,True,True,True,False
80dfc02e5c33bc1803f6,representation,representation_disagreement,3026,3793651978,16,5000,0.4,0.05,rbf,median,anytime,bonferroni,3,2,False,B_BETTER,272,True,False,False,0.00017620902508497238,0.4,0.6620856821127259,True,True,True,False
ec91aea29e43fbd80e70,representation,representation_disagreement,3027,1884271670,16,5000,0.4,0.05,rbf,median,anytime,bonferroni,3,2,False,B_BETTER,256,True,False,False,0.00017570797353982925,0.4,0.6796858875495522,True,True,True,False
20c1edcc93adea9baff2,representation,representation_disagreement,3028,58884494,16,5000,0.4,0.05,rbf,median,anytime,bonferroni,3,2,False,B_BETTER,240,True,False,False,0.00017470901366323233,0.4,0.6989114228795754,True,True,True,False
cdfada5e4ca26587868c,representation,representation_disagreement,3029,2279637888,16,5000,0.4,0.05,rbf,median,anytime,bonferroni,3,2,False,B_BETTER,240,True,False,False,0.0001752499956637621,0.4,0.6989114228795754,True,True,True,False
2ed3e844b6b5c16203b5,representation,representation_disagreement,3030,1113868614,16,5000,0.4,0.05,rbf,median,anytime,bonferroni,3,2,False,B_BETTER,272,True,False,False,0.00017529202159494162,0.4,0.6620856821127259,True,True,True,False
b05c846646ffc55af83a,representation,representation_disagreement,3031,1051462817,16,5000,0.4,0.05,rbf,median,anytime,bonferroni,3,2,False,B_BETTER,256,True,False,False,0.00017604196909815073,0.4,0.6796858875495522,True,True,True,False
4afec8a564b54e386010,representation,representation_disagreement,3032,3003681842,16,5000,0.4,0.05,rbf,median,anytime,bonferroni,3,2,False,B_BETTER,288,True,False,False,0.00017612503143027425,0.4,0.6458901399180805,True,True,True,False
c699a7c4e99c804420de,representation,representation_disagreement,3033,3442623832,16,5000,0.4,0.05,rbf,median,anytime,bonferroni,3,2,False,B_BETTER,272,True,False,False,0.00017633300740271807,0.4,0.6620856821127257,True,True,True,False
80ce5d3ba78a8ba3a785,representation,representation_disagreement,3034,1419333120,16,5000,0.4,0.05,rbf,median,anytime,bonferroni,3,2,False,B_BETTER,272,True,False,False,0.00017750001279637218,0.4,0.6620856821127257,True,True,True,False
5a75f7ef294259597683,representation,representation_disagreement,3035,3519223707,16,5000,0.4,0.05,rbf,median,anytime,bonferroni,3,2,False,B_BETTER,224,True,False,False,0.00017391698202118278,0.4,0.7200353639175696,True,True,True,False
0ec7354c3f965c94c414,representation,representation_disagreement,3036,2499186843,16,5000,0.4,0.05,rbf,median,anytime,bonferroni,3,2,False,B_BETTER,240,True,False,False,0.00017379201017320156,0.4,0.6989114228795754,True,True,True,False
eb4434279c66a1a4ef75,representation,representation_disagreement,3037,81199491,16,5000,0.4,0.05,rbf,median,anytime,bonferroni,3,2,False,B_BETTER,288,True,False,False,0.000177707988768816,0.4,0.6458901399180805,True,True,True,False
e4c8b747abbb661b0e05,representation,representation_disagreement,3038,2576048401,16,5000,0.4,0.05,rbf,median,anytime,bonferroni,3,2,False,B_BETTER,256,True,False,False,0.00017499999376013875,0.4,0.6796858875495522,True,True,True,False
0174141eace46c24602d,representation,representation_disagreement,3039,1350246015,16,5000,0.4,0.05,rbf,median,anytime,bonferroni,3,2,False,B_BETTER,224,True,False,False,0.00017416698392480612,0.4,0.7200353639175696,True,True,True,False
02f05cc43db90d965cde,representation,representation_disagreement,3040,1110378816,16,5000,0.4,0.05,rbf,median,anytime,bonferroni,3,2,False,B_BETTER,224,True,False,False,0.0001729580108076334,0.4,0.7200353639175696,True,True,True,False
3727299464be8dc89e19,representation,representation_disagreement,3041,3108489551,16,5000,0.4,0.05,rbf,median,anytime,bonferroni,3,2,False,B_BETTER,304,True,False,False,0.00017691700486466289,0.4,0.6309186896508341,True,True,True,False
77375e937c5db0083e33,representation,representation_disagreement,3042,1114560444,16,5000,0.4,0.05,rbf,median,anytime,bonferroni,3,2,False,B_BETTER,256,True,False,False,0.00017437501810491085,0.4,0.6796858875495522,True,True,True,False
851f587030f6ee7aeee1,representation,representation_disagreement,3043,3218269824,16,5000,0.4,0.05,rbf,median,anytime,bonferroni,3,2,False,B_BETTER,240,True,False,False,0.00017508398741483688,0.4,0.6989114228795754,True,True,True,False
dc606cb2f29dafe72cc8,representation,representation_disagreement,3044,1098677105,16,5000,0.4,0.05,rbf,median,anytime,bonferroni,3,2,False,B_BETTER,256,True,False,False,0.0001754579716362059,0.4,0.6796858875495522,True,True,True,False
dc092df12e2d3053b99b,representation,representation_disagreement,3045,2563481130,16,5000,0.4,0.05,rbf,median,anytime,bonferroni,3,2,False,B_BETTER,304,True,False,False,0.00017670798115432262,0.4,0.6309186896508341,True,True,True,False
d0080f53ccc14770756e,representation,representation_disagreement,3046,729511647,16,5000,0.4,0.05,rbf,median,anytime,bonferroni,3,2,False,B_BETTER,240,True,False,False,0.00017504201969131827,0.4,0.6989114228795754,True,True,True,False
0db1f19e73b54653c817,representation,representation_disagreement,3047,409981945,16,5000,0.4,0.05,rbf,median,anytime,bonferroni,3,2,False,B_BETTER,192,True,False,False,0.00017337495228275657,0.4,0.7694441991638783,True,True,True,False
f815056f9b36379cb175,representation,representation_disagreement,3048,3037093499,16,5000,0.4,0.05,rbf,median,anytime,bonferroni,3,2,False,B_BETTER,272,True,False,False,0.0001758750295266509,0.4,0.6620856821127259,True,True,True,False
87b87343a9c0ca1c7ade,representation,representation_disagreement,3049,3332305044,16,5000,0.4,0.05,rbf,median,anytime,bonferroni,3,2,False,B_BETTER,304,True,False,False,0.00017800001660361886,0.4,0.6309186896508341,True,True,True,False
185b1acb1b8c8584e926,representation,representation_disagreement,3050,4208923685,16,5000,0.4,0.05,rbf,median,anytime,bonferroni,3,2,False,B_BETTER,256,True,False,False,0.0002918329555541277,0.4,0.6796858875495522,True,True,True,False
5782915282caf72779d1,representation,representation_disagreement,3051,2243775931,16,5000,0.4,0.05,rbf,median,anytime,bonferroni,3,2,False,B_BETTER,176,True,False,False,0.0002809590077959001,0.4,0.7987351700636655,True,True,True,False
79d7e1297e1311bc9a2e,representation,representation_disagreement,3052,2012705765,16,5000,0.4,0.05,rbf,median,anytime,bonferroni,3,2,False,B_BETTER,288,True,False,False,0.00024512503296136856,0.4,0.6458901399180805,True,True,True,False
8455c8ae25e89ee2596f,representation,representation_disagreement,3053,1442022398,16,5000,0.4,0.05,rbf,median,anytime,bonferroni,3,2,False,B_BETTER,288,True,False,False,0.00024216598831117153,0.4,0.6458901399180805,True,True,True,False
b1ca36eef094ae4bccc8,representation,representation_disagreement,3054,1828051599,16,5000,0.4,0.05,rbf,median,anytime,bonferroni,3,2,False,B_BETTER,256,True,False,False,0.0002382500097155571,0.4,0.6796858875495522,True,True,True,False
61d0307f19e7ef57d16a,representation,representation_disagreement,3055,627787181,16,5000,0.4,0.05,rbf,median,anytime,bonferroni,3,2,False,B_BETTER,256,True,False,False,0.00023983302526175976,0.4,0.6796858875495522,True,True,True,False
c5369322adc43d9cc62e,representation,representation_disagreement,3056,1952031656,16,5000,0.4,0.05,rbf,median,anytime,bonferroni,3,2,False,B_BETTER,336,True,False,False,0.0002552090445533395,0.4,0.60407492330224,True,True,True,False
30c9686fcfd9d49aa907,representation,representation_disagreement,3057,431689095,16,5000,0.4,0.05,rbf,median,anytime,bonferroni,3,2,False,B_BETTER,256,True,False,False,0.00024216697784140706,0.4,0.6796858875495522,True,True,True,False
f5c5e014130b267444f3,representation,representation_disagreement,3058,580415841,16,5000,0.4,0.05,rbf,median,anytime,bonferroni,3,2,False,B_BETTER,240,True,False,False,0.00023762497585266829,0.4,0.6989114228795754,True,True,True,False
9bfe203740a07b821582,representation,representation_disagreement,3059,2685184991,16,5000,0.4,0.05,rbf,median,anytime,bonferroni,3,2,False,B_BETTER,256,True,False,False,0.000238916021771729,0.4,0.6796858875495522,True,True,True,False
b78fcd512090f73013de,representation,representation_disagreement,3060,3478778125,16,5000,0.4,0.05,rbf,median,anytime,bonferroni,3,2,False,B_BETTER,272,True,False,False,0.00024262501392513514,0.4,0.6620856821127257,True,True,True,False
40b0abc01fd00ea53b32,representation,representation_disagreement,3061,570172751,16,5000,0.4,0.05,rbf,median,anytime,bonferroni,3,2,False,B_BETTER,240,True,False,False,0.00023700000019744039,0.4,0.6989114228795754,True,True,True,False
1105fddc55ba4bc006f2,representation,representation_disagreement,3062,2414277145,16,5000,0.4,0.05,rbf,median,anytime,bonferroni,3,2,False,B_BETTER,256,True,False,False,0.00023758300812914968,0.4,0.6796858875495522,True,True,True,False
bcea70c11bbf568d3cf4,representation,representation_disagreement,3063,4126800116,16,5000,0.4,0.05,rbf,median,anytime,bonferroni,3,2,False,B_BETTER,288,True,False,False,0.00024937494890764356,0.4,0.6458901399180805,True,True,True,False
6fbeb13f0ec1bad3cc31,representation,representation_disagreement,3064,564732986,16,5000,0.4,0.05,rbf,median,anytime,bonferroni,3,2,False,B_BETTER,272,True,False,False,0.00023920799139887094,0.4,0.6620856821127258,True,True,True,False
8add682f6c18e1fcbd63,representation,representation_disagreement,3065,3635784552,16,5000,0.4,0.05,rbf,median,anytime,bonferroni,3,2,False,B_BETTER,240,True,False,False,0.00023762497585266829,0.4,0.6989114228795754,True,True,True,False
5c504848e159e2cdc4be,representation,representation_disagreement,3066,2911455698,16,5000,0.4,0.05,rbf,median,anytime,bonferroni,3,2,False,B_BETTER,240,True,False,False,0.00023662502644583583,0.4,0.6989114228795754,True,True,True,False
fdaeab03fc95506e9bbc,representation,representation_disagreement,3067,77754026,16,5000,0.4,0.05,rbf,median,anytime,bonferroni,3,2,False,B_BETTER,288,True,False,False,0.00024270900757983327,0.4,0.6458901399180805,True,True,True,False
05e8d0dd691d9c63827b,representation,representation_disagreement,3068,2672886184,16,5000,0.4,0.05,rbf,median,anytime,bonferroni,3,2,False,B_BETTER,320,True,False,False,0.00024574995040893555,0.4,0.6170219115444305,True,True,True,False
c4cdb8259ec5e654a9a2,representation,representation_disagreement,3069,1103400022,16,5000,0.4,0.05,rbf,median,anytime,bonferroni,3,2,False,B_BETTER,224,True,False,False,0.00023670803057029843,0.4,0.7200353639175696,True,True,True,False
4114a683239bb4a85a21,representation,representation_disagreement,3070,34358541,16,5000,0.4,0.05,rbf,median,anytime,bonferroni,3,2,False,B_BETTER,208,True,False,False,0.0002533330116420984,0.4,0.7434004973451922,True,True,True,False
2e98505ac736eca4ae0b,representation,representation_disagreement,3071,2500543899,16,5000,0.4,0.05,rbf,median,anytime,bonferroni,3,2,False,B_BETTER,256,True,False,False,0.0002394579933024943,0.4,0.6796858875495522,True,True,True,False
37db5337bd53a5c7304a,representation,representation_disagreement,3072,3648563055,16,5000,0.4,0.05,rbf,median,anytime,bonferroni,3,2,False,B_BETTER,288,True,False,False,0.00024037499679252505,0.4,0.6458901399180805,True,True,True,False
a18ad7c6c6be0944c0a7,representation,representation_disagreement,3073,1533003733,16,5000,0.4,0.05,rbf,median,anytime,bonferroni,3,2,False,B_BETTER,272,True,False,False,0.00023929198505356908,0.4,0.6620856821127259,True,True,True,False
455fed1dd7e3c87fd6eb,representation,representation_disagreement,3074,1520354059,16,5000,0.4,0.05,rbf,median,anytime,bonferroni,3,2,False,B_BETTER,288,True,False,False,0.00024170801043510437,0.4,0.6458901399180805,True,True,True,False
ed6e18f5ee8145cfb485,representation,representation_disagreement,3075,3685240925,16,5000,0.4,0.05,rbf,median,anytime,bonferroni,3,2,False,B_BETTER,272,True,False,False,0.0002453330089338124,0.4,0.6620856821127258,True,True,True,False
fe162e2df0dd368ff121,representation,representation_disagreement,3076,1929443185,16,5000,0.4,0.05,rbf,median,anytime,bonferroni,3,2,False,B_BETTER,256,True,False,False,0.0002514160005375743,0.4,0.6796858875495522,True,True,True,False
d084aa4de56c11edc8ab,representation,representation_disagreement,3077,3719189628,16,5000,0.4,0.05,rbf,median,anytime,bonferroni,3,2,False,B_BETTER,288,True,False,False,0.000250082986894995,0.4,0.6458901399180805,True,True,True,False
28190b83360c91eb9866,representation,representation_disagreement,3078,2888560576,16,5000,0.4,0.05,rbf,median,anytime,bonferroni,3,2,False,B_BETTER,240,True,False,False,0.0002496250090189278,0.4,0.6989114228795754,True,True,True,False
3997189d568ce5f5dec4,representation,representation_disagreement,3079,3402099226,16,5000,0.4,0.05,rbf,median,anytime,bonferroni,3,2,False,B_BETTER,240,True,False,False,0.00028666702564805746,0.4,0.6989114228795754,True,True,True,False
b585d77918313a945d86,representation,representation_disagreement,3080,2096397802,16,5000,0.4,0.05,rbf,median,anytime,bonferroni,3,2,False,B_BETTER,224,True,False,False,0.00027962494641542435,0.4,0.7200353639175696,True,True,True,False
01501ad3151091dd8b9b,representation,representation_disagreement,3081,2971094039,16,5000,0.4,0.05,rbf,median,anytime,bonferroni,3,2,False,B_BETTER,288,True,False,False,0.00026008300483226776,0.4,0.6458901399180805,True,True,True,False
ebe6c4597395e99bbd93,representation,representation_disagreement,3082,29539797,16,5000,0.4,0.05,rbf,median,anytime,bonferroni,3,2,False,B_BETTER,240,True,False,False,0.0002459170063957572,0.4,0.6989114228795754,True,True,True,False
93c31d1477f3b36cd35c,representation,representation_disagreement,3083,187471369,16,5000,0.4,0.05,rbf,median,anytime,bonferroni,3,2,False,B_BETTER,224,True,False,False,0.0002453330089338124,0.4,0.7200353639175696,True,True,True,False
93943cb72fd34af58507,representation,representation_disagreement,3084,2627017074,16,5000,0.4,0.05,rbf,median,anytime,bonferroni,3,2,False,B_BETTER,256,True,False,False,0.0002412500325590372,0.4,0.6796858875495522,True,True,True,False
e23600538152b420add1,representation,representation_disagreement,3085,3189909868,16,5000,0.4,0.05,rbf,median,anytime,bonferroni,3,2,False,B_BETTER,272,True,False,False,0.0002418750082142651,0.4,0.6620856821127259,True,True,True,False
0ae2800cc96fd7fca50c,representation,representation_disagreement,3086,900721559,16,5000,0.4,0.05,rbf,median,anytime,bonferroni,3,2,False,B_BETTER,256,True,False,False,0.0002394170151092112,0.4,0.6796858875495522,True,True,True,False
0cd53b36bd30808a6f51,representation,representation_disagreement,3087,1749311505,16,5000,0.4,0.05,rbf,median,anytime,bonferroni,3,2,False,B_BETTER,256,True,False,False,0.0002334999735467136,0.4,0.6796858875495522,True,True,True,False
5befaa68926189410f85,representation,representation_disagreement,3088,1998603950,16,5000,0.4,0.05,rbf,median,anytime,bonferroni,3,2,False,B_BETTER,192,True,False,False,0.00021454202942550182,0.4,0.7694441991638782,True,True,True,False
a7cc26d375e618bbfe17,representation,representation_disagreement,3089,1194880538,16,5000,0.4,0.05,rbf,median,anytime,bonferroni,3,2,False,B_BETTER,240,True,False,False,0.00020716700237244368,0.4,0.6989114228795754,True,True,True,False
bb499501d2be5783a469,representation,representation_disagreement,3090,4184624009,16,5000,0.4,0.05,rbf,median,anytime,bonferroni,3,2,False,B_BETTER,224,True,False,False,0.00020599999697878957,0.4,0.7200353639175696,True,True,True,False
293dd13461b024a8ab30,representation,representation_disagreement,3091,1518470748,16,5000,0.4,0.05,rbf,median,anytime,bonferroni,3,2,False,B_BETTER,240,True,False,False,0.00020479201339185238,0.4,0.6989114228795754,True,True,True,False
a35c9ce9a62c3372d554,representation,representation_disagreement,3092,2225438387,16,5000,0.4,0.05,rbf,median,anytime,bonferroni,3,2,False,B_BETTER,224,True,False,False,0.00020837498595938087,0.4,0.7200353639175696,True,True,True,False
e1003d072252e69a9056,representation,representation_disagreement,3093,3925568711,16,5000,0.4,0.05,rbf,median,anytime,bonferroni,3,2,False,B_BETTER,208,True,False,False,0.00020395900355651975,0.4,0.7434004973451924,True,True,True,False
810ef3fb20708d2c9d07,representation,representation_disagreement,3094,2493251291,16,5000,0.4,0.05,rbf,median,anytime,bonferroni,3,2,False,B_BETTER,224,True,False,False,0.0002050000475719571,0.4,0.7200353639175696,True,True,True,False
524d8cdc6740da2d05a2,representation,representation_disagreement,3095,3359837614,16,5000,0.4,0.05,rbf,median,anytime,bonferroni,3,2,False,B_BETTER,224,True,False,False,0.00020454201148822904,0.4,0.7200353639175696,True,True,True,False
fc470f0f76191e918f2d,representation,representation_disagreement,3096,2777730707,16,5000,0.4,0.05,rbf,median,anytime,bonferroni,3,2,False,B_BETTER,336,True,False,False,0.000212083978112787,0.4,0.60407492330224,True,True,True,False
ec711515a9ea0e260e7e,representation,representation_disagreement,3097,89425210,16,5000,0.4,0.05,rbf,median,anytime,bonferroni,3,2,False,B_BETTER,272,True,False,False,0.00020608300110325217,0.4,0.6620856821127258,True,True,True,False
003770691fa8d89d3569,representation,representation_disagreement,3098,1162873807,16,5000,0.4,0.05,rbf,median,anytime,bonferroni,3,2,False,B_BETTER,304,True,False,False,0.00020545802544802427,0.4,0.6309186896508341,True,True,True,False
bab266ed71b1dd3ec0c9,representation,representation_disagreement,3099,683078139,16,5000,0.4,0.05,rbf,median,anytime,bonferroni,3,2,False,B_BETTER,240,True,False,False,0.00020454195328056812,0.4,0.6989114228795754,True,True,True,False
58639db9c4b5c7d3735b,representation,representation_disagreement,3100,2033778861,16,5000,0.4,0.05,rbf,median,anytime,bonferroni,3,2,False,B_BETTER,240,True,False,False,0.00020704098278656602,0.4,0.6989114228795754,True,True,True,False
ce894382b40c353571c8,representation,representation_disagreement,3101,2093286498,16,5000,0.4,0.05,rbf,median,anytime,bonferroni,3,2,False,B_BETTER,240,True,False,False,0.00020487495930865407,0.4,0.6989114228795754,True,True,True,False
4400ac420baeef944cb8,representation,representation_disagreement,3102,1879679620,16,5000,0.4,0.05,rbf,median,anytime,bonferroni,3,2,False,B_BETTER,208,True,False,False,0.00020304200006648898,0.4,0.7434004973451924,True,True,True,False
3190d7705739d25a11f0,representation,representation_disagreement,3103,1870610027,16,5000,0.4,0.05,rbf,median,anytime,bonferroni,3,2,False,B_BETTER,320,True,False,False,0.00020695902639999986,0.4,0.6170219115444306,True,True,True,False
1ef25cf7bc965aca76e5,representation,representation_disagreement,3104,3637861945,16,5000,0.4,0.05,rbf,median,anytime,bonferroni,3,2,False,B_BETTER,256,True,False,False,0.00020833301823586226,0.4,0.6796858875495522,True,True,True,False
637d5dfc40bd4a534e5e,representation,representation_disagreement,3105,3509370288,16,5000,0.4,0.05,rbf,median,anytime,bonferroni,3,2,False,B_BETTER,304,True,False,False,0.00020650000078603625,0.4,0.6309186896508341,True,True,True,False
1ebb7e1c8e6be4e3223f,representation,representation_disagreement,3106,2170831222,16,5000,0.4,0.05,rbf,median,anytime,bonferroni,3,2,False,B_BETTER,256,True,False,False,0.00020462501561269164,0.4,0.6796858875495522,True,True,True,False
bd6f48728f271265fa84,representation,representation_disagreement,3107,2550278340,16,5000,0.4,0.05,rbf,median,anytime,bonferroni,3,2,False,B_BETTER,240,True,False,False,0.00020633300300687551,0.4,0.6989114228795754,True,True,True,False
e3a605780f655c99284e,representation,representation_disagreement,3108,2392267690,16,5000,0.4,0.05,rbf,median,anytime,bonferroni,3,2,False,B_BETTER,288,True,False,False,0.00021262496011331677,0.4,0.6458901399180805,True,True,True,False
ff34d0a2dda37bcdfc22,representation,representation_disagreement,3109,441423433,16,5000,0.4,0.05,rbf,median,anytime,bonferroni,3,2,False,B_BETTER,224,True,False,False,0.00020479201339185238,0.4,0.7200353639175696,True,True,True,False
7f32d5e3bf7400ece52c,representation,representation_disagreement,3110,4019273003,16,5000,0.4,0.05,rbf,median,anytime,bonferroni,3,2,False,B_BETTER,240,True,False,False,0.0002042920095846057,0.4,0.6989114228795754,True,True,True,False
4a4fc87a98823cc83ff6,representation,representation_disagreement,3111,3985324023,16,5000,0.4,0.05,rbf,median,anytime,bonferroni,3,2,False,B_BETTER,240,True,False,False,0.00020295899594202638,0.4,0.6989114228795754,True,True,True,False
92d5dd4aff33d7105985,representation,representation_disagreement,3112,2290860391,16,5000,0.4,0.05,rbf,median,anytime,bonferroni,3,2,False,B_BETTER,256,True,False,False,0.00020816700998693705,0.4,0.6796858875495522,True,True,True,False
f78a1f91f10ec877e74e,representation,representation_disagreement,3113,283216607,16,5000,0.4,0.05,rbf,median,anytime,bonferroni,3,2,False,B_BETTER,288,True,False,False,0.00020591699285432696,0.4,0.6458901399180805,True,True,True,False
b83d36aa331c3177bead,representation,representation_disagreement,3114,203480911,16,5000,0.4,0.05,rbf,median,anytime,bonferroni,3,2,False,B_BETTER,288,True,False,False,0.00020708399824798107,0.4,0.6458901399180805,True,True,True,False
74a01febcde6e0cc7137,representation,representation_disagreement,3115,2383587483,16,5000,0.4,0.05,rbf,median,anytime,bonferroni,3,2,False,B_BETTER,272,True,False,False,0.00020600005518645048,0.4,0.6620856821127258,True,True,True,False
2f856206099b063ecb7c,representation,representation_disagreement,3116,1116711431,16,5000,0.4,0.05,rbf,median,anytime,bonferroni,3,2,False,B_BETTER,240,True,False,False,0.00020941701950505376,0.4,0.6989114228795754,True,True,True,False
6f2a90dad5b3892fb357,representation,representation_disagreement,3117,3695522929,16,5000,0.4,0.05,rbf,median,anytime,bonferroni,3,2,False,B_BETTER,240,True,False,False,0.00020925002172589302,0.4,0.6989114228795754,True,True,True,False
9aca72c23cc00d43d34a,representation,representation_disagreement,3118,3126755644,16,5000,0.4,0.05,rbf,median,anytime,bonferroni,3,2,False,B_BETTER,208,True,False,False,0.000205625023227185,0.4,0.7434004973451923,True,True,True,False
80138cc2750e2155b8a6,representation,representation_disagreement,3119,1270825094,16,5000,0.4,0.05,rbf,median,anytime,bonferroni,3,2,False,B_BETTER,272,True,False,False,0.00020637502893805504,0.4,0.6620856821127258,True,True,True,False
11efbe710475703f7f37,representation,representation_disagreement,3120,3935838751,16,5000,0.4,0.05,rbf,median,anytime,bonferroni,3,2,False,B_BETTER,256,True,False,False,0.00020783301442861557,0.4,0.6796858875495522,True,True,True,False
12385c0c8da073879a90,representation,representation_disagreement,3121,1150218649,16,5000,0.4,0.05,rbf,median,anytime,bonferroni,3,2,False,B_BETTER,256,True,False,False,0.0002050000475719571,0.4,0.6796858875495522,True,True,True,False
f573271753440b615a20,representation,representation_disagreement,3122,456332799,16,5000,0.4,0.05,rbf,median,anytime,bonferroni,3,2,False,B_BETTER,240,True,False,False,0.0002031669719144702,0.4,0.6989114228795754,True,True,True,False
599e6f9e5fd1f92c68d7,representation,representation_disagreement,3123,2094856296,16,5000,0.4,0.05,rbf,median,anytime,bonferroni,3,2,False,B_BETTER,240,True,False,False,0.00020454201148822904,0.4,0.6989114228795754,True,True,True,False
64290d80e98e422b4daa,representation,representation_disagreement,3124,3250950429,16,5000,0.4,0.05,rbf,median,anytime,bonferroni,3,2,False,B_BETTER,240,True,False,False,0.00020716601284220815,0.4,0.6989114228795754,True,True,True,False
4e160e8ab72ea403974b,representation,representation_disagreement,3125,3839485649,16,5000,0.4,0.05,rbf,median,anytime,bonferroni,3,2,False,B_BETTER,272,True,False,False,0.00020329200197011232,0.4,0.6620856821127259,True,True,True,False
8334620a633ae504bb06,representation,representation_disagreement,3126,3455591587,16,5000,0.4,0.05,rbf,median,anytime,bonferroni,3,2,False,B_BETTER,224,True,False,False,0.00020179199054837227,0.4,0.7200353639175696,True,True,True,False
f8026f21404f2165831b,representation,representation_disagreement,3127,598188214,16,5000,0.4,0.05,rbf,median,anytime,bonferroni,3,2,False,B_BETTER,304,True,False,False,0.00020695797866210341,0.4,0.6309186896508341,True,True,True,False
e61e024cd96e9e7ec33d,representation,representation_disagreement,3128,4149799868,16,5000,0.4,0.05,rbf,median,anytime,bonferroni,3,2,False,B_BETTER,240,True,False,False,0.00020708300871774554,0.4,0.6989114228795754,True,True,True,False
b7de8c61a5c64567e436,representation,representation_disagreement,3129,2324646457,16,5000,0.4,0.05,rbf,median,anytime,bonferroni,3,2,False,B_BETTER,240,True,False,False,0.00020537496311590075,0.4,0.6989114228795754,True,True,True,False
16561797a95dd45855b6,representation,representation_disagreement,3130,2954270474,16,5000,0.4,0.05,rbf,median,anytime,bonferroni,3,2,False,B_BETTER,240,True,False,False,0.00020700000459328294,0.4,0.6989114228795754,True,True,True,False
f8874d72a92fe3937793,representation,representation_disagreement,3131,489036642,16,5000,0.4,0.05,rbf,median,anytime,bonferroni,3,2,False,B_BETTER,224,True,False,False,0.000203415984287858,0.4,0.7200353639175696,True,True,True,False
fb9db6ef14dbdf4a0d79,representation,representation_disagreement,3132,3522908276,16,5000,0.4,0.05,rbf,median,anytime,bonferroni,3,2,False,B_BETTER,224,True,False,False,0.00020720897009596229,0.4,0.7200353639175696,True,True,True,False
b4b90889d920148bf498,representation,representation_disagreement,3133,2808886127,16,5000,0.4,0.05,rbf,median,anytime,bonferroni,3,2,False,B_BETTER,224,True,False,False,0.0002044580178335309,0.4,0.7200353639175696,True,True,True,False
8298b774d6d4c271c085,representation,representation_disagreement,3134,3256300358,16,5000,0.4,0.05,rbf,median,anytime,bonferroni,3,2,False,B_BETTER,224,True,False,False,0.00020329200197011232,0.4,0.7200353639175696,True,True,True,False
62df3855a94725f824e7,representation,representation_disagreement,3135,3441447915,16,5000,0.4,0.05,rbf,median,anytime,bonferroni,3,2,False,B_BETTER,256,True,False,False,0.00020366697572171688,0.4,0.6796858875495522,True,True,True,False
d9abd431887290ef9e72,representation,representation_disagreement,3136,2968246117,16,5000,0.4,0.05,rbf,median,anytime,bonferroni,3,2,False,B_BETTER,224,True,False,False,0.00020541698904708028,0.4,0.7200353639175696,True,True,True,False
fa6d5fab7546c0487ee7,representation,representation_disagreement,3137,3166810009,16,5000,0.4,0.05,rbf,median,anytime,bonferroni,3,2,False,B_BETTER,224,True,False,False,0.00020466605201363564,0.4,0.7200353639175696,True,True,True,False
55ac4e4b252e52c77fe6,representation,representation_disagreement,3138,3086068192,16,5000,0.4,0.05,rbf,median,anytime,bonferroni,3,2,False,B_BETTER,240,True,False,False,0.00020524999126791954,0.4,0.6989114228795754,True,True,True,False
4e8e556b1ffca1b27892,representation,representation_disagreement,3139,89423922,16,5000,0.4,0.05,rbf,median,anytime,bonferroni,3,2,False,B_BETTER,224,True,False,False,0.00020458298968151212,0.4,0.7200353639175696,True,True,True,False
7d1a7677cb08df4e9f0d,representation,representation_disagreement,3140,2686160709,16,5000,0.4,0.05,rbf,median,anytime,bonferroni,3,2,False,B_BETTER,256,True,False,False,0.0002090419875457883,0.4,0.6796858875495522,True,True,True,False
4f027bfa968a720c975b,representation,representation_disagreement,3141,2316785145,16,5000,0.4,0.05,rbf,median,anytime,bonferroni,3,2,False,B_BETTER,240,True,False,False,0.00020366697572171688,0.4,0.6989114228795754,True,True,True,False
c9c2ab12aef74c92b434,representation,representation_disagreement,3142,671138848,16,5000,0.4,0.05,rbf,median,anytime,bonferroni,3,2,False,B_BETTER,272,True,False,False,0.00020587496692314744,0.4,0.6620856821127258,True,True,True,False
611fe74853f2a71dbcda,representation,representation_disagreement,3143,627684319,16,5000,0.4,0.05,rbf,median,anytime,bonferroni,3,2,False,B_BETTER,240,True,False,False,0.00020279199816286564,0.4,0.6989114228795754,True,True,True,False
f7647da4bf1597b96c2b,representation,representation_disagreement,3144,776319072,16,5000,0.4,0.05,rbf,median,anytime,bonferroni,3,2,False,B_BETTER,288,True,False,False,0.00021008303156122565,0.4,0.6458901399180805,True,True,True,False
1c6748e355d741948831,representation,representation_disagreement,3145,1829552889,16,5000,0.4,0.05,rbf,median,anytime,bonferroni,3,2,False,B_BETTER,272,True,False,False,0.0002042090054601431,0.4,0.6620856821127257,True,True,True,False
60f2bf033db82d0361f5,representation,representation_disagreement,3146,3799952909,16,5000,0.4,0.05,rbf,median,anytime,bonferroni,3,2,False,B_BETTER,272,True,False,False,0.0002057909732684493,0.4,0.6620856821127257,True,True,True,False
2fe3fe5b00f307218d6f,representation,representation_disagreement,3147,3187889698,16,5000,0.4,0.05,rbf,median,anytime,bonferroni,3,2,False,B_BETTER,288,True,False,False,0.0002055829972960055,0.4,0.6458901399180805,True,True,True,False
57e406b2021ed6a509ac,representation,representation_disagreement,3148,710075550,16,5000,0.4,0.05,rbf,median,anytime,bonferroni,3,2,False,B_BETTER,240,True,False,False,0.0002074579824693501,0.4,0.6989114228795754,True,True,True,False
cddbd5f54f7c12c552c9,representation,representation_disagreement,3149,499453584,16,5000,0.4,0.05,rbf,median,anytime,bonferroni,3,2,False,B_BETTER,224,True,False,False,0.0002038749516941607,0.4,0.7200353639175696,True,True,True,False
88ed9935a406c76e00d1,representation,representation_disagreement,3150,2139807687,16,5000,0.4,0.05,rbf,median,anytime,bonferroni,3,2,False,B_BETTER,288,True,False,False,0.0002061250270344317,0.4,0.6458901399180805,True,True,True,False
5ee750c997d11df8e7b8,representation,representation_disagreement,3151,2358218893,16,5000,0.4,0.05,rbf,median,anytime,bonferroni,3,2,False,B_BETTER,288,True,False,False,0.00020579202100634575,0.4,0.6458901399180805,True,True,True,False
06809012a30cfb25a0e2,representation,representation_disagreement,3152,2875321862,16,5000,0.4,0.05,rbf,median,anytime,bonferroni,3,2,False,B_BETTER,224,True,False,False,0.00020704098278656602,0.4,0.7200353639175696,True,True,True,False
b87ddf0702437f98d7d3,representation,representation_disagreement,3153,2754682799,16,5000,0.4,0.05,rbf,median,anytime,bonferroni,3,2,False,B_BETTER,240,True,False,False,0.00020429102005437016,0.4,0.6989114228795754,True,True,True,False
42d0e4c6fe8916d9dd02,representation,representation_disagreement,3154,1572686464,16,5000,0.4,0.05,rbf,median,anytime,bonferroni,3,2,False,B_BETTER,256,True,False,False,0.0002056249650195241,0.4,0.6796858875495522,True,True,True,False
b34936bd94b7bd6cf5b6,representation,representation_disagreement,3155,3714752330,16,5000,0.4,0.05,rbf,median,anytime,bonferroni,3,2,False,B_BETTER,224,True,False,False,0.00020370801212266088,0.4,0.7200353639175696,True,True,True,False
dadd427474f85a98fdf9,representation,representation_disagreement,3156,2746192731,16,5000,0.4,0.05,rbf,median,anytime,bonferroni,3,2,False,B_BETTER,256,True,False,False,0.00020891701569780707,0.4,0.6796858875495522,True,True,True,False
011a9252644fb26f03dc,representation,representation_disagreement,3157,3571624704,16,5000,0.4,0.05,rbf,median,anytime,bonferroni,3,2,False,B_BETTER,240,True,False,False,0.0002051249612122774,0.4,0.6989114228795754,True,True,True,False
8a28be1d4fa6f26e5d33,representation,representation_disagreement,3158,548188125,16,5000,0.4,0.05,rbf,median,anytime,bonferroni,3,2,False,B_BETTER,256,True,False,False,0.00020650000078603625,0.4,0.6796858875495522,True,True,True,False
8d79091f6ac47e01a501,representation,representation_disagreement,3159,2941729699,16,5000,0.4,0.05,rbf,median,anytime,bonferroni,3,2,False,B_BETTER,272,True,False,False,0.00020433298777788877,0.4,0.6620856821127257,True,True,True,False
08749c23897e889e1d4a,representation,representation_disagreement,3160,3997661737,16,5000,0.4,0.05,rbf,median,anytime,bonferroni,3,2,False,B_BETTER,224,True,False,False,0.00020574999507516623,0.4,0.7200353639175696,True,True,True,False
7964c78d3c3bed8de77e,representation,representation_disagreement,3161,2888410578,16,5000,0.4,0.05,rbf,median,anytime,bonferroni,3,2,False,B_BETTER,240,True,False,False,0.00020329200197011232,0.4,0.6989114228795754,True,True,True,False
b81bd24f8812051b271c,representation,representation_disagreement,3162,1360841699,16,5000,0.4,0.05,rbf,median,anytime,bonferroni,3,2,False,B_BETTER,208,True,False,False,0.00020162499276921153,0.4,0.7434004973451923,True,True,True,False
9fa920c84cdda59b0d16,representation,representation_disagreement,3163,978054121,16,5000,0.4,0.05,rbf,median,anytime,bonferroni,3,2,False,B_BETTER,272,True,False,False,0.00020512501941993833,0.4,0.6620856821127259,True,True,True,False
7e3044d5008a787330b9,representation,representation_disagreement,3164,3849682233,16,5000,0.4,0.05,rbf,median,anytime,bonferroni,3,2,False,B_BETTER,208,True,False,False,0.00020483299158513546,0.4,0.7434004973451923,True,True,True,False
3c87b79988bea3448d9b,representation,representation_disagreement,3165,1608681459,16,5000,0.4,0.05,rbf,median,anytime,bonferroni,3,2,False,B_BETTER,256,True,False,False,0.00020391697762534022,0.4,0.6796858875495522,True,True,True,False
bbe9a7ea6f5f2e7d8ad5,representation,representation_disagreement,3166,266723951,16,5000,0.4,0.05,rbf,median,anytime,bonferroni,3,2,False,B_BETTER,208,True,False,False,0.00020345801021903753,0.4,0.7434004973451923,True,True,True,False
02e79349d9d93ddbbc11,representation,representation_disagreement,3167,1538491083,16,5000,0.4,0.05,rbf,median,anytime,bonferroni,3,2,False,B_BETTER,224,True,False,False,0.0002027910086326301,0.4,0.7200353639175696,True,True,True,False
768c104dd1dd3ef03a7e,representation,representation_disagreement,3168,3772842485,16,5000,0.4,0.05,rbf,median,anytime,bonferroni,3,2,False,B_BETTER,272,True,False,False,0.00020866701379418373,0.4,0.6620856821127258,True,True,True,False
1671394e9d9814e553fe,representation,representation_disagreement,3169,2124260890,16,5000,0.4,0.05,rbf,median,anytime,bonferroni,3,2,False,B_BETTER,224,True,False,False,0.00020404200768098235,0.4,0.7200353639175696,True,True,True,False
b60caca1b928b4887b14,representation,representation_disagreement,3170,2224129306,16,5000,0.4,0.05,rbf,median,anytime,bonferroni,3,2,False,B_BETTER,256,True,False,False,0.00020574999507516623,0.4,0.6796858875495522,True,True,True,False
4061c110889370b53615,representation,representation_disagreement,3171,2518235964,16,5000,0.4,0.05,rbf,median,anytime,bonferroni,3,2,False,B_BETTER,240,True,False,False,0.000203792005777359,0.4,0.6989114228795754,True,True,True,False
a62dcbfcddcf9045d344,representation,representation_disagreement,3172,3376105981,16,5000,0.4,0.05,rbf,median,anytime,bonferroni,3,2,False,B_BETTER,240,True,False,False,0.00020770798437297344,0.4,0.6989114228795754,True,True,True,False
d5239398352451b91e7e,representation,representation_disagreement,3173,2912945532,16,5000,0.4,0.05,rbf,median,anytime,bonferroni,3,2,False,B_BETTER,304,True,False,False,0.00020733400015160441,0.4,0.6309186896508341,True,True,True,False
90bf5e68173a0e5b7141,representation,representation_disagreement,3174,3250936783,16,5000,0.4,0.05,rbf,median,anytime,bonferroni,3,2,False,B_BETTER,208,True,False,False,0.00020441599190235138,0.4,0.7434004973451924,True,True,True,False
9ae7262920bc1fdb0392,representation,representation_disagreement,3175,1632073588,16,5000,0.4,0.05,rbf,median,anytime,bonferroni,3,2,False,B_BETTER,208,True,False,False,0.00020312500419095159,0.4,0.7434004973451924,True,True,True,False
e852cd85c4b2b9e23dbe,representation,representation_disagreement,3176,560573777,16,5000,0.4,0.05,rbf,median,anytime,bonferroni,3,2,False,B_BETTER,256,True,False,False,0.000208500016015023,0.4,0.6796858875495522,True,True,True,False
6d6ad096071cb27a0a74,representation,representation_disagreement,3177,2673349127,16,5000,0.4,0.05,rbf,median,anytime,bonferroni,3,2,False,B_BETTER,272,True,False,False,0.00017708400264382362,0.4,0.6620856821127257,True,True,True,False
eb1f4a061baba233c274,representation,representation_disagreement,3178,2338443494,16,5000,0.4,0.05,rbf,median,anytime,bonferroni,3,2,False,B_BETTER,240,True,False,False,0.00017554202349856496,0.4,0.6989114228795754,True,True,True,False
d4b8eb95fabc5f87913f,representation,representation_disagreement,3179,131557783,16,5000,0.4,0.05,rbf,median,anytime,bonferroni,3,2,False,B_BETTER,320,True,False,False,0.00017854198813438416,0.4,0.6170219115444304,True,True,True,False
bcb89560113a1584cfa3,representation,representation_disagreement,3180,581065486,16,5000,0.4,0.05,rbf,median,anytime,bonferroni,3,2,False,B_BETTER,224,True,False,False,0.00017799995839595795,0.4,0.7200353639175696,True,True,True,False
967fa1cedd568287e639,representation,representation_disagreement,3181,3480236142,16,5000,0.4,0.05,rbf,median,anytime,bonferroni,3,2,False,B_BETTER,272,True,False,False,0.00018879200797528028,0.4,0.6620856821127257,True,True,True,False
4ee85e63fc4ca9d08b12,representation,representation_disagreement,3182,222328128,16,5000,0.4,0.05,rbf,median,anytime,bonferroni,3,2,False,B_BETTER,320,True,False,False,0.0001906669931486249,0.4,0.6170219115444306,True,True,True,False
e6b11feea392443ea23b,representation,representation_disagreement,3183,1649223163,16,5000,0.4,0.05,rbf,median,anytime,bonferroni,3,2,False,B_BETTER,224,True,False,False,0.00017545802984386683,0.4,0.7200353639175696,True,True,True,False
4de7b37baa82591a37f3,representation,representation_disagreement,3184,4065929412,16,5000,0.4,0.05,rbf,median,anytime,bonferroni,3,2,False,B_BETTER,224,True,False,False,0.0001782500185072422,0.4,0.7200353639175696,True,True,True,False
e702d8c854ee24d775dc,representation,representation_disagreement,3185,4076502483,16,5000,0.4,0.05,rbf,median,anytime,bonferroni,3,2,False,B_BETTER,240,True,False,False,0.00017562496941536665,0.4,0.6989114228795754,True,True,True,False
4f0924d9be2fcf58fb2e,representation,representation_disagreement,3186,3318845614,16,5000,0.4,0.05,rbf,median,anytime,bonferroni,3,2,False,B_BETTER,256,True,False,False,0.00017562502762302756,0.4,0.6796858875495522,True,True,True,False
3d1077a1cf899d747442,representation,representation_disagreement,3187,763688681,16,5000,0.4,0.05,rbf,median,anytime,bonferroni,3,2,False,B_BETTER,208,True,False,False,0.00017370900604873896,0.4,0.7434004973451923,True,True,True,False
906411e1cbd7ac959a13,representation,representation_disagreement,3188,3987355323,16,5000,0.4,0.05,rbf,median,anytime,bonferroni,3,2,False,B_BETTER,224,True,False,False,0.00017783301882445812,0.4,0.7200353639175696,True,True,True,False
c942798cd96e26f71734,representation,representation_disagreement,3189,351817819,16,5000,0.4,0.05,rbf,median,anytime,bonferroni,3,2,False,B_BETTER,320,True,False,False,0.00017900002421811223,0.4,0.6170219115444305,True,True,True,False
021dfb7e69874b503f85,representation,representation_disagreement,3190,903451504,16,5000,0.4,0.05,rbf,median,anytime,bonferroni,3,2,False,B_BETTER,208,True,False,False,0.00017508299788460135,0.4,0.7434004973451923,True,True,True,False
8183d7c11e7bf0409c89,representation,representation_disagreement,3191,1776630548,16,5000,0.4,0.05,rbf,median,anytime,bonferroni,3,2,False,B_BETTER,288,True,False,False,0.0001770000089891255,0.4,0.6458901399180805,True,True,True,False
bf3e4b197f3441e0c844,representation,representation_disagreement,3192,595720495,16,5000,0.4,0.05,rbf,median,anytime,bonferroni,3,2,False,B_BETTER,208,True,False,False,0.00017804198432713747,0.4,0.7434004973451922,True,True,True,False
8a955498cc849d04b969,representation,representation_disagreement,3193,1399056979,16,5000,0.4,0.05,rbf,median,anytime,bonferroni,3,2,False,B_BETTER,304,True,False,False,0.00017804099479690194,0.4,0.6309186896508341,True,True,True,False
2bb3e788f54ec1ce3134,representation,representation_disagreement,3194,1047285143,16,5000,0.4,0.05,rbf,median,anytime,bonferroni,3,2,False,B_BETTER,240,True,False,False,0.00017645797925069928,0.4,0.6989114228795754,True,True,True,False
d66b42e310e5ac3b9d77,representation,representation_disagreement,3195,2263454870,16,5000,0.4,0.05,rbf,median,anytime,bonferroni,3,2,False,B_BETTER,256,True,False,False,0.00017712503904476762,0.4,0.6796858875495522,True,True,True,False
c19901e558a7e0b66110,representation,representation_disagreement,3196,807293364,16,5000,0.4,0.05,rbf,median,anytime,bonferroni,3,2,False,B_BETTER,224,True,False,False,0.0001770000089891255,0.4,0.7200353639175696,True,True,True,False
5c16dfafe2d7ec848de4,representation,representation_disagreement,3197,1839123821,16,5000,0.4,0.05,rbf,median,anytime,bonferroni,3,2,False,B_BETTER,240,True,False,False,0.0001757919671945274,0.4,0.6989114228795754,True,True,True,False
62ff7b3bdc7420ff0b0f,representation,representation_disagreement,3198,1856247804,16,5000,0.4,0.05,rbf,median,anytime,bonferroni,3,2,False,B_BETTER,256,True,False,False,0.00017679203301668167,0.4,0.6796858875495522,True,True,True,False
55222caea1b7b132ba10,representation,representation_disagreement,3199,2355611997,16,5000,0.4,0.05,rbf,median,anytime,bonferroni,3,2,False,B_BETTER,256,True,False,False,0.00017691595712676644,0.4,0.6796858875495522,True,True,True,False
8683a172b50159ebcba8,representation,representation_disagreement,3200,3374147557,16,5000,0.4,0.05,rbf,median,anytime,bonferroni,3,2,False,B_BETTER,224,True,False,False,0.0001770830131135881,0.4,0.7200353639175696,True,True,True,False
e7844bad288ffd2ae5d0,representation,representation_disagreement,3201,3377466106,16,5000,0.4,0.05,rbf,median,anytime,bonferroni,3,2,False,B_BETTER,272,True,False,False,0.00017662503523752093,0.4,0.6620856821127257,True,True,True,False
851664d4f68c33d27d72,representation,representation_disagreement,3202,2449411814,16,5000,0.4,0.05,rbf,median,anytime,bonferroni,3,2,False,B_BETTER,240,True,False,False,0.0001754160039126873,0.4,0.6989114228795754,True,True,True,False
d1855fe163e5ed9ede1e,representation,representation_disagreement,3203,2935765385,16,5000,0.4,0.05,rbf,median,anytime,bonferroni,3,2,False,B_BETTER,256,True,False,False,0.00017608300549909472,0.4,0.6796858875495522,True,True,True,False
55602cfc6a34979495de,representation,representation_disagreement,3204,3695123825,16,5000,0.4,0.05,rbf,median,anytime,bonferroni,3,2,False,B_BETTER,240,True,False,False,0.00017916696378961205,0.4,0.6989114228795754,True,True,True,False
39411bc8892a0b4ce479,representation,representation_disagreement,3205,3159488603,16,5000,0.4,0.05,rbf,median,anytime,bonferroni,3,2,False,B_BETTER,240,True,False,False,0.00017899996601045132,0.4,0.6989114228795754,True,True,True,False
5cfe64ae0af157916a5b,representation,representation_disagreement,3206,4257826229,16,5000,0.4,0.05,rbf,median,anytime,bonferroni,3,2,False,B_BETTER,208,True,False,False,0.00017604103777557611,0.4,0.7434004973451923,True,True,True,False
7e13ac20e2943191461b,representation,representation_disagreement,3207,3472403645,16,5000,0.4,0.05,rbf,median,anytime,bonferroni,3,2,False,B_BETTER,224,True,False,False,0.000174832995980978,0.4,0.7200353639175696,True,True,True,False
c3aad7f120b2e0d6a291,representation,representation_disagreement,3208,3724606784,16,5000,0.4,0.05,rbf,median,anytime,bonferroni,3,2,False,B_BETTER,256,True,False,False,0.00017891597235575318,0.4,0.6796858875495522,True,True,True,False
3ba36c7ea4bf0d1eb6ef,representation,representation_disagreement,3209,954650605,16,5000,0.4,0.05,rbf,median,anytime,bonferroni,3,2,False,B_BETTER,320,True,False,False,0.00017929199384525418,0.4,0.6170219115444304,True,True,True,False
6e8757ae60115921be25,representation,representation_disagreement,3210,256251807,16,5000,0.4,0.05,rbf,median,anytime,bonferroni,3,2,False,B_BETTER,272,True,False,False,0.00017691601533442736,0.4,0.6620856821127259,True,True,True,False
88984b25bbd2a56b7a4e,representation,representation_disagreement,3211,1179520745,16,5000,0.4,0.05,rbf,median,anytime,bonferroni,3,2,False,B_BETTER,272,True,False,False,0.00017795898020267487,0.4,0.6620856821127259,True,True,True,False
766996d48e9065655994,representation,representation_disagreement,3212,2478330893,16,5000,0.4,0.05,rbf,median,anytime,bonferroni,3,2,False,B_BETTER,336,True,False,False,0.00018208398250862956,0.4,0.60407492330224,True,True,True,False
3a38249d1c7930a57b5a,representation,representation_disagreement,3213,170485871,16,5000,0.4,0.05,rbf,median,anytime,bonferroni,3,2,False,B_BETTER,240,True,False,False,0.00017691700486466289,0.4,0.6989114228795754,True,True,True,False
16e5b70324cb4bd64c7a,representation,representation_disagreement,3214,943439807,16,5000,0.4,0.05,rbf,median,anytime,bonferroni,3,2,False,B_BETTER,224,True,False,False,0.0001745839836075902,0.4,0.7200353639175696,True,True,True,False
033480e8a8477e68f70f,representation,representation_disagreement,3215,1561530785,16,5000,0.4,0.05,rbf,median,anytime,bonferroni,3,2,False,B_BETTER,224,True,False,False,0.00017608300549909472,0.4,0.7200353639175696,True,True,True,False
822e9be6ea0fdadca47f,representation,representation_disagreement,3216,1326885056,16,5000,0.4,0.05,rbf,median,anytime,bonferroni,3,2,False,B_BETTER,272,True,False,False,0.00018012500368058681,0.4,0.6620856821127258,True,True,True,False
243b87b42c2737a639b7,representation,representation_disagreement,3217,1410844484,16,5000,0.4,0.05,rbf,median,anytime,bonferroni,3,2,False,B_BETTER,256,True,False,False,0.00017437501810491085,0.4,0.6796858875495522,True,True,True,False
1d989f7ddf2f3431b2d1,representation,representation_disagreement,3218,1412486681,16,5000,0.4,0.05,rbf,median,anytime,bonferroni,3,2,False,B_BETTER,288,True,False,False,0.00017645797925069928,0.4,0.6458901399180805,True,True,True,False
8d06e53fdf978797befa,representation,representation_disagreement,3219,4099273018,16,5000,0.4,0.05,rbf,median,anytime,bonferroni,3,2,False,B_BETTER,272,True,False,False,0.00017775001469999552,0.4,0.6620856821127258,True,True,True,False
70d85a456cc0388421dc,representation,representation_disagreement,3220,2022651105,16,5000,0.4,0.05,rbf,median,anytime,bonferroni,3,2,False,B_BETTER,256,True,False,False,0.00017995800590142608,0.4,0.6796858875495522,True,True,True,False
fd7e9366b1f78d3af6b5,representation,representation_disagreement,3221,966278768,16,5000,0.4,0.05,rbf,median,anytime,bonferroni,3,2,False,B_BETTER,240,True,False,False,0.00017625000327825546,0.4,0.6989114228795754,True,True,True,False
35cefd8fa933e79453a6,representation,representation_disagreement,3222,4118249908,16,5000,0.4,0.05,rbf,median,anytime,bonferroni,3,2,False,B_BETTER,256,True,False,False,0.0001759580336511135,0.4,0.6796858875495522,True,True,True,False
ecd7861a59f0a92a3a1a,representation,representation_disagreement,3223,3939352698,16,5000,0.4,0.05,rbf,median,anytime,bonferroni,3,2,False,B_BETTER,272,True,False,False,0.00017574999947100878,0.4,0.6620856821127259,True,True,True,False
d0b24b4bcbf7447224cf,representation,representation_disagreement,3224,3264123758,16,5000,0.4,0.05,rbf,median,anytime,bonferroni,3,2,False,B_BETTER,256,True,False,False,0.0001819579629227519,0.4,0.6796858875495522,True,True,True,False
d7cca6e99ba153d38004,representation,representation_disagreement,3225,711648653,16,5000,0.4,0.05,rbf,median,anytime,bonferroni,3,2,False,B_BETTER,256,True,False,False,0.0001747080241329968,0.4,0.6796858875495522,True,True,True,False
48f238c94cb6365fddc4,representation,representation_disagreement,3226,1395608036,16,5000,0.4,0.05,rbf,median,anytime,bonferroni,3,2,False,B_BETTER,272,True,False,False,0.0001759579754434526,0.4,0.6620856821127257,True,True,True,False
7f626fc26871247a0d83,representation,representation_disagreement,3227,1159911357,16,5000,0.4,0.05,rbf,median,anytime,bonferroni,3,2,False,B_BETTER,224,True,False,False,0.00017445802222937346,0.4,0.7200353639175696,True,True,True,False
25bd3e36a0c00c080c3e,representation,representation_disagreement,3228,3200787508,16,5000,0.4,0.05,rbf,median,anytime,bonferroni,3,2,False,B_BETTER,256,True,False,False,0.0001787500223144889,0.4,0.6796858875495522,True,True,True,False
5f42282b2469927a67c1,representation,representation_disagreement,3229,475321246,16,5000,0.4,0.05,rbf,median,anytime,bonferroni,3,2,False,B_BETTER,288,True,False,False,0.00017662497702986002,0.4,0.6458901399180805,True,True,True,False
cd3eb488af8f33c91ac2,representation,representation_disagreement,3230,1090566104,16,5000,0.4,0.05,rbf,median,anytime,bonferroni,3,2,False,B_BETTER,272,True,False,False,0.00017775001469999552,0.4,0.6620856821127258,True,True,True,False
2c217e30299e181afce6,representation,representation_disagreement,3231,1071898780,16,5000,0.4,0.05,rbf,median,anytime,bonferroni,3,2,False,B_BETTER,240,True,False,False,0.00017600000137463212,0.4,0.6989114228795754,True,True,True,False
5b79ddc8be85eaa72bd0,representation,representation_disagreement,3232,1739278561,16,5000,0.4,0.05,rbf,median,anytime,bonferroni,3,2,False,B_BETTER,320,True,False,False,0.00018104200717061758,0.4,0.6170219115444305,True,True,True,False
fee88480bbda039bd9e0,representation,representation_disagreement,3233,3221008019,16,5000,0.4,0.05,rbf,median,anytime,bonferroni,3,2,False,B_BETTER,240,True,False,False,0.00017491698963567615,0.4,0.6989114228795754,True,True,True,False
582066f38e90201160b1,representation,representation_disagreement,3234,4082539427,16,5000,0.4,0.05,rbf,median,anytime,bonferroni,3,2,False,B_BETTER,256,True,False,False,0.0001765000051818788,0.4,0.6796858875495522,True,True,True,False
b5cf6866c601bef3ae67,representation,representation_disagreement,3235,2693642275,16,5000,0.4,0.05,rbf,median,anytime,bonferroni,3,2,False,B_BETTER,272,True,False,False,0.0001759579754434526,0.4,0.6620856821127258,True,True,True,False
0cab3346dd2dac67649c,representation,representation_disagreement,3236,331308771,16,5000,0.4,0.05,rbf,median,anytime,bonferroni,3,2,False,B_BETTER,304,True,False,False,0.00018104095943272114,0.4,0.6309186896508341,True,True,True,False
9c14f7fe40d902484a43,representation,representation_disagreement,3237,2787535776,16,5000,0.4,0.05,rbf,median,anytime,bonferroni,3,2,False,B_BETTER,240,True,False,False,0.00019408302614465356,0.4,0.6989114228795754,True,True,True,False
0c14d14502244b8099b3,representation,representation_disagreement,3238,3241173074,16,5000,0.4,0.05,rbf,median,anytime,bonferroni,3,2,False,B_BETTER,208,True,False,False,0.00020124996080994606,0.4,0.7434004973451923,True,True,True,False
4d286f49d1b01afaf03c,representation,representation_disagreement,3239,1540814220,16,5000,0.4,0.05,rbf,median,anytime,bonferroni,3,2,False,B_BETTER,256,True,False,False,0.00020516698714345694,0.4,0.6796858875495522,True,True,True,False
914152fd3b99565b7ae7,representation,representation_disagreement,3240,3142974588,16,5000,0.4,0.05,rbf,median,anytime,bonferroni,3,2,False,B_BETTER,176,True,False,False,0.00020487495930865407,0.4,0.7987351700636655,True,True,True,False
652c4d3c1c21e0649020,representation,representation_disagreement,3241,1169580137,16,5000,0.4,0.05,rbf,median,anytime,bonferroni,3,2,False,B_BETTER,240,True,False,False,0.00020358298206701875,0.4,0.6989114228795754,True,True,True,False
11af81c3f3e6ccb3b855,representation,representation_disagreement,3242,2203977157,16,5000,0.4,0.05,rbf,median,anytime,bonferroni,3,2,False,B_BETTER,256,True,False,False,0.0002038749516941607,0.4,0.6796858875495522,True,True,True,False
ab78baed2f73c97cce34,representation,representation_disagreement,3243,755357045,16,5000,0.4,0.05,rbf,median,anytime,bonferroni,3,2,False,B_BETTER,288,True,False,False,0.00020516698714345694,0.4,0.6458901399180805,True,True,True,False
801d7960c5813517cf46,representation,representation_disagreement,3244,794160524,16,5000,0.4,0.05,rbf,median,anytime,bonferroni,3,2,False,B_BETTER,272,True,False,False,0.00020829198183491826,0.4,0.6620856821127258,True,True,True,False
7a34af004e5da7f92bfb,representation,representation_disagreement,3245,770027675,16,5000,0.4,0.05,rbf,median,anytime,bonferroni,3,2,False,B_BETTER,240,True,False,False,0.00020320899784564972,0.4,0.6989114228795754,True,True,True,False
1da0d53d4a2b6e77ae11,representation,representation_disagreement,3246,1517429143,16,5000,0.4,0.05,rbf,median,anytime,bonferroni,3,2,False,B_BETTER,256,True,False,False,0.00020354095613583922,0.4,0.6796858875495522,True,True,True,False
3a1d4fd30c877995cf05,representation,representation_disagreement,3247,3997942666,16,5000,0.4,0.05,rbf,median,anytime,bonferroni,3,2,False,B_BETTER,240,True,False,False,0.00020291598048061132,0.4,0.6989114228795754,True,True,True,False
84c7524aeb370cbaace2,representation,representation_disagreement,3248,75900594,16,5000,0.4,0.05,rbf,median,anytime,bonferroni,3,2,False,B_BETTER,208,True,False,False,0.00020462501561269164,0.4,0.7434004973451923,True,True,True,False
4c8a6038d98a55d0ca80,representation,representation_disagreement,3249,3807739753,16,5000,0.4,0.05,rbf,median,anytime,bonferroni,3,2,False,B_BETTER,240,True,False,False,0.0002042090054601431,0.4,0.6989114228795754,True,True,True,False
157178fdb79a3bb2159c,representation,representation_disagreement,3250,2489808947,16,5000,0.4,0.05,rbf,median,anytime,bonferroni,3,2,False,B_BETTER,208,True,False,False,0.00020033400505781174,0.4,0.7434004973451923,True,True,True,False
175bab3553f87c21f35e,representation,representation_disagreement,3251,3506885454,16,5000,0.4,0.05,rbf,median,anytime,bonferroni,3,2,False,B_BETTER,320,True,False,False,0.0002059590187855065,0.4,0.6170219115444305,True,True,True,False
db0a329610b05ed67578,representation,representation_disagreement,3252,1265683339,16,5000,0.4,0.05,rbf,median,anytime,bonferroni,3,2,False,B_BETTER,272,True,False,False,0.0002086249878630042,0.4,0.6620856821127259,True,True,True,False
44f9e2c0c4654d622dbc,representation,representation_disagreement,3253,828630442,16,5000,0.4,0.05,rbf,median,anytime,bonferroni,3,2,False,B_BETTER,224,True,False,False,0.00020283396588638425,0.4,0.7200353639175696,True,True,True,False
6d040d845d33bec7dedd,representation,representation_disagreement,3254,3616847703,16,5000,0.4,0.05,rbf,median,anytime,bonferroni,3,2,False,B_BETTER,288,True,False,False,0.00020587496692314744,0.4,0.6458901399180805,True,True,True,False
00a5ae6413a748bbc114,representation,representation_disagreement,3255,73547522,16,5000,0.4,0.05,rbf,median,anytime,bonferroni,3,2,False,B_BETTER,240,True,False,False,0.0002032499760389328,0.4,0.6989114228795754,True,True,True,False
b49a800a7447528d7499,representation,representation_disagreement,3256,1880005843,16,5000,0.4,0.05,rbf,median,anytime,bonferroni,3,2,False,B_BETTER,240,True,False,False,0.000206666998565197,0.4,0.6989114228795754,True,True,True,False
44680913cb9f8f88f0f1,representation,representation_disagreement,3257,718432917,16,5000,0.4,0.05,rbf,median,anytime,bonferroni,3,2,False,B_BETTER,256,True,False,False,0.00020300003234297037,0.4,0.6796858875495522,True,True,True,False
20ffabc3195449805491,representation,representation_disagreement,3258,1726739325,16,5000,0.4,0.05,rbf,median,anytime,bonferroni,3,2,False,B_BETTER,256,True,False,False,0.0002049999893642962,0.4,0.6796858875495522,True,True,True,False
6831c1ac399a3173ed04,representation,representation_disagreement,3259,3676720162,16,5000,0.4,0.05,rbf,median,anytime,bonferroni,3,2,False,B_BETTER,192,True,False,False,0.00020108401076868176,0.4,0.7694441991638783,True,True,True,False
42c89dd4dd688ae77229,representation,representation_disagreement,3260,2292548471,16,5000,0.4,0.05,rbf,median,anytime,bonferroni,3,2,False,B_BETTER,256,True,False,False,0.0002091249916702509,0.4,0.6796858875495522,True,True,True,False
7b6707f8cc85bd353b9c,representation,representation_disagreement,3261,252055155,16,5000,0.4,0.05,rbf,median,anytime,bonferroni,3,2,False,B_BETTER,272,True,False,False,0.0002032910124398768,0.4,0.6620856821127258,True,True,True,False
3be4bd0fdac1c9d91ab0,representation,representation_disagreement,3262,2824927587,16,5000,0.4,0.05,rbf,median,anytime,bonferroni,3,2,False,B_BETTER,256,True,False,False,0.00020350003615021706,0.4,0.6796858875495522,True,True,True,False
b0da4786e195797e21cb,representation,representation_disagreement,3263,4062481988,16,5000,0.4,0.05,rbf,median,anytime,bonferroni,3,2,False,B_BETTER,272,True,False,False,0.000203792005777359,0.4,0.6620856821127259,True,True,True,False
957643eda2cdf964d2f5,representation,representation_disagreement,3264,128499513,16,5000,0.4,0.05,rbf,median,anytime,bonferroni,3,2,False,B_BETTER,240,True,False,False,0.00020641699666157365,0.4,0.6989114228795754,True,True,True,False
b72df0a93c0504817ab4,representation,representation_disagreement,3265,2195447597,16,5000,0.4,0.05,rbf,median,anytime,bonferroni,3,2,False,B_BETTER,256,True,False,False,0.00020337500609457493,0.4,0.6796858875495522,True,True,True,False
f532945ab0676a1febb9,representation,representation_disagreement,3266,1540384685,16,5000,0.4,0.05,rbf,median,anytime,bonferroni,3,2,False,B_BETTER,240,True,False,False,0.00020162505097687244,0.4,0.6989114228795754,True,True,True,False
7d965317879ef6d0ea89,representation,representation_disagreement,3267,1738965304,16,5000,0.4,0.05,rbf,median,anytime,bonferroni,3,2,False,B_BETTER,272,True,False,False,0.00020541599951684475,0.4,0.6620856821127257,True,True,True,False
5ff95ce44ec787f11e4e,representation,representation_disagreement,3268,2280159738,16,5000,0.4,0.05,rbf,median,anytime,bonferroni,3,2,False,B_BETTER,272,True,False,False,0.0002084170118905604,0.4,0.6620856821127257,True,True,True,False
3a5431c7777176451f54,representation,representation_disagreement,3269,1623760259,16,5000,0.4,0.05,rbf,median,anytime,bonferroni,3,2,False,B_BETTER,256,True,False,False,0.0002037090016528964,0.4,0.6796858875495522,True,True,True,False
25e114e4fe6bc864e0f1,representation,representation_disagreement,3270,2009631499,16,5000,0.4,0.05,rbf,median,anytime,bonferroni,3,2,False,B_BETTER,224,True,False,False,0.00020566699095070362,0.4,0.7200353639175696,True,True,True,False
b7621e16acef67024298,representation,representation_disagreement,3271,402787505,16,5000,0.4,0.05,rbf,median,anytime,bonferroni,3,2,False,B_BETTER,192,True,False,False,0.00035754102282226086,0.4,0.7694441991638783,True,True,True,False
cd180dd488e18165a12c,representation,representation_disagreement,3272,1437459773,16,5000,0.4,0.05,rbf,median,anytime,bonferroni,3,2,False,B_BETTER,208,True,False,False,0.0002477920497767627,0.4,0.7434004973451923,True,True,True,False
a12335b1f29aff202636,representation,representation_disagreement,3273,1395438068,16,5000,0.4,0.05,rbf,median,anytime,bonferroni,3,2,False,B_BETTER,240,True,False,False,0.00024374999338760972,0.4,0.6989114228795754,True,True,True,False
ca999e62d076e2dfac8e,representation,representation_disagreement,3274,3210428475,16,5000,0.4,0.05,rbf,median,anytime,bonferroni,3,2,False,B_BETTER,256,True,False,False,0.0002502080169506371,0.4,0.6796858875495522,True,True,True,False
639fc9e81b7bf68aa753,representation,representation_disagreement,3275,1832030719,16,5000,0.4,0.05,rbf,median,anytime,bonferroni,3,2,False,B_BETTER,240,True,False,False,0.00023995799710974097,0.4,0.6989114228795754,True,True,True,False
4bd28ffb18beab18ba30,representation,representation_disagreement,3276,793375753,16,5000,0.4,0.05,rbf,median,anytime,bonferroni,3,2,False,B_BETTER,272,True,False,False,0.0002539579872973263,0.4,0.6620856821127259,True,True,True,False
b48b815e78a80e0bb638,representation,representation_disagreement,3277,4204013337,16,5000,0.4,0.05,rbf,median,anytime,bonferroni,3,2,False,B_BETTER,224,True,False,False,0.0002371249720454216,0.4,0.7200353639175696,True,True,True,False
2ead32baadfff2628c1a,representation,representation_disagreement,3278,2933125908,16,5000,0.4,0.05,rbf,median,anytime,bonferroni,3,2,False,B_BETTER,240,True,False,False,0.0002377079799771309,0.4,0.6989114228795754,True,True,True,False
73b656aaca5e214dae3c,representation,representation_disagreement,3279,1863949172,16,5000,0.4,0.05,rbf,median,anytime,bonferroni,3,2,False,B_BETTER,304,True,False,False,0.00024083297466859221,0.4,0.6309186896508341,True,True,True,False
6a80cdbb7528f756c105,representation,representation_disagreement,3280,2361239512,16,5000,0.4,0.05,rbf,median,anytime,bonferroni,3,2,False,B_BETTER,304,True,False,False,0.0002405419945716858,0.4,0.6309186896508341,True,True,True,False
5ab9dee6b2f7439310ab,representation,representation_disagreement,3281,3156539500,16,5000,0.4,0.05,rbf,median,anytime,bonferroni,3,2,False,B_BETTER,256,True,False,False,0.00023804104421287775,0.4,0.6796858875495522,True,True,True,False
86632bf8a2fd7c4d1ac8,representation,representation_disagreement,3282,2257619950,16,5000,0.4,0.05,rbf,median,anytime,bonferroni,3,2,False,B_BETTER,272,True,False,False,0.00023804104421287775,0.4,0.6620856821127259,True,True,True,False
589ed7a19a2b1c5f5a90,representation,representation_disagreement,3283,636912476,16,5000,0.4,0.05,rbf,median,anytime,bonferroni,3,2,False,B_BETTER,272,True,False,False,0.00023812503786757588,0.4,0.6620856821127259,True,True,True,False
49ddc9148085899d8ac4,representation,representation_disagreement,3284,37314615,16,5000,0.4,0.05,rbf,median,anytime,bonferroni,3,2,False,B_BETTER,288,True,False,False,0.0002395409974269569,0.4,0.6458901399180805,True,True,True,False
fc47562fb826b4e411d6,representation,representation_disagreement,3285,2836832512,16,5000,0.4,0.05,rbf,median,anytime,bonferroni,3,2,False,B_BETTER,192,True,False,False,0.00023441697703674436,0.4,0.7694441991638782,True,True,True,False
ca716937a0f46832ee1a,representation,representation_disagreement,3286,1182957883,16,5000,0.4,0.05,rbf,median,anytime,bonferroni,3,2,False,B_BETTER,320,True,False,False,0.00024162500631064177,0.4,0.6170219115444305,True,True,True,False
b8a5ae1f2e2fd7669385,representation,representation_disagreement,3287,861731552,16,5000,0.4,0.05,rbf,median,anytime,bonferroni,3,2,False,B_BETTER,224,True,False,False,0.0002358339843340218,0.4,0.7200353639175696,True,True,True,False
0a015ec37f51e26aca2d,representation,representation_disagreement,3288,2569548306,16,5000,0.4,0.05,rbf,median,anytime,bonferroni,3,2,False,B_BETTER,224,True,False,False,0.000235249986872077,0.4,0.7200353639175696,True,True,True,False
a4a9ddebbad3b36a6046,representation,representation_disagreement,3289,4121398871,16,5000,0.4,0.05,rbf,median,anytime,bonferroni,3,2,False,B_BETTER,288,True,False,False,0.000238916021771729,0.4,0.6458901399180805,True,True,True,False
9d464229605ebc3f7ae8,representation,representation_disagreement,3290,2956686546,16,5000,0.4,0.05,rbf,median,anytime,bonferroni,3,2,False,B_BETTER,224,True,False,False,0.000252624973654747,0.4,0.7200353639175696,True,True,True,False
233c444feabf5715789e,representation,representation_disagreement,3291,1957650788,16,5000,0.4,0.05,rbf,median,anytime,bonferroni,3,2,False,B_BETTER,256,True,False,False,0.00023841700749471784,0.4,0.6796858875495522,True,True,True,False
08847df8e30c52f85607,representation,representation_disagreement,3292,1712136746,16,5000,0.4,0.05,rbf,median,anytime,bonferroni,3,2,False,B_BETTER,272,True,False,False,0.00023941596737131476,0.4,0.6620856821127258,True,True,True,False
072c83f732e4075a91ed,representation,representation_disagreement,3293,439997408,16,5000,0.4,0.05,rbf,median,anytime,bonferroni,3,2,False,B_BETTER,224,True,False,False,0.00024212495191022754,0.4,0.7200353639175696,True,True,True,False
5fed80fca087d0f9b833,representation,representation_disagreement,3294,1430933861,16,5000,0.4,0.05,rbf,median,anytime,bonferroni,3,2,False,B_BETTER,240,True,False,False,0.00023850001161918044,0.4,0.6989114228795754,True,True,True,False
92472770c92ec058adc3,representation,representation_disagreement,3295,721201617,16,5000,0.4,0.05,rbf,median,anytime,bonferroni,3,2,False,B_BETTER,208,True,False,False,0.00025333400117233396,0.4,0.7434004973451922,True,True,True,False
cf449c3271eaedb0971c,representation,representation_disagreement,3296,3170119210,16,5000,0.4,0.05,rbf,median,anytime,bonferroni,3,2,False,B_BETTER,256,True,False,False,0.0002555839600972831,0.4,0.6796858875495522,True,True,True,False
1675b67c0f796eb04383,representation,representation_disagreement,3297,4124321530,16,5000,0.4,0.05,rbf,median,anytime,bonferroni,3,2,False,B_BETTER,288,True,False,False,0.00024991697864606977,0.4,0.6458901399180805,True,True,True,False
7e45b63462ae25d5f84c,representation,representation_disagreement,3298,1334739709,16,5000,0.4,0.05,rbf,median,anytime,bonferroni,3,2,False,B_BETTER,240,True,False,False,0.0002462909906171262,0.4,0.6989114228795754,True,True,True,False
1259d02a773ec4ac5d13,representation,representation_disagreement,3299,577850625,16,5000,0.4,0.05,rbf,median,anytime,bonferroni,3,2,False,B_BETTER,224,True,False,False,0.0002609580405987799,0.4,0.7200353639175696,True,True,True,False
399e1c7923ee2335a747,representation,representation_disagreement,3300,3603319962,16,5000,0.4,0.05,rbf,median,anytime,bonferroni,3,2,False,B_BETTER,256,True,False,False,0.0002394579933024943,0.4,0.6796858875495522,True,True,True,False
1748ed49ee841ba14f8b,representation,representation_disagreement,3301,474162806,16,5000,0.4,0.05,rbf,median,anytime,bonferroni,3,2,False,B_BETTER,256,True,False,False,0.0002387089771218598,0.4,0.6796858875495522,True,True,True,False
589a11c7a87be8f031b5,representation,representation_disagreement,3302,2051376969,16,5000,0.4,0.05,rbf,median,anytime,bonferroni,3,2,False,B_BETTER,272,True,False,False,0.00023804203374311328,0.4,0.6620856821127258,True,True,True,False
c840c82e42d4162cd766,representation,representation_disagreement,3303,3365152540,16,5000,0.4,0.05,rbf,median,anytime,bonferroni,3,2,False,B_BETTER,240,True,False,False,0.0002364999963901937,0.4,0.6989114228795754,True,True,True,False
290b277d8735dc33e6d2,representation,representation_disagreement,3304,2443186446,16,5000,0.4,0.05,rbf,median,anytime,bonferroni,3,2,False,B_BETTER,272,True,False,False,0.00024154101265594363,0.4,0.6620856821127258,True,True,True,False
0f19cb3e822fc2bef856,representation,representation_disagreement,3305,2427845541,16,5000,0.4,0.05,rbf,median,anytime,bonferroni,3,2,False,B_BETTER,256,True,False,False,0.00023708294611424208,0.4,0.6796858875495522,True,True,True,False
95abe764c72dfc1a05b6,representation,representation_disagreement,3306,1047126732,16,5000,0.4,0.05,rbf,median,anytime,bonferroni,3,2,False,B_BETTER,272,True,False,False,0.00023700000019744039,0.4,0.6620856821127259,True,True,True,False
81af8c2e7c82cc7b5aca,representation,representation_disagreement,3307,2841777652,16,5000,0.4,0.05,rbf,median,anytime,bonferroni,3,2,False,B_BETTER,224,True,False,False,0.0002376250340603292,0.4,0.7200353639175696,True,True,True,False
60edfa7af59646b2c1a3,representation,representation_disagreement,3308,633760823,16,5000,0.4,0.05,rbf,median,anytime,bonferroni,3,2,False,B_BETTER,272,True,False,False,0.00023391604190692306,0.4,0.6620856821127257,True,True,True,False
34f0b131fc96a6640122,representation,representation_disagreement,3309,185459022,16,5000,0.4,0.05,rbf,median,anytime,bonferroni,3,2,False,B_BETTER,224,True,False,False,0.00019016599981114268,0.4,0.7200353639175696,True,True,True,False
2519c9a01dec5f2b4b9e,representation,representation_disagreement,3310,183879041,16,5000,0.4,0.05,rbf,median,anytime,bonferroni,3,2,False,B_BETTER,240,True,False,False,0.00018100003944709897,0.4,0.6989114228795754,True,True,True,False
74ae006d266080a110a7,representation,representation_disagreement,3311,3793884882,16,5000,0.4,0.05,rbf,median,anytime,bonferroni,3,2,False,B_BETTER,304,True,False,False,0.00018120900494977832,0.4,0.6309186896508341,True,True,True,False
3a4b06de550b6e579b18,representation,representation_disagreement,3312,4024883019,16,5000,0.4,0.05,rbf,median,anytime,bonferroni,3,2,False,B_BETTER,224,True,False,False,0.00017870799638330936,0.4,0.7200353639175696,True,True,True,False
a22d467671558c106655,representation,representation_disagreement,3313,3126368204,16,5000,0.4,0.05,rbf,median,anytime,bonferroni,3,2,False,B_BETTER,256,True,False,False,0.00017908297013491392,0.4,0.6796858875495522,True,True,True,False
6314acff7cc6fed5b17b,representation,representation_disagreement,3314,2772639743,16,5000,0.4,0.05,rbf,median,anytime,bonferroni,3,2,False,B_BETTER,240,True,False,False,0.00017775001469999552,0.4,0.6989114228795754,True,True,True,False
34dddc8920194aa477b3,representation,representation_disagreement,3315,703365679,16,5000,0.4,0.05,rbf,median,anytime,bonferroni,3,2,False,B_BETTER,240,True,False,False,0.0001770419767126441,0.4,0.6989114228795754,True,True,True,False
03ecc0a29ca2e4c0ec53,representation,representation_disagreement,3316,3182108057,16,5000,0.4,0.05,rbf,median,anytime,bonferroni,3,2,False,B_BETTER,256,True,False,False,0.0001776670105755329,0.4,0.6796858875495522,True,True,True,False
a12c4faa04183cf9729a,representation,representation_disagreement,3317,4260184777,16,5000,0.4,0.05,rbf,median,anytime,bonferroni,3,2,False,B_BETTER,208,True,False,False,0.00017629103967919946,0.4,0.7434004973451923,True,True,True,False
da704e0b4d9be50cd470,representation,representation_disagreement,3318,3140610853,16,5000,0.4,0.05,rbf,median,anytime,bonferroni,3,2,False,B_BETTER,240,True,False,False,0.0001771249808371067,0.4,0.6989114228795754,True,True,True,False
64c2a0e52b69389c0709,representation,representation_disagreement,3319,1446990697,16,5000,0.4,0.05,rbf,median,anytime,bonferroni,3,2,False,B_BETTER,208,True,False,False,0.00017645797925069928,0.4,0.7434004973451922,True,True,True,False
bedfacfe22bf10e78cfc,representation,representation_disagreement,3320,1086970697,16,5000,0.4,0.05,rbf,median,anytime,bonferroni,3,2,False,B_BETTER,256,True,False,False,0.0001770419767126441,0.4,0.6796858875495522,True,True,True,False
bbfceeeba8cfa4529de9,representation,representation_disagreement,3321,1681459261,16,5000,0.4,0.05,rbf,median,anytime,bonferroni,3,2,False,B_BETTER,240,True,False,False,0.0001769590307958424,0.4,0.6989114228795754,True,True,True,False
1b19fefc14762a0eb061,representation,representation_disagreement,3322,2760675739,16,5000,0.4,0.05,rbf,median,anytime,bonferroni,3,2,False,B_BETTER,240,True,False,False,0.00017908395966514945,0.4,0.6989114228795754,True,True,True,False
c1b61d5c32520c4882f2,representation,representation_disagreement,3323,2059111328,16,5000,0.4,0.05,rbf,median,anytime,bonferroni,3,2,False,B_BETTER,224,True,False,False,0.00017645902698859572,0.4,0.7200353639175696,True,True,True,False
ee1abd8ec5fac60090fc,representation,representation_disagreement,3324,375507817,16,5000,0.4,0.05,rbf,median,anytime,bonferroni,3,2,False,B_BETTER,272,True,False,False,0.0001776249846443534,0.4,0.6620856821127257,True,True,True,False
82674d3b1a9fcaec443f,representation,representation_disagreement,3325,721571132,16,5000,0.4,0.05,rbf,median,anytime,bonferroni,3,2,False,B_BETTER,240,True,False,False,0.00017691601533442736,0.4,0.6989114228795754,True,True,True,False
94e906d369e20fbf82ef,representation,representation_disagreement,3326,4276863915,16,5000,0.4,0.05,rbf,median,anytime,bonferroni,3,2,False,B_BETTER,256,True,False,False,0.00017737498274073005,0.4,0.6796858875495522,True,True,True,False
2dc444dfff6e63a6076b,representation,representation_disagreement,3327,3530377472,16,5000,0.4,0.05,rbf,median,anytime,bonferroni,3,2,False,B_BETTER,288,True,False,False,0.0001775420387275517,0.4,0.6458901399180805,True,True,True,False
11c188e997724f8db1b9,representation,representation_disagreement,3328,3516313386,16,5000,0.4,0.05,rbf,median,anytime,bonferroni,3,2,False,B_BETTER,256,True,False,False,0.00017804099479690194,0.4,0.6796858875495522,True,True,True,False
91807eca48defec30d1f,representation,representation_disagreement,3329,839721766,16,5000,0.4,0.05,rbf,median,anytime,bonferroni,3,2,False,B_BETTER,256,True,False,False,0.00017670798115432262,0.4,0.6796858875495522,True,True,True,False
d264b7c4568cf463115b,representation,representation_disagreement,3330,2826306259,16,5000,0.4,0.05,rbf,median,anytime,bonferroni,3,2,False,B_BETTER,240,True,False,False,0.00017679197480902076,0.4,0.6989114228795754,True,True,True,False
fd21d7cb1f21ce10364c,representation,representation_disagreement,3331,524952141,16,5000,0.4,0.05,rbf,median,anytime,bonferroni,3,2,False,B_BETTER,256,True,False,False,0.0001763750333338976,0.4,0.6796858875495522,True,True,True,False
130b178f430ec08c06f7,representation,representation_disagreement,3332,3137333833,16,5000,0.4,0.05,rbf,median,anytime,bonferroni,3,2,False,B_BETTER,288,True,False,False,0.00017837499035522342,0.4,0.6458901399180805,True,True,True,False
7cc8d1c2dcf655ef9380,representation,representation_disagreement,3333,1471728647,16,5000,0.4,0.05,rbf,median,anytime,bonferroni,3,2,False,B_BETTER,240,True,False,False,0.00017616600962355733,0.4,0.6989114228795754,True,True,True,False
11f3fb3a999eac2d97fb,representation,representation_disagreement,3334,904291760,16,5000,0.4,0.05,rbf,median,anytime,bonferroni,3,2,False,B_BETTER,208,True,False,False,0.00017487502191215754,0.4,0.7434004973451924,True,True,True,False
e7ea047b07558dd9ba35,representation,representation_disagreement,3335,1083052513,16,5000,0.4,0.05,rbf,median,anytime,bonferroni,3,2,False,B_BETTER,304,True,False,False,0.00017991696950048208,0.4,0.6309186896508341,True,True,True,False
0c1344485346992e057f,representation,representation_disagreement,3336,9546125,16,5000,0.4,0.05,rbf,median,anytime,bonferroni,3,2,False,B_BETTER,272,True,False,False,0.000177707988768816,0.4,0.6620856821127258,True,True,True,False
2c52c12f8a20ed5bf7c0,representation,representation_disagreement,3337,2847344653,16,5000,0.4,0.05,rbf,median,anytime,bonferroni,3,2,False,B_BETTER,240,True,False,False,0.00017604196909815073,0.4,0.6989114228795754,True,True,True,False
62bc6b6be4db825a2d10,representation,representation_disagreement,3338,1753360481,16,5000,0.4,0.05,rbf,median,anytime,bonferroni,3,2,False,B_BETTER,288,True,False,False,0.00017766602104529738,0.4,0.6458901399180805,True,True,True,False
08d23b0d2c8b57aac5ff,representation,representation_disagreement,3339,2938317954,16,5000,0.4,0.05,rbf,median,anytime,bonferroni,3,2,False,B_BETTER,240,True,False,False,0.00019595801131799817,0.4,0.6989114228795754,True,True,True,False
cdd3fd65e60c007c1d50,representation,representation_disagreement,3340,3198068288,16,5000,0.4,0.05,rbf,median,anytime,bonferroni,3,2,False,B_BETTER,224,True,False,False,0.00020395801402628422,0.4,0.7200353639175696,True,True,True,False
04508add6da923d03615,representation,representation_disagreement,3341,1714808883,16,5000,0.4,0.05,rbf,median,anytime,bonferroni,3,2,False,B_BETTER,224,True,False,False,0.00020516698714345694,0.4,0.7200353639175696,True,True,True,False
7d06cdf160b419727570,representation,representation_disagreement,3342,3752571243,16,5000,0.4,0.05,rbf,median,anytime,bonferroni,3,2,False,B_BETTER,208,True,False,False,0.00020304101053625345,0.4,0.7434004973451923,True,True,True,False
d4d7dc7d3d2fb65ece5e,representation,representation_disagreement,3343,1530998774,16,5000,0.4,0.05,rbf,median,anytime,bonferroni,3,2,False,B_BETTER,240,True,False,False,0.00020533299539238214,0.4,0.6989114228795754,True,True,True,False
f86c945da91514f82c5c,representation,representation_disagreement,3344,4222739533,16,5000,0.4,0.05,rbf,median,anytime,bonferroni,3,2,False,B_BETTER,256,True,False,False,0.00021104200277477503,0.4,0.6796858875495522,True,True,True,False
54af8dc07de11b7fc32c,representation,representation_disagreement,3345,345596386,16,5000,0.4,0.05,rbf,median,anytime,bonferroni,3,2,False,B_BETTER,256,True,False,False,0.0002054170472547412,0.4,0.6796858875495522,True,True,True,False
29cd505495c2488930d6,representation,representation_disagreement,3346,3681747205,16,5000,0.4,0.05,rbf,median,anytime,bonferroni,3,2,False,B_BETTER,256,True,False,False,0.00020570895867422223,0.4,0.6796858875495522,True,True,True,False
9085bff356f0b5fe0423,representation,representation_disagreement,3347,4255607689,16,5000,0.4,0.05,rbf,median,anytime,bonferroni,3,2,False,B_BETTER,304,True,False,False,0.00020758400205522776,0.4,0.6309186896508341,True,True,True,False
028cd01ffe099b84fdde,representation,representation_disagreement,3348,3030401059,16,5000,0.4,0.05,rbf,median,anytime,bonferroni,3,2,False,B_BETTER,256,True,False,False,0.0002050419570878148,0.4,0.6796858875495522,True,True,True,False
62dce9b28f9c046a8a1f,representation,representation_disagreement,3349,772766965,16,5000,0.4,0.05,rbf,median,anytime,bonferroni,3,2,False,B_BETTER,208,True,False,False,0.00020454201148822904,0.4,0.7434004973451923,True,True,True,False
841f20de2ad279718a43,representation,representation_disagreement,3350,505984153,16,5000,0.4,0.05,rbf,median,anytime,bonferroni,3,2,False,B_BETTER,208,True,False,False,0.00020395801402628422,0.4,0.7434004973451923,True,True,True,False
d84667a5af01fe3aa7eb,representation,representation_disagreement,3351,3640635405,16,5000,0.4,0.05,rbf,median,anytime,bonferroni,3,2,False,B_BETTER,224,True,False,False,0.00020429096184670925,0.4,0.7200353639175696,True,True,True,False
db79e0bbd9159ba2f8b3,representation,representation_disagreement,3352,3045133840,16,5000,0.4,0.05,rbf,median,anytime,bonferroni,3,2,False,B_BETTER,240,True,False,False,0.00021829199977219105,0.4,0.6989114228795754,True,True,True,False
8a51e31ab797faf5efc8,representation,representation_disagreement,3353,822316181,16,5000,0.4,0.05,rbf,median,anytime,bonferroni,3,2,False,B_BETTER,224,True,False,False,0.00021895795362070203,0.4,0.7200353639175696,True,True,True,False
b137fd04ccaca8c3a74d,representation,representation_disagreement,3354,2879026284,16,5000,0.4,0.05,rbf,median,anytime,bonferroni,3,2,False,B_BETTER,256,True,False,False,0.0002060420229099691,0.4,0.6796858875495522,True,True,True,False
b95b4a4ee25a42e0d971,representation,representation_disagreement,3355,1386248426,16,5000,0.4,0.05,rbf,median,anytime,bonferroni,3,2,False,B_BETTER,288,True,False,False,0.00020691700046882033,0.4,0.6458901399180805,True,True,True,False
d00eb8664fef7f26f0b2,representation,representation_disagreement,3356,3163207467,16,5000,0.4,0.05,rbf,median,anytime,bonferroni,3,2,False,B_BETTER,272,True,False,False,0.00020758301252499223,0.4,0.6620856821127257,True,True,True,False
014dd790ad71efd4492f,representation,representation_disagreement,3357,354436393,16,5000,0.4,0.05,rbf,median,anytime,bonferroni,3,2,False,B_BETTER,240,True,False,False,0.0002062499988824129,0.4,0.6989114228795754,True,True,True,False
143164acef0fe2853231,representation,representation_disagreement,3358,609026297,16,5000,0.4,0.05,rbf,median,anytime,bonferroni,3,2,False,B_BETTER,288,True,False,False,0.00020654196850955486,0.4,0.6458901399180805,True,True,True,False
d4411906cec154eeba3a,representation,representation_disagreement,3359,2538890568,16,5000,0.4,0.05,rbf,median,anytime,bonferroni,3,2,False,B_BETTER,240,True,False,False,0.00020466599380597472,0.4,0.6989114228795754,True,True,True,False
b5b6b4c8dda4d614a0e9,representation,representation_disagreement,3360,1492278417,16,5000,0.4,0.05,rbf,median,anytime,bonferroni,3,2,False,B_BETTER,256,True,False,False,0.00020474998746067286,0.4,0.6796858875495522,True,True,True,False
9d2ae212850daed4fc92,representation,representation_disagreement,3361,3229672843,16,5000,0.4,0.05,rbf,median,anytime,bonferroni,3,2,False,B_BETTER,304,True,False,False,0.00020825001411139965,0.4,0.6309186896508341,True,True,True,False
39df4dc1f5fe09630a22,representation,representation_disagreement,3362,38192493,16,5000,0.4,0.05,rbf,median,anytime,bonferroni,3,2,False,B_BETTER,256,True,False,False,0.00020391703583300114,0.4,0.6796858875495522,True,True,True,False
c948d9f9f4623f020bc6,representation,representation_disagreement,3363,390716476,16,5000,0.4,0.05,rbf,median,anytime,bonferroni,3,2,False,B_BETTER,192,True,False,False,0.00020337494788691401,0.4,0.7694441991638783,True,True,True,False
fcd2fddf69cabdabc439,representation,representation_disagreement,3364,1439694056,16,5000,0.4,0.05,rbf,median,anytime,bonferroni,3,2,False,B_BETTER,192,True,False,False,0.00020308297825977206,0.4,0.7694441991638783,True,True,True,False
392021f642676f574d07,representation,representation_disagreement,3365,1559677038,16,5000,0.4,0.05,rbf,median,anytime,bonferroni,3,2,False,B_BETTER,256,True,False,False,0.00021091598318889737,0.4,0.6796858875495522,True,True,True,False
504e7e2daedf38db06b4,representation,representation_disagreement,3366,2248694348,16,5000,0.4,0.05,rbf,median,anytime,bonferroni,3,2,False,B_BETTER,240,True,False,False,0.00020520901307463646,0.4,0.6989114228795754,True,True,True,False
fb8a93375ab4d0beece5,representation,representation_disagreement,3367,870906130,16,5000,0.4,0.05,rbf,median,anytime,bonferroni,3,2,False,B_BETTER,224,True,False,False,0.00020345801021903753,0.4,0.7200353639175696,True,True,True,False
abc6783812179416ce87,representation,representation_disagreement,3368,1224084013,16,5000,0.4,0.05,rbf,median,anytime,bonferroni,3,2,False,B_BETTER,176,True,False,False,0.00020229199435561895,0.4,0.7987351700636655,True,True,True,False
80698fe104f6c6f69abf,representation,representation_disagreement,3369,3422735198,16,5000,0.4,0.05,rbf,median,anytime,bonferroni,3,2,False,B_BETTER,256,True,False,False,0.00020520802354440093,0.4,0.6796858875495522,True,True,True,False
5229a906e794308c8e68,representation,representation_disagreement,3370,2655402321,16,5000,0.4,0.05,rbf,median,anytime,bonferroni,3,2,False,B_BETTER,240,True,False,False,0.00020529195899143815,0.4,0.6989114228795754,True,True,True,False
3b464cb373cedbd3c71d,representation,representation_disagreement,3371,2183577511,16,5000,0.4,0.05,rbf,median,anytime,bonferroni,3,2,False,B_BETTER,288,True,False,False,0.00020716595463454723,0.4,0.6458901399180805,True,True,True,False
d551dff091a1879b001f,representation,representation_disagreement,3372,3628447656,16,5000,0.4,0.05,rbf,median,anytime,bonferroni,3,2,False,B_BETTER,272,True,False,False,0.00020545802544802427,0.4,0.6620856821127259,True,True,True,False
b19500a211b8f4c8164e,representation,representation_disagreement,3373,3248589642,16,5000,0.4,0.05,rbf,median,anytime,bonferroni,3,2,False,B_BETTER,256,True,False,False,0.00020725000649690628,0.4,0.6796858875495522,True,True,True,False
3360b16ba4b44eeec9d3,representation,representation_disagreement,3374,3099783395,16,5000,0.4,0.05,rbf,median,anytime,bonferroni,3,2,False,B_BETTER,224,True,False,False,0.00020366697572171688,0.4,0.7200353639175696,True,True,True,False
bbeffb914fc848a5189f,representation,representation_disagreement,3375,3930923363,16,5000,0.4,0.05,rbf,median,anytime,bonferroni,3,2,False,B_BETTER,224,True,False,False,0.00020424998365342617,0.4,0.7200353639175696,True,True,True,False
f947eb216e565b199a8a,representation,representation_disagreement,3376,2194524155,16,5000,0.4,0.05,rbf,median,anytime,bonferroni,3,2,False,B_BETTER,288,True,False,False,0.000205625023227185,0.4,0.6458901399180805,True,True,True,False
c44032ae2178e65bb1d8,representation,representation_disagreement,3377,2483214078,16,5000,0.4,0.05,rbf,median,anytime,bonferroni,3,2,False,B_BETTER,272,True,False,False,0.0002060420229099691,0.4,0.6620856821127257,True,True,True,False
04f3b5411b3bcbe39c14,representation,representation_disagreement,3378,589332312,16,5000,0.4,0.05,rbf,median,anytime,bonferroni,3,2,False,B_BETTER,256,True,False,False,0.00020483304979279637,0.4,0.6796858875495522,True,True,True,False
3c410eee3e951dc252ea,representation,representation_disagreement,3379,2932137214,16,5000,0.4,0.05,rbf,median,anytime,bonferroni,3,2,False,B_BETTER,256,True,False,False,0.00020591699285432696,0.4,0.6796858875495522,True,True,True,False
227a22d437f8e296193f,representation,representation_disagreement,3380,1669566003,16,5000,0.4,0.05,rbf,median,anytime,bonferroni,3,2,False,B_BETTER,272,True,False,False,0.00020587496692314744,0.4,0.6620856821127259,True,True,True,False
d2a07923f72c505ea999,representation,representation_disagreement,3381,654741026,16,5000,0.4,0.05,rbf,median,anytime,bonferroni,3,2,False,B_BETTER,256,True,False,False,0.00020525004947558045,0.4,0.6796858875495522,True,True,True,False
06f59086c2edacfe4492,representation,representation_disagreement,3382,255598578,16,5000,0.4,0.05,rbf,median,anytime,bonferroni,3,2,False,B_BETTER,256,True,False,False,0.00020583398872986436,0.4,0.6796858875495522,True,True,True,False
8cf751be2a41e6e458bb,representation,representation_disagreement,3383,1146839128,16,5000,0.4,0.05,rbf,median,anytime,bonferroni,3,2,False,B_BETTER,272,True,False,False,0.00020616600522771478,0.4,0.6620856821127259,True,True,True,False
e6b612808c1454316c45,representation,representation_disagreement,3384,2080519423,16,5000,0.4,0.05,rbf,median,anytime,bonferroni,3,2,False,B_BETTER,176,True,False,False,0.00020175002282485366,0.4,0.7987351700636653,True,True,True,False
a129de28022ab804fb85,representation,representation_disagreement,3385,3553098081,16,5000,0.4,0.05,rbf,median,anytime,bonferroni,3,2,False,B_BETTER,304,True,False,False,0.00020733301062136889,0.4,0.6309186896508341,True,True,True,False
54a04522fd7ead516474,representation,representation_disagreement,3386,2037337487,16,5000,0.4,0.05,rbf,median,anytime,bonferroni,3,2,False,B_BETTER,208,True,False,False,0.0002073749783448875,0.4,0.7434004973451923,True,True,True,False
5bed17d228c56b654233,representation,representation_disagreement,3387,462872478,16,5000,0.4,0.05,rbf,median,anytime,bonferroni,3,2,False,B_BETTER,288,True,False,False,0.00020783301442861557,0.4,0.6458901399180805,True,True,True,False
7d48d601459d685bda86,representation,representation_disagreement,3388,2063640897,16,5000,0.4,0.05,rbf,median,anytime,bonferroni,3,2,False,B_BETTER,320,True,False,False,0.00020820798818022013,0.4,0.6170219115444305,True,True,True,False
db915c7b340efd7d2ee2,representation,representation_disagreement,3389,4215642255,16,5000,0.4,0.05,rbf,median,anytime,bonferroni,3,2,False,B_BETTER,224,True,False,False,0.00020441599190235138,0.4,0.7200353639175696,True,True,True,False
58ac41b6df3e5ac0cf19,representation,representation_disagreement,3390,3511635355,16,5000,0.4,0.05,rbf,median,anytime,bonferroni,3,2,False,B_BETTER,272,True,False,False,0.0002049999893642962,0.4,0.6620856821127258,True,True,True,False
21bb7af16aa6ea8355e9,representation,representation_disagreement,3391,359903260,16,5000,0.4,0.05,rbf,median,anytime,bonferroni,3,2,False,B_BETTER,240,True,False,False,0.00020479201339185238,0.4,0.6989114228795754,True,True,True,False
0ae0a2e0115cb89aa07c,representation,representation_disagreement,3392,4266034792,16,5000,0.4,0.05,rbf,median,anytime,bonferroni,3,2,False,B_BETTER,288,True,False,False,0.0002073749783448875,0.4,0.6458901399180805,True,True,True,False
3c884fbab1103b2fd7a6,representation,representation_disagreement,3393,3219289779,16,5000,0.4,0.05,rbf,median,anytime,bonferroni,3,2,False,B_BETTER,272,True,False,False,0.0002067919704131782,0.4,0.6620856821127258,True,True,True,False
5de6fc2c1294cbf1d357,representation,representation_disagreement,3394,365723688,16,5000,0.4,0.05,rbf,median,anytime,bonferroni,3,2,False,B_BETTER,224,True,False,False,0.000203833042178303,0.4,0.7200353639175696,True,True,True,False
6b289a384979c63aa0bb,representation,representation_disagreement,3395,2301746534,16,5000,0.4,0.05,rbf,median,anytime,bonferroni,3,2,False,B_BETTER,288,True,False,False,0.00020704197231680155,0.4,0.6458901399180805,True,True,True,False
93c0c4c8a8c61a34e619,representation,representation_disagreement,3396,3088080187,16,5000,0.4,0.05,rbf,median,anytime,bonferroni,3,2,False,B_BETTER,208,True,False,False,0.0002043750137090683,0.4,0.7434004973451923,True,True,True,False
9813dd85ee54bcfd7828,representation,representation_disagreement,3397,854727792,16,5000,0.4,0.05,rbf,median,anytime,bonferroni,3,2,False,B_BETTER,240,True,False,False,0.000206666998565197,0.4,0.6989114228795754,True,True,True,False
c0d8d4046e31f66076ef,representation,representation_disagreement,3398,624761108,16,5000,0.4,0.05,rbf,median,anytime,bonferroni,3,2,False,B_BETTER,240,True,False,False,0.00020524999126791954,0.4,0.6989114228795754,True,True,True,False
6d6de49fe8320f719f33,representation,representation_disagreement,3399,2823881012,16,5000,0.4,0.05,rbf,median,anytime,bonferroni,3,2,False,B_BETTER,224,True,False,False,0.00020495796343311667,0.4,0.7200353639175696,True,True,True,False
9c38786d617716f57dfd,representation,representation_disagreement,3400,569161687,16,5000,0.4,0.05,rbf,median,anytime,bonferroni,3,2,False,B_BETTER,224,True,False,False,0.00020470801973715425,0.4,0.7200353639175696,True,True,True,False
a3bcf2ce12e5f6e87ebf,representation,representation_disagreement,3401,704973319,16,5000,0.4,0.05,rbf,median,anytime,bonferroni,3,2,False,B_BETTER,240,True,False,False,0.00020487501751631498,0.4,0.6989114228795754,True,True,True,False
3bb8174af1169e3b4afa,representation,representation_disagreement,3402,4291574616,16,5000,0.4,0.05,rbf,median,anytime,bonferroni,3,2,False,B_BETTER,224,True,False,False,0.00020433298777788877,0.4,0.7200353639175696,True,True,True,False
1a54e6ce0eb97cd866a9,representation,representation_disagreement,3403,2576797875,16,5000,0.4,0.05,rbf,median,anytime,bonferroni,3,2,False,B_BETTER,224,True,False,False,0.0002032499760389328,0.4,0.7200353639175696,True,True,True,False
3e5176abc032ffecfea3,representation,representation_disagreement,3404,759546276,16,5000,0.4,0.05,rbf,median,anytime,bonferroni,3,2,False,B_BETTER,240,True,False,False,0.00020462501561269164,0.4,0.6989114228795754,True,True,True,False
7e3d31ff2a862cf02c0a,representation,representation_disagreement,3405,1333749367,16,5000,0.4,0.05,rbf,median,anytime,bonferroni,3,2,False,B_BETTER,272,True,False,False,0.00020595797104761004,0.4,0.6620856821127259,True,True,True,False
3cb4bc169fd83032b730,representation,representation_disagreement,3406,541541450,16,5000,0.4,0.05,rbf,median,anytime,bonferroni,3,2,False,B_BETTER,240,True,False,False,0.00020508404122665524,0.4,0.6989114228795754,True,True,True,False
02a2a91a20371445b024,representation,representation_disagreement,3407,83676234,16,5000,0.4,0.05,rbf,median,anytime,bonferroni,3,2,False,B_BETTER,272,True,False,False,0.0002075409865938127,0.4,0.6620856821127257,True,True,True,False
e8cb418240f35b5eb50d,representation,representation_disagreement,3408,939804076,16,5000,0.4,0.05,rbf,median,anytime,bonferroni,3,2,False,B_BETTER,240,True,False,False,0.000208458979614079,0.4,0.6989114228795754,True,True,True,False
676c7f2f4365efbab434,representation,representation_disagreement,3409,2339019936,16,5000,0.4,0.05,rbf,median,anytime,bonferroni,3,2,False,B_BETTER,288,True,False,False,0.00020716700237244368,0.4,0.6458901399180805,True,True,True,False
4eedbae16809a194d281,representation,representation_disagreement,3410,680047363,16,5000,0.4,0.05,rbf,median,anytime,bonferroni,3,2,False,B_BETTER,304,True,False,False,0.00020808400586247444,0.4,0.6309186896508341,True,True,True,False
362edc9e55805d596398,representation,representation_disagreement,3411,1256529884,16,5000,0.4,0.05,rbf,median,anytime,bonferroni,3,2,False,B_BETTER,256,True,False,False,0.00020433298777788877,0.4,0.6796858875495522,True,True,True,False
4b5b24f0ef30aa47bceb,representation,representation_disagreement,3412,2694181355,16,5000,0.4,0.05,rbf,median,anytime,bonferroni,3,2,False,B_BETTER,240,True,False,False,0.0002050419570878148,0.4,0.6989114228795754,True,True,True,False
bf5aacdb51c7f0397c95,representation,representation_disagreement,3413,1781941462,16,5000,0.4,0.05,rbf,median,anytime,bonferroni,3,2,False,B_BETTER,256,True,False,False,0.0002038750099018216,0.4,0.6796858875495522,True,True,True,False
7fc7f136d504944679c9,representation,representation_disagreement,3414,3130840938,16,5000,0.4,0.05,rbf,median,anytime,bonferroni,3,2,False,B_BETTER,256,True,False,False,0.00020416697952896357,0.4,0.6796858875495522,True,True,True,False
33147305595e1333ba6f,representation,representation_disagreement,3415,1843842907,16,5000,0.4,0.05,rbf,median,anytime,bonferroni,3,2,False,B_BETTER,288,True,False,False,0.00020608300110325217,0.4,0.6458901399180805,True,True,True,False
b8a99f48ed984aafaf7e,representation,representation_disagreement,3416,1685753333,16,5000,0.4,0.05,rbf,median,anytime,bonferroni,3,2,False,B_BETTER,336,True,False,False,0.00020933302585035563,0.4,0.60407492330224,True,True,True,False
d435e1c14ce4f1ddcb63,representation,representation_disagreement,3417,3152184771,16,5000,0.4,0.05,rbf,median,anytime,bonferroni,3,2,False,B_BETTER,240,True,False,False,0.00020458298968151212,0.4,0.6989114228795754,True,True,True,False
4bbe41bbf44a89d17a83,representation,representation_disagreement,3418,2855459484,16,5000,0.4,0.05,rbf,median,anytime,bonferroni,3,2,False,B_BETTER,288,True,False,False,0.00020820798818022013,0.4,0.6458901399180805,True,True,True,False
d2c228a6b0606b22bd2a,representation,representation_disagreement,3419,922547068,16,5000,0.4,0.05,rbf,median,anytime,bonferroni,3,2,False,B_BETTER,256,True,False,False,0.00020470796152949333,0.4,0.6796858875495522,True,True,True,False
0bb794ab4ad7e297a35b,representation,representation_disagreement,3420,1561441021,16,5000,0.4,0.05,rbf,median,anytime,bonferroni,3,2,False,B_BETTER,224,True,False,False,0.00020345801021903753,0.4,0.7200353639175696,True,True,True,False
ca13557417619f99b2ae,representation,representation_disagreement,3421,3659097871,16,5000,0.4,0.05,rbf,median,anytime,bonferroni,3,2,False,B_BETTER,256,True,False,False,0.00020487501751631498,0.4,0.6796858875495522,True,True,True,False
cfa17c055bb1e763fa99,representation,representation_disagreement,3422,1441118278,16,5000,0.4,0.05,rbf,median,anytime,bonferroni,3,2,False,B_BETTER,208,True,False,False,0.00020395900355651975,0.4,0.7434004973451924,True,True,True,False
27fb0c2587a90e321605,representation,representation_disagreement,3423,329146053,16,5000,0.4,0.05,rbf,median,anytime,bonferroni,3,2,False,B_BETTER,224,True,False,False,0.00020491599570959806,0.4,0.7200353639175696,True,True,True,False
27cb227deb1d42424d82,representation,representation_disagreement,3424,785034632,16,5000,0.4,0.05,rbf,median,anytime,bonferroni,3,2,False,B_BETTER,256,True,False,False,0.00020508404122665524,0.4,0.6796858875495522,True,True,True,False
5cebce0d5aa577d8306e,representation,representation_disagreement,3425,885862803,16,5000,0.4,0.05,rbf,median,anytime,bonferroni,3,2,False,B_BETTER,288,True,False,False,0.00020674994448199868,0.4,0.6458901399180805,True,True,True,False
0bb3e44cf23ad5d56bbe,representation,representation_disagreement,3426,1636520443,16,5000,0.4,0.05,rbf,median,anytime,bonferroni,3,2,False,B_BETTER,224,True,False,False,0.00020399998174980283,0.4,0.7200353639175696,True,True,True,False
7927adb4ae212872d533,representation,representation_disagreement,3427,1427883906,16,5000,0.4,0.05,rbf,median,anytime,bonferroni,3,2,False,B_BETTER,336,True,False,False,0.00020887498976662755,0.4,0.60407492330224,True,True,True,False
bcc87de233720ee527fa,representation,representation_disagreement,3428,2447980252,16,5000,0.4,0.05,rbf,median,anytime,bonferroni,3,2,False,B_BETTER,224,True,False,False,0.0002030839677900076,0.4,0.7200353639175696,True,True,True,False
92929f61b90a517f51fc,representation,representation_disagreement,3429,4036790243,16,5000,0.4,0.05,rbf,median,anytime,bonferroni,3,2,False,B_BETTER,224,True,False,False,0.00020770804258063436,0.4,0.7200353639175696,True,True,True,False
59f023a3590d786ff82e,representation,representation_disagreement,3430,369623839,16,5000,0.4,0.05,rbf,median,anytime,bonferroni,3,2,False,B_BETTER,224,True,False,False,0.0002038329839706421,0.4,0.7200353639175696,True,True,True,False
93561e1995455f230318,representation,representation_disagreement,3431,2989818413,16,5000,0.4,0.05,rbf,median,anytime,bonferroni,3,2,False,B_BETTER,224,True,False,False,0.00020416697952896357,0.4,0.7200353639175696,True,True,True,False
90da01d735583dc44a38,representation,representation_disagreement,3432,1361057798,16,5000,0.4,0.05,rbf,median,anytime,bonferroni,3,2,False,B_BETTER,256,True,False,False,0.00020524999126791954,0.4,0.6796858875495522,True,True,True,False
c34dbbe303b3f065ad68,representation,representation_disagreement,3433,2601809173,16,5000,0.4,0.05,rbf,median,anytime,bonferroni,3,2,False,B_BETTER,224,True,False,False,0.00020295899594202638,0.4,0.7200353639175696,True,True,True,False
00313931d1b7634252f8,representation,representation_disagreement,3434,4005723979,16,5000,0.4,0.05,rbf,median,anytime,bonferroni,3,2,False,B_BETTER,272,True,False,False,0.00020587496692314744,0.4,0.6620856821127258,True,True,True,False
8e06783790cc652f9eb1,representation,representation_disagreement,3435,1134937749,16,5000,0.4,0.05,rbf,median,anytime,bonferroni,3,2,False,B_BETTER,272,True,False,False,0.00020637502893805504,0.4,0.6620856821127259,True,True,True,False
7ea344fb2db2a8f40e6d,representation,representation_disagreement,3436,2592863340,16,5000,0.4,0.05,rbf,median,anytime,bonferroni,3,2,False,B_BETTER,208,True,False,False,0.00020395900355651975,0.4,0.7434004973451923,True,True,True,False
ac77208c4efd035eaae9,representation,representation_disagreement,3437,784739026,16,5000,0.4,0.05,rbf,median,anytime,bonferroni,3,2,False,B_BETTER,304,True,False,False,0.00020775001030415297,0.4,0.6309186896508341,True,True,True,False
f95049f28788736d95a9,representation,representation_disagreement,3438,633698535,16,5000,0.4,0.05,rbf,median,anytime,bonferroni,3,2,False,B_BETTER,192,True,False,False,0.000203415984287858,0.4,0.7694441991638782,True,True,True,False
33998c837e4a72343498,representation,representation_disagreement,3439,255153794,16,5000,0.4,0.05,rbf,median,anytime,bonferroni,3,2,False,B_BETTER,224,True,False,False,0.00020370801212266088,0.4,0.7200353639175696,True,True,True,False
39ac558d20142b9d4e66,representation,representation_disagreement,3440,2611931128,16,5000,0.4,0.05,rbf,median,anytime,bonferroni,3,2,False,B_BETTER,256,True,False,False,0.00020695803686976433,0.4,0.6796858875495522,True,True,True,False
068e594c3f67d24d1cab,representation,representation_disagreement,3441,2116020749,16,5000,0.4,0.05,rbf,median,anytime,bonferroni,3,2,False,B_BETTER,352,True,False,False,0.00020933302585035563,0.4,0.5919724096504785,True,True,True,False
8419fe38ed6b7118e57a,representation,representation_disagreement,3442,3770554931,16,5000,0.4,0.05,rbf,median,anytime,bonferroni,3,2,False,B_BETTER,240,True,False,False,0.00020579103147611022,0.4,0.6989114228795754,True,True,True,False
ff72a6d77112a400e0df,representation,representation_disagreement,3443,1044247837,16,5000,0.4,0.05,rbf,median,anytime,bonferroni,3,2,False,B_BETTER,208,True,False,False,0.0002033329801633954,0.4,0.7434004973451923,True,True,True,False
4fef240a10e64c0ba8f9,representation,representation_disagreement,3444,597379325,16,5000,0.4,0.05,rbf,median,anytime,bonferroni,3,2,False,B_BETTER,256,True,False,False,0.00020479102386161685,0.4,0.6796858875495522,True,True,True,False
b065190043622b549875,representation,representation_disagreement,3445,3466903825,16,5000,0.4,0.05,rbf,median,anytime,bonferroni,3,2,False,B_BETTER,256,True,False,False,0.00020770804258063436,0.4,0.6796858875495522,True,True,True,False
5e104baaf40e97b69419,representation,representation_disagreement,3446,2709884908,16,5000,0.4,0.05,rbf,median,anytime,bonferroni,3,2,False,B_BETTER,256,True,False,False,0.0002067919704131782,0.4,0.6796858875495522,True,True,True,False
f41038958cfae0d86fdc,representation,representation_disagreement,3447,531768353,16,5000,0.4,0.05,rbf,median,anytime,bonferroni,3,2,False,B_BETTER,272,True,False,False,0.00020658300491049886,0.4,0.6620856821127257,True,True,True,False
3093e3d4b5170bb2fd32,representation,representation_disagreement,3448,3043923439,16,5000,0.4,0.05,rbf,median,anytime,bonferroni,3,2,False,B_BETTER,224,True,False,False,0.0002043750137090683,0.4,0.7200353639175696,True,True,True,False
23ee947813181b988129,representation,representation_disagreement,3449,2411729840,16,5000,0.4,0.05,rbf,median,anytime,bonferroni,3,2,False,B_BETTER,256,True,False,False,0.0002049999893642962,0.4,0.6796858875495522,True,True,True,False
5e406d6dc97009048775,representation,representation_disagreement,3450,645562376,16,5000,0.4,0.05,rbf,median,anytime,bonferroni,3,2,False,B_BETTER,272,True,False,False,0.00020941701950505376,0.4,0.6620856821127257,True,True,True,False
5cd19ae0e85c7ef3d611,representation,representation_disagreement,3451,2774967570,16,5000,0.4,0.05,rbf,median,anytime,bonferroni,3,2,False,B_BETTER,256,True,False,False,0.0002037500380538404,0.4,0.6796858875495522,True,True,True,False
5fc3944d95bf7ec76e88,representation,representation_disagreement,3452,2079808516,16,5000,0.4,0.05,rbf,median,anytime,bonferroni,3,2,False,B_BETTER,272,True,False,False,0.00020591699285432696,0.4,0.6620856821127257,True,True,True,False
371f4508b1ea4bad9e51,representation,representation_disagreement,3453,1690928365,16,5000,0.4,0.05,rbf,median,anytime,bonferroni,3,2,False,B_BETTER,256,True,False,False,0.00020549999317154288,0.4,0.6796858875495522,True,True,True,False
0d9c71117e54366b2e0f,representation,representation_disagreement,3454,54366069,16,5000,0.4,0.05,rbf,median,anytime,bonferroni,3,2,False,B_BETTER,256,True,False,False,0.00018925004405900836,0.4,0.6796858875495522,True,True,True,False
307aad578d17aa3df701,representation,representation_disagreement,3455,755642877,16,5000,0.4,0.05,rbf,median,anytime,bonferroni,3,2,False,B_BETTER,256,True,False,False,0.00017683400074020028,0.4,0.6796858875495522,True,True,True,False
5c3643c32978b108299c,representation,representation_disagreement,3456,663956521,16,5000,0.4,0.05,rbf,median,anytime,bonferroni,3,2,False,B_BETTER,272,True,False,False,0.00017708400264382362,0.4,0.6620856821127258,True,True,True,False
cb6f37ac5f469ec215f7,representation,representation_disagreement,3457,225286970,16,5000,0.4,0.05,rbf,median,anytime,bonferroni,3,2,False,B_BETTER,256,True,False,False,0.00017679197480902076,0.4,0.6796858875495522,True,True,True,False
dd3af7608d43e6f3ed96,representation,representation_disagreement,3458,4070953929,16,5000,0.4,0.05,rbf,median,anytime,bonferroni,3,2,False,B_BETTER,304,True,False,False,0.00017795903841033578,0.4,0.6309186896508341,True,True,True,False
6be1db950fe159d1ce13,representation,representation_disagreement,3459,368018759,16,5000,0.4,0.05,rbf,median,anytime,bonferroni,3,2,False,B_BETTER,256,True,False,False,0.00017625000327825546,0.4,0.6796858875495522,True,True,True,False
448c1ff801a84ab47c32,representation,representation_disagreement,3460,1232748692,16,5000,0.4,0.05,rbf,median,anytime,bonferroni,3,2,False,B_BETTER,256,True,False,False,0.00017654098337516189,0.4,0.6796858875495522,True,True,True,False
96bae7073b6307146a32,representation,representation_disagreement,3461,4150384898,16,5000,0.4,0.05,rbf,median,anytime,bonferroni,3,2,False,B_BETTER,256,True,False,False,0.0001764589687809348,0.4,0.6796858875495522,True,True,True,False
dd5568547f64d68fda31,representation,representation_disagreement,3462,1319415442,16,5000,0.4,0.05,rbf,median,anytime,bonferroni,3,2,False,B_BETTER,320,True,False,False,0.00017916702199727297,0.4,0.6170219115444305,True,True,True,False
73a04b2eea58697c309a,representation,representation_disagreement,3463,1205008990,16,5000,0.4,0.05,rbf,median,anytime,bonferroni,3,2,False,B_BETTER,272,True,False,False,0.00017816602485254407,0.4,0.6620856821127257,True,True,True,False
6de2c60f5e4af4bc1c21,representation,representation_disagreement,3464,794387327,16,5000,0.4,0.05,rbf,median,anytime,bonferroni,3,2,False,B_BETTER,272,True,False,False,0.00017737498274073005,0.4,0.6620856821127257,True,True,True,False
4eb35e98e5ced4895c6c,representation,representation_disagreement,3465,342383153,16,5000,0.4,0.05,rbf,median,anytime,bonferroni,3,2,False,B_BETTER,288,True,False,False,0.00017775001469999552,0.4,0.6458901399180805,True,True,True,False
ab23c96733755ed617c6,representation,representation_disagreement,3466,4058996214,16,5000,0.4,0.05,rbf,median,anytime,bonferroni,3,2,False,B_BETTER,240,True,False,False,0.00017620797734707594,0.4,0.6989114228795754,True,True,True,False
2c31ca73025e9b249525,representation,representation_disagreement,3467,3151142127,16,5000,0.4,0.05,rbf,median,anytime,bonferroni,3,2,False,B_BETTER,224,True,False,False,0.00017608300549909472,0.4,0.7200353639175696,True,True,True,False
cc7372bf3605082eae8b,representation,representation_disagreement,3468,2335759505,16,5000,0.4,0.05,rbf,median,anytime,bonferroni,3,2,False,B_BETTER,256,True,False,False,0.00017633300740271807,0.4,0.6796858875495522,True,True,True,False
58d7fe84eaaf1f5f341e,representation,representation_disagreement,3469,1194391156,16,5000,0.4,0.05,rbf,median,anytime,bonferroni,3,2,False,B_BETTER,240,True,False,False,0.00017583300359547138,0.4,0.6989114228795754,True,True,True,False
3f76a4b392b1c215e0b5,representation,representation_disagreement,3470,1555639099,16,5000,0.4,0.05,rbf,median,anytime,bonferroni,3,2,False,B_BETTER,208,True,False,False,0.0001751669915392995,0.4,0.7434004973451923,True,True,True,False
202e9c3c4a860da5bb06,representation,representation_disagreement,3471,357930356,16,5000,0.4,0.05,rbf,median,anytime,bonferroni,3,2,False,B_BETTER,288,True,False,False,0.00017766602104529738,0.4,0.6458901399180805,True,True,True,False
4807591e7b84b67b1831,representation,representation_disagreement,3472,1331937320,16,5000,0.4,0.05,rbf,median,anytime,bonferroni,3,2,False,B_BETTER,208,True,False,False,0.0001783329644240439,0.4,0.7434004973451923,True,True,True,False
79d3095b1adf2da72018,representation,representation_disagreement,3473,959972536,16,5000,0.4,0.05,rbf,median,anytime,bonferroni,3,2,False,B_BETTER,256,True,False,False,0.00017662503523752093,0.4,0.6796858875495522,True,True,True,False
dc8d3ebb749a657f45e8,representation,representation_disagreement,3474,2369281330,16,5000,0.4,0.05,rbf,median,anytime,bonferroni,3,2,False,B_BETTER,192,True,False,False,0.0001736659905873239,0.4,0.7694441991638782,True,True,True,False
916e4995d38dd41e010d,representation,representation_disagreement,3475,1385082816,16,5000,0.4,0.05,rbf,median,anytime,bonferroni,3,2,False,B_BETTER,288,True,False,False,0.00017725001089274883,0.4,0.6458901399180805,True,True,True,False
745dbe628d302ef56d96,representation,representation_disagreement,3476,3541972384,16,5000,0.4,0.05,rbf,median,anytime,bonferroni,3,2,False,B_BETTER,256,True,False,False,0.00017679098527878523,0.4,0.6796858875495522,True,True,True,False
3ab15851e596d25523f2,representation,representation_disagreement,3477,1795379502,16,5000,0.4,0.05,rbf,median,anytime,bonferroni,3,2,False,B_BETTER,256,True,False,False,0.00017749995458871126,0.4,0.6796858875495522,True,True,True,False
5cbaa95b85ce0fe16df0,representation,representation_disagreement,3478,568009824,16,5000,0.4,0.05,rbf,median,anytime,bonferroni,3,2,False,B_BETTER,256,True,False,False,0.00017620902508497238,0.4,0.6796858875495522,True,True,True,False
aa6bcd54e591a0e017ec,representation,representation_disagreement,3479,1183033904,16,5000,0.4,0.05,rbf,median,anytime,bonferroni,3,2,False,B_BETTER,224,True,False,False,0.0001751669915392995,0.4,0.7200353639175696,True,True,True,False
1069a9f721267eb8e2dd,representation,representation_disagreement,3480,2104666928,16,5000,0.4,0.05,rbf,median,anytime,bonferroni,3,2,False,B_BETTER,208,True,False,False,0.00017387501429766417,0.4,0.7434004973451924,True,True,True,False
20eae72e6fab7c7d5dac,representation,representation_disagreement,3481,951379986,16,5000,0.4,0.05,rbf,median,anytime,bonferroni,3,2,False,B_BETTER,240,True,False,False,0.0001753329997882247,0.4,0.6989114228795754,True,True,True,False
91e710fafe67445b5a98,representation,representation_disagreement,3482,3205162027,16,5000,0.4,0.05,rbf,median,anytime,bonferroni,3,2,False,B_BETTER,256,True,False,False,0.00017679098527878523,0.4,0.6796858875495522,True,True,True,False
67eba500920b8d79a12a,representation,representation_disagreement,3483,492734652,16,5000,0.4,0.05,rbf,median,anytime,bonferroni,3,2,False,B_BETTER,224,True,False,False,0.0001753329997882247,0.4,0.7200353639175696,True,True,True,False
b8ae14b9362862d3d85b,representation,representation_disagreement,3484,1704317337,16,5000,0.4,0.05,rbf,median,anytime,bonferroni,3,2,False,B_BETTER,256,True,False,False,0.00017770897829905152,0.4,0.6796858875495522,True,True,True,False
8f4e9f115c334c7c15a5,representation,representation_disagreement,3485,3373705065,16,5000,0.4,0.05,rbf,median,anytime,bonferroni,3,2,False,B_BETTER,240,True,False,False,0.00017466599820181727,0.4,0.6989114228795754,True,True,True,False
397282c137e381c6b046,representation,representation_disagreement,3486,2668349877,16,5000,0.4,0.05,rbf,median,anytime,bonferroni,3,2,False,B_BETTER,256,True,False,False,0.00017612503143027425,0.4,0.6796858875495522,True,True,True,False
dcb0f963b5de05751812,representation,representation_disagreement,3487,4203133796,16,5000,0.4,0.05,rbf,median,anytime,bonferroni,3,2,False,B_BETTER,272,True,False,False,0.00017787504475563765,0.4,0.6620856821127257,True,True,True,False
d4707c2bd037da81f7e2,representation,representation_disagreement,3488,3253339437,16,5000,0.4,0.05,rbf,median,anytime,bonferroni,3,2,False,B_BETTER,240,True,False,False,0.00017562496941536665,0.4,0.6989114228795754,True,True,True,False
5a0c5cdb6fab3951b4b7,representation,representation_disagreement,3489,3739972612,16,5000,0.4,0.05,rbf,median,anytime,bonferroni,3,2,False,B_BETTER,304,True,False,False,0.00017725001089274883,0.4,0.6309186896508341,True,True,True,False
91757cf1456ad1e8f1a0,representation,representation_disagreement,3490,1479959692,16,5000,0.4,0.05,rbf,median,anytime,bonferroni,3,2,False,B_BETTER,256,True,False,False,0.0001764999469742179,0.4,0.6796858875495522,True,True,True,False
c82adaf3ad3f79e22580,representation,representation_disagreement,3491,1805195010,16,5000,0.4,0.05,rbf,median,anytime,bonferroni,3,2,False,B_BETTER,240,True,False,False,0.00017625000327825546,0.4,0.6989114228795754,True,True,True,False
d3521ef42b629cf8755a,representation,representation_disagreement,3492,3632203654,16,5000,0.4,0.05,rbf,median,anytime,bonferroni,3,2,False,B_BETTER,288,True,False,False,0.0001776670105755329,0.4,0.6458901399180805,True,True,True,False
3bf72105d65e71e12bcc,representation,representation_disagreement,3493,2339203268,16,5000,0.4,0.05,rbf,median,anytime,bonferroni,3,2,False,B_BETTER,304,True,False,False,0.00018337497022002935,0.4,0.6309186896508341,True,True,True,False
bea154c370f244cedb27,representation,representation_disagreement,3494,1928027638,16,5000,0.4,0.05,rbf,median,anytime,bonferroni,3,2,False,B_BETTER,256,True,False,False,0.00017687497893348336,0.4,0.6796858875495522,True,True,True,False
7582ae13eed7cee3aea6,representation,representation_disagreement,3495,3464154870,16,5000,0.4,0.05,rbf,median,anytime,bonferroni,3,2,False,B_BETTER,272,True,False,False,0.00017712503904476762,0.4,0.6620856821127258,True,True,True,False
3a1ebb463b3c51923a76,representation,representation_disagreement,3496,2905445249,16,5000,0.4,0.05,rbf,median,anytime,bonferroni,3,2,False,B_BETTER,208,True,False,False,0.00017787504475563765,0.4,0.7434004973451923,True,True,True,False
31b496d15a0c56963fb2,representation,representation_disagreement,3497,1302443941,16,5000,0.4,0.05,rbf,median,anytime,bonferroni,3,2,False,B_BETTER,272,True,False,False,0.00017741700867190957,0.4,0.6620856821127258,True,True,True,False
c13d891f7cecadb0e022,representation,representation_disagreement,3498,1013381958,16,5000,0.4,0.05,rbf,median,anytime,bonferroni,3,2,False,B_BETTER,208,True,False,False,0.00017487502191215754,0.4,0.7434004973451923,True,True,True,False
01b402b08b8d9e4fc4b5,representation,representation_disagreement,3499,2131301910,16,5000,0.4,0.05,rbf,median,anytime,bonferroni,3,2,False,B_BETTER,256,True,False,False,0.00017562502762302756,0.4,0.6796858875495522,True,True,True,False
b762eaf8416684b52031,representation,representation_disagreement,3500,2090613396,16,5000,0.4,0.05,rbf,median,anytime,bonferroni,3,2,False,B_BETTER,272,True,False,False,0.0001765000051818788,0.4,0.6620856821127259,True,True,True,False
9941d844e0ca97fb7a41,representation,representation_disagreement,3501,3817062149,16,5000,0.4,0.05,rbf,median,anytime,bonferroni,3,2,False,B_BETTER,208,True,False,False,0.00017395801842212677,0.4,0.7434004973451923,True,True,True,False
eab278dc6b93cfab4ce0,representation,representation_disagreement,3502,317860874,16,5000,0.4,0.05,rbf,median,anytime,bonferroni,3,2,False,B_BETTER,320,True,False,False,0.0001788749941624701,0.4,0.6170219115444305,True,True,True,False
a5b9b6a44d400bb6ee6a,representation,representation_disagreement,3503,1905499546,16,5000,0.4,0.05,rbf,median,anytime,bonferroni,3,2,False,B_BETTER,256,True,False,False,0.00017633300740271807,0.4,0.6796858875495522,True,True,True,False
2b97c9e8786ef9c9c5a7,representation,representation_disagreement,3504,2045763408,16,5000,0.4,0.05,rbf,median,anytime,bonferroni,3,2,False,B_BETTER,272,True,False,False,0.00017733295680955052,0.4,0.6620856821127257,True,True,True,False
d6b4d2b00fa88aaa22c2,representation,representation_disagreement,3505,3155769357,16,5000,0.4,0.05,rbf,median,anytime,bonferroni,3,2,False,B_BETTER,256,True,False,False,0.0001765830093063414,0.4,0.6796858875495522,True,True,True,False
1cd5356c8195fd85092c,representation,representation_disagreement,3506,133667854,16,5000,0.4,0.05,rbf,median,anytime,bonferroni,3,2,False,B_BETTER,240,True,False,False,0.00017604196909815073,0.4,0.6989114228795754,True,True,True,False
6f18d0bd5119bf124856,representation,representation_disagreement,3507,240754954,16,5000,0.4,0.05,rbf,median,anytime,bonferroni,3,2,False,B_BETTER,288,True,False,False,0.00017820799257606268,0.4,0.6458901399180805,True,True,True,False
5f3f7e4b97b64a439859,representation,representation_disagreement,3508,2341282613,16,5000,0.4,0.05,rbf,median,anytime,bonferroni,3,2,False,B_BETTER,224,True,False,False,0.0001777909928932786,0.4,0.7200353639175696,True,True,True,False
43fd595fdf8923e0bcc4,representation,representation_disagreement,3509,2930378422,16,5000,0.4,0.05,rbf,median,anytime,bonferroni,3,2,False,B_BETTER,256,True,False,False,0.00018833403009921312,0.4,0.6796858875495522,True,True,True,False
d851e94d3e4e476188d0,representation,representation_disagreement,3510,3578242819,16,5000,0.4,0.05,rbf,median,anytime,bonferroni,3,2,False,B_BETTER,224,True,False,False,0.00018783396808430552,0.4,0.7200353639175696,True,True,True,False
474415fd030015277e13,representation,representation_disagreement,3511,3809160476,16,5000,0.4,0.05,rbf,median,anytime,bonferroni,3,2,False,B_BETTER,256,True,False,False,0.00017683301120996475,0.4,0.6796858875495522,True,True,True,False
25bda71453fc3d0f5c6b,representation,representation_disagreement,3512,2652292503,16,5000,0.4,0.05,rbf,median,anytime,bonferroni,3,2,False,B_BETTER,288,True,False,False,0.000178125046659261,0.4,0.6458901399180805,True,True,True,False
be4924b441c4e575b570,representation,representation_disagreement,3513,1096486497,16,5000,0.4,0.05,rbf,median,anytime,bonferroni,3,2,False,B_BETTER,240,True,False,False,0.00017600000137463212,0.4,0.6989114228795754,True,True,True,False
779679954cd656b83afd,representation,representation_disagreement,3514,3932417202,16,5000,0.4,0.05,rbf,median,anytime,bonferroni,3,2,False,B_BETTER,240,True,False,False,0.0001787919900380075,0.4,0.6989114228795754,True,True,True,False
680704730e58bdf16ae0,representation,representation_disagreement,3515,2153641643,16,5000,0.4,0.05,rbf,median,anytime,bonferroni,3,2,False,B_BETTER,240,True,False,False,0.0001789169618859887,0.4,0.6989114228795754,True,True,True,False
294945c19499430711af,representation,representation_disagreement,3516,363198954,16,5000,0.4,0.05,rbf,median,anytime,bonferroni,3,2,False,B_BETTER,208,True,False,False,0.00020366604439914227,0.4,0.7434004973451923,True,True,True,False
adf0f4b51d17e0b6fe56,representation,representation_disagreement,3517,140793541,16,5000,0.4,0.05,rbf,median,anytime,bonferroni,3,2,False,B_BETTER,272,True,False,False,0.00020637502893805504,0.4,0.6620856821127259,True,True,True,False
cb31f65f196fc6723a62,representation,representation_disagreement,3518,753432163,16,5000,0.4,0.05,rbf,median,anytime,bonferroni,3,2,False,B_BETTER,288,True,False,False,0.0002062499988824129,0.4,0.6458901399180805,True,True,True,False
d06813fac860ffe21512,representation,representation_disagreement,3519,882936425,16,5000,0.4,0.05,rbf,median,anytime,bonferroni,3,2,False,B_BETTER,256,True,False,False,0.0002062079729512334,0.4,0.6796858875495522,True,True,True,False
1e4401c176a5944a77d5,representation,representation_disagreement,3520,2213880262,16,5000,0.4,0.05,rbf,median,anytime,bonferroni,3,2,False,B_BETTER,224,True,False,False,0.00020416697952896357,0.4,0.7200353639175696,True,True,True,False
27ae4a0e40a0671e7669,representation,representation_disagreement,3521,3351368556,16,5000,0.4,0.05,rbf,median,anytime,bonferroni,3,2,False,B_BETTER,288,True,False,False,0.000206666998565197,0.4,0.6458901399180805,True,True,True,False
272cf938dae443aa15cc,representation,representation_disagreement,3522,2164303050,16,5000,0.4,0.05,rbf,median,anytime,bonferroni,3,2,False,B_BETTER,256,True,False,False,0.00020579202100634575,0.4,0.6796858875495522,True,True,True,False
cc3f9696a646913445d8,representation,representation_disagreement,3523,2562654769,16,5000,0.4,0.05,rbf,median,anytime,bonferroni,3,2,False,B_BETTER,272,True,False,False,0.00020579202100634575,0.4,0.6620856821127258,True,True,True,False
a1ce2bbf5e9d1608f337,representation,representation_disagreement,3524,3165527489,16,5000,0.4,0.05,rbf,median,anytime,bonferroni,3,2,False,B_BETTER,272,True,False,False,0.00020612496882677078,0.4,0.6620856821127257,True,True,True,False
5018f5b36529d4a37cf7,representation,representation_disagreement,3525,1665093326,16,5000,0.4,0.05,rbf,median,anytime,bonferroni,3,2,False,B_BETTER,224,True,False,False,0.00020462501561269164,0.4,0.7200353639175696,True,True,True,False
1bb66fb8841d01d8780f,representation,representation_disagreement,3526,638833622,16,5000,0.4,0.05,rbf,median,anytime,bonferroni,3,2,False,B_BETTER,256,True,False,False,0.00020620902068912983,0.4,0.6796858875495522,True,True,True,False
ef50a3379b834d98bfcb,representation,representation_disagreement,3527,1736885785,16,5000,0.4,0.05,rbf,median,anytime,bonferroni,3,2,False,B_BETTER,240,True,False,False,0.00020587496692314744,0.4,0.6989114228795754,True,True,True,False
00f60e393ccb26c44465,representation,representation_disagreement,3528,612876466,16,5000,0.4,0.05,rbf,median,anytime,bonferroni,3,2,False,B_BETTER,240,True,False,False,0.00020316598238423467,0.4,0.6989114228795754,True,True,True,False
e5deef82a6fcfd216a32,representation,representation_disagreement,3529,965048843,16,5000,0.4,0.05,rbf,median,anytime,bonferroni,3,2,False,B_BETTER,240,True,False,False,0.00020424998365342617,0.4,0.6989114228795754,True,True,True,False
e613da09ced2092a424d,representation,representation_disagreement,3530,29939569,16,5000,0.4,0.05,rbf,median,anytime,bonferroni,3,2,False,B_BETTER,224,True,False,False,0.0002044580178335309,0.4,0.7200353639175696,True,True,True,False
8fbfef01b7b4711913fe,representation,representation_disagreement,3531,3542286339,16,5000,0.4,0.05,rbf,median,anytime,bonferroni,3,2,False,B_BETTER,192,True,False,False,0.000202000024728477,0.4,0.7694441991638782,True,True,True,False
2aeb323ddbad935186db,representation,representation_disagreement,3532,3683758452,16,5000,0.4,0.05,rbf,median,anytime,bonferroni,3,2,False,B_BETTER,224,True,False,False,0.0002037500380538404,0.4,0.7200353639175696,True,True,True,False
b8a1364161ed80350762,representation,representation_disagreement,3533,2135080396,16,5000,0.4,0.05,rbf,median,anytime,bonferroni,3,2,False,B_BETTER,240,True,False,False,0.00020408298587426543,0.4,0.6989114228795754,True,True,True,False
c222ce3e7cfb81dcb3a7,representation,representation_disagreement,3534,307357375,16,5000,0.4,0.05,rbf,median,anytime,bonferroni,3,2,False,B_BETTER,256,True,False,False,0.00020524999126791954,0.4,0.6796858875495522,True,True,True,False
e3d84c23ffb6ab0c83a7,representation,representation_disagreement,3535,4049733648,16,5000,0.4,0.05,rbf,median,anytime,bonferroni,3,2,False,B_BETTER,240,True,False,False,0.000205625023227185,0.4,0.6989114228795754,True,True,True,False
b89da90a025d71dbae34,representation,representation_disagreement,3536,907022092,16,5000,0.4,0.05,rbf,median,anytime,bonferroni,3,2,False,B_BETTER,240,True,False,False,0.0002090419875457883,0.4,0.6989114228795754,True,True,True,False
17d9c115322e740771ec,representation,representation_disagreement,3537,2392668403,16,5000,0.4,0.05,rbf,median,anytime,bonferroni,3,2,False,B_BETTER,256,True,False,False,0.00020600005518645048,0.4,0.6796858875495522,True,True,True,False
a2ec489490b80aebe36c,representation,representation_disagreement,3538,2037932935,16,5000,0.4,0.05,rbf,median,anytime,bonferroni,3,2,False,B_BETTER,272,True,False,False,0.00020541698904708028,0.4,0.6620856821127258,True,True,True,False
af50bf9eaebcfab63337,representation,representation_disagreement,3539,2305992280,16,5000,0.4,0.05,rbf,median,anytime,bonferroni,3,2,False,B_BETTER,256,True,False,False,0.00020754197612404823,0.4,0.6796858875495522,True,True,True,False
1950cec98efa1292ff62,representation,representation_disagreement,3540,2623743603,16,5000,0.4,0.05,rbf,median,anytime,bonferroni,3,2,False,B_BETTER,304,True,False,False,0.00040075002470985055,0.4,0.6309186896508341,True,True,True,False
da10d1e95423049fdc48,representation,representation_disagreement,3541,2669467682,16,5000,0.4,0.05,rbf,median,anytime,bonferroni,3,2,False,B_BETTER,288,True,False,False,0.00025470799300819635,0.4,0.6458901399180805,True,True,True,False
1380656415c9bc373bd9,representation,representation_disagreement,3542,2024344599,16,5000,0.4,0.05,rbf,median,anytime,bonferroni,3,2,False,B_BETTER,240,True,False,False,0.00024333398323506117,0.4,0.6989114228795754,True,True,True,False
4d53acdbf39be5a89c3d,representation,representation_disagreement,3543,4120124295,16,5000,0.4,0.05,rbf,median,anytime,bonferroni,3,2,False,B_BETTER,192,True,False,False,0.00023700000019744039,0.4,0.7694441991638782,True,True,True,False
ae104a635a5d443903a3,representation,representation_disagreement,3544,1783942633,16,5000,0.4,0.05,rbf,median,anytime,bonferroni,3,2,False,B_BETTER,272,True,False,False,0.00024191697593778372,0.4,0.6620856821127258,True,True,True,False
f3f8f23c518a2cc7933b,representation,representation_disagreement,3545,3496796485,16,5000,0.4,0.05,rbf,median,anytime,bonferroni,3,2,False,B_BETTER,224,True,False,False,0.00023783301003277302,0.4,0.7200353639175696,True,True,True,False
f30f82837fd193010e2f,representation,representation_disagreement,3546,3487354186,16,5000,0.4,0.05,rbf,median,anytime,bonferroni,3,2,False,B_BETTER,272,True,False,False,0.0002411669702269137,0.4,0.6620856821127257,True,True,True,False
4e95673c4ec010c4c35a,representation,representation_disagreement,3547,293580853,16,5000,0.4,0.05,rbf,median,anytime,bonferroni,3,2,False,B_BETTER,304,True,False,False,0.0002418750082142651,0.4,0.6309186896508341,True,True,True,False
5eeee093824b65ac7335,representation,representation_disagreement,3548,494455112,16,5000,0.4,0.05,rbf,median,anytime,bonferroni,3,2,False,B_BETTER,272,True,False,False,0.0002407499705441296,0.4,0.6620856821127259,True,True,True,False
3fb1b42d0c386f6bb616,representation,representation_disagreement,3549,1346810369,16,5000,0.4,0.05,rbf,median,anytime,bonferroni,3,2,False,B_BETTER,272,True,False,False,0.00023937498917803168,0.4,0.6620856821127257,True,True,True,False
0b9ba94fb15e15b17e28,representation,representation_disagreement,3550,808847628,16,5000,0.4,0.05,rbf,median,anytime,bonferroni,3,2,False,B_BETTER,240,True,False,False,0.00028320797719061375,0.4,0.6989114228795754,True,True,True,False
f02ec5df4041cbf0911f,representation,representation_disagreement,3551,1226267220,16,5000,0.4,0.05,rbf,median,anytime,bonferroni,3,2,False,B_BETTER,256,True,False,False,0.00022308301413431764,0.4,0.6796858875495522,True,True,True,False
507c286832c66a996889,representation,representation_disagreement,3552,256357013,16,5000,0.4,0.05,rbf,median,anytime,bonferroni,3,2,False,B_BETTER,256,True,False,False,0.00021041696891188622,0.4,0.6796858875495522,True,True,True,False
b4aae53ce68d994b2364,representation,representation_disagreement,3553,3343189092,16,5000,0.4,0.05,rbf,median,anytime,bonferroni,3,2,False,B_BETTER,272,True,False,False,0.00021041702711954713,0.4,0.6620856821127257,True,True,True,False
a0ba17a9341cff916e65,representation,representation_disagreement,3554,2622253764,16,5000,0.4,0.05,rbf,median,anytime,bonferroni,3,2,False,B_BETTER,240,True,False,False,0.00020512501941993833,0.4,0.6989114228795754,True,True,True,False
bc481535833fc016d56e,representation,representation_disagreement,3555,612271004,16,5000,0.4,0.05,rbf,median,anytime,bonferroni,3,2,False,B_BETTER,272,True,False,False,0.00020579202100634575,0.4,0.6620856821127258,True,True,True,False
fcf723f90c2de92f9ead,representation,representation_disagreement,3556,2060853236,16,5000,0.4,0.05,rbf,median,anytime,bonferroni,3,2,False,B_BETTER,288,True,False,False,0.00020654196850955486,0.4,0.6458901399180805,True,True,True,False
7ad126965be61cb11a22,representation,representation_disagreement,3557,4275483023,16,5000,0.4,0.05,rbf,median,anytime,bonferroni,3,2,False,B_BETTER,256,True,False,False,0.00020591705106198788,0.4,0.6796858875495522,True,True,True,False
d19460019c669a4f2ac2,representation,representation_disagreement,3558,2227359255,16,5000,0.4,0.05,rbf,median,anytime,bonferroni,3,2,False,B_BETTER,240,True,False,False,0.00020395900355651975,0.4,0.6989114228795754,True,True,True,False
0aedf68b78cdfbd1481d,representation,representation_disagreement,3559,3094639874,16,5000,0.4,0.05,rbf,median,anytime,bonferroni,3,2,False,B_BETTER,240,True,False,False,0.00020574999507516623,0.4,0.6989114228795754,True,True,True,False
ae1a2610034d02e8f1ed,representation,representation_disagreement,3560,953694949,16,5000,0.4,0.05,rbf,median,anytime,bonferroni,3,2,False,B_BETTER,192,True,False,False,0.00032950000604614615,0.4,0.7694441991638782,True,True,True,False
f841dffdcb847de0a87a,representation,representation_disagreement,3561,4031622776,16,5000,0.4,0.05,rbf,median,anytime,bonferroni,3,2,False,B_BETTER,272,True,False,False,0.00031145900720730424,0.4,0.6620856821127258,True,True,True,False
86b952ffd86b36206f36,representation,representation_disagreement,3562,632601467,16,5000,0.4,0.05,rbf,median,anytime,bonferroni,3,2,False,B_BETTER,288,True,False,False,0.0002961249556392431,0.4,0.6458901399180805,True,True,True,False
0753d5d86b7698b3480d,representation,representation_disagreement,3563,1942775480,16,5000,0.4,0.05,rbf,median,anytime,bonferroni,3,2,False,B_BETTER,240,True,False,False,0.0003035419504158199,0.4,0.6989114228795754,True,True,True,False
573a044f3b379c47b239,representation,representation_disagreement,3564,3600387752,16,5000,0.4,0.05,rbf,median,anytime,bonferroni,3,2,False,B_BETTER,256,True,False,False,0.0002472089836373925,0.4,0.6796858875495522,True,True,True,False
47d8b320bf11a5c9a5fa,representation,representation_disagreement,3565,1575401319,16,5000,0.4,0.05,rbf,median,anytime,bonferroni,3,2,False,B_BETTER,288,True,False,False,0.00024033302906900644,0.4,0.6458901399180805,True,True,True,False
4c194ca7958ce21671ae,representation,representation_disagreement,3566,3011544709,16,5000,0.4,0.05,rbf,median,anytime,bonferroni,3,2,False,B_BETTER,240,True,False,False,0.0002383749815635383,0.4,0.6989114228795754,True,True,True,False
183f8cf785e94c4eeece,representation,representation_disagreement,3567,2945453147,16,5000,0.4,0.05,rbf,median,anytime,bonferroni,3,2,False,B_BETTER,256,True,False,False,0.0002383330138400197,0.4,0.6796858875495522,True,True,True,False
35ba926be2cc52bddf7c,representation,representation_disagreement,3568,395525970,16,5000,0.4,0.05,rbf,median,anytime,bonferroni,3,2,False,B_BETTER,208,True,False,False,0.00023620802676305175,0.4,0.7434004973451924,True,True,True,False
1a10ca9cca619f338bf4,representation,representation_disagreement,3569,518860093,16,5000,0.4,0.05,rbf,median,anytime,bonferroni,3,2,False,B_BETTER,256,True,False,False,0.00023737503215670586,0.4,0.6796858875495522,True,True,True,False
e1c9563d281ee9feaa9b,representation,representation_disagreement,3570,2367022647,16,5000,0.4,0.05,rbf,median,anytime,bonferroni,3,2,False,B_BETTER,240,True,False,False,0.00023745803628116846,0.4,0.6989114228795754,True,True,True,False
9e822b46679c8baa7d69,representation,representation_disagreement,3571,2441783775,16,5000,0.4,0.05,rbf,median,anytime,bonferroni,3,2,False,B_BETTER,224,True,False,False,0.00023504201089963317,0.4,0.7200353639175696,True,True,True,False
b3151786329c69d7d74b,representation,representation_disagreement,3572,1177416030,16,5000,0.4,0.05,rbf,median,anytime,bonferroni,3,2,False,B_BETTER,272,True,False,False,0.00023820798378437757,0.4,0.6620856821127258,True,True,True,False
c1badae11b517c3293ed,representation,representation_disagreement,3573,3704330418,16,5000,0.4,0.05,rbf,median,anytime,bonferroni,3,2,False,B_BETTER,224,True,False,False,0.0002354159951210022,0.4,0.7200353639175696,True,True,True,False
5e35e255f980d9a337a5,representation,representation_disagreement,3574,292158169,16,5000,0.4,0.05,rbf,median,anytime,bonferroni,3,2,False,B_BETTER,240,True,False,False,0.0002364999963901937,0.4,0.6989114228795754,True,True,True,False
771eb400fa906f2c8f8a,representation,representation_disagreement,3575,609963920,16,5000,0.4,0.05,rbf,median,anytime,bonferroni,3,2,False,B_BETTER,256,True,False,False,0.00023812497965991497,0.4,0.6796858875495522,True,True,True,False
9f2a3f066ee7f7cabb8f,representation,representation_disagreement,3576,2598687177,16,5000,0.4,0.05,rbf,median,anytime,bonferroni,3,2,False,B_BETTER,272,True,False,False,0.00023787503596395254,0.4,0.6620856821127257,True,True,True,False
938ce38a881f490019da,representation,representation_disagreement,3577,3270195405,16,5000,0.4,0.05,rbf,median,anytime,bonferroni,3,2,False,B_BETTER,224,True,False,False,0.00022666598670184612,0.4,0.7200353639175696,True,True,True,False
0d011d36e9f00aafe738,representation,representation_disagreement,3578,196130960,16,5000,0.4,0.05,rbf,median,anytime,bonferroni,3,2,False,B_BETTER,288,True,False,False,0.00019387499196454883,0.4,0.6458901399180805,True,True,True,False
decae8e6995769fc7816,representation,representation_disagreement,3579,37913656,16,5000,0.4,0.05,rbf,median,anytime,bonferroni,3,2,False,B_BETTER,240,True,False,False,0.00018216599710285664,0.4,0.6989114228795754,True,True,True,False
38a7caf1f1ef57f25103,representation,representation_disagreement,3580,1663947270,16,5000,0.4,0.05,rbf,median,anytime,bonferroni,3,2,False,B_BETTER,288,True,False,False,0.00018441601423546672,0.4,0.6458901399180805,True,True,True,False
4fa920f212076d6a29c6,representation,representation_disagreement,3581,1452404276,16,5000,0.4,0.05,rbf,median,anytime,bonferroni,3,2,False,B_BETTER,288,True,False,False,0.00018104101764038205,0.4,0.6458901399180805,True,True,True,False
8155d7366225f40d94c2,representation,representation_disagreement,3582,2952547327,16,5000,0.4,0.05,rbf,median,anytime,bonferroni,3,2,False,B_BETTER,288,True,False,False,0.0001793749979697168,0.4,0.6458901399180805,True,True,True,False
152264c3c8816088b4fa,representation,representation_disagreement,3583,1713283663,16,5000,0.4,0.05,rbf,median,anytime,bonferroni,3,2,False,B_BETTER,256,True,False,False,0.0001777910511009395,0.4,0.6796858875495522,True,True,True,False
7cfdac99277ebc975bb7,representation,representation_disagreement,3584,3434878968,16,5000,0.4,0.05,rbf,median,anytime,bonferroni,3,2,False,B_BETTER,272,True,False,False,0.00018199998885393143,0.4,0.6620856821127257,True,True,True,False
53f4c107238714e232b8,representation,representation_disagreement,3585,610638358,16,5000,0.4,0.05,rbf,median,anytime,bonferroni,3,2,False,B_BETTER,224,True,False,False,0.00017549999756738544,0.4,0.7200353639175696,True,True,True,False
b0bf96e2aa76495f1aa5,representation,representation_disagreement,3586,2503931961,16,5000,0.4,0.05,rbf,median,anytime,bonferroni,3,2,False,B_BETTER,208,True,False,False,0.0001747499918565154,0.4,0.7434004973451923,True,True,True,False
0ff3fd18f9725fc7dabf,representation,representation_disagreement,3587,3624767589,16,5000,0.4,0.05,rbf,median,anytime,bonferroni,3,2,False,B_BETTER,288,True,False,False,0.0001805420033633709,0.4,0.6458901399180805,True,True,True,False
359f38db1d01509d686d,representation,representation_disagreement,3588,2170538364,16,5000,0.4,0.05,rbf,median,anytime,bonferroni,3,2,False,B_BETTER,240,True,False,False,0.00018079200526699424,0.4,0.6989114228795754,True,True,True,False
85cb15934e53fa1ab725,representation,representation_disagreement,3589,3659815285,16,5000,0.4,0.05,rbf,median,anytime,bonferroni,3,2,False,B_BETTER,240,True,False,False,0.0001764999469742179,0.4,0.6989114228795754,True,True,True,False
ff0ae4e0effc6f426649,representation,representation_disagreement,3590,2764711129,16,5000,0.4,0.05,rbf,median,anytime,bonferroni,3,2,False,B_BETTER,224,True,False,False,0.00017600000137463212,0.4,0.7200353639175696,True,True,True,False
0e465711be38c6cfa612,representation,representation_disagreement,3591,4280817743,16,5000,0.4,0.05,rbf,median,anytime,bonferroni,3,2,False,B_BETTER,256,True,False,False,0.00017795898020267487,0.4,0.6796858875495522,True,True,True,False
4d4251899a1f05141c9c,representation,representation_disagreement,3592,4116113855,16,5000,0.4,0.05,rbf,median,anytime,bonferroni,3,2,False,B_BETTER,208,True,False,False,0.00017829099670052528,0.4,0.7434004973451923,True,True,True,False
34b681567b329ac15f85,representation,representation_disagreement,3593,623850021,16,5000,0.4,0.05,rbf,median,anytime,bonferroni,3,2,False,B_BETTER,240,True,False,False,0.0001765830093063414,0.4,0.6989114228795754,True,True,True,False
046f2c49655c27b54e09,representation,representation_disagreement,3594,935188132,16,5000,0.4,0.05,rbf,median,anytime,bonferroni,3,2,False,B_BETTER,272,True,False,False,0.00017741695046424866,0.4,0.6620856821127257,True,True,True,False
32437b024c3d55f154cc,representation,representation_disagreement,3595,1632055435,16,5000,0.4,0.05,rbf,median,anytime,bonferroni,3,2,False,B_BETTER,256,True,False,False,0.00017745804507285357,0.4,0.6796858875495522,True,True,True,False
a8f4bd148d62605c0896,representation,representation_disagreement,3596,1770224087,16,5000,0.4,0.05,rbf,median,anytime,bonferroni,3,2,False,B_BETTER,272,True,False,False,0.00019175000488758087,0.4,0.6620856821127259,True,True,True,False
9fa45d071898a4985f93,representation,representation_disagreement,3597,21707170,16,5000,0.4,0.05,rbf,median,anytime,bonferroni,3,2,False,B_BETTER,272,True,False,False,0.00017795799067243934,0.4,0.6620856821127259,True,True,True,False
f7dd30ab7a86a05bd4c6,representation,representation_disagreement,3598,2762228749,16,5000,0.4,0.05,rbf,median,anytime,bonferroni,3,2,False,B_BETTER,256,True,False,False,0.00017729098908603191,0.4,0.6796858875495522,True,True,True,False
e39ed7677190f6227740,representation,representation_disagreement,3599,679695378,16,5000,0.4,0.05,rbf,median,anytime,bonferroni,3,2,False,B_BETTER,272,True,False,False,0.00017779198242351413,0.4,0.6620856821127258,True,True,True,False
fdd494a79a3acfd36d60,representation,representation_disagreement,3600,1268706587,16,5000,0.4,0.05,rbf,median,anytime,bonferroni,3,2,False,B_BETTER,256,True,False,False,0.00017966702580451965,0.4,0.6796858875495522,True,True,True,False
ea3c9c45f4aa8730eb98,representation,representation_disagreement,3601,3703844979,16,5000,0.4,0.05,rbf,median,anytime,bonferroni,3,2,False,B_BETTER,256,True,False,False,0.0001782089821062982,0.4,0.6796858875495522,True,True,True,False
af86947c151a0fff5cf5,representation,representation_disagreement,3602,3149381529,16,5000,0.4,0.05,rbf,median,anytime,bonferroni,3,2,False,B_BETTER,256,True,False,False,0.00017795799067243934,0.4,0.6796858875495522,True,True,True,False
35e7cedf8a27205a9cbb,representation,representation_disagreement,3603,3063110749,16,5000,0.4,0.05,rbf,median,anytime,bonferroni,3,2,False,B_BETTER,256,True,False,False,0.00017741700867190957,0.4,0.6796858875495522,True,True,True,False
7e15dbae53dd344da897,representation,representation_disagreement,3604,400525017,16,5000,0.4,0.05,rbf,median,anytime,bonferroni,3,2,False,B_BETTER,304,True,False,False,0.0001830419641919434,0.4,0.6309186896508341,True,True,True,False
63869461c2d3a6908df6,representation,representation_disagreement,3605,3253222388,16,5000,0.4,0.05,rbf,median,anytime,bonferroni,3,2,False,B_BETTER,256,True,False,False,0.0001776249846443534,0.4,0.6796858875495522,True,True,True,False
0516ce0f20010969f791,representation,representation_disagreement,3606,978460844,16,5000,0.4,0.05,rbf,median,anytime,bonferroni,3,2,False,B_BETTER,208,True,False,False,0.00017674994887784123,0.4,0.7434004973451924,True,True,True,False
d58b88524fecead6877f,representation,representation_disagreement,3607,2542453434,16,5000,0.4,0.05,rbf,median,anytime,bonferroni,3,2,False,B_BETTER,240,True,False,False,0.00017562502762302756,0.4,0.6989114228795754,True,True,True,False
d71580429216cfd97f78,representation,representation_disagreement,3608,2548403289,16,5000,0.4,0.05,rbf,median,anytime,bonferroni,3,2,False,B_BETTER,256,True,False,False,0.0001805420033633709,0.4,0.6796858875495522,True,True,True,False
c3f245dca8b0b68dd287,representation,representation_disagreement,3609,1018232417,16,5000,0.4,0.05,rbf,median,anytime,bonferroni,3,2,False,B_BETTER,272,True,False,False,0.00017770897829905152,0.4,0.6620856821127258,True,True,True,False
29152377e15156edcef9,representation,representation_disagreement,3610,1686747529,16,5000,0.4,0.05,rbf,median,anytime,bonferroni,3,2,False,B_BETTER,240,True,False,False,0.00017750001279637218,0.4,0.6989114228795754,True,True,True,False
d5cd17b7db793c0e68ce,representation,representation_disagreement,3611,3329342128,16,5000,0.4,0.05,rbf,median,anytime,bonferroni,3,2,False,B_BETTER,256,True,False,False,0.00017695798305794597,0.4,0.6796858875495522,True,True,True,False
335afaedf6d772127be2,representation,representation_disagreement,3612,405520028,16,5000,0.4,0.05,rbf,median,anytime,bonferroni,3,2,False,B_BETTER,288,True,False,False,0.00018170801922678947,0.4,0.6458901399180805,True,True,True,False
9b67f444cb8167fdebd3,representation,representation_disagreement,3613,3707183952,16,5000,0.4,0.05,rbf,median,anytime,bonferroni,3,2,False,B_BETTER,272,True,False,False,0.00017750001279637218,0.4,0.6620856821127257,True,True,True,False
f13e31055606d229c6e0,representation,representation_disagreement,3614,775894085,16,5000,0.4,0.05,rbf,median,anytime,bonferroni,3,2,False,B_BETTER,272,True,False,False,0.00017862499225884676,0.4,0.6620856821127258,True,True,True,False
7edeeec37e7d2d8faebd,representation,representation_disagreement,3615,2784723856,16,5000,0.4,0.05,rbf,median,anytime,bonferroni,3,2,False,B_BETTER,304,True,False,False,0.00017841701628640294,0.4,0.6309186896508341,True,True,True,False
fabed6588f1d7b8d77eb,representation,representation_disagreement,3616,1956157777,16,5000,0.4,0.05,rbf,median,anytime,bonferroni,3,2,False,B_BETTER,288,True,False,False,0.00018224999075755477,0.4,0.6458901399180805,True,True,True,False
42380e50934e7cb16355,representation,representation_disagreement,3617,987399024,16,5000,0.4,0.05,rbf,median,anytime,bonferroni,3,2,False,B_BETTER,240,True,False,False,0.00017725001089274883,0.4,0.6989114228795754,True,True,True,False
0e5c455776152a68132c,representation,representation_disagreement,3618,1850277416,16,5000,0.4,0.05,rbf,median,anytime,bonferroni,3,2,False,B_BETTER,240,True,False,False,0.0001796659780666232,0.4,0.6989114228795754,True,True,True,False
2b2397ab4643e36a82fc,representation,representation_disagreement,3619,2146046299,16,5000,0.4,0.05,rbf,median,anytime,bonferroni,3,2,False,B_BETTER,192,True,False,False,0.00020308297825977206,0.4,0.7694441991638783,True,True,True,False
81447d6504c52be8d78d,representation,representation_disagreement,3620,2605471265,16,5000,0.4,0.05,rbf,median,anytime,bonferroni,3,2,False,B_BETTER,256,True,False,False,0.00020929198944941163,0.4,0.6796858875495522,True,True,True,False
39bbcccbbd8ab2b19c72,representation,representation_disagreement,3621,2850136385,16,5000,0.4,0.05,rbf,median,anytime,bonferroni,3,2,False,B_BETTER,304,True,False,False,0.0002087079919874668,0.4,0.6309186896508341,True,True,True,False
2f5c460284fefefddc7b,representation,representation_disagreement,3622,2282286845,16,5000,0.4,0.05,rbf,median,anytime,bonferroni,3,2,False,B_BETTER,256,True,False,False,0.00020700000459328294,0.4,0.6796858875495522,True,True,True,False
b9fc80042a7a1e61a173,representation,representation_disagreement,3623,113012737,16,5000,0.4,0.05,rbf,median,anytime,bonferroni,3,2,False,B_BETTER,288,True,False,False,0.00020879198564216495,0.4,0.6458901399180805,True,True,True,False
d47ba41f4cbc79ec6ede,representation,representation_disagreement,3624,2832468901,16,5000,0.4,0.05,rbf,median,anytime,bonferroni,3,2,False,B_BETTER,256,True,False,False,0.0002091660280711949,0.4,0.6796858875495522,True,True,True,False
0f577366cdc8cc8835c0,representation,representation_disagreement,3625,2978993470,16,5000,0.4,0.05,rbf,median,anytime,bonferroni,3,2,False,B_BETTER,208,True,False,False,0.00020470801973715425,0.4,0.7434004973451924,True,True,True,False
35fb44a289e10aca2fad,representation,representation_disagreement,3626,250639771,16,5000,0.4,0.05,rbf,median,anytime,bonferroni,3,2,False,B_BETTER,288,True,False,False,0.0002073749783448875,0.4,0.6458901399180805,True,True,True,False
133062d75afc3873a6c3,representation,representation_disagreement,3627,2452325898,16,5000,0.4,0.05,rbf,median,anytime,bonferroni,3,2,False,B_BETTER,272,True,False,False,0.00020670797675848007,0.4,0.6620856821127258,True,True,True,False
a5c8024beb1479ce32d7,representation,representation_disagreement,3628,2491038177,16,5000,0.4,0.05,rbf,median,anytime,bonferroni,3,2,False,B_BETTER,256,True,False,False,0.00021004100563004613,0.4,0.6796858875495522,True,True,True,False
5593e9e319454d73fcc1,representation,representation_disagreement,3629,4071092857,16,5000,0.4,0.05,rbf,median,anytime,bonferroni,3,2,False,B_BETTER,288,True,False,False,0.00020795798627659678,0.4,0.6458901399180805,True,True,True,False
5f37df6919e8f8a87f14,representation,representation_disagreement,3630,2149398809,16,5000,0.4,0.05,rbf,median,anytime,bonferroni,3,2,False,B_BETTER,272,True,False,False,0.00020758301252499223,0.4,0.6620856821127258,True,True,True,False
a9ff34db589a1e928406,representation,representation_disagreement,3631,4265505423,16,5000,0.4,0.05,rbf,median,anytime,bonferroni,3,2,False,B_BETTER,272,True,False,False,0.0002074579824693501,0.4,0.6620856821127258,True,True,True,False
c23d269db3d36a926bd3,representation,representation_disagreement,3632,4009772600,16,5000,0.4,0.05,rbf,median,anytime,bonferroni,3,2,False,B_BETTER,224,True,False,False,0.00020754197612404823,0.4,0.7200353639175696,True,True,True,False
29df9606bfd347f7c788,representation,representation_disagreement,3633,1521868346,16,5000,0.4,0.05,rbf,median,anytime,bonferroni,3,2,False,B_BETTER,320,True,False,False,0.00020979199325665832,0.4,0.6170219115444305,True,True,True,False
4c2a17ff40a9a0440e91,representation,representation_disagreement,3634,2146603788,16,5000,0.4,0.05,rbf,median,anytime,bonferroni,3,2,False,B_BETTER,240,True,False,False,0.0002068749745376408,0.4,0.6989114228795754,True,True,True,False
66c0f8e76f6736533fa1,representation,representation_disagreement,3635,1692899612,16,5000,0.4,0.05,rbf,median,anytime,bonferroni,3,2,False,B_BETTER,256,True,False,False,0.00020591699285432696,0.4,0.6796858875495522,True,True,True,False
ec8039c5673f2f088668,representation,representation_disagreement,3636,2213080905,16,5000,0.4,0.05,rbf,median,anytime,bonferroni,3,2,False,B_BETTER,256,True,False,False,0.00021116697462275624,0.4,0.6796858875495522,True,True,True,False
13f6482664c2cb5bda80,representation,representation_disagreement,3637,794926732,16,5000,0.4,0.05,rbf,median,anytime,bonferroni,3,2,False,B_BETTER,304,True,False,False,0.0002086660242639482,0.4,0.6309186896508341,True,True,True,False
9b4b0039fbb9f2ac5624,representation,representation_disagreement,3638,3737188793,16,5000,0.4,0.05,rbf,median,anytime,bonferroni,3,2,False,B_BETTER,304,True,False,False,0.00020966597367078066,0.4,0.6309186896508341,True,True,True,False
6c419288791b2e9d7b68,representation,representation_disagreement,3639,3124531362,16,5000,0.4,0.05,rbf,median,anytime,bonferroni,3,2,False,B_BETTER,256,True,False,False,0.0002074169460684061,0.4,0.6796858875495522,True,True,True,False
292563cd454665e8c87e,representation,representation_disagreement,3640,300174999,16,5000,0.4,0.05,rbf,median,anytime,bonferroni,3,2,False,B_BETTER,224,True,False,False,0.00021074997493997216,0.4,0.7200353639175696,True,True,True,False
79ffd837cc3168a5fafd,representation,representation_disagreement,3641,2717749455,16,5000,0.4,0.05,rbf,median,anytime,bonferroni,3,2,False,B_BETTER,240,True,False,False,0.00020554097136482596,0.4,0.6989114228795754,True,True,True,False
597a874f12ba2f278086,representation,representation_disagreement,3642,2642299854,16,5000,0.4,0.05,rbf,median,anytime,bonferroni,3,2,False,B_BETTER,272,True,False,False,0.00020716595463454723,0.4,0.6620856821127258,True,True,True,False
b376f74d4d79122a6ca8,representation,representation_disagreement,3643,2408325164,16,5000,0.4,0.05,rbf,median,anytime,bonferroni,3,2,False,B_BETTER,240,True,False,False,0.00020666595082730055,0.4,0.6989114228795754,True,True,True,False
ebaf211223bee55d9770,representation,representation_disagreement,3644,287299991,16,5000,0.4,0.05,rbf,median,anytime,bonferroni,3,2,False,B_BETTER,256,True,False,False,0.00021062500309199095,0.4,0.6796858875495522,True,True,True,False
5aa5432d4ef483bdd6e8,representation,representation_disagreement,3645,289085623,16,5000,0.4,0.05,rbf,median,anytime,bonferroni,3,2,False,B_BETTER,240,True,False,False,0.0002054589567705989,0.4,0.6989114228795754,True,True,True,False
98ab2df9e610b0fd8870,representation,representation_disagreement,3646,1369312788,16,5000,0.4,0.05,rbf,median,anytime,bonferroni,3,2,False,B_BETTER,208,True,False,False,0.0002061669947579503,0.4,0.7434004973451922,True,True,True,False
2c589bceccfbd1c33617,representation,representation_disagreement,3647,2592887159,16,5000,0.4,0.05,rbf,median,anytime,bonferroni,3,2,False,B_BETTER,272,True,False,False,0.00020712497644126415,0.4,0.6620856821127257,True,True,True,False
4dbbe421083946a6bc45,representation,representation_disagreement,3648,2197682754,16,5000,0.4,0.05,rbf,median,anytime,bonferroni,3,2,False,B_BETTER,224,True,False,False,0.00020900001982226968,0.4,0.7200353639175696,True,True,True,False
2d71a86e7010a333fc6c,representation,representation_disagreement,3649,2296205621,16,5000,0.4,0.05,rbf,median,anytime,bonferroni,3,2,False,B_BETTER,272,True,False,False,0.0002068330068141222,0.4,0.6620856821127257,True,True,True,False
7c3c6f547e9226637d02,representation,representation_disagreement,3650,887544330,16,5000,0.4,0.05,rbf,median,anytime,bonferroni,3,2,False,B_BETTER,240,True,False,False,0.00020658300491049886,0.4,0.6989114228795754,True,True,True,False
db09ad004eb369854e8f,representation,representation_disagreement,3651,3316778422,16,5000,0.4,0.05,rbf,median,anytime,bonferroni,3,2,False,B_BETTER,256,True,False,False,0.0002074160147458315,0.4,0.6796858875495522,True,True,True,False
17003f10d829cae61904,representation,representation_disagreement,3652,3231171893,16,5000,0.4,0.05,rbf,median,anytime,bonferroni,3,2,False,B_BETTER,256,True,False,False,0.00020920898532494903,0.4,0.6796858875495522,True,True,True,False
3fe04702b1f0a7e6aeb0,representation,representation_disagreement,3653,1670658345,16,5000,0.4,0.05,rbf,median,anytime,bonferroni,3,2,False,B_BETTER,224,True,False,False,0.00020662503084167838,0.4,0.7200353639175696,True,True,True,False
fa8c0d1619a134ee0c41,representation,representation_disagreement,3654,2907601177,16,5000,0.4,0.05,rbf,median,anytime,bonferroni,3,2,False,B_BETTER,224,True,False,False,0.00020454195328056812,0.4,0.7200353639175696,True,True,True,False
7b84b4faeaf111c81f9c,representation,representation_disagreement,3655,1712476654,16,5000,0.4,0.05,rbf,median,anytime,bonferroni,3,2,False,B_BETTER,240,True,False,False,0.00020466698333621025,0.4,0.6989114228795754,True,True,True,False
8bbac10fdf6d16c4b70a,representation,representation_disagreement,3656,2125046295,16,5000,0.4,0.05,rbf,median,anytime,bonferroni,3,2,False,B_BETTER,256,True,False,False,0.0002090419875457883,0.4,0.6796858875495522,True,True,True,False
af657d60d13a2fbda03b,representation,representation_disagreement,3657,3826213266,16,5000,0.4,0.05,rbf,median,anytime,bonferroni,3,2,False,B_BETTER,272,True,False,False,0.00020779098849743605,0.4,0.6620856821127259,True,True,True,False
e7501899629e42a94bbb,representation,representation_disagreement,3658,1237735208,16,5000,0.4,0.05,rbf,median,anytime,bonferroni,3,2,False,B_BETTER,272,True,False,False,0.00022016698494553566,0.4,0.6620856821127258,True,True,True,False
c304ac1c15544b65f8b2,representation,representation_disagreement,3659,2256759419,16,5000,0.4,0.05,rbf,median,anytime,bonferroni,3,2,False,B_BETTER,256,True,False,False,0.00022054195869714022,0.4,0.6796858875495522,True,True,True,False
36260af4f59eef5f053d,representation,representation_disagreement,3660,3646262505,16,5000,0.4,0.05,rbf,median,anytime,bonferroni,3,2,False,B_BETTER,256,True,False,False,0.0002104580053128302,0.4,0.6796858875495522,True,True,True,False
e4991d013cc662c4de65,representation,representation_disagreement,3661,250149952,16,5000,0.4,0.05,rbf,median,anytime,bonferroni,3,2,False,B_BETTER,272,True,False,False,0.0002062499988824129,0.4,0.6620856821127258,True,True,True,False
bf1d3e50b66d12710aec,representation,representation_disagreement,3662,2512764279,16,5000,0.4,0.05,rbf,median,anytime,bonferroni,3,2,False,B_BETTER,272,True,False,False,0.00020762498024851084,0.4,0.6620856821127257,True,True,True,False
88bb2d5e6d4f18d8811f,representation,representation_disagreement,3663,3741807596,16,5000,0.4,0.05,rbf,median,anytime,bonferroni,3,2,False,B_BETTER,224,True,False,False,0.0002044169814325869,0.4,0.7200353639175696,True,True,True,False
e5614c5aafa1b1936a7c,representation,representation_disagreement,3664,1861752848,16,5000,0.4,0.05,rbf,median,anytime,bonferroni,3,2,False,B_BETTER,256,True,False,False,0.00020970799960196018,0.4,0.6796858875495522,True,True,True,False
9f1978faec50b551a745,representation,representation_disagreement,3665,2756361,16,5000,0.4,0.05,rbf,median,anytime,bonferroni,3,2,False,B_BETTER,224,True,False,False,0.00020549999317154288,0.4,0.7200353639175696,True,True,True,False
cb9faa1c3c8c39cac88f,representation,representation_disagreement,3666,2903126233,16,5000,0.4,0.05,rbf,median,anytime,bonferroni,3,2,False,B_BETTER,272,True,False,False,0.00020812498405575752,0.4,0.6620856821127258,True,True,True,False
046c6b4e8301ef6435d3,representation,representation_disagreement,3667,238375435,16,5000,0.4,0.05,rbf,median,anytime,bonferroni,3,2,False,B_BETTER,320,True,False,False,0.0002110410132445395,0.4,0.6170219115444306,True,True,True,False
e00c314a97d720d5f121,representation,representation_disagreement,3668,2838726984,16,5000,0.4,0.05,rbf,median,anytime,bonferroni,3,2,False,B_BETTER,256,True,False,False,0.00021120900055393577,0.4,0.6796858875495522,True,True,True,False
847b5d5ac317fc172950,representation,representation_disagreement,3669,1697336898,16,5000,0.4,0.05,rbf,median,anytime,bonferroni,3,2,False,B_BETTER,208,True,False,False,0.00020704203052446246,0.4,0.7434004973451922,True,True,True,False
8019f4a2a498f1b04bb4,representation,representation_disagreement,3670,2879032793,16,5000,0.4,0.05,rbf,median,anytime,bonferroni,3,2,False,B_BETTER,224,True,False,False,0.0002045410219579935,0.4,0.7200353639175696,True,True,True,False
920540779d23cdf115bf,representation,representation_disagreement,3671,925818150,16,5000,0.4,0.05,rbf,median,anytime,bonferroni,3,2,False,B_BETTER,224,True,False,False,0.00020358298206701875,0.4,0.7200353639175696,True,True,True,False
fcc347b1698624066f59,representation,representation_disagreement,3672,2374901712,16,5000,0.4,0.05,rbf,median,anytime,bonferroni,3,2,False,B_BETTER,288,True,False,False,0.00020987499738112092,0.4,0.6458901399180805,True,True,True,False
4e52628e227923fa1ecf,representation,representation_disagreement,3673,856359991,16,5000,0.4,0.05,rbf,median,anytime,bonferroni,3,2,False,B_BETTER,208,True,False,False,0.00020304101053625345,0.4,0.7434004973451923,True,True,True,False
ef83e01e9800ccb6cc6b,representation,representation_disagreement,3674,2125976778,16,5000,0.4,0.05,rbf,median,anytime,bonferroni,3,2,False,B_BETTER,272,True,False,False,0.0002054590149782598,0.4,0.6620856821127257,True,True,True,False
c24a926ac85b213b3ae0,representation,representation_disagreement,3675,2932442845,16,5000,0.4,0.05,rbf,median,anytime,bonferroni,3,2,False,B_BETTER,240,True,False,False,0.00020574999507516623,0.4,0.6989114228795754,True,True,True,False
0f645c8647a13daaebf5,representation,representation_disagreement,3676,3832520081,16,5000,0.4,0.05,rbf,median,anytime,bonferroni,3,2,False,B_BETTER,272,True,False,False,0.00021054100943729281,0.4,0.6620856821127257,True,True,True,False
58563870faf47a127f42,representation,representation_disagreement,3677,3261168880,16,5000,0.4,0.05,rbf,median,anytime,bonferroni,3,2,False,B_BETTER,240,True,False,False,0.0002042920095846057,0.4,0.6989114228795754,True,True,True,False
3fa007c63ff52a2a63f5,representation,representation_disagreement,3678,319933312,16,5000,0.4,0.05,rbf,median,anytime,bonferroni,3,2,False,B_BETTER,208,True,False,False,0.0002038329839706421,0.4,0.7434004973451923,True,True,True,False
51518ccf25b3dbfee8e8,representation,representation_disagreement,3679,3816018216,16,5000,0.4,0.05,rbf,median,anytime,bonferroni,3,2,False,B_BETTER,240,True,False,False,0.00020545802544802427,0.4,0.6989114228795754,True,True,True,False
2fd09127e020138e6e8d,representation,representation_disagreement,3680,3160246246,16,5000,0.4,0.05,rbf,median,anytime,bonferroni,3,2,False,B_BETTER,224,True,False,False,0.00020762498024851084,0.4,0.7200353639175696,True,True,True,False
5ddc9252d1056eb26dbe,representation,representation_disagreement,3681,2334993221,16,5000,0.4,0.05,rbf,median,anytime,bonferroni,3,2,False,B_BETTER,256,True,False,False,0.0002061669947579503,0.4,0.6796858875495522,True,True,True,False
7b79bf41cc408e3563e6,representation,representation_disagreement,3682,2526940358,16,5000,0.4,0.05,rbf,median,anytime,bonferroni,3,2,False,B_BETTER,240,True,False,False,0.0002061669947579503,0.4,0.6989114228795754,True,True,True,False
c03e7188a901d0af8572,representation,representation_disagreement,3683,2465676255,16,5000,0.4,0.05,rbf,median,anytime,bonferroni,3,2,False,B_BETTER,256,True,False,False,0.00020650000078603625,0.4,0.6796858875495522,True,True,True,False
f408440888886030a24f,representation,representation_disagreement,3684,4268084731,16,5000,0.4,0.05,rbf,median,anytime,bonferroni,3,2,False,B_BETTER,240,True,False,False,0.00021049997303634882,0.4,0.6989114228795754,True,True,True,False
70b7a408f013b28f4a70,representation,representation_disagreement,3685,601758540,16,5000,0.4,0.05,rbf,median,anytime,bonferroni,3,2,False,B_BETTER,288,True,False,False,0.00020658399444073439,0.4,0.6458901399180805,True,True,True,False
d0f1ae8186a6a7d34abb,representation,representation_disagreement,3686,3653902665,16,5000,0.4,0.05,rbf,median,anytime,bonferroni,3,2,False,B_BETTER,272,True,False,False,0.00020766700617969036,0.4,0.6620856821127258,True,True,True,False
f91d3781840354562804,representation,representation_disagreement,3687,2341054541,16,5000,0.4,0.05,rbf,median,anytime,bonferroni,3,2,False,B_BETTER,240,True,False,False,0.00020566699095070362,0.4,0.6989114228795754,True,True,True,False
319c3514e181fbe452d8,representation,representation_disagreement,3688,1629468956,16,5000,0.4,0.05,rbf,median,anytime,bonferroni,3,2,False,B_BETTER,224,True,False,False,0.00020866701379418373,0.4,0.7200353639175696,True,True,True,False
5b7bcb974a8c16257c25,representation,representation_disagreement,3689,609030517,16,5000,0.4,0.05,rbf,median,anytime,bonferroni,3,2,False,B_BETTER,240,True,False,False,0.00020495901117101312,0.4,0.6989114228795754,True,True,True,False
9d117e12fd28e28cc0c3,representation,representation_disagreement,3690,2370456870,16,5000,0.4,0.05,rbf,median,anytime,bonferroni,3,2,False,B_BETTER,256,True,False,False,0.00020637502893805504,0.4,0.6796858875495522,True,True,True,False
22b305d914576a8a849f,representation,representation_disagreement,3691,3303314398,16,5000,0.4,0.05,rbf,median,anytime,bonferroni,3,2,False,B_BETTER,272,True,False,False,0.0002065840526483953,0.4,0.6620856821127259,True,True,True,False
d18159d91d0a8d743f0a,representation,representation_disagreement,3692,2850165505,16,5000,0.4,0.05,rbf,median,anytime,bonferroni,3,2,False,B_BETTER,304,True,False,False,0.0002121669822372496,0.4,0.6309186896508341,True,True,True,False
94500db88123fb6d336d,representation,representation_disagreement,3693,2861374577,16,5000,0.4,0.05,rbf,median,anytime,bonferroni,3,2,False,B_BETTER,240,True,False,False,0.00020541599951684475,0.4,0.6989114228795754,True,True,True,False
61d640e50cbee3c291a5,representation,representation_disagreement,3694,2771400968,16,5000,0.4,0.05,rbf,median,anytime,bonferroni,3,2,False,B_BETTER,320,True,False,False,0.0002084170118905604,0.4,0.6170219115444305,True,True,True,False
2dd1c6992af287d90c01,representation,representation_disagreement,3695,1972139061,16,5000,0.4,0.05,rbf,median,anytime,bonferroni,3,2,False,B_BETTER,256,True,False,False,0.00020608300110325217,0.4,0.6796858875495522,True,True,True,False
2a44e57c6b1b77a3a7db,representation,representation_disagreement,3696,2612328621,16,5000,0.4,0.05,rbf,median,anytime,bonferroni,3,2,False,B_BETTER,288,True,False,False,0.00021141697652637959,0.4,0.6458901399180805,True,True,True,False
0c2ee0133efc6eda5d00,representation,representation_disagreement,3697,1712587121,16,5000,0.4,0.05,rbf,median,anytime,bonferroni,3,2,False,B_BETTER,272,True,False,False,0.00020454201148822904,0.4,0.6620856821127258,True,True,True,False
b50c526f7d6a192bd008,representation,representation_disagreement,3698,2585730889,16,5000,0.4,0.05,rbf,median,anytime,bonferroni,3,2,False,B_BETTER,272,True,False,False,0.0002062499988824129,0.4,0.6620856821127258,True,True,True,False
379bc6c49278cfdb2d84,representation,representation_disagreement,3699,2942285824,16,5000,0.4,0.05,rbf,median,anytime,bonferroni,3,2,False,B_BETTER,208,True,False,False,0.00020504201529547572,0.4,0.7434004973451923,True,True,True,False
a57d9c47ac870ca83dce,representation,representation_disagreement,3700,1123892023,16,5000,0.4,0.05,rbf,median,anytime,bonferroni,3,2,False,B_BETTER,240,True,False,False,0.0002084170118905604,0.4,0.6989114228795754,True,True,True,False
df2aa8c9d96d64c1c687,representation,representation_disagreement,3701,3948875703,16,5000,0.4,0.05,rbf,median,anytime,bonferroni,3,2,False,B_BETTER,240,True,False,False,0.00020479201339185238,0.4,0.6989114228795754,True,True,True,False
05c81ea42379585b067b,representation,representation_disagreement,3702,3150260856,16,5000,0.4,0.05,rbf,median,anytime,bonferroni,3,2,False,B_BETTER,240,True,False,False,0.00020366604439914227,0.4,0.6989114228795754,True,True,True,False
583906d41d96a01addf0,representation,representation_disagreement,3703,638436027,16,5000,0.4,0.05,rbf,median,anytime,bonferroni,3,2,False,B_BETTER,288,True,False,False,0.00020650000078603625,0.4,0.6458901399180805,True,True,True,False
266c17b3c2857c0b6aff,representation,representation_disagreement,3704,3706708705,16,5000,0.4,0.05,rbf,median,anytime,bonferroni,3,2,False,B_BETTER,224,True,False,False,0.00020787498215213418,0.4,0.7200353639175696,True,True,True,False
86ba5a368f3015ab747c,representation,representation_disagreement,3705,963813913,16,5000,0.4,0.05,rbf,median,anytime,bonferroni,3,2,False,B_BETTER,240,True,False,False,0.00020599999697878957,0.4,0.6989114228795754,True,True,True,False
24c2bc4512c0c0c38d30,representation,representation_disagreement,3706,462850336,16,5000,0.4,0.05,rbf,median,anytime,bonferroni,3,2,False,B_BETTER,192,True,False,False,0.00020183296874165535,0.4,0.7694441991638782,True,True,True,False
7e90aa24b4c2159681f8,representation,representation_disagreement,3707,1499633741,16,5000,0.4,0.05,rbf,median,anytime,bonferroni,3,2,False,B_BETTER,240,True,False,False,0.00020487501751631498,0.4,0.6989114228795754,True,True,True,False
a1bdc18ebe2331940f8d,representation,representation_disagreement,3708,1191567070,16,5000,0.4,0.05,rbf,median,anytime,bonferroni,3,2,False,B_BETTER,256,True,False,False,0.0002102089929394424,0.4,0.6796858875495522,True,True,True,False
2d6a7db1a0831f90e239,representation,representation_disagreement,3709,3819510850,16,5000,0.4,0.05,rbf,median,anytime,bonferroni,3,2,False,B_BETTER,240,True,False,False,0.0002044999855570495,0.4,0.6989114228795754,True,True,True,False
5b35784b7651d9e1c968,representation,representation_disagreement,3710,2965324696,16,5000,0.4,0.05,rbf,median,anytime,bonferroni,3,2,False,B_BETTER,272,True,False,False,0.0002067089662887156,0.4,0.6620856821127259,True,True,True,False
50928aae7748f4e0ba0e,representation,representation_disagreement,3711,1233197942,16,5000,0.4,0.05,rbf,median,anytime,bonferroni,3,2,False,B_BETTER,256,True,False,False,0.00020479201339185238,0.4,0.6796858875495522,True,True,True,False
b34e7bd9345e0c099f11,representation,representation_disagreement,3712,3943255769,16,5000,0.4,0.05,rbf,median,anytime,bonferroni,3,2,False,B_BETTER,272,True,False,False,0.00021016702521592379,0.4,0.6620856821127259,True,True,True,False
1820f618e171f4f1df32,representation,representation_disagreement,3713,3101526451,16,5000,0.4,0.05,rbf,median,anytime,bonferroni,3,2,False,B_BETTER,256,True,False,False,0.00020812498405575752,0.4,0.6796858875495522,True,True,True,False
9918458c9ecc7bfdbac3,representation,representation_disagreement,3714,1007195510,16,5000,0.4,0.05,rbf,median,anytime,bonferroni,3,2,False,B_BETTER,256,True,False,False,0.00020533299539238214,0.4,0.6796858875495522,True,True,True,False
72e25e6a660cc3fa6362,representation,representation_disagreement,3715,1216940008,16,5000,0.4,0.05,rbf,median,anytime,bonferroni,3,2,False,B_BETTER,240,True,False,False,0.00020512501941993833,0.4,0.6989114228795754,True,True,True,False
ba2b5b45f1f9db750bdf,representation,representation_disagreement,3716,247728533,16,5000,0.4,0.05,rbf,median,anytime,bonferroni,3,2,False,B_BETTER,272,True,False,False,0.00021050003124400973,0.4,0.6620856821127258,True,True,True,False
deb016a5c9a8090d876a,representation,representation_disagreement,3717,1750802753,16,5000,0.4,0.05,rbf,median,anytime,bonferroni,3,2,False,B_BETTER,256,True,False,False,0.0002062080311588943,0.4,0.6796858875495522,True,True,True,False
4e414e6f681a5f0cd17e,representation,representation_disagreement,3718,1281189900,16,5000,0.4,0.05,rbf,median,anytime,bonferroni,3,2,False,B_BETTER,304,True,False,False,0.00020849995780736208,0.4,0.6309186896508341,True,True,True,False
4625c055b3e6ae00f077,representation,representation_disagreement,3719,3492203954,16,5000,0.4,0.05,rbf,median,anytime,bonferroni,3,2,False,B_BETTER,272,True,False,False,0.0002055829972960055,0.4,0.6620856821127258,True,True,True,False
6233107ed36392fcf529,representation,representation_disagreement,3720,853995345,16,5000,0.4,0.05,rbf,median,anytime,bonferroni,3,2,False,B_BETTER,288,True,False,False,0.0002115419483743608,0.4,0.6458901399180805,True,True,True,False
24a2c479f92ff800112f,representation,representation_disagreement,3721,1757921721,16,5000,0.4,0.05,rbf,median,anytime,bonferroni,3,2,False,B_BETTER,192,True,False,False,0.00020337500609457493,0.4,0.7694441991638783,True,True,True,False
69e2d161bdf6e15901f8,representation,representation_disagreement,3722,2324277534,16,5000,0.4,0.05,rbf,median,anytime,bonferroni,3,2,False,B_BETTER,240,True,False,False,0.00019799999427050352,0.4,0.6989114228795754,True,True,True,False
438f52d69de2428e7d42,representation,representation_disagreement,3723,3476924011,16,5000,0.4,0.05,rbf,median,anytime,bonferroni,3,2,False,B_BETTER,224,True,False,False,0.00017633300740271807,0.4,0.7200353639175696,True,True,True,False
2c41c52849b7baea42e6,representation,representation_disagreement,3724,464973734,16,5000,0.4,0.05,rbf,median,anytime,bonferroni,3,2,False,B_BETTER,320,True,False,False,0.0001828340464271605,0.4,0.6170219115444305,True,True,True,False
cbc2ce0c9d86ebcabc22,representation,representation_disagreement,3725,839242534,16,5000,0.4,0.05,rbf,median,anytime,bonferroni,3,2,False,B_BETTER,288,True,False,False,0.00017987500177696347,0.4,0.6458901399180805,True,True,True,False
9d35268bf080610ca6aa,representation,representation_disagreement,3726,2353065548,16,5000,0.4,0.05,rbf,median,anytime,bonferroni,3,2,False,B_BETTER,256,True,False,False,0.00017841701628640294,0.4,0.6796858875495522,True,True,True,False
350894e936e44c8412e9,representation,representation_disagreement,3727,3643635794,16,5000,0.4,0.05,rbf,median,anytime,bonferroni,3,2,False,B_BETTER,256,True,False,False,0.00017804204253479838,0.4,0.6796858875495522,True,True,True,False
f0832309bbde6e168381,representation,representation_disagreement,3728,3076128961,16,5000,0.4,0.05,rbf,median,anytime,bonferroni,3,2,False,B_BETTER,304,True,False,False,0.0001836249721236527,0.4,0.6309186896508341,True,True,True,False
2849a3b1a88adc0fdfdc,representation,representation_disagreement,3729,1795992905,16,5000,0.4,0.05,rbf,median,anytime,bonferroni,3,2,False,B_BETTER,256,True,False,False,0.00017820904031395912,0.4,0.6796858875495522,True,True,True,False
3a5a4d6c5d8dd822e1bd,representation,representation_disagreement,3730,229726043,16,5000,0.4,0.05,rbf,median,anytime,bonferroni,3,2,False,B_BETTER,256,True,False,False,0.0001788749941624701,0.4,0.6796858875495522,True,True,True,False
9fef95e9b0e07f7b541f,representation,representation_disagreement,3731,3395157408,16,5000,0.4,0.05,rbf,median,anytime,bonferroni,3,2,False,B_BETTER,272,True,False,False,0.00017837499035522342,0.4,0.6620856821127257,True,True,True,False
135d583af52554b6717e,representation,representation_disagreement,3732,811868368,16,5000,0.4,0.05,rbf,median,anytime,bonferroni,3,2,False,B_BETTER,256,True,False,False,0.00018216698663309216,0.4,0.6796858875495522,True,True,True,False
e99629d8fb4eb34e3f0c,representation,representation_disagreement,3733,2206033711,16,5000,0.4,0.05,rbf,median,anytime,bonferroni,3,2,False,B_BETTER,240,True,False,False,0.00017729098908603191,0.4,0.6989114228795754,True,True,True,False
bee8c4a4455853a01c15,representation,representation_disagreement,3734,318512083,16,5000,0.4,0.05,rbf,median,anytime,bonferroni,3,2,False,B_BETTER,288,True,False,False,0.0001787919900380075,0.4,0.6458901399180805,True,True,True,False
1f6e79a27c9a172784eb,representation,representation_disagreement,3735,3324025738,16,5000,0.4,0.05,rbf,median,anytime,bonferroni,3,2,False,B_BETTER,224,True,False,False,0.0001779159647412598,0.4,0.7200353639175696,True,True,True,False
784e690060e03b9f6b96,representation,representation_disagreement,3736,1832992273,16,5000,0.4,0.05,rbf,median,anytime,bonferroni,3,2,False,B_BETTER,304,True,False,False,0.00018287502462044358,0.4,0.6309186896508341,True,True,True,False
066fb9535c9bfb8b0fa8,representation,representation_disagreement,3737,200630149,16,5000,0.4,0.05,rbf,median,anytime,bonferroni,3,2,False,B_BETTER,208,True,False,False,0.00017679104348644614,0.4,0.7434004973451923,True,True,True,False
b2f3c456a9aacdefd90d,representation,representation_disagreement,3738,362326664,16,5000,0.4,0.05,rbf,median,anytime,bonferroni,3,2,False,B_BETTER,256,True,False,False,0.00017691694665700197,0.4,0.6796858875495522,True,True,True,False
f970c09460da36eb65a1,representation,representation_disagreement,3739,2775615024,16,5000,0.4,0.05,rbf,median,anytime,bonferroni,3,2,False,B_BETTER,288,True,False,False,0.00017804099479690194,0.4,0.6458901399180805,True,True,True,False
765d76e8d44a1b443092,representation,representation_disagreement,3740,1569413235,16,5000,0.4,0.05,rbf,median,anytime,bonferroni,3,2,False,B_BETTER,208,True,False,False,0.00017916603246703744,0.4,0.7434004973451922,True,True,True,False
edf4b659a3251344dd89,representation,representation_disagreement,3741,4162583689,16,5000,0.4,0.05,rbf,median,anytime,bonferroni,3,2,False,B_BETTER,256,True,False,False,0.00017775001469999552,0.4,0.6796858875495522,True,True,True,False
c0d5e90b7d5297d4a2e8,representation,representation_disagreement,3742,647975147,16,5000,0.4,0.05,rbf,median,anytime,bonferroni,3,2,False,B_BETTER,208,True,False,False,0.00017608300549909472,0.4,0.7434004973451922,True,True,True,False
784e12094c7d1efdce17,representation,representation_disagreement,3743,4097700431,16,5000,0.4,0.05,rbf,median,anytime,bonferroni,3,2,False,B_BETTER,208,True,False,False,0.00017520796973258257,0.4,0.7434004973451923,True,True,True,False
ca697afb803c9852cc65,representation,representation_disagreement,3744,3097646198,16,5000,0.4,0.05,rbf,median,anytime,bonferroni,3,2,False,B_BETTER,256,True,False,False,0.0001811670372262597,0.4,0.6796858875495522,True,True,True,False
1f4b68e2890af241c871,representation,representation_disagreement,3745,4257819054,16,5000,0.4,0.05,rbf,median,anytime,bonferroni,3,2,False,B_BETTER,240,True,False,False,0.0001759579754434526,0.4,0.6989114228795754,True,True,True,False
3285d66c9137c3aa1ed0,representation,representation_disagreement,3746,235332459,16,5000,0.4,0.05,rbf,median,anytime,bonferroni,3,2,False,B_BETTER,272,True,False,False,0.0001794170239008963,0.4,0.6620856821127258,True,True,True,False
35ad55c7d93d59eebac1,representation,representation_disagreement,3747,4142495710,16,5000,0.4,0.05,rbf,median,anytime,bonferroni,3,2,False,B_BETTER,288,True,False,False,0.00017795799067243934,0.4,0.6458901399180805,True,True,True,False
577378d9fb88546f9364,representation,representation_disagreement,3748,1959025707,16,5000,0.4,0.05,rbf,median,anytime,bonferroni,3,2,False,B_BETTER,240,True,False,False,0.00018100003944709897,0.4,0.6989114228795754,True,True,True,False
15a9dbcef08e51163635,representation,representation_disagreement,3749,325252326,16,5000,0.4,0.05,rbf,median,anytime,bonferroni,3,2,False,B_BETTER,256,True,False,False,0.0001788749941624701,0.4,0.6796858875495522,True,True,True,False
857f07d34ddb8336b1f9,representation,representation_disagreement,3750,2279893663,16,5000,0.4,0.05,rbf,median,anytime,bonferroni,3,2,False,B_BETTER,256,True,False,False,0.0001787089859135449,0.4,0.6796858875495522,True,True,True,False
5cc07e14673de1dd6c08,representation,representation_disagreement,3751,3584411252,16,5000,0.4,0.05,rbf,median,anytime,bonferroni,3,2,False,B_BETTER,288,True,False,False,0.00017904199194163084,0.4,0.6458901399180805,True,True,True,False
7b7b0d5f0474ab2cee58,representation,representation_disagreement,3752,1729384988,16,5000,0.4,0.05,rbf,median,anytime,bonferroni,3,2,False,B_BETTER,208,True,False,False,0.00017795804888010025,0.4,0.7434004973451923,True,True,True,False
56547792a1692bf10fcc,representation,representation_disagreement,3753,93877568,16,5000,0.4,0.05,rbf,median,anytime,bonferroni,3,2,False,B_BETTER,288,True,False,False,0.0001790410024113953,0.4,0.6458901399180805,True,True,True,False
e1bd7bd24a214a82eaa6,representation,representation_disagreement,3754,798859977,16,5000,0.4,0.05,rbf,median,anytime,bonferroni,3,2,False,B_BETTER,288,True,False,False,0.0001783330226317048,0.4,0.6458901399180805,True,True,True,False
a71542cf539c907d6918,representation,representation_disagreement,3755,1383166423,16,5000,0.4,0.05,rbf,median,anytime,bonferroni,3,2,False,B_BETTER,240,True,False,False,0.00017695798305794597,0.4,0.6989114228795754,True,True,True,False
d9028bc5eac5fde995b0,representation,representation_disagreement,3756,2977412720,16,5000,0.4,0.05,rbf,median,anytime,bonferroni,3,2,False,B_BETTER,224,True,False,False,0.00017899996601045132,0.4,0.7200353639175696,True,True,True,False
900bea2b548fa530299f,representation,representation_disagreement,3757,2275767670,16,5000,0.4,0.05,rbf,median,anytime,bonferroni,3,2,False,B_BETTER,272,True,False,False,0.00017862505046650767,0.4,0.6620856821127258,True,True,True,False
024f992d34774a656001,representation,representation_disagreement,3758,1809933262,16,5000,0.4,0.05,rbf,median,anytime,bonferroni,3,2,False,B_BETTER,224,True,False,False,0.00017604103777557611,0.4,0.7200353639175696,True,True,True,False
f68896cad9c8061068ef,representation,representation_disagreement,3759,4219057308,16,5000,0.4,0.05,rbf,median,anytime,bonferroni,3,2,False,B_BETTER,288,True,False,False,0.00017829099670052528,0.4,0.6458901399180805,True,True,True,False
479814594c2a3a95dcea,representation,representation_disagreement,3760,2788857342,16,5000,0.4,0.05,rbf,median,anytime,bonferroni,3,2,False,B_BETTER,272,True,False,False,0.0001818750170059502,0.4,0.6620856821127258,True,True,True,False
21bc2a6ef00d575aa0aa,representation,representation_disagreement,3761,2661668052,16,5000,0.4,0.05,rbf,median,anytime,bonferroni,3,2,False,B_BETTER,352,True,False,False,0.0001806250074878335,0.4,0.5919724096504784,True,True,True,False
ba56039c2e9ada44d351,representation,representation_disagreement,3762,2344903597,16,5000,0.4,0.05,rbf,median,anytime,bonferroni,3,2,False,B_BETTER,272,True,False,False,0.000179917027708143,0.4,0.6620856821127257,True,True,True,False
22cd09fca4659a316d42,representation,representation_disagreement,3763,1802759193,16,5000,0.4,0.05,rbf,median,anytime,bonferroni,3,2,False,B_BETTER,272,True,False,False,0.00017816596664488316,0.4,0.6620856821127258,True,True,True,False
4b9ebb201c8908119094,representation,representation_disagreement,3764,3109950389,16,5000,0.4,0.05,rbf,median,anytime,bonferroni,3,2,False,B_BETTER,288,True,False,False,0.00018112501129508018,0.4,0.6458901399180805,True,True,True,False
89ea07057a091f5d0bd3,representation,representation_disagreement,3765,1886587809,16,5000,0.4,0.05,rbf,median,anytime,bonferroni,3,2,False,B_BETTER,208,True,False,False,0.00017554202349856496,0.4,0.7434004973451923,True,True,True,False
71e7c61d4ab87d78fb55,representation,representation_disagreement,3766,1801310489,16,5000,0.4,0.05,rbf,median,anytime,bonferroni,3,2,False,B_BETTER,272,True,False,False,0.0001782499602995813,0.4,0.6620856821127258,True,True,True,False
3f7f77884ce8f776ad55,representation,representation_disagreement,3767,3600651716,16,5000,0.4,0.05,rbf,median,anytime,bonferroni,3,2,False,B_BETTER,256,True,False,False,0.0001765830093063414,0.4,0.6796858875495522,True,True,True,False
797bee48b4e5c8a1c12b,representation,representation_disagreement,3768,3989485766,16,5000,0.4,0.05,rbf,median,anytime,bonferroni,3,2,False,B_BETTER,272,True,False,False,0.00018162501510232687,0.4,0.6620856821127258,True,True,True,False
664eea2de3e4d0f1e778,representation,representation_disagreement,3769,1803488177,16,5000,0.4,0.05,rbf,median,anytime,bonferroni,3,2,False,B_BETTER,256,True,False,False,0.00017670798115432262,0.4,0.6796858875495522,True,True,True,False
107f2cad15cf7e26c6a2,representation,representation_disagreement,3770,3550830916,16,5000,0.4,0.05,rbf,median,anytime,bonferroni,3,2,False,B_BETTER,256,True,False,False,0.00017658399883657694,0.4,0.6796858875495522,True,True,True,False
50a2eca1ddb807485b60,representation,representation_disagreement,3771,3506765794,16,5000,0.4,0.05,rbf,median,anytime,bonferroni,3,2,False,B_BETTER,288,True,False,False,0.00017854198813438416,0.4,0.6458901399180805,True,True,True,False
fbfcc00f5338fff752d3,representation,representation_disagreement,3772,3658983609,16,5000,0.4,0.05,rbf,median,anytime,bonferroni,3,2,False,B_BETTER,208,True,False,False,0.00017791701247915626,0.4,0.7434004973451923,True,True,True,False
788d730177a2a185bcb4,representation,representation_disagreement,3773,2139052619,16,5000,0.4,0.05,rbf,median,anytime,bonferroni,3,2,False,B_BETTER,304,True,False,False,0.00017854198813438416,0.4,0.6309186896508341,True,True,True,False
5523f80615b1a5804975,representation,representation_disagreement,3774,2545765018,16,5000,0.4,0.05,rbf,median,anytime,bonferroni,3,2,False,B_BETTER,256,True,False,False,0.00017729197861626744,0.4,0.6796858875495522,True,True,True,False
53c967816a0b2d83584b,representation,representation_disagreement,3775,2022418804,16,5000,0.4,0.05,rbf,median,anytime,bonferroni,3,2,False,B_BETTER,240,True,False,False,0.0001765000051818788,0.4,0.6989114228795754,True,True,True,False
3035b962ae1864e5a90d,representation,representation_disagreement,3776,694823845,16,5000,0.4,0.05,rbf,median,anytime,bonferroni,3,2,False,B_BETTER,256,True,False,False,0.00018154201097786427,0.4,0.6796858875495522,True,True,True,False
2dc1b26f8ce21ed70b0e,representation,representation_disagreement,3777,1364089562,16,5000,0.4,0.05,rbf,median,anytime,bonferroni,3,2,False,B_BETTER,288,True,False,False,0.00017954199574887753,0.4,0.6458901399180805,True,True,True,False
fd7b3181cbbc04b95a91,representation,representation_disagreement,3778,2071343990,16,5000,0.4,0.05,rbf,median,anytime,bonferroni,3,2,False,B_BETTER,288,True,False,False,0.00017820799257606268,0.4,0.6458901399180805,True,True,True,False
079659c54f66436e4996,representation,representation_disagreement,3779,2339477184,16,5000,0.4,0.05,rbf,median,anytime,bonferroni,3,2,False,B_BETTER,240,True,False,False,0.00017562496941536665,0.4,0.6989114228795754,True,True,True,False
c113c2b9595213ab8154,representation,representation_disagreement,3780,333218235,16,5000,0.4,0.05,rbf,median,anytime,bonferroni,3,2,False,B_BETTER,256,True,False,False,0.00018050003563985229,0.4,0.6796858875495522,True,True,True,False
af10e558a8dcb46457c6,representation,representation_disagreement,3781,1423351879,16,5000,0.4,0.05,rbf,median,anytime,bonferroni,3,2,False,B_BETTER,240,True,False,False,0.00017554202349856496,0.4,0.6989114228795754,True,True,True,False
62f000456e6648455fa8,representation,representation_disagreement,3782,1115138560,16,5000,0.4,0.05,rbf,median,anytime,bonferroni,3,2,False,B_BETTER,304,True,False,False,0.0001800419995561242,0.4,0.6309186896508341,True,True,True,False
c0c5d1809c89dab2e1d1,representation,representation_disagreement,3783,3017913479,16,5000,0.4,0.05,rbf,median,anytime,bonferroni,3,2,False,B_BETTER,224,True,False,False,0.00020299997413530946,0.4,0.7200353639175696,True,True,True,False
984ec44e7c2e0c267dca,representation,representation_disagreement,3784,1630843524,16,5000,0.4,0.05,rbf,median,anytime,bonferroni,3,2,False,B_BETTER,240,True,False,False,0.00020762498024851084,0.4,0.6989114228795754,True,True,True,False
4524d874d23bc4f69ff2,representation,representation_disagreement,3785,743630014,16,5000,0.4,0.05,rbf,median,anytime,bonferroni,3,2,False,B_BETTER,256,True,False,False,0.00020604196470230818,0.4,0.6796858875495522,True,True,True,False
aaf01ba7fec42cc29da4,representation,representation_disagreement,3786,1240865289,16,5000,0.4,0.05,rbf,median,anytime,bonferroni,3,2,False,B_BETTER,272,True,False,False,0.00020466605201363564,0.4,0.6620856821127258,True,True,True,False
ea63c8bc74d25451277c,representation,representation_disagreement,3787,1973174622,16,5000,0.4,0.05,rbf,median,anytime,bonferroni,3,2,False,B_BETTER,288,True,False,False,0.00020766595844179392,0.4,0.6458901399180805,True,True,True,False
4c4d0d756c01643c44bc,representation,representation_disagreement,3788,3262180056,16,5000,0.4,0.05,rbf,median,anytime,bonferroni,3,2,False,B_BETTER,272,True,False,False,0.00021075003314763308,0.4,0.6620856821127259,True,True,True,False
84dfd4b0912df67b811b,representation,representation_disagreement,3789,2026036252,16,5000,0.4,0.05,rbf,median,anytime,bonferroni,3,2,False,B_BETTER,288,True,False,False,0.00020608300110325217,0.4,0.6458901399180805,True,True,True,False
325e42c102b9eaec1cfb,representation,representation_disagreement,3790,361863383,16,5000,0.4,0.05,rbf,median,anytime,bonferroni,3,2,False,B_BETTER,224,True,False,False,0.00020458304788917303,0.4,0.7200353639175696,True,True,True,False
6f47fe8e8f42605dfdb0,representation,representation_disagreement,3791,835226185,16,5000,0.4,0.05,rbf,median,anytime,bonferroni,3,2,False,B_BETTER,272,True,False,False,0.00020662497263401747,0.4,0.6620856821127259,True,True,True,False
f86b99a91c83e4426d97,representation,representation_disagreement,3792,2169036190,16,5000,0.4,0.05,rbf,median,anytime,bonferroni,3,2,False,B_BETTER,256,True,False,False,0.0003857080009765923,0.4,0.6796858875495522,True,True,True,False
ab41572a0ad625a183aa,representation,representation_disagreement,3793,1804109309,16,5000,0.4,0.05,rbf,median,anytime,bonferroni,3,2,False,B_BETTER,288,True,False,False,0.00031120801577344537,0.4,0.6458901399180805,True,True,True,False
49f86728e084b6807c73,representation,representation_disagreement,3794,3675633025,16,5000,0.4,0.05,rbf,median,anytime,bonferroni,3,2,False,B_BETTER,240,True,False,False,0.0002482500276528299,0.4,0.6989114228795754,True,True,True,False
81925c8c26aaab543615,representation,representation_disagreement,3795,2642769811,16,5000,0.4,0.05,rbf,median,anytime,bonferroni,3,2,False,B_BETTER,272,True,False,False,0.00024345796555280685,0.4,0.6620856821127257,True,True,True,False
ca5c512442df786ee01b,representation,representation_disagreement,3796,318608071,16,5000,0.4,0.05,rbf,median,anytime,bonferroni,3,2,False,B_BETTER,208,True,False,False,0.0002388330176472664,0.4,0.7434004973451923,True,True,True,False
621e679665e1a900d343,representation,representation_disagreement,3797,4043462880,16,5000,0.4,0.05,rbf,median,anytime,bonferroni,3,2,False,B_BETTER,288,True,False,False,0.00024762499378994107,0.4,0.6458901399180805,True,True,True,False
bbe1427b03ea5da0bf50,representation,representation_disagreement,3798,891337300,16,5000,0.4,0.05,rbf,median,anytime,bonferroni,3,2,False,B_BETTER,272,True,False,False,0.0002432079636491835,0.4,0.6620856821127257,True,True,True,False
8dede7e53ec5e47742fa,representation,representation_disagreement,3799,375229960,16,5000,0.4,0.05,rbf,median,anytime,bonferroni,3,2,False,B_BETTER,288,True,False,False,0.0002417920040898025,0.4,0.6458901399180805,True,True,True,False
71f6ab4e2a122ae343e5,representation,representation_disagreement,3800,1002460868,16,5000,0.4,0.05,rbf,median,anytime,bonferroni,3,2,False,B_BETTER,192,True,False,False,0.00023662502644583583,0.4,0.7694441991638782,True,True,True,False
144362becb2ccc87e622,representation,representation_disagreement,3801,893056176,16,5000,0.4,0.05,rbf,median,anytime,bonferroni,3,2,False,B_BETTER,240,True,False,False,0.0002470830222591758,0.4,0.6989114228795754,True,True,True,False
09204cf72ef2cdb4024e,representation,representation_disagreement,3802,1405345814,16,5000,0.4,0.05,rbf,median,anytime,bonferroni,3,2,False,B_BETTER,240,True,False,False,0.000238874985370785,0.4,0.6989114228795754,True,True,True,False
3d6627e91ef9eaee6c5f,representation,representation_disagreement,3803,1455501127,16,5000,0.4,0.05,rbf,median,anytime,bonferroni,3,2,False,B_BETTER,256,True,False,False,0.0002388330176472664,0.4,0.6796858875495522,True,True,True,False
4ce9e8de06427a2586be,representation,representation_disagreement,3804,2669214699,16,5000,0.4,0.05,rbf,median,anytime,bonferroni,3,2,False,B_BETTER,256,True,False,False,0.0002395000192336738,0.4,0.6796858875495522,True,True,True,False
bffd68e65c37a58fe512,representation,representation_disagreement,3805,3488208829,16,5000,0.4,0.05,rbf,median,anytime,bonferroni,3,2,False,B_BETTER,256,True,False,False,0.000242499983869493,0.4,0.6796858875495522,True,True,True,False
e52716c0ca5eca62c947,representation,representation_disagreement,3806,1743637560,16,5000,0.4,0.05,rbf,median,anytime,bonferroni,3,2,False,B_BETTER,256,True,False,False,0.0002390409936197102,0.4,0.6796858875495522,True,True,True,False
3347b3fe538df5532b70,representation,representation_disagreement,3807,2872673354,16,5000,0.4,0.05,rbf,median,anytime,bonferroni,3,2,False,B_BETTER,240,True,False,False,0.0002437080256640911,0.4,0.6989114228795754,True,True,True,False
5fbe89a96edfb67ad050,representation,representation_disagreement,3808,206847299,16,5000,0.4,0.05,rbf,median,anytime,bonferroni,3,2,False,B_BETTER,240,True,False,False,0.000238874985370785,0.4,0.6989114228795754,True,True,True,False
3812320524feb1d49239,representation,representation_disagreement,3809,3271115486,16,5000,0.4,0.05,rbf,median,anytime,bonferroni,3,2,False,B_BETTER,240,True,False,False,0.0002405419945716858,0.4,0.6989114228795754,True,True,True,False
19d4d223adb2b7c5ebe7,representation,representation_disagreement,3810,2812045587,16,5000,0.4,0.05,rbf,median,anytime,bonferroni,3,2,False,B_BETTER,320,True,False,False,0.00024095800472423434,0.4,0.6170219115444305,True,True,True,False
09fd16051572ee83809a,representation,representation_disagreement,3811,2110471422,16,5000,0.4,0.05,rbf,median,anytime,bonferroni,3,2,False,B_BETTER,272,True,False,False,0.0002394170151092112,0.4,0.6620856821127258,True,True,True,False
5f70de8d2bfdeda001be,representation,representation_disagreement,3812,3522778368,16,5000,0.4,0.05,rbf,median,anytime,bonferroni,3,2,False,B_BETTER,272,True,False,False,0.0002395000192336738,0.4,0.6620856821127258,True,True,True,False
5a62a97ac3e346b29275,representation,representation_disagreement,3813,2055346207,16,5000,0.4,0.05,rbf,median,anytime,bonferroni,3,2,False,B_BETTER,240,True,False,False,0.0002562080044299364,0.4,0.6989114228795754,True,True,True,False
1ebe980e6c08957a3ffd,representation,representation_disagreement,3814,2085205650,16,5000,0.4,0.05,rbf,median,anytime,bonferroni,3,2,False,B_BETTER,256,True,False,False,0.0002589999930933118,0.4,0.6796858875495522,True,True,True,False
5b6e748f9149d7cd5525,representation,representation_disagreement,3815,1578336556,16,5000,0.4,0.05,rbf,median,anytime,bonferroni,3,2,False,B_BETTER,224,True,False,False,0.00023924995912238955,0.4,0.7200353639175696,True,True,True,False
be8d6b54ce4f643feeef,representation,representation_disagreement,3816,1314928868,16,5000,0.4,0.05,rbf,median,anytime,bonferroni,3,2,False,B_BETTER,240,True,False,False,0.00024262501392513514,0.4,0.6989114228795754,True,True,True,False
89fc3ab618e8fda0e867,representation,representation_disagreement,3817,928233479,16,5000,0.4,0.05,rbf,median,anytime,bonferroni,3,2,False,B_BETTER,256,True,False,False,0.0002448330051265657,0.4,0.6796858875495522,True,True,True,False
afa3d049c33e4f2a9523,representation,representation_disagreement,3818,281854443,16,5000,0.4,0.05,rbf,median,anytime,bonferroni,3,2,False,B_BETTER,256,True,False,False,0.00024337496142834425,0.4,0.6796858875495522,True,True,True,False
ed70b63bfd2a22c099e7,representation,representation_disagreement,3819,798957654,16,5000,0.4,0.05,rbf,median,anytime,bonferroni,3,2,False,B_BETTER,288,True,False,False,0.0002529170014895499,0.4,0.6458901399180805,True,True,True,False
00f60dae34cbbc658a94,representation,representation_disagreement,3820,1594914032,16,5000,0.4,0.05,rbf,median,anytime,bonferroni,3,2,False,B_BETTER,224,True,False,False,0.0002615830162540078,0.4,0.7200353639175696,True,True,True,False
935f81ca94bff3add24d,representation,representation_disagreement,3821,3159872968,16,5000,0.4,0.05,rbf,median,anytime,bonferroni,3,2,False,B_BETTER,224,True,False,False,0.0002561250003054738,0.4,0.7200353639175696,True,True,True,False
e6ce44497d15bc6a6ea0,representation,representation_disagreement,3822,3653943757,16,5000,0.4,0.05,rbf,median,anytime,bonferroni,3,2,False,B_BETTER,304,True,False,False,0.0002502080169506371,0.4,0.6309186896508341,True,True,True,False
ac2e2325d5e2d9f190e2,representation,representation_disagreement,3823,1579862265,16,5000,0.4,0.05,rbf,median,anytime,bonferroni,3,2,False,B_BETTER,224,True,False,False,0.00025395903503522277,0.4,0.7200353639175696,True,True,True,False
f9ad7cc799be06e89e10,representation,representation_disagreement,3824,3362929231,16,5000,0.4,0.05,rbf,median,anytime,bonferroni,3,2,False,B_BETTER,240,True,False,False,0.00023804104421287775,0.4,0.6989114228795754,True,True,True,False
bf86c96c0a9a3dd9356f,representation,representation_disagreement,3825,1310761872,16,5000,0.4,0.05,rbf,median,anytime,bonferroni,3,2,False,B_BETTER,256,True,False,False,0.0002435839851386845,0.4,0.6796858875495522,True,True,True,False
4808883204316d1322bc,representation,representation_disagreement,3826,2838496921,16,5000,0.4,0.05,rbf,median,anytime,bonferroni,3,2,False,B_BETTER,272,True,False,False,0.00023862504167482257,0.4,0.6620856821127258,True,True,True,False
d7a19c284884d861d0fe,representation,representation_disagreement,3827,2084288064,16,5000,0.4,0.05,rbf,median,anytime,bonferroni,3,2,False,B_BETTER,272,True,False,False,0.00023837503977119923,0.4,0.6620856821127258,True,True,True,False
663369b349c43dc5c2fc,representation,representation_disagreement,3828,2040871461,16,5000,0.4,0.05,rbf,median,anytime,bonferroni,3,2,False,B_BETTER,192,True,False,False,0.00022195803467184305,0.4,0.7694441991638782,True,True,True,False
6e7522737cd4d0bab021,representation,representation_disagreement,3829,3731512925,16,5000,0.4,0.05,rbf,median,anytime,bonferroni,3,2,False,B_BETTER,256,True,False,False,0.00018645799718797207,0.4,0.6796858875495522,True,True,True,False
800f969d732f5cf60153,representation,representation_disagreement,3830,1162401673,16,5000,0.4,0.05,rbf,median,anytime,bonferroni,3,2,False,B_BETTER,224,True,False,False,0.00017966696759685874,0.4,0.7200353639175696,True,True,True,False
d02a2a45ac08825414ad,representation,representation_disagreement,3831,4056337491,16,5000,0.4,0.05,rbf,median,anytime,bonferroni,3,2,False,B_BETTER,256,True,False,False,0.00018029200145974755,0.4,0.6796858875495522,True,True,True,False
57b36d23c1d56f9742db,representation,representation_disagreement,3832,2197218298,16,5000,0.4,0.05,rbf,median,anytime,bonferroni,3,2,False,B_BETTER,240,True,False,False,0.00017745897639542818,0.4,0.6989114228795754,True,True,True,False
d672fe3489306e1c8f2f,representation,representation_disagreement,3833,1210435191,16,5000,0.4,0.05,rbf,median,anytime,bonferroni,3,2,False,B_BETTER,256,True,False,False,0.00017779198242351413,0.4,0.6796858875495522,True,True,True,False
ff8e6bfb56c00d1afdb6,representation,representation_disagreement,3834,4015002181,16,5000,0.4,0.05,rbf,median,anytime,bonferroni,3,2,False,B_BETTER,304,True,False,False,0.00017924996791407466,0.4,0.6309186896508341,True,True,True,False
bb6561055362501c9e90,representation,representation_disagreement,3835,417784163,16,5000,0.4,0.05,rbf,median,anytime,bonferroni,3,2,False,B_BETTER,272,True,False,False,0.00017779204063117504,0.4,0.6620856821127258,True,True,True,False
51f28aab087692ae8063,representation,representation_disagreement,3836,4075499622,16,5000,0.4,0.05,rbf,median,anytime,bonferroni,3,2,False,B_BETTER,256,True,False,False,0.0001782499602995813,0.4,0.6796858875495522,True,True,True,False
69e636cfabe11ec0d27a,representation,representation_disagreement,3837,2052207967,16,5000,0.4,0.05,rbf,median,anytime,bonferroni,3,2,False,B_BETTER,272,True,False,False,0.00017866701819002628,0.4,0.6620856821127257,True,True,True,False
4cd706ced85405fe05b8,representation,representation_disagreement,3838,3384883111,16,5000,0.4,0.05,rbf,median,anytime,bonferroni,3,2,False,B_BETTER,256,True,False,False,0.00017704203492030501,0.4,0.6796858875495522,True,True,True,False
89d811dbaefa6f40047b,representation,representation_disagreement,3839,2618716844,16,5000,0.4,0.05,rbf,median,anytime,bonferroni,3,2,False,B_BETTER,256,True,False,False,0.0001770419767126441,0.4,0.6796858875495522,True,True,True,False
362e855f9a1fd186ebdf,representation,representation_disagreement,3840,367285407,16,5000,0.4,0.05,rbf,median,anytime,bonferroni,3,2,False,B_BETTER,256,True,False,False,0.00017637497512623668,0.4,0.6796858875495522,True,True,True,False
45cb60f38624f1227ba4,representation,representation_disagreement,3841,3492453542,16,5000,0.4,0.05,rbf,median,anytime,bonferroni,3,2,False,B_BETTER,272,True,False,False,0.000178084010258317,0.4,0.6620856821127257,True,True,True,False
a1b9e022d54b926a868e,representation,representation_disagreement,3842,2359128355,16,5000,0.4,0.05,rbf,median,anytime,bonferroni,3,2,False,B_BETTER,208,True,False,False,0.00017420900985598564,0.4,0.7434004973451923,True,True,True,False
29b7f58770299b04f361,representation,representation_disagreement,3843,1432714733,16,5000,0.4,0.05,rbf,median,anytime,bonferroni,3,2,False,B_BETTER,224,True,False,False,0.00023504195269197226,0.4,0.7200353639175696,True,True,True,False
242d5af593d7b856709c,representation,representation_disagreement,3844,3787998769,16,5000,0.4,0.05,rbf,median,anytime,bonferroni,3,2,False,B_BETTER,256,True,False,False,0.00025099999038502574,0.4,0.6796858875495522,True,True,True,False
798537a3b99b1a1d37e9,representation,representation_disagreement,3845,2036964629,16,5000,0.4,0.05,rbf,median,anytime,bonferroni,3,2,False,B_BETTER,240,True,False,False,0.0002484169672243297,0.4,0.6989114228795754,True,True,True,False
b9c12612a145ecc567e7,representation,representation_disagreement,3846,2199931037,16,5000,0.4,0.05,rbf,median,anytime,bonferroni,3,2,False,B_BETTER,288,True,False,False,0.00024512497475370765,0.4,0.6458901399180805,True,True,True,False
858c77a360a96675c177,representation,representation_disagreement,3847,4019109187,16,5000,0.4,0.05,rbf,median,anytime,bonferroni,3,2,False,B_BETTER,288,True,False,False,0.0002446250291541219,0.4,0.6458901399180805,True,True,True,False
913f1471d6400619a496,representation,representation_disagreement,3848,636358783,16,5000,0.4,0.05,rbf,median,anytime,bonferroni,3,2,False,B_BETTER,288,True,False,False,0.00024458300322294235,0.4,0.6458901399180805,True,True,True,False
63963c46142241e6d3ab,representation,representation_disagreement,3849,1164158717,16,5000,0.4,0.05,rbf,median,anytime,bonferroni,3,2,False,B_BETTER,272,True,False,False,0.00024574995040893555,0.4,0.6620856821127259,True,True,True,False
a3e333be046040f89791,representation,representation_disagreement,3850,524032664,16,5000,0.4,0.05,rbf,median,anytime,bonferroni,3,2,False,B_BETTER,240,True,False,False,0.00024050002684816718,0.4,0.6989114228795754,True,True,True,False
7e4dfaf30b029c5af61b,representation,representation_disagreement,3851,1103156472,16,5000,0.4,0.05,rbf,median,anytime,bonferroni,3,2,False,B_BETTER,240,True,False,False,0.00023979198886081576,0.4,0.6989114228795754,True,True,True,False
1a6ae60a47ae88a8bf85,representation,representation_disagreement,3852,294982868,16,5000,0.4,0.05,rbf,median,anytime,bonferroni,3,2,False,B_BETTER,176,True,False,False,0.000244333001319319,0.4,0.7987351700636655,True,True,True,False
99f9f77c75f64ecf3297,representation,representation_disagreement,3853,3587840319,16,5000,0.4,0.05,rbf,median,anytime,bonferroni,3,2,False,B_BETTER,208,True,False,False,0.0002685410436242819,0.4,0.7434004973451922,True,True,True,False
b6f4f63ace929364d0b3,representation,representation_disagreement,3854,3979226423,16,5000,0.4,0.05,rbf,median,anytime,bonferroni,3,2,False,B_BETTER,224,True,False,False,0.0002715829759836197,0.4,0.7200353639175696,True,True,True,False
6ee9efbd7441171f768e,representation,representation_disagreement,3855,999033215,16,5000,0.4,0.05,rbf,median,anytime,bonferroni,3,2,False,B_BETTER,336,True,False,False,0.00027295801555737853,0.4,0.60407492330224,True,True,True,False
02cb70b4ef90033d0c15,representation,representation_disagreement,3856,3207686090,16,5000,0.4,0.05,rbf,median,anytime,bonferroni,3,2,False,B_BETTER,240,True,False,False,0.000279792002402246,0.4,0.6989114228795754,True,True,True,False
f9219e204739cea919ff,representation,representation_disagreement,3857,3974777715,16,5000,0.4,0.05,rbf,median,anytime,bonferroni,3,2,False,B_BETTER,224,True,False,False,0.00024354096967726946,0.4,0.7200353639175696,True,True,True,False
9e133f2e74ebfd19ae5e,representation,representation_disagreement,3858,2705124236,16,5000,0.4,0.05,rbf,median,anytime,bonferroni,3,2,False,B_BETTER,304,True,False,False,0.00024174997815862298,0.4,0.6309186896508341,True,True,True,False
74c1f2a454233a21804c,representation,representation_disagreement,3859,2401736207,16,5000,0.4,0.05,rbf,median,anytime,bonferroni,3,2,False,B_BETTER,224,True,False,False,0.00023862504167482257,0.4,0.7200353639175696,True,True,True,False
f565496f0fd5b4965fd2,representation,representation_disagreement,3860,3680377884,16,5000,0.4,0.05,rbf,median,anytime,bonferroni,3,2,False,B_BETTER,240,True,False,False,0.0002429999876767397,0.4,0.6989114228795754,True,True,True,False
8b7ebc14c33be7d78402,representation,representation_disagreement,3861,2138151746,16,5000,0.4,0.05,rbf,median,anytime,bonferroni,3,2,False,B_BETTER,272,True,False,False,0.00024337501963600516,0.4,0.6620856821127259,True,True,True,False
6a47f6d68ec6602013f3,representation,representation_disagreement,3862,1332551666,16,5000,0.4,0.05,rbf,median,anytime,bonferroni,3,2,False,B_BETTER,208,True,False,False,0.00023629202041774988,0.4,0.7434004973451923,True,True,True,False
1201ff7582ac45edc025,representation,representation_disagreement,3863,3892302920,16,5000,0.4,0.05,rbf,median,anytime,bonferroni,3,2,False,B_BETTER,240,True,False,False,0.00023812497965991497,0.4,0.6989114228795754,True,True,True,False
2a19fdffac6b2c6e9239,representation,representation_disagreement,3864,370620826,16,5000,0.4,0.05,rbf,median,anytime,bonferroni,3,2,False,B_BETTER,256,True,False,False,0.00023954198695719242,0.4,0.6796858875495522,True,True,True,False
5fa74f3a12d0c7cd6cac,representation,representation_disagreement,3865,1770696688,16,5000,0.4,0.05,rbf,median,anytime,bonferroni,3,2,False,B_BETTER,256,True,False,False,0.00024091702653095126,0.4,0.6796858875495522,True,True,True,False
de8f8c0a49f72ae19033,representation,representation_disagreement,3866,1566737122,16,5000,0.4,0.05,rbf,median,anytime,bonferroni,3,2,False,B_BETTER,336,True,False,False,0.00024204200599342585,0.4,0.60407492330224,True,True,True,False
ae95f60217b3a526c2d9,representation,representation_disagreement,3867,3701493649,16,5000,0.4,0.05,rbf,median,anytime,bonferroni,3,2,False,B_BETTER,208,True,False,False,0.00023987499298527837,0.4,0.7434004973451923,True,True,True,False
399b9aff32f54c6c9862,representation,representation_disagreement,3868,409107721,16,5000,0.4,0.05,rbf,median,anytime,bonferroni,3,2,False,B_BETTER,320,True,False,False,0.00025108299450948834,0.4,0.6170219115444306,True,True,True,False
a639429f865d78fd58a5,representation,representation_disagreement,3869,1876337613,16,5000,0.4,0.05,rbf,median,anytime,bonferroni,3,2,False,B_BETTER,256,True,False,False,0.00018874998204410076,0.4,0.6796858875495522,True,True,True,False
87489da8b8244ec77bef,representation,representation_disagreement,3870,161244840,16,5000,0.4,0.05,rbf,median,anytime,bonferroni,3,2,False,B_BETTER,288,True,False,False,0.00018666702089831233,0.4,0.6458901399180805,True,True,True,False
5aaf143e11b2d45cba6b,representation,representation_disagreement,3871,1832619124,16,5000,0.4,0.05,rbf,median,anytime,bonferroni,3,2,False,B_BETTER,224,True,False,False,0.00017929199384525418,0.4,0.7200353639175696,True,True,True,False
5742930007c7cde549fc,representation,representation_disagreement,3872,2948539530,16,5000,0.4,0.05,rbf,median,anytime,bonferroni,3,2,False,B_BETTER,288,True,False,False,0.0001817920128814876,0.4,0.6458901399180805,True,True,True,False
9cbfe89739e554bfddb3,representation,representation_disagreement,3873,1911278528,16,5000,0.4,0.05,rbf,median,anytime,bonferroni,3,2,False,B_BETTER,256,True,False,False,0.0001772079849615693,0.4,0.6796858875495522,True,True,True,False
2d02c5297a8e4c02fd29,representation,representation_disagreement,3874,1042129874,16,5000,0.4,0.05,rbf,median,anytime,bonferroni,3,2,False,B_BETTER,240,True,False,False,0.0001799999736249447,0.4,0.6989114228795754,True,True,True,False
7defd615578f33ce4eb9,representation,representation_disagreement,3875,3007354070,16,5000,0.4,0.05,rbf,median,anytime,bonferroni,3,2,False,B_BETTER,192,True,False,False,0.00017716595903038979,0.4,0.7694441991638783,True,True,True,False
f26a61477375ea478fe7,representation,representation_disagreement,3876,1191491788,16,5000,0.4,0.05,rbf,median,anytime,bonferroni,3,2,False,B_BETTER,240,True,False,False,0.00020283396588638425,0.4,0.6989114228795754,True,True,True,False
d552e3d8998fde7ed412,representation,representation_disagreement,3877,1376662876,16,5000,0.4,0.05,rbf,median,anytime,bonferroni,3,2,False,B_BETTER,288,True,False,False,0.0002056660014204681,0.4,0.6458901399180805,True,True,True,False
c2b305e06b139547db85,representation,representation_disagreement,3878,3201886298,16,5000,0.4,0.05,rbf,median,anytime,bonferroni,3,2,False,B_BETTER,224,True,False,False,0.0002051249612122774,0.4,0.7200353639175696,True,True,True,False
9e1298b0e21f7c1f5311,representation,representation_disagreement,3879,43463066,16,5000,0.4,0.05,rbf,median,anytime,bonferroni,3,2,False,B_BETTER,320,True,False,False,0.00020662503084167838,0.4,0.6170219115444306,True,True,True,False
9c95b82752d41fa70a97,representation,representation_disagreement,3880,359304401,16,5000,0.4,0.05,rbf,median,anytime,bonferroni,3,2,False,B_BETTER,256,True,False,False,0.00020537502132356167,0.4,0.6796858875495522,True,True,True,False
6814b2d5558aa8e6dc31,representation,representation_disagreement,3881,1049100760,16,5000,0.4,0.05,rbf,median,anytime,bonferroni,3,2,False,B_BETTER,224,True,False,False,0.00020150002092123032,0.4,0.7200353639175696,True,True,True,False
e883a7b8fa6257f393da,representation,representation_disagreement,3882,803188882,16,5000,0.4,0.05,rbf,median,anytime,bonferroni,3,2,False,B_BETTER,240,True,False,False,0.00020687503274530172,0.4,0.6989114228795754,True,True,True,False
722f1c8971a524faa246,representation,representation_disagreement,3883,383181169,16,5000,0.4,0.05,rbf,median,anytime,bonferroni,3,2,False,B_BETTER,240,True,False,False,0.00020291697001084685,0.4,0.6989114228795754,True,True,True,False
128272ef3163b98bce2f,representation,representation_disagreement,3884,2902293234,16,5000,0.4,0.05,rbf,median,anytime,bonferroni,3,2,False,B_BETTER,304,True,False,False,0.0002075409865938127,0.4,0.6309186896508341,True,True,True,False
e2bec69df155907e6d69,representation,representation_disagreement,3885,947192815,16,5000,0.4,0.05,rbf,median,anytime,bonferroni,3,2,False,B_BETTER,208,True,False,False,0.00020220800070092082,0.4,0.7434004973451923,True,True,True,False
43189f0613587541d6ec,representation,representation_disagreement,3886,3987523914,16,5000,0.4,0.05,rbf,median,anytime,bonferroni,3,2,False,B_BETTER,224,True,False,False,0.00020712497644126415,0.4,0.7200353639175696,True,True,True,False
f86ddd5725eb087e6d56,representation,representation_disagreement,3887,512607210,16,5000,0.4,0.05,rbf,median,anytime,bonferroni,3,2,False,B_BETTER,208,True,False,False,0.0002009579911828041,0.4,0.7434004973451923,True,True,True,False
0f6fe40009b9732f32dd,representation,representation_disagreement,3888,2328139859,16,5000,0.4,0.05,rbf,median,anytime,bonferroni,3,2,False,B_BETTER,240,True,False,False,0.00020362500799819827,0.4,0.6989114228795754,True,True,True,False
1e047b6e329179c7e21a,representation,representation_disagreement,3889,721874212,16,5000,0.4,0.05,rbf,median,anytime,bonferroni,3,2,False,B_BETTER,240,True,False,False,0.00020420801592990756,0.4,0.6989114228795754,True,True,True,False
6fde7cd7b5cd6f4a3aba,representation,representation_disagreement,3890,3155565802,16,5000,0.4,0.05,rbf,median,anytime,bonferroni,3,2,False,B_BETTER,256,True,False,False,0.00020841596415266395,0.4,0.6796858875495522,True,True,True,False
15639fea8f6285c76fd5,representation,representation_disagreement,3891,1332228996,16,5000,0.4,0.05,rbf,median,anytime,bonferroni,3,2,False,B_BETTER,240,True,False,False,0.00020179199054837227,0.4,0.6989114228795754,True,True,True,False
9722c8904a0bbe091858,representation,representation_disagreement,3892,914600091,16,5000,0.4,0.05,rbf,median,anytime,bonferroni,3,2,False,B_BETTER,240,True,False,False,0.00020379101624712348,0.4,0.6989114228795754,True,True,True,False
08546a71d0ac15b82be0,representation,representation_disagreement,3893,518364013,16,5000,0.4,0.05,rbf,median,anytime,bonferroni,3,2,False,B_BETTER,208,True,False,False,0.00020195799879729748,0.4,0.7434004973451924,True,True,True,False
3ba82555885de5c750c9,representation,representation_disagreement,3894,205848463,16,5000,0.4,0.05,rbf,median,anytime,bonferroni,3,2,False,B_BETTER,272,True,False,False,0.00020708399824798107,0.4,0.6620856821127258,True,True,True,False
13436a1a297cc46a40cd,representation,representation_disagreement,3895,3768370083,16,5000,0.4,0.05,rbf,median,anytime,bonferroni,3,2,False,B_BETTER,304,True,False,False,0.0002060839906334877,0.4,0.6309186896508341,True,True,True,False
fedc9d6b62a761f573f7,representation,representation_disagreement,3896,2027313684,16,5000,0.4,0.05,rbf,median,anytime,bonferroni,3,2,False,B_BETTER,208,True,False,False,0.00020162499276921153,0.4,0.7434004973451923,True,True,True,False
fac16dd2f6d2dee7812c,representation,representation_disagreement,3897,2609142197,16,5000,0.4,0.05,rbf,median,anytime,bonferroni,3,2,False,B_BETTER,256,True,False,False,0.00020462501561269164,0.4,0.6796858875495522,True,True,True,False
676526f62f1febaf90e8,representation,representation_disagreement,3898,1976011929,16,5000,0.4,0.05,rbf,median,anytime,bonferroni,3,2,False,B_BETTER,240,True,False,False,0.0002051659976132214,0.4,0.6989114228795754,True,True,True,False
76ca98af66e67753d596,representation,representation_disagreement,3899,3555658605,16,5000,0.4,0.05,rbf,median,anytime,bonferroni,3,2,False,B_BETTER,272,True,False,False,0.0002043339773081243,0.4,0.6620856821127257,True,True,True,False
69239daa3a962d8900eb,representation,representation_disagreement,3900,520093644,16,5000,0.4,0.05,rbf,median,anytime,bonferroni,3,2,False,B_BETTER,304,True,False,False,0.0002049169852398336,0.4,0.6309186896508341,True,True,True,False
dcdb2804a891fec31d53,representation,representation_disagreement,3901,582472303,16,5000,0.4,0.05,rbf,median,anytime,bonferroni,3,2,False,B_BETTER,240,True,False,False,0.00020329200197011232,0.4,0.6989114228795754,True,True,True,False
1958a0a00e8d566f3b86,representation,representation_disagreement,3902,2310389758,16,5000,0.4,0.05,rbf,median,anytime,bonferroni,3,2,False,B_BETTER,304,True,False,False,0.00020945799769833684,0.4,0.6309186896508341,True,True,True,False
5b7705613fe788d4d4b3,representation,representation_disagreement,3903,1258397977,16,5000,0.4,0.05,rbf,median,anytime,bonferroni,3,2,False,B_BETTER,256,True,False,False,0.0002044169814325869,0.4,0.6796858875495522,True,True,True,False
32e4883fc2ac409d4738,representation,representation_disagreement,3904,3352809350,16,5000,0.4,0.05,rbf,median,anytime,bonferroni,3,2,False,B_BETTER,288,True,False,False,0.00020591600332409143,0.4,0.6458901399180805,True,True,True,False
3606a88e76a17b78e8d8,representation,representation_disagreement,3905,2013241833,16,5000,0.4,0.05,rbf,median,anytime,bonferroni,3,2,False,B_BETTER,224,True,False,False,0.0002027080045081675,0.4,0.7200353639175696,True,True,True,False
6abec4b7d71ed2d774cf,representation,representation_disagreement,3906,3965741344,16,5000,0.4,0.05,rbf,median,anytime,bonferroni,3,2,False,B_BETTER,320,True,False,False,0.0002092499635182321,0.4,0.6170219115444305,True,True,True,False
a45cffc513865207b80b,representation,representation_disagreement,3907,39233703,16,5000,0.4,0.05,rbf,median,anytime,bonferroni,3,2,False,B_BETTER,224,True,False,False,0.0002025839639827609,0.4,0.7200353639175696,True,True,True,False
ba46bb16e4ef17e027a3,representation,representation_disagreement,3908,1552582026,16,5000,0.4,0.05,rbf,median,anytime,bonferroni,3,2,False,B_BETTER,240,True,False,False,0.00020229199435561895,0.4,0.6989114228795754,True,True,True,False
3a30f2994ea9e18e670f,representation,representation_disagreement,3909,1465331257,16,5000,0.4,0.05,rbf,median,anytime,bonferroni,3,2,False,B_BETTER,256,True,False,False,0.000203792005777359,0.4,0.6796858875495522,True,True,True,False
a80db4e0bad37edf9a34,representation,representation_disagreement,3910,151339094,16,5000,0.4,0.05,rbf,median,anytime,bonferroni,3,2,False,B_BETTER,224,True,False,False,0.0002055829972960055,0.4,0.7200353639175696,True,True,True,False
2027fc4f229f144c5f4d,representation,representation_disagreement,3911,4257798185,16,5000,0.4,0.05,rbf,median,anytime,bonferroni,3,2,False,B_BETTER,272,True,False,False,0.00020283303456380963,0.4,0.6620856821127259,True,True,True,False
f576e771181906222bcf,representation,representation_disagreement,3912,3715583823,16,5000,0.4,0.05,rbf,median,anytime,bonferroni,3,2,False,B_BETTER,304,True,False,False,0.00020524999126791954,0.4,0.6309186896508341,True,True,True,False
ea287f9f301b9f88eb83,representation,representation_disagreement,3913,505180077,16,5000,0.4,0.05,rbf,median,anytime,bonferroni,3,2,False,B_BETTER,272,True,False,False,0.0002067500026896596,0.4,0.6620856821127257,True,True,True,False
1cdafe04aca5ee70cfa9,representation,representation_disagreement,3914,924215781,16,5000,0.4,0.05,rbf,median,anytime,bonferroni,3,2,False,B_BETTER,288,True,False,False,0.00020958296954631805,0.4,0.6458901399180805,True,True,True,False
0010e0453780c56d8ff0,representation,representation_disagreement,3915,498396153,16,5000,0.4,0.05,rbf,median,anytime,bonferroni,3,2,False,B_BETTER,288,True,False,False,0.00020524999126791954,0.4,0.6458901399180805,True,True,True,False
4bb14c1c3197bdb61b06,representation,representation_disagreement,3916,2975661683,16,5000,0.4,0.05,rbf,median,anytime,bonferroni,3,2,False,B_BETTER,256,True,False,False,0.0002044999855570495,0.4,0.6796858875495522,True,True,True,False
b10af68352b04f3442f4,representation,representation_disagreement,3917,2696441081,16,5000,0.4,0.05,rbf,median,anytime,bonferroni,3,2,False,B_BETTER,272,True,False,False,0.0002049589529633522,0.4,0.6620856821127258,True,True,True,False
8b4ec0ee7f93e71a0b73,representation,representation_disagreement,3918,2206219761,16,5000,0.4,0.05,rbf,median,anytime,bonferroni,3,2,False,B_BETTER,240,True,False,False,0.00020766700617969036,0.4,0.6989114228795754,True,True,True,False
77d67aa657e05ede4e3c,representation,representation_disagreement,3919,2276817221,16,5000,0.4,0.05,rbf,median,anytime,bonferroni,3,2,False,B_BETTER,240,True,False,False,0.00020383403170853853,0.4,0.6989114228795754,True,True,True,False
cff6380f123d41312ddf,representation,representation_disagreement,3920,3739988803,16,5000,0.4,0.05,rbf,median,anytime,bonferroni,3,2,False,B_BETTER,240,True,False,False,0.00020287500228732824,0.4,0.6989114228795754,True,True,True,False
c44b10a945aee340369d,representation,representation_disagreement,3921,3970686927,16,5000,0.4,0.05,rbf,median,anytime,bonferroni,3,2,False,B_BETTER,272,True,False,False,0.00020591705106198788,0.4,0.6620856821127257,True,True,True,False
6f074eb7b384d659ccbb,representation,representation_disagreement,3922,2673305536,16,5000,0.4,0.05,rbf,median,anytime,bonferroni,3,2,False,B_BETTER,272,True,False,False,0.00020891602616757154,0.4,0.6620856821127259,True,True,True,False
b61224649cecb956301b,representation,representation_disagreement,3923,280448227,16,5000,0.4,0.05,rbf,median,anytime,bonferroni,3,2,False,B_BETTER,208,True,False,False,0.0002015409991145134,0.4,0.7434004973451923,True,True,True,False
01f5a9688370f62fef29,representation,representation_disagreement,3924,318444370,16,5000,0.4,0.05,rbf,median,anytime,bonferroni,3,2,False,B_BETTER,256,True,False,False,0.00020362500799819827,0.4,0.6796858875495522,True,True,True,False
a5714cea3f58e477badb,representation,representation_disagreement,3925,1956077980,16,5000,0.4,0.05,rbf,median,anytime,bonferroni,3,2,False,B_BETTER,240,True,False,False,0.00020358298206701875,0.4,0.6989114228795754,True,True,True,False
ef33c6088b0e31c81cc8,representation,representation_disagreement,3926,2848493209,16,5000,0.4,0.05,rbf,median,anytime,bonferroni,3,2,False,B_BETTER,240,True,False,False,0.00020670902449637651,0.4,0.6989114228795754,True,True,True,False
0c6330b38ede3886a245,representation,representation_disagreement,3927,554781407,16,5000,0.4,0.05,rbf,median,anytime,bonferroni,3,2,False,B_BETTER,224,True,False,False,0.00020229199435561895,0.4,0.7200353639175696,True,True,True,False
46d47f32345011478172,representation,representation_disagreement,3928,2107160419,16,5000,0.4,0.05,rbf,median,anytime,bonferroni,3,2,False,B_BETTER,224,True,False,False,0.00020229199435561895,0.4,0.7200353639175696,True,True,True,False
798a0c495450f61e27cc,representation,representation_disagreement,3929,1390490040,16,5000,0.4,0.05,rbf,median,anytime,bonferroni,3,2,False,B_BETTER,240,True,False,False,0.00020225002663210034,0.4,0.6989114228795754,True,True,True,False
b5acfe97e53aef14c529,representation,representation_disagreement,3930,3728974338,16,5000,0.4,0.05,rbf,median,anytime,bonferroni,3,2,False,B_BETTER,224,True,False,False,0.00020537502132356167,0.4,0.7200353639175696,True,True,True,False
4515fe57f259bfb248bd,representation,representation_disagreement,3931,625326640,16,5000,0.4,0.05,rbf,median,anytime,bonferroni,3,2,False,B_BETTER,288,True,False,False,0.00020337500609457493,0.4,0.6458901399180805,True,True,True,False
656fe1f9f13ded406ab6,representation,representation_disagreement,3932,1903884344,16,5000,0.4,0.05,rbf,median,anytime,bonferroni,3,2,False,B_BETTER,304,True,False,False,0.00020591699285432696,0.4,0.6309186896508341,True,True,True,False
eca0bcb8c4bb8b2ea48b,representation,representation_disagreement,3933,527473603,16,5000,0.4,0.05,rbf,median,anytime,bonferroni,3,2,False,B_BETTER,240,True,False,False,0.00020283297635614872,0.4,0.6989114228795754,True,True,True,False
26180b8dbe5b734628f1,representation,representation_disagreement,3934,744737099,16,5000,0.4,0.05,rbf,median,anytime,bonferroni,3,2,False,B_BETTER,240,True,False,False,0.0002056249650195241,0.4,0.6989114228795754,True,True,True,False
81bfe2a543eb265662ea,representation,representation_disagreement,3935,3708213712,16,5000,0.4,0.05,rbf,median,anytime,bonferroni,3,2,False,B_BETTER,224,True,False,False,0.00020195799879729748,0.4,0.7200353639175696,True,True,True,False
778689db518a6fed34d5,representation,representation_disagreement,3936,561634946,16,5000,0.4,0.05,rbf,median,anytime,bonferroni,3,2,False,B_BETTER,256,True,False,False,0.000203792005777359,0.4,0.6796858875495522,True,True,True,False
f735d376c63f8f5eebd8,representation,representation_disagreement,3937,3544493026,16,5000,0.4,0.05,rbf,median,anytime,bonferroni,3,2,False,B_BETTER,272,True,False,False,0.00020450004376471043,0.4,0.6620856821127259,True,True,True,False
b1166fd3101a3c2d28ad,representation,representation_disagreement,3938,758394375,16,5000,0.4,0.05,rbf,median,anytime,bonferroni,3,2,False,B_BETTER,304,True,False,False,0.00020825001411139965,0.4,0.6309186896508341,True,True,True,False
8102b50572751033ad65,representation,representation_disagreement,3939,2236412205,16,5000,0.4,0.05,rbf,median,anytime,bonferroni,3,2,False,B_BETTER,288,True,False,False,0.00020341697381809354,0.4,0.6458901399180805,True,True,True,False
104f345336faceb61b21,representation,representation_disagreement,3940,3181660562,16,5000,0.4,0.05,rbf,median,anytime,bonferroni,3,2,False,B_BETTER,240,True,False,False,0.00020354200387373567,0.4,0.6989114228795754,True,True,True,False
f238c2d5a41af23e6a39,representation,representation_disagreement,3941,3232997306,16,5000,0.4,0.05,rbf,median,anytime,bonferroni,3,2,False,B_BETTER,256,True,False,False,0.00020404101815074682,0.4,0.6796858875495522,True,True,True,False
b4a08784facd8d725b54,representation,representation_disagreement,3942,898433183,16,5000,0.4,0.05,rbf,median,anytime,bonferroni,3,2,False,B_BETTER,208,True,False,False,0.00020574999507516623,0.4,0.7434004973451924,True,True,True,False
b799a3e12ec83d9573a8,representation,representation_disagreement,3943,1402273667,16,5000,0.4,0.05,rbf,median,anytime,bonferroni,3,2,False,B_BETTER,320,True,False,False,0.00020595802925527096,0.4,0.6170219115444304,True,True,True,False
8c0fca9219d7909551a3,representation,representation_disagreement,3944,2092375894,16,5000,0.4,0.05,rbf,median,anytime,bonferroni,3,2,False,B_BETTER,240,True,False,False,0.00020216696429997683,0.4,0.6989114228795754,True,True,True,False
ec83b4ec40a7f53372e1,representation,representation_disagreement,3945,3879813083,16,5000,0.4,0.05,rbf,median,anytime,bonferroni,3,2,False,B_BETTER,272,True,False,False,0.00020299997413530946,0.4,0.6620856821127258,True,True,True,False
5c10b7ef4aaef3678cbf,representation,representation_disagreement,3946,1199326978,16,5000,0.4,0.05,rbf,median,anytime,bonferroni,3,2,False,B_BETTER,240,True,False,False,0.0002067500026896596,0.4,0.6989114228795754,True,True,True,False
c4fe038c3c468c8dc4d3,representation,representation_disagreement,3947,3309789921,16,5000,0.4,0.05,rbf,median,anytime,bonferroni,3,2,False,B_BETTER,240,True,False,False,0.00020241696620360017,0.4,0.6989114228795754,True,True,True,False
3b7a4a7202e59e700993,representation,representation_disagreement,3948,1928717844,16,5000,0.4,0.05,rbf,median,anytime,bonferroni,3,2,False,B_BETTER,272,True,False,False,0.00020304200006648898,0.4,0.6620856821127258,True,True,True,False
d2e4bc7f2c13fcf46914,representation,representation_disagreement,3949,114247197,16,5000,0.4,0.05,rbf,median,anytime,bonferroni,3,2,False,B_BETTER,272,True,False,False,0.00020362500799819827,0.4,0.6620856821127258,True,True,True,False
1a0f179109113c24c3db,representation,representation_disagreement,3950,2929866173,16,5000,0.4,0.05,rbf,median,anytime,bonferroni,3,2,False,B_BETTER,304,True,False,False,0.000210291997063905,0.4,0.6309186896508341,True,True,True,False
3b54b4a6d8d9474916c3,representation,representation_disagreement,3951,4186637337,16,5000,0.4,0.05,rbf,median,anytime,bonferroni,3,2,False,B_BETTER,240,True,False,False,0.00020187499467283487,0.4,0.6989114228795754,True,True,True,False
0ca96c7468149bae813b,representation,representation_disagreement,3952,3390515866,16,5000,0.4,0.05,rbf,median,anytime,bonferroni,3,2,False,B_BETTER,224,True,False,False,0.00020133302314206958,0.4,0.7200353639175696,True,True,True,False
632215e2ae6595d8f133,representation,representation_disagreement,3953,168936626,16,5000,0.4,0.05,rbf,median,anytime,bonferroni,3,2,False,B_BETTER,304,True,False,False,0.0002044169814325869,0.4,0.6309186896508341,True,True,True,False
46851274889e28c886fa,representation,representation_disagreement,3954,2512980200,16,5000,0.4,0.05,rbf,median,anytime,bonferroni,3,2,False,B_BETTER,256,True,False,False,0.00020633399253711104,0.4,0.6796858875495522,True,True,True,False
ff348512e6a84529939b,representation,representation_disagreement,3955,1942641567,16,5000,0.4,0.05,rbf,median,anytime,bonferroni,3,2,False,B_BETTER,240,True,False,False,0.00020308297825977206,0.4,0.6989114228795754,True,True,True,False
9fad02531f992ed27bbf,representation,representation_disagreement,3956,576778886,16,5000,0.4,0.05,rbf,median,anytime,bonferroni,3,2,False,B_BETTER,288,True,False,False,0.00020520901307463646,0.4,0.6458901399180805,True,True,True,False
ae2b969fdc52129f5aaa,representation,representation_disagreement,3957,2973708303,16,5000,0.4,0.05,rbf,median,anytime,bonferroni,3,2,False,B_BETTER,256,True,False,False,0.00020508398301899433,0.4,0.6796858875495522,True,True,True,False
d7fe0dc2a5fcf5d5f8cf,representation,representation_disagreement,3958,2699033677,16,5000,0.4,0.05,rbf,median,anytime,bonferroni,3,2,False,B_BETTER,256,True,False,False,0.00020524999126791954,0.4,0.6796858875495522,True,True,True,False
073231edc67787d2aa40,representation,representation_disagreement,3959,1693716731,16,5000,0.4,0.05,rbf,median,anytime,bonferroni,3,2,False,B_BETTER,240,True,False,False,0.00020270899403840303,0.4,0.6989114228795754,True,True,True,False
640f752f1ae36fa8da64,representation,representation_disagreement,3960,1448302323,16,5000,0.4,0.05,rbf,median,anytime,bonferroni,3,2,False,B_BETTER,256,True,False,False,0.00020308297825977206,0.4,0.6796858875495522,True,True,True,False
faeb3565f3fcbcf15562,representation,representation_disagreement,3961,1302777616,16,5000,0.4,0.05,rbf,median,anytime,bonferroni,3,2,False,B_BETTER,288,True,False,False,0.00020483299158513546,0.4,0.6458901399180805,True,True,True,False
43cd505df3f121b3fe07,representation,representation_disagreement,3962,2578379781,16,5000,0.4,0.05,rbf,median,anytime,bonferroni,3,2,False,B_BETTER,240,True,False,False,0.0002054170472547412,0.4,0.6989114228795754,True,True,True,False
e41c8c75b33a8b70de62,representation,representation_disagreement,3963,1997230197,16,5000,0.4,0.05,rbf,median,anytime,bonferroni,3,2,False,B_BETTER,272,True,False,False,0.00020374997984617949,0.4,0.6620856821127257,True,True,True,False
6050d71c09d2e61a1e65,representation,representation_disagreement,3964,864573500,16,5000,0.4,0.05,rbf,median,anytime,bonferroni,3,2,False,B_BETTER,288,True,False,False,0.00020408298587426543,0.4,0.6458901399180805,True,True,True,False
30eee74d0b5a111ff5f9,representation,representation_disagreement,3965,4283098830,16,5000,0.4,0.05,rbf,median,anytime,bonferroni,3,2,False,B_BETTER,272,True,False,False,0.00020412495359778404,0.4,0.6620856821127258,True,True,True,False
2ba3e613a119fd1bcfd8,representation,representation_disagreement,3966,799050829,16,5000,0.4,0.05,rbf,median,anytime,bonferroni,3,2,False,B_BETTER,272,True,False,False,0.000206666998565197,0.4,0.6620856821127258,True,True,True,False
e0b858fabca4c8814a48,representation,representation_disagreement,3967,1034505280,16,5000,0.4,0.05,rbf,median,anytime,bonferroni,3,2,False,B_BETTER,256,True,False,False,0.0002056249650195241,0.4,0.6796858875495522,True,True,True,False
e5121111f4b626a065ca,representation,representation_disagreement,3968,2685382188,16,5000,0.4,0.05,rbf,median,anytime,bonferroni,3,2,False,B_BETTER,272,True,False,False,0.0002039159880951047,0.4,0.6620856821127258,True,True,True,False
aea10c74ac76c500a22a,representation,representation_disagreement,3969,3101046951,16,5000,0.4,0.05,rbf,median,anytime,bonferroni,3,2,False,B_BETTER,240,True,False,False,0.00020225002663210034,0.4,0.6989114228795754,True,True,True,False
5cc1e87aa96dd5c9f13c,representation,representation_disagreement,3970,1159705753,16,5000,0.4,0.05,rbf,median,anytime,bonferroni,3,2,False,B_BETTER,304,True,False,False,0.00020875001791864634,0.4,0.6309186896508341,True,True,True,False
b06ee5d1c537750caedb,representation,representation_disagreement,3971,1284791585,16,5000,0.4,0.05,rbf,median,anytime,bonferroni,3,2,False,B_BETTER,224,True,False,False,0.0002012090408243239,0.4,0.7200353639175696,True,True,True,False
b10a205981eb88dd020e,representation,representation_disagreement,3972,3647168880,16,5000,0.4,0.05,rbf,median,anytime,bonferroni,3,2,False,B_BETTER,224,True,False,False,0.00020070798927918077,0.4,0.7200353639175696,True,True,True,False
89e23a22fd4cb0c125cb,representation,representation_disagreement,3973,3531528224,16,5000,0.4,0.05,rbf,median,anytime,bonferroni,3,2,False,B_BETTER,304,True,False,False,0.0002060420229099691,0.4,0.6309186896508341,True,True,True,False
d83a98930597d65d23b1,representation,representation_disagreement,3974,3978719234,16,5000,0.4,0.05,rbf,median,anytime,bonferroni,3,2,False,B_BETTER,192,True,False,False,0.00020583398872986436,0.4,0.7694441991638782,True,True,True,False
ef3e54312df6bcd0b93b,representation,representation_disagreement,3975,2023174281,16,5000,0.4,0.05,rbf,median,anytime,bonferroni,3,2,False,B_BETTER,256,True,False,False,0.00020354200387373567,0.4,0.6796858875495522,True,True,True,False
97087cb207c5ad70c669,representation,representation_disagreement,3976,1111250116,16,5000,0.4,0.05,rbf,median,anytime,bonferroni,3,2,False,B_BETTER,256,True,False,False,0.0002043750137090683,0.4,0.6796858875495522,True,True,True,False
bc51d604440c6431af87,representation,representation_disagreement,3977,706954577,16,5000,0.4,0.05,rbf,median,anytime,bonferroni,3,2,False,B_BETTER,240,True,False,False,0.00020362500799819827,0.4,0.6989114228795754,True,True,True,False
5dd2f6f0db17acb57e74,representation,representation_disagreement,3978,651142901,16,5000,0.4,0.05,rbf,median,anytime,bonferroni,3,2,False,B_BETTER,272,True,False,False,0.00020766700617969036,0.4,0.6620856821127258,True,True,True,False
7efdbc801281d27b4f72,representation,representation_disagreement,3979,1347411549,16,5000,0.4,0.05,rbf,median,anytime,bonferroni,3,2,False,B_BETTER,288,True,False,False,0.0002049169852398336,0.4,0.6458901399180805,True,True,True,False
628fead54e1576fbdfe4,representation,representation_disagreement,3980,3806309592,16,5000,0.4,0.05,rbf,median,anytime,bonferroni,3,2,False,B_BETTER,288,True,False,False,0.00020458397921174765,0.4,0.6458901399180805,True,True,True,False
ddd2e054d21c01c7279e,representation,representation_disagreement,3981,2783127341,16,5000,0.4,0.05,rbf,median,anytime,bonferroni,3,2,False,B_BETTER,240,True,False,False,0.00020274997223168612,0.4,0.6989114228795754,True,True,True,False
891c06bf8fd93b88ae3f,representation,representation_disagreement,3982,1282523336,16,5000,0.4,0.05,rbf,median,anytime,bonferroni,3,2,False,B_BETTER,176,True,False,False,0.0002032499760389328,0.4,0.7987351700636655,True,True,True,False
afe33d5435f3797e6981,representation,representation_disagreement,3983,3282112688,16,5000,0.4,0.05,rbf,median,anytime,bonferroni,3,2,False,B_BETTER,256,True,False,False,0.00020295800641179085,0.4,0.6796858875495522,True,True,True,False
3ceff567f67a00a34fac,representation,representation_disagreement,3984,965268376,16,5000,0.4,0.05,rbf,median,anytime,bonferroni,3,2,False,B_BETTER,272,True,False,False,0.00020416604820638895,0.4,0.6620856821127258,True,True,True,False
dd09221e49b0f88d701f,representation,representation_disagreement,3985,4073212090,16,5000,0.4,0.05,rbf,median,anytime,bonferroni,3,2,False,B_BETTER,240,True,False,False,0.000202000024728477,0.4,0.6989114228795754,True,True,True,False
ce11d8abc4114dc885dc,representation,representation_disagreement,3986,1820031304,16,5000,0.4,0.05,rbf,median,anytime,bonferroni,3,2,False,B_BETTER,256,True,False,False,0.00020637497073039412,0.4,0.6796858875495522,True,True,True,False
f867b5062bebb987ff59,representation,representation_disagreement,3987,1225834303,16,5000,0.4,0.05,rbf,median,anytime,bonferroni,3,2,False,B_BETTER,240,True,False,False,0.00020095804939046502,0.4,0.6989114228795754,True,True,True,False
c4ea7643f0b736c5bc3c,representation,representation_disagreement,3988,548047315,16,5000,0.4,0.05,rbf,median,anytime,bonferroni,3,2,False,B_BETTER,240,True,False,False,0.00020229100482538342,0.4,0.6989114228795754,True,True,True,False
4f93dc9ab876e4010d34,representation,representation_disagreement,3989,402098894,16,5000,0.4,0.05,rbf,median,anytime,bonferroni,3,2,False,B_BETTER,208,True,False,False,0.0001942919916473329,0.4,0.7434004973451922,True,True,True,False
4f95f32be8db2b1b7247,representation,representation_disagreement,3990,4100340125,16,5000,0.4,0.05,rbf,median,anytime,bonferroni,3,2,False,B_BETTER,256,True,False,False,0.00017812498845160007,0.4,0.6796858875495522,True,True,True,False
f861b44a0856ba9be98b,representation,representation_disagreement,3991,2193624009,16,5000,0.4,0.05,rbf,median,anytime,bonferroni,3,2,False,B_BETTER,208,True,False,False,0.00017304200446233153,0.4,0.7434004973451924,True,True,True,False
eec8f422cfc1562446b3,representation,representation_disagreement,3992,1842315198,16,5000,0.4,0.05,rbf,median,anytime,bonferroni,3,2,False,B_BETTER,224,True,False,False,0.00017399998614564538,0.4,0.7200353639175696,True,True,True,False
35485fccf4507e53a2ff,representation,representation_disagreement,3993,4057737958,16,5000,0.4,0.05,rbf,median,anytime,bonferroni,3,2,False,B_BETTER,224,True,False,False,0.00017545802984386683,0.4,0.7200353639175696,True,True,True,False
1172c5c81b4f18b92e06,representation,representation_disagreement,3994,2904529638,16,5000,0.4,0.05,rbf,median,anytime,bonferroni,3,2,False,B_BETTER,240,True,False,False,0.00017783301882445812,0.4,0.6989114228795754,True,True,True,False
326cbb1a8429775e1e45,representation,representation_disagreement,3995,662898209,16,5000,0.4,0.05,rbf,median,anytime,bonferroni,3,2,False,B_BETTER,224,True,False,False,0.0001745420158840716,0.4,0.7200353639175696,True,True,True,False
010e014a5c6a57cf6abf,representation,representation_disagreement,3996,2072532467,16,5000,0.4,0.05,rbf,median,anytime,bonferroni,3,2,False,B_BETTER,208,True,False,False,0.00017399998614564538,0.4,0.7434004973451922,True,True,True,False
750cf951acf7c27e3cf7,representation,representation_disagreement,3997,2733735620,16,5000,0.4,0.05,rbf,median,anytime,bonferroni,3,2,False,B_BETTER,256,True,False,False,0.00017499999376013875,0.4,0.6796858875495522,True,True,True,False
b47677a4576a5994a415,representation,representation_disagreement,3998,474681031,16,5000,0.4,0.05,rbf,median,anytime,bonferroni,3,2,False,B_BETTER,256,True,False,False,0.00017866701819002628,0.4,0.6796858875495522,True,True,True,False
71f12f7b165e1d076e7b,representation,representation_disagreement,3999,885461324,16,5000,0.4,0.05,rbf,median,anytime,bonferroni,3,2,False,B_BETTER,224,True,False,False,0.00017424998804926872,0.4,0.7200353639175696,True,True,True,False
